file_name,file_origin,file_length,file_type
EFTA01384707.pdf,data-set-10-files-9,1,other
EFTA01384708.pdf,data-set-10-files-9,1,other
EFTA01384709.pdf,data-set-10-files-9,1,other
EFTA01384710.pdf,data-set-10-files-9,1,other
EFTA01384711.pdf,data-set-10-files-9,1,other
EFTA01384712.pdf,data-set-10-files-9,1,other
EFTA01384713.pdf,data-set-10-files-9,1,other
EFTA01384714.pdf,data-set-10-files-9,1,email
EFTA01384715.pdf,data-set-10-files-9,1,other
EFTA01384716.pdf,data-set-10-files-9,1,other
EFTA01384717.pdf,data-set-10-files-9,1,other
EFTA01384718.pdf,data-set-10-files-9,1,other
EFTA01384719.pdf,data-set-10-files-9,1,other
EFTA01384720.pdf,data-set-10-files-9,1,other
EFTA01384721.pdf,data-set-10-files-9,1,other
EFTA01384722.pdf,data-set-10-files-9,1,other
EFTA01384723.pdf,data-set-10-files-9,1,other
EFTA01384724.pdf,data-set-10-files-9,1,other
EFTA01384725.pdf,data-set-10-files-9,1,other
EFTA01384726.pdf,data-set-10-files-9,1,other
EFTA01384727.pdf,data-set-10-files-9,1,other
EFTA01384728.pdf,data-set-10-files-9,1,other
EFTA01384729.pdf,data-set-10-files-9,1,other
EFTA01384730.pdf,data-set-10-files-9,1,other
EFTA01384731.pdf,data-set-10-files-9,1,other
EFTA01384732.pdf,data-set-10-files-9,1,other
EFTA01384733.pdf,data-set-10-files-9,1,other
EFTA01384734.pdf,data-set-10-files-9,1,other
EFTA01384735.pdf,data-set-10-files-9,1,other
EFTA01384736.pdf,data-set-10-files-9,1,other
EFTA01384737.pdf,data-set-10-files-9,1,other
EFTA01384738.pdf,data-set-10-files-9,1,other
EFTA01384739.pdf,data-set-10-files-9,1,other
EFTA01384740.pdf,data-set-10-files-9,1,other
EFTA01384741.pdf,data-set-10-files-9,1,other
EFTA01384742.pdf,data-set-10-files-9,1,other
EFTA01384743.pdf,data-set-10-files-9,1,other
EFTA01384744.pdf,data-set-10-files-9,1,other
EFTA01384745.pdf,data-set-10-files-9,1,other
EFTA01384746.pdf,data-set-10-files-9,1,other
EFTA01384747.pdf,data-set-10-files-9,1,other
EFTA01384748.pdf,data-set-10-files-9,1,email
EFTA01384749.pdf,data-set-10-files-9,1,other
EFTA01384750.pdf,data-set-10-files-9,1,email
EFTA01384751.pdf,data-set-10-files-9,1,other
EFTA01384752.pdf,data-set-10-files-9,1,other
EFTA01384753.pdf,data-set-10-files-9,1,other
EFTA01384754.pdf,data-set-10-files-9,1,other
EFTA01384755.pdf,data-set-10-files-9,1,email
EFTA01384756.pdf,data-set-10-files-9,1,email
EFTA01384757.pdf,data-set-10-files-9,1,other
EFTA01384758.pdf,data-set-10-files-9,1,email
EFTA01384759.pdf,data-set-10-files-9,1,email
EFTA01384760.pdf,data-set-10-files-9,1,email
EFTA01384761.pdf,data-set-10-files-9,1,email
EFTA01384762.pdf,data-set-10-files-9,1,email
EFTA01384763.pdf,data-set-10-files-9,1,other
EFTA01384764.pdf,data-set-10-files-9,1,email
EFTA01384765.pdf,data-set-10-files-9,1,other
EFTA01384766.pdf,data-set-10-files-9,1,other
EFTA01384767.pdf,data-set-10-files-9,1,other
EFTA01384768.pdf,data-set-10-files-9,1,email
EFTA01384769.pdf,data-set-10-files-9,1,other
EFTA01384770.pdf,data-set-10-files-9,1,other
EFTA01384771.pdf,data-set-10-files-9,1,email
EFTA01384772.pdf,data-set-10-files-9,1,other
EFTA01384773.pdf,data-set-10-files-9,1,email
EFTA01384774.pdf,data-set-10-files-9,1,other
EFTA01384775.pdf,data-set-10-files-9,1,email
EFTA01384776.pdf,data-set-10-files-9,1,other
EFTA01384777.pdf,data-set-10-files-9,1,other
EFTA01384778.pdf,data-set-10-files-9,1,email
EFTA01384779.pdf,data-set-10-files-9,1,other
EFTA01384780.pdf,data-set-10-files-9,1,email
EFTA01384781.pdf,data-set-10-files-9,1,email
EFTA01384782.pdf,data-set-10-files-9,1,email
EFTA01384783.pdf,data-set-10-files-9,1,other
EFTA01384784.pdf,data-set-10-files-9,1,email
EFTA01384785.pdf,data-set-10-files-9,1,other
EFTA01384786.pdf,data-set-10-files-9,1,other
EFTA01384787.pdf,data-set-10-files-9,1,email
EFTA01384788.pdf,data-set-10-files-9,1,email
EFTA01384789.pdf,data-set-10-files-9,1,other
EFTA01384790.pdf,data-set-10-files-9,1,other
EFTA01384791.pdf,data-set-10-files-9,1,other
EFTA01384792.pdf,data-set-10-files-9,1,other
EFTA01384793.pdf,data-set-10-files-9,1,other
EFTA01384794.pdf,data-set-10-files-9,1,other
EFTA01384795.pdf,data-set-10-files-9,1,other
EFTA01384796.pdf,data-set-10-files-9,1,other
EFTA01384797.pdf,data-set-10-files-9,1,other
EFTA01384798.pdf,data-set-10-files-9,1,other
EFTA01384799.pdf,data-set-10-files-9,1,other
EFTA01384800.pdf,data-set-10-files-9,1,email
EFTA01384801.pdf,data-set-10-files-9,1,email
EFTA01384802.pdf,data-set-10-files-9,1,email
EFTA01384803.pdf,data-set-10-files-9,1,email
EFTA01384804.pdf,data-set-10-files-9,1,other
EFTA01384805.pdf,data-set-10-files-9,1,other
EFTA01384806.pdf,data-set-10-files-9,1,other
EFTA01384807.pdf,data-set-10-files-9,1,email
EFTA01384808.pdf,data-set-10-files-9,1,email
EFTA01384809.pdf,data-set-10-files-9,1,other
EFTA01384810.pdf,data-set-10-files-9,1,email
EFTA01384811.pdf,data-set-10-files-9,1,email
EFTA01384812.pdf,data-set-10-files-9,1,email
EFTA01384813.pdf,data-set-10-files-9,1,other
EFTA01384814.pdf,data-set-10-files-9,1,other
EFTA01384815.pdf,data-set-10-files-9,1,email
EFTA01384816.pdf,data-set-10-files-9,1,other
EFTA01384817.pdf,data-set-10-files-9,1,email
EFTA01384818.pdf,data-set-10-files-9,1,email
EFTA01384819.pdf,data-set-10-files-9,1,other
EFTA01384820.pdf,data-set-10-files-9,1,email
EFTA01384821.pdf,data-set-10-files-9,1,other
EFTA01384822.pdf,data-set-10-files-9,1,email
EFTA01384823.pdf,data-set-10-files-9,1,email
EFTA01384824.pdf,data-set-10-files-9,1,other
EFTA01384825.pdf,data-set-10-files-9,1,email
EFTA01384826.pdf,data-set-10-files-9,1,email
EFTA01384827.pdf,data-set-10-files-9,1,other
EFTA01384828.pdf,data-set-10-files-9,1,email
EFTA01384829.pdf,data-set-10-files-9,1,email
EFTA01384830.pdf,data-set-10-files-9,1,other
EFTA01384831.pdf,data-set-10-files-9,1,other
EFTA01384832.pdf,data-set-10-files-9,1,email
EFTA01384833.pdf,data-set-10-files-9,1,other
EFTA01384834.pdf,data-set-10-files-9,1,other
EFTA01384835.pdf,data-set-10-files-9,1,other
EFTA01384836.pdf,data-set-10-files-9,1,other
EFTA01384837.pdf,data-set-10-files-9,1,other
EFTA01384838.pdf,data-set-10-files-9,1,other
EFTA01384839.pdf,data-set-10-files-9,1,email
EFTA01384840.pdf,data-set-10-files-9,1,other
EFTA01384841.pdf,data-set-10-files-9,1,other
EFTA01384842.pdf,data-set-10-files-9,1,other
EFTA01384843.pdf,data-set-10-files-9,1,email
EFTA01384844.pdf,data-set-10-files-9,1,other
EFTA01384845.pdf,data-set-10-files-9,1,email
EFTA01384846.pdf,data-set-10-files-9,1,other
EFTA01384847.pdf,data-set-10-files-9,1,other
EFTA01384848.pdf,data-set-10-files-9,1,email
EFTA01384849.pdf,data-set-10-files-9,1,email
EFTA01384850.pdf,data-set-10-files-9,1,email
EFTA01384851.pdf,data-set-10-files-9,1,email
EFTA01384852.pdf,data-set-10-files-9,1,email
EFTA01384853.pdf,data-set-10-files-9,1,other
EFTA01384854.pdf,data-set-10-files-9,1,email
EFTA01384855.pdf,data-set-10-files-9,1,other
EFTA01384856.pdf,data-set-10-files-9,1,email
EFTA01384857.pdf,data-set-10-files-9,1,other
EFTA01384858.pdf,data-set-10-files-9,1,email
EFTA01384859.pdf,data-set-10-files-9,1,email
EFTA01384860.pdf,data-set-10-files-9,1,other
EFTA01384861.pdf,data-set-10-files-9,1,email
EFTA01384862.pdf,data-set-10-files-9,1,email
EFTA01384863.pdf,data-set-10-files-9,1,other
EFTA01384864.pdf,data-set-10-files-9,1,email
EFTA01384865.pdf,data-set-10-files-9,1,email
EFTA01384866.pdf,data-set-10-files-9,1,other
EFTA01384867.pdf,data-set-10-files-9,1,email
EFTA01384868.pdf,data-set-10-files-9,1,other
EFTA01384869.pdf,data-set-10-files-9,1,other
EFTA01384870.pdf,data-set-10-files-9,1,email
EFTA01384871.pdf,data-set-10-files-9,1,other
EFTA01384872.pdf,data-set-10-files-9,1,email
EFTA01384873.pdf,data-set-10-files-9,1,email
EFTA01384874.pdf,data-set-10-files-9,1,other
EFTA01384875.pdf,data-set-10-files-9,1,other
EFTA01384876.pdf,data-set-10-files-9,1,email
EFTA01384877.pdf,data-set-10-files-9,1,email
EFTA01384878.pdf,data-set-10-files-9,1,other
EFTA01384879.pdf,data-set-10-files-9,1,other
EFTA01384880.pdf,data-set-10-files-9,1,email
EFTA01384881.pdf,data-set-10-files-9,1,email
EFTA01384882.pdf,data-set-10-files-9,1,email
EFTA01384883.pdf,data-set-10-files-9,1,email
EFTA01384884.pdf,data-set-10-files-9,1,email
EFTA01384885.pdf,data-set-10-files-9,1,other
EFTA01384886.pdf,data-set-10-files-9,1,email
EFTA01384887.pdf,data-set-10-files-9,1,email
EFTA01384888.pdf,data-set-10-files-9,1,email
EFTA01384889.pdf,data-set-10-files-9,1,email
EFTA01384890.pdf,data-set-10-files-9,1,other
EFTA01384891.pdf,data-set-10-files-9,1,other
EFTA01384892.pdf,data-set-10-files-9,1,email
EFTA01384893.pdf,data-set-10-files-9,1,other
EFTA01384894.pdf,data-set-10-files-9,1,email
EFTA01384895.pdf,data-set-10-files-9,1,email
EFTA01384896.pdf,data-set-10-files-9,1,email
EFTA01384897.pdf,data-set-10-files-9,1,other
EFTA01384898.pdf,data-set-10-files-9,1,other
EFTA01384899.pdf,data-set-10-files-9,1,email
EFTA01384900.pdf,data-set-10-files-9,1,email
EFTA01384901.pdf,data-set-10-files-9,1,email
EFTA01384902.pdf,data-set-10-files-9,1,email
EFTA01384903.pdf,data-set-10-files-9,1,other
EFTA01384904.pdf,data-set-10-files-9,1,email
EFTA01384905.pdf,data-set-10-files-9,1,email
EFTA01384906.pdf,data-set-10-files-9,1,email
EFTA01384907.pdf,data-set-10-files-9,1,email
EFTA01384908.pdf,data-set-10-files-9,1,other
EFTA01384909.pdf,data-set-10-files-9,1,email
EFTA01384910.pdf,data-set-10-files-9,1,other
EFTA01384911.pdf,data-set-10-files-9,1,other
EFTA01384912.pdf,data-set-10-files-9,1,email
EFTA01384913.pdf,data-set-10-files-9,1,email
EFTA01384914.pdf,data-set-10-files-9,1,email
EFTA01384915.pdf,data-set-10-files-9,1,email
EFTA01384916.pdf,data-set-10-files-9,1,email
EFTA01384917.pdf,data-set-10-files-9,1,email
EFTA01384918.pdf,data-set-10-files-9,1,other
EFTA01384919.pdf,data-set-10-files-9,1,email
EFTA01384920.pdf,data-set-10-files-9,1,email
EFTA01384921.pdf,data-set-10-files-9,1,other
EFTA01384922.pdf,data-set-10-files-9,1,other
EFTA01384923.pdf,data-set-10-files-9,1,email
EFTA01384924.pdf,data-set-10-files-9,1,other
EFTA01384925.pdf,data-set-10-files-9,1,other
EFTA01384926.pdf,data-set-10-files-9,1,email
EFTA01384927.pdf,data-set-10-files-9,1,email
EFTA01384928.pdf,data-set-10-files-9,1,other
EFTA01384929.pdf,data-set-10-files-9,1,email
EFTA01384930.pdf,data-set-10-files-9,1,other
EFTA01384931.pdf,data-set-10-files-9,1,email
EFTA01384932.pdf,data-set-10-files-9,1,email
EFTA01384933.pdf,data-set-10-files-9,1,other
EFTA01384934.pdf,data-set-10-files-9,1,other
EFTA01384935.pdf,data-set-10-files-9,1,email
EFTA01384936.pdf,data-set-10-files-9,1,other
EFTA01384937.pdf,data-set-10-files-9,1,other
EFTA01384938.pdf,data-set-10-files-9,1,other
EFTA01384939.pdf,data-set-10-files-9,1,other
EFTA01384940.pdf,data-set-10-files-9,1,other
EFTA01384941.pdf,data-set-10-files-9,1,other
EFTA01384942.pdf,data-set-10-files-9,1,other
EFTA01384943.pdf,data-set-10-files-9,1,other
EFTA01384944.pdf,data-set-10-files-9,1,other
EFTA01384945.pdf,data-set-10-files-9,1,email
EFTA01384946.pdf,data-set-10-files-9,1,other
EFTA01384947.pdf,data-set-10-files-9,1,other
EFTA01384948.pdf,data-set-10-files-9,1,other
EFTA01384949.pdf,data-set-10-files-9,1,other
EFTA01384950.pdf,data-set-10-files-9,1,other
EFTA01384951.pdf,data-set-10-files-9,1,other
EFTA01384952.pdf,data-set-10-files-9,1,other
EFTA01384953.pdf,data-set-10-files-9,1,other
EFTA01384954.pdf,data-set-10-files-9,1,other
EFTA01384955.pdf,data-set-10-files-9,1,other
EFTA01384956.pdf,data-set-10-files-9,1,other
EFTA01384957.pdf,data-set-10-files-9,1,other
EFTA01384958.pdf,data-set-10-files-9,1,other
EFTA01384959.pdf,data-set-10-files-9,1,other
EFTA01384960.pdf,data-set-10-files-9,1,other
EFTA01384961.pdf,data-set-10-files-9,1,other
EFTA01384962.pdf,data-set-10-files-9,1,other
EFTA01384963.pdf,data-set-10-files-9,1,other
EFTA01384964.pdf,data-set-10-files-9,1,other
EFTA01384965.pdf,data-set-10-files-9,1,other
EFTA01384966.pdf,data-set-10-files-9,1,other
EFTA01384967.pdf,data-set-10-files-9,1,other
EFTA01384968.pdf,data-set-10-files-9,1,other
EFTA01384969.pdf,data-set-10-files-9,1,other
EFTA01384970.pdf,data-set-10-files-9,1,other
EFTA01384971.pdf,data-set-10-files-9,1,other
EFTA01384972.pdf,data-set-10-files-9,1,other
EFTA01384973.pdf,data-set-10-files-9,1,other
EFTA01384974.pdf,data-set-10-files-9,1,other
EFTA01384975.pdf,data-set-10-files-9,1,other
EFTA01384976.pdf,data-set-10-files-9,1,other
EFTA01384977.pdf,data-set-10-files-9,1,other
EFTA01384978.pdf,data-set-10-files-9,1,other
EFTA01384979.pdf,data-set-10-files-9,1,other
EFTA01384980.pdf,data-set-10-files-9,1,other
EFTA01384981.pdf,data-set-10-files-9,1,other
EFTA01384982.pdf,data-set-10-files-9,1,other
EFTA01384983.pdf,data-set-10-files-9,1,other
EFTA01384984.pdf,data-set-10-files-9,1,other
EFTA01384985.pdf,data-set-10-files-9,1,other
EFTA01384986.pdf,data-set-10-files-9,1,other
EFTA01384987.pdf,data-set-10-files-9,1,other
EFTA01384988.pdf,data-set-10-files-9,1,other
EFTA01384989.pdf,data-set-10-files-9,1,email
EFTA01384990.pdf,data-set-10-files-9,1,other
EFTA01384991.pdf,data-set-10-files-9,1,other
EFTA01384992.pdf,data-set-10-files-9,1,other
EFTA01384993.pdf,data-set-10-files-9,1,other
EFTA01384994.pdf,data-set-10-files-9,1,other
EFTA01384995.pdf,data-set-10-files-9,1,other
EFTA01384996.pdf,data-set-10-files-9,1,other
EFTA01384997.pdf,data-set-10-files-9,1,other
EFTA01384998.pdf,data-set-10-files-9,1,other
EFTA01384999.pdf,data-set-10-files-9,1,other
EFTA01385000.pdf,data-set-10-files-9,1,other
EFTA01385001.pdf,data-set-10-files-9,1,other
EFTA01385002.pdf,data-set-10-files-9,1,other
EFTA01385003.pdf,data-set-10-files-9,1,other
EFTA01385004.pdf,data-set-10-files-9,1,other
EFTA01385005.pdf,data-set-10-files-9,1,other
EFTA01385006.pdf,data-set-10-files-9,1,other
EFTA01385007.pdf,data-set-10-files-9,1,other
EFTA01385008.pdf,data-set-10-files-9,1,other
EFTA01385009.pdf,data-set-10-files-9,1,other
EFTA01385010.pdf,data-set-10-files-9,1,other
EFTA01385011.pdf,data-set-10-files-9,1,other
EFTA01385012.pdf,data-set-10-files-9,1,other
EFTA01385013.pdf,data-set-10-files-9,1,other
EFTA01385014.pdf,data-set-10-files-9,1,other
EFTA01385015.pdf,data-set-10-files-9,1,other
EFTA01385016.pdf,data-set-10-files-9,1,other
EFTA01385017.pdf,data-set-10-files-9,1,other
EFTA01385018.pdf,data-set-10-files-9,1,other
EFTA01385019.pdf,data-set-10-files-9,1,email
EFTA01385020.pdf,data-set-10-files-9,1,email
EFTA01385021.pdf,data-set-10-files-9,1,other
EFTA01385022.pdf,data-set-10-files-9,1,email
EFTA01385023.pdf,data-set-10-files-9,1,other
EFTA01385024.pdf,data-set-10-files-9,1,other
EFTA01385025.pdf,data-set-10-files-9,1,other
EFTA01385026.pdf,data-set-10-files-9,1,other
EFTA01385027.pdf,data-set-10-files-9,1,email
EFTA01385028.pdf,data-set-10-files-9,1,email
EFTA01385029.pdf,data-set-10-files-9,1,email
EFTA01385030.pdf,data-set-10-files-9,1,email
EFTA01385031.pdf,data-set-10-files-9,1,email
EFTA01385032.pdf,data-set-10-files-9,1,email
EFTA01385033.pdf,data-set-10-files-9,1,email
EFTA01385034.pdf,data-set-10-files-9,1,email
EFTA01385035.pdf,data-set-10-files-9,1,email
EFTA01385036.pdf,data-set-10-files-9,1,email
EFTA01385037.pdf,data-set-10-files-9,1,other
EFTA01385038.pdf,data-set-10-files-9,1,email
EFTA01385039.pdf,data-set-10-files-9,1,email
EFTA01385040.pdf,data-set-10-files-9,1,email
EFTA01385041.pdf,data-set-10-files-9,1,email
EFTA01385042.pdf,data-set-10-files-9,1,email
EFTA01385043.pdf,data-set-10-files-9,1,other
EFTA01385044.pdf,data-set-10-files-9,1,email
EFTA01385045.pdf,data-set-10-files-9,1,other
EFTA01385046.pdf,data-set-10-files-9,1,email
EFTA01385047.pdf,data-set-10-files-9,1,email
EFTA01385048.pdf,data-set-10-files-9,1,other
EFTA01385049.pdf,data-set-10-files-9,1,email
EFTA01385050.pdf,data-set-10-files-9,1,email
EFTA01385051.pdf,data-set-10-files-9,1,other
EFTA01385052.pdf,data-set-10-files-9,1,email
EFTA01385053.pdf,data-set-10-files-9,1,other
EFTA01385054.pdf,data-set-10-files-9,1,email
EFTA01385055.pdf,data-set-10-files-9,1,email
EFTA01385056.pdf,data-set-10-files-9,1,other
EFTA01385057.pdf,data-set-10-files-9,1,other
EFTA01385058.pdf,data-set-10-files-9,1,email
EFTA01385059.pdf,data-set-10-files-9,1,other
EFTA01385060.pdf,data-set-10-files-9,1,other
EFTA01385061.pdf,data-set-10-files-9,1,other
EFTA01385062.pdf,data-set-10-files-9,1,email
EFTA01385063.pdf,data-set-10-files-9,1,email
EFTA01385064.pdf,data-set-10-files-9,1,email
EFTA01385065.pdf,data-set-10-files-9,1,other
EFTA01385066.pdf,data-set-10-files-9,1,email
EFTA01385067.pdf,data-set-10-files-9,1,email
EFTA01385068.pdf,data-set-10-files-9,1,email
EFTA01385069.pdf,data-set-10-files-9,1,email
EFTA01385070.pdf,data-set-10-files-9,1,email
EFTA01385071.pdf,data-set-10-files-9,1,email
EFTA01385072.pdf,data-set-10-files-9,1,email
EFTA01385073.pdf,data-set-10-files-9,1,email
EFTA01385074.pdf,data-set-10-files-9,1,other
EFTA01385075.pdf,data-set-10-files-9,1,other
EFTA01385076.pdf,data-set-10-files-9,1,other
EFTA01385077.pdf,data-set-10-files-9,1,other
EFTA01385078.pdf,data-set-10-files-9,1,other
EFTA01385079.pdf,data-set-10-files-9,1,other
EFTA01385080.pdf,data-set-10-files-9,1,other
EFTA01385081.pdf,data-set-10-files-9,1,other
EFTA01385082.pdf,data-set-10-files-9,1,other
EFTA01385083.pdf,data-set-10-files-9,1,email
EFTA01385084.pdf,data-set-10-files-9,1,email
EFTA01385085.pdf,data-set-10-files-9,1,email
EFTA01385086.pdf,data-set-10-files-9,1,email
EFTA01385087.pdf,data-set-10-files-9,1,other
EFTA01385088.pdf,data-set-10-files-9,1,email
EFTA01385089.pdf,data-set-10-files-9,1,email
EFTA01385090.pdf,data-set-10-files-9,1,other
EFTA01385091.pdf,data-set-10-files-9,1,email
EFTA01385092.pdf,data-set-10-files-9,1,email
EFTA01385093.pdf,data-set-10-files-9,1,other
EFTA01385094.pdf,data-set-10-files-9,1,other
EFTA01385095.pdf,data-set-10-files-9,1,other
EFTA01385096.pdf,data-set-10-files-9,1,other
EFTA01385097.pdf,data-set-10-files-9,1,other
EFTA01385098.pdf,data-set-10-files-9,1,other
EFTA01385099.pdf,data-set-10-files-9,1,other
EFTA01385100.pdf,data-set-10-files-9,1,other
EFTA01385101.pdf,data-set-10-files-9,1,other
EFTA01385102.pdf,data-set-10-files-9,1,other
EFTA01385103.pdf,data-set-10-files-9,1,other
EFTA01385104.pdf,data-set-10-files-9,1,other
EFTA01385105.pdf,data-set-10-files-9,1,other
EFTA01385106.pdf,data-set-10-files-9,1,email
EFTA01385107.pdf,data-set-10-files-9,1,other
EFTA01385108.pdf,data-set-10-files-9,1,email
EFTA01385109.pdf,data-set-10-files-9,1,other
EFTA01385110.pdf,data-set-10-files-9,1,other
EFTA01385111.pdf,data-set-10-files-9,1,other
EFTA01385112.pdf,data-set-10-files-9,1,email
EFTA01385113.pdf,data-set-10-files-9,1,email
EFTA01385114.pdf,data-set-10-files-9,1,email
EFTA01385115.pdf,data-set-10-files-9,1,email
EFTA01385116.pdf,data-set-10-files-9,1,other
EFTA01385117.pdf,data-set-10-files-9,1,email
EFTA01385118.pdf,data-set-10-files-9,1,email
EFTA01385119.pdf,data-set-10-files-9,1,other
EFTA01385120.pdf,data-set-10-files-9,1,email
EFTA01385121.pdf,data-set-10-files-9,1,email
EFTA01385122.pdf,data-set-10-files-9,1,other
EFTA01385123.pdf,data-set-10-files-9,1,email
EFTA01385124.pdf,data-set-10-files-9,1,other
EFTA01385125.pdf,data-set-10-files-9,1,email
EFTA01385126.pdf,data-set-10-files-9,1,other
EFTA01385127.pdf,data-set-10-files-9,1,other
EFTA01385128.pdf,data-set-10-files-9,1,email
EFTA01385129.pdf,data-set-10-files-9,1,other
EFTA01385130.pdf,data-set-10-files-9,1,email
EFTA01385131.pdf,data-set-10-files-9,1,email
EFTA01385132.pdf,data-set-10-files-9,1,email
EFTA01385133.pdf,data-set-10-files-9,1,email
EFTA01385134.pdf,data-set-10-files-9,1,email
EFTA01385135.pdf,data-set-10-files-9,1,other
EFTA01385136.pdf,data-set-10-files-9,1,other
EFTA01385137.pdf,data-set-10-files-9,1,other
EFTA01385138.pdf,data-set-10-files-9,1,other
EFTA01385139.pdf,data-set-10-files-9,1,other
EFTA01385140.pdf,data-set-10-files-9,1,other
EFTA01385141.pdf,data-set-10-files-9,1,other
EFTA01385142.pdf,data-set-10-files-9,1,other
EFTA01385143.pdf,data-set-10-files-9,1,other
EFTA01385144.pdf,data-set-10-files-9,1,other
EFTA01385145.pdf,data-set-10-files-9,1,other
EFTA01385146.pdf,data-set-10-files-9,1,other
EFTA01385147.pdf,data-set-10-files-9,1,other
EFTA01385148.pdf,data-set-10-files-9,1,email
EFTA01385149.pdf,data-set-10-files-9,1,email
EFTA01385150.pdf,data-set-10-files-9,1,email
EFTA01385151.pdf,data-set-10-files-9,1,email
EFTA01385152.pdf,data-set-10-files-9,1,email
EFTA01385153.pdf,data-set-10-files-9,1,other
EFTA01385154.pdf,data-set-10-files-9,1,email
EFTA01385155.pdf,data-set-10-files-9,1,email
EFTA01385156.pdf,data-set-10-files-9,1,email
EFTA01385157.pdf,data-set-10-files-9,1,email
EFTA01385158.pdf,data-set-10-files-9,1,email
EFTA01385159.pdf,data-set-10-files-9,1,email
EFTA01385160.pdf,data-set-10-files-9,1,email
EFTA01385161.pdf,data-set-10-files-9,1,email
EFTA01385162.pdf,data-set-10-files-9,1,email
EFTA01385163.pdf,data-set-10-files-9,1,email
EFTA01385164.pdf,data-set-10-files-9,1,other
EFTA01385165.pdf,data-set-10-files-9,1,email
EFTA01385166.pdf,data-set-10-files-9,1,email
EFTA01385167.pdf,data-set-10-files-9,1,email
EFTA01385168.pdf,data-set-10-files-9,1,other
EFTA01385169.pdf,data-set-10-files-9,1,other
EFTA01385170.pdf,data-set-10-files-9,1,other
EFTA01385171.pdf,data-set-10-files-9,1,other
EFTA01385172.pdf,data-set-10-files-9,1,other
EFTA01385173.pdf,data-set-10-files-9,1,other
EFTA01385174.pdf,data-set-10-files-9,1,other
EFTA01385175.pdf,data-set-10-files-9,1,other
EFTA01385176.pdf,data-set-10-files-9,1,other
EFTA01385177.pdf,data-set-10-files-9,1,other
EFTA01385178.pdf,data-set-10-files-9,1,email
EFTA01385179.pdf,data-set-10-files-9,1,email
EFTA01385180.pdf,data-set-10-files-9,1,email
EFTA01385181.pdf,data-set-10-files-9,1,email
EFTA01385182.pdf,data-set-10-files-9,1,email
EFTA01385183.pdf,data-set-10-files-9,1,other
EFTA01385184.pdf,data-set-10-files-9,1,email
EFTA01385185.pdf,data-set-10-files-9,1,other
EFTA01385186.pdf,data-set-10-files-9,1,other
EFTA01385187.pdf,data-set-10-files-9,1,other
EFTA01385188.pdf,data-set-10-files-9,1,other
EFTA01385189.pdf,data-set-10-files-9,1,email
EFTA01385190.pdf,data-set-10-files-9,1,email
EFTA01385191.pdf,data-set-10-files-9,1,email
EFTA01385192.pdf,data-set-10-files-9,1,other
EFTA01385193.pdf,data-set-10-files-9,1,other
EFTA01385194.pdf,data-set-10-files-9,1,other
EFTA01385195.pdf,data-set-10-files-9,1,other
EFTA01385196.pdf,data-set-10-files-9,1,other
EFTA01385197.pdf,data-set-10-files-9,1,other
EFTA01385198.pdf,data-set-10-files-9,1,email
EFTA01385199.pdf,data-set-10-files-9,1,email
EFTA01385200.pdf,data-set-10-files-9,1,other
EFTA01385201.pdf,data-set-10-files-9,1,email
EFTA01385202.pdf,data-set-10-files-9,1,email
EFTA01385203.pdf,data-set-10-files-9,1,email
EFTA01385204.pdf,data-set-10-files-9,1,other
EFTA01385205.pdf,data-set-10-files-9,1,email
EFTA01385206.pdf,data-set-10-files-9,1,email
EFTA01385207.pdf,data-set-10-files-9,1,email
EFTA01385208.pdf,data-set-10-files-9,1,other
EFTA01385209.pdf,data-set-10-files-9,1,other
EFTA01385210.pdf,data-set-10-files-9,1,other
EFTA01385211.pdf,data-set-10-files-9,1,email
EFTA01385212.pdf,data-set-10-files-9,1,email
EFTA01385213.pdf,data-set-10-files-9,1,email
EFTA01385214.pdf,data-set-10-files-9,1,other
EFTA01385215.pdf,data-set-10-files-9,1,other
EFTA01385216.pdf,data-set-10-files-9,1,email
EFTA01385217.pdf,data-set-10-files-9,1,email
EFTA01385218.pdf,data-set-10-files-9,1,other
EFTA01385219.pdf,data-set-10-files-9,1,email
EFTA01385220.pdf,data-set-10-files-9,1,other
EFTA01385221.pdf,data-set-10-files-9,1,other
EFTA01385222.pdf,data-set-10-files-9,1,other
EFTA01385223.pdf,data-set-10-files-9,1,email
EFTA01385224.pdf,data-set-10-files-9,1,email
EFTA01385225.pdf,data-set-10-files-9,1,email
EFTA01385226.pdf,data-set-10-files-9,1,email
EFTA01385227.pdf,data-set-10-files-9,1,email
EFTA01385228.pdf,data-set-10-files-9,1,other
EFTA01385229.pdf,data-set-10-files-9,1,other
EFTA01385230.pdf,data-set-10-files-9,1,other
EFTA01385231.pdf,data-set-10-files-9,1,email
EFTA01385232.pdf,data-set-10-files-9,1,other
EFTA01385233.pdf,data-set-10-files-9,1,other
EFTA01385234.pdf,data-set-10-files-9,1,other
EFTA01385235.pdf,data-set-10-files-9,1,other
EFTA01385236.pdf,data-set-10-files-9,1,email
EFTA01385237.pdf,data-set-10-files-9,1,email
EFTA01385238.pdf,data-set-10-files-9,1,other
EFTA01385239.pdf,data-set-10-files-9,1,other
EFTA01385240.pdf,data-set-10-files-9,1,other
EFTA01385241.pdf,data-set-10-files-9,1,email
EFTA01385242.pdf,data-set-10-files-9,1,email
EFTA01385243.pdf,data-set-10-files-9,1,email
EFTA01385244.pdf,data-set-10-files-9,1,email
EFTA01385245.pdf,data-set-10-files-9,1,other
EFTA01385246.pdf,data-set-10-files-9,1,other
EFTA01385247.pdf,data-set-10-files-9,1,email
EFTA01385248.pdf,data-set-10-files-9,1,other
EFTA01385249.pdf,data-set-10-files-9,1,email
EFTA01385250.pdf,data-set-10-files-9,1,email
EFTA01385251.pdf,data-set-10-files-9,1,other
EFTA01385252.pdf,data-set-10-files-9,1,other
EFTA01385253.pdf,data-set-10-files-9,1,email
EFTA01385254.pdf,data-set-10-files-9,1,other
EFTA01385255.pdf,data-set-10-files-9,1,email
EFTA01385256.pdf,data-set-10-files-9,1,email
EFTA01385257.pdf,data-set-10-files-9,1,email
EFTA01385258.pdf,data-set-10-files-9,1,other
EFTA01385259.pdf,data-set-10-files-9,1,email
EFTA01385260.pdf,data-set-10-files-9,1,email
EFTA01385261.pdf,data-set-10-files-9,1,email
EFTA01385262.pdf,data-set-10-files-9,1,email
EFTA01385263.pdf,data-set-10-files-9,1,email
EFTA01385264.pdf,data-set-10-files-9,1,other
EFTA01385265.pdf,data-set-10-files-9,1,other
EFTA01385266.pdf,data-set-10-files-9,1,other
EFTA01385267.pdf,data-set-10-files-9,1,other
EFTA01385268.pdf,data-set-10-files-9,1,other
EFTA01385269.pdf,data-set-10-files-9,1,other
EFTA01385270.pdf,data-set-10-files-9,1,other
EFTA01385271.pdf,data-set-10-files-9,1,email
EFTA01385272.pdf,data-set-10-files-9,1,other
EFTA01385273.pdf,data-set-10-files-9,1,email
EFTA01385274.pdf,data-set-10-files-9,1,email
EFTA01385275.pdf,data-set-10-files-9,1,other
EFTA01385276.pdf,data-set-10-files-9,1,other
EFTA01385277.pdf,data-set-10-files-9,1,other
EFTA01385278.pdf,data-set-10-files-9,1,other
EFTA01385279.pdf,data-set-10-files-9,1,other
EFTA01385280.pdf,data-set-10-files-9,1,other
EFTA01385281.pdf,data-set-10-files-9,1,other
EFTA01385282.pdf,data-set-10-files-9,1,other
EFTA01385283.pdf,data-set-10-files-9,1,other
EFTA01385284.pdf,data-set-10-files-9,1,other
EFTA01385285.pdf,data-set-10-files-9,1,other
EFTA01385286.pdf,data-set-10-files-9,1,other
EFTA01385287.pdf,data-set-10-files-9,1,other
EFTA01385288.pdf,data-set-10-files-9,1,other
EFTA01385289.pdf,data-set-10-files-9,1,other
EFTA01385290.pdf,data-set-10-files-9,1,other
EFTA01385291.pdf,data-set-10-files-9,1,other
EFTA01385292.pdf,data-set-10-files-9,1,other
EFTA01385293.pdf,data-set-10-files-9,1,other
EFTA01385294.pdf,data-set-10-files-9,1,other
EFTA01385295.pdf,data-set-10-files-9,1,other
EFTA01385296.pdf,data-set-10-files-9,1,other
EFTA01385297.pdf,data-set-10-files-9,1,other
EFTA01385298.pdf,data-set-10-files-9,1,other
EFTA01385299.pdf,data-set-10-files-9,1,other
EFTA01385300.pdf,data-set-10-files-9,1,other
EFTA01385301.pdf,data-set-10-files-9,1,other
EFTA01385302.pdf,data-set-10-files-9,1,other
EFTA01385303.pdf,data-set-10-files-9,1,other
EFTA01385304.pdf,data-set-10-files-9,1,other
EFTA01385305.pdf,data-set-10-files-9,1,other
EFTA01385306.pdf,data-set-10-files-9,1,other
EFTA01385307.pdf,data-set-10-files-9,1,other
EFTA01385308.pdf,data-set-10-files-9,1,other
EFTA01385309.pdf,data-set-10-files-9,1,other
EFTA01385310.pdf,data-set-10-files-9,1,other
EFTA01385311.pdf,data-set-10-files-9,1,other
EFTA01385312.pdf,data-set-10-files-9,1,other
EFTA01385313.pdf,data-set-10-files-9,1,other
EFTA01385314.pdf,data-set-10-files-9,1,other
EFTA01385315.pdf,data-set-10-files-9,1,other
EFTA01385316.pdf,data-set-10-files-9,1,other
EFTA01385317.pdf,data-set-10-files-9,1,other
EFTA01385318.pdf,data-set-10-files-9,1,other
EFTA01385319.pdf,data-set-10-files-9,1,other
EFTA01385320.pdf,data-set-10-files-9,1,other
EFTA01385321.pdf,data-set-10-files-9,1,other
EFTA01385322.pdf,data-set-10-files-9,1,other
EFTA01385323.pdf,data-set-10-files-9,1,other
EFTA01385324.pdf,data-set-10-files-9,1,other
EFTA01385325.pdf,data-set-10-files-9,1,other
EFTA01385326.pdf,data-set-10-files-9,1,other
EFTA01385327.pdf,data-set-10-files-9,1,other
EFTA01385328.pdf,data-set-10-files-9,1,other
EFTA01385329.pdf,data-set-10-files-9,1,other
EFTA01385330.pdf,data-set-10-files-9,1,other
EFTA01385331.pdf,data-set-10-files-9,1,other
EFTA01385332.pdf,data-set-10-files-9,1,other
EFTA01385333.pdf,data-set-10-files-9,1,other
EFTA01385334.pdf,data-set-10-files-9,1,other
EFTA01385335.pdf,data-set-10-files-9,1,other
EFTA01385336.pdf,data-set-10-files-9,1,other
EFTA01385337.pdf,data-set-10-files-9,1,other
EFTA01385338.pdf,data-set-10-files-9,1,other
EFTA01385339.pdf,data-set-10-files-9,1,other
EFTA01385340.pdf,data-set-10-files-9,1,other
EFTA01385341.pdf,data-set-10-files-9,1,other
EFTA01385342.pdf,data-set-10-files-9,1,other
EFTA01385343.pdf,data-set-10-files-9,1,other
EFTA01385344.pdf,data-set-10-files-9,1,other
EFTA01385345.pdf,data-set-10-files-9,1,other
EFTA01385346.pdf,data-set-10-files-9,1,other
EFTA01385347.pdf,data-set-10-files-9,1,other
EFTA01385348.pdf,data-set-10-files-9,1,other
EFTA01385349.pdf,data-set-10-files-9,1,other
EFTA01385350.pdf,data-set-10-files-9,1,other
EFTA01385351.pdf,data-set-10-files-9,1,other
EFTA01385352.pdf,data-set-10-files-9,1,other
EFTA01385353.pdf,data-set-10-files-9,1,other
EFTA01385354.pdf,data-set-10-files-9,1,other
EFTA01385355.pdf,data-set-10-files-9,1,other
EFTA01385356.pdf,data-set-10-files-9,1,other
EFTA01385357.pdf,data-set-10-files-9,1,other
EFTA01385358.pdf,data-set-10-files-9,1,other
EFTA01385359.pdf,data-set-10-files-9,1,other
EFTA01385360.pdf,data-set-10-files-9,1,other
EFTA01385361.pdf,data-set-10-files-9,1,other
EFTA01385362.pdf,data-set-10-files-9,1,other
EFTA01385363.pdf,data-set-10-files-9,1,other
EFTA01385364.pdf,data-set-10-files-9,1,other
EFTA01385365.pdf,data-set-10-files-9,1,other
EFTA01385366.pdf,data-set-10-files-9,1,other
EFTA01385367.pdf,data-set-10-files-9,1,other
EFTA01385368.pdf,data-set-10-files-9,1,other
EFTA01385369.pdf,data-set-10-files-9,1,other
EFTA01385370.pdf,data-set-10-files-9,1,other
EFTA01385371.pdf,data-set-10-files-9,1,other
EFTA01385372.pdf,data-set-10-files-9,1,other
EFTA01385373.pdf,data-set-10-files-9,1,other
EFTA01385374.pdf,data-set-10-files-9,1,other
EFTA01385375.pdf,data-set-10-files-9,1,other
EFTA01385376.pdf,data-set-10-files-9,1,other
EFTA01385377.pdf,data-set-10-files-9,1,other
EFTA01385378.pdf,data-set-10-files-9,1,other
EFTA01385379.pdf,data-set-10-files-9,1,other
EFTA01385380.pdf,data-set-10-files-9,1,other
EFTA01385381.pdf,data-set-10-files-9,1,other
EFTA01385382.pdf,data-set-10-files-9,1,other
EFTA01385383.pdf,data-set-10-files-9,1,other
EFTA01385384.pdf,data-set-10-files-9,1,other
EFTA01385385.pdf,data-set-10-files-9,1,other
EFTA01385386.pdf,data-set-10-files-9,1,other
EFTA01385387.pdf,data-set-10-files-9,1,other
EFTA01385388.pdf,data-set-10-files-9,1,other
EFTA01385389.pdf,data-set-10-files-9,1,other
EFTA01385390.pdf,data-set-10-files-9,1,other
EFTA01385391.pdf,data-set-10-files-9,1,other
EFTA01385392.pdf,data-set-10-files-9,1,other
EFTA01385393.pdf,data-set-10-files-9,1,other
EFTA01385394.pdf,data-set-10-files-9,1,other
EFTA01385395.pdf,data-set-10-files-9,1,other
EFTA01385396.pdf,data-set-10-files-9,1,other
EFTA01385397.pdf,data-set-10-files-9,1,other
EFTA01385398.pdf,data-set-10-files-9,1,other
EFTA01385399.pdf,data-set-10-files-9,1,other
EFTA01385400.pdf,data-set-10-files-9,1,other
EFTA01385401.pdf,data-set-10-files-9,1,other
EFTA01385402.pdf,data-set-10-files-9,1,other
EFTA01385403.pdf,data-set-10-files-9,1,other
EFTA01385404.pdf,data-set-10-files-9,1,other
EFTA01385405.pdf,data-set-10-files-9,1,other
EFTA01385406.pdf,data-set-10-files-9,1,other
EFTA01385407.pdf,data-set-10-files-9,1,other
EFTA01385408.pdf,data-set-10-files-9,1,other
EFTA01385409.pdf,data-set-10-files-9,1,other
EFTA01385410.pdf,data-set-10-files-9,1,other
EFTA01385411.pdf,data-set-10-files-9,1,other
EFTA01385412.pdf,data-set-10-files-9,1,other
EFTA01385413.pdf,data-set-10-files-9,1,other
EFTA01385414.pdf,data-set-10-files-9,1,other
EFTA01385415.pdf,data-set-10-files-9,1,other
EFTA01385416.pdf,data-set-10-files-9,1,other
EFTA01385417.pdf,data-set-10-files-9,1,other
EFTA01385418.pdf,data-set-10-files-9,1,other
EFTA01385419.pdf,data-set-10-files-9,1,other
EFTA01385420.pdf,data-set-10-files-9,1,other
EFTA01385421.pdf,data-set-10-files-9,1,other
EFTA01385422.pdf,data-set-10-files-9,1,other
EFTA01385423.pdf,data-set-10-files-9,1,other
EFTA01385424.pdf,data-set-10-files-9,1,other
EFTA01385425.pdf,data-set-10-files-9,1,other
EFTA01385426.pdf,data-set-10-files-9,1,other
EFTA01385427.pdf,data-set-10-files-9,1,other
EFTA01385428.pdf,data-set-10-files-9,1,other
EFTA01385429.pdf,data-set-10-files-9,1,other
EFTA01385430.pdf,data-set-10-files-9,1,other
EFTA01385431.pdf,data-set-10-files-9,1,other
EFTA01385432.pdf,data-set-10-files-9,1,other
EFTA01385433.pdf,data-set-10-files-9,1,other
EFTA01385434.pdf,data-set-10-files-9,1,other
EFTA01385435.pdf,data-set-10-files-9,1,other
EFTA01385436.pdf,data-set-10-files-9,1,other
EFTA01385437.pdf,data-set-10-files-9,1,other
EFTA01385438.pdf,data-set-10-files-9,1,other
EFTA01385439.pdf,data-set-10-files-9,1,other
EFTA01385440.pdf,data-set-10-files-9,1,other
EFTA01385441.pdf,data-set-10-files-9,1,other
EFTA01385442.pdf,data-set-10-files-9,1,other
EFTA01385443.pdf,data-set-10-files-9,1,other
EFTA01385444.pdf,data-set-10-files-9,1,other
EFTA01385445.pdf,data-set-10-files-9,1,other
EFTA01385446.pdf,data-set-10-files-9,1,other
EFTA01385447.pdf,data-set-10-files-9,1,other
EFTA01385448.pdf,data-set-10-files-9,1,other
EFTA01385449.pdf,data-set-10-files-9,1,other
EFTA01385450.pdf,data-set-10-files-9,1,other
EFTA01385451.pdf,data-set-10-files-9,1,other
EFTA01385452.pdf,data-set-10-files-9,1,other
EFTA01385453.pdf,data-set-10-files-9,1,other
EFTA01385454.pdf,data-set-10-files-9,1,other
EFTA01385455.pdf,data-set-10-files-9,1,other
EFTA01385456.pdf,data-set-10-files-9,1,other
EFTA01385457.pdf,data-set-10-files-9,1,other
EFTA01385458.pdf,data-set-10-files-9,1,other
EFTA01385459.pdf,data-set-10-files-9,1,other
EFTA01385460.pdf,data-set-10-files-9,1,other
EFTA01385461.pdf,data-set-10-files-9,1,other
EFTA01385462.pdf,data-set-10-files-9,1,other
EFTA01385463.pdf,data-set-10-files-9,1,other
EFTA01385464.pdf,data-set-10-files-9,1,other
EFTA01385465.pdf,data-set-10-files-9,1,other
EFTA01385466.pdf,data-set-10-files-9,1,other
EFTA01385467.pdf,data-set-10-files-9,1,other
EFTA01385468.pdf,data-set-10-files-9,1,other
EFTA01385469.pdf,data-set-10-files-9,1,other
EFTA01385470.pdf,data-set-10-files-9,1,other
EFTA01385471.pdf,data-set-10-files-9,1,other
EFTA01385472.pdf,data-set-10-files-9,1,other
EFTA01385473.pdf,data-set-10-files-9,1,other
EFTA01385474.pdf,data-set-10-files-9,1,other
EFTA01385475.pdf,data-set-10-files-9,1,other
EFTA01385476.pdf,data-set-10-files-9,1,other
EFTA01385477.pdf,data-set-10-files-9,1,other
EFTA01385478.pdf,data-set-10-files-9,1,other
EFTA01385479.pdf,data-set-10-files-9,1,other
EFTA01385480.pdf,data-set-10-files-9,1,other
EFTA01385481.pdf,data-set-10-files-9,1,other
EFTA01385482.pdf,data-set-10-files-9,1,other
EFTA01385483.pdf,data-set-10-files-9,1,other
EFTA01385484.pdf,data-set-10-files-9,1,other
EFTA01385485.pdf,data-set-10-files-9,1,other
EFTA01385486.pdf,data-set-10-files-9,1,other
EFTA01385487.pdf,data-set-10-files-9,1,other
EFTA01385488.pdf,data-set-10-files-9,1,other
EFTA01385489.pdf,data-set-10-files-9,1,other
EFTA01385490.pdf,data-set-10-files-9,1,other
EFTA01385491.pdf,data-set-10-files-9,1,other
EFTA01385492.pdf,data-set-10-files-9,1,other
EFTA01385493.pdf,data-set-10-files-9,1,other
EFTA01385494.pdf,data-set-10-files-9,1,other
EFTA01385495.pdf,data-set-10-files-9,1,other
EFTA01385496.pdf,data-set-10-files-9,1,email
EFTA01385497.pdf,data-set-10-files-9,1,other
EFTA01385498.pdf,data-set-10-files-9,1,other
EFTA01385499.pdf,data-set-10-files-9,1,other
EFTA01385500.pdf,data-set-10-files-9,1,other
EFTA01385501.pdf,data-set-10-files-9,1,other
EFTA01385502.pdf,data-set-10-files-9,1,other
EFTA01385503.pdf,data-set-10-files-9,1,other
EFTA01385504.pdf,data-set-10-files-9,1,other
EFTA01385505.pdf,data-set-10-files-9,1,other
EFTA01385506.pdf,data-set-10-files-9,1,other
EFTA01385507.pdf,data-set-10-files-9,1,other
EFTA01385508.pdf,data-set-10-files-9,1,other
EFTA01385509.pdf,data-set-10-files-9,1,other
EFTA01385510.pdf,data-set-10-files-9,1,other
EFTA01385511.pdf,data-set-10-files-9,1,other
EFTA01385512.pdf,data-set-10-files-9,1,other
EFTA01385513.pdf,data-set-10-files-9,1,other
EFTA01385514.pdf,data-set-10-files-9,1,other
EFTA01385515.pdf,data-set-10-files-9,1,other
EFTA01385516.pdf,data-set-10-files-9,1,other
EFTA01385517.pdf,data-set-10-files-9,1,other
EFTA01385518.pdf,data-set-10-files-9,1,other
EFTA01385519.pdf,data-set-10-files-9,1,other
EFTA01385520.pdf,data-set-10-files-9,1,other
EFTA01385521.pdf,data-set-10-files-9,1,other
EFTA01385522.pdf,data-set-10-files-9,1,other
EFTA01385523.pdf,data-set-10-files-9,1,other
EFTA01385524.pdf,data-set-10-files-9,1,other
EFTA01385525.pdf,data-set-10-files-9,1,other
EFTA01385526.pdf,data-set-10-files-9,1,other
EFTA01385527.pdf,data-set-10-files-9,1,other
EFTA01385528.pdf,data-set-10-files-9,1,other
EFTA01385529.pdf,data-set-10-files-9,1,other
EFTA01385530.pdf,data-set-10-files-9,1,other
EFTA01385531.pdf,data-set-10-files-9,1,other
EFTA01385532.pdf,data-set-10-files-9,1,other
EFTA01385533.pdf,data-set-10-files-9,1,other
EFTA01385534.pdf,data-set-10-files-9,1,other
EFTA01385535.pdf,data-set-10-files-9,1,other
EFTA01385536.pdf,data-set-10-files-9,1,other
EFTA01385537.pdf,data-set-10-files-9,1,other
EFTA01385538.pdf,data-set-10-files-9,1,other
EFTA01385539.pdf,data-set-10-files-9,1,other
EFTA01385540.pdf,data-set-10-files-9,1,other
EFTA01385541.pdf,data-set-10-files-9,1,other
EFTA01385542.pdf,data-set-10-files-9,1,other
EFTA01385543.pdf,data-set-10-files-9,1,other
EFTA01385544.pdf,data-set-10-files-9,1,other
EFTA01385545.pdf,data-set-10-files-9,1,other
EFTA01385546.pdf,data-set-10-files-9,1,other
EFTA01385547.pdf,data-set-10-files-9,1,other
EFTA01385548.pdf,data-set-10-files-9,1,other
EFTA01385549.pdf,data-set-10-files-9,1,other
EFTA01385550.pdf,data-set-10-files-9,1,other
EFTA01385551.pdf,data-set-10-files-9,1,other
EFTA01385552.pdf,data-set-10-files-9,1,other
EFTA01385553.pdf,data-set-10-files-9,1,other
EFTA01385554.pdf,data-set-10-files-9,1,other
EFTA01385555.pdf,data-set-10-files-9,1,other
EFTA01385556.pdf,data-set-10-files-9,1,other
EFTA01385557.pdf,data-set-10-files-9,1,other
EFTA01385558.pdf,data-set-10-files-9,1,other
EFTA01385559.pdf,data-set-10-files-9,1,other
EFTA01385560.pdf,data-set-10-files-9,1,other
EFTA01385561.pdf,data-set-10-files-9,1,other
EFTA01385562.pdf,data-set-10-files-9,1,other
EFTA01385563.pdf,data-set-10-files-9,1,other
EFTA01385564.pdf,data-set-10-files-9,1,email
EFTA01385565.pdf,data-set-10-files-9,1,other
EFTA01385566.pdf,data-set-10-files-9,1,other
EFTA01385567.pdf,data-set-10-files-9,1,other
EFTA01385568.pdf,data-set-10-files-9,1,other
EFTA01385569.pdf,data-set-10-files-9,1,other
EFTA01385570.pdf,data-set-10-files-9,1,email
EFTA01385571.pdf,data-set-10-files-9,1,email
EFTA01385572.pdf,data-set-10-files-9,1,other
EFTA01385573.pdf,data-set-10-files-9,1,email
EFTA01385574.pdf,data-set-10-files-9,1,email
EFTA01385575.pdf,data-set-10-files-9,1,other
EFTA01385576.pdf,data-set-10-files-9,1,other
EFTA01385577.pdf,data-set-10-files-9,1,email
EFTA01385578.pdf,data-set-10-files-9,1,other
EFTA01385579.pdf,data-set-10-files-9,1,other
EFTA01385580.pdf,data-set-10-files-9,1,other
EFTA01385581.pdf,data-set-10-files-9,1,other
EFTA01385582.pdf,data-set-10-files-9,1,other
EFTA01385583.pdf,data-set-10-files-9,1,other
EFTA01385584.pdf,data-set-10-files-9,1,other
EFTA01385585.pdf,data-set-10-files-9,1,other
EFTA01385586.pdf,data-set-10-files-9,1,other
EFTA01385587.pdf,data-set-10-files-9,1,other
EFTA01385588.pdf,data-set-10-files-9,1,other
EFTA01385589.pdf,data-set-10-files-9,1,other
EFTA01385590.pdf,data-set-10-files-9,1,other
EFTA01385591.pdf,data-set-10-files-9,1,other
EFTA01385592.pdf,data-set-10-files-9,1,other
EFTA01385593.pdf,data-set-10-files-9,1,other
EFTA01385594.pdf,data-set-10-files-9,1,other
EFTA01385595.pdf,data-set-10-files-9,1,other
EFTA01385596.pdf,data-set-10-files-9,1,other
EFTA01385597.pdf,data-set-10-files-9,1,email
EFTA01385598.pdf,data-set-10-files-9,1,other
EFTA01385599.pdf,data-set-10-files-9,1,email
EFTA01385600.pdf,data-set-10-files-9,1,other
EFTA01385601.pdf,data-set-10-files-9,1,email
EFTA01385602.pdf,data-set-10-files-9,1,email
EFTA01385603.pdf,data-set-10-files-9,1,email
EFTA01385604.pdf,data-set-10-files-9,1,other
EFTA01385605.pdf,data-set-10-files-9,1,email
EFTA01385606.pdf,data-set-10-files-9,1,email
EFTA01385607.pdf,data-set-10-files-9,1,email
EFTA01385608.pdf,data-set-10-files-9,1,other
EFTA01385609.pdf,data-set-10-files-9,1,other
EFTA01385610.pdf,data-set-10-files-9,1,other
EFTA01385611.pdf,data-set-10-files-9,1,email
EFTA01385612.pdf,data-set-10-files-9,1,email
EFTA01385613.pdf,data-set-10-files-9,1,email
EFTA01385614.pdf,data-set-10-files-9,1,email
EFTA01385615.pdf,data-set-10-files-9,1,other
EFTA01385616.pdf,data-set-10-files-9,1,email
EFTA01385617.pdf,data-set-10-files-9,1,other
EFTA01385618.pdf,data-set-10-files-9,1,email
EFTA01385619.pdf,data-set-10-files-9,1,email
EFTA01385620.pdf,data-set-10-files-9,1,other
EFTA01385621.pdf,data-set-10-files-9,1,email
EFTA01385622.pdf,data-set-10-files-9,1,email
EFTA01385623.pdf,data-set-10-files-9,1,email
EFTA01385624.pdf,data-set-10-files-9,1,other
EFTA01385625.pdf,data-set-10-files-9,1,other
EFTA01385626.pdf,data-set-10-files-9,1,email
EFTA01385627.pdf,data-set-10-files-9,1,email
EFTA01385628.pdf,data-set-10-files-9,1,email
EFTA01385629.pdf,data-set-10-files-9,1,email
EFTA01385630.pdf,data-set-10-files-9,1,email
EFTA01385631.pdf,data-set-10-files-9,1,email
EFTA01385632.pdf,data-set-10-files-9,1,email
EFTA01385633.pdf,data-set-10-files-9,1,email
EFTA01385634.pdf,data-set-10-files-9,1,email
EFTA01385635.pdf,data-set-10-files-9,1,email
EFTA01385636.pdf,data-set-10-files-9,1,email
EFTA01385637.pdf,data-set-10-files-9,1,email
EFTA01385638.pdf,data-set-10-files-9,1,email
EFTA01385639.pdf,data-set-10-files-9,1,email
EFTA01385640.pdf,data-set-10-files-9,1,email
EFTA01385641.pdf,data-set-10-files-9,1,email
EFTA01385642.pdf,data-set-10-files-9,1,email
EFTA01385643.pdf,data-set-10-files-9,1,other
EFTA01385644.pdf,data-set-10-files-9,1,email
EFTA01385645.pdf,data-set-10-files-9,1,email
EFTA01385646.pdf,data-set-10-files-9,1,email
EFTA01385647.pdf,data-set-10-files-9,1,other
EFTA01385648.pdf,data-set-10-files-9,1,other
EFTA01385649.pdf,data-set-10-files-9,1,email
EFTA01385650.pdf,data-set-10-files-9,1,email
EFTA01385651.pdf,data-set-10-files-9,1,email
EFTA01385652.pdf,data-set-10-files-9,1,email
EFTA01385653.pdf,data-set-10-files-9,1,email
EFTA01385654.pdf,data-set-10-files-9,1,email
EFTA01385655.pdf,data-set-10-files-9,1,other
EFTA01385656.pdf,data-set-10-files-9,1,other
EFTA01385657.pdf,data-set-10-files-9,1,email
EFTA01385658.pdf,data-set-10-files-9,1,email
EFTA01385659.pdf,data-set-10-files-9,1,email
EFTA01385660.pdf,data-set-10-files-9,1,email
EFTA01385661.pdf,data-set-10-files-9,1,email
EFTA01385662.pdf,data-set-10-files-9,1,other
EFTA01385663.pdf,data-set-10-files-9,1,email
EFTA01385664.pdf,data-set-10-files-9,1,email
EFTA01385665.pdf,data-set-10-files-9,1,other
EFTA01385666.pdf,data-set-10-files-9,1,email
EFTA01385667.pdf,data-set-10-files-9,1,email
EFTA01385668.pdf,data-set-10-files-9,1,email
EFTA01385669.pdf,data-set-10-files-9,1,email
EFTA01385670.pdf,data-set-10-files-9,1,email
EFTA01385671.pdf,data-set-10-files-9,1,email
EFTA01385672.pdf,data-set-10-files-9,1,email
EFTA01385673.pdf,data-set-10-files-9,1,other
EFTA01385674.pdf,data-set-10-files-9,1,other
EFTA01385675.pdf,data-set-10-files-9,1,other
EFTA01385676.pdf,data-set-10-files-9,1,email
EFTA01385677.pdf,data-set-10-files-9,1,email
EFTA01385678.pdf,data-set-10-files-9,1,email
EFTA01385679.pdf,data-set-10-files-9,1,email
EFTA01385680.pdf,data-set-10-files-9,1,other
EFTA01385681.pdf,data-set-10-files-9,1,email
EFTA01385682.pdf,data-set-10-files-9,1,email
EFTA01385683.pdf,data-set-10-files-9,1,email
EFTA01385684.pdf,data-set-10-files-9,1,email
EFTA01385685.pdf,data-set-10-files-9,1,email
EFTA01385686.pdf,data-set-10-files-9,1,other
EFTA01385687.pdf,data-set-10-files-9,1,other
EFTA01385688.pdf,data-set-10-files-9,1,other
EFTA01385689.pdf,data-set-10-files-9,1,other
EFTA01385690.pdf,data-set-10-files-9,1,other
EFTA01385691.pdf,data-set-10-files-9,1,email
EFTA01385692.pdf,data-set-10-files-9,1,email
EFTA01385693.pdf,data-set-10-files-9,1,email
EFTA01385694.pdf,data-set-10-files-9,1,other
EFTA01385695.pdf,data-set-10-files-9,1,other
EFTA01385696.pdf,data-set-10-files-9,1,email
EFTA01385697.pdf,data-set-10-files-9,1,other
EFTA01385698.pdf,data-set-10-files-9,1,other
EFTA01385699.pdf,data-set-10-files-9,1,other
EFTA01385700.pdf,data-set-10-files-9,1,email
EFTA01385701.pdf,data-set-10-files-9,1,other
EFTA01385702.pdf,data-set-10-files-9,1,email
EFTA01385703.pdf,data-set-10-files-9,1,email
EFTA01385704.pdf,data-set-10-files-9,1,email
EFTA01385705.pdf,data-set-10-files-9,1,other
EFTA01385706.pdf,data-set-10-files-9,1,email
EFTA01385707.pdf,data-set-10-files-9,1,email
EFTA01385708.pdf,data-set-10-files-9,1,email
EFTA01385709.pdf,data-set-10-files-9,1,email
EFTA01385710.pdf,data-set-10-files-9,1,email
EFTA01385711.pdf,data-set-10-files-9,1,other
EFTA01385712.pdf,data-set-10-files-9,1,email
EFTA01385713.pdf,data-set-10-files-9,1,email
EFTA01385714.pdf,data-set-10-files-9,1,email
EFTA01385715.pdf,data-set-10-files-9,1,other
EFTA01385716.pdf,data-set-10-files-9,1,email
EFTA01385717.pdf,data-set-10-files-9,1,other
EFTA01385718.pdf,data-set-10-files-9,1,email
EFTA01385719.pdf,data-set-10-files-9,1,email
EFTA01385720.pdf,data-set-10-files-9,1,email
EFTA01385721.pdf,data-set-10-files-9,1,other
EFTA01385722.pdf,data-set-10-files-9,1,email
EFTA01385723.pdf,data-set-10-files-9,1,email
EFTA01385724.pdf,data-set-10-files-9,1,other
EFTA01385725.pdf,data-set-10-files-9,1,other
EFTA01385726.pdf,data-set-10-files-9,1,other
EFTA01385727.pdf,data-set-10-files-9,1,other
EFTA01385728.pdf,data-set-10-files-9,1,other
EFTA01385729.pdf,data-set-10-files-9,1,other
EFTA01385730.pdf,data-set-10-files-9,1,other
EFTA01385731.pdf,data-set-10-files-9,1,other
EFTA01385732.pdf,data-set-10-files-9,1,other
EFTA01385733.pdf,data-set-10-files-9,1,other
EFTA01385734.pdf,data-set-10-files-9,1,other
EFTA01385735.pdf,data-set-10-files-9,1,other
EFTA01385736.pdf,data-set-10-files-9,1,email
EFTA01385737.pdf,data-set-10-files-9,1,other
EFTA01385738.pdf,data-set-10-files-9,1,email
EFTA01385739.pdf,data-set-10-files-9,1,other
EFTA01385740.pdf,data-set-10-files-9,1,email
EFTA01385741.pdf,data-set-10-files-9,1,email
EFTA01385742.pdf,data-set-10-files-9,1,email
EFTA01385743.pdf,data-set-10-files-9,1,email
EFTA01385744.pdf,data-set-10-files-9,1,other
EFTA01385745.pdf,data-set-10-files-9,1,email
EFTA01385746.pdf,data-set-10-files-9,1,email
EFTA01385747.pdf,data-set-10-files-9,1,other
EFTA01385748.pdf,data-set-10-files-9,1,other
EFTA01385749.pdf,data-set-10-files-9,1,other
EFTA01385750.pdf,data-set-10-files-9,1,other
EFTA01385751.pdf,data-set-10-files-9,1,other
EFTA01385752.pdf,data-set-10-files-9,1,other
EFTA01385753.pdf,data-set-10-files-9,1,other
EFTA01385754.pdf,data-set-10-files-9,1,other
EFTA01385755.pdf,data-set-10-files-9,1,other
EFTA01385756.pdf,data-set-10-files-9,1,other
EFTA01385757.pdf,data-set-10-files-9,1,other
EFTA01385758.pdf,data-set-10-files-9,1,other
EFTA01385759.pdf,data-set-10-files-9,1,other
EFTA01385760.pdf,data-set-10-files-9,1,other
EFTA01385761.pdf,data-set-10-files-9,1,other
EFTA01385762.pdf,data-set-10-files-9,1,other
EFTA01385763.pdf,data-set-10-files-9,1,other
EFTA01385764.pdf,data-set-10-files-9,1,other
EFTA01385765.pdf,data-set-10-files-9,1,other
EFTA01385766.pdf,data-set-10-files-9,1,email
EFTA01385767.pdf,data-set-10-files-9,1,other
EFTA01385768.pdf,data-set-10-files-9,1,other
EFTA01385769.pdf,data-set-10-files-9,1,email
EFTA01385770.pdf,data-set-10-files-9,1,other
EFTA01385771.pdf,data-set-10-files-9,1,other
EFTA01385772.pdf,data-set-10-files-9,1,email
EFTA01385773.pdf,data-set-10-files-9,1,email
EFTA01385774.pdf,data-set-10-files-9,1,other
EFTA01385775.pdf,data-set-10-files-9,1,other
EFTA01385776.pdf,data-set-10-files-9,1,email
EFTA01385777.pdf,data-set-10-files-9,1,other
EFTA01385778.pdf,data-set-10-files-9,1,email
EFTA01385779.pdf,data-set-10-files-9,1,email
EFTA01385780.pdf,data-set-10-files-9,1,email
EFTA01385781.pdf,data-set-10-files-9,1,other
EFTA01385782.pdf,data-set-10-files-9,1,email
EFTA01385783.pdf,data-set-10-files-9,1,other
EFTA01385784.pdf,data-set-10-files-9,1,other
EFTA01385785.pdf,data-set-10-files-9,1,other
EFTA01385786.pdf,data-set-10-files-9,1,other
EFTA01385787.pdf,data-set-10-files-9,1,other
EFTA01385788.pdf,data-set-10-files-9,1,other
EFTA01385789.pdf,data-set-10-files-9,1,other
EFTA01385790.pdf,data-set-10-files-9,1,other
EFTA01385791.pdf,data-set-10-files-9,1,other
EFTA01385792.pdf,data-set-10-files-9,1,other
EFTA01385793.pdf,data-set-10-files-9,1,other
EFTA01385794.pdf,data-set-10-files-9,1,other
EFTA01385795.pdf,data-set-10-files-9,1,other
EFTA01385796.pdf,data-set-10-files-9,1,other
EFTA01385797.pdf,data-set-10-files-9,1,other
EFTA01385798.pdf,data-set-10-files-9,1,other
EFTA01385799.pdf,data-set-10-files-9,1,other
EFTA01385800.pdf,data-set-10-files-9,1,other
EFTA01385801.pdf,data-set-10-files-9,1,other
EFTA01385802.pdf,data-set-10-files-9,1,other
EFTA01385803.pdf,data-set-10-files-9,1,other
EFTA01385804.pdf,data-set-10-files-9,1,other
EFTA01385805.pdf,data-set-10-files-9,1,other
EFTA01385806.pdf,data-set-10-files-9,1,other
EFTA01385807.pdf,data-set-10-files-9,1,other
EFTA01385808.pdf,data-set-10-files-9,1,other
EFTA01385809.pdf,data-set-10-files-9,1,other
EFTA01385810.pdf,data-set-10-files-9,1,other
EFTA01385811.pdf,data-set-10-files-9,1,other
EFTA01385812.pdf,data-set-10-files-9,1,other
EFTA01385813.pdf,data-set-10-files-9,1,other
EFTA01385814.pdf,data-set-10-files-9,1,other
EFTA01385815.pdf,data-set-10-files-9,1,other
EFTA01385816.pdf,data-set-10-files-9,1,other
EFTA01385817.pdf,data-set-10-files-9,1,other
EFTA01385818.pdf,data-set-10-files-9,1,other
EFTA01385819.pdf,data-set-10-files-9,1,other
EFTA01385820.pdf,data-set-10-files-9,1,email
EFTA01385821.pdf,data-set-10-files-9,1,other
EFTA01385822.pdf,data-set-10-files-9,1,email
EFTA01385823.pdf,data-set-10-files-9,1,other
EFTA01385824.pdf,data-set-10-files-9,1,email
EFTA01385825.pdf,data-set-10-files-9,1,other
EFTA01385826.pdf,data-set-10-files-9,1,other
EFTA01385827.pdf,data-set-10-files-9,1,email
EFTA01385828.pdf,data-set-10-files-9,1,email
EFTA01385829.pdf,data-set-10-files-9,1,email
EFTA01385830.pdf,data-set-10-files-9,1,other
EFTA01385831.pdf,data-set-10-files-9,1,email
EFTA01385832.pdf,data-set-10-files-9,1,other
EFTA01385833.pdf,data-set-10-files-9,1,email
EFTA01385834.pdf,data-set-10-files-9,1,email
EFTA01385835.pdf,data-set-10-files-9,1,other
EFTA01385836.pdf,data-set-10-files-9,1,email
EFTA01385837.pdf,data-set-10-files-9,1,email
EFTA01385838.pdf,data-set-10-files-9,1,email
EFTA01385839.pdf,data-set-10-files-9,1,email
EFTA01385840.pdf,data-set-10-files-9,1,other
EFTA01385841.pdf,data-set-10-files-9,1,email
EFTA01385842.pdf,data-set-10-files-9,1,email
EFTA01385843.pdf,data-set-10-files-9,1,other
EFTA01385844.pdf,data-set-10-files-9,1,email
EFTA01385845.pdf,data-set-10-files-9,1,other
EFTA01385846.pdf,data-set-10-files-9,1,other
EFTA01385847.pdf,data-set-10-files-9,1,email
EFTA01385848.pdf,data-set-10-files-9,1,email
EFTA01385849.pdf,data-set-10-files-9,1,other
EFTA01385850.pdf,data-set-10-files-9,1,email
EFTA01385851.pdf,data-set-10-files-9,1,email
EFTA01385852.pdf,data-set-10-files-9,1,other
EFTA01385853.pdf,data-set-10-files-9,1,other
EFTA01385854.pdf,data-set-10-files-9,1,other
EFTA01385855.pdf,data-set-10-files-9,1,email
EFTA01385856.pdf,data-set-10-files-9,1,other
EFTA01385857.pdf,data-set-10-files-9,1,other
EFTA01385858.pdf,data-set-10-files-9,1,other
EFTA01385859.pdf,data-set-10-files-9,1,other
EFTA01385860.pdf,data-set-10-files-9,1,other
EFTA01385861.pdf,data-set-10-files-9,1,other
EFTA01385862.pdf,data-set-10-files-9,1,other
EFTA01385863.pdf,data-set-10-files-9,1,email
EFTA01385864.pdf,data-set-10-files-9,1,other
EFTA01385865.pdf,data-set-10-files-9,1,other
EFTA01385866.pdf,data-set-10-files-9,1,other
EFTA01385867.pdf,data-set-10-files-9,1,email
EFTA01385868.pdf,data-set-10-files-9,1,other
EFTA01385869.pdf,data-set-10-files-9,1,other
EFTA01385870.pdf,data-set-10-files-9,1,other
EFTA01385871.pdf,data-set-10-files-9,1,other
EFTA01385872.pdf,data-set-10-files-9,1,email
EFTA01385873.pdf,data-set-10-files-9,1,email
EFTA01385874.pdf,data-set-10-files-9,1,other
EFTA01385875.pdf,data-set-10-files-9,1,other
EFTA01385876.pdf,data-set-10-files-9,1,other
EFTA01385877.pdf,data-set-10-files-9,1,other
EFTA01385878.pdf,data-set-10-files-9,1,other
EFTA01385879.pdf,data-set-10-files-9,1,other
EFTA01385880.pdf,data-set-10-files-9,1,other
EFTA01385881.pdf,data-set-10-files-9,1,other
EFTA01385882.pdf,data-set-10-files-9,1,other
EFTA01385883.pdf,data-set-10-files-9,1,other
EFTA01385884.pdf,data-set-10-files-9,1,other
EFTA01385885.pdf,data-set-10-files-9,1,other
EFTA01385886.pdf,data-set-10-files-9,1,other
EFTA01385887.pdf,data-set-10-files-9,1,other
EFTA01385888.pdf,data-set-10-files-9,1,other
EFTA01385889.pdf,data-set-10-files-9,1,other
EFTA01385890.pdf,data-set-10-files-9,1,other
EFTA01385891.pdf,data-set-10-files-9,1,other
EFTA01385892.pdf,data-set-10-files-9,1,email
EFTA01385893.pdf,data-set-10-files-9,1,email
EFTA01385894.pdf,data-set-10-files-9,1,other
EFTA01385895.pdf,data-set-10-files-9,1,other
EFTA01385896.pdf,data-set-10-files-9,1,email
EFTA01385897.pdf,data-set-10-files-9,1,other
EFTA01385898.pdf,data-set-10-files-9,1,other
EFTA01385899.pdf,data-set-10-files-9,1,other
EFTA01385900.pdf,data-set-10-files-9,1,email
EFTA01385901.pdf,data-set-10-files-9,1,other
EFTA01385902.pdf,data-set-10-files-9,1,other
EFTA01385903.pdf,data-set-10-files-9,1,other
EFTA01385904.pdf,data-set-10-files-9,1,other
EFTA01385905.pdf,data-set-10-files-9,1,other
EFTA01385906.pdf,data-set-10-files-9,1,other
EFTA01385907.pdf,data-set-10-files-9,1,email
EFTA01385908.pdf,data-set-10-files-9,1,other
EFTA01385909.pdf,data-set-10-files-9,1,other
EFTA01385910.pdf,data-set-10-files-9,1,other
EFTA01385911.pdf,data-set-10-files-9,1,other
EFTA01385912.pdf,data-set-10-files-9,1,other
EFTA01385913.pdf,data-set-10-files-9,1,other
EFTA01385914.pdf,data-set-10-files-9,1,other
EFTA01385915.pdf,data-set-10-files-9,1,other
EFTA01385916.pdf,data-set-10-files-9,1,other
EFTA01385917.pdf,data-set-10-files-9,1,other
EFTA01385918.pdf,data-set-10-files-9,1,other
EFTA01385919.pdf,data-set-10-files-9,1,other
EFTA01385920.pdf,data-set-10-files-9,1,other
EFTA01385921.pdf,data-set-10-files-9,1,other
EFTA01385922.pdf,data-set-10-files-9,1,other
EFTA01385923.pdf,data-set-10-files-9,1,other
EFTA01385924.pdf,data-set-10-files-9,1,other
EFTA01385925.pdf,data-set-10-files-9,1,other
EFTA01385926.pdf,data-set-10-files-9,1,other
EFTA01385927.pdf,data-set-10-files-9,1,other
EFTA01385928.pdf,data-set-10-files-9,1,other
EFTA01385929.pdf,data-set-10-files-9,1,other
EFTA01385930.pdf,data-set-10-files-9,1,other
EFTA01385931.pdf,data-set-10-files-9,1,other
EFTA01385932.pdf,data-set-10-files-9,1,other
EFTA01385933.pdf,data-set-10-files-9,1,other
EFTA01385934.pdf,data-set-10-files-9,1,other
EFTA01385935.pdf,data-set-10-files-9,1,other
EFTA01385936.pdf,data-set-10-files-9,1,other
EFTA01385937.pdf,data-set-10-files-9,1,other
EFTA01385938.pdf,data-set-10-files-9,1,other
EFTA01385939.pdf,data-set-10-files-9,1,other
EFTA01385940.pdf,data-set-10-files-9,1,other
EFTA01385941.pdf,data-set-10-files-9,1,other
EFTA01385942.pdf,data-set-10-files-9,1,other
EFTA01385943.pdf,data-set-10-files-9,1,other
EFTA01385944.pdf,data-set-10-files-9,1,other
EFTA01385945.pdf,data-set-10-files-9,1,other
EFTA01385946.pdf,data-set-10-files-9,1,other
EFTA01385947.pdf,data-set-10-files-9,1,other
EFTA01385948.pdf,data-set-10-files-9,1,other
EFTA01385949.pdf,data-set-10-files-9,1,other
EFTA01385950.pdf,data-set-10-files-9,1,other
EFTA01385951.pdf,data-set-10-files-9,1,other
EFTA01385952.pdf,data-set-10-files-9,1,other
EFTA01385953.pdf,data-set-10-files-9,1,other
EFTA01385954.pdf,data-set-10-files-9,1,other
EFTA01385955.pdf,data-set-10-files-9,1,other
EFTA01385956.pdf,data-set-10-files-9,1,other
EFTA01385957.pdf,data-set-10-files-9,1,other
EFTA01385958.pdf,data-set-10-files-9,1,other
EFTA01385959.pdf,data-set-10-files-9,1,other
EFTA01385960.pdf,data-set-10-files-9,1,other
EFTA01385961.pdf,data-set-10-files-9,1,other
EFTA01385962.pdf,data-set-10-files-9,1,other
EFTA01385963.pdf,data-set-10-files-9,1,other
EFTA01385964.pdf,data-set-10-files-9,1,other
EFTA01385965.pdf,data-set-10-files-9,1,other
EFTA01385966.pdf,data-set-10-files-9,1,other
EFTA01385967.pdf,data-set-10-files-9,1,other
EFTA01385968.pdf,data-set-10-files-9,1,other
EFTA01385969.pdf,data-set-10-files-9,1,other
EFTA01385970.pdf,data-set-10-files-9,1,other
EFTA01385971.pdf,data-set-10-files-9,1,other
EFTA01385972.pdf,data-set-10-files-9,1,other
EFTA01385973.pdf,data-set-10-files-9,1,other
EFTA01385974.pdf,data-set-10-files-9,1,other
EFTA01385975.pdf,data-set-10-files-9,1,other
EFTA01385976.pdf,data-set-10-files-9,1,other
EFTA01385977.pdf,data-set-10-files-9,1,other
EFTA01385978.pdf,data-set-10-files-9,1,other
EFTA01385979.pdf,data-set-10-files-9,1,other
EFTA01385980.pdf,data-set-10-files-9,1,other
EFTA01385981.pdf,data-set-10-files-9,1,other
EFTA01385982.pdf,data-set-10-files-9,1,other
EFTA01385983.pdf,data-set-10-files-9,1,other
EFTA01385984.pdf,data-set-10-files-9,1,other
EFTA01385985.pdf,data-set-10-files-9,1,email
EFTA01385986.pdf,data-set-10-files-9,1,other
EFTA01385987.pdf,data-set-10-files-9,1,other
EFTA01385988.pdf,data-set-10-files-9,1,other
EFTA01385989.pdf,data-set-10-files-9,1,email
EFTA01385990.pdf,data-set-10-files-9,1,other
EFTA01385991.pdf,data-set-10-files-9,1,other
EFTA01385992.pdf,data-set-10-files-9,1,other
EFTA01385993.pdf,data-set-10-files-9,1,email
EFTA01385994.pdf,data-set-10-files-9,1,email
EFTA01385995.pdf,data-set-10-files-9,1,email
EFTA01385996.pdf,data-set-10-files-9,1,email
EFTA01385997.pdf,data-set-10-files-9,1,email
EFTA01385998.pdf,data-set-10-files-9,1,other
EFTA01385999.pdf,data-set-10-files-9,1,email
EFTA01386000.pdf,data-set-10-files-9,1,email
EFTA01386001.pdf,data-set-10-files-9,1,email
EFTA01386002.pdf,data-set-10-files-9,1,other
EFTA01386003.pdf,data-set-10-files-9,1,other
EFTA01386004.pdf,data-set-10-files-9,1,other
EFTA01386005.pdf,data-set-10-files-9,1,other
EFTA01386006.pdf,data-set-10-files-9,1,email
EFTA01386007.pdf,data-set-10-files-9,1,other
EFTA01386008.pdf,data-set-10-files-9,1,email
EFTA01386009.pdf,data-set-10-files-9,1,other
EFTA01386010.pdf,data-set-10-files-9,1,email
EFTA01386011.pdf,data-set-10-files-9,1,other
EFTA01386012.pdf,data-set-10-files-9,1,other
EFTA01386013.pdf,data-set-10-files-9,1,email
EFTA01386014.pdf,data-set-10-files-9,1,other
EFTA01386015.pdf,data-set-10-files-9,1,other
EFTA01386016.pdf,data-set-10-files-9,1,email
EFTA01386017.pdf,data-set-10-files-9,1,email
EFTA01386018.pdf,data-set-10-files-9,1,other
EFTA01386019.pdf,data-set-10-files-9,1,email
EFTA01386020.pdf,data-set-10-files-9,1,other
EFTA01386021.pdf,data-set-10-files-9,1,email
EFTA01386022.pdf,data-set-10-files-9,1,other
EFTA01386023.pdf,data-set-10-files-9,1,other
EFTA01386024.pdf,data-set-10-files-9,1,email
EFTA01386025.pdf,data-set-10-files-9,1,other
EFTA01386026.pdf,data-set-10-files-9,1,other
EFTA01386027.pdf,data-set-10-files-9,1,other
EFTA01386028.pdf,data-set-10-files-9,1,other
EFTA01386029.pdf,data-set-10-files-9,1,other
EFTA01386030.pdf,data-set-10-files-9,1,other
EFTA01386031.pdf,data-set-10-files-9,1,other
EFTA01386032.pdf,data-set-10-files-9,1,email
EFTA01386033.pdf,data-set-10-files-9,1,other
EFTA01386034.pdf,data-set-10-files-9,1,other
EFTA01386035.pdf,data-set-10-files-9,1,other
EFTA01386036.pdf,data-set-10-files-9,1,other
EFTA01386037.pdf,data-set-10-files-9,1,other
EFTA01386038.pdf,data-set-10-files-9,1,other
EFTA01386039.pdf,data-set-10-files-9,1,other
EFTA01386040.pdf,data-set-10-files-9,1,other
EFTA01386041.pdf,data-set-10-files-9,1,other
EFTA01386042.pdf,data-set-10-files-9,1,other
EFTA01386043.pdf,data-set-10-files-9,1,other
EFTA01386044.pdf,data-set-10-files-9,1,other
EFTA01386045.pdf,data-set-10-files-9,1,other
EFTA01386046.pdf,data-set-10-files-9,1,other
EFTA01386047.pdf,data-set-10-files-9,1,other
EFTA01386048.pdf,data-set-10-files-9,1,other
EFTA01386049.pdf,data-set-10-files-9,1,other
EFTA01386050.pdf,data-set-10-files-9,1,other
EFTA01386051.pdf,data-set-10-files-9,1,other
EFTA01386052.pdf,data-set-10-files-9,1,other
EFTA01386053.pdf,data-set-10-files-9,1,email
EFTA01386054.pdf,data-set-10-files-9,1,other
EFTA01386055.pdf,data-set-10-files-9,1,other
EFTA01386056.pdf,data-set-10-files-9,1,other
EFTA01386057.pdf,data-set-10-files-9,1,other
EFTA01386058.pdf,data-set-10-files-9,1,other
EFTA01386059.pdf,data-set-10-files-9,1,other
EFTA01386060.pdf,data-set-10-files-9,1,other
EFTA01386061.pdf,data-set-10-files-9,1,other
EFTA01386062.pdf,data-set-10-files-9,1,other
EFTA01386063.pdf,data-set-10-files-9,1,other
EFTA01386064.pdf,data-set-10-files-9,1,other
EFTA01386065.pdf,data-set-10-files-9,1,other
EFTA01386066.pdf,data-set-10-files-9,1,other
EFTA01386067.pdf,data-set-10-files-9,1,other
EFTA01386068.pdf,data-set-10-files-9,1,other
EFTA01386069.pdf,data-set-10-files-9,1,other
EFTA01386070.pdf,data-set-10-files-9,1,other
EFTA01386071.pdf,data-set-10-files-9,1,other
EFTA01386072.pdf,data-set-10-files-9,1,other
EFTA01386073.pdf,data-set-10-files-9,1,other
EFTA01386074.pdf,data-set-10-files-9,1,other
EFTA01386075.pdf,data-set-10-files-9,1,other
EFTA01386076.pdf,data-set-10-files-9,1,other
EFTA01386077.pdf,data-set-10-files-9,1,other
EFTA01386078.pdf,data-set-10-files-9,1,other
EFTA01386079.pdf,data-set-10-files-9,1,email
EFTA01386080.pdf,data-set-10-files-9,1,email
EFTA01386081.pdf,data-set-10-files-9,1,email
EFTA01386082.pdf,data-set-10-files-9,1,other
EFTA01386083.pdf,data-set-10-files-9,1,other
EFTA01386084.pdf,data-set-10-files-9,1,other
EFTA01386085.pdf,data-set-10-files-9,1,other
EFTA01386086.pdf,data-set-10-files-9,1,other
EFTA01386087.pdf,data-set-10-files-9,1,other
EFTA01386088.pdf,data-set-10-files-9,1,other
EFTA01386089.pdf,data-set-10-files-9,1,other
EFTA01386090.pdf,data-set-10-files-9,1,other
EFTA01386091.pdf,data-set-10-files-9,1,other
EFTA01386092.pdf,data-set-10-files-9,1,other
EFTA01386093.pdf,data-set-10-files-9,1,other
EFTA01386094.pdf,data-set-10-files-9,1,email
EFTA01386095.pdf,data-set-10-files-9,1,other
EFTA01386096.pdf,data-set-10-files-9,1,other
EFTA01386097.pdf,data-set-10-files-9,1,other
EFTA01386098.pdf,data-set-10-files-9,1,other
EFTA01386099.pdf,data-set-10-files-9,1,other
EFTA01386100.pdf,data-set-10-files-9,1,other
EFTA01386101.pdf,data-set-10-files-9,1,other
EFTA01386102.pdf,data-set-10-files-9,1,other
EFTA01386103.pdf,data-set-10-files-9,1,other
EFTA01386104.pdf,data-set-10-files-9,1,other
EFTA01386105.pdf,data-set-10-files-9,1,other
EFTA01386106.pdf,data-set-10-files-9,1,other
EFTA01386107.pdf,data-set-10-files-9,1,other
EFTA01386108.pdf,data-set-10-files-9,1,other
EFTA01386109.pdf,data-set-10-files-9,1,other
EFTA01386110.pdf,data-set-10-files-9,1,other
EFTA01386111.pdf,data-set-10-files-9,1,other
EFTA01386112.pdf,data-set-10-files-9,1,other
EFTA01386113.pdf,data-set-10-files-9,1,other
EFTA01386114.pdf,data-set-10-files-9,1,other
EFTA01386115.pdf,data-set-10-files-9,1,other
EFTA01386116.pdf,data-set-10-files-9,1,other
EFTA01386117.pdf,data-set-10-files-9,1,other
EFTA01386118.pdf,data-set-10-files-9,1,other
EFTA01386119.pdf,data-set-10-files-9,1,other
EFTA01386120.pdf,data-set-10-files-9,1,other
EFTA01386121.pdf,data-set-10-files-9,1,other
EFTA01386122.pdf,data-set-10-files-9,1,other
EFTA01386123.pdf,data-set-10-files-9,1,other
EFTA01386124.pdf,data-set-10-files-9,1,other
EFTA01386125.pdf,data-set-10-files-9,1,other
EFTA01386126.pdf,data-set-10-files-9,1,other
EFTA01386127.pdf,data-set-10-files-9,1,other
EFTA01386128.pdf,data-set-10-files-9,1,other
EFTA01386129.pdf,data-set-10-files-9,1,other
EFTA01386130.pdf,data-set-10-files-9,1,other
EFTA01386131.pdf,data-set-10-files-9,1,other
EFTA01386132.pdf,data-set-10-files-9,1,other
EFTA01386133.pdf,data-set-10-files-9,1,other
EFTA01386134.pdf,data-set-10-files-9,1,other
EFTA01386135.pdf,data-set-10-files-9,1,other
EFTA01386136.pdf,data-set-10-files-9,1,other
EFTA01386137.pdf,data-set-10-files-9,1,other
EFTA01386138.pdf,data-set-10-files-9,1,other
EFTA01386139.pdf,data-set-10-files-9,1,other
EFTA01386140.pdf,data-set-10-files-9,1,other
EFTA01386141.pdf,data-set-10-files-9,1,other
EFTA01386142.pdf,data-set-10-files-9,1,other
EFTA01386143.pdf,data-set-10-files-9,1,other
EFTA01386144.pdf,data-set-10-files-9,1,other
EFTA01386145.pdf,data-set-10-files-9,1,other
EFTA01386146.pdf,data-set-10-files-9,1,other
EFTA01386147.pdf,data-set-10-files-9,1,other
EFTA01386148.pdf,data-set-10-files-9,1,other
EFTA01386149.pdf,data-set-10-files-9,1,other
EFTA01386150.pdf,data-set-10-files-9,1,other
EFTA01386151.pdf,data-set-10-files-9,1,other
EFTA01386152.pdf,data-set-10-files-9,1,email
EFTA01386153.pdf,data-set-10-files-9,1,other
EFTA01386154.pdf,data-set-10-files-9,1,other
EFTA01386155.pdf,data-set-10-files-9,1,other
EFTA01386156.pdf,data-set-10-files-9,1,other
EFTA01386157.pdf,data-set-10-files-9,1,other
EFTA01386158.pdf,data-set-10-files-9,1,other
EFTA01386159.pdf,data-set-10-files-9,1,other
EFTA01386160.pdf,data-set-10-files-9,1,other
EFTA01386161.pdf,data-set-10-files-9,1,other
EFTA01386162.pdf,data-set-10-files-9,1,other
EFTA01386163.pdf,data-set-10-files-9,1,other
EFTA01386164.pdf,data-set-10-files-9,1,other
EFTA01386165.pdf,data-set-10-files-9,1,other
EFTA01386166.pdf,data-set-10-files-9,1,other
EFTA01386167.pdf,data-set-10-files-9,1,other
EFTA01386168.pdf,data-set-10-files-9,1,other
EFTA01386169.pdf,data-set-10-files-9,1,other
EFTA01386170.pdf,data-set-10-files-9,1,other
EFTA01386171.pdf,data-set-10-files-9,1,other
EFTA01386172.pdf,data-set-10-files-9,1,other
EFTA01386173.pdf,data-set-10-files-9,1,other
EFTA01386174.pdf,data-set-10-files-9,1,other
EFTA01386175.pdf,data-set-10-files-9,1,other
EFTA01386176.pdf,data-set-10-files-9,1,other
EFTA01386177.pdf,data-set-10-files-9,1,other
EFTA01386178.pdf,data-set-10-files-9,1,other
EFTA01386179.pdf,data-set-10-files-9,1,other
EFTA01386180.pdf,data-set-10-files-9,1,other
EFTA01386181.pdf,data-set-10-files-9,1,other
EFTA01386182.pdf,data-set-10-files-9,1,other
EFTA01386183.pdf,data-set-10-files-9,1,other
EFTA01386184.pdf,data-set-10-files-9,1,other
EFTA01386185.pdf,data-set-10-files-9,1,other
EFTA01386186.pdf,data-set-10-files-9,1,other
EFTA01386187.pdf,data-set-10-files-9,1,other
EFTA01386188.pdf,data-set-10-files-9,1,other
EFTA01386189.pdf,data-set-10-files-9,1,other
EFTA01386190.pdf,data-set-10-files-9,1,other
EFTA01386191.pdf,data-set-10-files-9,1,other
EFTA01386192.pdf,data-set-10-files-9,1,other
EFTA01386193.pdf,data-set-10-files-9,1,other
EFTA01386194.pdf,data-set-10-files-9,1,other
EFTA01386195.pdf,data-set-10-files-9,1,other
EFTA01386196.pdf,data-set-10-files-9,1,other
EFTA01386197.pdf,data-set-10-files-9,1,other
EFTA01386198.pdf,data-set-10-files-9,1,other
EFTA01386199.pdf,data-set-10-files-9,1,other
EFTA01386200.pdf,data-set-10-files-9,1,other
EFTA01386201.pdf,data-set-10-files-9,1,other
EFTA01386202.pdf,data-set-10-files-9,1,other
EFTA01386203.pdf,data-set-10-files-9,1,other
EFTA01386204.pdf,data-set-10-files-9,1,other
EFTA01386205.pdf,data-set-10-files-9,1,other
EFTA01386206.pdf,data-set-10-files-9,1,other
EFTA01386207.pdf,data-set-10-files-9,1,other
EFTA01386208.pdf,data-set-10-files-9,1,other
EFTA01386209.pdf,data-set-10-files-9,1,other
EFTA01386210.pdf,data-set-10-files-9,1,other
EFTA01386211.pdf,data-set-10-files-9,1,other
EFTA01386212.pdf,data-set-10-files-9,1,other
EFTA01386213.pdf,data-set-10-files-9,1,other
EFTA01386214.pdf,data-set-10-files-9,1,other
EFTA01386215.pdf,data-set-10-files-9,1,other
EFTA01386216.pdf,data-set-10-files-9,1,other
EFTA01386217.pdf,data-set-10-files-9,1,email
EFTA01386218.pdf,data-set-10-files-9,1,other
EFTA01386219.pdf,data-set-10-files-9,1,other
EFTA01386220.pdf,data-set-10-files-9,1,other
EFTA01386221.pdf,data-set-10-files-9,1,other
EFTA01386222.pdf,data-set-10-files-9,1,other
EFTA01386223.pdf,data-set-10-files-9,1,other
EFTA01386224.pdf,data-set-10-files-9,1,other
EFTA01386225.pdf,data-set-10-files-9,1,other
EFTA01386226.pdf,data-set-10-files-9,1,other
EFTA01386227.pdf,data-set-10-files-9,1,other
EFTA01386228.pdf,data-set-10-files-9,1,other
EFTA01386229.pdf,data-set-10-files-9,1,other
EFTA01386230.pdf,data-set-10-files-9,1,other
EFTA01386231.pdf,data-set-10-files-9,1,other
EFTA01386232.pdf,data-set-10-files-9,1,other
EFTA01386233.pdf,data-set-10-files-9,1,email
EFTA01386234.pdf,data-set-10-files-9,1,other
EFTA01386235.pdf,data-set-10-files-9,1,other
EFTA01386236.pdf,data-set-10-files-9,1,other
EFTA01386237.pdf,data-set-10-files-9,1,other
EFTA01386238.pdf,data-set-10-files-9,1,other
EFTA01386239.pdf,data-set-10-files-9,1,other
EFTA01386240.pdf,data-set-10-files-9,1,other
EFTA01386241.pdf,data-set-10-files-9,1,other
EFTA01386242.pdf,data-set-10-files-9,1,other
EFTA01386243.pdf,data-set-10-files-9,1,other
EFTA01386244.pdf,data-set-10-files-9,1,other
EFTA01386245.pdf,data-set-10-files-9,1,other
EFTA01386246.pdf,data-set-10-files-9,1,other
EFTA01386247.pdf,data-set-10-files-9,1,other
EFTA01386248.pdf,data-set-10-files-9,1,other
EFTA01386249.pdf,data-set-10-files-9,1,other
EFTA01386250.pdf,data-set-10-files-9,1,other
EFTA01386251.pdf,data-set-10-files-9,1,other
EFTA01386252.pdf,data-set-10-files-9,1,other
EFTA01386253.pdf,data-set-10-files-9,1,other
EFTA01386254.pdf,data-set-10-files-9,1,other
EFTA01386255.pdf,data-set-10-files-9,1,other
EFTA01386256.pdf,data-set-10-files-9,1,other
EFTA01386257.pdf,data-set-10-files-9,1,other
EFTA01386258.pdf,data-set-10-files-9,1,other
EFTA01386259.pdf,data-set-10-files-9,1,other
EFTA01386260.pdf,data-set-10-files-9,1,email
EFTA01386261.pdf,data-set-10-files-9,1,other
EFTA01386262.pdf,data-set-10-files-9,1,other
EFTA01386263.pdf,data-set-10-files-9,1,other
EFTA01386264.pdf,data-set-10-files-9,1,other
EFTA01386265.pdf,data-set-10-files-9,1,other
EFTA01386266.pdf,data-set-10-files-9,1,other
EFTA01386267.pdf,data-set-10-files-9,1,other
EFTA01386268.pdf,data-set-10-files-9,1,other
EFTA01386269.pdf,data-set-10-files-9,1,other
EFTA01386270.pdf,data-set-10-files-9,1,other
EFTA01386271.pdf,data-set-10-files-9,1,other
EFTA01386272.pdf,data-set-10-files-9,1,other
EFTA01386273.pdf,data-set-10-files-9,1,other
EFTA01386274.pdf,data-set-10-files-9,1,other
EFTA01386275.pdf,data-set-10-files-9,1,other
EFTA01386276.pdf,data-set-10-files-9,1,other
EFTA01386277.pdf,data-set-10-files-9,1,other
EFTA01386278.pdf,data-set-10-files-9,1,other
EFTA01386279.pdf,data-set-10-files-9,1,other
EFTA01386280.pdf,data-set-10-files-9,1,other
EFTA01386281.pdf,data-set-10-files-9,1,other
EFTA01386282.pdf,data-set-10-files-9,1,other
EFTA01386283.pdf,data-set-10-files-9,1,other
EFTA01386284.pdf,data-set-10-files-9,1,other
EFTA01386285.pdf,data-set-10-files-9,1,other
EFTA01386286.pdf,data-set-10-files-9,1,other
EFTA01386287.pdf,data-set-10-files-9,1,other
EFTA01386288.pdf,data-set-10-files-9,1,other
EFTA01386289.pdf,data-set-10-files-9,1,email
EFTA01386290.pdf,data-set-10-files-9,1,other
EFTA01386291.pdf,data-set-10-files-9,1,other
EFTA01386292.pdf,data-set-10-files-9,1,email
EFTA01386293.pdf,data-set-10-files-9,1,other
EFTA01386294.pdf,data-set-10-files-9,1,other
EFTA01386295.pdf,data-set-10-files-9,1,other
EFTA01386296.pdf,data-set-10-files-9,1,email
EFTA01386297.pdf,data-set-10-files-9,1,email
EFTA01386298.pdf,data-set-10-files-9,1,email
EFTA01386299.pdf,data-set-10-files-9,1,email
EFTA01386300.pdf,data-set-10-files-9,1,email
EFTA01386301.pdf,data-set-10-files-9,1,other
EFTA01386302.pdf,data-set-10-files-9,1,email
EFTA01386303.pdf,data-set-10-files-9,1,other
EFTA01386304.pdf,data-set-10-files-9,1,other
EFTA01386305.pdf,data-set-10-files-9,1,email
EFTA01386306.pdf,data-set-10-files-9,1,other
EFTA01386307.pdf,data-set-10-files-9,1,email
EFTA01386308.pdf,data-set-10-files-9,1,other
EFTA01386309.pdf,data-set-10-files-9,1,email
EFTA01386310.pdf,data-set-10-files-9,1,other
EFTA01386311.pdf,data-set-10-files-9,1,email
EFTA01386312.pdf,data-set-10-files-9,1,email
EFTA01386313.pdf,data-set-10-files-9,1,other
EFTA01386314.pdf,data-set-10-files-9,1,other
EFTA01386315.pdf,data-set-10-files-9,1,other
EFTA01386316.pdf,data-set-10-files-9,1,other
EFTA01386317.pdf,data-set-10-files-9,1,other
EFTA01386318.pdf,data-set-10-files-9,1,other
EFTA01386319.pdf,data-set-10-files-9,1,email
EFTA01386320.pdf,data-set-10-files-9,1,other
EFTA01386321.pdf,data-set-10-files-9,1,other
EFTA01386322.pdf,data-set-10-files-9,1,email
EFTA01386323.pdf,data-set-10-files-9,1,email
EFTA01386324.pdf,data-set-10-files-9,1,other
EFTA01386325.pdf,data-set-10-files-9,1,email
EFTA01386326.pdf,data-set-10-files-9,1,email
EFTA01386327.pdf,data-set-10-files-9,1,email
EFTA01386328.pdf,data-set-10-files-9,1,email
EFTA01386329.pdf,data-set-10-files-9,1,email
EFTA01386330.pdf,data-set-10-files-9,1,email
EFTA01386331.pdf,data-set-10-files-9,1,email
EFTA01386332.pdf,data-set-10-files-9,1,email
EFTA01386333.pdf,data-set-10-files-9,1,email
EFTA01386334.pdf,data-set-10-files-9,1,email
EFTA01386335.pdf,data-set-10-files-9,1,email
EFTA01386336.pdf,data-set-10-files-9,1,other
EFTA01386337.pdf,data-set-10-files-9,1,email
EFTA01386338.pdf,data-set-10-files-9,1,other
EFTA01386339.pdf,data-set-10-files-9,1,other
EFTA01386340.pdf,data-set-10-files-9,1,email
EFTA01386341.pdf,data-set-10-files-9,1,other
EFTA01386342.pdf,data-set-10-files-9,1,other
EFTA01386343.pdf,data-set-10-files-9,1,other
EFTA01386344.pdf,data-set-10-files-9,1,other
EFTA01386345.pdf,data-set-10-files-9,1,other
EFTA01386346.pdf,data-set-10-files-9,1,other
EFTA01386347.pdf,data-set-10-files-9,1,other
EFTA01386348.pdf,data-set-10-files-9,1,other
EFTA01386349.pdf,data-set-10-files-9,1,other
EFTA01386350.pdf,data-set-10-files-9,1,other
EFTA01386351.pdf,data-set-10-files-9,1,other
EFTA01386352.pdf,data-set-10-files-9,1,email
EFTA01386353.pdf,data-set-10-files-9,1,other
EFTA01386354.pdf,data-set-10-files-9,1,email
EFTA01386355.pdf,data-set-10-files-9,1,email
EFTA01386356.pdf,data-set-10-files-9,1,other
EFTA01386357.pdf,data-set-10-files-9,1,other
EFTA01386358.pdf,data-set-10-files-9,1,other
EFTA01386359.pdf,data-set-10-files-9,1,email
EFTA01386360.pdf,data-set-10-files-9,1,email
EFTA01386361.pdf,data-set-10-files-9,1,email
EFTA01386362.pdf,data-set-10-files-9,1,email
EFTA01386363.pdf,data-set-10-files-9,1,other
EFTA01386364.pdf,data-set-10-files-9,1,other
EFTA01386365.pdf,data-set-10-files-9,1,email
EFTA01386366.pdf,data-set-10-files-9,1,email
EFTA01386367.pdf,data-set-10-files-9,1,other
EFTA01386368.pdf,data-set-10-files-9,1,email
EFTA01386369.pdf,data-set-10-files-9,1,email
EFTA01386370.pdf,data-set-10-files-9,1,email
EFTA01386371.pdf,data-set-10-files-9,1,email
EFTA01386372.pdf,data-set-10-files-9,1,email
EFTA01386373.pdf,data-set-10-files-9,1,email
EFTA01386374.pdf,data-set-10-files-9,1,other
EFTA01386375.pdf,data-set-10-files-9,1,other
EFTA01386376.pdf,data-set-10-files-9,1,email
EFTA01386377.pdf,data-set-10-files-9,1,other
EFTA01386378.pdf,data-set-10-files-9,1,other
EFTA01386379.pdf,data-set-10-files-9,1,other
EFTA01386380.pdf,data-set-10-files-9,1,email
EFTA01386381.pdf,data-set-10-files-9,1,email
EFTA01386382.pdf,data-set-10-files-9,1,other
EFTA01386383.pdf,data-set-10-files-9,1,other
EFTA01386384.pdf,data-set-10-files-9,1,email
EFTA01386385.pdf,data-set-10-files-9,1,other
EFTA01386386.pdf,data-set-10-files-9,1,other
EFTA01386387.pdf,data-set-10-files-9,1,other
EFTA01386388.pdf,data-set-10-files-9,1,other
EFTA01386389.pdf,data-set-10-files-9,1,email
EFTA01386390.pdf,data-set-10-files-9,1,other
EFTA01386391.pdf,data-set-10-files-9,1,other
EFTA01386392.pdf,data-set-10-files-9,1,other
EFTA01386393.pdf,data-set-10-files-9,1,other
EFTA01386394.pdf,data-set-10-files-9,1,other
EFTA01386395.pdf,data-set-10-files-9,1,other
EFTA01386396.pdf,data-set-10-files-9,1,other
EFTA01386397.pdf,data-set-10-files-9,1,other
EFTA01386398.pdf,data-set-10-files-9,1,other
EFTA01386399.pdf,data-set-10-files-9,1,other
EFTA01386400.pdf,data-set-10-files-9,1,other
EFTA01386401.pdf,data-set-10-files-9,1,other
EFTA01386402.pdf,data-set-10-files-9,1,other
EFTA01386403.pdf,data-set-10-files-9,1,other
EFTA01386404.pdf,data-set-10-files-9,1,email
EFTA01386405.pdf,data-set-10-files-9,1,email
EFTA01386406.pdf,data-set-10-files-9,1,email
EFTA01386407.pdf,data-set-10-files-9,1,other
EFTA01386408.pdf,data-set-10-files-9,1,other
EFTA01386409.pdf,data-set-10-files-9,1,other
EFTA01386410.pdf,data-set-10-files-9,1,other
EFTA01386411.pdf,data-set-10-files-9,1,email
EFTA01386412.pdf,data-set-10-files-9,1,other
EFTA01386413.pdf,data-set-10-files-9,1,other
EFTA01386414.pdf,data-set-10-files-9,1,email
EFTA01386415.pdf,data-set-10-files-9,1,other
EFTA01386416.pdf,data-set-10-files-9,1,other
EFTA01386417.pdf,data-set-10-files-9,1,other
EFTA01386418.pdf,data-set-10-files-9,1,email
EFTA01386419.pdf,data-set-10-files-9,1,email
EFTA01386420.pdf,data-set-10-files-9,1,other
EFTA01386421.pdf,data-set-10-files-9,1,other
EFTA01386422.pdf,data-set-10-files-9,1,other
EFTA01386423.pdf,data-set-10-files-9,1,other
EFTA01386424.pdf,data-set-10-files-9,1,email
EFTA01386425.pdf,data-set-10-files-9,1,email
EFTA01386426.pdf,data-set-10-files-9,1,other
EFTA01386427.pdf,data-set-10-files-9,1,other
EFTA01386428.pdf,data-set-10-files-9,1,other
EFTA01386429.pdf,data-set-10-files-9,1,other
EFTA01386430.pdf,data-set-10-files-9,1,email
EFTA01386431.pdf,data-set-10-files-9,1,other
EFTA01386432.pdf,data-set-10-files-9,1,other
EFTA01386433.pdf,data-set-10-files-9,1,other
EFTA01386434.pdf,data-set-10-files-9,1,other
EFTA01386435.pdf,data-set-10-files-9,1,other
EFTA01386436.pdf,data-set-10-files-9,1,other
EFTA01386437.pdf,data-set-10-files-9,1,other
EFTA01386438.pdf,data-set-10-files-9,1,other
EFTA01386439.pdf,data-set-10-files-9,1,other
EFTA01386440.pdf,data-set-10-files-9,1,other
EFTA01386441.pdf,data-set-10-files-9,1,other
EFTA01386442.pdf,data-set-10-files-9,1,other
EFTA01386443.pdf,data-set-10-files-9,1,other
EFTA01386444.pdf,data-set-10-files-9,1,other
EFTA01386445.pdf,data-set-10-files-9,1,other
EFTA01386446.pdf,data-set-10-files-9,1,other
EFTA01386447.pdf,data-set-10-files-9,1,other
EFTA01386448.pdf,data-set-10-files-9,1,other
EFTA01386449.pdf,data-set-10-files-9,1,other
EFTA01386450.pdf,data-set-10-files-9,1,other
EFTA01386451.pdf,data-set-10-files-9,1,other
EFTA01386452.pdf,data-set-10-files-9,1,other
EFTA01386453.pdf,data-set-10-files-9,1,other
EFTA01386454.pdf,data-set-10-files-9,1,other
EFTA01386455.pdf,data-set-10-files-9,1,other
EFTA01386456.pdf,data-set-10-files-9,1,other
EFTA01386457.pdf,data-set-10-files-9,1,other
EFTA01386458.pdf,data-set-10-files-9,1,other
EFTA01386459.pdf,data-set-10-files-9,1,other
EFTA01386460.pdf,data-set-10-files-9,1,other
EFTA01386461.pdf,data-set-10-files-9,1,other
EFTA01386462.pdf,data-set-10-files-9,1,other
EFTA01386463.pdf,data-set-10-files-9,1,other
EFTA01386464.pdf,data-set-10-files-9,1,other
EFTA01386465.pdf,data-set-10-files-9,1,other
EFTA01386466.pdf,data-set-10-files-9,1,other
EFTA01386467.pdf,data-set-10-files-9,1,other
EFTA01386468.pdf,data-set-10-files-9,1,other
EFTA01386469.pdf,data-set-10-files-9,1,other
EFTA01386470.pdf,data-set-10-files-9,1,other
EFTA01386471.pdf,data-set-10-files-9,1,other
EFTA01386472.pdf,data-set-10-files-9,1,other
EFTA01386473.pdf,data-set-10-files-9,1,other
EFTA01386474.pdf,data-set-10-files-9,1,other
EFTA01386475.pdf,data-set-10-files-9,1,other
EFTA01386476.pdf,data-set-10-files-9,1,other
EFTA01386477.pdf,data-set-10-files-9,1,other
EFTA01386478.pdf,data-set-10-files-9,1,other
EFTA01386479.pdf,data-set-10-files-9,1,other
EFTA01386480.pdf,data-set-10-files-9,1,other
EFTA01386481.pdf,data-set-10-files-9,1,other
EFTA01386482.pdf,data-set-10-files-9,1,other
EFTA01386483.pdf,data-set-10-files-9,1,other
EFTA01386484.pdf,data-set-10-files-9,1,other
EFTA01386485.pdf,data-set-10-files-9,1,other
EFTA01386486.pdf,data-set-10-files-9,1,other
EFTA01386487.pdf,data-set-10-files-9,1,other
EFTA01386488.pdf,data-set-10-files-9,1,other
EFTA01386489.pdf,data-set-10-files-9,1,other
EFTA01386490.pdf,data-set-10-files-9,1,other
EFTA01386491.pdf,data-set-10-files-9,1,other
EFTA01386492.pdf,data-set-10-files-9,1,other
EFTA01386493.pdf,data-set-10-files-9,1,other
EFTA01386494.pdf,data-set-10-files-9,1,other
EFTA01386495.pdf,data-set-10-files-9,1,other
EFTA01386496.pdf,data-set-10-files-9,1,other
EFTA01386497.pdf,data-set-10-files-9,1,other
EFTA01386498.pdf,data-set-10-files-9,1,other
EFTA01386499.pdf,data-set-10-files-9,1,other
EFTA01386500.pdf,data-set-10-files-9,1,other
EFTA01386501.pdf,data-set-10-files-9,1,other
EFTA01386502.pdf,data-set-10-files-9,1,other
EFTA01386503.pdf,data-set-10-files-9,1,other
EFTA01386504.pdf,data-set-10-files-9,1,other
EFTA01386505.pdf,data-set-10-files-9,1,other
EFTA01386506.pdf,data-set-10-files-9,1,other
EFTA01386507.pdf,data-set-10-files-9,1,other
EFTA01386508.pdf,data-set-10-files-9,1,other
EFTA01386509.pdf,data-set-10-files-9,1,other
EFTA01386510.pdf,data-set-10-files-9,1,other
EFTA01386511.pdf,data-set-10-files-9,1,other
EFTA01386512.pdf,data-set-10-files-9,1,other
EFTA01386513.pdf,data-set-10-files-9,1,other
EFTA01386514.pdf,data-set-10-files-9,1,other
EFTA01386515.pdf,data-set-10-files-9,1,other
EFTA01386516.pdf,data-set-10-files-9,1,other
EFTA01386517.pdf,data-set-10-files-9,1,other
EFTA01386518.pdf,data-set-10-files-9,1,other
EFTA01386519.pdf,data-set-10-files-9,1,other
EFTA01386520.pdf,data-set-10-files-9,1,other
EFTA01386521.pdf,data-set-10-files-9,1,other
EFTA01386522.pdf,data-set-10-files-9,1,other
EFTA01386523.pdf,data-set-10-files-9,1,other
EFTA01386524.pdf,data-set-10-files-9,1,other
EFTA01386525.pdf,data-set-10-files-9,1,other
EFTA01386526.pdf,data-set-10-files-9,1,other
EFTA01386527.pdf,data-set-10-files-9,1,other
EFTA01386528.pdf,data-set-10-files-9,1,other
EFTA01386529.pdf,data-set-10-files-9,1,other
EFTA01386530.pdf,data-set-10-files-9,1,other
EFTA01386531.pdf,data-set-10-files-9,1,other
EFTA01386532.pdf,data-set-10-files-9,1,other
EFTA01386533.pdf,data-set-10-files-9,1,other
EFTA01386534.pdf,data-set-10-files-9,1,other
EFTA01386535.pdf,data-set-10-files-9,1,other
EFTA01386536.pdf,data-set-10-files-9,1,other
EFTA01386537.pdf,data-set-10-files-9,1,other
EFTA01386538.pdf,data-set-10-files-9,1,other
EFTA01386539.pdf,data-set-10-files-9,1,other
EFTA01386540.pdf,data-set-10-files-9,1,other
EFTA01386541.pdf,data-set-10-files-9,1,other
EFTA01386542.pdf,data-set-10-files-9,1,other
EFTA01386543.pdf,data-set-10-files-9,1,other
EFTA01386544.pdf,data-set-10-files-9,1,other
EFTA01386545.pdf,data-set-10-files-9,1,other
EFTA01386546.pdf,data-set-10-files-9,1,other
EFTA01386547.pdf,data-set-10-files-9,1,other
EFTA01386548.pdf,data-set-10-files-9,1,other
EFTA01386549.pdf,data-set-10-files-9,1,other
EFTA01386550.pdf,data-set-10-files-9,1,other
EFTA01386551.pdf,data-set-10-files-9,1,other
EFTA01386552.pdf,data-set-10-files-9,1,other
EFTA01386553.pdf,data-set-10-files-9,1,other
EFTA01386554.pdf,data-set-10-files-9,1,other
EFTA01386555.pdf,data-set-10-files-9,1,other
EFTA01386556.pdf,data-set-10-files-9,1,other
EFTA01386557.pdf,data-set-10-files-9,1,other
EFTA01386558.pdf,data-set-10-files-9,1,other
EFTA01386559.pdf,data-set-10-files-9,1,other
EFTA01386560.pdf,data-set-10-files-9,1,other
EFTA01386561.pdf,data-set-10-files-9,1,other
EFTA01386562.pdf,data-set-10-files-9,1,other
EFTA01386563.pdf,data-set-10-files-9,1,other
EFTA01386564.pdf,data-set-10-files-9,1,other
EFTA01386565.pdf,data-set-10-files-9,1,other
EFTA01386566.pdf,data-set-10-files-9,1,other
EFTA01386567.pdf,data-set-10-files-9,1,other
EFTA01386568.pdf,data-set-10-files-9,1,other
EFTA01386569.pdf,data-set-10-files-9,1,other
EFTA01386570.pdf,data-set-10-files-9,1,other
EFTA01386571.pdf,data-set-10-files-9,1,other
EFTA01386572.pdf,data-set-10-files-9,1,other
EFTA01386573.pdf,data-set-10-files-9,1,other
EFTA01386574.pdf,data-set-10-files-9,1,other
EFTA01386575.pdf,data-set-10-files-9,1,other
EFTA01386576.pdf,data-set-10-files-9,1,other
EFTA01386577.pdf,data-set-10-files-9,1,other
EFTA01386578.pdf,data-set-10-files-9,1,other
EFTA01386579.pdf,data-set-10-files-9,1,other
EFTA01386580.pdf,data-set-10-files-9,1,other
EFTA01386581.pdf,data-set-10-files-9,1,other
EFTA01386582.pdf,data-set-10-files-9,1,other
EFTA01386583.pdf,data-set-10-files-9,1,other
EFTA01386584.pdf,data-set-10-files-9,1,other
EFTA01386585.pdf,data-set-10-files-9,1,other
EFTA01386586.pdf,data-set-10-files-9,1,other
EFTA01386587.pdf,data-set-10-files-9,1,other
EFTA01386588.pdf,data-set-10-files-9,1,other
EFTA01386589.pdf,data-set-10-files-9,1,other
EFTA01386590.pdf,data-set-10-files-9,1,other
EFTA01386591.pdf,data-set-10-files-9,1,other
EFTA01386592.pdf,data-set-10-files-9,1,other
EFTA01386593.pdf,data-set-10-files-9,1,other
EFTA01386594.pdf,data-set-10-files-9,1,other
EFTA01386595.pdf,data-set-10-files-9,1,other
EFTA01386596.pdf,data-set-10-files-9,1,other
EFTA01386597.pdf,data-set-10-files-9,1,other
EFTA01386598.pdf,data-set-10-files-9,1,other
EFTA01386599.pdf,data-set-10-files-9,1,other
EFTA01386600.pdf,data-set-10-files-9,1,other
EFTA01386601.pdf,data-set-10-files-9,1,other
EFTA01386602.pdf,data-set-10-files-9,1,other
EFTA01386603.pdf,data-set-10-files-9,1,other
EFTA01386604.pdf,data-set-10-files-9,1,other
EFTA01386605.pdf,data-set-10-files-9,1,other
EFTA01386606.pdf,data-set-10-files-9,1,other
EFTA01386607.pdf,data-set-10-files-9,1,other
EFTA01386608.pdf,data-set-10-files-9,1,other
EFTA01386609.pdf,data-set-10-files-9,1,other
EFTA01386610.pdf,data-set-10-files-9,1,other
EFTA01386611.pdf,data-set-10-files-9,1,other
EFTA01386612.pdf,data-set-10-files-9,1,other
EFTA01386613.pdf,data-set-10-files-9,1,other
EFTA01386614.pdf,data-set-10-files-9,1,other
EFTA01386615.pdf,data-set-10-files-9,1,other
EFTA01386616.pdf,data-set-10-files-9,1,other
EFTA01386617.pdf,data-set-10-files-9,1,other
EFTA01386618.pdf,data-set-10-files-9,1,other
EFTA01386619.pdf,data-set-10-files-9,1,other
EFTA01386620.pdf,data-set-10-files-9,1,other
EFTA01386621.pdf,data-set-10-files-9,1,other
EFTA01386622.pdf,data-set-10-files-9,1,other
EFTA01386623.pdf,data-set-10-files-9,1,other
EFTA01386624.pdf,data-set-10-files-9,1,other
EFTA01386625.pdf,data-set-10-files-9,1,other
EFTA01386626.pdf,data-set-10-files-9,1,other
EFTA01386627.pdf,data-set-10-files-9,1,other
EFTA01386628.pdf,data-set-10-files-9,1,other
EFTA01386629.pdf,data-set-10-files-9,1,other
EFTA01386630.pdf,data-set-10-files-9,1,other
EFTA01386631.pdf,data-set-10-files-9,1,other
EFTA01386632.pdf,data-set-10-files-9,1,other
EFTA01386633.pdf,data-set-10-files-9,1,other
EFTA01386634.pdf,data-set-10-files-9,1,other
EFTA01386635.pdf,data-set-10-files-9,1,other
EFTA01386636.pdf,data-set-10-files-9,1,other
EFTA01386637.pdf,data-set-10-files-9,1,other
EFTA01386638.pdf,data-set-10-files-9,1,other
EFTA01386639.pdf,data-set-10-files-9,1,other
EFTA01386640.pdf,data-set-10-files-9,1,other
EFTA01386641.pdf,data-set-10-files-9,1,other
EFTA01386642.pdf,data-set-10-files-9,1,other
EFTA01386643.pdf,data-set-10-files-9,1,other
EFTA01386644.pdf,data-set-10-files-9,1,other
EFTA01386645.pdf,data-set-10-files-9,1,other
EFTA01386646.pdf,data-set-10-files-9,1,other
EFTA01386647.pdf,data-set-10-files-9,1,other
EFTA01386648.pdf,data-set-10-files-9,1,other
EFTA01386649.pdf,data-set-10-files-9,1,other
EFTA01386650.pdf,data-set-10-files-9,1,other
EFTA01386651.pdf,data-set-10-files-9,1,other
EFTA01386652.pdf,data-set-10-files-9,1,other
EFTA01386653.pdf,data-set-10-files-9,1,other
EFTA01386654.pdf,data-set-10-files-9,1,other
EFTA01386655.pdf,data-set-10-files-9,1,other
EFTA01386656.pdf,data-set-10-files-9,1,other
EFTA01386657.pdf,data-set-10-files-9,1,other
EFTA01386658.pdf,data-set-10-files-9,1,other
EFTA01386659.pdf,data-set-10-files-9,1,other
EFTA01386660.pdf,data-set-10-files-9,1,other
EFTA01386661.pdf,data-set-10-files-9,1,other
EFTA01386662.pdf,data-set-10-files-9,1,other
EFTA01386663.pdf,data-set-10-files-9,1,other
EFTA01386664.pdf,data-set-10-files-9,1,other
EFTA01386665.pdf,data-set-10-files-9,1,other
EFTA01386666.pdf,data-set-10-files-9,1,other
EFTA01386667.pdf,data-set-10-files-9,1,other
EFTA01386668.pdf,data-set-10-files-9,1,other
EFTA01386669.pdf,data-set-10-files-9,1,other
EFTA01386670.pdf,data-set-10-files-9,1,other
EFTA01386671.pdf,data-set-10-files-9,1,other
EFTA01386672.pdf,data-set-10-files-9,1,other
EFTA01386673.pdf,data-set-10-files-9,1,other
EFTA01386674.pdf,data-set-10-files-9,1,other
EFTA01386675.pdf,data-set-10-files-9,1,other
EFTA01386676.pdf,data-set-10-files-9,1,other
EFTA01386677.pdf,data-set-10-files-9,1,other
EFTA01386678.pdf,data-set-10-files-9,1,other
EFTA01386679.pdf,data-set-10-files-9,1,other
EFTA01386680.pdf,data-set-10-files-9,1,other
EFTA01386681.pdf,data-set-10-files-9,1,other
EFTA01386682.pdf,data-set-10-files-9,1,other
EFTA01386683.pdf,data-set-10-files-9,1,other
EFTA01386684.pdf,data-set-10-files-9,1,other
EFTA01386685.pdf,data-set-10-files-9,1,other
EFTA01386686.pdf,data-set-10-files-9,1,other
EFTA01386687.pdf,data-set-10-files-9,1,other
EFTA01386688.pdf,data-set-10-files-9,1,other
EFTA01386689.pdf,data-set-10-files-9,1,other
EFTA01386690.pdf,data-set-10-files-9,1,other
EFTA01386691.pdf,data-set-10-files-9,1,other
EFTA01386692.pdf,data-set-10-files-9,1,other
EFTA01386693.pdf,data-set-10-files-9,1,other
EFTA01386694.pdf,data-set-10-files-9,1,other
EFTA01386695.pdf,data-set-10-files-9,1,other
EFTA01386696.pdf,data-set-10-files-9,1,other
EFTA01386697.pdf,data-set-10-files-9,1,other
EFTA01386698.pdf,data-set-10-files-9,1,other
EFTA01386699.pdf,data-set-10-files-9,1,other
EFTA01386700.pdf,data-set-10-files-9,1,other
EFTA01386701.pdf,data-set-10-files-9,1,email
EFTA01386702.pdf,data-set-10-files-9,1,other
EFTA01386703.pdf,data-set-10-files-9,1,other
EFTA01386704.pdf,data-set-10-files-9,1,other
EFTA01386705.pdf,data-set-10-files-9,1,other
EFTA01386706.pdf,data-set-10-files-9,1,other
EFTA01386707.pdf,data-set-10-files-9,1,other
EFTA01386708.pdf,data-set-10-files-9,1,other
EFTA01386709.pdf,data-set-10-files-9,1,other
EFTA01386710.pdf,data-set-10-files-9,1,other
EFTA01386711.pdf,data-set-10-files-9,1,other
EFTA01386712.pdf,data-set-10-files-9,1,other
EFTA01386713.pdf,data-set-10-files-9,1,other
EFTA01386714.pdf,data-set-10-files-9,1,other
EFTA01386715.pdf,data-set-10-files-9,1,other
EFTA01386716.pdf,data-set-10-files-9,1,other
EFTA01386717.pdf,data-set-10-files-9,1,other
EFTA01386718.pdf,data-set-10-files-9,1,other
EFTA01386719.pdf,data-set-10-files-9,1,other
EFTA01386720.pdf,data-set-10-files-9,1,other
EFTA01386721.pdf,data-set-10-files-9,1,other
EFTA01386722.pdf,data-set-10-files-9,1,other
EFTA01386723.pdf,data-set-10-files-9,1,other
EFTA01386724.pdf,data-set-10-files-9,1,other
EFTA01386725.pdf,data-set-10-files-9,1,other
EFTA01386726.pdf,data-set-10-files-9,1,other
EFTA01386727.pdf,data-set-10-files-9,1,other
EFTA01386728.pdf,data-set-10-files-9,1,other
EFTA01386729.pdf,data-set-10-files-9,1,other
EFTA01386730.pdf,data-set-10-files-9,1,other
EFTA01386731.pdf,data-set-10-files-9,1,other
EFTA01386732.pdf,data-set-10-files-9,1,other
EFTA01386733.pdf,data-set-10-files-9,1,other
EFTA01386734.pdf,data-set-10-files-9,1,other
EFTA01386735.pdf,data-set-10-files-9,1,other
EFTA01386736.pdf,data-set-10-files-9,1,other
EFTA01386737.pdf,data-set-10-files-9,1,other
EFTA01386738.pdf,data-set-10-files-9,1,email
EFTA01386739.pdf,data-set-10-files-9,1,other
EFTA01386740.pdf,data-set-10-files-9,1,email
EFTA01386741.pdf,data-set-10-files-9,1,other
EFTA01386742.pdf,data-set-10-files-9,1,other
EFTA01386743.pdf,data-set-10-files-9,1,email
EFTA01386744.pdf,data-set-10-files-9,1,other
EFTA01386745.pdf,data-set-10-files-9,1,email
EFTA01386746.pdf,data-set-10-files-9,1,email
EFTA01386747.pdf,data-set-10-files-9,1,other
EFTA01386748.pdf,data-set-10-files-9,1,email
EFTA01386749.pdf,data-set-10-files-9,1,other
EFTA01386750.pdf,data-set-10-files-9,1,other
EFTA01386751.pdf,data-set-10-files-9,1,other
EFTA01386752.pdf,data-set-10-files-9,1,other
EFTA01386753.pdf,data-set-10-files-9,1,other
EFTA01386754.pdf,data-set-10-files-9,1,other
EFTA01386755.pdf,data-set-10-files-9,1,other
EFTA01386756.pdf,data-set-10-files-9,1,other
EFTA01386757.pdf,data-set-10-files-9,1,other
EFTA01386758.pdf,data-set-10-files-9,1,other
EFTA01386759.pdf,data-set-10-files-9,1,other
EFTA01386760.pdf,data-set-10-files-9,1,other
EFTA01386761.pdf,data-set-10-files-9,1,other
EFTA01386762.pdf,data-set-10-files-9,1,other
EFTA01386763.pdf,data-set-10-files-9,1,other
EFTA01386764.pdf,data-set-10-files-9,1,other
EFTA01386765.pdf,data-set-10-files-9,1,other
EFTA01386766.pdf,data-set-10-files-9,1,other
EFTA01386767.pdf,data-set-10-files-9,1,other
EFTA01386768.pdf,data-set-10-files-9,1,other
EFTA01386769.pdf,data-set-10-files-9,1,other
EFTA01386770.pdf,data-set-10-files-9,1,other
EFTA01386771.pdf,data-set-10-files-9,1,other
EFTA01386772.pdf,data-set-10-files-9,1,email
EFTA01386773.pdf,data-set-10-files-9,1,email
EFTA01386774.pdf,data-set-10-files-9,1,email
EFTA01386775.pdf,data-set-10-files-9,1,other
EFTA01386776.pdf,data-set-10-files-9,1,other
EFTA01386777.pdf,data-set-10-files-9,1,other
EFTA01386778.pdf,data-set-10-files-9,1,other
EFTA01386779.pdf,data-set-10-files-9,1,other
EFTA01386780.pdf,data-set-10-files-9,1,other
EFTA01386781.pdf,data-set-10-files-9,1,other
EFTA01386782.pdf,data-set-10-files-9,1,other
EFTA01386783.pdf,data-set-10-files-9,1,other
EFTA01386784.pdf,data-set-10-files-9,1,other
EFTA01386785.pdf,data-set-10-files-9,1,other
EFTA01386786.pdf,data-set-10-files-9,1,other
EFTA01386787.pdf,data-set-10-files-9,1,email
EFTA01386788.pdf,data-set-10-files-9,1,email
EFTA01386789.pdf,data-set-10-files-9,1,other
EFTA01386790.pdf,data-set-10-files-9,1,email
EFTA01386791.pdf,data-set-10-files-9,1,other
EFTA01386792.pdf,data-set-10-files-9,1,other
EFTA01386793.pdf,data-set-10-files-9,1,email
EFTA01386794.pdf,data-set-10-files-9,1,email
EFTA01386795.pdf,data-set-10-files-9,1,email
EFTA01386796.pdf,data-set-10-files-9,1,email
EFTA01386797.pdf,data-set-10-files-9,1,other
EFTA01386798.pdf,data-set-10-files-9,1,other
EFTA01386799.pdf,data-set-10-files-9,1,email
EFTA01386800.pdf,data-set-10-files-9,1,email
EFTA01386801.pdf,data-set-10-files-9,1,email
EFTA01386802.pdf,data-set-10-files-9,1,email
EFTA01386803.pdf,data-set-10-files-9,1,other
EFTA01386804.pdf,data-set-10-files-9,1,other
EFTA01386805.pdf,data-set-10-files-9,1,other
EFTA01386806.pdf,data-set-10-files-9,1,other
EFTA01386807.pdf,data-set-10-files-9,1,other
EFTA01386808.pdf,data-set-10-files-9,1,other
EFTA01386809.pdf,data-set-10-files-9,1,other
EFTA01386810.pdf,data-set-10-files-9,1,other
EFTA01386811.pdf,data-set-10-files-9,1,other
EFTA01386812.pdf,data-set-10-files-9,1,other
EFTA01386813.pdf,data-set-10-files-9,1,other
EFTA01386814.pdf,data-set-10-files-9,1,other
EFTA01386815.pdf,data-set-10-files-9,1,other
EFTA01386816.pdf,data-set-10-files-9,1,other
EFTA01386817.pdf,data-set-10-files-9,1,other
EFTA01386818.pdf,data-set-10-files-9,1,other
EFTA01386819.pdf,data-set-10-files-9,1,other
EFTA01386820.pdf,data-set-10-files-9,1,other
EFTA01386821.pdf,data-set-10-files-9,1,other
EFTA01386822.pdf,data-set-10-files-9,1,other
EFTA01386823.pdf,data-set-10-files-9,1,other
EFTA01386824.pdf,data-set-10-files-9,1,other
EFTA01386825.pdf,data-set-10-files-9,1,other
EFTA01386826.pdf,data-set-10-files-9,1,other
EFTA01386827.pdf,data-set-10-files-9,1,other
EFTA01386828.pdf,data-set-10-files-9,1,other
EFTA01386829.pdf,data-set-10-files-9,1,other
EFTA01386830.pdf,data-set-10-files-9,1,other
EFTA01386831.pdf,data-set-10-files-9,1,other
EFTA01386832.pdf,data-set-10-files-9,1,other
EFTA01386833.pdf,data-set-10-files-9,1,other
EFTA01386834.pdf,data-set-10-files-9,1,other
EFTA01386835.pdf,data-set-10-files-9,1,other
EFTA01386836.pdf,data-set-10-files-9,1,other
EFTA01386837.pdf,data-set-10-files-9,1,other
EFTA01386838.pdf,data-set-10-files-9,1,other
EFTA01386839.pdf,data-set-10-files-9,1,other
EFTA01386840.pdf,data-set-10-files-9,1,other
EFTA01386841.pdf,data-set-10-files-9,1,other
EFTA01386842.pdf,data-set-10-files-9,1,other
EFTA01386843.pdf,data-set-10-files-9,1,other
EFTA01386844.pdf,data-set-10-files-9,1,other
EFTA01386845.pdf,data-set-10-files-9,1,other
EFTA01386846.pdf,data-set-10-files-9,1,other
EFTA01386847.pdf,data-set-10-files-9,1,other
EFTA01386848.pdf,data-set-10-files-9,1,other
EFTA01386849.pdf,data-set-10-files-9,1,other
EFTA01386850.pdf,data-set-10-files-9,1,other
EFTA01386851.pdf,data-set-10-files-9,1,other
EFTA01386852.pdf,data-set-10-files-9,1,other
EFTA01386853.pdf,data-set-10-files-9,1,other
EFTA01386854.pdf,data-set-10-files-9,1,other
EFTA01386855.pdf,data-set-10-files-9,1,other
EFTA01386856.pdf,data-set-10-files-9,1,other
EFTA01386857.pdf,data-set-10-files-9,1,other
EFTA01386858.pdf,data-set-10-files-9,1,other
EFTA01386859.pdf,data-set-10-files-9,1,other
EFTA01386860.pdf,data-set-10-files-9,1,other
EFTA01386861.pdf,data-set-10-files-9,1,other
EFTA01386862.pdf,data-set-10-files-9,1,other
EFTA01386863.pdf,data-set-10-files-9,1,other
EFTA01386864.pdf,data-set-10-files-9,1,other
EFTA01386865.pdf,data-set-10-files-9,1,other
EFTA01386866.pdf,data-set-10-files-9,1,other
EFTA01386867.pdf,data-set-10-files-9,1,other
EFTA01386868.pdf,data-set-10-files-9,1,other
EFTA01386869.pdf,data-set-10-files-9,1,other
EFTA01386870.pdf,data-set-10-files-9,1,other
EFTA01386871.pdf,data-set-10-files-9,1,other
EFTA01386872.pdf,data-set-10-files-9,1,other
EFTA01386873.pdf,data-set-10-files-9,1,other
EFTA01386874.pdf,data-set-10-files-9,1,other
EFTA01386875.pdf,data-set-10-files-9,1,other
EFTA01386876.pdf,data-set-10-files-9,1,other
EFTA01386877.pdf,data-set-10-files-9,1,other
EFTA01386878.pdf,data-set-10-files-9,1,other
EFTA01386879.pdf,data-set-10-files-9,1,other
EFTA01386880.pdf,data-set-10-files-9,1,other
EFTA01386881.pdf,data-set-10-files-9,1,other
EFTA01386882.pdf,data-set-10-files-9,1,other
EFTA01386883.pdf,data-set-10-files-9,1,other
EFTA01386884.pdf,data-set-10-files-9,1,other
EFTA01386885.pdf,data-set-10-files-9,1,other
EFTA01386886.pdf,data-set-10-files-9,1,other
EFTA01386887.pdf,data-set-10-files-9,1,other
EFTA01386888.pdf,data-set-10-files-9,1,other
EFTA01386889.pdf,data-set-10-files-9,1,other
EFTA01386890.pdf,data-set-10-files-9,1,other
EFTA01386891.pdf,data-set-10-files-9,1,other
EFTA01386892.pdf,data-set-10-files-9,1,other
EFTA01386893.pdf,data-set-10-files-9,1,other
EFTA01386894.pdf,data-set-10-files-9,1,other
EFTA01386895.pdf,data-set-10-files-9,1,other
EFTA01386896.pdf,data-set-10-files-9,1,other
EFTA01386897.pdf,data-set-10-files-9,1,other
EFTA01386898.pdf,data-set-10-files-9,1,other
EFTA01386899.pdf,data-set-10-files-9,1,other
EFTA01386900.pdf,data-set-10-files-9,1,other
EFTA01386901.pdf,data-set-10-files-9,1,other
EFTA01386902.pdf,data-set-10-files-9,1,other
EFTA01386903.pdf,data-set-10-files-9,1,other
EFTA01386904.pdf,data-set-10-files-9,1,other
EFTA01386905.pdf,data-set-10-files-9,1,other
EFTA01386906.pdf,data-set-10-files-9,1,other
EFTA01386907.pdf,data-set-10-files-9,1,other
EFTA01386908.pdf,data-set-10-files-9,1,other
EFTA01386909.pdf,data-set-10-files-9,1,other
EFTA01386910.pdf,data-set-10-files-9,1,other
EFTA01386911.pdf,data-set-10-files-9,1,other
EFTA01386912.pdf,data-set-10-files-9,1,other
EFTA01386913.pdf,data-set-10-files-9,1,other
EFTA01386914.pdf,data-set-10-files-9,1,email
EFTA01386915.pdf,data-set-10-files-9,1,email
EFTA01386916.pdf,data-set-10-files-9,1,other
EFTA01386917.pdf,data-set-10-files-9,1,other
EFTA01386918.pdf,data-set-10-files-9,1,email
EFTA01386919.pdf,data-set-10-files-9,1,other
EFTA01386920.pdf,data-set-10-files-9,1,email
EFTA01386921.pdf,data-set-10-files-9,1,email
EFTA01386922.pdf,data-set-10-files-9,1,other
EFTA01386923.pdf,data-set-10-files-9,1,other
EFTA01386924.pdf,data-set-10-files-9,1,email
EFTA01386925.pdf,data-set-10-files-9,1,other
EFTA01386926.pdf,data-set-10-files-9,1,other
EFTA01386927.pdf,data-set-10-files-9,1,other
EFTA01386928.pdf,data-set-10-files-9,1,other
EFTA01386929.pdf,data-set-10-files-9,1,other
EFTA01386930.pdf,data-set-10-files-9,1,other
EFTA01386931.pdf,data-set-10-files-9,1,other
EFTA01386932.pdf,data-set-10-files-9,1,other
EFTA01386933.pdf,data-set-10-files-9,1,other
EFTA01386934.pdf,data-set-10-files-9,1,other
EFTA01386935.pdf,data-set-10-files-9,1,other
EFTA01386936.pdf,data-set-10-files-9,1,email
EFTA01386937.pdf,data-set-10-files-9,1,other
EFTA01386938.pdf,data-set-10-files-9,1,email
EFTA01386939.pdf,data-set-10-files-9,1,other
EFTA01386940.pdf,data-set-10-files-9,1,other
EFTA01386941.pdf,data-set-10-files-9,1,email
EFTA01386942.pdf,data-set-10-files-9,1,other
EFTA01386943.pdf,data-set-10-files-9,1,other
EFTA01386944.pdf,data-set-10-files-9,1,other
EFTA01386945.pdf,data-set-10-files-9,1,email
EFTA01386946.pdf,data-set-10-files-9,1,email
EFTA01386947.pdf,data-set-10-files-9,1,other
EFTA01386948.pdf,data-set-10-files-9,1,email
EFTA01386949.pdf,data-set-10-files-9,1,other
EFTA01386950.pdf,data-set-10-files-9,1,other
EFTA01386951.pdf,data-set-10-files-9,1,other
EFTA01386952.pdf,data-set-10-files-9,1,email
EFTA01386953.pdf,data-set-10-files-9,1,other
EFTA01386954.pdf,data-set-10-files-9,1,other
EFTA01386955.pdf,data-set-10-files-9,1,email
EFTA01386956.pdf,data-set-10-files-9,1,email
EFTA01386957.pdf,data-set-10-files-9,1,other
EFTA01386958.pdf,data-set-10-files-9,1,email
EFTA01386959.pdf,data-set-10-files-9,1,other
EFTA01386960.pdf,data-set-10-files-9,1,email
EFTA01386961.pdf,data-set-10-files-9,1,other
EFTA01386962.pdf,data-set-10-files-9,1,other
EFTA01386963.pdf,data-set-10-files-9,1,email
EFTA01386964.pdf,data-set-10-files-9,1,email
EFTA01386965.pdf,data-set-10-files-9,1,other
EFTA01386966.pdf,data-set-10-files-9,1,email
EFTA01386967.pdf,data-set-10-files-9,1,other
EFTA01386968.pdf,data-set-10-files-9,1,other
EFTA01386969.pdf,data-set-10-files-9,1,email
EFTA01386970.pdf,data-set-10-files-9,1,other
EFTA01386971.pdf,data-set-10-files-9,1,other
EFTA01386972.pdf,data-set-10-files-9,1,other
EFTA01386973.pdf,data-set-10-files-9,1,other
EFTA01386974.pdf,data-set-10-files-9,1,other
EFTA01386975.pdf,data-set-10-files-9,1,email
EFTA01386976.pdf,data-set-10-files-9,1,email
EFTA01386977.pdf,data-set-10-files-9,1,email
EFTA01386978.pdf,data-set-10-files-9,1,email
EFTA01386979.pdf,data-set-10-files-9,1,email
EFTA01386980.pdf,data-set-10-files-9,1,other
EFTA01386981.pdf,data-set-10-files-9,1,other
EFTA01386982.pdf,data-set-10-files-9,1,other
EFTA01386983.pdf,data-set-10-files-9,1,other
EFTA01386984.pdf,data-set-10-files-9,1,other
EFTA01386985.pdf,data-set-10-files-9,1,email
EFTA01386986.pdf,data-set-10-files-9,1,email
EFTA01386987.pdf,data-set-10-files-9,1,other
EFTA01386988.pdf,data-set-10-files-9,1,other
EFTA01386989.pdf,data-set-10-files-9,1,email
EFTA01386990.pdf,data-set-10-files-9,1,email
EFTA01386991.pdf,data-set-10-files-9,1,other
EFTA01386992.pdf,data-set-10-files-9,1,other
EFTA01386993.pdf,data-set-10-files-9,1,email
EFTA01386994.pdf,data-set-10-files-9,1,email
EFTA01386995.pdf,data-set-10-files-9,1,email
EFTA01386996.pdf,data-set-10-files-9,1,email
EFTA01386997.pdf,data-set-10-files-9,1,email
EFTA01386998.pdf,data-set-10-files-9,1,other
EFTA01386999.pdf,data-set-10-files-9,1,email
EFTA01387000.pdf,data-set-10-files-9,1,email
EFTA01387001.pdf,data-set-10-files-9,1,email
EFTA01387002.pdf,data-set-10-files-9,1,other
EFTA01387003.pdf,data-set-10-files-9,1,other
EFTA01387004.pdf,data-set-10-files-9,1,other
EFTA01387005.pdf,data-set-10-files-9,1,email
EFTA01387006.pdf,data-set-10-files-9,1,other
EFTA01387007.pdf,data-set-10-files-9,1,email
EFTA01387008.pdf,data-set-10-files-9,1,other
EFTA01387009.pdf,data-set-10-files-9,1,other
EFTA01387010.pdf,data-set-10-files-9,1,other
EFTA01387011.pdf,data-set-10-files-9,1,email
EFTA01387012.pdf,data-set-10-files-9,1,email
EFTA01387013.pdf,data-set-10-files-9,1,other
EFTA01387014.pdf,data-set-10-files-9,1,email
EFTA01387015.pdf,data-set-10-files-9,1,other
EFTA01387016.pdf,data-set-10-files-9,1,email
EFTA01387017.pdf,data-set-10-files-9,1,other
EFTA01387018.pdf,data-set-10-files-9,1,email
EFTA01387019.pdf,data-set-10-files-9,1,other
EFTA01387020.pdf,data-set-10-files-9,1,other
EFTA01387021.pdf,data-set-10-files-9,1,email
EFTA01387022.pdf,data-set-10-files-9,1,other
EFTA01387023.pdf,data-set-10-files-9,1,other
EFTA01387024.pdf,data-set-10-files-9,1,email
EFTA01387025.pdf,data-set-10-files-9,1,email
EFTA01387026.pdf,data-set-10-files-9,1,email
EFTA01387027.pdf,data-set-10-files-9,1,email
EFTA01387028.pdf,data-set-10-files-9,1,other
EFTA01387029.pdf,data-set-10-files-9,1,email
EFTA01387030.pdf,data-set-10-files-9,1,email
EFTA01387031.pdf,data-set-10-files-9,1,other
EFTA01387032.pdf,data-set-10-files-9,1,email
EFTA01387033.pdf,data-set-10-files-9,1,email
EFTA01387034.pdf,data-set-10-files-9,1,other
EFTA01387035.pdf,data-set-10-files-9,1,email
EFTA01387036.pdf,data-set-10-files-9,1,other
EFTA01387037.pdf,data-set-10-files-9,1,other
EFTA01387038.pdf,data-set-10-files-9,1,email
EFTA01387039.pdf,data-set-10-files-9,1,email
EFTA01387040.pdf,data-set-10-files-9,1,email
EFTA01387041.pdf,data-set-10-files-9,1,other
EFTA01387042.pdf,data-set-10-files-9,1,email
EFTA01387043.pdf,data-set-10-files-9,1,email
EFTA01387044.pdf,data-set-10-files-9,1,email
EFTA01387045.pdf,data-set-10-files-9,1,other
EFTA01387046.pdf,data-set-10-files-9,1,other
EFTA01387047.pdf,data-set-10-files-9,1,other
EFTA01387048.pdf,data-set-10-files-9,1,email
EFTA01387049.pdf,data-set-10-files-9,1,other
EFTA01387050.pdf,data-set-10-files-9,1,email
EFTA01387051.pdf,data-set-10-files-9,1,email
EFTA01387052.pdf,data-set-10-files-9,1,email
EFTA01387053.pdf,data-set-10-files-9,1,email
EFTA01387054.pdf,data-set-10-files-9,1,other
EFTA01387055.pdf,data-set-10-files-9,1,email
EFTA01387056.pdf,data-set-10-files-9,1,email
EFTA01387057.pdf,data-set-10-files-9,1,other
EFTA01387058.pdf,data-set-10-files-9,1,email
EFTA01387059.pdf,data-set-10-files-9,1,email
EFTA01387060.pdf,data-set-10-files-9,1,other
EFTA01387061.pdf,data-set-10-files-9,1,email
EFTA01387062.pdf,data-set-10-files-9,1,other
EFTA01387063.pdf,data-set-10-files-9,1,other
EFTA01387064.pdf,data-set-10-files-9,1,email
EFTA01387065.pdf,data-set-10-files-9,1,email
EFTA01387066.pdf,data-set-10-files-9,1,email
EFTA01387067.pdf,data-set-10-files-9,1,email
EFTA01387068.pdf,data-set-10-files-9,1,email
EFTA01387069.pdf,data-set-10-files-9,1,other
EFTA01387070.pdf,data-set-10-files-9,1,other
EFTA01387071.pdf,data-set-10-files-9,1,email
EFTA01387072.pdf,data-set-10-files-9,1,email
EFTA01387073.pdf,data-set-10-files-9,1,email
EFTA01387074.pdf,data-set-10-files-9,1,other
EFTA01387075.pdf,data-set-10-files-9,1,other
EFTA01387076.pdf,data-set-10-files-9,1,email
EFTA01387077.pdf,data-set-10-files-9,1,other
EFTA01387078.pdf,data-set-10-files-9,1,email
EFTA01387079.pdf,data-set-10-files-9,1,other
EFTA01387080.pdf,data-set-10-files-9,1,email
EFTA01387081.pdf,data-set-10-files-9,1,other
EFTA01387082.pdf,data-set-10-files-9,1,email
EFTA01387083.pdf,data-set-10-files-9,1,email
EFTA01387084.pdf,data-set-10-files-9,1,other
EFTA01387085.pdf,data-set-10-files-9,1,other
EFTA01387086.pdf,data-set-10-files-9,1,other
EFTA01387087.pdf,data-set-10-files-9,1,email
EFTA01387088.pdf,data-set-10-files-9,1,other
EFTA01387089.pdf,data-set-10-files-9,1,other
EFTA01387090.pdf,data-set-10-files-9,1,email
EFTA01387091.pdf,data-set-10-files-9,1,email
EFTA01387092.pdf,data-set-10-files-9,1,email
EFTA01387093.pdf,data-set-10-files-9,1,email
EFTA01387094.pdf,data-set-10-files-9,1,other
EFTA01387095.pdf,data-set-10-files-9,1,other
EFTA01387096.pdf,data-set-10-files-9,1,other
EFTA01387097.pdf,data-set-10-files-9,1,other
EFTA01387098.pdf,data-set-10-files-9,1,other
EFTA01387099.pdf,data-set-10-files-9,1,email
EFTA01387100.pdf,data-set-10-files-9,1,other
EFTA01387101.pdf,data-set-10-files-9,1,other
EFTA01387102.pdf,data-set-10-files-9,1,other
EFTA01387103.pdf,data-set-10-files-9,1,other
EFTA01387104.pdf,data-set-10-files-9,1,other
EFTA01387105.pdf,data-set-10-files-9,1,other
EFTA01387106.pdf,data-set-10-files-9,1,other
EFTA01387107.pdf,data-set-10-files-9,1,other
EFTA01387108.pdf,data-set-10-files-9,1,other
EFTA01387109.pdf,data-set-10-files-9,1,other
EFTA01387110.pdf,data-set-10-files-9,1,other
EFTA01387111.pdf,data-set-10-files-9,1,other
EFTA01387112.pdf,data-set-10-files-9,1,other
EFTA01387113.pdf,data-set-10-files-9,1,other
EFTA01387114.pdf,data-set-10-files-9,1,other
EFTA01387115.pdf,data-set-10-files-9,1,other
EFTA01387116.pdf,data-set-10-files-9,1,other
EFTA01387117.pdf,data-set-10-files-9,1,email
EFTA01387118.pdf,data-set-10-files-9,1,email
EFTA01387119.pdf,data-set-10-files-9,1,email
EFTA01387120.pdf,data-set-10-files-9,1,other
EFTA01387121.pdf,data-set-10-files-9,1,other
EFTA01387122.pdf,data-set-10-files-9,1,other
EFTA01387123.pdf,data-set-10-files-9,1,other
EFTA01387124.pdf,data-set-10-files-9,1,other
EFTA01387125.pdf,data-set-10-files-9,1,other
EFTA01387126.pdf,data-set-10-files-9,1,other
EFTA01387127.pdf,data-set-10-files-9,1,other
EFTA01387128.pdf,data-set-10-files-9,1,other
EFTA01387129.pdf,data-set-10-files-9,1,other
EFTA01387130.pdf,data-set-10-files-9,1,other
EFTA01387131.pdf,data-set-10-files-9,1,other
EFTA01387132.pdf,data-set-10-files-9,1,other
EFTA01387133.pdf,data-set-10-files-9,1,email
EFTA01387134.pdf,data-set-10-files-9,1,other
EFTA01387135.pdf,data-set-10-files-9,1,other
EFTA01387136.pdf,data-set-10-files-9,1,email
EFTA01387137.pdf,data-set-10-files-9,1,other
EFTA01387138.pdf,data-set-10-files-9,1,other
EFTA01387139.pdf,data-set-10-files-9,1,email
EFTA01387140.pdf,data-set-10-files-9,1,other
EFTA01387141.pdf,data-set-10-files-9,1,other
EFTA01387142.pdf,data-set-10-files-9,1,email
EFTA01387143.pdf,data-set-10-files-9,1,other
EFTA01387144.pdf,data-set-10-files-9,1,email
EFTA01387145.pdf,data-set-10-files-9,1,email
EFTA01387146.pdf,data-set-10-files-9,1,other
EFTA01387147.pdf,data-set-10-files-9,1,email
EFTA01387148.pdf,data-set-10-files-9,1,other
EFTA01387149.pdf,data-set-10-files-9,1,other
EFTA01387150.pdf,data-set-10-files-9,1,email
EFTA01387151.pdf,data-set-10-files-9,1,email
EFTA01387152.pdf,data-set-10-files-9,1,other
EFTA01387153.pdf,data-set-10-files-9,1,other
EFTA01387154.pdf,data-set-10-files-9,1,other
EFTA01387155.pdf,data-set-10-files-9,1,email
EFTA01387156.pdf,data-set-10-files-9,1,other
EFTA01387157.pdf,data-set-10-files-9,1,other
EFTA01387158.pdf,data-set-10-files-9,1,other
EFTA01387159.pdf,data-set-10-files-9,1,other
EFTA01387160.pdf,data-set-10-files-9,1,other
EFTA01387161.pdf,data-set-10-files-9,1,email
EFTA01387162.pdf,data-set-10-files-9,1,email
EFTA01387163.pdf,data-set-10-files-9,1,other
EFTA01387164.pdf,data-set-10-files-9,1,other
EFTA01387165.pdf,data-set-10-files-9,1,other
EFTA01387166.pdf,data-set-10-files-9,1,email
EFTA01387167.pdf,data-set-10-files-9,1,other
EFTA01387168.pdf,data-set-10-files-9,1,email
EFTA01387169.pdf,data-set-10-files-9,1,email
EFTA01387170.pdf,data-set-10-files-9,1,other
EFTA01387171.pdf,data-set-10-files-9,1,other
EFTA01387172.pdf,data-set-10-files-9,1,email
EFTA01387173.pdf,data-set-10-files-9,1,email
EFTA01387174.pdf,data-set-10-files-9,1,other
EFTA01387175.pdf,data-set-10-files-9,1,other
EFTA01387176.pdf,data-set-10-files-9,1,other
EFTA01387177.pdf,data-set-10-files-9,1,other
EFTA01387178.pdf,data-set-10-files-9,1,email
EFTA01387179.pdf,data-set-10-files-9,1,other
EFTA01387180.pdf,data-set-10-files-9,1,other
EFTA01387181.pdf,data-set-10-files-9,1,other
EFTA01387182.pdf,data-set-10-files-9,1,other
EFTA01387183.pdf,data-set-10-files-9,1,other
EFTA01387184.pdf,data-set-10-files-9,1,other
EFTA01387185.pdf,data-set-10-files-9,1,other
EFTA01387186.pdf,data-set-10-files-9,1,other
EFTA01387187.pdf,data-set-10-files-9,1,other
EFTA01387188.pdf,data-set-10-files-9,1,other
EFTA01387189.pdf,data-set-10-files-9,1,other
EFTA01387190.pdf,data-set-10-files-9,1,other
EFTA01387191.pdf,data-set-10-files-9,1,other
EFTA01387192.pdf,data-set-10-files-9,1,other
EFTA01387193.pdf,data-set-10-files-9,1,other
EFTA01387194.pdf,data-set-10-files-9,1,other
EFTA01387195.pdf,data-set-10-files-9,1,other
EFTA01387196.pdf,data-set-10-files-9,1,other
EFTA01387197.pdf,data-set-10-files-9,1,other
EFTA01387198.pdf,data-set-10-files-9,1,other
EFTA01387199.pdf,data-set-10-files-9,1,other
EFTA01387200.pdf,data-set-10-files-9,1,other
EFTA01387201.pdf,data-set-10-files-9,1,other
EFTA01387202.pdf,data-set-10-files-9,1,other
EFTA01387203.pdf,data-set-10-files-9,1,other
EFTA01387204.pdf,data-set-10-files-9,1,other
EFTA01387205.pdf,data-set-10-files-9,1,other
EFTA01387206.pdf,data-set-10-files-9,1,other
EFTA01387207.pdf,data-set-10-files-9,1,other
EFTA01387208.pdf,data-set-10-files-9,1,other
EFTA01387209.pdf,data-set-10-files-9,1,other
EFTA01387210.pdf,data-set-10-files-9,1,other
EFTA01387211.pdf,data-set-10-files-9,1,other
EFTA01387212.pdf,data-set-10-files-9,1,other
EFTA01387213.pdf,data-set-10-files-9,1,other
EFTA01387214.pdf,data-set-10-files-9,1,other
EFTA01387215.pdf,data-set-10-files-9,1,other
EFTA01387216.pdf,data-set-10-files-9,1,other
EFTA01387217.pdf,data-set-10-files-9,1,other
EFTA01387218.pdf,data-set-10-files-9,1,other
EFTA01387219.pdf,data-set-10-files-9,1,other
EFTA01387220.pdf,data-set-10-files-9,1,other
EFTA01387221.pdf,data-set-10-files-9,1,other
EFTA01387222.pdf,data-set-10-files-9,1,other
EFTA01387223.pdf,data-set-10-files-9,1,email
EFTA01387224.pdf,data-set-10-files-9,1,other
EFTA01387225.pdf,data-set-10-files-9,1,email
EFTA01387226.pdf,data-set-10-files-9,1,other
EFTA01387227.pdf,data-set-10-files-9,1,other
EFTA01387228.pdf,data-set-10-files-9,1,other
EFTA01387229.pdf,data-set-10-files-9,1,email
EFTA01387230.pdf,data-set-10-files-9,1,email
EFTA01387231.pdf,data-set-10-files-9,1,other
EFTA01387232.pdf,data-set-10-files-9,1,other
EFTA01387233.pdf,data-set-10-files-9,1,email
EFTA01387234.pdf,data-set-10-files-9,1,email
EFTA01387235.pdf,data-set-10-files-9,1,other
EFTA01387236.pdf,data-set-10-files-9,1,other
EFTA01387237.pdf,data-set-10-files-9,1,other
EFTA01387238.pdf,data-set-10-files-9,1,other
EFTA01387239.pdf,data-set-10-files-9,1,other
EFTA01387240.pdf,data-set-10-files-9,1,other
EFTA01387241.pdf,data-set-10-files-9,1,email
EFTA01387242.pdf,data-set-10-files-9,1,other
EFTA01387243.pdf,data-set-10-files-9,1,other
EFTA01387244.pdf,data-set-10-files-9,1,email
EFTA01387245.pdf,data-set-10-files-9,1,other
EFTA01387246.pdf,data-set-10-files-9,1,email
EFTA01387247.pdf,data-set-10-files-9,1,other
EFTA01387248.pdf,data-set-10-files-9,1,other
EFTA01387249.pdf,data-set-10-files-9,1,other
EFTA01387250.pdf,data-set-10-files-9,1,other
EFTA01387251.pdf,data-set-10-files-9,1,email
EFTA01387252.pdf,data-set-10-files-9,1,other
EFTA01387253.pdf,data-set-10-files-9,1,other
EFTA01387254.pdf,data-set-10-files-9,1,other
EFTA01387255.pdf,data-set-10-files-9,1,other
EFTA01387256.pdf,data-set-10-files-9,1,other
EFTA01387257.pdf,data-set-10-files-9,1,email
EFTA01387258.pdf,data-set-10-files-9,1,other
EFTA01387259.pdf,data-set-10-files-9,1,other
EFTA01387260.pdf,data-set-10-files-9,1,email
EFTA01387261.pdf,data-set-10-files-9,1,other
EFTA01387262.pdf,data-set-10-files-9,1,other
EFTA01387263.pdf,data-set-10-files-9,1,other
EFTA01387264.pdf,data-set-10-files-9,1,email
EFTA01387265.pdf,data-set-10-files-9,1,email
EFTA01387266.pdf,data-set-10-files-9,1,email
EFTA01387267.pdf,data-set-10-files-9,1,other
EFTA01387268.pdf,data-set-10-files-9,1,email
EFTA01387269.pdf,data-set-10-files-9,1,other
EFTA01387270.pdf,data-set-10-files-9,1,other
EFTA01387271.pdf,data-set-10-files-9,1,other
EFTA01387272.pdf,data-set-10-files-9,1,other
EFTA01387273.pdf,data-set-10-files-9,1,other
EFTA01387274.pdf,data-set-10-files-9,1,other
EFTA01387275.pdf,data-set-10-files-9,1,other
EFTA01387276.pdf,data-set-10-files-9,1,other
EFTA01387277.pdf,data-set-10-files-9,1,other
EFTA01387278.pdf,data-set-10-files-9,1,other
EFTA01387279.pdf,data-set-10-files-9,1,other
EFTA01387280.pdf,data-set-10-files-9,1,other
EFTA01387281.pdf,data-set-10-files-9,1,other
EFTA01387282.pdf,data-set-10-files-9,1,email
EFTA01387283.pdf,data-set-10-files-9,1,email
EFTA01387284.pdf,data-set-10-files-9,1,other
EFTA01387285.pdf,data-set-10-files-9,1,other
EFTA01387286.pdf,data-set-10-files-9,1,other
EFTA01387287.pdf,data-set-10-files-9,1,other
EFTA01387288.pdf,data-set-10-files-9,1,other
EFTA01387289.pdf,data-set-10-files-9,1,other
EFTA01387290.pdf,data-set-10-files-9,1,other
EFTA01387291.pdf,data-set-10-files-9,1,other
EFTA01387292.pdf,data-set-10-files-9,1,other
EFTA01387293.pdf,data-set-10-files-9,1,other
EFTA01387294.pdf,data-set-10-files-9,1,other
EFTA01387295.pdf,data-set-10-files-9,1,other
EFTA01387296.pdf,data-set-10-files-9,1,other
EFTA01387297.pdf,data-set-10-files-9,1,other
EFTA01387298.pdf,data-set-10-files-9,1,other
EFTA01387299.pdf,data-set-10-files-9,1,other
EFTA01387300.pdf,data-set-10-files-9,1,other
EFTA01387301.pdf,data-set-10-files-9,1,other
EFTA01387302.pdf,data-set-10-files-9,1,other
EFTA01387303.pdf,data-set-10-files-9,1,other
EFTA01387304.pdf,data-set-10-files-9,1,other
EFTA01387305.pdf,data-set-10-files-9,1,other
EFTA01387306.pdf,data-set-10-files-9,1,other
EFTA01387307.pdf,data-set-10-files-9,1,other
EFTA01387308.pdf,data-set-10-files-9,1,other
EFTA01387309.pdf,data-set-10-files-9,1,other
EFTA01387310.pdf,data-set-10-files-9,1,other
EFTA01387311.pdf,data-set-10-files-9,1,other
EFTA01387312.pdf,data-set-10-files-9,1,other
EFTA01387313.pdf,data-set-10-files-9,1,other
EFTA01387314.pdf,data-set-10-files-9,1,other
EFTA01387315.pdf,data-set-10-files-9,1,other
EFTA01387316.pdf,data-set-10-files-9,1,other
EFTA01387317.pdf,data-set-10-files-9,1,other
EFTA01387318.pdf,data-set-10-files-9,1,other
EFTA01387319.pdf,data-set-10-files-9,1,other
EFTA01387320.pdf,data-set-10-files-9,1,other
EFTA01387321.pdf,data-set-10-files-9,1,other
EFTA01387322.pdf,data-set-10-files-9,1,other
EFTA01387323.pdf,data-set-10-files-9,1,other
EFTA01387324.pdf,data-set-10-files-9,1,email
EFTA01387325.pdf,data-set-10-files-9,1,other
EFTA01387326.pdf,data-set-10-files-9,1,email
EFTA01387327.pdf,data-set-10-files-9,1,email
EFTA01387328.pdf,data-set-10-files-9,1,email
EFTA01387329.pdf,data-set-10-files-9,1,email
EFTA01387330.pdf,data-set-10-files-9,1,other
EFTA01387331.pdf,data-set-10-files-9,1,email
EFTA01387332.pdf,data-set-10-files-9,1,other
EFTA01387333.pdf,data-set-10-files-9,1,other
EFTA01387334.pdf,data-set-10-files-9,1,other
EFTA01387335.pdf,data-set-10-files-9,1,other
EFTA01387336.pdf,data-set-10-files-9,1,other
EFTA01387337.pdf,data-set-10-files-9,1,other
EFTA01387338.pdf,data-set-10-files-9,1,other
EFTA01387339.pdf,data-set-10-files-9,1,other
EFTA01387340.pdf,data-set-10-files-9,1,email
EFTA01387341.pdf,data-set-10-files-9,1,other
EFTA01387342.pdf,data-set-10-files-9,1,other
EFTA01387343.pdf,data-set-10-files-9,1,other
EFTA01387344.pdf,data-set-10-files-9,1,other
EFTA01387345.pdf,data-set-10-files-9,1,email
EFTA01387346.pdf,data-set-10-files-9,1,other
EFTA01387347.pdf,data-set-10-files-9,1,email
EFTA01387348.pdf,data-set-10-files-9,1,email
EFTA01387349.pdf,data-set-10-files-9,1,other
EFTA01387350.pdf,data-set-10-files-9,1,email
EFTA01387351.pdf,data-set-10-files-9,1,email
EFTA01387352.pdf,data-set-10-files-9,1,other
EFTA01387353.pdf,data-set-10-files-9,1,other
EFTA01387354.pdf,data-set-10-files-9,1,email
EFTA01387355.pdf,data-set-10-files-9,1,email
EFTA01387356.pdf,data-set-10-files-9,1,email
EFTA01387357.pdf,data-set-10-files-9,1,email
EFTA01387358.pdf,data-set-10-files-9,1,email
EFTA01387359.pdf,data-set-10-files-9,1,other
EFTA01387360.pdf,data-set-10-files-9,1,other
EFTA01387361.pdf,data-set-10-files-9,1,other
EFTA01387362.pdf,data-set-10-files-9,1,other
EFTA01387363.pdf,data-set-10-files-9,1,other
EFTA01387364.pdf,data-set-10-files-9,1,other
EFTA01387365.pdf,data-set-10-files-9,1,email
EFTA01387366.pdf,data-set-10-files-9,1,other
EFTA01387367.pdf,data-set-10-files-9,1,other
EFTA01387368.pdf,data-set-10-files-9,1,other
EFTA01387369.pdf,data-set-10-files-9,1,other
EFTA01387370.pdf,data-set-10-files-9,1,other
EFTA01387371.pdf,data-set-10-files-9,1,other
EFTA01387372.pdf,data-set-10-files-9,1,other
EFTA01387373.pdf,data-set-10-files-9,1,other
EFTA01387374.pdf,data-set-10-files-9,1,other
EFTA01387375.pdf,data-set-10-files-9,1,other
EFTA01387376.pdf,data-set-10-files-9,1,other
EFTA01387377.pdf,data-set-10-files-9,1,other
EFTA01387378.pdf,data-set-10-files-9,1,other
EFTA01387379.pdf,data-set-10-files-9,1,other
EFTA01387380.pdf,data-set-10-files-9,1,other
EFTA01387381.pdf,data-set-10-files-9,1,other
EFTA01387382.pdf,data-set-10-files-9,1,other
EFTA01387383.pdf,data-set-10-files-9,1,other
EFTA01387384.pdf,data-set-10-files-9,1,other
EFTA01387385.pdf,data-set-10-files-9,1,other
EFTA01387386.pdf,data-set-10-files-9,1,other
EFTA01387387.pdf,data-set-10-files-9,1,other
EFTA01387388.pdf,data-set-10-files-9,1,other
EFTA01387389.pdf,data-set-10-files-9,1,other
EFTA01387390.pdf,data-set-10-files-9,1,other
EFTA01387391.pdf,data-set-10-files-9,1,email
EFTA01387392.pdf,data-set-10-files-9,1,other
EFTA01387393.pdf,data-set-10-files-9,1,email
EFTA01387394.pdf,data-set-10-files-9,1,email
EFTA01387395.pdf,data-set-10-files-9,1,email
EFTA01387396.pdf,data-set-10-files-9,1,email
EFTA01387397.pdf,data-set-10-files-9,1,email
EFTA01387398.pdf,data-set-10-files-9,1,email
EFTA01387399.pdf,data-set-10-files-9,1,other
EFTA01387400.pdf,data-set-10-files-9,1,email
EFTA01387401.pdf,data-set-10-files-9,1,email
EFTA01387402.pdf,data-set-10-files-9,1,email
EFTA01387403.pdf,data-set-10-files-9,1,other
EFTA01387404.pdf,data-set-10-files-9,1,other
EFTA01387405.pdf,data-set-10-files-9,1,other
EFTA01387406.pdf,data-set-10-files-9,1,email
EFTA01387407.pdf,data-set-10-files-9,1,other
EFTA01387408.pdf,data-set-10-files-9,1,other
EFTA01387409.pdf,data-set-10-files-9,1,email
EFTA01387410.pdf,data-set-10-files-9,1,email
EFTA01387411.pdf,data-set-10-files-9,1,email
EFTA01387412.pdf,data-set-10-files-9,1,email
EFTA01387413.pdf,data-set-10-files-9,1,email
EFTA01387414.pdf,data-set-10-files-9,1,email
EFTA01387415.pdf,data-set-10-files-9,1,email
EFTA01387416.pdf,data-set-10-files-9,1,other
EFTA01387417.pdf,data-set-10-files-9,1,email
EFTA01387418.pdf,data-set-10-files-9,1,email
EFTA01387419.pdf,data-set-10-files-9,1,other
EFTA01387420.pdf,data-set-10-files-9,1,email
EFTA01387421.pdf,data-set-10-files-9,1,other
EFTA01387422.pdf,data-set-10-files-9,1,other
EFTA01387423.pdf,data-set-10-files-9,1,other
EFTA01387424.pdf,data-set-10-files-9,1,other
EFTA01387425.pdf,data-set-10-files-9,1,email
EFTA01387426.pdf,data-set-10-files-9,1,email
EFTA01387427.pdf,data-set-10-files-9,1,other
EFTA01387428.pdf,data-set-10-files-9,1,email
EFTA01387429.pdf,data-set-10-files-9,1,email
EFTA01387430.pdf,data-set-10-files-9,1,other
EFTA01387431.pdf,data-set-10-files-9,1,other
EFTA01387432.pdf,data-set-10-files-9,1,other
EFTA01387433.pdf,data-set-10-files-9,1,email
EFTA01387434.pdf,data-set-10-files-9,1,email
EFTA01387435.pdf,data-set-10-files-9,1,other
EFTA01387436.pdf,data-set-10-files-9,1,other
EFTA01387437.pdf,data-set-10-files-9,1,other
EFTA01387438.pdf,data-set-10-files-9,1,other
EFTA01387439.pdf,data-set-10-files-9,1,other
EFTA01387440.pdf,data-set-10-files-9,1,other
EFTA01387441.pdf,data-set-10-files-9,1,other
EFTA01387442.pdf,data-set-10-files-9,1,email
EFTA01387443.pdf,data-set-10-files-9,1,email
EFTA01387444.pdf,data-set-10-files-9,1,other
EFTA01387445.pdf,data-set-10-files-9,1,other
EFTA01387446.pdf,data-set-10-files-9,1,other
EFTA01387447.pdf,data-set-10-files-9,1,email
EFTA01387448.pdf,data-set-10-files-9,1,other
EFTA01387449.pdf,data-set-10-files-9,1,other
EFTA01387450.pdf,data-set-10-files-9,1,other
EFTA01387451.pdf,data-set-10-files-9,1,other
EFTA01387452.pdf,data-set-10-files-9,1,email
EFTA01387453.pdf,data-set-10-files-9,1,email
EFTA01387454.pdf,data-set-10-files-9,1,email
EFTA01387455.pdf,data-set-10-files-9,1,other
EFTA01387456.pdf,data-set-10-files-9,1,other
EFTA01387457.pdf,data-set-10-files-9,1,email
EFTA01387458.pdf,data-set-10-files-9,1,other
EFTA01387459.pdf,data-set-10-files-9,1,other
EFTA01387460.pdf,data-set-10-files-9,1,email
EFTA01387461.pdf,data-set-10-files-9,1,email
EFTA01387462.pdf,data-set-10-files-9,1,other
EFTA01387463.pdf,data-set-10-files-9,1,email
EFTA01387464.pdf,data-set-10-files-9,1,other
EFTA01387465.pdf,data-set-10-files-9,1,email
EFTA01387466.pdf,data-set-10-files-9,1,other
EFTA01387467.pdf,data-set-10-files-9,1,other
EFTA01387468.pdf,data-set-10-files-9,1,other
EFTA01387469.pdf,data-set-10-files-9,1,other
EFTA01387470.pdf,data-set-10-files-9,1,other
EFTA01387471.pdf,data-set-10-files-9,1,email
EFTA01387472.pdf,data-set-10-files-9,1,other
EFTA01387473.pdf,data-set-10-files-9,1,email
EFTA01387474.pdf,data-set-10-files-9,1,other
EFTA01387475.pdf,data-set-10-files-9,1,email
EFTA01387476.pdf,data-set-10-files-9,1,other
EFTA01387477.pdf,data-set-10-files-9,1,other
EFTA01387478.pdf,data-set-10-files-9,1,email
EFTA01387479.pdf,data-set-10-files-9,1,other
EFTA01387480.pdf,data-set-10-files-9,1,email
EFTA01387481.pdf,data-set-10-files-9,1,other
EFTA01387482.pdf,data-set-10-files-9,1,other
EFTA01387483.pdf,data-set-10-files-9,1,other
EFTA01387484.pdf,data-set-10-files-9,1,email
EFTA01387485.pdf,data-set-10-files-9,1,email
EFTA01387486.pdf,data-set-10-files-9,1,email
EFTA01387487.pdf,data-set-10-files-9,1,other
EFTA01387488.pdf,data-set-10-files-9,1,other
EFTA01387489.pdf,data-set-10-files-9,1,email
EFTA01387490.pdf,data-set-10-files-9,1,email
EFTA01387491.pdf,data-set-10-files-9,1,email
EFTA01387492.pdf,data-set-10-files-9,1,email
EFTA01387493.pdf,data-set-10-files-9,1,email
EFTA01387494.pdf,data-set-10-files-9,1,other
EFTA01387495.pdf,data-set-10-files-9,1,email
EFTA01387496.pdf,data-set-10-files-9,1,other
EFTA01387497.pdf,data-set-10-files-9,1,other
EFTA01387498.pdf,data-set-10-files-9,1,email
EFTA01387499.pdf,data-set-10-files-9,1,other
EFTA01387500.pdf,data-set-10-files-9,1,other
EFTA01387501.pdf,data-set-10-files-9,1,email
EFTA01387502.pdf,data-set-10-files-9,1,other
EFTA01387503.pdf,data-set-10-files-9,1,other
EFTA01387504.pdf,data-set-10-files-9,1,other
EFTA01387505.pdf,data-set-10-files-9,1,other
EFTA01387506.pdf,data-set-10-files-9,1,email
EFTA01387507.pdf,data-set-10-files-9,1,email
EFTA01387508.pdf,data-set-10-files-9,1,email
EFTA01387509.pdf,data-set-10-files-9,1,other
EFTA01387510.pdf,data-set-10-files-9,1,email
EFTA01387511.pdf,data-set-10-files-9,1,other
EFTA01387512.pdf,data-set-10-files-9,1,other
EFTA01387513.pdf,data-set-10-files-9,1,other
EFTA01387514.pdf,data-set-10-files-9,1,other
EFTA01387515.pdf,data-set-10-files-9,1,other
EFTA01387516.pdf,data-set-10-files-9,1,other
EFTA01387517.pdf,data-set-10-files-9,1,email
EFTA01387518.pdf,data-set-10-files-9,1,email
EFTA01387519.pdf,data-set-10-files-9,1,other
EFTA01387520.pdf,data-set-10-files-9,1,other
EFTA01387521.pdf,data-set-10-files-9,1,other
EFTA01387522.pdf,data-set-10-files-9,1,other
EFTA01387523.pdf,data-set-10-files-9,1,other
EFTA01387524.pdf,data-set-10-files-9,1,other
EFTA01387525.pdf,data-set-10-files-9,1,email
EFTA01387526.pdf,data-set-10-files-9,1,other
EFTA01387527.pdf,data-set-10-files-9,1,other
EFTA01387528.pdf,data-set-10-files-9,1,other
EFTA01387529.pdf,data-set-10-files-9,1,other
EFTA01387530.pdf,data-set-10-files-9,1,other
EFTA01387531.pdf,data-set-10-files-9,1,email
EFTA01387532.pdf,data-set-10-files-9,1,email
EFTA01387533.pdf,data-set-10-files-9,1,email
EFTA01387534.pdf,data-set-10-files-9,1,other
EFTA01387535.pdf,data-set-10-files-9,1,email
EFTA01387536.pdf,data-set-10-files-9,1,email
EFTA01387537.pdf,data-set-10-files-9,1,other
EFTA01387538.pdf,data-set-10-files-9,1,other
EFTA01387539.pdf,data-set-10-files-9,1,email
EFTA01387540.pdf,data-set-10-files-9,1,email
EFTA01387541.pdf,data-set-10-files-9,1,other
EFTA01387542.pdf,data-set-10-files-9,1,other
EFTA01387543.pdf,data-set-10-files-9,1,email
EFTA01387544.pdf,data-set-10-files-9,1,other
EFTA01387545.pdf,data-set-10-files-9,1,email
EFTA01387546.pdf,data-set-10-files-9,1,email
EFTA01387547.pdf,data-set-10-files-9,1,other
EFTA01387548.pdf,data-set-10-files-9,1,other
EFTA01387549.pdf,data-set-10-files-9,1,other
EFTA01387550.pdf,data-set-10-files-9,1,other
EFTA01387551.pdf,data-set-10-files-9,1,other
EFTA01387552.pdf,data-set-10-files-9,1,other
EFTA01387553.pdf,data-set-10-files-9,1,other
EFTA01387554.pdf,data-set-10-files-9,1,other
EFTA01387555.pdf,data-set-10-files-9,1,other
EFTA01387556.pdf,data-set-10-files-9,1,other
EFTA01387557.pdf,data-set-10-files-9,1,other
EFTA01387558.pdf,data-set-10-files-9,1,other
EFTA01387559.pdf,data-set-10-files-9,1,other
EFTA01387560.pdf,data-set-10-files-9,1,other
EFTA01387561.pdf,data-set-10-files-9,1,other
EFTA01387562.pdf,data-set-10-files-9,1,other
EFTA01387563.pdf,data-set-10-files-9,1,other
EFTA01387564.pdf,data-set-10-files-9,1,other
EFTA01387565.pdf,data-set-10-files-9,1,other
EFTA01387566.pdf,data-set-10-files-9,1,other
EFTA01387567.pdf,data-set-10-files-9,1,other
EFTA01387568.pdf,data-set-10-files-9,1,other
EFTA01387569.pdf,data-set-10-files-9,1,other
EFTA01387570.pdf,data-set-10-files-9,1,other
EFTA01387571.pdf,data-set-10-files-9,1,other
EFTA01387572.pdf,data-set-10-files-9,1,email
EFTA01387573.pdf,data-set-10-files-9,1,email
EFTA01387574.pdf,data-set-10-files-9,1,email
EFTA01387575.pdf,data-set-10-files-9,1,email
EFTA01387576.pdf,data-set-10-files-9,1,email
EFTA01387577.pdf,data-set-10-files-9,1,email
EFTA01387578.pdf,data-set-10-files-9,1,email
EFTA01387579.pdf,data-set-10-files-9,1,other
EFTA01387580.pdf,data-set-10-files-9,1,other
EFTA01387581.pdf,data-set-10-files-9,1,other
EFTA01387582.pdf,data-set-10-files-9,1,other
EFTA01387583.pdf,data-set-10-files-9,1,other
EFTA01387584.pdf,data-set-10-files-9,1,other
EFTA01387585.pdf,data-set-10-files-9,1,other
EFTA01387586.pdf,data-set-10-files-9,1,other
EFTA01387587.pdf,data-set-10-files-9,1,other
EFTA01387588.pdf,data-set-10-files-9,1,email
EFTA01387589.pdf,data-set-10-files-9,1,other
EFTA01387590.pdf,data-set-10-files-9,1,email
EFTA01387591.pdf,data-set-10-files-9,1,other
EFTA01387592.pdf,data-set-10-files-9,1,other
EFTA01387593.pdf,data-set-10-files-9,1,other
EFTA01387594.pdf,data-set-10-files-9,1,other
EFTA01387595.pdf,data-set-10-files-9,1,other
EFTA01387596.pdf,data-set-10-files-9,1,other
EFTA01387597.pdf,data-set-10-files-9,1,other
EFTA01387598.pdf,data-set-10-files-9,1,other
EFTA01387599.pdf,data-set-10-files-9,1,other
EFTA01387600.pdf,data-set-10-files-9,1,other
EFTA01387601.pdf,data-set-10-files-9,1,other
EFTA01387602.pdf,data-set-10-files-9,1,other
EFTA01387603.pdf,data-set-10-files-9,1,other
EFTA01387604.pdf,data-set-10-files-9,1,other
EFTA01387605.pdf,data-set-10-files-9,1,other
EFTA01387606.pdf,data-set-10-files-9,1,other
EFTA01387607.pdf,data-set-10-files-9,1,other
EFTA01387608.pdf,data-set-10-files-9,1,other
EFTA01387609.pdf,data-set-10-files-9,1,other
EFTA01387610.pdf,data-set-10-files-9,1,other
EFTA01387611.pdf,data-set-10-files-9,1,other
EFTA01387612.pdf,data-set-10-files-9,1,other
EFTA01387613.pdf,data-set-10-files-9,1,other
EFTA01387614.pdf,data-set-10-files-9,1,other
EFTA01387615.pdf,data-set-10-files-9,1,other
EFTA01387616.pdf,data-set-10-files-9,1,other
EFTA01387617.pdf,data-set-10-files-9,1,other
EFTA01387618.pdf,data-set-10-files-9,1,other
EFTA01387619.pdf,data-set-10-files-9,1,other
EFTA01387620.pdf,data-set-10-files-9,1,other
EFTA01387621.pdf,data-set-10-files-9,1,other
EFTA01387622.pdf,data-set-10-files-9,1,other
EFTA01387623.pdf,data-set-10-files-9,1,other
EFTA01387624.pdf,data-set-10-files-9,1,other
EFTA01387625.pdf,data-set-10-files-9,1,email
EFTA01387626.pdf,data-set-10-files-9,1,email
EFTA01387627.pdf,data-set-10-files-9,1,email
EFTA01387628.pdf,data-set-10-files-9,1,email
EFTA01387629.pdf,data-set-10-files-9,1,email
EFTA01387630.pdf,data-set-10-files-9,1,other
EFTA01387631.pdf,data-set-10-files-9,1,other
EFTA01387632.pdf,data-set-10-files-9,1,other
EFTA01387633.pdf,data-set-10-files-9,1,other
EFTA01387634.pdf,data-set-10-files-9,1,email
EFTA01387635.pdf,data-set-10-files-9,1,email
EFTA01387636.pdf,data-set-10-files-9,1,other
EFTA01387637.pdf,data-set-10-files-9,1,other
EFTA01387638.pdf,data-set-10-files-9,1,email
EFTA01387639.pdf,data-set-10-files-9,1,other
EFTA01387640.pdf,data-set-10-files-9,1,email
EFTA01387641.pdf,data-set-10-files-9,1,other
EFTA01387642.pdf,data-set-10-files-9,1,other
EFTA01387643.pdf,data-set-10-files-9,1,other
EFTA01387644.pdf,data-set-10-files-9,1,email
EFTA01387645.pdf,data-set-10-files-9,1,other
EFTA01387646.pdf,data-set-10-files-9,1,other
EFTA01387647.pdf,data-set-10-files-9,1,email
EFTA01387648.pdf,data-set-10-files-9,1,other
EFTA01387649.pdf,data-set-10-files-9,1,email
EFTA01387650.pdf,data-set-10-files-9,1,other
EFTA01387651.pdf,data-set-10-files-9,1,other
EFTA01387652.pdf,data-set-10-files-9,1,email
EFTA01387653.pdf,data-set-10-files-9,1,other
EFTA01387654.pdf,data-set-10-files-9,1,other
EFTA01387655.pdf,data-set-10-files-9,1,other
EFTA01387656.pdf,data-set-10-files-9,1,other
EFTA01387657.pdf,data-set-10-files-9,1,email
EFTA01387658.pdf,data-set-10-files-9,1,other
EFTA01387659.pdf,data-set-10-files-9,1,other
EFTA01387660.pdf,data-set-10-files-9,1,other
EFTA01387661.pdf,data-set-10-files-9,1,other
EFTA01387662.pdf,data-set-10-files-9,1,other
EFTA01387663.pdf,data-set-10-files-9,1,other
EFTA01387664.pdf,data-set-10-files-9,1,other
EFTA01387665.pdf,data-set-10-files-9,1,email
EFTA01387666.pdf,data-set-10-files-9,1,other
EFTA01387667.pdf,data-set-10-files-9,1,other
EFTA01387668.pdf,data-set-10-files-9,1,other
EFTA01387669.pdf,data-set-10-files-9,1,email
EFTA01387670.pdf,data-set-10-files-9,1,email
EFTA01387671.pdf,data-set-10-files-9,1,email
EFTA01387672.pdf,data-set-10-files-9,1,other
EFTA01387673.pdf,data-set-10-files-9,1,other
EFTA01387674.pdf,data-set-10-files-9,1,email
EFTA01387675.pdf,data-set-10-files-9,1,email
EFTA01387676.pdf,data-set-10-files-9,1,other
EFTA01387677.pdf,data-set-10-files-9,1,email
EFTA01387678.pdf,data-set-10-files-9,1,other
EFTA01387679.pdf,data-set-10-files-9,1,email
EFTA01387680.pdf,data-set-10-files-9,1,other
EFTA01387681.pdf,data-set-10-files-9,1,other
EFTA01387682.pdf,data-set-10-files-9,1,email
EFTA01387683.pdf,data-set-10-files-9,1,other
EFTA01387684.pdf,data-set-10-files-9,1,email
EFTA01387685.pdf,data-set-10-files-9,1,other
EFTA01387686.pdf,data-set-10-files-9,1,email
EFTA01387687.pdf,data-set-10-files-9,1,email
EFTA01387688.pdf,data-set-10-files-9,1,other
EFTA01387689.pdf,data-set-10-files-9,1,email
EFTA01387690.pdf,data-set-10-files-9,1,other
EFTA01387691.pdf,data-set-10-files-9,1,other
EFTA01387692.pdf,data-set-10-files-9,1,other
EFTA01387693.pdf,data-set-10-files-9,1,email
EFTA01387694.pdf,data-set-10-files-9,1,other
EFTA01387695.pdf,data-set-10-files-9,1,email
EFTA01387696.pdf,data-set-10-files-9,1,other
EFTA01387697.pdf,data-set-10-files-9,1,email
EFTA01387698.pdf,data-set-10-files-9,1,other
EFTA01387699.pdf,data-set-10-files-9,1,email
EFTA01387700.pdf,data-set-10-files-9,1,other
EFTA01387701.pdf,data-set-10-files-9,1,other
EFTA01387702.pdf,data-set-10-files-9,1,other
EFTA01387703.pdf,data-set-10-files-9,1,email
EFTA01387704.pdf,data-set-10-files-9,1,email
EFTA01387705.pdf,data-set-10-files-9,1,email
EFTA01387706.pdf,data-set-10-files-9,1,email
EFTA01387707.pdf,data-set-10-files-9,1,email
EFTA01387708.pdf,data-set-10-files-9,1,email
EFTA01387709.pdf,data-set-10-files-9,1,email
EFTA01387710.pdf,data-set-10-files-9,1,other
EFTA01387711.pdf,data-set-10-files-9,1,other
EFTA01387712.pdf,data-set-10-files-9,1,other
EFTA01387713.pdf,data-set-10-files-9,1,email
EFTA01387714.pdf,data-set-10-files-9,1,email
EFTA01387715.pdf,data-set-10-files-9,1,email
EFTA01387716.pdf,data-set-10-files-9,1,email
EFTA01387717.pdf,data-set-10-files-9,1,email
EFTA01387718.pdf,data-set-10-files-9,1,other
EFTA01387719.pdf,data-set-10-files-9,1,email
EFTA01387720.pdf,data-set-10-files-9,1,email
EFTA01387721.pdf,data-set-10-files-9,1,email
EFTA01387722.pdf,data-set-10-files-9,1,email
EFTA01387723.pdf,data-set-10-files-9,1,email
EFTA01387724.pdf,data-set-10-files-9,1,email
EFTA01387725.pdf,data-set-10-files-9,1,email
EFTA01387726.pdf,data-set-10-files-9,1,other
EFTA01387727.pdf,data-set-10-files-9,1,email
EFTA01387728.pdf,data-set-10-files-9,1,other
EFTA01387729.pdf,data-set-10-files-9,1,other
EFTA01387730.pdf,data-set-10-files-9,1,email
EFTA01387731.pdf,data-set-10-files-9,1,other
EFTA01387732.pdf,data-set-10-files-9,1,other
EFTA01387733.pdf,data-set-10-files-9,1,other
EFTA01387734.pdf,data-set-10-files-9,1,other
EFTA01387735.pdf,data-set-10-files-9,1,other
EFTA01387736.pdf,data-set-10-files-9,1,other
EFTA01387737.pdf,data-set-10-files-9,1,other
EFTA01387738.pdf,data-set-10-files-9,1,other
EFTA01387739.pdf,data-set-10-files-9,1,other
EFTA01387740.pdf,data-set-10-files-9,1,other
EFTA01387741.pdf,data-set-10-files-9,1,email
EFTA01387742.pdf,data-set-10-files-9,1,other
EFTA01387743.pdf,data-set-10-files-9,1,other
EFTA01387744.pdf,data-set-10-files-9,1,email
EFTA01387745.pdf,data-set-10-files-9,1,email
EFTA01387746.pdf,data-set-10-files-9,1,email
EFTA01387747.pdf,data-set-10-files-9,1,email
EFTA01387748.pdf,data-set-10-files-9,1,other
EFTA01387749.pdf,data-set-10-files-9,1,email
EFTA01387750.pdf,data-set-10-files-9,1,email
EFTA01387751.pdf,data-set-10-files-9,1,email
EFTA01387752.pdf,data-set-10-files-9,1,other
EFTA01387753.pdf,data-set-10-files-9,1,email
EFTA01387754.pdf,data-set-10-files-9,1,email
EFTA01387755.pdf,data-set-10-files-9,1,other
EFTA01387756.pdf,data-set-10-files-9,1,other
EFTA01387757.pdf,data-set-10-files-9,1,email
EFTA01387758.pdf,data-set-10-files-9,1,email
EFTA01387759.pdf,data-set-10-files-9,1,email
EFTA01387760.pdf,data-set-10-files-9,1,email
EFTA01387761.pdf,data-set-10-files-9,1,email
EFTA01387762.pdf,data-set-10-files-9,1,email
EFTA01387763.pdf,data-set-10-files-9,1,other
EFTA01387764.pdf,data-set-10-files-9,1,other
EFTA01387765.pdf,data-set-10-files-9,1,email
EFTA01387766.pdf,data-set-10-files-9,1,email
EFTA01387767.pdf,data-set-10-files-9,1,email
EFTA01387768.pdf,data-set-10-files-9,1,email
EFTA01387769.pdf,data-set-10-files-9,1,email
EFTA01387770.pdf,data-set-10-files-9,1,other
EFTA01387771.pdf,data-set-10-files-9,1,email
EFTA01387772.pdf,data-set-10-files-9,1,other
EFTA01387773.pdf,data-set-10-files-9,1,email
EFTA01387774.pdf,data-set-10-files-9,1,other
EFTA01387775.pdf,data-set-10-files-9,1,other
EFTA01387776.pdf,data-set-10-files-9,1,other
EFTA01387777.pdf,data-set-10-files-9,1,other
EFTA01387778.pdf,data-set-10-files-9,1,other
EFTA01387779.pdf,data-set-10-files-9,1,other
EFTA01387780.pdf,data-set-10-files-9,1,other
EFTA01387781.pdf,data-set-10-files-9,1,other
EFTA01387782.pdf,data-set-10-files-9,1,other
EFTA01387783.pdf,data-set-10-files-9,1,other
EFTA01387784.pdf,data-set-10-files-9,1,other
EFTA01387785.pdf,data-set-10-files-9,1,other
EFTA01387786.pdf,data-set-10-files-9,1,other
EFTA01387787.pdf,data-set-10-files-9,1,other
EFTA01387788.pdf,data-set-10-files-9,1,other
EFTA01387789.pdf,data-set-10-files-9,1,other
EFTA01387790.pdf,data-set-10-files-9,1,other
EFTA01387791.pdf,data-set-10-files-9,1,other
EFTA01387792.pdf,data-set-10-files-9,1,other
EFTA01387793.pdf,data-set-10-files-9,1,other
EFTA01387794.pdf,data-set-10-files-9,1,other
EFTA01387795.pdf,data-set-10-files-9,1,other
EFTA01387796.pdf,data-set-10-files-9,1,other
EFTA01387797.pdf,data-set-10-files-9,1,other
EFTA01387798.pdf,data-set-10-files-9,1,other
EFTA01387799.pdf,data-set-10-files-9,1,other
EFTA01387800.pdf,data-set-10-files-9,1,other
EFTA01387801.pdf,data-set-10-files-9,1,other
EFTA01387802.pdf,data-set-10-files-9,1,other
EFTA01387803.pdf,data-set-10-files-9,1,other
EFTA01387804.pdf,data-set-10-files-9,1,other
EFTA01387805.pdf,data-set-10-files-9,1,other
EFTA01387806.pdf,data-set-10-files-9,1,other
EFTA01387807.pdf,data-set-10-files-9,1,other
EFTA01387808.pdf,data-set-10-files-9,1,other
EFTA01387809.pdf,data-set-10-files-9,1,other
EFTA01387810.pdf,data-set-10-files-9,1,other
EFTA01387811.pdf,data-set-10-files-9,1,other
EFTA01387812.pdf,data-set-10-files-9,1,other
EFTA01387813.pdf,data-set-10-files-9,1,other
EFTA01387814.pdf,data-set-10-files-9,1,other
EFTA01387815.pdf,data-set-10-files-9,1,other
EFTA01387816.pdf,data-set-10-files-9,1,other
EFTA01387817.pdf,data-set-10-files-9,1,other
EFTA01387818.pdf,data-set-10-files-9,1,other
EFTA01387819.pdf,data-set-10-files-9,1,other
EFTA01387820.pdf,data-set-10-files-9,1,other
EFTA01387821.pdf,data-set-10-files-9,1,other
EFTA01387822.pdf,data-set-10-files-9,1,other
EFTA01387823.pdf,data-set-10-files-9,1,other
EFTA01387824.pdf,data-set-10-files-9,1,other
EFTA01387825.pdf,data-set-10-files-9,1,other
EFTA01387826.pdf,data-set-10-files-9,1,other
EFTA01387827.pdf,data-set-10-files-9,1,other
EFTA01387828.pdf,data-set-10-files-9,1,other
EFTA01387829.pdf,data-set-10-files-9,1,other
EFTA01387830.pdf,data-set-10-files-9,1,other
EFTA01387831.pdf,data-set-10-files-9,1,other
EFTA01387832.pdf,data-set-10-files-9,1,other
EFTA01387833.pdf,data-set-10-files-9,1,other
EFTA01387834.pdf,data-set-10-files-9,1,other
EFTA01387835.pdf,data-set-10-files-9,1,other
EFTA01387836.pdf,data-set-10-files-9,1,other
EFTA01387837.pdf,data-set-10-files-9,1,other
EFTA01387838.pdf,data-set-10-files-9,1,other
EFTA01387839.pdf,data-set-10-files-9,1,other
EFTA01387840.pdf,data-set-10-files-9,1,other
EFTA01387841.pdf,data-set-10-files-9,1,other
EFTA01387842.pdf,data-set-10-files-9,1,other
EFTA01387843.pdf,data-set-10-files-9,1,other
EFTA01387844.pdf,data-set-10-files-9,1,other
EFTA01387845.pdf,data-set-10-files-9,1,other
EFTA01387846.pdf,data-set-10-files-9,1,other
EFTA01387847.pdf,data-set-10-files-9,1,other
EFTA01387848.pdf,data-set-10-files-9,1,other
EFTA01387849.pdf,data-set-10-files-9,1,other
EFTA01387850.pdf,data-set-10-files-9,1,other
EFTA01387851.pdf,data-set-10-files-9,1,other
EFTA01387852.pdf,data-set-10-files-9,1,other
EFTA01387853.pdf,data-set-10-files-9,1,other
EFTA01387854.pdf,data-set-10-files-9,1,other
EFTA01387855.pdf,data-set-10-files-9,1,other
EFTA01387856.pdf,data-set-10-files-9,1,other
EFTA01387857.pdf,data-set-10-files-9,1,email
EFTA01387858.pdf,data-set-10-files-9,1,other
EFTA01387859.pdf,data-set-10-files-9,1,email
EFTA01387860.pdf,data-set-10-files-9,1,other
EFTA01387861.pdf,data-set-10-files-9,1,email
EFTA01387862.pdf,data-set-10-files-9,1,email
EFTA01387863.pdf,data-set-10-files-9,1,email
EFTA01387864.pdf,data-set-10-files-9,1,other
EFTA01387865.pdf,data-set-10-files-9,1,other
EFTA01387866.pdf,data-set-10-files-9,1,other
EFTA01387867.pdf,data-set-10-files-9,1,email
EFTA01387868.pdf,data-set-10-files-9,1,email
EFTA01387869.pdf,data-set-10-files-9,1,email
EFTA01387870.pdf,data-set-10-files-9,1,other
EFTA01387871.pdf,data-set-10-files-9,1,other
EFTA01387872.pdf,data-set-10-files-9,1,email
EFTA01387873.pdf,data-set-10-files-9,1,email
EFTA01387874.pdf,data-set-10-files-9,1,email
EFTA01387875.pdf,data-set-10-files-9,1,email
EFTA01387876.pdf,data-set-10-files-9,1,other
EFTA01387877.pdf,data-set-10-files-9,1,other
EFTA01387878.pdf,data-set-10-files-9,1,other
EFTA01387879.pdf,data-set-10-files-9,1,email
EFTA01387880.pdf,data-set-10-files-9,1,other
EFTA01387881.pdf,data-set-10-files-9,1,other
EFTA01387882.pdf,data-set-10-files-9,1,other
EFTA01387883.pdf,data-set-10-files-9,1,email
EFTA01387884.pdf,data-set-10-files-9,1,email
EFTA01387885.pdf,data-set-10-files-9,1,other
EFTA01387886.pdf,data-set-10-files-9,1,email
EFTA01387887.pdf,data-set-10-files-9,1,email
EFTA01387888.pdf,data-set-10-files-9,1,email
EFTA01387889.pdf,data-set-10-files-9,1,email
EFTA01387890.pdf,data-set-10-files-9,1,email
EFTA01387891.pdf,data-set-10-files-9,1,email
EFTA01387892.pdf,data-set-10-files-9,1,other
EFTA01387893.pdf,data-set-10-files-9,1,email
EFTA01387894.pdf,data-set-10-files-9,1,other
EFTA01387895.pdf,data-set-10-files-9,1,other
EFTA01387896.pdf,data-set-10-files-9,1,other
EFTA01387897.pdf,data-set-10-files-9,1,other
EFTA01387898.pdf,data-set-10-files-9,1,other
EFTA01387899.pdf,data-set-10-files-9,1,other
EFTA01387900.pdf,data-set-10-files-9,1,email
EFTA01387901.pdf,data-set-10-files-9,1,other
EFTA01387902.pdf,data-set-10-files-9,1,other
EFTA01387903.pdf,data-set-10-files-9,1,email
EFTA01387904.pdf,data-set-10-files-9,1,email
EFTA01387905.pdf,data-set-10-files-9,1,other
EFTA01387906.pdf,data-set-10-files-9,1,email
EFTA01387907.pdf,data-set-10-files-9,1,other
EFTA01387908.pdf,data-set-10-files-9,1,other
EFTA01387909.pdf,data-set-10-files-9,1,email
EFTA01387910.pdf,data-set-10-files-9,1,email
EFTA01387911.pdf,data-set-10-files-9,1,email
EFTA01387912.pdf,data-set-10-files-9,1,email
EFTA01387913.pdf,data-set-10-files-9,1,email
EFTA01387914.pdf,data-set-10-files-9,1,email
EFTA01387915.pdf,data-set-10-files-9,1,other
EFTA01387916.pdf,data-set-10-files-9,1,email
EFTA01387917.pdf,data-set-10-files-9,1,other
EFTA01387918.pdf,data-set-10-files-9,1,other
EFTA01387919.pdf,data-set-10-files-9,1,email
EFTA01387920.pdf,data-set-10-files-9,1,email
EFTA01387921.pdf,data-set-10-files-9,1,email
EFTA01387922.pdf,data-set-10-files-9,1,other
EFTA01387923.pdf,data-set-10-files-9,1,other
EFTA01387924.pdf,data-set-10-files-9,1,email
EFTA01387925.pdf,data-set-10-files-9,1,email
EFTA01387926.pdf,data-set-10-files-9,1,email
EFTA01387927.pdf,data-set-10-files-9,1,other
EFTA01387928.pdf,data-set-10-files-9,1,other
EFTA01387929.pdf,data-set-10-files-9,1,email
EFTA01387930.pdf,data-set-10-files-9,1,email
EFTA01387931.pdf,data-set-10-files-9,1,email
EFTA01387932.pdf,data-set-10-files-9,1,email
EFTA01387933.pdf,data-set-10-files-9,1,email
EFTA01387934.pdf,data-set-10-files-9,1,other
EFTA01387935.pdf,data-set-10-files-9,1,email
EFTA01387936.pdf,data-set-10-files-9,1,other
EFTA01387937.pdf,data-set-10-files-9,1,email
EFTA01387938.pdf,data-set-10-files-9,1,email
EFTA01387939.pdf,data-set-10-files-9,1,email
EFTA01387940.pdf,data-set-10-files-9,1,email
EFTA01387941.pdf,data-set-10-files-9,1,email
EFTA01387942.pdf,data-set-10-files-9,1,email
EFTA01387943.pdf,data-set-10-files-9,1,email
EFTA01387944.pdf,data-set-10-files-9,1,email
EFTA01387945.pdf,data-set-10-files-9,1,email
EFTA01387946.pdf,data-set-10-files-9,1,other
EFTA01387947.pdf,data-set-10-files-9,1,other
EFTA01387948.pdf,data-set-10-files-9,1,email
EFTA01387949.pdf,data-set-10-files-9,1,email
EFTA01387950.pdf,data-set-10-files-9,1,email
EFTA01387951.pdf,data-set-10-files-9,1,email
EFTA01387952.pdf,data-set-10-files-9,1,email
EFTA01387953.pdf,data-set-10-files-9,1,other
EFTA01387954.pdf,data-set-10-files-9,1,email
EFTA01387955.pdf,data-set-10-files-9,1,email
EFTA01387956.pdf,data-set-10-files-9,1,other
EFTA01387957.pdf,data-set-10-files-9,1,other
EFTA01387958.pdf,data-set-10-files-9,1,email
EFTA01387959.pdf,data-set-10-files-9,1,email
EFTA01387960.pdf,data-set-10-files-9,1,email
EFTA01387961.pdf,data-set-10-files-9,1,other
EFTA01387962.pdf,data-set-10-files-9,1,other
EFTA01387963.pdf,data-set-10-files-9,1,other
EFTA01387964.pdf,data-set-10-files-9,1,other
EFTA01387965.pdf,data-set-10-files-9,1,other
EFTA01387966.pdf,data-set-10-files-9,1,other
EFTA01387967.pdf,data-set-10-files-9,1,other
EFTA01387968.pdf,data-set-10-files-9,1,other
EFTA01387969.pdf,data-set-10-files-9,1,other
EFTA01387970.pdf,data-set-10-files-9,1,other
EFTA01387971.pdf,data-set-10-files-9,1,other
EFTA01387972.pdf,data-set-10-files-9,1,other
EFTA01387973.pdf,data-set-10-files-9,1,email
EFTA01387974.pdf,data-set-10-files-9,1,email
EFTA01387975.pdf,data-set-10-files-9,1,other
EFTA01387976.pdf,data-set-10-files-9,1,other
EFTA01387977.pdf,data-set-10-files-9,1,other
EFTA01387978.pdf,data-set-10-files-9,1,other
EFTA01387979.pdf,data-set-10-files-9,1,other
EFTA01387980.pdf,data-set-10-files-9,1,other
EFTA01387981.pdf,data-set-10-files-9,1,other
EFTA01387982.pdf,data-set-10-files-9,1,other
EFTA01387983.pdf,data-set-10-files-9,1,other
EFTA01387984.pdf,data-set-10-files-9,1,other
EFTA01387985.pdf,data-set-10-files-9,1,other
EFTA01387986.pdf,data-set-10-files-9,1,other
EFTA01387987.pdf,data-set-10-files-9,1,other
EFTA01387988.pdf,data-set-10-files-9,1,other
EFTA01387989.pdf,data-set-10-files-9,1,other
EFTA01387990.pdf,data-set-10-files-9,1,other
EFTA01387991.pdf,data-set-10-files-9,1,other
EFTA01387992.pdf,data-set-10-files-9,1,other
EFTA01387993.pdf,data-set-10-files-9,1,other
EFTA01387994.pdf,data-set-10-files-9,1,other
EFTA01387995.pdf,data-set-10-files-9,1,other
EFTA01387996.pdf,data-set-10-files-9,1,other
EFTA01387997.pdf,data-set-10-files-9,1,other
EFTA01387998.pdf,data-set-10-files-9,1,other
EFTA01387999.pdf,data-set-10-files-9,1,other
EFTA01388000.pdf,data-set-10-files-9,1,other
EFTA01388001.pdf,data-set-10-files-9,1,other
EFTA01388002.pdf,data-set-10-files-9,1,other
EFTA01388003.pdf,data-set-10-files-9,1,other
EFTA01388004.pdf,data-set-10-files-9,1,other
EFTA01388005.pdf,data-set-10-files-9,1,other
EFTA01388006.pdf,data-set-10-files-9,1,other
EFTA01388007.pdf,data-set-10-files-9,1,email
EFTA01388008.pdf,data-set-10-files-9,1,other
EFTA01388009.pdf,data-set-10-files-9,1,email
EFTA01388010.pdf,data-set-10-files-9,1,email
EFTA01388011.pdf,data-set-10-files-9,1,email
EFTA01388012.pdf,data-set-10-files-9,1,other
EFTA01388013.pdf,data-set-10-files-9,1,email
EFTA01388014.pdf,data-set-10-files-9,1,other
EFTA01388015.pdf,data-set-10-files-9,1,other
EFTA01388016.pdf,data-set-10-files-9,1,other
EFTA01388017.pdf,data-set-10-files-9,1,email
EFTA01388018.pdf,data-set-10-files-9,1,email
EFTA01388019.pdf,data-set-10-files-9,1,other
EFTA01388020.pdf,data-set-10-files-9,1,email
EFTA01388021.pdf,data-set-10-files-9,1,other
EFTA01388022.pdf,data-set-10-files-9,1,other
EFTA01388023.pdf,data-set-10-files-9,1,email
EFTA01388024.pdf,data-set-10-files-9,1,other
EFTA01388025.pdf,data-set-10-files-9,1,other
EFTA01388026.pdf,data-set-10-files-9,1,other
EFTA01388027.pdf,data-set-10-files-9,1,email
EFTA01388028.pdf,data-set-10-files-9,1,email
EFTA01388029.pdf,data-set-10-files-9,1,other
EFTA01388030.pdf,data-set-10-files-9,1,email
EFTA01388031.pdf,data-set-10-files-9,1,email
EFTA01388032.pdf,data-set-10-files-9,1,other
EFTA01388033.pdf,data-set-10-files-9,1,other
EFTA01388034.pdf,data-set-10-files-9,1,other
EFTA01388035.pdf,data-set-10-files-9,1,other
EFTA01388036.pdf,data-set-10-files-9,1,other
EFTA01388037.pdf,data-set-10-files-9,1,other
EFTA01388038.pdf,data-set-10-files-9,1,other
EFTA01388039.pdf,data-set-10-files-9,1,other
EFTA01388040.pdf,data-set-10-files-9,1,other
EFTA01388041.pdf,data-set-10-files-9,1,other
EFTA01388042.pdf,data-set-10-files-9,1,other
EFTA01388043.pdf,data-set-10-files-9,1,other
EFTA01388044.pdf,data-set-10-files-9,1,other
EFTA01388045.pdf,data-set-10-files-9,1,other
EFTA01388046.pdf,data-set-10-files-9,1,other
EFTA01388047.pdf,data-set-10-files-9,1,other
EFTA01388048.pdf,data-set-10-files-9,1,other
EFTA01388049.pdf,data-set-10-files-9,1,other
EFTA01388050.pdf,data-set-10-files-9,1,other
EFTA01388051.pdf,data-set-10-files-9,1,other
EFTA01388052.pdf,data-set-10-files-9,1,other
EFTA01388053.pdf,data-set-10-files-9,1,other
EFTA01388054.pdf,data-set-10-files-9,1,other
EFTA01388055.pdf,data-set-10-files-9,1,other
EFTA01388056.pdf,data-set-10-files-9,1,other
EFTA01388057.pdf,data-set-10-files-9,1,other
EFTA01388058.pdf,data-set-10-files-9,1,other
EFTA01388059.pdf,data-set-10-files-9,1,other
EFTA01388060.pdf,data-set-10-files-9,1,other
EFTA01388061.pdf,data-set-10-files-9,1,other
EFTA01388062.pdf,data-set-10-files-9,1,other
EFTA01388063.pdf,data-set-10-files-9,1,other
EFTA01388064.pdf,data-set-10-files-9,1,other
EFTA01388065.pdf,data-set-10-files-9,1,other
EFTA01388066.pdf,data-set-10-files-9,1,other
EFTA01388067.pdf,data-set-10-files-9,1,other
EFTA01388068.pdf,data-set-10-files-9,1,other
EFTA01388069.pdf,data-set-10-files-9,1,other
EFTA01388070.pdf,data-set-10-files-9,1,other
EFTA01388071.pdf,data-set-10-files-9,1,other
EFTA01388072.pdf,data-set-10-files-9,1,other
EFTA01388073.pdf,data-set-10-files-9,1,email
EFTA01388074.pdf,data-set-10-files-9,1,email
EFTA01388075.pdf,data-set-10-files-9,1,email
EFTA01388076.pdf,data-set-10-files-9,1,other
EFTA01388077.pdf,data-set-10-files-9,1,email
EFTA01388078.pdf,data-set-10-files-9,1,other
EFTA01388079.pdf,data-set-10-files-9,1,email
EFTA01388080.pdf,data-set-10-files-9,1,email
EFTA01388081.pdf,data-set-10-files-9,1,other
EFTA01388082.pdf,data-set-10-files-9,1,email
EFTA01388083.pdf,data-set-10-files-9,1,email
EFTA01388084.pdf,data-set-10-files-9,1,other
EFTA01388085.pdf,data-set-10-files-9,1,email
EFTA01388086.pdf,data-set-10-files-9,1,email
EFTA01388087.pdf,data-set-10-files-9,1,other
EFTA01388088.pdf,data-set-10-files-9,1,email
EFTA01388089.pdf,data-set-10-files-9,1,other
EFTA01388090.pdf,data-set-10-files-9,1,email
EFTA01388091.pdf,data-set-10-files-9,1,email
EFTA01388092.pdf,data-set-10-files-9,1,email
EFTA01388093.pdf,data-set-10-files-9,1,other
EFTA01388094.pdf,data-set-10-files-9,1,other
EFTA01388095.pdf,data-set-10-files-9,1,email
EFTA01388096.pdf,data-set-10-files-9,1,email
EFTA01388097.pdf,data-set-10-files-9,1,email
EFTA01388098.pdf,data-set-10-files-9,1,other
EFTA01388099.pdf,data-set-10-files-9,1,other
EFTA01388100.pdf,data-set-10-files-9,1,email
EFTA01388101.pdf,data-set-10-files-9,1,other
EFTA01388102.pdf,data-set-10-files-9,1,email
EFTA01388103.pdf,data-set-10-files-9,1,email
EFTA01388104.pdf,data-set-10-files-9,1,email
EFTA01388105.pdf,data-set-10-files-9,1,email
EFTA01388106.pdf,data-set-10-files-9,1,email
EFTA01388107.pdf,data-set-10-files-9,1,other
EFTA01388108.pdf,data-set-10-files-9,1,email
EFTA01388109.pdf,data-set-10-files-9,1,email
EFTA01388110.pdf,data-set-10-files-9,1,other
EFTA01388111.pdf,data-set-10-files-9,1,email
EFTA01388112.pdf,data-set-10-files-9,1,email
EFTA01388113.pdf,data-set-10-files-9,1,other
EFTA01388114.pdf,data-set-10-files-9,1,other
EFTA01388115.pdf,data-set-10-files-9,1,email
EFTA01388116.pdf,data-set-10-files-9,1,other
EFTA01388117.pdf,data-set-10-files-9,1,other
EFTA01388118.pdf,data-set-10-files-9,1,email
EFTA01388119.pdf,data-set-10-files-9,1,email
EFTA01388120.pdf,data-set-10-files-9,1,email
EFTA01388121.pdf,data-set-10-files-9,1,email
EFTA01388122.pdf,data-set-10-files-9,1,email
EFTA01388123.pdf,data-set-10-files-9,1,email
EFTA01388124.pdf,data-set-10-files-9,1,email
EFTA01388125.pdf,data-set-10-files-9,1,other
EFTA01388126.pdf,data-set-10-files-9,1,other
EFTA01388127.pdf,data-set-10-files-9,1,other
EFTA01388128.pdf,data-set-10-files-9,1,other
EFTA01388129.pdf,data-set-10-files-9,1,other
EFTA01388130.pdf,data-set-10-files-9,1,other
EFTA01388131.pdf,data-set-10-files-9,1,other
EFTA01388132.pdf,data-set-10-files-9,1,other
EFTA01388133.pdf,data-set-10-files-9,1,other
EFTA01388134.pdf,data-set-10-files-9,1,other
EFTA01388135.pdf,data-set-10-files-9,1,other
EFTA01388136.pdf,data-set-10-files-9,1,other
EFTA01388137.pdf,data-set-10-files-9,1,other
EFTA01388138.pdf,data-set-10-files-9,1,other
EFTA01388139.pdf,data-set-10-files-9,1,other
EFTA01388140.pdf,data-set-10-files-9,1,other
EFTA01388141.pdf,data-set-10-files-9,1,other
EFTA01388142.pdf,data-set-10-files-9,1,other
EFTA01388143.pdf,data-set-10-files-9,1,other
EFTA01388144.pdf,data-set-10-files-9,1,other
EFTA01388145.pdf,data-set-10-files-9,1,other
EFTA01388146.pdf,data-set-10-files-9,1,other
EFTA01388147.pdf,data-set-10-files-9,1,other
EFTA01388148.pdf,data-set-10-files-9,1,other
EFTA01388149.pdf,data-set-10-files-9,1,email
EFTA01388150.pdf,data-set-10-files-9,1,other
EFTA01388151.pdf,data-set-10-files-9,1,email
EFTA01388152.pdf,data-set-10-files-9,1,email
EFTA01388153.pdf,data-set-10-files-9,1,email
EFTA01388154.pdf,data-set-10-files-9,1,other
EFTA01388155.pdf,data-set-10-files-9,1,email
EFTA01388156.pdf,data-set-10-files-9,1,other
EFTA01388157.pdf,data-set-10-files-9,1,email
EFTA01388158.pdf,data-set-10-files-9,1,email
EFTA01388159.pdf,data-set-10-files-9,1,other
EFTA01388160.pdf,data-set-10-files-9,1,other
EFTA01388161.pdf,data-set-10-files-9,1,email
EFTA01388162.pdf,data-set-10-files-9,1,other
EFTA01388163.pdf,data-set-10-files-9,1,other
EFTA01388164.pdf,data-set-10-files-9,1,other
EFTA01388165.pdf,data-set-10-files-9,1,other
EFTA01388166.pdf,data-set-10-files-9,1,other
EFTA01388167.pdf,data-set-10-files-9,1,other
EFTA01388168.pdf,data-set-10-files-9,1,other
EFTA01388169.pdf,data-set-10-files-9,1,email
EFTA01388170.pdf,data-set-10-files-9,1,email
EFTA01388171.pdf,data-set-10-files-9,1,other
EFTA01388172.pdf,data-set-10-files-9,1,email
EFTA01388173.pdf,data-set-10-files-9,1,email
EFTA01388174.pdf,data-set-10-files-9,1,email
EFTA01388175.pdf,data-set-10-files-9,1,email
EFTA01388176.pdf,data-set-10-files-9,1,email
EFTA01388177.pdf,data-set-10-files-9,1,other
EFTA01388178.pdf,data-set-10-files-9,1,email
EFTA01388179.pdf,data-set-10-files-9,1,other
EFTA01388180.pdf,data-set-10-files-9,1,other
EFTA01388181.pdf,data-set-10-files-9,1,email
EFTA01388182.pdf,data-set-10-files-9,1,email
EFTA01388183.pdf,data-set-10-files-9,1,email
EFTA01388184.pdf,data-set-10-files-9,1,other
EFTA01388185.pdf,data-set-10-files-9,1,email
EFTA01388186.pdf,data-set-10-files-9,1,email
EFTA01388187.pdf,data-set-10-files-9,1,email
EFTA01388188.pdf,data-set-10-files-9,1,other
EFTA01388189.pdf,data-set-10-files-9,1,email
EFTA01388190.pdf,data-set-10-files-9,1,email
EFTA01388191.pdf,data-set-10-files-9,1,other
EFTA01388192.pdf,data-set-10-files-9,1,other
EFTA01388193.pdf,data-set-10-files-9,1,email
EFTA01388194.pdf,data-set-10-files-9,1,other
EFTA01388195.pdf,data-set-10-files-9,1,other
EFTA01388196.pdf,data-set-10-files-9,1,email
EFTA01388197.pdf,data-set-10-files-9,1,other
EFTA01388198.pdf,data-set-10-files-9,1,email
EFTA01388199.pdf,data-set-10-files-9,1,email
EFTA01388200.pdf,data-set-10-files-9,1,other
EFTA01388201.pdf,data-set-10-files-9,1,email
EFTA01388202.pdf,data-set-10-files-9,1,other
EFTA01388203.pdf,data-set-10-files-9,1,email
EFTA01388204.pdf,data-set-10-files-9,1,email
EFTA01388205.pdf,data-set-10-files-9,1,email
EFTA01388206.pdf,data-set-10-files-9,1,email
EFTA01388207.pdf,data-set-10-files-9,1,email
EFTA01388208.pdf,data-set-10-files-9,1,other
EFTA01388209.pdf,data-set-10-files-9,1,email
EFTA01388210.pdf,data-set-10-files-9,1,other
EFTA01388211.pdf,data-set-10-files-9,1,other
EFTA01388212.pdf,data-set-10-files-9,1,email
EFTA01388213.pdf,data-set-10-files-9,1,email
EFTA01388214.pdf,data-set-10-files-9,1,email
EFTA01388215.pdf,data-set-10-files-9,1,email
EFTA01388216.pdf,data-set-10-files-9,1,other
EFTA01388217.pdf,data-set-10-files-9,1,email
EFTA01388218.pdf,data-set-10-files-9,1,other
EFTA01388219.pdf,data-set-10-files-9,1,other
EFTA01388220.pdf,data-set-10-files-9,1,email
EFTA01388221.pdf,data-set-10-files-9,1,other
EFTA01388222.pdf,data-set-10-files-9,1,email
EFTA01388223.pdf,data-set-10-files-9,1,other
EFTA01388224.pdf,data-set-10-files-9,1,email
EFTA01388225.pdf,data-set-10-files-9,1,other
EFTA01388226.pdf,data-set-10-files-9,1,other
EFTA01388227.pdf,data-set-10-files-9,1,other
EFTA01388228.pdf,data-set-10-files-9,1,other
EFTA01388229.pdf,data-set-10-files-9,1,other
EFTA01388230.pdf,data-set-10-files-9,1,other
EFTA01388231.pdf,data-set-10-files-9,1,other
EFTA01388232.pdf,data-set-10-files-9,1,other
EFTA01388233.pdf,data-set-10-files-9,1,other
EFTA01388234.pdf,data-set-10-files-9,1,other
EFTA01388235.pdf,data-set-10-files-9,1,other
EFTA01388236.pdf,data-set-10-files-9,1,other
EFTA01388237.pdf,data-set-10-files-9,1,other
EFTA01388238.pdf,data-set-10-files-9,1,other
EFTA01388239.pdf,data-set-10-files-9,1,other
EFTA01388240.pdf,data-set-10-files-9,1,other
EFTA01388241.pdf,data-set-10-files-9,1,other
EFTA01388242.pdf,data-set-10-files-9,1,other
EFTA01388243.pdf,data-set-10-files-9,1,other
EFTA01388244.pdf,data-set-10-files-9,1,other
EFTA01388245.pdf,data-set-10-files-9,1,other
EFTA01388246.pdf,data-set-10-files-9,1,other
EFTA01388247.pdf,data-set-10-files-9,1,other
EFTA01388248.pdf,data-set-10-files-9,1,other
EFTA01388249.pdf,data-set-10-files-9,1,other
EFTA01388250.pdf,data-set-10-files-9,1,other
EFTA01388251.pdf,data-set-10-files-9,1,other
EFTA01388252.pdf,data-set-10-files-9,1,other
EFTA01388253.pdf,data-set-10-files-9,1,other
EFTA01388254.pdf,data-set-10-files-9,1,other
EFTA01388255.pdf,data-set-10-files-9,1,other
EFTA01388256.pdf,data-set-10-files-9,1,other
EFTA01388257.pdf,data-set-10-files-9,1,other
EFTA01388258.pdf,data-set-10-files-9,1,other
EFTA01388259.pdf,data-set-10-files-9,1,other
EFTA01388260.pdf,data-set-10-files-9,1,other
EFTA01388261.pdf,data-set-10-files-9,1,other
EFTA01388262.pdf,data-set-10-files-9,1,other
EFTA01388263.pdf,data-set-10-files-9,1,other
EFTA01388264.pdf,data-set-10-files-9,1,other
EFTA01388265.pdf,data-set-10-files-9,1,other
EFTA01388266.pdf,data-set-10-files-9,1,other
EFTA01388267.pdf,data-set-10-files-9,1,other
EFTA01388268.pdf,data-set-10-files-9,1,other
EFTA01388269.pdf,data-set-10-files-9,1,other
EFTA01388270.pdf,data-set-10-files-9,1,other
EFTA01388271.pdf,data-set-10-files-9,1,other
EFTA01388272.pdf,data-set-10-files-9,1,other
EFTA01388273.pdf,data-set-10-files-9,1,other
EFTA01388274.pdf,data-set-10-files-9,1,other
EFTA01388275.pdf,data-set-10-files-9,1,other
EFTA01388276.pdf,data-set-10-files-9,1,other
EFTA01388277.pdf,data-set-10-files-9,1,other
EFTA01388278.pdf,data-set-10-files-9,1,other
EFTA01388279.pdf,data-set-10-files-9,1,other
EFTA01388280.pdf,data-set-10-files-9,1,other
EFTA01388281.pdf,data-set-10-files-9,1,other
EFTA01388282.pdf,data-set-10-files-9,1,other
EFTA01388283.pdf,data-set-10-files-9,1,other
EFTA01388284.pdf,data-set-10-files-9,1,other
EFTA01388285.pdf,data-set-10-files-9,1,other
EFTA01388286.pdf,data-set-10-files-9,1,other
EFTA01388287.pdf,data-set-10-files-9,1,other
EFTA01388288.pdf,data-set-10-files-9,1,other
EFTA01388289.pdf,data-set-10-files-9,1,other
EFTA01388290.pdf,data-set-10-files-9,1,other
EFTA01388291.pdf,data-set-10-files-9,1,other
EFTA01388292.pdf,data-set-10-files-9,1,other
EFTA01388293.pdf,data-set-10-files-9,1,other
EFTA01388294.pdf,data-set-10-files-9,1,other
EFTA01388295.pdf,data-set-10-files-9,1,other
EFTA01388296.pdf,data-set-10-files-9,1,other
EFTA01388297.pdf,data-set-10-files-9,1,other
EFTA01388298.pdf,data-set-10-files-9,1,other
EFTA01388299.pdf,data-set-10-files-9,1,other
EFTA01388300.pdf,data-set-10-files-9,1,other
EFTA01388301.pdf,data-set-10-files-9,1,other
EFTA01388302.pdf,data-set-10-files-9,1,other
EFTA01388303.pdf,data-set-10-files-9,1,other
EFTA01388304.pdf,data-set-10-files-9,1,other
EFTA01388305.pdf,data-set-10-files-9,1,other
EFTA01388306.pdf,data-set-10-files-9,1,other
EFTA01388307.pdf,data-set-10-files-9,1,other
EFTA01388308.pdf,data-set-10-files-9,1,other
EFTA01388309.pdf,data-set-10-files-9,1,other
EFTA01388310.pdf,data-set-10-files-9,1,other
EFTA01388311.pdf,data-set-10-files-9,1,other
EFTA01388312.pdf,data-set-10-files-9,1,other
EFTA01388313.pdf,data-set-10-files-9,1,other
EFTA01388314.pdf,data-set-10-files-9,1,other
EFTA01388315.pdf,data-set-10-files-9,1,other
EFTA01388316.pdf,data-set-10-files-9,1,other
EFTA01388317.pdf,data-set-10-files-9,1,other
EFTA01388318.pdf,data-set-10-files-9,1,other
EFTA01388319.pdf,data-set-10-files-9,1,other
EFTA01388320.pdf,data-set-10-files-9,1,other
EFTA01388321.pdf,data-set-10-files-9,1,other
EFTA01388322.pdf,data-set-10-files-9,1,other
EFTA01388323.pdf,data-set-10-files-9,1,other
EFTA01388324.pdf,data-set-10-files-9,1,other
EFTA01388325.pdf,data-set-10-files-9,1,other
EFTA01388326.pdf,data-set-10-files-9,1,other
EFTA01388327.pdf,data-set-10-files-9,1,other
EFTA01388328.pdf,data-set-10-files-9,1,other
EFTA01388329.pdf,data-set-10-files-9,1,other
EFTA01388330.pdf,data-set-10-files-9,1,other
EFTA01388331.pdf,data-set-10-files-9,1,other
EFTA01388332.pdf,data-set-10-files-9,1,other
EFTA01388333.pdf,data-set-10-files-9,1,other
EFTA01388334.pdf,data-set-10-files-9,1,other
EFTA01388335.pdf,data-set-10-files-9,1,other
EFTA01388336.pdf,data-set-10-files-9,1,other
EFTA01388337.pdf,data-set-10-files-9,1,email
EFTA01388338.pdf,data-set-10-files-9,1,other
EFTA01388339.pdf,data-set-10-files-9,1,other
EFTA01388340.pdf,data-set-10-files-9,1,other
EFTA01388341.pdf,data-set-10-files-9,1,email
EFTA01388342.pdf,data-set-10-files-9,1,other
EFTA01388343.pdf,data-set-10-files-9,1,email
EFTA01388344.pdf,data-set-10-files-9,1,other
EFTA01388345.pdf,data-set-10-files-9,1,other
EFTA01388346.pdf,data-set-10-files-9,1,email
EFTA01388347.pdf,data-set-10-files-9,1,email
EFTA01388348.pdf,data-set-10-files-9,1,email
EFTA01388349.pdf,data-set-10-files-9,1,email
EFTA01388350.pdf,data-set-10-files-9,1,email
EFTA01388351.pdf,data-set-10-files-9,1,email
EFTA01388352.pdf,data-set-10-files-9,1,other
EFTA01388353.pdf,data-set-10-files-9,1,other
EFTA01388354.pdf,data-set-10-files-9,1,email
EFTA01388355.pdf,data-set-10-files-9,1,other
EFTA01388356.pdf,data-set-10-files-9,1,other
EFTA01388357.pdf,data-set-10-files-9,1,other
EFTA01388358.pdf,data-set-10-files-9,1,other
EFTA01388359.pdf,data-set-10-files-9,1,other
EFTA01388360.pdf,data-set-10-files-9,1,other
EFTA01388361.pdf,data-set-10-files-9,1,email
EFTA01388362.pdf,data-set-10-files-9,1,email
EFTA01388363.pdf,data-set-10-files-9,1,email
EFTA01388364.pdf,data-set-10-files-9,1,other
EFTA01388365.pdf,data-set-10-files-9,1,other
EFTA01388366.pdf,data-set-10-files-9,1,other
EFTA01388367.pdf,data-set-10-files-9,1,other
EFTA01388368.pdf,data-set-10-files-9,1,email
EFTA01388369.pdf,data-set-10-files-9,1,other
EFTA01388370.pdf,data-set-10-files-9,1,other
EFTA01388371.pdf,data-set-10-files-9,1,other
EFTA01388372.pdf,data-set-10-files-9,1,other
EFTA01388373.pdf,data-set-10-files-9,1,other
EFTA01388374.pdf,data-set-10-files-9,1,other
EFTA01388375.pdf,data-set-10-files-9,1,other
EFTA01388376.pdf,data-set-10-files-9,1,email
EFTA01388377.pdf,data-set-10-files-9,1,email
EFTA01388378.pdf,data-set-10-files-9,1,other
EFTA01388379.pdf,data-set-10-files-9,1,email
EFTA01388380.pdf,data-set-10-files-9,1,email
EFTA01388381.pdf,data-set-10-files-9,1,other
EFTA01388382.pdf,data-set-10-files-9,1,email
EFTA01388383.pdf,data-set-10-files-9,1,email
EFTA01388384.pdf,data-set-10-files-9,1,email
EFTA01388385.pdf,data-set-10-files-9,1,other
EFTA01388386.pdf,data-set-10-files-9,1,email
EFTA01388387.pdf,data-set-10-files-9,1,email
EFTA01388388.pdf,data-set-10-files-9,1,other
EFTA01388389.pdf,data-set-10-files-9,1,email
EFTA01388390.pdf,data-set-10-files-9,1,email
EFTA01388391.pdf,data-set-10-files-9,1,other
EFTA01388392.pdf,data-set-10-files-9,1,other
EFTA01388393.pdf,data-set-10-files-9,1,other
EFTA01388394.pdf,data-set-10-files-9,1,other
EFTA01388395.pdf,data-set-10-files-9,1,other
EFTA01388396.pdf,data-set-10-files-9,1,other
EFTA01388397.pdf,data-set-10-files-9,1,other
EFTA01388398.pdf,data-set-10-files-9,1,other
EFTA01388399.pdf,data-set-10-files-9,1,email
EFTA01388400.pdf,data-set-10-files-9,1,email
EFTA01388401.pdf,data-set-10-files-9,1,other
EFTA01388402.pdf,data-set-10-files-9,1,other
EFTA01388403.pdf,data-set-10-files-9,1,other
EFTA01388404.pdf,data-set-10-files-9,1,other
EFTA01388405.pdf,data-set-10-files-9,1,other
EFTA01388406.pdf,data-set-10-files-9,1,other
EFTA01388407.pdf,data-set-10-files-9,1,other
EFTA01388408.pdf,data-set-10-files-9,1,other
EFTA01388409.pdf,data-set-10-files-9,1,other
EFTA01388410.pdf,data-set-10-files-9,1,other
EFTA01388411.pdf,data-set-10-files-9,1,other
EFTA01388412.pdf,data-set-10-files-9,1,other
EFTA01388413.pdf,data-set-10-files-9,1,other
EFTA01388414.pdf,data-set-10-files-9,1,other
EFTA01388415.pdf,data-set-10-files-9,1,other
EFTA01388416.pdf,data-set-10-files-9,1,other
EFTA01388417.pdf,data-set-10-files-9,1,other
EFTA01388418.pdf,data-set-10-files-9,1,email
EFTA01388419.pdf,data-set-10-files-9,1,other
EFTA01388420.pdf,data-set-10-files-9,1,email
EFTA01388421.pdf,data-set-10-files-9,1,other
EFTA01388422.pdf,data-set-10-files-9,1,email
EFTA01388423.pdf,data-set-10-files-9,1,other
EFTA01388424.pdf,data-set-10-files-9,1,other
EFTA01388425.pdf,data-set-10-files-9,1,email
EFTA01388426.pdf,data-set-10-files-9,1,other
EFTA01388427.pdf,data-set-10-files-9,1,other
EFTA01388428.pdf,data-set-10-files-9,1,email
EFTA01388429.pdf,data-set-10-files-9,1,email
EFTA01388430.pdf,data-set-10-files-9,1,email
EFTA01388431.pdf,data-set-10-files-9,1,email
EFTA01388432.pdf,data-set-10-files-9,1,email
EFTA01388433.pdf,data-set-10-files-9,1,other
EFTA01388434.pdf,data-set-10-files-9,1,email
EFTA01388435.pdf,data-set-10-files-9,1,other
EFTA01388436.pdf,data-set-10-files-9,1,other
EFTA01388437.pdf,data-set-10-files-9,1,email
EFTA01388439.pdf,data-set-10-files-9,1,other
EFTA01388440.pdf,data-set-10-files-9,1,email
EFTA01388441.pdf,data-set-10-files-9,1,email
EFTA01388442.pdf,data-set-10-files-9,1,email
EFTA01388443.pdf,data-set-10-files-9,1,other
EFTA01388444.pdf,data-set-10-files-9,1,other
EFTA01388445.pdf,data-set-10-files-9,1,other
EFTA01388446.pdf,data-set-10-files-9,1,other
EFTA01388447.pdf,data-set-10-files-9,1,email
EFTA01388448.pdf,data-set-10-files-9,1,other
EFTA01388449.pdf,data-set-10-files-9,1,email
EFTA01388450.pdf,data-set-10-files-9,1,other
EFTA01388451.pdf,data-set-10-files-9,1,other
EFTA01388452.pdf,data-set-10-files-9,1,email
EFTA01388453.pdf,data-set-10-files-9,1,other
EFTA01388454.pdf,data-set-10-files-9,1,email
EFTA01388455.pdf,data-set-10-files-9,1,other
EFTA01388456.pdf,data-set-10-files-9,1,other
EFTA01388457.pdf,data-set-10-files-9,1,other
EFTA01388458.pdf,data-set-10-files-9,1,email
EFTA01388459.pdf,data-set-10-files-9,1,email
EFTA01388460.pdf,data-set-10-files-9,1,email
EFTA01388461.pdf,data-set-10-files-9,1,other
EFTA01388462.pdf,data-set-10-files-9,1,email
EFTA01388463.pdf,data-set-10-files-9,1,email
EFTA01388464.pdf,data-set-10-files-9,1,email
EFTA01388465.pdf,data-set-10-files-9,1,email
EFTA01388467.pdf,data-set-10-files-9,1,other
EFTA01388468.pdf,data-set-10-files-9,1,email
EFTA01388469.pdf,data-set-10-files-9,1,other
EFTA01388470.pdf,data-set-10-files-9,1,other
EFTA01388471.pdf,data-set-10-files-9,1,email
EFTA01388472.pdf,data-set-10-files-9,1,email
EFTA01388473.pdf,data-set-10-files-9,1,email
EFTA01388474.pdf,data-set-10-files-9,1,other
EFTA01388475.pdf,data-set-10-files-9,1,other
EFTA01388476.pdf,data-set-10-files-9,1,other
EFTA01388477.pdf,data-set-10-files-9,1,email
EFTA01388478.pdf,data-set-10-files-9,1,email
EFTA01388479.pdf,data-set-10-files-9,1,email
EFTA01388480.pdf,data-set-10-files-9,1,email
EFTA01388481.pdf,data-set-10-files-9,1,other
EFTA01388482.pdf,data-set-10-files-9,1,other
EFTA01388483.pdf,data-set-10-files-9,1,email
EFTA01388484.pdf,data-set-10-files-9,1,other
EFTA01388485.pdf,data-set-10-files-9,1,email
EFTA01388486.pdf,data-set-10-files-9,1,email
EFTA01388487.pdf,data-set-10-files-9,1,email
EFTA01388488.pdf,data-set-10-files-9,1,other
EFTA01388489.pdf,data-set-10-files-9,1,email
EFTA01388490.pdf,data-set-10-files-9,1,other
EFTA01388491.pdf,data-set-10-files-9,1,email
EFTA01388492.pdf,data-set-10-files-9,1,email
EFTA01388493.pdf,data-set-10-files-9,1,other
EFTA01388494.pdf,data-set-10-files-9,1,email
EFTA01388495.pdf,data-set-10-files-9,1,email
EFTA01388496.pdf,data-set-10-files-9,1,other
EFTA01388497.pdf,data-set-10-files-9,1,other
EFTA01388498.pdf,data-set-10-files-9,1,email
EFTA01388499.pdf,data-set-10-files-9,1,other
EFTA01388500.pdf,data-set-10-files-9,1,other
EFTA01388501.pdf,data-set-10-files-9,1,email
EFTA01388502.pdf,data-set-10-files-9,1,other
EFTA01388503.pdf,data-set-10-files-9,1,email
EFTA01388504.pdf,data-set-10-files-9,1,other
EFTA01388505.pdf,data-set-10-files-9,1,email
EFTA01388506.pdf,data-set-10-files-9,1,other
EFTA01388507.pdf,data-set-10-files-9,1,other
EFTA01388508.pdf,data-set-10-files-9,1,other
EFTA01388509.pdf,data-set-10-files-9,1,other
EFTA01388510.pdf,data-set-10-files-9,1,email
EFTA01388511.pdf,data-set-10-files-9,1,other
EFTA01388512.pdf,data-set-10-files-9,1,email
EFTA01388513.pdf,data-set-10-files-9,1,email
EFTA01388514.pdf,data-set-10-files-9,1,email
EFTA01388515.pdf,data-set-10-files-9,1,other
EFTA01388516.pdf,data-set-10-files-9,1,other
EFTA01388517.pdf,data-set-10-files-9,1,other
EFTA01388518.pdf,data-set-10-files-9,1,other
EFTA01388519.pdf,data-set-10-files-9,1,email
EFTA01388520.pdf,data-set-10-files-9,1,email
EFTA01388521.pdf,data-set-10-files-9,1,other
EFTA01388522.pdf,data-set-10-files-9,1,other
EFTA01388523.pdf,data-set-10-files-9,1,other
EFTA01388524.pdf,data-set-10-files-9,1,email
EFTA01388525.pdf,data-set-10-files-9,1,email
EFTA01388526.pdf,data-set-10-files-9,1,email
EFTA01388527.pdf,data-set-10-files-9,1,email
EFTA01388528.pdf,data-set-10-files-9,1,other
EFTA01388529.pdf,data-set-10-files-9,1,email
EFTA01388530.pdf,data-set-10-files-9,1,other
EFTA01388531.pdf,data-set-10-files-9,1,email
EFTA01388532.pdf,data-set-10-files-9,1,email
EFTA01388533.pdf,data-set-10-files-9,1,other
EFTA01388534.pdf,data-set-10-files-9,1,other
EFTA01388535.pdf,data-set-10-files-9,1,email
EFTA01388536.pdf,data-set-10-files-9,1,other
EFTA01388537.pdf,data-set-10-files-9,1,email
EFTA01388538.pdf,data-set-10-files-9,1,other
EFTA01388539.pdf,data-set-10-files-9,1,email
EFTA01388540.pdf,data-set-10-files-9,1,other
EFTA01388541.pdf,data-set-10-files-9,1,email
EFTA01388542.pdf,data-set-10-files-9,1,email
EFTA01388543.pdf,data-set-10-files-9,1,email
EFTA01388544.pdf,data-set-10-files-9,1,email
EFTA01388545.pdf,data-set-10-files-9,1,other
EFTA01388546.pdf,data-set-10-files-9,1,email
EFTA01388547.pdf,data-set-10-files-9,1,other
EFTA01388548.pdf,data-set-10-files-9,1,email
EFTA01388549.pdf,data-set-10-files-9,1,email
EFTA01388550.pdf,data-set-10-files-9,1,email
EFTA01388551.pdf,data-set-10-files-9,1,other
EFTA01388552.pdf,data-set-10-files-9,1,email
EFTA01388553.pdf,data-set-10-files-9,1,email
EFTA01388554.pdf,data-set-10-files-9,1,email
EFTA01388555.pdf,data-set-10-files-9,1,email
EFTA01388556.pdf,data-set-10-files-9,1,email
EFTA01388557.pdf,data-set-10-files-9,1,email
EFTA01388558.pdf,data-set-10-files-9,1,other
EFTA01388559.pdf,data-set-10-files-9,1,other
EFTA01388560.pdf,data-set-10-files-9,1,other
EFTA01388561.pdf,data-set-10-files-9,1,email
EFTA01388562.pdf,data-set-10-files-9,1,email
EFTA01388563.pdf,data-set-10-files-9,1,email
EFTA01388564.pdf,data-set-10-files-9,1,other
EFTA01388565.pdf,data-set-10-files-9,1,other
EFTA01388566.pdf,data-set-10-files-9,1,other
EFTA01388567.pdf,data-set-10-files-9,1,other
EFTA01388568.pdf,data-set-10-files-9,1,other
EFTA01388569.pdf,data-set-10-files-9,1,other
EFTA01388570.pdf,data-set-10-files-9,1,other
EFTA01388571.pdf,data-set-10-files-9,1,other
EFTA01388572.pdf,data-set-10-files-9,1,other
EFTA01388573.pdf,data-set-10-files-9,1,other
EFTA01388574.pdf,data-set-10-files-9,1,other
EFTA01388575.pdf,data-set-10-files-9,1,other
EFTA01388576.pdf,data-set-10-files-9,1,other
EFTA01388577.pdf,data-set-10-files-9,1,other
EFTA01388578.pdf,data-set-10-files-9,1,other
EFTA01388579.pdf,data-set-10-files-9,1,other
EFTA01388580.pdf,data-set-10-files-9,1,other
EFTA01388581.pdf,data-set-10-files-9,1,other
EFTA01388582.pdf,data-set-10-files-9,1,email
EFTA01388583.pdf,data-set-10-files-9,1,other
EFTA01388584.pdf,data-set-10-files-9,1,email
EFTA01388585.pdf,data-set-10-files-9,1,other
EFTA01388586.pdf,data-set-10-files-9,1,other
EFTA01388587.pdf,data-set-10-files-9,1,other
EFTA01388588.pdf,data-set-10-files-9,1,other
EFTA01388589.pdf,data-set-10-files-9,1,other
EFTA01388590.pdf,data-set-10-files-9,1,other
EFTA01388591.pdf,data-set-10-files-9,1,other
EFTA01388592.pdf,data-set-10-files-9,1,other
EFTA01388593.pdf,data-set-10-files-9,1,other
EFTA01388594.pdf,data-set-10-files-9,1,other
EFTA01388595.pdf,data-set-10-files-9,1,other
EFTA01388596.pdf,data-set-10-files-9,1,other
EFTA01388597.pdf,data-set-10-files-9,1,other
EFTA01388598.pdf,data-set-10-files-9,1,other
EFTA01388599.pdf,data-set-10-files-9,1,other
EFTA01388600.pdf,data-set-10-files-9,1,other
EFTA01388601.pdf,data-set-10-files-9,1,other
EFTA01388602.pdf,data-set-10-files-9,1,other
EFTA01388603.pdf,data-set-10-files-9,1,other
EFTA01388604.pdf,data-set-10-files-9,1,other
EFTA01388605.pdf,data-set-10-files-9,1,other
EFTA01388606.pdf,data-set-10-files-9,1,other
EFTA01388607.pdf,data-set-10-files-9,1,other
EFTA01388608.pdf,data-set-10-files-9,1,other
EFTA01388609.pdf,data-set-10-files-9,1,other
EFTA01388610.pdf,data-set-10-files-9,1,other
EFTA01388611.pdf,data-set-10-files-9,1,other
EFTA01388612.pdf,data-set-10-files-9,1,other
EFTA01388613.pdf,data-set-10-files-9,1,other
EFTA01388614.pdf,data-set-10-files-9,1,other
EFTA01388615.pdf,data-set-10-files-9,1,other
EFTA01388616.pdf,data-set-10-files-9,1,other
EFTA01388617.pdf,data-set-10-files-9,1,other
EFTA01388618.pdf,data-set-10-files-9,1,other
EFTA01388619.pdf,data-set-10-files-9,1,other
EFTA01388620.pdf,data-set-10-files-9,1,other
EFTA01388621.pdf,data-set-10-files-9,1,other
EFTA01388622.pdf,data-set-10-files-9,1,other
EFTA01388623.pdf,data-set-10-files-9,1,other
EFTA01388624.pdf,data-set-10-files-9,1,other
EFTA01388625.pdf,data-set-10-files-9,1,other
EFTA01388626.pdf,data-set-10-files-9,1,other
EFTA01388627.pdf,data-set-10-files-9,1,other
EFTA01388628.pdf,data-set-10-files-9,1,other
EFTA01388629.pdf,data-set-10-files-9,1,other
EFTA01388630.pdf,data-set-10-files-9,1,other
EFTA01388631.pdf,data-set-10-files-9,1,other
EFTA01388632.pdf,data-set-10-files-9,1,other
EFTA01388633.pdf,data-set-10-files-9,1,other
EFTA01388634.pdf,data-set-10-files-9,1,other
EFTA01388635.pdf,data-set-10-files-9,1,other
EFTA01388636.pdf,data-set-10-files-9,1,other
EFTA01388637.pdf,data-set-10-files-9,1,other
EFTA01388638.pdf,data-set-10-files-9,1,other
EFTA01388639.pdf,data-set-10-files-9,1,other
EFTA01388640.pdf,data-set-10-files-9,1,other
EFTA01388641.pdf,data-set-10-files-9,1,other
EFTA01388642.pdf,data-set-10-files-9,1,other
EFTA01388643.pdf,data-set-10-files-9,1,email
EFTA01388644.pdf,data-set-10-files-9,1,other
EFTA01388645.pdf,data-set-10-files-9,1,email
EFTA01388646.pdf,data-set-10-files-9,1,other
EFTA01388647.pdf,data-set-10-files-9,1,other
EFTA01388648.pdf,data-set-10-files-9,1,other
EFTA01388649.pdf,data-set-10-files-9,1,email
EFTA01388650.pdf,data-set-10-files-9,1,email
EFTA01388651.pdf,data-set-10-files-9,1,other
EFTA01388652.pdf,data-set-10-files-9,1,email
EFTA01388653.pdf,data-set-10-files-9,1,email
EFTA01388654.pdf,data-set-10-files-9,1,email
EFTA01388655.pdf,data-set-10-files-9,1,other
EFTA01388656.pdf,data-set-10-files-9,1,other
EFTA01388657.pdf,data-set-10-files-9,1,other
EFTA01388658.pdf,data-set-10-files-9,1,other
EFTA01388659.pdf,data-set-10-files-9,1,other
EFTA01388660.pdf,data-set-10-files-9,1,other
EFTA01388661.pdf,data-set-10-files-9,1,other
EFTA01388662.pdf,data-set-10-files-9,1,other
EFTA01388663.pdf,data-set-10-files-9,1,other
EFTA01388664.pdf,data-set-10-files-9,1,other
EFTA01388665.pdf,data-set-10-files-9,1,other
EFTA01388666.pdf,data-set-10-files-9,1,other
EFTA01388667.pdf,data-set-10-files-9,1,email
EFTA01388668.pdf,data-set-10-files-9,1,email
EFTA01388669.pdf,data-set-10-files-9,1,email
EFTA01388670.pdf,data-set-10-files-9,1,email
EFTA01388671.pdf,data-set-10-files-9,1,other
EFTA01388672.pdf,data-set-10-files-9,1,email
EFTA01388673.pdf,data-set-10-files-9,1,email
EFTA01388674.pdf,data-set-10-files-9,1,email
EFTA01388675.pdf,data-set-10-files-9,1,email
EFTA01388676.pdf,data-set-10-files-9,1,other
EFTA01388677.pdf,data-set-10-files-9,1,email
EFTA01388678.pdf,data-set-10-files-9,1,email
EFTA01388679.pdf,data-set-10-files-9,1,other
EFTA01388680.pdf,data-set-10-files-9,1,email
EFTA01388681.pdf,data-set-10-files-9,1,other
EFTA01388682.pdf,data-set-10-files-9,1,email
EFTA01388683.pdf,data-set-10-files-9,1,email
EFTA01388684.pdf,data-set-10-files-9,1,email
EFTA01388685.pdf,data-set-10-files-9,1,email
EFTA01388686.pdf,data-set-10-files-9,1,email
EFTA01388687.pdf,data-set-10-files-9,1,email
EFTA01388688.pdf,data-set-10-files-9,1,email
EFTA01388689.pdf,data-set-10-files-9,1,email
EFTA01388690.pdf,data-set-10-files-9,1,email
EFTA01388691.pdf,data-set-10-files-9,1,other
EFTA01388692.pdf,data-set-10-files-9,1,other
EFTA01388693.pdf,data-set-10-files-9,1,other
EFTA01388694.pdf,data-set-10-files-9,1,other
EFTA01388695.pdf,data-set-10-files-9,1,email
EFTA01388696.pdf,data-set-10-files-9,1,email
EFTA01388697.pdf,data-set-10-files-9,1,other
EFTA01388698.pdf,data-set-10-files-9,1,email
EFTA01388699.pdf,data-set-10-files-9,1,email
EFTA01388700.pdf,data-set-10-files-9,1,email
EFTA01388701.pdf,data-set-10-files-9,1,other
EFTA01388702.pdf,data-set-10-files-9,1,email
EFTA01388703.pdf,data-set-10-files-9,1,email
EFTA01388704.pdf,data-set-10-files-9,1,other
EFTA01388705.pdf,data-set-10-files-9,1,other
EFTA01388706.pdf,data-set-10-files-9,1,other
EFTA01388707.pdf,data-set-10-files-9,1,other
EFTA01388708.pdf,data-set-10-files-9,1,other
EFTA01388709.pdf,data-set-10-files-9,1,other
EFTA01388710.pdf,data-set-10-files-9,1,other
EFTA01388711.pdf,data-set-10-files-9,1,other
EFTA01388712.pdf,data-set-10-files-9,1,email
EFTA01388713.pdf,data-set-10-files-9,1,email
EFTA01388714.pdf,data-set-10-files-9,1,email
EFTA01388715.pdf,data-set-10-files-9,1,other
EFTA01388716.pdf,data-set-10-files-9,1,email
EFTA01388717.pdf,data-set-10-files-9,1,email
EFTA01388718.pdf,data-set-10-files-9,1,other
EFTA01388719.pdf,data-set-10-files-9,1,other
EFTA01388720.pdf,data-set-10-files-9,1,email
EFTA01388721.pdf,data-set-10-files-9,1,other
EFTA01388722.pdf,data-set-10-files-9,1,other
EFTA01388723.pdf,data-set-10-files-9,1,other
EFTA01388724.pdf,data-set-10-files-9,1,other
EFTA01388725.pdf,data-set-10-files-9,1,email
EFTA01388726.pdf,data-set-10-files-9,1,other
EFTA01388727.pdf,data-set-10-files-9,1,other
EFTA01388728.pdf,data-set-10-files-9,1,other
EFTA01388729.pdf,data-set-10-files-9,1,other
EFTA01388730.pdf,data-set-10-files-9,1,other
EFTA01388731.pdf,data-set-10-files-9,1,other
EFTA01388732.pdf,data-set-10-files-9,1,other
EFTA01388733.pdf,data-set-10-files-9,1,other
EFTA01388734.pdf,data-set-10-files-9,1,other
EFTA01388735.pdf,data-set-10-files-9,1,other
EFTA01388736.pdf,data-set-10-files-9,1,email
EFTA01388737.pdf,data-set-10-files-9,1,email
EFTA01388738.pdf,data-set-10-files-9,1,email
EFTA01388739.pdf,data-set-10-files-9,1,other
EFTA01388740.pdf,data-set-10-files-9,1,email
EFTA01388741.pdf,data-set-10-files-9,1,email
EFTA01388742.pdf,data-set-10-files-9,1,other
EFTA01388743.pdf,data-set-10-files-9,1,other
EFTA01388744.pdf,data-set-10-files-9,1,other
EFTA01388745.pdf,data-set-10-files-9,1,email
EFTA01388746.pdf,data-set-10-files-9,1,email
EFTA01388747.pdf,data-set-10-files-9,1,other
EFTA01388748.pdf,data-set-10-files-9,1,email
EFTA01388749.pdf,data-set-10-files-9,1,other
EFTA01388750.pdf,data-set-10-files-9,1,email
EFTA01388751.pdf,data-set-10-files-9,1,email
EFTA01388752.pdf,data-set-10-files-9,1,email
EFTA01388753.pdf,data-set-10-files-9,1,other
EFTA01388754.pdf,data-set-10-files-9,1,email
EFTA01388755.pdf,data-set-10-files-9,1,other
EFTA01388756.pdf,data-set-10-files-9,1,other
EFTA01388757.pdf,data-set-10-files-9,1,other
EFTA01388758.pdf,data-set-10-files-9,1,other
EFTA01388759.pdf,data-set-10-files-9,1,other
EFTA01388760.pdf,data-set-10-files-9,1,other
EFTA01388761.pdf,data-set-10-files-9,1,other
EFTA01388762.pdf,data-set-10-files-9,1,other
EFTA01388763.pdf,data-set-10-files-9,1,email
EFTA01388764.pdf,data-set-10-files-9,1,email
EFTA01388765.pdf,data-set-10-files-9,1,other
EFTA01388766.pdf,data-set-10-files-9,1,other
EFTA01388767.pdf,data-set-10-files-9,1,other
EFTA01388768.pdf,data-set-10-files-9,1,email
EFTA01388769.pdf,data-set-10-files-9,1,email
EFTA01388770.pdf,data-set-10-files-9,1,other
EFTA01388771.pdf,data-set-10-files-9,1,other
EFTA01388772.pdf,data-set-10-files-9,1,other
EFTA01388773.pdf,data-set-10-files-9,1,email
EFTA01388774.pdf,data-set-10-files-9,1,email
EFTA01388775.pdf,data-set-10-files-9,1,other
EFTA01388776.pdf,data-set-10-files-9,1,email
EFTA01388777.pdf,data-set-10-files-9,1,email
EFTA01388778.pdf,data-set-10-files-9,1,other
EFTA01388779.pdf,data-set-10-files-9,1,other
EFTA01388780.pdf,data-set-10-files-9,1,email
EFTA01388781.pdf,data-set-10-files-9,1,email
EFTA01388782.pdf,data-set-10-files-9,1,email
EFTA01388783.pdf,data-set-10-files-9,1,email
EFTA01388784.pdf,data-set-10-files-9,1,email
EFTA01388785.pdf,data-set-10-files-9,1,email
EFTA01388786.pdf,data-set-10-files-9,1,email
EFTA01388787.pdf,data-set-10-files-9,1,other
EFTA01388788.pdf,data-set-10-files-9,1,email
EFTA01388789.pdf,data-set-10-files-9,1,email
EFTA01388790.pdf,data-set-10-files-9,1,email
EFTA01388791.pdf,data-set-10-files-9,1,email
EFTA01388792.pdf,data-set-10-files-9,1,email
EFTA01388793.pdf,data-set-10-files-9,1,email
EFTA01388794.pdf,data-set-10-files-9,1,email
EFTA01388795.pdf,data-set-10-files-9,1,other
EFTA01388796.pdf,data-set-10-files-9,1,other
EFTA01388797.pdf,data-set-10-files-9,1,other
EFTA01388798.pdf,data-set-10-files-9,1,email
EFTA01388799.pdf,data-set-10-files-9,1,other
EFTA01388800.pdf,data-set-10-files-9,1,email
EFTA01388801.pdf,data-set-10-files-9,1,other
EFTA01388802.pdf,data-set-10-files-9,1,other
EFTA01388803.pdf,data-set-10-files-9,1,other
EFTA01388804.pdf,data-set-10-files-9,1,other
EFTA01388805.pdf,data-set-10-files-9,1,other
EFTA01388806.pdf,data-set-10-files-9,1,other
EFTA01388807.pdf,data-set-10-files-9,1,other
EFTA01388808.pdf,data-set-10-files-9,1,email
EFTA01388809.pdf,data-set-10-files-9,1,other
EFTA01388810.pdf,data-set-10-files-9,1,other
EFTA01388811.pdf,data-set-10-files-9,1,other
EFTA01388812.pdf,data-set-10-files-9,1,other
EFTA01388813.pdf,data-set-10-files-9,1,other
EFTA01388814.pdf,data-set-10-files-9,1,other
EFTA01388815.pdf,data-set-10-files-9,1,other
EFTA01388816.pdf,data-set-10-files-9,1,other
EFTA01388817.pdf,data-set-10-files-9,1,other
EFTA01388818.pdf,data-set-10-files-9,1,other
EFTA01388819.pdf,data-set-10-files-9,1,other
EFTA01388820.pdf,data-set-10-files-9,1,other
EFTA01388821.pdf,data-set-10-files-9,1,other
EFTA01388822.pdf,data-set-10-files-9,1,other
EFTA01388823.pdf,data-set-10-files-9,1,other
EFTA01388824.pdf,data-set-10-files-9,1,other
EFTA01388825.pdf,data-set-10-files-9,1,other
EFTA01388826.pdf,data-set-10-files-9,1,other
EFTA01388827.pdf,data-set-10-files-9,1,other
EFTA01388828.pdf,data-set-10-files-9,1,other
EFTA01388829.pdf,data-set-10-files-9,1,other
EFTA01388830.pdf,data-set-10-files-9,1,other
EFTA01388831.pdf,data-set-10-files-9,1,other
EFTA01388832.pdf,data-set-10-files-9,1,other
EFTA01388833.pdf,data-set-10-files-9,1,email
EFTA01388834.pdf,data-set-10-files-9,1,other
EFTA01388835.pdf,data-set-10-files-9,1,email
EFTA01388836.pdf,data-set-10-files-9,1,email
EFTA01388837.pdf,data-set-10-files-9,1,other
EFTA01388838.pdf,data-set-10-files-9,1,other
EFTA01388839.pdf,data-set-10-files-9,1,email
EFTA01388840.pdf,data-set-10-files-9,1,other
EFTA01388841.pdf,data-set-10-files-9,1,other
EFTA01388842.pdf,data-set-10-files-9,1,other
EFTA01388843.pdf,data-set-10-files-9,1,other
EFTA01388844.pdf,data-set-10-files-9,1,other
EFTA01388845.pdf,data-set-10-files-9,1,other
EFTA01388846.pdf,data-set-10-files-9,1,other
EFTA01388847.pdf,data-set-10-files-9,1,other
EFTA01388848.pdf,data-set-10-files-9,1,other
EFTA01388849.pdf,data-set-10-files-9,1,other
EFTA01388850.pdf,data-set-10-files-9,1,other
EFTA01388851.pdf,data-set-10-files-9,1,other
EFTA01388852.pdf,data-set-10-files-9,1,other
EFTA01388853.pdf,data-set-10-files-9,1,other
EFTA01388854.pdf,data-set-10-files-9,1,other
EFTA01388855.pdf,data-set-10-files-9,1,other
EFTA01388856.pdf,data-set-10-files-9,1,other
EFTA01388857.pdf,data-set-10-files-9,1,other
EFTA01388858.pdf,data-set-10-files-9,1,other
EFTA01388859.pdf,data-set-10-files-9,1,other
EFTA01388860.pdf,data-set-10-files-9,1,other
EFTA01388861.pdf,data-set-10-files-9,1,other
EFTA01388862.pdf,data-set-10-files-9,1,other
EFTA01388863.pdf,data-set-10-files-9,1,other
EFTA01388864.pdf,data-set-10-files-9,1,other
EFTA01388865.pdf,data-set-10-files-9,1,other
EFTA01388866.pdf,data-set-10-files-9,1,other
EFTA01388867.pdf,data-set-10-files-9,1,other
EFTA01388868.pdf,data-set-10-files-9,1,other
EFTA01388869.pdf,data-set-10-files-9,1,email
EFTA01388870.pdf,data-set-10-files-9,1,email
EFTA01388871.pdf,data-set-10-files-9,1,email
EFTA01388872.pdf,data-set-10-files-9,1,email
EFTA01388873.pdf,data-set-10-files-9,1,other
EFTA01388874.pdf,data-set-10-files-9,1,other
EFTA01388875.pdf,data-set-10-files-9,1,other
EFTA01388876.pdf,data-set-10-files-9,1,other
EFTA01388877.pdf,data-set-10-files-9,1,other
EFTA01388878.pdf,data-set-10-files-9,1,other
EFTA01388879.pdf,data-set-10-files-9,1,other
EFTA01388880.pdf,data-set-10-files-9,1,other
EFTA01388881.pdf,data-set-10-files-9,1,other
EFTA01388882.pdf,data-set-10-files-9,1,other
EFTA01388883.pdf,data-set-10-files-9,1,other
EFTA01388884.pdf,data-set-10-files-9,1,other
EFTA01388885.pdf,data-set-10-files-9,1,other
EFTA01388886.pdf,data-set-10-files-9,1,other
EFTA01388887.pdf,data-set-10-files-9,1,other
EFTA01388888.pdf,data-set-10-files-9,1,email
EFTA01388889.pdf,data-set-10-files-9,1,email
EFTA01388890.pdf,data-set-10-files-9,1,email
EFTA01388891.pdf,data-set-10-files-9,1,other
EFTA01388892.pdf,data-set-10-files-9,1,email
EFTA01388893.pdf,data-set-10-files-9,1,email
EFTA01388894.pdf,data-set-10-files-9,1,other
EFTA01388895.pdf,data-set-10-files-9,1,other
EFTA01388896.pdf,data-set-10-files-9,1,email
EFTA01388897.pdf,data-set-10-files-9,1,email
EFTA01388898.pdf,data-set-10-files-9,1,other
EFTA01388899.pdf,data-set-10-files-9,1,other
EFTA01388900.pdf,data-set-10-files-9,1,other
EFTA01388901.pdf,data-set-10-files-9,1,other
EFTA01388902.pdf,data-set-10-files-9,1,other
EFTA01388903.pdf,data-set-10-files-9,1,other
EFTA01388904.pdf,data-set-10-files-9,1,other
EFTA01388905.pdf,data-set-10-files-9,1,other
EFTA01388906.pdf,data-set-10-files-9,1,other
EFTA01388907.pdf,data-set-10-files-9,1,other
EFTA01388908.pdf,data-set-10-files-9,1,other
EFTA01388909.pdf,data-set-10-files-9,1,other
EFTA01388910.pdf,data-set-10-files-9,1,other
EFTA01388911.pdf,data-set-10-files-9,1,other
EFTA01388912.pdf,data-set-10-files-9,1,other
EFTA01388913.pdf,data-set-10-files-9,1,other
EFTA01388914.pdf,data-set-10-files-9,1,other
EFTA01388915.pdf,data-set-10-files-9,1,other
EFTA01388916.pdf,data-set-10-files-9,1,other
EFTA01388917.pdf,data-set-10-files-9,1,other
EFTA01388918.pdf,data-set-10-files-9,1,other
EFTA01388919.pdf,data-set-10-files-9,1,other
EFTA01388920.pdf,data-set-10-files-9,1,other
EFTA01388921.pdf,data-set-10-files-9,1,other
EFTA01388922.pdf,data-set-10-files-9,1,other
EFTA01388923.pdf,data-set-10-files-9,1,other
EFTA01388924.pdf,data-set-10-files-9,1,other
EFTA01388925.pdf,data-set-10-files-9,1,other
EFTA01388926.pdf,data-set-10-files-9,1,other
EFTA01388927.pdf,data-set-10-files-9,1,other
EFTA01388928.pdf,data-set-10-files-9,1,other
EFTA01388929.pdf,data-set-10-files-9,1,other
EFTA01388930.pdf,data-set-10-files-9,1,other
EFTA01388931.pdf,data-set-10-files-9,1,other
EFTA01388932.pdf,data-set-10-files-9,1,other
EFTA01388933.pdf,data-set-10-files-9,1,other
EFTA01388934.pdf,data-set-10-files-9,1,other
EFTA01388935.pdf,data-set-10-files-9,1,email
EFTA01388936.pdf,data-set-10-files-9,1,email
EFTA01388937.pdf,data-set-10-files-9,1,email
EFTA01388938.pdf,data-set-10-files-9,1,other
EFTA01388939.pdf,data-set-10-files-9,1,other
EFTA01388940.pdf,data-set-10-files-9,1,other
EFTA01388941.pdf,data-set-10-files-9,1,other
EFTA01388942.pdf,data-set-10-files-9,1,other
EFTA01388943.pdf,data-set-10-files-9,1,other
EFTA01388944.pdf,data-set-10-files-9,1,other
EFTA01388945.pdf,data-set-10-files-9,1,other
EFTA01388946.pdf,data-set-10-files-9,1,other
EFTA01388947.pdf,data-set-10-files-9,1,other
EFTA01388948.pdf,data-set-10-files-9,1,other
EFTA01388949.pdf,data-set-10-files-9,1,other
EFTA01388950.pdf,data-set-10-files-9,1,other
EFTA01388951.pdf,data-set-10-files-9,1,other
EFTA01388952.pdf,data-set-10-files-9,1,other
EFTA01388953.pdf,data-set-10-files-9,1,other
EFTA01388954.pdf,data-set-10-files-9,1,other
EFTA01388955.pdf,data-set-10-files-9,1,other
EFTA01388956.pdf,data-set-10-files-9,1,other
EFTA01388957.pdf,data-set-10-files-9,1,other
EFTA01388958.pdf,data-set-10-files-9,1,other
EFTA01388959.pdf,data-set-10-files-9,1,other
EFTA01388960.pdf,data-set-10-files-9,1,other
EFTA01388961.pdf,data-set-10-files-9,1,other
EFTA01388962.pdf,data-set-10-files-9,1,other
EFTA01388963.pdf,data-set-10-files-9,1,other
EFTA01388964.pdf,data-set-10-files-9,1,email
EFTA01388965.pdf,data-set-10-files-9,1,email
EFTA01388966.pdf,data-set-10-files-9,1,email
EFTA01388967.pdf,data-set-10-files-9,1,email
EFTA01388968.pdf,data-set-10-files-9,1,other
EFTA01388969.pdf,data-set-10-files-9,1,other
EFTA01388970.pdf,data-set-10-files-9,1,other
EFTA01388971.pdf,data-set-10-files-9,1,email
EFTA01388972.pdf,data-set-10-files-9,1,email
EFTA01388973.pdf,data-set-10-files-9,1,other
EFTA01388974.pdf,data-set-10-files-9,1,email
EFTA01388975.pdf,data-set-10-files-9,1,other
EFTA01388976.pdf,data-set-10-files-9,1,other
EFTA01388977.pdf,data-set-10-files-9,1,other
EFTA01388978.pdf,data-set-10-files-9,1,other
EFTA01388979.pdf,data-set-10-files-9,1,other
EFTA01388980.pdf,data-set-10-files-9,1,other
EFTA01388981.pdf,data-set-10-files-9,1,other
EFTA01388982.pdf,data-set-10-files-9,1,other
EFTA01388983.pdf,data-set-10-files-9,1,other
EFTA01388984.pdf,data-set-10-files-9,1,other
EFTA01388985.pdf,data-set-10-files-9,1,other
EFTA01388986.pdf,data-set-10-files-9,1,other
EFTA01388987.pdf,data-set-10-files-9,1,other
EFTA01388988.pdf,data-set-10-files-9,1,other
EFTA01388989.pdf,data-set-10-files-9,1,other
EFTA01388990.pdf,data-set-10-files-9,1,other
EFTA01388991.pdf,data-set-10-files-9,1,other
EFTA01388992.pdf,data-set-10-files-9,1,other
EFTA01388993.pdf,data-set-10-files-9,1,email
EFTA01388994.pdf,data-set-10-files-9,1,other
EFTA01388995.pdf,data-set-10-files-9,1,other
EFTA01388996.pdf,data-set-10-files-9,1,other
EFTA01388997.pdf,data-set-10-files-9,1,other
EFTA01388998.pdf,data-set-10-files-9,1,other
EFTA01388999.pdf,data-set-10-files-9,1,other
EFTA01389000.pdf,data-set-10-files-9,1,other
EFTA01389001.pdf,data-set-10-files-9,1,other
EFTA01389002.pdf,data-set-10-files-9,1,other
EFTA01389003.pdf,data-set-10-files-9,1,email
EFTA01389004.pdf,data-set-10-files-9,1,other
EFTA01389005.pdf,data-set-10-files-9,1,other
EFTA01389006.pdf,data-set-10-files-9,1,email
EFTA01389007.pdf,data-set-10-files-9,1,email
EFTA01389008.pdf,data-set-10-files-9,1,email
EFTA01389009.pdf,data-set-10-files-9,1,email
EFTA01389010.pdf,data-set-10-files-9,1,other
EFTA01389011.pdf,data-set-10-files-9,1,email
EFTA01389012.pdf,data-set-10-files-9,1,email
EFTA01389013.pdf,data-set-10-files-9,1,other
EFTA01389014.pdf,data-set-10-files-9,1,email
EFTA01389015.pdf,data-set-10-files-9,1,email
EFTA01389016.pdf,data-set-10-files-9,1,other
EFTA01389017.pdf,data-set-10-files-9,1,email
EFTA01389018.pdf,data-set-10-files-9,1,other
EFTA01389019.pdf,data-set-10-files-9,1,other
EFTA01389020.pdf,data-set-10-files-9,1,other
EFTA01389021.pdf,data-set-10-files-9,1,email
EFTA01389022.pdf,data-set-10-files-9,1,email
EFTA01389023.pdf,data-set-10-files-9,1,email
EFTA01389024.pdf,data-set-10-files-9,1,other
EFTA01389025.pdf,data-set-10-files-9,1,other
EFTA01389026.pdf,data-set-10-files-9,1,other
EFTA01389027.pdf,data-set-10-files-9,1,other
EFTA01389028.pdf,data-set-10-files-9,1,other
EFTA01389029.pdf,data-set-10-files-9,1,other
EFTA01389030.pdf,data-set-10-files-9,1,other
EFTA01389031.pdf,data-set-10-files-9,1,other
EFTA01389032.pdf,data-set-10-files-9,1,other
EFTA01389033.pdf,data-set-10-files-9,1,other
EFTA01389034.pdf,data-set-10-files-9,1,other
EFTA01389035.pdf,data-set-10-files-9,1,other
EFTA01389036.pdf,data-set-10-files-9,1,other
EFTA01389037.pdf,data-set-10-files-9,1,other
EFTA01389038.pdf,data-set-10-files-9,1,other
EFTA01389039.pdf,data-set-10-files-9,1,other
EFTA01389040.pdf,data-set-10-files-9,1,other
EFTA01389041.pdf,data-set-10-files-9,1,other
EFTA01389042.pdf,data-set-10-files-9,1,other
EFTA01389043.pdf,data-set-10-files-9,1,other
EFTA01389044.pdf,data-set-10-files-9,1,other
EFTA01389045.pdf,data-set-10-files-9,1,other
EFTA01389046.pdf,data-set-10-files-9,1,other
EFTA01389047.pdf,data-set-10-files-9,1,other
EFTA01389048.pdf,data-set-10-files-9,1,other
EFTA01389049.pdf,data-set-10-files-9,1,other
EFTA01389050.pdf,data-set-10-files-9,1,other
EFTA01389051.pdf,data-set-10-files-9,1,other
EFTA01389052.pdf,data-set-10-files-9,1,other
EFTA01389053.pdf,data-set-10-files-9,1,other
EFTA01389054.pdf,data-set-10-files-9,1,other
EFTA01389055.pdf,data-set-10-files-9,1,other
EFTA01389056.pdf,data-set-10-files-9,1,other
EFTA01389057.pdf,data-set-10-files-9,1,other
EFTA01389058.pdf,data-set-10-files-9,1,other
EFTA01389059.pdf,data-set-10-files-9,1,other
EFTA01389060.pdf,data-set-10-files-9,1,other
EFTA01389061.pdf,data-set-10-files-9,1,other
EFTA01389062.pdf,data-set-10-files-9,1,other
EFTA01389063.pdf,data-set-10-files-9,1,other
EFTA01389064.pdf,data-set-10-files-9,1,other
EFTA01389065.pdf,data-set-10-files-9,1,other
EFTA01389066.pdf,data-set-10-files-9,1,other
EFTA01389067.pdf,data-set-10-files-9,1,other
EFTA01389068.pdf,data-set-10-files-9,1,other
EFTA01389069.pdf,data-set-10-files-9,1,other
EFTA01389070.pdf,data-set-10-files-9,1,other
EFTA01389071.pdf,data-set-10-files-9,1,other
EFTA01389072.pdf,data-set-10-files-9,1,other
EFTA01389073.pdf,data-set-10-files-9,1,other
EFTA01389074.pdf,data-set-10-files-9,1,other
EFTA01389075.pdf,data-set-10-files-9,1,email
EFTA01389076.pdf,data-set-10-files-9,1,email
EFTA01389077.pdf,data-set-10-files-9,1,email
EFTA01389078.pdf,data-set-10-files-9,1,email
EFTA01389079.pdf,data-set-10-files-9,1,other
EFTA01389080.pdf,data-set-10-files-9,1,email
EFTA01389081.pdf,data-set-10-files-9,1,other
EFTA01389082.pdf,data-set-10-files-9,1,other
EFTA01389083.pdf,data-set-10-files-9,1,other
EFTA01389084.pdf,data-set-10-files-9,1,other
EFTA01389085.pdf,data-set-10-files-9,1,email
EFTA01389086.pdf,data-set-10-files-9,1,email
EFTA01389087.pdf,data-set-10-files-9,1,email
EFTA01389088.pdf,data-set-10-files-9,1,other
EFTA01389089.pdf,data-set-10-files-9,1,email
EFTA01389090.pdf,data-set-10-files-9,1,other
EFTA01389091.pdf,data-set-10-files-9,1,other
EFTA01389092.pdf,data-set-10-files-9,1,other
EFTA01389093.pdf,data-set-10-files-9,1,other
EFTA01389094.pdf,data-set-10-files-9,1,other
EFTA01389095.pdf,data-set-10-files-9,1,other
EFTA01389096.pdf,data-set-10-files-9,1,other
EFTA01389097.pdf,data-set-10-files-9,1,email
EFTA01389098.pdf,data-set-10-files-9,1,other
EFTA01389099.pdf,data-set-10-files-9,1,other
EFTA01389100.pdf,data-set-10-files-9,1,other
EFTA01389101.pdf,data-set-10-files-9,1,other
EFTA01389102.pdf,data-set-10-files-9,1,other
EFTA01389103.pdf,data-set-10-files-9,1,other
EFTA01389104.pdf,data-set-10-files-9,1,other
EFTA01389105.pdf,data-set-10-files-9,1,other
EFTA01389106.pdf,data-set-10-files-9,1,other
EFTA01389107.pdf,data-set-10-files-9,1,other
EFTA01389108.pdf,data-set-10-files-9,1,other
EFTA01389109.pdf,data-set-10-files-9,1,email
EFTA01389110.pdf,data-set-10-files-9,1,other
EFTA01389111.pdf,data-set-10-files-9,1,other
EFTA01389112.pdf,data-set-10-files-9,1,other
EFTA01389113.pdf,data-set-10-files-9,1,other
EFTA01389114.pdf,data-set-10-files-9,1,other
EFTA01389115.pdf,data-set-10-files-9,1,other
EFTA01389116.pdf,data-set-10-files-9,1,email
EFTA01389117.pdf,data-set-10-files-9,1,email
EFTA01389118.pdf,data-set-10-files-9,1,email
EFTA01389119.pdf,data-set-10-files-9,1,email
EFTA01389120.pdf,data-set-10-files-9,1,email
EFTA01389121.pdf,data-set-10-files-9,1,email
EFTA01389122.pdf,data-set-10-files-9,1,other
EFTA01389123.pdf,data-set-10-files-9,1,other
EFTA01389124.pdf,data-set-10-files-9,1,other
EFTA01389125.pdf,data-set-10-files-9,1,other
EFTA01389126.pdf,data-set-10-files-9,1,other
EFTA01389127.pdf,data-set-10-files-9,1,other
EFTA01389128.pdf,data-set-10-files-9,1,other
EFTA01389129.pdf,data-set-10-files-9,1,other
EFTA01389130.pdf,data-set-10-files-9,1,other
EFTA01389131.pdf,data-set-10-files-9,1,other
EFTA01389132.pdf,data-set-10-files-9,1,other
EFTA01389133.pdf,data-set-10-files-9,1,other
EFTA01389134.pdf,data-set-10-files-9,1,other
EFTA01389135.pdf,data-set-10-files-9,1,other
EFTA01389136.pdf,data-set-10-files-9,1,email
EFTA01389137.pdf,data-set-10-files-9,1,email
EFTA01389138.pdf,data-set-10-files-9,1,other
EFTA01389139.pdf,data-set-10-files-9,1,email
EFTA01389140.pdf,data-set-10-files-9,1,other
EFTA01389141.pdf,data-set-10-files-9,1,email
EFTA01389142.pdf,data-set-10-files-9,1,email
EFTA01389143.pdf,data-set-10-files-9,1,other
EFTA01389144.pdf,data-set-10-files-9,1,email
EFTA01389145.pdf,data-set-10-files-9,1,other
EFTA01389146.pdf,data-set-10-files-9,1,other
EFTA01389147.pdf,data-set-10-files-9,1,email
EFTA01389148.pdf,data-set-10-files-9,1,email
EFTA01389149.pdf,data-set-10-files-9,1,other
EFTA01389150.pdf,data-set-10-files-9,1,other
EFTA01389151.pdf,data-set-10-files-9,1,other
EFTA01389152.pdf,data-set-10-files-9,1,other
EFTA01389153.pdf,data-set-10-files-9,1,email
EFTA01389154.pdf,data-set-10-files-9,1,other
EFTA01389155.pdf,data-set-10-files-9,1,other
EFTA01389156.pdf,data-set-10-files-9,1,other
EFTA01389157.pdf,data-set-10-files-9,1,other
EFTA01389158.pdf,data-set-10-files-9,1,other
EFTA01389159.pdf,data-set-10-files-9,1,other
EFTA01389160.pdf,data-set-10-files-9,1,other
EFTA01389161.pdf,data-set-10-files-9,1,other
EFTA01389162.pdf,data-set-10-files-9,1,other
EFTA01389163.pdf,data-set-10-files-9,1,other
EFTA01389164.pdf,data-set-10-files-9,1,other
EFTA01389165.pdf,data-set-10-files-9,1,other
EFTA01389166.pdf,data-set-10-files-9,1,other
EFTA01389167.pdf,data-set-10-files-9,1,other
EFTA01389168.pdf,data-set-10-files-9,1,other
EFTA01389169.pdf,data-set-10-files-9,1,other
EFTA01389170.pdf,data-set-10-files-9,1,other
EFTA01389171.pdf,data-set-10-files-9,1,other
EFTA01389172.pdf,data-set-10-files-9,1,other
EFTA01389173.pdf,data-set-10-files-9,1,other
EFTA01389174.pdf,data-set-10-files-9,1,other
EFTA01389175.pdf,data-set-10-files-9,1,other
EFTA01389176.pdf,data-set-10-files-9,1,other
EFTA01389177.pdf,data-set-10-files-9,1,other
EFTA01389178.pdf,data-set-10-files-9,1,other
EFTA01389179.pdf,data-set-10-files-9,1,other
EFTA01389180.pdf,data-set-10-files-9,1,other
EFTA01389181.pdf,data-set-10-files-9,1,other
EFTA01389182.pdf,data-set-10-files-9,1,other
EFTA01389183.pdf,data-set-10-files-9,1,other
EFTA01389184.pdf,data-set-10-files-9,1,other
EFTA01389185.pdf,data-set-10-files-9,1,other
EFTA01389186.pdf,data-set-10-files-9,1,other
EFTA01389187.pdf,data-set-10-files-9,1,other
EFTA01389188.pdf,data-set-10-files-9,1,other
EFTA01389189.pdf,data-set-10-files-9,1,other
EFTA01389190.pdf,data-set-10-files-9,1,other
EFTA01389191.pdf,data-set-10-files-9,1,other
EFTA01389192.pdf,data-set-10-files-9,1,other
EFTA01389193.pdf,data-set-10-files-9,1,other
EFTA01389194.pdf,data-set-10-files-9,1,other
EFTA01389195.pdf,data-set-10-files-9,1,other
EFTA01389196.pdf,data-set-10-files-9,1,other
EFTA01389197.pdf,data-set-10-files-9,1,email
EFTA01389198.pdf,data-set-10-files-9,1,other
EFTA01389199.pdf,data-set-10-files-9,1,other
EFTA01389200.pdf,data-set-10-files-9,1,other
EFTA01389201.pdf,data-set-10-files-9,1,other
EFTA01389202.pdf,data-set-10-files-9,1,other
EFTA01389203.pdf,data-set-10-files-9,1,other
EFTA01389204.pdf,data-set-10-files-9,1,other
EFTA01389205.pdf,data-set-10-files-9,1,other
EFTA01389206.pdf,data-set-10-files-9,1,other
EFTA01389207.pdf,data-set-10-files-9,1,other
EFTA01389208.pdf,data-set-10-files-9,1,other
EFTA01389209.pdf,data-set-10-files-9,1,other
EFTA01389210.pdf,data-set-10-files-9,1,other
EFTA01389211.pdf,data-set-10-files-9,1,other
EFTA01389212.pdf,data-set-10-files-9,1,other
EFTA01389213.pdf,data-set-10-files-9,1,other
EFTA01389214.pdf,data-set-10-files-9,1,other
EFTA01389215.pdf,data-set-10-files-9,1,other
EFTA01389216.pdf,data-set-10-files-9,1,other
EFTA01389217.pdf,data-set-10-files-9,1,other
EFTA01389218.pdf,data-set-10-files-9,1,other
EFTA01389219.pdf,data-set-10-files-9,1,other
EFTA01389220.pdf,data-set-10-files-9,1,other
EFTA01389221.pdf,data-set-10-files-9,1,other
EFTA01389222.pdf,data-set-10-files-9,1,other
EFTA01389223.pdf,data-set-10-files-9,1,other
EFTA01389224.pdf,data-set-10-files-9,1,other
EFTA01389225.pdf,data-set-10-files-9,1,other
EFTA01389226.pdf,data-set-10-files-9,1,other
EFTA01389227.pdf,data-set-10-files-9,1,other
EFTA01389228.pdf,data-set-10-files-9,1,other
EFTA01389229.pdf,data-set-10-files-9,1,other
EFTA01389230.pdf,data-set-10-files-9,1,other
EFTA01389231.pdf,data-set-10-files-9,1,other
EFTA01389232.pdf,data-set-10-files-9,1,other
EFTA01389233.pdf,data-set-10-files-9,1,other
EFTA01389234.pdf,data-set-10-files-9,1,other
EFTA01389235.pdf,data-set-10-files-9,1,other
EFTA01389236.pdf,data-set-10-files-9,1,other
EFTA01389237.pdf,data-set-10-files-9,1,other
EFTA01389238.pdf,data-set-10-files-9,1,other
EFTA01389239.pdf,data-set-10-files-9,1,other
EFTA01389240.pdf,data-set-10-files-9,1,other
EFTA01389241.pdf,data-set-10-files-9,1,other
EFTA01389242.pdf,data-set-10-files-9,1,other
EFTA01389243.pdf,data-set-10-files-9,1,other
EFTA01389244.pdf,data-set-10-files-9,1,other
EFTA01389245.pdf,data-set-10-files-9,1,other
EFTA01389246.pdf,data-set-10-files-9,1,other
EFTA01389247.pdf,data-set-10-files-9,1,other
EFTA01389248.pdf,data-set-10-files-9,1,other
EFTA01389249.pdf,data-set-10-files-9,1,other
EFTA01389250.pdf,data-set-10-files-9,1,other
EFTA01389251.pdf,data-set-10-files-9,1,other
EFTA01389252.pdf,data-set-10-files-9,1,other
EFTA01389253.pdf,data-set-10-files-9,1,other
EFTA01389254.pdf,data-set-10-files-9,1,other
EFTA01389255.pdf,data-set-10-files-9,1,other
EFTA01389256.pdf,data-set-10-files-9,1,other
EFTA01389257.pdf,data-set-10-files-9,1,other
EFTA01389258.pdf,data-set-10-files-9,1,other
EFTA01389259.pdf,data-set-10-files-9,1,other
EFTA01389260.pdf,data-set-10-files-9,1,other
EFTA01389261.pdf,data-set-10-files-9,1,other
EFTA01389262.pdf,data-set-10-files-9,1,other
EFTA01389263.pdf,data-set-10-files-9,1,other
EFTA01389264.pdf,data-set-10-files-9,1,other
EFTA01389265.pdf,data-set-10-files-9,1,other
EFTA01389266.pdf,data-set-10-files-9,1,other
EFTA01389267.pdf,data-set-10-files-9,1,other
EFTA01389268.pdf,data-set-10-files-9,1,other
EFTA01389269.pdf,data-set-10-files-9,1,other
EFTA01389270.pdf,data-set-10-files-9,1,other
EFTA01389271.pdf,data-set-10-files-9,1,other
EFTA01389272.pdf,data-set-10-files-9,1,other
EFTA01389273.pdf,data-set-10-files-9,1,other
EFTA01389274.pdf,data-set-10-files-9,1,other
EFTA01389275.pdf,data-set-10-files-9,1,other
EFTA01389276.pdf,data-set-10-files-9,1,other
EFTA01389277.pdf,data-set-10-files-9,1,other
EFTA01389278.pdf,data-set-10-files-9,1,other
EFTA01389279.pdf,data-set-10-files-9,1,other
EFTA01389280.pdf,data-set-10-files-9,1,other
EFTA01389281.pdf,data-set-10-files-9,1,other
EFTA01389282.pdf,data-set-10-files-9,1,other
EFTA01389283.pdf,data-set-10-files-9,1,other
EFTA01389284.pdf,data-set-10-files-9,1,other
EFTA01389285.pdf,data-set-10-files-9,1,other
EFTA01389286.pdf,data-set-10-files-9,1,other
EFTA01389287.pdf,data-set-10-files-9,1,other
EFTA01389288.pdf,data-set-10-files-9,1,other
EFTA01389289.pdf,data-set-10-files-9,1,other
EFTA01389290.pdf,data-set-10-files-9,1,other
EFTA01389291.pdf,data-set-10-files-9,1,other
EFTA01389292.pdf,data-set-10-files-9,1,other
EFTA01389293.pdf,data-set-10-files-9,1,email
EFTA01389294.pdf,data-set-10-files-9,1,other
EFTA01389295.pdf,data-set-10-files-9,1,other
EFTA01389296.pdf,data-set-10-files-9,1,other
EFTA01389297.pdf,data-set-10-files-9,1,other
EFTA01389298.pdf,data-set-10-files-9,1,other
EFTA01389299.pdf,data-set-10-files-9,1,other
EFTA01389300.pdf,data-set-10-files-9,1,other
EFTA01389301.pdf,data-set-10-files-9,1,other
EFTA01389302.pdf,data-set-10-files-9,1,other
EFTA01389303.pdf,data-set-10-files-9,1,other
EFTA01389304.pdf,data-set-10-files-9,1,other
EFTA01389305.pdf,data-set-10-files-9,1,other
EFTA01389306.pdf,data-set-10-files-9,1,other
EFTA01389307.pdf,data-set-10-files-9,1,other
EFTA01389308.pdf,data-set-10-files-9,1,other
EFTA01389309.pdf,data-set-10-files-9,1,other
EFTA01389310.pdf,data-set-10-files-9,1,other
EFTA01389311.pdf,data-set-10-files-9,1,other
EFTA01389312.pdf,data-set-10-files-9,1,other
EFTA01389313.pdf,data-set-10-files-9,1,other
EFTA01389314.pdf,data-set-10-files-9,1,other
EFTA01389315.pdf,data-set-10-files-9,1,other
EFTA01389316.pdf,data-set-10-files-9,1,other
EFTA01389317.pdf,data-set-10-files-9,1,other
EFTA01389318.pdf,data-set-10-files-9,1,other
EFTA01389319.pdf,data-set-10-files-9,1,other
EFTA01389320.pdf,data-set-10-files-9,1,other
EFTA01389321.pdf,data-set-10-files-9,1,other
EFTA01389322.pdf,data-set-10-files-9,1,other
EFTA01389323.pdf,data-set-10-files-9,1,other
EFTA01389324.pdf,data-set-10-files-9,1,other
EFTA01389325.pdf,data-set-10-files-9,1,other
EFTA01389326.pdf,data-set-10-files-9,1,other
EFTA01389327.pdf,data-set-10-files-9,1,other
EFTA01389328.pdf,data-set-10-files-9,1,other
EFTA01389329.pdf,data-set-10-files-9,1,other
EFTA01389330.pdf,data-set-10-files-9,1,other
EFTA01389331.pdf,data-set-10-files-9,1,other
EFTA01389332.pdf,data-set-10-files-9,1,other
EFTA01389333.pdf,data-set-10-files-9,1,other
EFTA01389334.pdf,data-set-10-files-9,1,other
EFTA01389335.pdf,data-set-10-files-9,1,other
EFTA01389336.pdf,data-set-10-files-9,1,other
EFTA01389337.pdf,data-set-10-files-9,1,other
EFTA01389338.pdf,data-set-10-files-9,1,other
EFTA01389339.pdf,data-set-10-files-9,1,other
EFTA01389340.pdf,data-set-10-files-9,1,other
EFTA01389341.pdf,data-set-10-files-9,1,other
EFTA01389342.pdf,data-set-10-files-9,1,other
EFTA01389343.pdf,data-set-10-files-9,1,other
EFTA01389344.pdf,data-set-10-files-9,1,other
EFTA01389345.pdf,data-set-10-files-9,1,other
EFTA01389346.pdf,data-set-10-files-9,1,other
EFTA01389347.pdf,data-set-10-files-9,1,other
EFTA01389348.pdf,data-set-10-files-9,1,other
EFTA01389349.pdf,data-set-10-files-9,1,other
EFTA01389350.pdf,data-set-10-files-9,1,other
EFTA01389351.pdf,data-set-10-files-9,1,other
EFTA01389352.pdf,data-set-10-files-9,1,other
EFTA01389353.pdf,data-set-10-files-9,1,other
EFTA01389354.pdf,data-set-10-files-9,1,other
EFTA01389355.pdf,data-set-10-files-9,1,other
EFTA01389356.pdf,data-set-10-files-9,1,other
EFTA01389357.pdf,data-set-10-files-9,1,other
EFTA01389358.pdf,data-set-10-files-9,1,other
EFTA01389359.pdf,data-set-10-files-9,1,other
EFTA01389360.pdf,data-set-10-files-9,1,other
EFTA01389361.pdf,data-set-10-files-9,1,other
EFTA01389362.pdf,data-set-10-files-9,1,other
EFTA01389363.pdf,data-set-10-files-9,1,other
EFTA01389364.pdf,data-set-10-files-9,1,other
EFTA01389365.pdf,data-set-10-files-9,1,other
EFTA01389366.pdf,data-set-10-files-9,1,other
EFTA01389367.pdf,data-set-10-files-9,1,other
EFTA01389368.pdf,data-set-10-files-9,1,other
EFTA01389369.pdf,data-set-10-files-9,1,other
EFTA01389370.pdf,data-set-10-files-9,1,other
EFTA01389371.pdf,data-set-10-files-9,1,other
EFTA01389372.pdf,data-set-10-files-9,1,other
EFTA01389373.pdf,data-set-10-files-9,1,other
EFTA01389374.pdf,data-set-10-files-9,1,other
EFTA01389375.pdf,data-set-10-files-9,1,other
EFTA01389376.pdf,data-set-10-files-9,1,other
EFTA01389377.pdf,data-set-10-files-9,1,other
EFTA01389378.pdf,data-set-10-files-9,1,other
EFTA01389379.pdf,data-set-10-files-9,1,other
EFTA01389380.pdf,data-set-10-files-9,1,other
EFTA01389381.pdf,data-set-10-files-9,1,other
EFTA01389382.pdf,data-set-10-files-9,1,other
EFTA01389383.pdf,data-set-10-files-9,1,other
EFTA01389384.pdf,data-set-10-files-9,1,other
EFTA01389385.pdf,data-set-10-files-9,1,other
EFTA01389386.pdf,data-set-10-files-9,1,other
EFTA01389387.pdf,data-set-10-files-9,1,other
EFTA01389388.pdf,data-set-10-files-9,1,other
EFTA01389389.pdf,data-set-10-files-9,1,other
EFTA01389390.pdf,data-set-10-files-9,1,other
EFTA01389391.pdf,data-set-10-files-9,1,other
EFTA01389392.pdf,data-set-10-files-9,1,other
EFTA01389393.pdf,data-set-10-files-9,1,other
EFTA01389394.pdf,data-set-10-files-9,1,other
EFTA01389395.pdf,data-set-10-files-9,1,other
EFTA01389396.pdf,data-set-10-files-9,1,other
EFTA01389397.pdf,data-set-10-files-9,1,other
EFTA01389398.pdf,data-set-10-files-9,1,other
EFTA01389399.pdf,data-set-10-files-9,1,other
EFTA01389400.pdf,data-set-10-files-9,1,other
EFTA01389401.pdf,data-set-10-files-9,1,other
EFTA01389402.pdf,data-set-10-files-9,1,other
EFTA01389403.pdf,data-set-10-files-9,1,other
EFTA01389404.pdf,data-set-10-files-9,1,other
EFTA01389405.pdf,data-set-10-files-9,1,other
EFTA01389406.pdf,data-set-10-files-9,1,other
EFTA01389407.pdf,data-set-10-files-9,1,other
EFTA01389408.pdf,data-set-10-files-9,1,other
EFTA01389409.pdf,data-set-10-files-9,1,other
EFTA01389410.pdf,data-set-10-files-9,1,other
EFTA01389411.pdf,data-set-10-files-9,1,other
EFTA01389412.pdf,data-set-10-files-9,1,other
EFTA01389413.pdf,data-set-10-files-9,1,other
EFTA01389414.pdf,data-set-10-files-9,1,other
EFTA01389415.pdf,data-set-10-files-9,1,other
EFTA01389416.pdf,data-set-10-files-9,1,other
EFTA01389417.pdf,data-set-10-files-9,1,other
EFTA01389418.pdf,data-set-10-files-9,1,other
EFTA01389419.pdf,data-set-10-files-9,1,other
EFTA01389420.pdf,data-set-10-files-9,1,other
EFTA01389421.pdf,data-set-10-files-9,1,other
EFTA01389422.pdf,data-set-10-files-9,1,other
EFTA01389423.pdf,data-set-10-files-9,1,other
EFTA01389424.pdf,data-set-10-files-9,1,other
EFTA01389425.pdf,data-set-10-files-9,1,other
EFTA01389426.pdf,data-set-10-files-9,1,other
EFTA01389427.pdf,data-set-10-files-9,1,other
EFTA01389428.pdf,data-set-10-files-9,1,other
EFTA01389429.pdf,data-set-10-files-9,1,other
EFTA01389430.pdf,data-set-10-files-9,1,other
EFTA01389431.pdf,data-set-10-files-9,1,other
EFTA01389432.pdf,data-set-10-files-9,1,other
EFTA01389433.pdf,data-set-10-files-9,1,other
EFTA01389434.pdf,data-set-10-files-9,1,other
EFTA01389435.pdf,data-set-10-files-9,1,other
EFTA01389436.pdf,data-set-10-files-9,1,other
EFTA01389437.pdf,data-set-10-files-9,1,other
EFTA01389438.pdf,data-set-10-files-9,1,other
EFTA01389439.pdf,data-set-10-files-9,1,other
EFTA01389440.pdf,data-set-10-files-9,1,other
EFTA01389441.pdf,data-set-10-files-9,1,other
EFTA01389442.pdf,data-set-10-files-9,1,other
EFTA01389443.pdf,data-set-10-files-9,1,other
EFTA01389444.pdf,data-set-10-files-9,1,other
EFTA01389445.pdf,data-set-10-files-9,1,other
EFTA01389446.pdf,data-set-10-files-9,1,other
EFTA01389447.pdf,data-set-10-files-9,1,other
EFTA01389448.pdf,data-set-10-files-9,1,email
EFTA01389449.pdf,data-set-10-files-9,1,other
EFTA01389450.pdf,data-set-10-files-9,1,other
EFTA01389451.pdf,data-set-10-files-9,1,other
EFTA01389452.pdf,data-set-10-files-9,1,other
EFTA01389453.pdf,data-set-10-files-9,1,other
EFTA01389454.pdf,data-set-10-files-9,1,other
EFTA01389455.pdf,data-set-10-files-9,1,other
EFTA01389456.pdf,data-set-10-files-9,1,other
EFTA01389457.pdf,data-set-10-files-9,1,other
EFTA01389458.pdf,data-set-10-files-9,1,other
EFTA01389459.pdf,data-set-10-files-9,1,other
EFTA01389460.pdf,data-set-10-files-9,1,other
EFTA01389461.pdf,data-set-10-files-9,1,other
EFTA01389462.pdf,data-set-10-files-9,1,other
EFTA01389463.pdf,data-set-10-files-9,1,other
EFTA01389464.pdf,data-set-10-files-9,1,other
EFTA01389465.pdf,data-set-10-files-9,1,other
EFTA01389466.pdf,data-set-10-files-9,1,other
EFTA01389467.pdf,data-set-10-files-9,1,other
EFTA01389468.pdf,data-set-10-files-9,1,other
EFTA01389469.pdf,data-set-10-files-9,1,other
EFTA01389470.pdf,data-set-10-files-9,1,other
EFTA01389471.pdf,data-set-10-files-9,1,other
EFTA01389472.pdf,data-set-10-files-9,1,other
EFTA01389473.pdf,data-set-10-files-9,1,other
EFTA01389474.pdf,data-set-10-files-9,1,other
EFTA01389475.pdf,data-set-10-files-9,1,other
EFTA01389476.pdf,data-set-10-files-9,1,other
EFTA01389477.pdf,data-set-10-files-9,1,other
EFTA01389478.pdf,data-set-10-files-9,1,other
EFTA01389479.pdf,data-set-10-files-9,1,other
EFTA01389480.pdf,data-set-10-files-9,1,other
EFTA01389481.pdf,data-set-10-files-9,1,other
EFTA01389482.pdf,data-set-10-files-9,1,other
EFTA01389483.pdf,data-set-10-files-9,1,other
EFTA01389484.pdf,data-set-10-files-9,1,other
EFTA01389485.pdf,data-set-10-files-9,1,other
EFTA01389486.pdf,data-set-10-files-9,1,other
EFTA01389487.pdf,data-set-10-files-9,1,other
EFTA01389488.pdf,data-set-10-files-9,1,other
EFTA01389489.pdf,data-set-10-files-9,1,other
EFTA01389490.pdf,data-set-10-files-9,1,other
EFTA01389491.pdf,data-set-10-files-9,1,other
EFTA01389492.pdf,data-set-10-files-9,1,other
EFTA01389493.pdf,data-set-10-files-9,1,other
EFTA01389494.pdf,data-set-10-files-9,1,other
EFTA01389495.pdf,data-set-10-files-9,1,other
EFTA01389496.pdf,data-set-10-files-9,1,other
EFTA01389497.pdf,data-set-10-files-9,1,other
EFTA01389498.pdf,data-set-10-files-9,1,other
EFTA01389499.pdf,data-set-10-files-9,1,other
EFTA01389500.pdf,data-set-10-files-9,1,other
EFTA01389501.pdf,data-set-10-files-9,1,other
EFTA01389502.pdf,data-set-10-files-9,1,other
EFTA01389503.pdf,data-set-10-files-9,1,other
EFTA01389504.pdf,data-set-10-files-9,1,other
EFTA01389505.pdf,data-set-10-files-9,1,other
EFTA01389506.pdf,data-set-10-files-9,1,other
EFTA01389507.pdf,data-set-10-files-9,1,other
EFTA01389508.pdf,data-set-10-files-9,1,other
EFTA01389509.pdf,data-set-10-files-9,1,other
EFTA01389510.pdf,data-set-10-files-9,1,other
EFTA01389511.pdf,data-set-10-files-9,1,other
EFTA01389512.pdf,data-set-10-files-9,1,other
EFTA01389513.pdf,data-set-10-files-9,1,other
EFTA01389514.pdf,data-set-10-files-9,1,other
EFTA01389515.pdf,data-set-10-files-9,1,other
EFTA01389516.pdf,data-set-10-files-9,1,other
EFTA01389517.pdf,data-set-10-files-9,1,other
EFTA01389518.pdf,data-set-10-files-9,1,other
EFTA01389519.pdf,data-set-10-files-9,1,other
EFTA01389520.pdf,data-set-10-files-9,1,other
EFTA01389521.pdf,data-set-10-files-9,1,other
EFTA01389522.pdf,data-set-10-files-9,1,other
EFTA01389523.pdf,data-set-10-files-9,1,other
EFTA01389524.pdf,data-set-10-files-9,1,other
EFTA01389525.pdf,data-set-10-files-9,1,other
EFTA01389526.pdf,data-set-10-files-9,1,other
EFTA01389527.pdf,data-set-10-files-9,1,other
EFTA01389528.pdf,data-set-10-files-9,1,other
EFTA01389529.pdf,data-set-10-files-9,1,other
EFTA01389530.pdf,data-set-10-files-9,1,other
EFTA01389531.pdf,data-set-10-files-9,1,other
EFTA01389532.pdf,data-set-10-files-9,1,other
EFTA01389533.pdf,data-set-10-files-9,1,other
EFTA01389534.pdf,data-set-10-files-9,1,other
EFTA01389535.pdf,data-set-10-files-9,1,other
EFTA01389536.pdf,data-set-10-files-9,1,other
EFTA01389537.pdf,data-set-10-files-9,1,other
EFTA01389538.pdf,data-set-10-files-9,1,other
EFTA01389539.pdf,data-set-10-files-9,1,other
EFTA01389540.pdf,data-set-10-files-9,1,other
EFTA01389541.pdf,data-set-10-files-9,1,other
EFTA01389542.pdf,data-set-10-files-9,1,other
EFTA01389543.pdf,data-set-10-files-9,1,other
EFTA01389544.pdf,data-set-10-files-9,1,other
EFTA01389545.pdf,data-set-10-files-9,1,other
EFTA01389546.pdf,data-set-10-files-9,1,other
EFTA01389547.pdf,data-set-10-files-9,1,other
EFTA01389548.pdf,data-set-10-files-9,1,other
EFTA01389549.pdf,data-set-10-files-9,1,other
EFTA01389550.pdf,data-set-10-files-9,1,other
EFTA01389551.pdf,data-set-10-files-9,1,other
EFTA01389552.pdf,data-set-10-files-9,1,other
EFTA01389553.pdf,data-set-10-files-9,1,other
EFTA01389554.pdf,data-set-10-files-9,1,other
EFTA01389555.pdf,data-set-10-files-9,1,other
EFTA01389556.pdf,data-set-10-files-9,1,other
EFTA01389557.pdf,data-set-10-files-9,1,other
EFTA01389558.pdf,data-set-10-files-9,1,other
EFTA01389559.pdf,data-set-10-files-9,1,other
EFTA01389560.pdf,data-set-10-files-9,1,other
EFTA01389561.pdf,data-set-10-files-9,1,other
EFTA01389562.pdf,data-set-10-files-9,1,other
EFTA01389563.pdf,data-set-10-files-9,1,other
EFTA01389564.pdf,data-set-10-files-9,1,other
EFTA01389565.pdf,data-set-10-files-9,1,other
EFTA01389566.pdf,data-set-10-files-9,1,other
EFTA01389567.pdf,data-set-10-files-9,1,other
EFTA01389568.pdf,data-set-10-files-9,1,other
EFTA01389569.pdf,data-set-10-files-9,1,other
EFTA01389570.pdf,data-set-10-files-9,1,other
EFTA01389571.pdf,data-set-10-files-9,1,other
EFTA01389572.pdf,data-set-10-files-9,1,other
EFTA01389573.pdf,data-set-10-files-9,1,other
EFTA01389574.pdf,data-set-10-files-9,1,other
EFTA01389575.pdf,data-set-10-files-9,1,other
EFTA01389576.pdf,data-set-10-files-9,1,other
EFTA01389577.pdf,data-set-10-files-9,1,other
EFTA01389578.pdf,data-set-10-files-9,1,other
EFTA01389579.pdf,data-set-10-files-9,1,other
EFTA01389580.pdf,data-set-10-files-9,1,other
EFTA01389581.pdf,data-set-10-files-9,1,other
EFTA01389582.pdf,data-set-10-files-9,1,other
EFTA01389583.pdf,data-set-10-files-9,1,other
EFTA01389584.pdf,data-set-10-files-9,1,other
EFTA01389585.pdf,data-set-10-files-9,1,other
EFTA01389586.pdf,data-set-10-files-9,1,other
EFTA01389587.pdf,data-set-10-files-9,1,other
EFTA01389588.pdf,data-set-10-files-9,1,other
EFTA01389589.pdf,data-set-10-files-9,1,other
EFTA01389590.pdf,data-set-10-files-9,1,other
EFTA01389591.pdf,data-set-10-files-9,1,other
EFTA01389592.pdf,data-set-10-files-9,1,other
EFTA01389593.pdf,data-set-10-files-9,1,other
EFTA01389594.pdf,data-set-10-files-9,1,other
EFTA01389595.pdf,data-set-10-files-9,1,other
EFTA01389596.pdf,data-set-10-files-9,1,other
EFTA01389597.pdf,data-set-10-files-9,1,other
EFTA01389598.pdf,data-set-10-files-9,1,other
EFTA01389599.pdf,data-set-10-files-9,1,other
EFTA01389600.pdf,data-set-10-files-9,1,other
EFTA01389601.pdf,data-set-10-files-9,1,other
EFTA01389602.pdf,data-set-10-files-9,1,other
EFTA01389603.pdf,data-set-10-files-9,1,other
EFTA01389604.pdf,data-set-10-files-9,1,other
EFTA01389605.pdf,data-set-10-files-9,1,other
EFTA01389606.pdf,data-set-10-files-9,1,other
EFTA01389607.pdf,data-set-10-files-9,1,other
EFTA01389608.pdf,data-set-10-files-9,1,other
EFTA01389609.pdf,data-set-10-files-9,1,other
EFTA01389610.pdf,data-set-10-files-9,1,other
EFTA01389611.pdf,data-set-10-files-9,1,other
EFTA01389612.pdf,data-set-10-files-9,1,other
EFTA01389613.pdf,data-set-10-files-9,1,other
EFTA01389614.pdf,data-set-10-files-9,1,other
EFTA01389615.pdf,data-set-10-files-9,1,other
EFTA01389616.pdf,data-set-10-files-9,1,other
EFTA01389617.pdf,data-set-10-files-9,1,other
EFTA01389618.pdf,data-set-10-files-9,1,email
EFTA01389619.pdf,data-set-10-files-9,1,other
EFTA01389620.pdf,data-set-10-files-9,1,other
EFTA01389621.pdf,data-set-10-files-9,1,other
EFTA01389622.pdf,data-set-10-files-9,1,other
EFTA01389623.pdf,data-set-10-files-9,1,other
EFTA01389624.pdf,data-set-10-files-9,1,other
EFTA01389625.pdf,data-set-10-files-9,1,other
EFTA01389626.pdf,data-set-10-files-9,1,other
EFTA01389627.pdf,data-set-10-files-9,1,other
EFTA01389628.pdf,data-set-10-files-9,1,other
EFTA01389629.pdf,data-set-10-files-9,1,other
EFTA01389630.pdf,data-set-10-files-9,1,other
EFTA01389631.pdf,data-set-10-files-9,1,other
EFTA01389632.pdf,data-set-10-files-9,1,other
EFTA01389633.pdf,data-set-10-files-9,1,other
EFTA01389634.pdf,data-set-10-files-9,1,other
EFTA01389635.pdf,data-set-10-files-9,1,other
EFTA01389636.pdf,data-set-10-files-9,1,other
EFTA01389637.pdf,data-set-10-files-9,1,other
EFTA01389638.pdf,data-set-10-files-9,1,other
EFTA01389639.pdf,data-set-10-files-9,1,other
EFTA01389640.pdf,data-set-10-files-9,1,other
EFTA01389641.pdf,data-set-10-files-9,1,other
EFTA01389642.pdf,data-set-10-files-9,1,other
EFTA01389643.pdf,data-set-10-files-9,1,other
EFTA01389644.pdf,data-set-10-files-9,1,other
EFTA01389645.pdf,data-set-10-files-9,1,other
EFTA01389646.pdf,data-set-10-files-9,1,other
EFTA01389647.pdf,data-set-10-files-9,1,other
EFTA01389648.pdf,data-set-10-files-9,1,other
EFTA01389649.pdf,data-set-10-files-9,1,other
EFTA01389650.pdf,data-set-10-files-9,1,other
EFTA01389651.pdf,data-set-10-files-9,1,other
EFTA01389652.pdf,data-set-10-files-9,1,other
EFTA01389653.pdf,data-set-10-files-9,1,other
EFTA01389654.pdf,data-set-10-files-9,1,other
EFTA01389655.pdf,data-set-10-files-9,1,other
EFTA01389656.pdf,data-set-10-files-9,1,other
EFTA01389657.pdf,data-set-10-files-9,1,other
EFTA01389658.pdf,data-set-10-files-9,1,other
EFTA01389659.pdf,data-set-10-files-9,1,other
EFTA01389660.pdf,data-set-10-files-9,1,other
EFTA01389661.pdf,data-set-10-files-9,1,other
EFTA01389662.pdf,data-set-10-files-9,1,other
EFTA01389663.pdf,data-set-10-files-9,1,other
EFTA01389664.pdf,data-set-10-files-9,1,other
EFTA01389665.pdf,data-set-10-files-9,1,other
EFTA01389666.pdf,data-set-10-files-9,1,other
EFTA01389667.pdf,data-set-10-files-9,1,other
EFTA01389668.pdf,data-set-10-files-9,1,other
EFTA01389669.pdf,data-set-10-files-9,1,other
EFTA01389670.pdf,data-set-10-files-9,1,other
EFTA01389671.pdf,data-set-10-files-9,1,other
EFTA01389672.pdf,data-set-10-files-9,1,other
EFTA01389673.pdf,data-set-10-files-9,1,other
EFTA01389674.pdf,data-set-10-files-9,1,other
EFTA01389675.pdf,data-set-10-files-9,1,other
EFTA01389676.pdf,data-set-10-files-9,1,email
EFTA01389677.pdf,data-set-10-files-9,1,other
EFTA01389678.pdf,data-set-10-files-9,1,other
EFTA01389679.pdf,data-set-10-files-9,1,other
EFTA01389680.pdf,data-set-10-files-9,1,other
EFTA01389681.pdf,data-set-10-files-9,1,other
EFTA01389682.pdf,data-set-10-files-9,1,other
EFTA01389683.pdf,data-set-10-files-9,1,other
EFTA01389684.pdf,data-set-10-files-9,1,other
EFTA01389685.pdf,data-set-10-files-9,1,other
EFTA01389686.pdf,data-set-10-files-9,1,other
EFTA01389687.pdf,data-set-10-files-9,1,other
EFTA01389688.pdf,data-set-10-files-9,1,other
EFTA01389689.pdf,data-set-10-files-9,1,other
EFTA01389690.pdf,data-set-10-files-9,1,other
EFTA01389691.pdf,data-set-10-files-9,1,other
EFTA01389692.pdf,data-set-10-files-9,1,other
EFTA01389693.pdf,data-set-10-files-9,1,other
EFTA01389694.pdf,data-set-10-files-9,1,other
EFTA01389695.pdf,data-set-10-files-9,1,other
EFTA01389696.pdf,data-set-10-files-9,1,other
EFTA01389697.pdf,data-set-10-files-9,1,other
EFTA01389698.pdf,data-set-10-files-9,1,other
EFTA01389699.pdf,data-set-10-files-9,1,other
EFTA01389700.pdf,data-set-10-files-9,1,other
EFTA01389701.pdf,data-set-10-files-9,1,other
EFTA01389702.pdf,data-set-10-files-9,1,other
EFTA01389703.pdf,data-set-10-files-9,1,other
EFTA01389704.pdf,data-set-10-files-9,1,other
EFTA01389705.pdf,data-set-10-files-9,1,other
EFTA01389706.pdf,data-set-10-files-9,1,other
EFTA01389707.pdf,data-set-10-files-9,1,other
EFTA01389708.pdf,data-set-10-files-9,1,other
EFTA01389709.pdf,data-set-10-files-9,1,other
EFTA01389710.pdf,data-set-10-files-9,1,other
EFTA01389711.pdf,data-set-10-files-9,1,other
EFTA01389712.pdf,data-set-10-files-9,1,other
EFTA01389713.pdf,data-set-10-files-9,1,other
EFTA01389714.pdf,data-set-10-files-9,1,other
EFTA01389715.pdf,data-set-10-files-9,1,other
EFTA01389716.pdf,data-set-10-files-9,1,other
EFTA01389717.pdf,data-set-10-files-9,1,other
EFTA01389718.pdf,data-set-10-files-9,1,email
EFTA01389719.pdf,data-set-10-files-9,1,other
EFTA01389720.pdf,data-set-10-files-9,1,other
EFTA01389721.pdf,data-set-10-files-9,1,other
EFTA01389722.pdf,data-set-10-files-9,1,other
EFTA01389723.pdf,data-set-10-files-9,1,other
EFTA01389724.pdf,data-set-10-files-9,1,other
EFTA01389725.pdf,data-set-10-files-9,1,other
EFTA01389726.pdf,data-set-10-files-9,1,other
EFTA01389727.pdf,data-set-10-files-9,1,other
EFTA01389728.pdf,data-set-10-files-9,1,other
EFTA01389729.pdf,data-set-10-files-9,1,other
EFTA01389730.pdf,data-set-10-files-9,1,other
EFTA01389731.pdf,data-set-10-files-9,1,other
EFTA01389732.pdf,data-set-10-files-9,1,other
EFTA01389733.pdf,data-set-10-files-9,1,other
EFTA01389734.pdf,data-set-10-files-9,1,other
EFTA01389735.pdf,data-set-10-files-9,1,other
EFTA01389736.pdf,data-set-10-files-9,1,other
EFTA01389737.pdf,data-set-10-files-9,1,other
EFTA01389738.pdf,data-set-10-files-9,1,other
EFTA01389739.pdf,data-set-10-files-9,1,other
EFTA01389740.pdf,data-set-10-files-9,1,other
EFTA01389741.pdf,data-set-10-files-9,1,other
EFTA01389742.pdf,data-set-10-files-9,1,other
EFTA01389743.pdf,data-set-10-files-9,1,other
EFTA01389744.pdf,data-set-10-files-9,1,other
EFTA01389745.pdf,data-set-10-files-9,1,other
EFTA01389746.pdf,data-set-10-files-9,1,other
EFTA01389747.pdf,data-set-10-files-9,1,other
EFTA01389748.pdf,data-set-10-files-9,1,other
EFTA01389749.pdf,data-set-10-files-9,1,other
EFTA01389750.pdf,data-set-10-files-9,1,other
EFTA01389751.pdf,data-set-10-files-9,1,other
EFTA01389752.pdf,data-set-10-files-9,1,other
EFTA01389753.pdf,data-set-10-files-9,1,other
EFTA01389754.pdf,data-set-10-files-9,1,other
EFTA01389755.pdf,data-set-10-files-9,1,other
EFTA01389756.pdf,data-set-10-files-9,1,other
EFTA01389757.pdf,data-set-10-files-9,1,other
EFTA01389758.pdf,data-set-10-files-9,1,other
EFTA01389759.pdf,data-set-10-files-9,1,other
EFTA01389760.pdf,data-set-10-files-9,1,other
EFTA01389761.pdf,data-set-10-files-9,1,other
EFTA01389762.pdf,data-set-10-files-9,1,other
EFTA01389763.pdf,data-set-10-files-9,1,other
EFTA01389764.pdf,data-set-10-files-9,1,other
EFTA01389765.pdf,data-set-10-files-9,1,other
EFTA01389766.pdf,data-set-10-files-9,1,other
EFTA01389767.pdf,data-set-10-files-9,1,other
EFTA01389768.pdf,data-set-10-files-9,1,other
EFTA01389769.pdf,data-set-10-files-9,1,other
EFTA01389770.pdf,data-set-10-files-9,1,other
EFTA01389771.pdf,data-set-10-files-9,1,other
EFTA01389772.pdf,data-set-10-files-9,1,other
EFTA01389773.pdf,data-set-10-files-9,1,other
EFTA01389774.pdf,data-set-10-files-9,1,other
EFTA01389775.pdf,data-set-10-files-9,1,other
EFTA01389776.pdf,data-set-10-files-9,1,other
EFTA01389777.pdf,data-set-10-files-9,1,other
EFTA01389778.pdf,data-set-10-files-9,1,other
EFTA01389779.pdf,data-set-10-files-9,1,other
EFTA01389780.pdf,data-set-10-files-9,1,other
EFTA01389781.pdf,data-set-10-files-9,1,other
EFTA01389782.pdf,data-set-10-files-9,1,other
EFTA01389783.pdf,data-set-10-files-9,1,other
EFTA01389784.pdf,data-set-10-files-9,1,other
EFTA01389785.pdf,data-set-10-files-9,1,other
EFTA01389786.pdf,data-set-10-files-9,1,other
EFTA01389787.pdf,data-set-10-files-9,1,other
EFTA01389788.pdf,data-set-10-files-9,1,other
EFTA01389789.pdf,data-set-10-files-9,1,other
EFTA01389790.pdf,data-set-10-files-9,1,other
EFTA01389791.pdf,data-set-10-files-9,1,other
EFTA01389792.pdf,data-set-10-files-9,1,other
EFTA01389793.pdf,data-set-10-files-9,1,other
EFTA01389794.pdf,data-set-10-files-9,1,other
EFTA01389795.pdf,data-set-10-files-9,1,other
EFTA01389796.pdf,data-set-10-files-9,1,other
EFTA01389797.pdf,data-set-10-files-9,1,other
EFTA01389798.pdf,data-set-10-files-9,1,other
EFTA01389799.pdf,data-set-10-files-9,1,other
EFTA01389800.pdf,data-set-10-files-9,1,other
EFTA01389801.pdf,data-set-10-files-9,1,other
EFTA01389802.pdf,data-set-10-files-9,1,other
EFTA01389803.pdf,data-set-10-files-9,1,other
EFTA01389804.pdf,data-set-10-files-9,1,other
EFTA01389805.pdf,data-set-10-files-9,1,other
EFTA01389806.pdf,data-set-10-files-9,1,other
EFTA01389807.pdf,data-set-10-files-9,1,other
EFTA01389808.pdf,data-set-10-files-9,1,other
EFTA01389809.pdf,data-set-10-files-9,1,other
EFTA01389810.pdf,data-set-10-files-9,1,other
EFTA01389811.pdf,data-set-10-files-9,1,other
EFTA01389812.pdf,data-set-10-files-9,1,other
EFTA01389813.pdf,data-set-10-files-9,1,other
EFTA01389814.pdf,data-set-10-files-9,1,other
EFTA01389815.pdf,data-set-10-files-9,1,other
EFTA01389816.pdf,data-set-10-files-9,1,other
EFTA01389817.pdf,data-set-10-files-9,1,other
EFTA01389818.pdf,data-set-10-files-9,1,other
EFTA01389819.pdf,data-set-10-files-9,1,other
EFTA01389820.pdf,data-set-10-files-9,1,other
EFTA01389821.pdf,data-set-10-files-9,1,other
EFTA01389822.pdf,data-set-10-files-9,1,other
EFTA01389823.pdf,data-set-10-files-9,1,other
EFTA01389824.pdf,data-set-10-files-9,1,other
EFTA01389825.pdf,data-set-10-files-9,1,other
EFTA01389826.pdf,data-set-10-files-9,1,other
EFTA01389827.pdf,data-set-10-files-9,1,other
EFTA01389828.pdf,data-set-10-files-9,1,other
EFTA01389829.pdf,data-set-10-files-9,1,other
EFTA01389830.pdf,data-set-10-files-9,1,other
EFTA01389831.pdf,data-set-10-files-9,1,other
EFTA01389832.pdf,data-set-10-files-9,1,other
EFTA01389833.pdf,data-set-10-files-9,1,other
EFTA01389834.pdf,data-set-10-files-9,1,other
EFTA01389835.pdf,data-set-10-files-9,1,other
EFTA01389836.pdf,data-set-10-files-9,1,other
EFTA01389837.pdf,data-set-10-files-9,1,other
EFTA01389838.pdf,data-set-10-files-9,1,other
EFTA01389839.pdf,data-set-10-files-9,1,other
EFTA01389840.pdf,data-set-10-files-9,1,other
EFTA01389841.pdf,data-set-10-files-9,1,other
EFTA01389842.pdf,data-set-10-files-9,1,other
EFTA01389843.pdf,data-set-10-files-9,1,other
EFTA01389844.pdf,data-set-10-files-9,1,other
EFTA01389845.pdf,data-set-10-files-9,1,other
EFTA01389846.pdf,data-set-10-files-9,1,other
EFTA01389847.pdf,data-set-10-files-9,1,other
EFTA01389848.pdf,data-set-10-files-9,1,other
EFTA01389849.pdf,data-set-10-files-9,1,other
EFTA01389850.pdf,data-set-10-files-9,1,other
EFTA01389851.pdf,data-set-10-files-9,1,other
EFTA01389852.pdf,data-set-10-files-9,1,other
EFTA01389853.pdf,data-set-10-files-9,1,other
EFTA01389854.pdf,data-set-10-files-9,1,other
EFTA01389855.pdf,data-set-10-files-9,1,other
EFTA01389856.pdf,data-set-10-files-9,1,other
EFTA01389857.pdf,data-set-10-files-9,1,other
EFTA01389858.pdf,data-set-10-files-9,1,other
EFTA01389859.pdf,data-set-10-files-9,1,other
EFTA01389860.pdf,data-set-10-files-9,1,other
EFTA01389861.pdf,data-set-10-files-9,1,other
EFTA01389862.pdf,data-set-10-files-9,1,other
EFTA01389863.pdf,data-set-10-files-9,1,other
EFTA01389864.pdf,data-set-10-files-9,1,other
EFTA01389865.pdf,data-set-10-files-9,1,other
EFTA01389866.pdf,data-set-10-files-9,1,other
EFTA01389867.pdf,data-set-10-files-9,1,other
EFTA01389868.pdf,data-set-10-files-9,1,other
EFTA01389869.pdf,data-set-10-files-9,1,other
EFTA01389870.pdf,data-set-10-files-9,1,other
EFTA01389871.pdf,data-set-10-files-9,1,other
EFTA01389872.pdf,data-set-10-files-9,1,other
EFTA01389873.pdf,data-set-10-files-9,1,other
EFTA01389874.pdf,data-set-10-files-9,1,other
EFTA01389875.pdf,data-set-10-files-9,1,email
EFTA01389876.pdf,data-set-10-files-9,1,other
EFTA01389877.pdf,data-set-10-files-9,1,other
EFTA01389878.pdf,data-set-10-files-9,1,other
EFTA01389879.pdf,data-set-10-files-9,1,other
EFTA01389880.pdf,data-set-10-files-9,1,other
EFTA01389881.pdf,data-set-10-files-9,1,other
EFTA01389882.pdf,data-set-10-files-9,1,other
EFTA01389883.pdf,data-set-10-files-9,1,other
EFTA01389884.pdf,data-set-10-files-9,1,other
EFTA01389885.pdf,data-set-10-files-9,1,other
EFTA01389886.pdf,data-set-10-files-9,1,other
EFTA01389887.pdf,data-set-10-files-9,1,other
EFTA01389888.pdf,data-set-10-files-9,1,other
EFTA01389889.pdf,data-set-10-files-9,1,other
EFTA01389890.pdf,data-set-10-files-9,1,other
EFTA01389891.pdf,data-set-10-files-9,1,other
EFTA01389892.pdf,data-set-10-files-9,1,other
EFTA01389893.pdf,data-set-10-files-9,1,other
EFTA01389894.pdf,data-set-10-files-9,1,other
EFTA01389895.pdf,data-set-10-files-9,1,other
EFTA01389896.pdf,data-set-10-files-9,1,other
EFTA01389897.pdf,data-set-10-files-9,1,other
EFTA01389898.pdf,data-set-10-files-9,1,other
EFTA01389899.pdf,data-set-10-files-9,1,other
EFTA01389900.pdf,data-set-10-files-9,1,other
EFTA01389901.pdf,data-set-10-files-9,1,other
EFTA01389902.pdf,data-set-10-files-9,1,other
EFTA01389903.pdf,data-set-10-files-9,1,other
EFTA01389904.pdf,data-set-10-files-9,1,other
EFTA01389905.pdf,data-set-10-files-9,1,other
EFTA01389906.pdf,data-set-10-files-9,1,other
EFTA01389907.pdf,data-set-10-files-9,1,other
EFTA01389908.pdf,data-set-10-files-9,1,other
EFTA01389909.pdf,data-set-10-files-9,1,other
EFTA01389910.pdf,data-set-10-files-9,1,other
EFTA01389911.pdf,data-set-10-files-9,1,other
EFTA01389912.pdf,data-set-10-files-9,1,other
EFTA01389913.pdf,data-set-10-files-9,1,other
EFTA01389914.pdf,data-set-10-files-9,1,other
EFTA01389915.pdf,data-set-10-files-9,1,other
EFTA01389916.pdf,data-set-10-files-9,1,other
EFTA01389917.pdf,data-set-10-files-9,1,other
EFTA01389918.pdf,data-set-10-files-9,1,other
EFTA01389919.pdf,data-set-10-files-9,1,other
EFTA01389920.pdf,data-set-10-files-9,1,other
EFTA01389921.pdf,data-set-10-files-9,1,other
EFTA01389922.pdf,data-set-10-files-9,1,other
EFTA01389923.pdf,data-set-10-files-9,1,other
EFTA01389924.pdf,data-set-10-files-9,1,other
EFTA01389925.pdf,data-set-10-files-9,1,other
EFTA01389926.pdf,data-set-10-files-9,1,other
EFTA01389927.pdf,data-set-10-files-9,1,other
EFTA01389928.pdf,data-set-10-files-9,1,other
EFTA01389929.pdf,data-set-10-files-9,1,other
EFTA01389930.pdf,data-set-10-files-9,1,other
EFTA01389931.pdf,data-set-10-files-9,1,other
EFTA01389932.pdf,data-set-10-files-9,1,other
EFTA01389933.pdf,data-set-10-files-9,1,other
EFTA01389934.pdf,data-set-10-files-9,1,other
EFTA01389935.pdf,data-set-10-files-9,1,other
EFTA01389936.pdf,data-set-10-files-9,1,other
EFTA01389937.pdf,data-set-10-files-9,1,other
EFTA01389938.pdf,data-set-10-files-9,1,other
EFTA01389939.pdf,data-set-10-files-9,1,other
EFTA01389940.pdf,data-set-10-files-9,1,other
EFTA01389941.pdf,data-set-10-files-9,1,other
EFTA01389942.pdf,data-set-10-files-9,1,other
EFTA01389943.pdf,data-set-10-files-9,1,other
EFTA01389944.pdf,data-set-10-files-9,1,other
EFTA01389945.pdf,data-set-10-files-9,1,other
EFTA01389946.pdf,data-set-10-files-9,1,other
EFTA01389947.pdf,data-set-10-files-9,1,other
EFTA01389948.pdf,data-set-10-files-9,1,other
EFTA01389949.pdf,data-set-10-files-9,1,other
EFTA01389950.pdf,data-set-10-files-9,1,other
EFTA01389951.pdf,data-set-10-files-9,1,other
EFTA01389952.pdf,data-set-10-files-9,1,other
EFTA01389953.pdf,data-set-10-files-9,1,other
EFTA01389954.pdf,data-set-10-files-9,1,other
EFTA01389955.pdf,data-set-10-files-9,1,other
EFTA01389956.pdf,data-set-10-files-9,1,other
EFTA01389957.pdf,data-set-10-files-9,1,other
EFTA01389958.pdf,data-set-10-files-9,1,other
EFTA01389959.pdf,data-set-10-files-9,1,other
EFTA01389960.pdf,data-set-10-files-9,1,other
EFTA01389961.pdf,data-set-10-files-9,1,other
EFTA01389962.pdf,data-set-10-files-9,1,other
EFTA01389963.pdf,data-set-10-files-9,1,other
EFTA01389964.pdf,data-set-10-files-9,1,other
EFTA01389965.pdf,data-set-10-files-9,1,other
EFTA01389966.pdf,data-set-10-files-9,1,other
EFTA01389967.pdf,data-set-10-files-9,1,other
EFTA01389968.pdf,data-set-10-files-9,1,other
EFTA01389969.pdf,data-set-10-files-9,1,other
EFTA01389970.pdf,data-set-10-files-9,1,other
EFTA01389971.pdf,data-set-10-files-9,1,other
EFTA01389972.pdf,data-set-10-files-9,1,other
EFTA01389973.pdf,data-set-10-files-9,1,other
EFTA01389974.pdf,data-set-10-files-9,1,other
EFTA01389975.pdf,data-set-10-files-9,1,other
EFTA01389976.pdf,data-set-10-files-9,1,other
EFTA01389977.pdf,data-set-10-files-9,1,other
EFTA01389978.pdf,data-set-10-files-9,1,other
EFTA01389979.pdf,data-set-10-files-9,1,other
EFTA01389980.pdf,data-set-10-files-9,1,other
EFTA01389981.pdf,data-set-10-files-9,1,other
EFTA01389982.pdf,data-set-10-files-9,1,other
EFTA01389983.pdf,data-set-10-files-9,1,other
EFTA01389984.pdf,data-set-10-files-9,1,other
EFTA01389985.pdf,data-set-10-files-9,1,other
EFTA01389986.pdf,data-set-10-files-9,1,other
EFTA01389987.pdf,data-set-10-files-9,1,other
EFTA01389988.pdf,data-set-10-files-9,1,other
EFTA01389989.pdf,data-set-10-files-9,1,other
EFTA01389990.pdf,data-set-10-files-9,1,other
EFTA01389991.pdf,data-set-10-files-9,1,other
EFTA01389992.pdf,data-set-10-files-9,1,other
EFTA01389993.pdf,data-set-10-files-9,1,other
EFTA01389994.pdf,data-set-10-files-9,1,other
EFTA01389995.pdf,data-set-10-files-9,1,other
EFTA01389996.pdf,data-set-10-files-9,1,other
EFTA01389997.pdf,data-set-10-files-9,1,other
EFTA01389998.pdf,data-set-10-files-9,1,other
EFTA01389999.pdf,data-set-10-files-9,1,other
EFTA01390000.pdf,data-set-10-files-9,1,other
EFTA01390001.pdf,data-set-10-files-9,1,other
EFTA01390002.pdf,data-set-10-files-9,1,other
EFTA01390003.pdf,data-set-10-files-9,1,other
EFTA01390004.pdf,data-set-10-files-9,1,other
EFTA01390005.pdf,data-set-10-files-9,1,other
EFTA01390006.pdf,data-set-10-files-9,1,other
EFTA01390007.pdf,data-set-10-files-9,1,other
EFTA01390008.pdf,data-set-10-files-9,1,other
EFTA01390009.pdf,data-set-10-files-9,1,other
EFTA01390010.pdf,data-set-10-files-9,1,other
EFTA01390011.pdf,data-set-10-files-9,1,other
EFTA01390012.pdf,data-set-10-files-9,1,other
EFTA01390013.pdf,data-set-10-files-9,1,other
EFTA01390014.pdf,data-set-10-files-9,1,other
EFTA01390015.pdf,data-set-10-files-9,1,other
EFTA01390016.pdf,data-set-10-files-9,1,other
EFTA01390017.pdf,data-set-10-files-9,1,other
EFTA01390018.pdf,data-set-10-files-9,1,other
EFTA01390019.pdf,data-set-10-files-9,1,other
EFTA01390020.pdf,data-set-10-files-9,1,other
EFTA01390021.pdf,data-set-10-files-9,1,other
EFTA01390022.pdf,data-set-10-files-9,1,other
EFTA01390023.pdf,data-set-10-files-9,1,other
EFTA01390024.pdf,data-set-10-files-9,1,other
EFTA01390025.pdf,data-set-10-files-9,1,other
EFTA01390026.pdf,data-set-10-files-9,1,other
EFTA01390027.pdf,data-set-10-files-9,1,other
EFTA01390028.pdf,data-set-10-files-9,1,other
EFTA01390029.pdf,data-set-10-files-9,1,other
EFTA01390030.pdf,data-set-10-files-9,1,other
EFTA01390031.pdf,data-set-10-files-9,1,other
EFTA01390032.pdf,data-set-10-files-9,1,other
EFTA01390033.pdf,data-set-10-files-9,1,other
EFTA01390034.pdf,data-set-10-files-9,1,other
EFTA01390035.pdf,data-set-10-files-9,1,other
EFTA01390036.pdf,data-set-10-files-9,1,other
EFTA01390037.pdf,data-set-10-files-9,1,other
EFTA01390038.pdf,data-set-10-files-9,1,other
EFTA01390039.pdf,data-set-10-files-9,1,other
EFTA01390040.pdf,data-set-10-files-9,1,other
EFTA01390041.pdf,data-set-10-files-9,1,other
EFTA01390042.pdf,data-set-10-files-9,1,other
EFTA01390043.pdf,data-set-10-files-9,1,other
EFTA01390044.pdf,data-set-10-files-9,1,other
EFTA01390045.pdf,data-set-10-files-9,1,email
EFTA01390046.pdf,data-set-10-files-9,1,other
EFTA01390047.pdf,data-set-10-files-9,1,other
EFTA01390048.pdf,data-set-10-files-9,1,other
EFTA01390049.pdf,data-set-10-files-9,1,other
EFTA01390050.pdf,data-set-10-files-9,1,other
EFTA01390051.pdf,data-set-10-files-9,1,other
EFTA01390052.pdf,data-set-10-files-9,1,other
EFTA01390053.pdf,data-set-10-files-9,1,other
EFTA01390054.pdf,data-set-10-files-9,1,other
EFTA01390055.pdf,data-set-10-files-9,1,other
EFTA01390056.pdf,data-set-10-files-9,1,other
EFTA01390057.pdf,data-set-10-files-9,1,other
EFTA01390058.pdf,data-set-10-files-9,1,other
EFTA01390059.pdf,data-set-10-files-9,1,other
EFTA01390060.pdf,data-set-10-files-9,1,other
EFTA01390061.pdf,data-set-10-files-9,1,other
EFTA01390062.pdf,data-set-10-files-9,1,other
EFTA01390063.pdf,data-set-10-files-9,1,other
EFTA01390064.pdf,data-set-10-files-9,1,other
EFTA01390065.pdf,data-set-10-files-9,1,other
EFTA01390066.pdf,data-set-10-files-9,1,other
EFTA01390067.pdf,data-set-10-files-9,1,other
EFTA01390068.pdf,data-set-10-files-9,1,other
EFTA01390069.pdf,data-set-10-files-9,1,other
EFTA01390070.pdf,data-set-10-files-9,1,other
EFTA01390071.pdf,data-set-10-files-9,1,other
EFTA01390072.pdf,data-set-10-files-9,1,other
EFTA01390073.pdf,data-set-10-files-9,1,other
EFTA01390074.pdf,data-set-10-files-9,1,other
EFTA01390075.pdf,data-set-10-files-9,1,other
EFTA01390076.pdf,data-set-10-files-9,1,other
EFTA01390077.pdf,data-set-10-files-9,1,other
EFTA01390078.pdf,data-set-10-files-9,1,other
EFTA01390079.pdf,data-set-10-files-9,1,other
EFTA01390080.pdf,data-set-10-files-9,1,other
EFTA01390081.pdf,data-set-10-files-9,1,other
EFTA01390082.pdf,data-set-10-files-9,1,other
EFTA01390083.pdf,data-set-10-files-9,1,other
EFTA01390084.pdf,data-set-10-files-9,1,other
EFTA01390085.pdf,data-set-10-files-9,1,other
EFTA01390086.pdf,data-set-10-files-9,1,other
EFTA01390087.pdf,data-set-10-files-9,1,other
EFTA01390088.pdf,data-set-10-files-9,1,other
EFTA01390089.pdf,data-set-10-files-9,1,other
EFTA01390090.pdf,data-set-10-files-9,1,other
EFTA01390091.pdf,data-set-10-files-9,1,other
EFTA01390092.pdf,data-set-10-files-9,1,other
EFTA01390093.pdf,data-set-10-files-9,1,other
EFTA01390094.pdf,data-set-10-files-9,1,other
EFTA01390095.pdf,data-set-10-files-9,1,other
EFTA01390096.pdf,data-set-10-files-9,1,other
EFTA01390097.pdf,data-set-10-files-9,1,other
EFTA01390098.pdf,data-set-10-files-9,1,other
EFTA01390099.pdf,data-set-10-files-9,1,other
EFTA01390100.pdf,data-set-10-files-9,1,other
EFTA01390101.pdf,data-set-10-files-9,1,other
EFTA01390102.pdf,data-set-10-files-9,1,other
EFTA01390103.pdf,data-set-10-files-9,1,other
EFTA01390104.pdf,data-set-10-files-9,1,other
EFTA01390105.pdf,data-set-10-files-9,1,other
EFTA01390106.pdf,data-set-10-files-9,1,other
EFTA01390107.pdf,data-set-10-files-9,1,other
EFTA01390108.pdf,data-set-10-files-9,1,other
EFTA01390109.pdf,data-set-10-files-9,1,other
EFTA01390110.pdf,data-set-10-files-9,1,other
EFTA01390111.pdf,data-set-10-files-9,1,other
EFTA01390112.pdf,data-set-10-files-9,1,other
EFTA01390113.pdf,data-set-10-files-9,1,other
EFTA01390114.pdf,data-set-10-files-9,1,other
EFTA01390115.pdf,data-set-10-files-9,1,other
EFTA01390116.pdf,data-set-10-files-9,1,other
EFTA01390117.pdf,data-set-10-files-9,1,other
EFTA01390118.pdf,data-set-10-files-9,1,other
EFTA01390119.pdf,data-set-10-files-9,1,other
EFTA01390120.pdf,data-set-10-files-9,1,other
EFTA01390121.pdf,data-set-10-files-9,1,other
EFTA01390122.pdf,data-set-10-files-9,1,other
EFTA01390123.pdf,data-set-10-files-9,1,other
EFTA01390124.pdf,data-set-10-files-9,1,other
EFTA01390125.pdf,data-set-10-files-9,1,other
EFTA01390126.pdf,data-set-10-files-9,1,other
EFTA01390127.pdf,data-set-10-files-9,1,other
EFTA01390128.pdf,data-set-10-files-9,1,other
EFTA01390129.pdf,data-set-10-files-9,1,email
EFTA01390130.pdf,data-set-10-files-9,1,other
EFTA01390131.pdf,data-set-10-files-9,1,other
EFTA01390132.pdf,data-set-10-files-9,1,other
EFTA01390133.pdf,data-set-10-files-9,1,other
EFTA01390134.pdf,data-set-10-files-9,1,other
EFTA01390135.pdf,data-set-10-files-9,1,other
EFTA01390136.pdf,data-set-10-files-9,1,other
EFTA01390137.pdf,data-set-10-files-9,1,other
EFTA01390138.pdf,data-set-10-files-9,1,other
EFTA01390139.pdf,data-set-10-files-9,1,other
EFTA01390140.pdf,data-set-10-files-9,1,other
EFTA01390141.pdf,data-set-10-files-9,1,other
EFTA01390142.pdf,data-set-10-files-9,1,other
EFTA01390143.pdf,data-set-10-files-9,1,other
EFTA01390144.pdf,data-set-10-files-9,1,other
EFTA01390145.pdf,data-set-10-files-9,1,other
EFTA01390146.pdf,data-set-10-files-9,1,other
EFTA01390147.pdf,data-set-10-files-9,1,other
EFTA01390148.pdf,data-set-10-files-9,1,other
EFTA01390149.pdf,data-set-10-files-9,1,other
EFTA01390150.pdf,data-set-10-files-9,1,other
EFTA01390151.pdf,data-set-10-files-9,1,other
EFTA01390152.pdf,data-set-10-files-9,1,other
EFTA01390153.pdf,data-set-10-files-9,1,other
EFTA01390154.pdf,data-set-10-files-9,1,other
EFTA01390155.pdf,data-set-10-files-9,1,other
EFTA01390156.pdf,data-set-10-files-9,1,other
EFTA01390157.pdf,data-set-10-files-9,1,other
EFTA01390158.pdf,data-set-10-files-9,1,other
EFTA01390159.pdf,data-set-10-files-9,1,other
EFTA01390160.pdf,data-set-10-files-9,1,other
EFTA01390161.pdf,data-set-10-files-9,1,other
EFTA01390162.pdf,data-set-10-files-9,1,other
EFTA01390163.pdf,data-set-10-files-9,1,other
EFTA01390164.pdf,data-set-10-files-9,1,other
EFTA01390165.pdf,data-set-10-files-9,1,other
EFTA01390166.pdf,data-set-10-files-9,1,other
EFTA01390167.pdf,data-set-10-files-9,1,other
EFTA01390168.pdf,data-set-10-files-9,1,other
EFTA01390169.pdf,data-set-10-files-9,1,other
EFTA01390170.pdf,data-set-10-files-9,1,other
EFTA01390171.pdf,data-set-10-files-9,1,other
EFTA01390172.pdf,data-set-10-files-9,1,other
EFTA01390173.pdf,data-set-10-files-9,1,other
EFTA01390174.pdf,data-set-10-files-9,1,other
EFTA01390175.pdf,data-set-10-files-9,1,other
EFTA01390176.pdf,data-set-10-files-9,1,other
EFTA01390177.pdf,data-set-10-files-9,1,other
EFTA01390178.pdf,data-set-10-files-9,1,other
EFTA01390179.pdf,data-set-10-files-9,1,other
EFTA01390180.pdf,data-set-10-files-9,1,other
EFTA01390181.pdf,data-set-10-files-9,1,other
EFTA01390182.pdf,data-set-10-files-9,1,other
EFTA01390183.pdf,data-set-10-files-9,1,other
EFTA01390184.pdf,data-set-10-files-9,1,other
EFTA01390185.pdf,data-set-10-files-9,1,other
EFTA01390186.pdf,data-set-10-files-9,1,other
EFTA01390187.pdf,data-set-10-files-9,1,other
EFTA01390188.pdf,data-set-10-files-9,1,other
EFTA01390189.pdf,data-set-10-files-9,1,other
EFTA01390190.pdf,data-set-10-files-9,1,other
EFTA01390191.pdf,data-set-10-files-9,1,other
EFTA01390192.pdf,data-set-10-files-9,1,other
EFTA01390193.pdf,data-set-10-files-9,1,other
EFTA01390194.pdf,data-set-10-files-9,1,other
EFTA01390195.pdf,data-set-10-files-9,1,other
EFTA01390196.pdf,data-set-10-files-9,1,other
EFTA01390197.pdf,data-set-10-files-9,1,other
EFTA01390198.pdf,data-set-10-files-9,1,other
EFTA01390199.pdf,data-set-10-files-9,1,other
EFTA01390200.pdf,data-set-10-files-9,1,other
EFTA01390201.pdf,data-set-10-files-9,1,other
EFTA01390202.pdf,data-set-10-files-9,1,other
EFTA01390203.pdf,data-set-10-files-9,1,other
EFTA01390204.pdf,data-set-10-files-9,1,other
EFTA01390205.pdf,data-set-10-files-9,1,other
EFTA01390206.pdf,data-set-10-files-9,1,other
EFTA01390207.pdf,data-set-10-files-9,1,other
EFTA01390208.pdf,data-set-10-files-9,1,other
EFTA01390209.pdf,data-set-10-files-9,1,other
EFTA01390210.pdf,data-set-10-files-9,1,other
EFTA01390211.pdf,data-set-10-files-9,1,other
EFTA01390212.pdf,data-set-10-files-9,1,other
EFTA01390213.pdf,data-set-10-files-9,1,other
EFTA01390214.pdf,data-set-10-files-9,1,other
EFTA01390215.pdf,data-set-10-files-9,1,other
EFTA01390216.pdf,data-set-10-files-9,1,other
EFTA01390217.pdf,data-set-10-files-9,1,other
EFTA01390218.pdf,data-set-10-files-9,1,other
EFTA01390219.pdf,data-set-10-files-9,1,other
EFTA01390220.pdf,data-set-10-files-9,1,other
EFTA01390221.pdf,data-set-10-files-9,1,other
EFTA01390222.pdf,data-set-10-files-9,1,other
EFTA01390223.pdf,data-set-10-files-9,1,other
EFTA01390224.pdf,data-set-10-files-9,1,other
EFTA01390225.pdf,data-set-10-files-9,1,other
EFTA01390226.pdf,data-set-10-files-9,1,other
EFTA01390227.pdf,data-set-10-files-9,1,other
EFTA01390228.pdf,data-set-10-files-9,1,other
EFTA01390229.pdf,data-set-10-files-9,1,other
EFTA01390230.pdf,data-set-10-files-9,1,other
EFTA01390231.pdf,data-set-10-files-9,1,other
EFTA01390232.pdf,data-set-10-files-9,1,other
EFTA01390233.pdf,data-set-10-files-9,1,other
EFTA01390234.pdf,data-set-10-files-9,1,other
EFTA01390235.pdf,data-set-10-files-9,1,other
EFTA01390236.pdf,data-set-10-files-9,1,other
EFTA01390237.pdf,data-set-10-files-9,1,other
EFTA01390238.pdf,data-set-10-files-9,1,other
EFTA01390239.pdf,data-set-10-files-9,1,other
EFTA01390240.pdf,data-set-10-files-9,1,other
EFTA01390241.pdf,data-set-10-files-9,1,other
EFTA01390242.pdf,data-set-10-files-9,1,other
EFTA01390243.pdf,data-set-10-files-9,1,other
EFTA01390244.pdf,data-set-10-files-9,1,other
EFTA01390245.pdf,data-set-10-files-9,1,other
EFTA01390246.pdf,data-set-10-files-9,1,other
EFTA01390247.pdf,data-set-10-files-9,1,other
EFTA01390248.pdf,data-set-10-files-9,1,other
EFTA01390249.pdf,data-set-10-files-9,1,other
EFTA01390250.pdf,data-set-10-files-9,1,other
EFTA01390251.pdf,data-set-10-files-9,1,other
EFTA01390252.pdf,data-set-10-files-9,1,other
EFTA01390253.pdf,data-set-10-files-9,1,other
EFTA01390254.pdf,data-set-10-files-9,1,other
EFTA01390255.pdf,data-set-10-files-9,1,other
EFTA01390256.pdf,data-set-10-files-9,1,other
EFTA01390257.pdf,data-set-10-files-9,1,other
EFTA01390258.pdf,data-set-10-files-9,1,other
EFTA01390259.pdf,data-set-10-files-9,1,other
EFTA01390260.pdf,data-set-10-files-9,1,other
EFTA01390261.pdf,data-set-10-files-9,1,other
EFTA01390262.pdf,data-set-10-files-9,1,other
EFTA01390263.pdf,data-set-10-files-9,1,other
EFTA01390264.pdf,data-set-10-files-9,1,other
EFTA01390265.pdf,data-set-10-files-9,1,other
EFTA01390266.pdf,data-set-10-files-9,1,other
EFTA01390267.pdf,data-set-10-files-9,1,other
EFTA01390268.pdf,data-set-10-files-9,1,other
EFTA01390269.pdf,data-set-10-files-9,1,other
EFTA01390270.pdf,data-set-10-files-9,1,other
EFTA01390271.pdf,data-set-10-files-9,1,other
EFTA01390272.pdf,data-set-10-files-9,1,other
EFTA01390273.pdf,data-set-10-files-9,1,other
EFTA01390274.pdf,data-set-10-files-9,1,other
EFTA01390275.pdf,data-set-10-files-9,1,other
EFTA01390276.pdf,data-set-10-files-9,1,other
EFTA01390277.pdf,data-set-10-files-9,1,other
EFTA01390278.pdf,data-set-10-files-9,1,other
EFTA01390279.pdf,data-set-10-files-9,1,other
EFTA01390280.pdf,data-set-10-files-9,1,other
EFTA01390281.pdf,data-set-10-files-9,1,other
EFTA01390282.pdf,data-set-10-files-9,1,other
EFTA01390283.pdf,data-set-10-files-9,1,other
EFTA01390284.pdf,data-set-10-files-9,1,other
EFTA01390285.pdf,data-set-10-files-9,1,other
EFTA01390286.pdf,data-set-10-files-9,1,other
EFTA01390287.pdf,data-set-10-files-9,1,other
EFTA01390288.pdf,data-set-10-files-9,1,other
EFTA01390289.pdf,data-set-10-files-9,1,other
EFTA01390290.pdf,data-set-10-files-9,1,other
EFTA01390291.pdf,data-set-10-files-9,1,other
EFTA01390292.pdf,data-set-10-files-9,1,other
EFTA01390293.pdf,data-set-10-files-9,1,other
EFTA01390294.pdf,data-set-10-files-9,1,other
EFTA01390295.pdf,data-set-10-files-9,1,other
EFTA01390296.pdf,data-set-10-files-9,1,other
EFTA01390297.pdf,data-set-10-files-9,1,other
EFTA01390298.pdf,data-set-10-files-9,1,other
EFTA01390299.pdf,data-set-10-files-9,1,other
EFTA01390300.pdf,data-set-10-files-9,1,other
EFTA01390301.pdf,data-set-10-files-9,1,other
EFTA01390302.pdf,data-set-10-files-9,1,other
EFTA01390303.pdf,data-set-10-files-9,1,other
EFTA01390304.pdf,data-set-10-files-9,1,other
EFTA01390305.pdf,data-set-10-files-9,1,other
EFTA01390306.pdf,data-set-10-files-9,1,other
EFTA01390307.pdf,data-set-10-files-9,1,other
EFTA01390308.pdf,data-set-10-files-9,1,other
EFTA01390309.pdf,data-set-10-files-9,1,other
EFTA01390310.pdf,data-set-10-files-9,1,other
EFTA01390311.pdf,data-set-10-files-9,1,other
EFTA01390312.pdf,data-set-10-files-9,1,other
EFTA01390313.pdf,data-set-10-files-9,1,other
EFTA01390314.pdf,data-set-10-files-9,1,other
EFTA01390315.pdf,data-set-10-files-9,1,other
EFTA01390316.pdf,data-set-10-files-9,1,other
EFTA01390317.pdf,data-set-10-files-9,1,other
EFTA01390318.pdf,data-set-10-files-9,1,other
EFTA01390319.pdf,data-set-10-files-9,1,other
EFTA01390320.pdf,data-set-10-files-9,1,other
EFTA01390321.pdf,data-set-10-files-9,1,other
EFTA01390322.pdf,data-set-10-files-9,1,other
EFTA01390323.pdf,data-set-10-files-9,1,other
EFTA01390324.pdf,data-set-10-files-9,1,other
EFTA01390325.pdf,data-set-10-files-9,1,other
EFTA01390326.pdf,data-set-10-files-9,1,other
EFTA01390327.pdf,data-set-10-files-9,1,other
EFTA01390328.pdf,data-set-10-files-9,1,other
EFTA01390329.pdf,data-set-10-files-9,1,other
EFTA01390330.pdf,data-set-10-files-9,1,other
EFTA01390331.pdf,data-set-10-files-9,1,other
EFTA01390332.pdf,data-set-10-files-9,1,other
EFTA01390333.pdf,data-set-10-files-9,1,other
EFTA01390334.pdf,data-set-10-files-9,1,email
EFTA01390335.pdf,data-set-10-files-9,1,email
EFTA01390336.pdf,data-set-10-files-9,1,other
EFTA01390337.pdf,data-set-10-files-9,1,other
EFTA01390338.pdf,data-set-10-files-9,1,email
EFTA01390339.pdf,data-set-10-files-9,1,other
EFTA01390340.pdf,data-set-10-files-9,1,other
EFTA01390341.pdf,data-set-10-files-9,1,other
EFTA01390342.pdf,data-set-10-files-9,1,other
EFTA01390343.pdf,data-set-10-files-9,1,other
EFTA01390344.pdf,data-set-10-files-9,1,other
EFTA01390345.pdf,data-set-10-files-9,1,other
EFTA01390346.pdf,data-set-10-files-9,1,other
EFTA01390347.pdf,data-set-10-files-9,1,email
EFTA01390348.pdf,data-set-10-files-9,1,other
EFTA01390349.pdf,data-set-10-files-9,1,email
EFTA01390350.pdf,data-set-10-files-9,1,other
EFTA01390351.pdf,data-set-10-files-9,1,email
EFTA01390352.pdf,data-set-10-files-9,1,other
EFTA01390353.pdf,data-set-10-files-9,1,other
EFTA01390354.pdf,data-set-10-files-9,1,other
EFTA01390355.pdf,data-set-10-files-9,1,other
EFTA01390356.pdf,data-set-10-files-9,1,other
EFTA01390357.pdf,data-set-10-files-9,1,other
EFTA01390358.pdf,data-set-10-files-9,1,other
EFTA01390359.pdf,data-set-10-files-9,1,other
EFTA01390360.pdf,data-set-10-files-9,1,other
EFTA01390361.pdf,data-set-10-files-9,1,email
EFTA01390362.pdf,data-set-10-files-9,1,other
EFTA01390363.pdf,data-set-10-files-9,1,other
EFTA01390364.pdf,data-set-10-files-9,1,other
EFTA01390365.pdf,data-set-10-files-9,1,other
EFTA01390366.pdf,data-set-10-files-9,1,other
EFTA01390367.pdf,data-set-10-files-9,1,other
EFTA01390368.pdf,data-set-10-files-9,1,other
EFTA01390369.pdf,data-set-10-files-9,1,other
EFTA01390370.pdf,data-set-10-files-9,1,other
EFTA01390371.pdf,data-set-10-files-9,1,other
EFTA01390372.pdf,data-set-10-files-9,1,other
EFTA01390373.pdf,data-set-10-files-9,1,other
EFTA01390374.pdf,data-set-10-files-9,1,other
EFTA01390375.pdf,data-set-10-files-9,1,other
EFTA01390376.pdf,data-set-10-files-9,1,other
EFTA01390377.pdf,data-set-10-files-9,1,other
EFTA01390378.pdf,data-set-10-files-9,1,other
EFTA01390379.pdf,data-set-10-files-9,1,other
EFTA01390380.pdf,data-set-10-files-9,1,other
EFTA01390381.pdf,data-set-10-files-9,1,email
EFTA01390382.pdf,data-set-10-files-9,1,other
EFTA01390383.pdf,data-set-10-files-9,1,other
EFTA01390384.pdf,data-set-10-files-9,1,other
EFTA01390385.pdf,data-set-10-files-9,1,other
EFTA01390386.pdf,data-set-10-files-9,1,other
EFTA01390387.pdf,data-set-10-files-9,1,other
EFTA01390388.pdf,data-set-10-files-9,1,other
EFTA01390389.pdf,data-set-10-files-9,1,other
EFTA01390390.pdf,data-set-10-files-9,1,other
EFTA01390391.pdf,data-set-10-files-9,1,other
EFTA01390392.pdf,data-set-10-files-9,1,other
EFTA01390393.pdf,data-set-10-files-9,1,other
EFTA01390394.pdf,data-set-10-files-9,1,other
EFTA01390395.pdf,data-set-10-files-9,1,other
EFTA01390396.pdf,data-set-10-files-9,1,other
EFTA01390397.pdf,data-set-10-files-9,1,other
EFTA01390398.pdf,data-set-10-files-9,1,email
EFTA01390399.pdf,data-set-10-files-9,1,other
EFTA01390400.pdf,data-set-10-files-9,1,other
EFTA01390401.pdf,data-set-10-files-9,1,other
EFTA01390402.pdf,data-set-10-files-9,1,other
EFTA01390403.pdf,data-set-10-files-9,1,other
EFTA01390404.pdf,data-set-10-files-9,1,other
EFTA01390405.pdf,data-set-10-files-9,1,other
EFTA01390406.pdf,data-set-10-files-9,1,other
EFTA01390407.pdf,data-set-10-files-9,1,other
EFTA01390408.pdf,data-set-10-files-9,1,other
EFTA01390409.pdf,data-set-10-files-9,1,other
EFTA01390410.pdf,data-set-10-files-9,1,other
EFTA01390411.pdf,data-set-10-files-9,1,other
EFTA01390412.pdf,data-set-10-files-9,1,other
EFTA01390413.pdf,data-set-10-files-9,1,other
EFTA01390414.pdf,data-set-10-files-9,1,other
EFTA01390415.pdf,data-set-10-files-9,1,other
EFTA01390416.pdf,data-set-10-files-9,1,other
EFTA01390417.pdf,data-set-10-files-9,1,other
EFTA01390418.pdf,data-set-10-files-9,1,other
EFTA01390419.pdf,data-set-10-files-9,1,other
EFTA01390420.pdf,data-set-10-files-9,1,other
EFTA01390421.pdf,data-set-10-files-9,1,other
EFTA01390422.pdf,data-set-10-files-9,1,email
EFTA01390423.pdf,data-set-10-files-9,1,other
EFTA01390424.pdf,data-set-10-files-9,1,other
EFTA01390425.pdf,data-set-10-files-9,1,other
EFTA01390426.pdf,data-set-10-files-9,1,other
EFTA01390427.pdf,data-set-10-files-9,1,other
EFTA01390428.pdf,data-set-10-files-9,1,other
EFTA01390429.pdf,data-set-10-files-9,1,other
EFTA01390430.pdf,data-set-10-files-9,1,other
EFTA01390431.pdf,data-set-10-files-9,1,other
EFTA01390432.pdf,data-set-10-files-9,1,other
EFTA01390433.pdf,data-set-10-files-9,1,other
EFTA01390434.pdf,data-set-10-files-9,1,other
EFTA01390435.pdf,data-set-10-files-9,1,other
EFTA01390436.pdf,data-set-10-files-9,1,other
EFTA01390437.pdf,data-set-10-files-9,1,other
EFTA01390438.pdf,data-set-10-files-9,1,other
EFTA01390439.pdf,data-set-10-files-9,1,other
EFTA01390440.pdf,data-set-10-files-9,1,other
EFTA01390441.pdf,data-set-10-files-9,1,other
EFTA01390442.pdf,data-set-10-files-9,1,other
EFTA01390443.pdf,data-set-10-files-9,1,other
EFTA01390444.pdf,data-set-10-files-9,1,other
EFTA01390445.pdf,data-set-10-files-9,1,other
EFTA01390446.pdf,data-set-10-files-9,1,other
EFTA01390447.pdf,data-set-10-files-9,1,other
EFTA01390448.pdf,data-set-10-files-9,1,other
EFTA01390449.pdf,data-set-10-files-9,1,other
EFTA01390450.pdf,data-set-10-files-9,1,other
EFTA01390451.pdf,data-set-10-files-9,1,other
EFTA01390452.pdf,data-set-10-files-9,1,other
EFTA01390453.pdf,data-set-10-files-9,1,other
EFTA01390454.pdf,data-set-10-files-9,1,other
EFTA01390455.pdf,data-set-10-files-9,1,other
EFTA01390456.pdf,data-set-10-files-9,1,other
EFTA01390457.pdf,data-set-10-files-9,1,other
EFTA01390458.pdf,data-set-10-files-9,1,other
EFTA01390459.pdf,data-set-10-files-9,1,other
EFTA01390460.pdf,data-set-10-files-9,1,other
EFTA01390461.pdf,data-set-10-files-9,1,other
EFTA01390462.pdf,data-set-10-files-9,1,other
EFTA01390463.pdf,data-set-10-files-9,1,other
EFTA01390464.pdf,data-set-10-files-9,1,other
EFTA01390465.pdf,data-set-10-files-9,1,other
EFTA01390466.pdf,data-set-10-files-9,1,other
EFTA01390467.pdf,data-set-10-files-9,1,other
EFTA01390468.pdf,data-set-10-files-9,1,other
EFTA01390469.pdf,data-set-10-files-9,1,other
EFTA01390470.pdf,data-set-10-files-9,1,other
EFTA01390471.pdf,data-set-10-files-9,1,other
EFTA01390472.pdf,data-set-10-files-9,1,other
EFTA01390473.pdf,data-set-10-files-9,1,other
EFTA01390474.pdf,data-set-10-files-9,1,other
EFTA01390475.pdf,data-set-10-files-9,1,other
EFTA01390476.pdf,data-set-10-files-9,1,other
EFTA01390477.pdf,data-set-10-files-9,1,other
EFTA01390478.pdf,data-set-10-files-9,1,other
EFTA01390479.pdf,data-set-10-files-9,1,other
EFTA01390480.pdf,data-set-10-files-9,1,email
EFTA01390481.pdf,data-set-10-files-9,1,other
EFTA01390482.pdf,data-set-10-files-9,1,other
EFTA01390483.pdf,data-set-10-files-9,1,other
EFTA01390484.pdf,data-set-10-files-9,1,other
EFTA01390485.pdf,data-set-10-files-9,1,other
EFTA01390486.pdf,data-set-10-files-9,1,other
EFTA01390487.pdf,data-set-10-files-9,1,other
EFTA01390488.pdf,data-set-10-files-9,1,other
EFTA01390489.pdf,data-set-10-files-9,1,other
EFTA01390490.pdf,data-set-10-files-9,1,other
EFTA01390491.pdf,data-set-10-files-9,1,other
EFTA01390492.pdf,data-set-10-files-9,1,other
EFTA01390493.pdf,data-set-10-files-9,1,other
EFTA01390494.pdf,data-set-10-files-9,1,other
EFTA01390495.pdf,data-set-10-files-9,1,other
EFTA01390496.pdf,data-set-10-files-9,1,other
EFTA01390497.pdf,data-set-10-files-9,1,other
EFTA01390498.pdf,data-set-10-files-9,1,other
EFTA01390499.pdf,data-set-10-files-9,1,other
EFTA01390500.pdf,data-set-10-files-9,1,other
EFTA01390501.pdf,data-set-10-files-9,1,other
EFTA01390502.pdf,data-set-10-files-9,1,other
EFTA01390503.pdf,data-set-10-files-9,1,email
EFTA01390504.pdf,data-set-10-files-9,1,other
EFTA01390505.pdf,data-set-10-files-9,1,other
EFTA01390506.pdf,data-set-10-files-9,1,other
EFTA01390507.pdf,data-set-10-files-9,1,other
EFTA01390508.pdf,data-set-10-files-9,1,other
EFTA01390509.pdf,data-set-10-files-9,1,other
EFTA01390510.pdf,data-set-10-files-9,1,other
EFTA01390511.pdf,data-set-10-files-9,1,other
EFTA01390512.pdf,data-set-10-files-9,1,other
EFTA01390513.pdf,data-set-10-files-9,1,other
EFTA01390514.pdf,data-set-10-files-9,1,other
EFTA01390515.pdf,data-set-10-files-9,1,other
EFTA01390516.pdf,data-set-10-files-9,1,other
EFTA01390517.pdf,data-set-10-files-9,1,other
EFTA01390518.pdf,data-set-10-files-9,1,other
EFTA01390519.pdf,data-set-10-files-9,1,other
EFTA01390520.pdf,data-set-10-files-9,1,other
EFTA01390521.pdf,data-set-10-files-9,1,other
EFTA01390522.pdf,data-set-10-files-9,1,other
EFTA01390523.pdf,data-set-10-files-9,1,other
EFTA01390524.pdf,data-set-10-files-9,1,other
EFTA01390525.pdf,data-set-10-files-9,1,email
EFTA01390526.pdf,data-set-10-files-9,1,other
EFTA01390527.pdf,data-set-10-files-9,1,other
EFTA01390528.pdf,data-set-10-files-9,1,other
EFTA01390529.pdf,data-set-10-files-9,1,other
EFTA01390530.pdf,data-set-10-files-9,1,other
EFTA01390531.pdf,data-set-10-files-9,1,other
EFTA01390532.pdf,data-set-10-files-9,1,other
EFTA01390533.pdf,data-set-10-files-9,1,other
EFTA01390534.pdf,data-set-10-files-9,1,other
EFTA01390535.pdf,data-set-10-files-9,1,other
EFTA01390536.pdf,data-set-10-files-9,1,other
EFTA01390537.pdf,data-set-10-files-9,1,other
EFTA01390538.pdf,data-set-10-files-9,1,other
EFTA01390539.pdf,data-set-10-files-9,1,other
EFTA01390540.pdf,data-set-10-files-9,1,other
EFTA01390541.pdf,data-set-10-files-9,1,other
EFTA01390542.pdf,data-set-10-files-9,1,other
EFTA01390543.pdf,data-set-10-files-9,1,other
EFTA01390544.pdf,data-set-10-files-9,1,other
EFTA01390545.pdf,data-set-10-files-9,1,other
EFTA01390546.pdf,data-set-10-files-9,1,other
EFTA01390547.pdf,data-set-10-files-9,1,other
EFTA01390548.pdf,data-set-10-files-9,1,other
EFTA01390549.pdf,data-set-10-files-9,1,other
EFTA01390550.pdf,data-set-10-files-9,1,other
EFTA01390551.pdf,data-set-10-files-9,1,other
EFTA01390552.pdf,data-set-10-files-9,1,other
EFTA01390553.pdf,data-set-10-files-9,1,other
EFTA01390554.pdf,data-set-10-files-9,1,other
EFTA01390555.pdf,data-set-10-files-9,1,other
EFTA01390556.pdf,data-set-10-files-9,1,other
EFTA01390557.pdf,data-set-10-files-9,1,other
EFTA01390558.pdf,data-set-10-files-9,1,other
EFTA01390559.pdf,data-set-10-files-9,1,other
EFTA01390560.pdf,data-set-10-files-9,1,other
EFTA01390561.pdf,data-set-10-files-9,1,other
EFTA01390562.pdf,data-set-10-files-9,1,other
EFTA01390563.pdf,data-set-10-files-9,1,email
EFTA01390564.pdf,data-set-10-files-9,1,other
EFTA01390565.pdf,data-set-10-files-9,1,other
EFTA01390566.pdf,data-set-10-files-9,1,email
EFTA01390567.pdf,data-set-10-files-9,1,other
EFTA01390568.pdf,data-set-10-files-9,1,other
EFTA01390569.pdf,data-set-10-files-9,1,email
EFTA01390570.pdf,data-set-10-files-9,1,email
EFTA01390571.pdf,data-set-10-files-9,1,email
EFTA01390572.pdf,data-set-10-files-9,1,other
EFTA01390573.pdf,data-set-10-files-9,1,email
EFTA01390574.pdf,data-set-10-files-9,1,other
EFTA01390575.pdf,data-set-10-files-9,1,other
EFTA01390576.pdf,data-set-10-files-9,1,other
EFTA01390577.pdf,data-set-10-files-9,1,other
EFTA01390578.pdf,data-set-10-files-9,1,other
EFTA01390579.pdf,data-set-10-files-9,1,other
EFTA01390580.pdf,data-set-10-files-9,1,other
EFTA01390581.pdf,data-set-10-files-9,1,other
EFTA01390582.pdf,data-set-10-files-9,1,email
EFTA01390583.pdf,data-set-10-files-9,1,other
EFTA01390584.pdf,data-set-10-files-9,1,other
EFTA01390585.pdf,data-set-10-files-9,1,other
EFTA01390586.pdf,data-set-10-files-9,1,other
EFTA01390587.pdf,data-set-10-files-9,1,other
EFTA01390588.pdf,data-set-10-files-9,1,other
EFTA01390589.pdf,data-set-10-files-9,1,other
EFTA01390590.pdf,data-set-10-files-9,1,other
EFTA01390591.pdf,data-set-10-files-9,1,other
EFTA01390592.pdf,data-set-10-files-9,1,other
EFTA01390593.pdf,data-set-10-files-9,1,other
EFTA01390594.pdf,data-set-10-files-9,1,email
EFTA01390595.pdf,data-set-10-files-9,1,other
EFTA01390596.pdf,data-set-10-files-9,1,other
EFTA01390597.pdf,data-set-10-files-9,1,other
EFTA01390598.pdf,data-set-10-files-9,1,email
EFTA01390599.pdf,data-set-10-files-9,1,other
EFTA01390600.pdf,data-set-10-files-9,1,other
EFTA01390601.pdf,data-set-10-files-9,1,other
EFTA01390602.pdf,data-set-10-files-9,1,other
EFTA01390603.pdf,data-set-10-files-9,1,other
EFTA01390604.pdf,data-set-10-files-9,1,other
EFTA01390605.pdf,data-set-10-files-9,1,other
EFTA01390606.pdf,data-set-10-files-9,1,other
EFTA01390607.pdf,data-set-10-files-9,1,other
EFTA01390608.pdf,data-set-10-files-9,1,other
EFTA01390609.pdf,data-set-10-files-9,1,other
EFTA01390610.pdf,data-set-10-files-9,1,other
EFTA01390611.pdf,data-set-10-files-9,1,other
EFTA01390612.pdf,data-set-10-files-9,1,other
EFTA01390613.pdf,data-set-10-files-9,1,other
EFTA01390614.pdf,data-set-10-files-9,1,other
EFTA01390615.pdf,data-set-10-files-9,1,other
EFTA01390616.pdf,data-set-10-files-9,1,other
EFTA01390617.pdf,data-set-10-files-9,1,other
EFTA01390618.pdf,data-set-10-files-9,1,other
EFTA01390619.pdf,data-set-10-files-9,1,other
EFTA01390620.pdf,data-set-10-files-9,1,other
EFTA01390621.pdf,data-set-10-files-9,1,other
EFTA01390622.pdf,data-set-10-files-9,1,other
EFTA01390623.pdf,data-set-10-files-9,1,other
EFTA01390624.pdf,data-set-10-files-9,1,other
EFTA01390625.pdf,data-set-10-files-9,1,other
EFTA01390626.pdf,data-set-10-files-9,1,other
EFTA01390627.pdf,data-set-10-files-9,1,other
EFTA01390628.pdf,data-set-10-files-9,1,other
EFTA01390629.pdf,data-set-10-files-9,1,other
EFTA01390630.pdf,data-set-10-files-9,1,other
EFTA01390631.pdf,data-set-10-files-9,1,other
EFTA01390632.pdf,data-set-10-files-9,1,other
EFTA01390633.pdf,data-set-10-files-9,1,other
EFTA01390634.pdf,data-set-10-files-9,1,other
EFTA01390635.pdf,data-set-10-files-9,1,other
EFTA01390636.pdf,data-set-10-files-9,1,other
EFTA01390637.pdf,data-set-10-files-9,1,other
EFTA01390638.pdf,data-set-10-files-9,1,other
EFTA01390639.pdf,data-set-10-files-9,1,other
EFTA01390640.pdf,data-set-10-files-9,1,other
EFTA01390641.pdf,data-set-10-files-9,1,other
EFTA01390642.pdf,data-set-10-files-9,1,other
EFTA01390643.pdf,data-set-10-files-9,1,other
EFTA01390644.pdf,data-set-10-files-9,1,other
EFTA01390645.pdf,data-set-10-files-9,1,other
EFTA01390646.pdf,data-set-10-files-9,1,other
EFTA01390647.pdf,data-set-10-files-9,1,other
EFTA01390648.pdf,data-set-10-files-9,1,other
EFTA01390649.pdf,data-set-10-files-9,1,other
EFTA01390650.pdf,data-set-10-files-9,1,other
EFTA01390651.pdf,data-set-10-files-9,1,other
EFTA01390652.pdf,data-set-10-files-9,1,other
EFTA01390653.pdf,data-set-10-files-9,1,other
EFTA01390654.pdf,data-set-10-files-9,1,other
EFTA01390655.pdf,data-set-10-files-9,1,other
EFTA01390656.pdf,data-set-10-files-9,1,other
EFTA01390657.pdf,data-set-10-files-9,1,other
EFTA01390658.pdf,data-set-10-files-9,1,other
EFTA01390659.pdf,data-set-10-files-9,1,other
EFTA01390660.pdf,data-set-10-files-9,1,other
EFTA01390661.pdf,data-set-10-files-9,1,other
EFTA01390662.pdf,data-set-10-files-9,1,other
EFTA01390663.pdf,data-set-10-files-9,1,other
EFTA01390664.pdf,data-set-10-files-9,1,other
EFTA01390665.pdf,data-set-10-files-9,1,other
EFTA01390666.pdf,data-set-10-files-9,1,other
EFTA01390667.pdf,data-set-10-files-9,1,email
EFTA01390668.pdf,data-set-10-files-9,1,other
EFTA01390669.pdf,data-set-10-files-9,1,other
EFTA01390670.pdf,data-set-10-files-9,1,other
EFTA01390671.pdf,data-set-10-files-9,1,email
EFTA01390672.pdf,data-set-10-files-9,1,email
EFTA01390673.pdf,data-set-10-files-9,1,other
EFTA01390674.pdf,data-set-10-files-9,1,email
EFTA01390675.pdf,data-set-10-files-9,1,other
EFTA01390676.pdf,data-set-10-files-9,1,email
EFTA01390677.pdf,data-set-10-files-9,1,other
EFTA01390678.pdf,data-set-10-files-9,1,other
EFTA01390679.pdf,data-set-10-files-9,1,other
EFTA01390680.pdf,data-set-10-files-9,1,email
EFTA01390681.pdf,data-set-10-files-9,1,other
EFTA01390682.pdf,data-set-10-files-9,1,other
EFTA01390683.pdf,data-set-10-files-9,1,other
EFTA01390684.pdf,data-set-10-files-9,1,other
EFTA01390685.pdf,data-set-10-files-9,1,other
EFTA01390686.pdf,data-set-10-files-9,1,other
EFTA01390687.pdf,data-set-10-files-9,1,other
EFTA01390688.pdf,data-set-10-files-9,1,other
EFTA01390689.pdf,data-set-10-files-9,1,other
EFTA01390690.pdf,data-set-10-files-9,1,other
EFTA01390691.pdf,data-set-10-files-9,1,other
EFTA01390692.pdf,data-set-10-files-9,1,other
EFTA01390693.pdf,data-set-10-files-9,1,other
EFTA01390694.pdf,data-set-10-files-9,1,other
EFTA01390695.pdf,data-set-10-files-9,1,other
EFTA01390696.pdf,data-set-10-files-9,1,other
EFTA01390697.pdf,data-set-10-files-9,1,other
EFTA01390698.pdf,data-set-10-files-9,1,other
EFTA01390699.pdf,data-set-10-files-9,1,other
EFTA01390700.pdf,data-set-10-files-9,1,other
EFTA01390701.pdf,data-set-10-files-9,1,other
EFTA01390702.pdf,data-set-10-files-9,1,other
EFTA01390703.pdf,data-set-10-files-9,1,other
EFTA01390704.pdf,data-set-10-files-9,1,other
EFTA01390705.pdf,data-set-10-files-9,1,other
EFTA01390706.pdf,data-set-10-files-9,1,other
EFTA01390707.pdf,data-set-10-files-9,1,other
EFTA01390708.pdf,data-set-10-files-9,1,other
EFTA01390709.pdf,data-set-10-files-9,1,other
EFTA01390710.pdf,data-set-10-files-9,1,other
EFTA01390711.pdf,data-set-10-files-9,1,other
EFTA01390712.pdf,data-set-10-files-9,1,other
EFTA01390713.pdf,data-set-10-files-9,1,other
EFTA01390714.pdf,data-set-10-files-9,1,other
EFTA01390715.pdf,data-set-10-files-9,1,other
EFTA01390716.pdf,data-set-10-files-9,1,other
EFTA01390717.pdf,data-set-10-files-9,1,other
EFTA01390718.pdf,data-set-10-files-9,1,other
EFTA01390719.pdf,data-set-10-files-9,1,other
EFTA01390720.pdf,data-set-10-files-9,1,other
EFTA01390721.pdf,data-set-10-files-9,1,other
EFTA01390722.pdf,data-set-10-files-9,1,other
EFTA01390723.pdf,data-set-10-files-9,1,other
EFTA01390724.pdf,data-set-10-files-9,1,other
EFTA01390725.pdf,data-set-10-files-9,1,other
EFTA01390726.pdf,data-set-10-files-9,1,other
EFTA01390727.pdf,data-set-10-files-9,1,other
EFTA01390728.pdf,data-set-10-files-9,1,other
EFTA01390729.pdf,data-set-10-files-9,1,other
EFTA01390730.pdf,data-set-10-files-9,1,other
EFTA01390731.pdf,data-set-10-files-9,1,other
EFTA01390732.pdf,data-set-10-files-9,1,other
EFTA01390733.pdf,data-set-10-files-9,1,other
EFTA01390734.pdf,data-set-10-files-9,1,other
EFTA01390735.pdf,data-set-10-files-9,1,other
EFTA01390736.pdf,data-set-10-files-9,1,other
EFTA01390737.pdf,data-set-10-files-9,1,other
EFTA01390738.pdf,data-set-10-files-9,1,other
EFTA01390739.pdf,data-set-10-files-9,1,other
EFTA01390740.pdf,data-set-10-files-9,1,other
EFTA01390741.pdf,data-set-10-files-9,1,other
EFTA01390742.pdf,data-set-10-files-9,1,other
EFTA01390743.pdf,data-set-10-files-9,1,other
EFTA01390744.pdf,data-set-10-files-9,1,other
EFTA01390745.pdf,data-set-10-files-9,1,other
EFTA01390746.pdf,data-set-10-files-9,1,other
EFTA01390747.pdf,data-set-10-files-9,1,other
EFTA01390748.pdf,data-set-10-files-9,1,other
EFTA01390749.pdf,data-set-10-files-9,1,other
EFTA01390750.pdf,data-set-10-files-9,1,other
EFTA01390751.pdf,data-set-10-files-9,1,other
EFTA01390752.pdf,data-set-10-files-9,1,other
EFTA01390753.pdf,data-set-10-files-9,1,other
EFTA01390754.pdf,data-set-10-files-9,1,other
EFTA01390755.pdf,data-set-10-files-9,1,other
EFTA01390756.pdf,data-set-10-files-9,1,other
EFTA01390757.pdf,data-set-10-files-9,1,other
EFTA01390758.pdf,data-set-10-files-9,1,other
EFTA01390759.pdf,data-set-10-files-9,1,other
EFTA01390760.pdf,data-set-10-files-9,1,other
EFTA01390761.pdf,data-set-10-files-9,1,other
EFTA01390762.pdf,data-set-10-files-9,1,other
EFTA01390763.pdf,data-set-10-files-9,1,other
EFTA01390764.pdf,data-set-10-files-9,1,other
EFTA01390765.pdf,data-set-10-files-9,1,other
EFTA01390766.pdf,data-set-10-files-9,1,other
EFTA01390767.pdf,data-set-10-files-9,1,other
EFTA01390768.pdf,data-set-10-files-9,1,other
EFTA01390769.pdf,data-set-10-files-9,1,other
EFTA01390770.pdf,data-set-10-files-9,1,other
EFTA01390771.pdf,data-set-10-files-9,1,other
EFTA01390772.pdf,data-set-10-files-9,1,other
EFTA01390773.pdf,data-set-10-files-9,1,other
EFTA01390774.pdf,data-set-10-files-9,1,other
EFTA01390775.pdf,data-set-10-files-9,1,other
EFTA01390776.pdf,data-set-10-files-9,1,other
EFTA01390777.pdf,data-set-10-files-9,1,other
EFTA01390778.pdf,data-set-10-files-9,1,other
EFTA01390779.pdf,data-set-10-files-9,1,other
EFTA01390780.pdf,data-set-10-files-9,1,other
EFTA01390781.pdf,data-set-10-files-9,1,other
EFTA01390782.pdf,data-set-10-files-9,1,other
EFTA01390783.pdf,data-set-10-files-9,1,other
EFTA01390784.pdf,data-set-10-files-9,1,other
EFTA01390785.pdf,data-set-10-files-9,1,other
EFTA01390786.pdf,data-set-10-files-9,1,other
EFTA01390787.pdf,data-set-10-files-9,1,other
EFTA01390788.pdf,data-set-10-files-9,1,other
EFTA01390789.pdf,data-set-10-files-9,1,other
EFTA01390790.pdf,data-set-10-files-9,1,other
EFTA01390791.pdf,data-set-10-files-9,1,other
EFTA01390792.pdf,data-set-10-files-9,1,other
EFTA01390793.pdf,data-set-10-files-9,1,other
EFTA01390794.pdf,data-set-10-files-9,1,other
EFTA01390795.pdf,data-set-10-files-9,1,other
EFTA01390796.pdf,data-set-10-files-9,1,other
EFTA01390797.pdf,data-set-10-files-9,1,other
EFTA01390798.pdf,data-set-10-files-9,1,other
EFTA01390799.pdf,data-set-10-files-9,1,other
EFTA01390800.pdf,data-set-10-files-9,1,other
EFTA01390801.pdf,data-set-10-files-9,1,other
EFTA01390802.pdf,data-set-10-files-9,1,other
EFTA01390803.pdf,data-set-10-files-9,1,other
EFTA01390804.pdf,data-set-10-files-9,1,other
EFTA01390805.pdf,data-set-10-files-9,1,other
EFTA01390806.pdf,data-set-10-files-9,1,other
EFTA01390807.pdf,data-set-10-files-9,1,other
EFTA01390808.pdf,data-set-10-files-9,1,other
EFTA01390809.pdf,data-set-10-files-9,1,other
EFTA01390810.pdf,data-set-10-files-9,1,other
EFTA01390811.pdf,data-set-10-files-9,1,other
EFTA01390812.pdf,data-set-10-files-9,1,other
EFTA01390813.pdf,data-set-10-files-9,1,other
EFTA01390814.pdf,data-set-10-files-9,1,other
EFTA01390815.pdf,data-set-10-files-9,1,other
EFTA01390816.pdf,data-set-10-files-9,1,other
EFTA01390817.pdf,data-set-10-files-9,1,other
EFTA01390818.pdf,data-set-10-files-9,1,other
EFTA01390819.pdf,data-set-10-files-9,1,other
EFTA01390820.pdf,data-set-10-files-9,1,other
EFTA01390821.pdf,data-set-10-files-9,1,other
EFTA01390822.pdf,data-set-10-files-9,1,other
EFTA01390823.pdf,data-set-10-files-9,1,other
EFTA01390824.pdf,data-set-10-files-9,1,other
EFTA01390825.pdf,data-set-10-files-9,1,other
EFTA01390826.pdf,data-set-10-files-9,1,other
EFTA01390827.pdf,data-set-10-files-9,1,other
EFTA01390828.pdf,data-set-10-files-9,1,other
EFTA01390829.pdf,data-set-10-files-9,1,other
EFTA01390830.pdf,data-set-10-files-9,1,other
EFTA01390831.pdf,data-set-10-files-9,1,other
EFTA01390832.pdf,data-set-10-files-9,1,other
EFTA01390833.pdf,data-set-10-files-9,1,other
EFTA01390834.pdf,data-set-10-files-9,1,other
EFTA01390835.pdf,data-set-10-files-9,1,other
EFTA01390836.pdf,data-set-10-files-9,1,other
EFTA01390837.pdf,data-set-10-files-9,1,other
EFTA01390838.pdf,data-set-10-files-9,1,other
EFTA01390839.pdf,data-set-10-files-9,1,other
EFTA01390840.pdf,data-set-10-files-9,1,other
EFTA01390841.pdf,data-set-10-files-9,1,other
EFTA01390842.pdf,data-set-10-files-9,1,other
EFTA01390843.pdf,data-set-10-files-9,1,other
EFTA01390844.pdf,data-set-10-files-9,1,other
EFTA01390845.pdf,data-set-10-files-9,1,other
EFTA01390846.pdf,data-set-10-files-9,1,other
EFTA01390847.pdf,data-set-10-files-9,1,other
EFTA01390848.pdf,data-set-10-files-9,1,other
EFTA01390849.pdf,data-set-10-files-9,1,other
EFTA01390850.pdf,data-set-10-files-9,1,other
EFTA01390851.pdf,data-set-10-files-9,1,other
EFTA01390852.pdf,data-set-10-files-9,1,other
EFTA01390853.pdf,data-set-10-files-9,1,other
EFTA01390854.pdf,data-set-10-files-9,1,other
EFTA01390855.pdf,data-set-10-files-9,1,other
EFTA01390856.pdf,data-set-10-files-9,1,other
EFTA01390857.pdf,data-set-10-files-9,1,other
EFTA01390858.pdf,data-set-10-files-9,1,other
EFTA01390859.pdf,data-set-10-files-9,1,other
EFTA01390860.pdf,data-set-10-files-9,1,other
EFTA01390861.pdf,data-set-10-files-9,1,other
EFTA01390862.pdf,data-set-10-files-9,1,other
EFTA01390863.pdf,data-set-10-files-9,1,other
EFTA01390864.pdf,data-set-10-files-9,1,other
EFTA01390865.pdf,data-set-10-files-9,1,other
EFTA01390866.pdf,data-set-10-files-9,1,other
EFTA01390867.pdf,data-set-10-files-9,1,other
EFTA01390868.pdf,data-set-10-files-9,1,other
EFTA01390869.pdf,data-set-10-files-9,1,other
EFTA01390870.pdf,data-set-10-files-9,1,other
EFTA01390871.pdf,data-set-10-files-9,1,other
EFTA01390872.pdf,data-set-10-files-9,1,other
EFTA01390873.pdf,data-set-10-files-9,1,other
EFTA01390874.pdf,data-set-10-files-9,1,other
EFTA01390875.pdf,data-set-10-files-9,1,other
EFTA01390876.pdf,data-set-10-files-9,1,other
EFTA01390877.pdf,data-set-10-files-9,1,other
EFTA01390878.pdf,data-set-10-files-9,1,other
EFTA01390879.pdf,data-set-10-files-9,1,other
EFTA01390880.pdf,data-set-10-files-9,1,other
EFTA01390881.pdf,data-set-10-files-9,1,other
EFTA01390882.pdf,data-set-10-files-9,1,other
EFTA01390883.pdf,data-set-10-files-9,1,other
EFTA01390884.pdf,data-set-10-files-9,1,other
EFTA01390885.pdf,data-set-10-files-9,1,other
EFTA01390886.pdf,data-set-10-files-9,1,other
EFTA01390887.pdf,data-set-10-files-9,1,other
EFTA01390888.pdf,data-set-10-files-9,1,other
EFTA01390889.pdf,data-set-10-files-9,1,other
EFTA01390890.pdf,data-set-10-files-9,1,other
EFTA01390891.pdf,data-set-10-files-9,1,other
EFTA01390892.pdf,data-set-10-files-9,1,other
EFTA01390893.pdf,data-set-10-files-9,1,other
EFTA01390894.pdf,data-set-10-files-9,1,other
EFTA01390895.pdf,data-set-10-files-9,1,other
EFTA01390896.pdf,data-set-10-files-9,1,other
EFTA01390897.pdf,data-set-10-files-9,1,email
EFTA01390898.pdf,data-set-10-files-9,1,other
EFTA01390899.pdf,data-set-10-files-9,1,other
EFTA01390900.pdf,data-set-10-files-9,1,other
EFTA01390901.pdf,data-set-10-files-9,1,other
EFTA01390902.pdf,data-set-10-files-9,1,other
EFTA01390903.pdf,data-set-10-files-9,1,other
EFTA01390904.pdf,data-set-10-files-9,1,other
EFTA01390905.pdf,data-set-10-files-9,1,other
EFTA01390906.pdf,data-set-10-files-9,1,other
EFTA01390907.pdf,data-set-10-files-9,1,other
EFTA01390908.pdf,data-set-10-files-9,1,other
EFTA01390909.pdf,data-set-10-files-9,1,other
EFTA01390910.pdf,data-set-10-files-9,1,other
EFTA01390911.pdf,data-set-10-files-9,1,other
EFTA01390912.pdf,data-set-10-files-9,1,other
EFTA01390913.pdf,data-set-10-files-9,1,other
EFTA01390914.pdf,data-set-10-files-9,1,other
EFTA01390915.pdf,data-set-10-files-9,1,other
EFTA01390916.pdf,data-set-10-files-9,1,other
EFTA01390917.pdf,data-set-10-files-9,1,other
EFTA01390918.pdf,data-set-10-files-9,1,other
EFTA01390919.pdf,data-set-10-files-9,1,other
EFTA01390920.pdf,data-set-10-files-9,1,other
EFTA01390921.pdf,data-set-10-files-9,1,other
EFTA01390922.pdf,data-set-10-files-9,1,other
EFTA01390923.pdf,data-set-10-files-9,1,other
EFTA01390924.pdf,data-set-10-files-9,1,other
EFTA01390925.pdf,data-set-10-files-9,1,other
EFTA01390926.pdf,data-set-10-files-9,1,other
EFTA01390927.pdf,data-set-10-files-9,1,other
EFTA01390928.pdf,data-set-10-files-9,1,other
EFTA01390929.pdf,data-set-10-files-9,1,other
EFTA01390930.pdf,data-set-10-files-9,1,other
EFTA01390931.pdf,data-set-10-files-9,1,other
EFTA01390932.pdf,data-set-10-files-9,1,other
EFTA01390933.pdf,data-set-10-files-9,1,other
EFTA01390934.pdf,data-set-10-files-9,1,other
EFTA01390935.pdf,data-set-10-files-9,1,other
EFTA01390936.pdf,data-set-10-files-9,1,other
EFTA01390937.pdf,data-set-10-files-9,1,other
EFTA01390938.pdf,data-set-10-files-9,1,other
EFTA01390939.pdf,data-set-10-files-9,1,other
EFTA01390940.pdf,data-set-10-files-9,1,other
EFTA01390941.pdf,data-set-10-files-9,1,other
EFTA01390942.pdf,data-set-10-files-9,1,other
EFTA01390943.pdf,data-set-10-files-9,1,other
EFTA01390944.pdf,data-set-10-files-9,1,other
EFTA01390945.pdf,data-set-10-files-9,1,other
EFTA01390946.pdf,data-set-10-files-9,1,other
EFTA01390947.pdf,data-set-10-files-9,1,other
EFTA01390948.pdf,data-set-10-files-9,1,other
EFTA01390949.pdf,data-set-10-files-9,1,other
EFTA01390950.pdf,data-set-10-files-9,1,other
EFTA01390951.pdf,data-set-10-files-9,1,other
EFTA01390952.pdf,data-set-10-files-9,1,other
EFTA01390953.pdf,data-set-10-files-9,1,other
EFTA01390954.pdf,data-set-10-files-9,1,other
EFTA01390955.pdf,data-set-10-files-9,1,other
EFTA01390956.pdf,data-set-10-files-9,1,other
EFTA01390957.pdf,data-set-10-files-9,1,other
EFTA01390958.pdf,data-set-10-files-9,1,other
EFTA01390959.pdf,data-set-10-files-9,1,other
EFTA01390960.pdf,data-set-10-files-9,1,other
EFTA01390961.pdf,data-set-10-files-9,1,other
EFTA01390962.pdf,data-set-10-files-9,1,other
EFTA01390963.pdf,data-set-10-files-9,1,other
EFTA01390964.pdf,data-set-10-files-9,1,other
EFTA01390965.pdf,data-set-10-files-9,1,other
EFTA01390966.pdf,data-set-10-files-9,1,other
EFTA01390967.pdf,data-set-10-files-9,1,other
EFTA01390968.pdf,data-set-10-files-9,1,other
EFTA01390969.pdf,data-set-10-files-9,1,other
EFTA01390970.pdf,data-set-10-files-9,1,other
EFTA01390971.pdf,data-set-10-files-9,1,other
EFTA01390972.pdf,data-set-10-files-9,1,other
EFTA01390973.pdf,data-set-10-files-9,1,other
EFTA01390974.pdf,data-set-10-files-9,1,other
EFTA01390975.pdf,data-set-10-files-9,1,other
EFTA01390976.pdf,data-set-10-files-9,1,other
EFTA01390977.pdf,data-set-10-files-9,1,other
EFTA01390978.pdf,data-set-10-files-9,1,other
EFTA01390979.pdf,data-set-10-files-9,1,other
EFTA01390980.pdf,data-set-10-files-9,1,other
EFTA01390981.pdf,data-set-10-files-9,1,other
EFTA01390982.pdf,data-set-10-files-9,1,other
EFTA01390983.pdf,data-set-10-files-9,1,other
EFTA01390984.pdf,data-set-10-files-9,1,other
EFTA01390985.pdf,data-set-10-files-9,1,other
EFTA01390986.pdf,data-set-10-files-9,1,other
EFTA01390987.pdf,data-set-10-files-9,1,other
EFTA01390988.pdf,data-set-10-files-9,1,other
EFTA01390989.pdf,data-set-10-files-9,1,other
EFTA01390990.pdf,data-set-10-files-9,1,other
EFTA01390991.pdf,data-set-10-files-9,1,other
EFTA01390992.pdf,data-set-10-files-9,1,other
EFTA01390993.pdf,data-set-10-files-9,1,other
EFTA01390994.pdf,data-set-10-files-9,1,other
EFTA01390995.pdf,data-set-10-files-9,1,other
EFTA01390996.pdf,data-set-10-files-9,1,other
EFTA01390997.pdf,data-set-10-files-9,1,other
EFTA01390998.pdf,data-set-10-files-9,1,other
EFTA01390999.pdf,data-set-10-files-9,1,other
EFTA01391000.pdf,data-set-10-files-9,1,other
EFTA01391001.pdf,data-set-10-files-9,1,other
EFTA01391002.pdf,data-set-10-files-9,1,other
EFTA01391003.pdf,data-set-10-files-9,1,other
EFTA01391004.pdf,data-set-10-files-9,1,other
EFTA01391005.pdf,data-set-10-files-9,1,other
EFTA01391006.pdf,data-set-10-files-9,1,other
EFTA01391007.pdf,data-set-10-files-9,1,other
EFTA01391008.pdf,data-set-10-files-9,1,other
EFTA01391009.pdf,data-set-10-files-9,1,other
EFTA01391010.pdf,data-set-10-files-9,1,other
EFTA01391011.pdf,data-set-10-files-9,1,other
EFTA01391012.pdf,data-set-10-files-9,1,other
EFTA01391013.pdf,data-set-10-files-9,1,email
EFTA01391014.pdf,data-set-10-files-9,1,other
EFTA01391015.pdf,data-set-10-files-9,1,other
EFTA01391016.pdf,data-set-10-files-9,1,other
EFTA01391017.pdf,data-set-10-files-9,1,other
EFTA01391018.pdf,data-set-10-files-9,1,other
EFTA01391019.pdf,data-set-10-files-9,1,other
EFTA01391020.pdf,data-set-10-files-9,1,other
EFTA01391021.pdf,data-set-10-files-9,1,other
EFTA01391022.pdf,data-set-10-files-9,1,other
EFTA01391023.pdf,data-set-10-files-9,1,other
EFTA01391024.pdf,data-set-10-files-9,1,other
EFTA01391025.pdf,data-set-10-files-9,1,other
EFTA01391026.pdf,data-set-10-files-9,1,other
EFTA01391027.pdf,data-set-10-files-9,1,other
EFTA01391028.pdf,data-set-10-files-9,1,other
EFTA01391029.pdf,data-set-10-files-9,1,other
EFTA01391030.pdf,data-set-10-files-9,1,other
EFTA01391031.pdf,data-set-10-files-9,1,other
EFTA01391032.pdf,data-set-10-files-9,1,other
EFTA01391033.pdf,data-set-10-files-9,1,other
EFTA01391034.pdf,data-set-10-files-9,1,other
EFTA01391035.pdf,data-set-10-files-9,1,other
EFTA01391036.pdf,data-set-10-files-9,1,other
EFTA01391037.pdf,data-set-10-files-9,1,other
EFTA01391038.pdf,data-set-10-files-9,1,other
EFTA01391039.pdf,data-set-10-files-9,1,other
EFTA01391040.pdf,data-set-10-files-9,1,other
EFTA01391041.pdf,data-set-10-files-9,1,other
EFTA01391042.pdf,data-set-10-files-9,1,other
EFTA01391043.pdf,data-set-10-files-9,1,other
EFTA01391044.pdf,data-set-10-files-9,1,other
EFTA01391045.pdf,data-set-10-files-9,1,other
EFTA01391046.pdf,data-set-10-files-9,1,other
EFTA01391047.pdf,data-set-10-files-9,1,other
EFTA01391048.pdf,data-set-10-files-9,1,other
EFTA01391049.pdf,data-set-10-files-9,1,other
EFTA01391050.pdf,data-set-10-files-9,1,other
EFTA01391051.pdf,data-set-10-files-9,1,other
EFTA01391052.pdf,data-set-10-files-9,1,other
EFTA01391053.pdf,data-set-10-files-9,1,other
EFTA01391054.pdf,data-set-10-files-9,1,other
EFTA01391055.pdf,data-set-10-files-9,1,other
EFTA01391056.pdf,data-set-10-files-9,1,other
EFTA01391057.pdf,data-set-10-files-9,1,other
EFTA01391058.pdf,data-set-10-files-9,1,other
EFTA01391059.pdf,data-set-10-files-9,1,other
EFTA01391060.pdf,data-set-10-files-9,1,other
EFTA01391061.pdf,data-set-10-files-9,1,other
EFTA01391062.pdf,data-set-10-files-9,1,other
EFTA01391063.pdf,data-set-10-files-9,1,other
EFTA01391064.pdf,data-set-10-files-9,1,other
EFTA01391065.pdf,data-set-10-files-9,1,other
EFTA01391066.pdf,data-set-10-files-9,1,other
EFTA01391067.pdf,data-set-10-files-9,1,other
EFTA01391068.pdf,data-set-10-files-9,1,other
EFTA01391069.pdf,data-set-10-files-9,1,other
EFTA01391070.pdf,data-set-10-files-9,1,other
EFTA01391071.pdf,data-set-10-files-9,1,other
EFTA01391072.pdf,data-set-10-files-9,1,other
EFTA01391073.pdf,data-set-10-files-9,1,other
EFTA01391074.pdf,data-set-10-files-9,1,other
EFTA01391075.pdf,data-set-10-files-9,1,other
EFTA01391076.pdf,data-set-10-files-9,1,other
EFTA01391077.pdf,data-set-10-files-9,1,other
EFTA01391078.pdf,data-set-10-files-9,1,other
EFTA01391079.pdf,data-set-10-files-9,1,other
EFTA01391080.pdf,data-set-10-files-9,1,other
EFTA01391081.pdf,data-set-10-files-9,1,other
EFTA01391082.pdf,data-set-10-files-9,1,other
EFTA01391083.pdf,data-set-10-files-9,1,other
EFTA01391084.pdf,data-set-10-files-9,1,other
EFTA01391085.pdf,data-set-10-files-9,1,other
EFTA01391086.pdf,data-set-10-files-9,1,other
EFTA01391087.pdf,data-set-10-files-9,1,other
EFTA01391088.pdf,data-set-10-files-9,1,other
EFTA01391089.pdf,data-set-10-files-9,1,email
EFTA01391090.pdf,data-set-10-files-9,1,other
EFTA01391091.pdf,data-set-10-files-9,1,other
EFTA01391092.pdf,data-set-10-files-9,1,other
EFTA01391093.pdf,data-set-10-files-9,1,other
EFTA01391094.pdf,data-set-10-files-9,1,other
EFTA01391095.pdf,data-set-10-files-9,1,other
EFTA01391096.pdf,data-set-10-files-9,1,other
EFTA01391097.pdf,data-set-10-files-9,1,other
EFTA01391098.pdf,data-set-10-files-9,1,other
EFTA01391099.pdf,data-set-10-files-9,1,other
EFTA01391100.pdf,data-set-10-files-9,1,other
EFTA01391101.pdf,data-set-10-files-9,1,other
EFTA01391102.pdf,data-set-10-files-9,1,other
EFTA01391103.pdf,data-set-10-files-9,1,other
EFTA01391104.pdf,data-set-10-files-9,1,other
EFTA01391105.pdf,data-set-10-files-9,1,other
EFTA01391106.pdf,data-set-10-files-9,1,other
EFTA01391107.pdf,data-set-10-files-9,1,other
EFTA01391108.pdf,data-set-10-files-9,1,other
EFTA01391109.pdf,data-set-10-files-9,1,other
EFTA01391110.pdf,data-set-10-files-9,1,other
EFTA01391111.pdf,data-set-10-files-9,1,other
EFTA01391112.pdf,data-set-10-files-9,1,other
EFTA01391113.pdf,data-set-10-files-9,1,other
EFTA01391114.pdf,data-set-10-files-9,1,other
EFTA01391115.pdf,data-set-10-files-9,1,other
EFTA01391116.pdf,data-set-10-files-9,1,other
EFTA01391117.pdf,data-set-10-files-9,1,other
EFTA01391118.pdf,data-set-10-files-9,1,other
EFTA01391119.pdf,data-set-10-files-9,1,other
EFTA01391120.pdf,data-set-10-files-9,1,other
EFTA01391121.pdf,data-set-10-files-9,1,other
EFTA01391122.pdf,data-set-10-files-9,1,other
EFTA01391123.pdf,data-set-10-files-9,1,other
EFTA01391124.pdf,data-set-10-files-9,1,other
EFTA01391125.pdf,data-set-10-files-9,1,other
EFTA01391126.pdf,data-set-10-files-9,1,other
EFTA01391127.pdf,data-set-10-files-9,1,other
EFTA01391128.pdf,data-set-10-files-9,1,other
EFTA01391129.pdf,data-set-10-files-9,1,other
EFTA01391130.pdf,data-set-10-files-9,1,other
EFTA01391131.pdf,data-set-10-files-9,1,other
EFTA01391132.pdf,data-set-10-files-9,1,other
EFTA01391133.pdf,data-set-10-files-9,1,other
EFTA01391134.pdf,data-set-10-files-9,1,other
EFTA01391135.pdf,data-set-10-files-9,1,other
EFTA01391136.pdf,data-set-10-files-9,1,other
EFTA01391137.pdf,data-set-10-files-9,1,other
EFTA01391138.pdf,data-set-10-files-9,1,other
EFTA01391139.pdf,data-set-10-files-9,1,other
EFTA01391140.pdf,data-set-10-files-9,1,other
EFTA01391141.pdf,data-set-10-files-9,1,other
EFTA01391142.pdf,data-set-10-files-9,1,other
EFTA01391143.pdf,data-set-10-files-9,1,other
EFTA01391144.pdf,data-set-10-files-9,1,other
EFTA01391145.pdf,data-set-10-files-9,1,other
EFTA01391146.pdf,data-set-10-files-9,1,other
EFTA01391147.pdf,data-set-10-files-9,1,other
EFTA01391148.pdf,data-set-10-files-9,1,other
EFTA01391149.pdf,data-set-10-files-9,1,other
EFTA01391150.pdf,data-set-10-files-9,1,other
EFTA01391151.pdf,data-set-10-files-9,1,other
EFTA01391152.pdf,data-set-10-files-9,1,other
EFTA01391153.pdf,data-set-10-files-9,1,other
EFTA01391154.pdf,data-set-10-files-9,1,other
EFTA01391155.pdf,data-set-10-files-9,1,other
EFTA01391156.pdf,data-set-10-files-9,1,other
EFTA01391157.pdf,data-set-10-files-9,1,other
EFTA01391158.pdf,data-set-10-files-9,1,other
EFTA01391159.pdf,data-set-10-files-9,1,other
EFTA01391160.pdf,data-set-10-files-9,1,other
EFTA01391161.pdf,data-set-10-files-9,1,other
EFTA01391162.pdf,data-set-10-files-9,1,other
EFTA01391163.pdf,data-set-10-files-9,1,other
EFTA01391164.pdf,data-set-10-files-9,1,other
EFTA01391165.pdf,data-set-10-files-9,1,other
EFTA01391166.pdf,data-set-10-files-9,1,other
EFTA01391167.pdf,data-set-10-files-9,1,other
EFTA01391168.pdf,data-set-10-files-9,1,other
EFTA01391169.pdf,data-set-10-files-9,1,other
EFTA01391170.pdf,data-set-10-files-9,1,other
EFTA01391171.pdf,data-set-10-files-9,1,other
EFTA01391172.pdf,data-set-10-files-9,1,other
EFTA01391173.pdf,data-set-10-files-9,1,other
EFTA01391174.pdf,data-set-10-files-9,1,other
EFTA01391175.pdf,data-set-10-files-9,1,other
EFTA01391176.pdf,data-set-10-files-9,1,other
EFTA01391177.pdf,data-set-10-files-9,1,other
EFTA01391178.pdf,data-set-10-files-9,1,other
EFTA01391179.pdf,data-set-10-files-9,1,other
EFTA01391180.pdf,data-set-10-files-9,1,other
EFTA01391181.pdf,data-set-10-files-9,1,other
EFTA01391182.pdf,data-set-10-files-9,1,other
EFTA01391183.pdf,data-set-10-files-9,1,other
EFTA01391184.pdf,data-set-10-files-9,1,other
EFTA01391185.pdf,data-set-10-files-9,1,other
EFTA01391186.pdf,data-set-10-files-9,1,other
EFTA01391187.pdf,data-set-10-files-9,1,other
EFTA01391188.pdf,data-set-10-files-9,1,other
EFTA01391189.pdf,data-set-10-files-9,1,other
EFTA01391190.pdf,data-set-10-files-9,1,other
EFTA01391191.pdf,data-set-10-files-9,1,other
EFTA01391192.pdf,data-set-10-files-9,1,other
EFTA01391193.pdf,data-set-10-files-9,1,other
EFTA01391194.pdf,data-set-10-files-9,1,email
EFTA01391195.pdf,data-set-10-files-9,1,other
EFTA01391196.pdf,data-set-10-files-9,1,other
EFTA01391197.pdf,data-set-10-files-9,1,other
EFTA01391198.pdf,data-set-10-files-9,1,other
EFTA01391199.pdf,data-set-10-files-9,1,other
EFTA01391200.pdf,data-set-10-files-9,1,other
EFTA01391201.pdf,data-set-10-files-9,1,other
EFTA01391202.pdf,data-set-10-files-9,1,other
EFTA01391203.pdf,data-set-10-files-9,1,other
EFTA01391204.pdf,data-set-10-files-9,1,other
EFTA01391205.pdf,data-set-10-files-9,1,other
EFTA01391206.pdf,data-set-10-files-9,1,other
EFTA01391207.pdf,data-set-10-files-9,1,other
EFTA01391208.pdf,data-set-10-files-9,1,other
EFTA01391209.pdf,data-set-10-files-9,1,other
EFTA01391210.pdf,data-set-10-files-9,1,other
EFTA01391211.pdf,data-set-10-files-9,1,other
EFTA01391212.pdf,data-set-10-files-9,1,other
EFTA01391213.pdf,data-set-10-files-9,1,other
EFTA01391214.pdf,data-set-10-files-9,1,other
EFTA01391215.pdf,data-set-10-files-9,1,other
EFTA01391216.pdf,data-set-10-files-9,1,other
EFTA01391217.pdf,data-set-10-files-9,1,other
EFTA01391218.pdf,data-set-10-files-9,1,other
EFTA01391219.pdf,data-set-10-files-9,1,other
EFTA01391220.pdf,data-set-10-files-9,1,other
EFTA01391221.pdf,data-set-10-files-9,1,other
EFTA01391222.pdf,data-set-10-files-9,1,other
EFTA01391223.pdf,data-set-10-files-9,1,other
EFTA01391224.pdf,data-set-10-files-9,1,other
EFTA01391225.pdf,data-set-10-files-9,1,other
EFTA01391226.pdf,data-set-10-files-9,1,other
EFTA01391227.pdf,data-set-10-files-9,1,other
EFTA01391228.pdf,data-set-10-files-9,1,other
EFTA01391229.pdf,data-set-10-files-9,1,other
EFTA01391230.pdf,data-set-10-files-9,1,other
EFTA01391231.pdf,data-set-10-files-9,1,other
EFTA01391232.pdf,data-set-10-files-9,1,other
EFTA01391233.pdf,data-set-10-files-9,1,other
EFTA01391234.pdf,data-set-10-files-9,1,other
EFTA01391235.pdf,data-set-10-files-9,1,other
EFTA01391236.pdf,data-set-10-files-9,1,other
EFTA01391237.pdf,data-set-10-files-9,1,other
EFTA01391238.pdf,data-set-10-files-9,1,other
EFTA01391239.pdf,data-set-10-files-9,1,other
EFTA01391240.pdf,data-set-10-files-9,1,other
EFTA01391241.pdf,data-set-10-files-9,1,other
EFTA01391242.pdf,data-set-10-files-9,1,other
EFTA01391243.pdf,data-set-10-files-9,1,other
EFTA01391244.pdf,data-set-10-files-9,1,other
EFTA01391245.pdf,data-set-10-files-9,1,other
EFTA01391246.pdf,data-set-10-files-9,1,other
EFTA01391247.pdf,data-set-10-files-9,1,other
EFTA01391248.pdf,data-set-10-files-9,1,other
EFTA01391249.pdf,data-set-10-files-9,1,other
EFTA01391250.pdf,data-set-10-files-9,1,other
EFTA01391251.pdf,data-set-10-files-9,1,other
EFTA01391252.pdf,data-set-10-files-9,1,other
EFTA01391253.pdf,data-set-10-files-9,1,other
EFTA01391254.pdf,data-set-10-files-9,1,other
EFTA01391255.pdf,data-set-10-files-9,1,other
EFTA01391256.pdf,data-set-10-files-9,1,other
EFTA01391257.pdf,data-set-10-files-9,1,other
EFTA01391258.pdf,data-set-10-files-9,1,other
EFTA01391259.pdf,data-set-10-files-9,1,other
EFTA01391260.pdf,data-set-10-files-9,1,other
EFTA01391261.pdf,data-set-10-files-9,1,other
EFTA01391262.pdf,data-set-10-files-9,1,other
EFTA01391263.pdf,data-set-10-files-9,1,other
EFTA01391264.pdf,data-set-10-files-9,1,other
EFTA01391265.pdf,data-set-10-files-9,1,other
EFTA01391266.pdf,data-set-10-files-9,1,other
EFTA01391267.pdf,data-set-10-files-9,1,other
EFTA01391268.pdf,data-set-10-files-9,1,other
EFTA01391269.pdf,data-set-10-files-9,1,other
EFTA01391270.pdf,data-set-10-files-9,1,other
EFTA01391271.pdf,data-set-10-files-9,1,other
EFTA01391272.pdf,data-set-10-files-9,1,other
EFTA01391273.pdf,data-set-10-files-9,1,other
EFTA01391274.pdf,data-set-10-files-9,1,other
EFTA01391275.pdf,data-set-10-files-9,1,other
EFTA01391276.pdf,data-set-10-files-9,1,other
EFTA01391277.pdf,data-set-10-files-9,1,other
EFTA01391278.pdf,data-set-10-files-9,1,other
EFTA01391279.pdf,data-set-10-files-9,1,other
EFTA01391280.pdf,data-set-10-files-9,1,other
EFTA01391281.pdf,data-set-10-files-9,1,other
EFTA01391282.pdf,data-set-10-files-9,1,other
EFTA01391283.pdf,data-set-10-files-9,1,other
EFTA01391284.pdf,data-set-10-files-9,1,other
EFTA01391285.pdf,data-set-10-files-9,1,other
EFTA01391286.pdf,data-set-10-files-9,1,other
EFTA01391287.pdf,data-set-10-files-9,1,other
EFTA01391288.pdf,data-set-10-files-9,1,other
EFTA01391289.pdf,data-set-10-files-9,1,other
EFTA01391290.pdf,data-set-10-files-9,1,other
EFTA01391291.pdf,data-set-10-files-9,1,other
EFTA01391292.pdf,data-set-10-files-9,1,other
EFTA01391293.pdf,data-set-10-files-9,1,other
EFTA01391294.pdf,data-set-10-files-9,1,other
EFTA01391295.pdf,data-set-10-files-9,1,other
EFTA01391296.pdf,data-set-10-files-9,1,other
EFTA01391297.pdf,data-set-10-files-9,1,other
EFTA01391298.pdf,data-set-10-files-9,1,other
EFTA01391299.pdf,data-set-10-files-9,1,other
EFTA01391300.pdf,data-set-10-files-9,1,other
EFTA01391301.pdf,data-set-10-files-9,1,other
EFTA01391302.pdf,data-set-10-files-9,1,other
EFTA01391303.pdf,data-set-10-files-9,1,other
EFTA01391304.pdf,data-set-10-files-9,1,other
EFTA01391305.pdf,data-set-10-files-9,1,other
EFTA01391306.pdf,data-set-10-files-9,1,other
EFTA01391307.pdf,data-set-10-files-9,1,other
EFTA01391308.pdf,data-set-10-files-9,1,other
EFTA01391309.pdf,data-set-10-files-9,1,other
EFTA01391310.pdf,data-set-10-files-9,1,other
EFTA01391311.pdf,data-set-10-files-9,1,other
EFTA01391312.pdf,data-set-10-files-9,1,email
EFTA01391313.pdf,data-set-10-files-9,1,other
EFTA01391314.pdf,data-set-10-files-9,1,other
EFTA01391315.pdf,data-set-10-files-9,1,other
EFTA01391316.pdf,data-set-10-files-9,1,other
EFTA01391317.pdf,data-set-10-files-9,1,other
EFTA01391318.pdf,data-set-10-files-9,1,other
EFTA01391319.pdf,data-set-10-files-9,1,other
EFTA01391320.pdf,data-set-10-files-9,1,other
EFTA01391321.pdf,data-set-10-files-9,1,other
EFTA01391322.pdf,data-set-10-files-9,1,other
EFTA01391323.pdf,data-set-10-files-9,1,other
EFTA01391324.pdf,data-set-10-files-9,1,other
EFTA01391325.pdf,data-set-10-files-9,1,other
EFTA01391326.pdf,data-set-10-files-9,1,other
EFTA01391327.pdf,data-set-10-files-9,1,other
EFTA01391328.pdf,data-set-10-files-9,1,other
EFTA01391329.pdf,data-set-10-files-9,1,other
EFTA01391330.pdf,data-set-10-files-9,1,other
EFTA01391331.pdf,data-set-10-files-9,1,other
EFTA01391332.pdf,data-set-10-files-9,1,other
EFTA01391333.pdf,data-set-10-files-9,1,other
EFTA01391334.pdf,data-set-10-files-9,1,other
EFTA01391335.pdf,data-set-10-files-9,1,other
EFTA01391336.pdf,data-set-10-files-9,1,other
EFTA01391337.pdf,data-set-10-files-9,1,other
EFTA01391338.pdf,data-set-10-files-9,1,other
EFTA01391339.pdf,data-set-10-files-9,1,other
EFTA01391340.pdf,data-set-10-files-9,1,other
EFTA01391341.pdf,data-set-10-files-9,1,other
EFTA01391342.pdf,data-set-10-files-9,1,other
EFTA01391343.pdf,data-set-10-files-9,1,other
EFTA01391344.pdf,data-set-10-files-9,1,other
EFTA01391345.pdf,data-set-10-files-9,1,other
EFTA01391346.pdf,data-set-10-files-9,1,other
EFTA01391347.pdf,data-set-10-files-9,1,other
EFTA01391348.pdf,data-set-10-files-9,1,other
EFTA01391349.pdf,data-set-10-files-9,1,other
EFTA01391350.pdf,data-set-10-files-9,1,other
EFTA01391351.pdf,data-set-10-files-9,1,other
EFTA01391352.pdf,data-set-10-files-9,1,other
EFTA01391353.pdf,data-set-10-files-9,1,other
EFTA01391354.pdf,data-set-10-files-9,1,other
EFTA01391355.pdf,data-set-10-files-9,1,other
EFTA01391356.pdf,data-set-10-files-9,1,other
EFTA01391357.pdf,data-set-10-files-9,1,other
EFTA01391358.pdf,data-set-10-files-9,1,other
EFTA01391359.pdf,data-set-10-files-9,1,other
EFTA01391360.pdf,data-set-10-files-9,1,other
EFTA01391361.pdf,data-set-10-files-9,1,other
EFTA01391362.pdf,data-set-10-files-9,1,other
EFTA01391363.pdf,data-set-10-files-9,1,other
EFTA01391364.pdf,data-set-10-files-9,1,other
EFTA01391365.pdf,data-set-10-files-9,1,other
EFTA01391366.pdf,data-set-10-files-9,1,other
EFTA01391367.pdf,data-set-10-files-9,1,other
EFTA01391368.pdf,data-set-10-files-9,1,other
EFTA01391369.pdf,data-set-10-files-9,1,other
EFTA01391370.pdf,data-set-10-files-9,1,other
EFTA01391371.pdf,data-set-10-files-9,1,other
EFTA01391372.pdf,data-set-10-files-9,1,other
EFTA01391373.pdf,data-set-10-files-9,1,other
EFTA01391374.pdf,data-set-10-files-9,1,other
EFTA01391375.pdf,data-set-10-files-9,1,other
EFTA01391376.pdf,data-set-10-files-9,1,other
EFTA01391377.pdf,data-set-10-files-9,1,other
EFTA01391378.pdf,data-set-10-files-9,1,other
EFTA01391379.pdf,data-set-10-files-9,1,other
EFTA01391380.pdf,data-set-10-files-9,1,other
EFTA01391381.pdf,data-set-10-files-9,1,other
EFTA01391382.pdf,data-set-10-files-9,1,other
EFTA01391383.pdf,data-set-10-files-9,1,other
EFTA01391384.pdf,data-set-10-files-9,1,other
EFTA01391385.pdf,data-set-10-files-9,1,other
EFTA01391386.pdf,data-set-10-files-9,1,other
EFTA01391387.pdf,data-set-10-files-9,1,other
EFTA01391388.pdf,data-set-10-files-9,1,other
EFTA01391389.pdf,data-set-10-files-9,1,other
EFTA01391390.pdf,data-set-10-files-9,1,other
EFTA01391391.pdf,data-set-10-files-9,1,other
EFTA01391392.pdf,data-set-10-files-9,1,other
EFTA01391393.pdf,data-set-10-files-9,1,other
EFTA01391394.pdf,data-set-10-files-9,1,other
EFTA01391395.pdf,data-set-10-files-9,1,other
EFTA01391396.pdf,data-set-10-files-9,1,other
EFTA01391397.pdf,data-set-10-files-9,1,other
EFTA01391398.pdf,data-set-10-files-9,1,other
EFTA01391399.pdf,data-set-10-files-9,1,other
EFTA01391400.pdf,data-set-10-files-9,1,other
EFTA01391401.pdf,data-set-10-files-9,1,other
EFTA01391402.pdf,data-set-10-files-9,1,other
EFTA01391403.pdf,data-set-10-files-9,1,other
EFTA01391404.pdf,data-set-10-files-9,1,other
EFTA01391405.pdf,data-set-10-files-9,1,other
EFTA01391406.pdf,data-set-10-files-9,1,other
EFTA01391407.pdf,data-set-10-files-9,1,other
EFTA01391408.pdf,data-set-10-files-9,1,other
EFTA01391409.pdf,data-set-10-files-9,1,other
EFTA01391410.pdf,data-set-10-files-9,1,other
EFTA01391411.pdf,data-set-10-files-9,1,other
EFTA01391412.pdf,data-set-10-files-9,1,other
EFTA01391413.pdf,data-set-10-files-9,1,other
EFTA01391414.pdf,data-set-10-files-9,1,other
EFTA01391415.pdf,data-set-10-files-9,1,other
EFTA01391416.pdf,data-set-10-files-9,1,other
EFTA01391417.pdf,data-set-10-files-9,1,other
EFTA01391418.pdf,data-set-10-files-9,1,other
EFTA01391419.pdf,data-set-10-files-9,1,other
EFTA01391420.pdf,data-set-10-files-9,1,other
EFTA01391421.pdf,data-set-10-files-9,1,other
EFTA01391422.pdf,data-set-10-files-9,1,other
EFTA01391423.pdf,data-set-10-files-9,1,other
EFTA01391424.pdf,data-set-10-files-9,1,other
EFTA01391425.pdf,data-set-10-files-9,1,other
EFTA01391426.pdf,data-set-10-files-9,1,other
EFTA01391427.pdf,data-set-10-files-9,1,other
EFTA01391428.pdf,data-set-10-files-9,1,other
EFTA01391429.pdf,data-set-10-files-9,1,other
EFTA01391430.pdf,data-set-10-files-9,1,other
EFTA01391431.pdf,data-set-10-files-9,1,other
EFTA01391432.pdf,data-set-10-files-9,1,other
EFTA01391433.pdf,data-set-10-files-9,1,other
EFTA01391434.pdf,data-set-10-files-9,1,other
EFTA01391435.pdf,data-set-10-files-9,1,other
EFTA01391436.pdf,data-set-10-files-9,1,other
EFTA01391437.pdf,data-set-10-files-9,1,other
EFTA01391438.pdf,data-set-10-files-9,1,other
EFTA01391439.pdf,data-set-10-files-9,1,other
EFTA01391440.pdf,data-set-10-files-9,1,other
EFTA01391441.pdf,data-set-10-files-9,1,other
EFTA01391442.pdf,data-set-10-files-9,1,other
EFTA01391443.pdf,data-set-10-files-9,1,other
EFTA01391444.pdf,data-set-10-files-9,1,other
EFTA01391445.pdf,data-set-10-files-9,1,other
EFTA01391446.pdf,data-set-10-files-9,1,other
EFTA01391447.pdf,data-set-10-files-9,1,other
EFTA01391448.pdf,data-set-10-files-9,1,other
EFTA01391449.pdf,data-set-10-files-9,1,other
EFTA01391450.pdf,data-set-10-files-9,1,other
EFTA01391451.pdf,data-set-10-files-9,1,other
EFTA01391452.pdf,data-set-10-files-9,1,other
EFTA01391453.pdf,data-set-10-files-9,1,other
EFTA01391454.pdf,data-set-10-files-9,1,other
EFTA01391455.pdf,data-set-10-files-9,1,other
EFTA01391456.pdf,data-set-10-files-9,1,other
EFTA01391457.pdf,data-set-10-files-9,1,other
EFTA01391458.pdf,data-set-10-files-9,1,other
EFTA01391459.pdf,data-set-10-files-9,1,other
EFTA01391460.pdf,data-set-10-files-9,1,other
EFTA01391461.pdf,data-set-10-files-9,1,other
EFTA01391462.pdf,data-set-10-files-9,1,other
EFTA01391463.pdf,data-set-10-files-9,1,other
EFTA01391464.pdf,data-set-10-files-9,1,other
EFTA01391465.pdf,data-set-10-files-9,1,other
EFTA01391466.pdf,data-set-10-files-9,1,other
EFTA01391467.pdf,data-set-10-files-9,1,other
EFTA01391468.pdf,data-set-10-files-9,1,other
EFTA01391469.pdf,data-set-10-files-9,1,other
EFTA01391470.pdf,data-set-10-files-9,1,other
EFTA01391471.pdf,data-set-10-files-9,1,other
EFTA01391472.pdf,data-set-10-files-9,1,other
EFTA01391473.pdf,data-set-10-files-9,1,other
EFTA01391474.pdf,data-set-10-files-9,1,other
EFTA01391475.pdf,data-set-10-files-9,1,other
EFTA01391476.pdf,data-set-10-files-9,1,other
EFTA01391477.pdf,data-set-10-files-9,1,other
EFTA01391478.pdf,data-set-10-files-9,1,other
EFTA01391479.pdf,data-set-10-files-9,1,other
EFTA01391480.pdf,data-set-10-files-9,1,other
EFTA01391481.pdf,data-set-10-files-9,1,other
EFTA01391482.pdf,data-set-10-files-9,1,other
EFTA01391483.pdf,data-set-10-files-9,1,email
EFTA01391484.pdf,data-set-10-files-9,1,other
EFTA01391485.pdf,data-set-10-files-9,1,other
EFTA01391486.pdf,data-set-10-files-9,1,other
EFTA01391487.pdf,data-set-10-files-9,1,other
EFTA01391488.pdf,data-set-10-files-9,1,other
EFTA01391489.pdf,data-set-10-files-9,1,other
EFTA01391490.pdf,data-set-10-files-9,1,other
EFTA01391491.pdf,data-set-10-files-9,1,other
EFTA01391492.pdf,data-set-10-files-9,1,other
EFTA01391493.pdf,data-set-10-files-9,1,other
EFTA01391494.pdf,data-set-10-files-9,1,other
EFTA01391495.pdf,data-set-10-files-9,1,other
EFTA01391496.pdf,data-set-10-files-9,1,other
EFTA01391497.pdf,data-set-10-files-9,1,other
EFTA01391498.pdf,data-set-10-files-9,1,other
EFTA01391499.pdf,data-set-10-files-9,1,other
EFTA01391500.pdf,data-set-10-files-9,1,other
EFTA01391501.pdf,data-set-10-files-9,1,other
EFTA01391502.pdf,data-set-10-files-9,1,other
EFTA01391503.pdf,data-set-10-files-9,1,other
EFTA01391504.pdf,data-set-10-files-9,1,other
EFTA01391505.pdf,data-set-10-files-9,1,other
EFTA01391506.pdf,data-set-10-files-9,1,other
EFTA01391507.pdf,data-set-10-files-9,1,other
EFTA01391508.pdf,data-set-10-files-9,1,other
EFTA01391509.pdf,data-set-10-files-9,1,other
EFTA01391510.pdf,data-set-10-files-9,1,other
EFTA01391511.pdf,data-set-10-files-9,1,other
EFTA01391512.pdf,data-set-10-files-9,1,other
EFTA01391513.pdf,data-set-10-files-9,1,other
EFTA01391514.pdf,data-set-10-files-9,1,other
EFTA01391515.pdf,data-set-10-files-9,1,other
EFTA01391516.pdf,data-set-10-files-9,1,other
EFTA01391517.pdf,data-set-10-files-9,1,other
EFTA01391518.pdf,data-set-10-files-9,1,other
EFTA01391519.pdf,data-set-10-files-9,1,other
EFTA01391520.pdf,data-set-10-files-9,1,other
EFTA01391521.pdf,data-set-10-files-9,1,other
EFTA01391522.pdf,data-set-10-files-9,1,other
EFTA01391523.pdf,data-set-10-files-9,1,other
EFTA01391524.pdf,data-set-10-files-9,1,other
EFTA01391525.pdf,data-set-10-files-9,1,other
EFTA01391526.pdf,data-set-10-files-9,1,other
EFTA01391527.pdf,data-set-10-files-9,1,other
EFTA01391528.pdf,data-set-10-files-9,1,other
EFTA01391529.pdf,data-set-10-files-9,1,other
EFTA01391530.pdf,data-set-10-files-9,1,other
EFTA01391531.pdf,data-set-10-files-9,1,other
EFTA01391532.pdf,data-set-10-files-9,1,other
EFTA01391533.pdf,data-set-10-files-9,1,other
EFTA01391534.pdf,data-set-10-files-9,1,other
EFTA01391535.pdf,data-set-10-files-9,1,other
EFTA01391536.pdf,data-set-10-files-9,1,other
EFTA01391537.pdf,data-set-10-files-9,1,other
EFTA01391538.pdf,data-set-10-files-9,1,other
EFTA01391539.pdf,data-set-10-files-9,1,other
EFTA01391540.pdf,data-set-10-files-9,1,other
EFTA01391541.pdf,data-set-10-files-9,1,other
EFTA01391542.pdf,data-set-10-files-9,1,other
EFTA01391543.pdf,data-set-10-files-9,1,other
EFTA01391544.pdf,data-set-10-files-9,1,other
EFTA01391545.pdf,data-set-10-files-9,1,other
EFTA01391546.pdf,data-set-10-files-9,1,other
EFTA01391547.pdf,data-set-10-files-9,1,other
EFTA01391548.pdf,data-set-10-files-9,1,other
EFTA01391549.pdf,data-set-10-files-9,1,other
EFTA01391550.pdf,data-set-10-files-9,1,other
EFTA01391551.pdf,data-set-10-files-9,1,other
EFTA01391552.pdf,data-set-10-files-9,1,other
EFTA01391553.pdf,data-set-10-files-9,1,other
EFTA01391554.pdf,data-set-10-files-9,1,other
EFTA01391555.pdf,data-set-10-files-9,1,other
EFTA01391556.pdf,data-set-10-files-9,1,other
EFTA01391557.pdf,data-set-10-files-9,1,other
EFTA01391558.pdf,data-set-10-files-9,1,other
EFTA01391559.pdf,data-set-10-files-9,1,other
EFTA01391560.pdf,data-set-10-files-9,1,other
EFTA01391561.pdf,data-set-10-files-9,1,other
EFTA01391562.pdf,data-set-10-files-9,1,other
EFTA01391563.pdf,data-set-10-files-9,1,other
EFTA01391564.pdf,data-set-10-files-9,1,other
EFTA01391565.pdf,data-set-10-files-9,1,other
EFTA01391566.pdf,data-set-10-files-9,1,other
EFTA01391567.pdf,data-set-10-files-9,1,other
EFTA01391568.pdf,data-set-10-files-9,1,other
EFTA01391569.pdf,data-set-10-files-9,1,other
EFTA01391570.pdf,data-set-10-files-9,1,other
EFTA01391571.pdf,data-set-10-files-9,1,other
EFTA01391572.pdf,data-set-10-files-9,1,other
EFTA01391573.pdf,data-set-10-files-9,1,other
EFTA01391574.pdf,data-set-10-files-9,1,other
EFTA01391575.pdf,data-set-10-files-9,1,other
EFTA01391576.pdf,data-set-10-files-9,1,other
EFTA01391577.pdf,data-set-10-files-9,1,other
EFTA01391578.pdf,data-set-10-files-9,1,other
EFTA01391579.pdf,data-set-10-files-9,1,other
EFTA01391580.pdf,data-set-10-files-9,1,email
EFTA01391581.pdf,data-set-10-files-9,1,other
EFTA01391582.pdf,data-set-10-files-9,1,other
EFTA01391583.pdf,data-set-10-files-9,1,other
EFTA01391584.pdf,data-set-10-files-9,1,other
EFTA01391585.pdf,data-set-10-files-9,1,other
EFTA01391586.pdf,data-set-10-files-9,1,other
EFTA01391587.pdf,data-set-10-files-9,1,other
EFTA01391588.pdf,data-set-10-files-9,1,other
EFTA01391589.pdf,data-set-10-files-9,1,other
EFTA01391590.pdf,data-set-10-files-9,1,other
EFTA01391591.pdf,data-set-10-files-9,1,other
EFTA01391592.pdf,data-set-10-files-9,1,other
EFTA01391593.pdf,data-set-10-files-9,1,other
EFTA01391594.pdf,data-set-10-files-9,1,other
EFTA01391595.pdf,data-set-10-files-9,1,other
EFTA01391596.pdf,data-set-10-files-9,1,other
EFTA01391597.pdf,data-set-10-files-9,1,other
EFTA01391598.pdf,data-set-10-files-9,1,other
EFTA01391599.pdf,data-set-10-files-9,1,other
EFTA01391600.pdf,data-set-10-files-9,1,other
EFTA01391601.pdf,data-set-10-files-9,1,other
EFTA01391602.pdf,data-set-10-files-9,1,email
EFTA01391603.pdf,data-set-10-files-9,1,other
EFTA01391604.pdf,data-set-10-files-9,1,other
EFTA01391605.pdf,data-set-10-files-9,1,other
EFTA01391606.pdf,data-set-10-files-9,1,other
EFTA01391607.pdf,data-set-10-files-9,1,other
EFTA01391608.pdf,data-set-10-files-9,1,other
EFTA01391609.pdf,data-set-10-files-9,1,other
EFTA01391610.pdf,data-set-10-files-9,1,other
EFTA01391611.pdf,data-set-10-files-9,1,other
EFTA01391612.pdf,data-set-10-files-9,1,other
EFTA01391613.pdf,data-set-10-files-9,1,other
EFTA01391614.pdf,data-set-10-files-9,1,other
EFTA01391615.pdf,data-set-10-files-9,1,other
EFTA01391616.pdf,data-set-10-files-9,1,other
EFTA01391617.pdf,data-set-10-files-9,1,other
EFTA01391618.pdf,data-set-10-files-9,1,other
EFTA01391619.pdf,data-set-10-files-9,1,other
EFTA01391620.pdf,data-set-10-files-9,1,other
EFTA01391621.pdf,data-set-10-files-9,1,other
EFTA01391622.pdf,data-set-10-files-9,1,other
EFTA01391623.pdf,data-set-10-files-9,1,other
EFTA01391624.pdf,data-set-10-files-9,1,other
EFTA01391625.pdf,data-set-10-files-9,1,other
EFTA01391626.pdf,data-set-10-files-9,1,other
EFTA01391627.pdf,data-set-10-files-9,1,other
EFTA01391628.pdf,data-set-10-files-9,1,other
EFTA01391629.pdf,data-set-10-files-9,1,other
EFTA01391630.pdf,data-set-10-files-9,1,other
EFTA01391631.pdf,data-set-10-files-9,1,other
EFTA01391632.pdf,data-set-10-files-9,1,other
EFTA01391633.pdf,data-set-10-files-9,1,other
EFTA01391634.pdf,data-set-10-files-9,1,other
EFTA01391635.pdf,data-set-10-files-9,1,email
EFTA01391636.pdf,data-set-10-files-9,1,other
EFTA01391637.pdf,data-set-10-files-9,1,other
EFTA01391638.pdf,data-set-10-files-9,1,other
EFTA01391639.pdf,data-set-10-files-9,1,other
EFTA01391640.pdf,data-set-10-files-9,1,other
EFTA01391641.pdf,data-set-10-files-9,1,other
EFTA01391642.pdf,data-set-10-files-9,1,other
EFTA01391643.pdf,data-set-10-files-9,1,other
EFTA01391644.pdf,data-set-10-files-9,1,other
EFTA01391645.pdf,data-set-10-files-9,1,other
EFTA01391646.pdf,data-set-10-files-9,1,other
EFTA01391647.pdf,data-set-10-files-9,1,other
EFTA01391648.pdf,data-set-10-files-9,1,other
EFTA01391649.pdf,data-set-10-files-9,1,other
EFTA01391650.pdf,data-set-10-files-9,1,other
EFTA01391651.pdf,data-set-10-files-9,1,other
EFTA01391652.pdf,data-set-10-files-9,1,other
EFTA01391653.pdf,data-set-10-files-9,1,other
EFTA01391654.pdf,data-set-10-files-9,1,other
EFTA01391655.pdf,data-set-10-files-9,1,other
EFTA01391656.pdf,data-set-10-files-9,1,other
EFTA01391657.pdf,data-set-10-files-9,1,other
EFTA01391658.pdf,data-set-10-files-9,1,other
EFTA01391659.pdf,data-set-10-files-9,1,other
EFTA01391660.pdf,data-set-10-files-9,1,other
EFTA01391661.pdf,data-set-10-files-9,1,other
EFTA01391662.pdf,data-set-10-files-9,1,other
EFTA01391663.pdf,data-set-10-files-9,1,other
EFTA01391664.pdf,data-set-10-files-9,1,other
EFTA01391665.pdf,data-set-10-files-9,1,other
EFTA01391666.pdf,data-set-10-files-9,1,other
EFTA01391667.pdf,data-set-10-files-9,1,other
EFTA01391668.pdf,data-set-10-files-9,1,other
EFTA01391669.pdf,data-set-10-files-9,1,other
EFTA01391670.pdf,data-set-10-files-9,1,other
EFTA01391671.pdf,data-set-10-files-9,1,other
EFTA01391672.pdf,data-set-10-files-9,1,other
EFTA01391673.pdf,data-set-10-files-9,1,other
EFTA01391674.pdf,data-set-10-files-9,1,other
EFTA01391675.pdf,data-set-10-files-9,1,other
EFTA01391676.pdf,data-set-10-files-9,1,other
EFTA01391677.pdf,data-set-10-files-9,1,other
EFTA01391678.pdf,data-set-10-files-9,1,other
EFTA01391679.pdf,data-set-10-files-9,1,other
EFTA01391680.pdf,data-set-10-files-9,1,other
EFTA01391681.pdf,data-set-10-files-9,1,other
EFTA01391682.pdf,data-set-10-files-9,1,other
EFTA01391683.pdf,data-set-10-files-9,1,other
EFTA01391684.pdf,data-set-10-files-9,1,other
EFTA01391685.pdf,data-set-10-files-9,1,other
EFTA01391686.pdf,data-set-10-files-9,1,other
EFTA01391687.pdf,data-set-10-files-9,1,other
EFTA01391688.pdf,data-set-10-files-9,1,other
EFTA01391689.pdf,data-set-10-files-9,1,other
EFTA01391690.pdf,data-set-10-files-9,1,other
EFTA01391691.pdf,data-set-10-files-9,1,other
EFTA01391692.pdf,data-set-10-files-9,1,other
EFTA01391693.pdf,data-set-10-files-9,1,other
EFTA01391694.pdf,data-set-10-files-9,1,other
EFTA01391695.pdf,data-set-10-files-9,1,other
EFTA01391696.pdf,data-set-10-files-9,1,other
EFTA01391697.pdf,data-set-10-files-9,1,other
EFTA01391698.pdf,data-set-10-files-9,1,other
EFTA01391699.pdf,data-set-10-files-9,1,other
EFTA01391700.pdf,data-set-10-files-9,1,other
EFTA01391701.pdf,data-set-10-files-9,1,other
EFTA01391702.pdf,data-set-10-files-9,1,other
EFTA01391703.pdf,data-set-10-files-9,1,other
EFTA01391704.pdf,data-set-10-files-9,1,other
EFTA01391705.pdf,data-set-10-files-9,1,other
EFTA01391706.pdf,data-set-10-files-9,1,other
EFTA01391707.pdf,data-set-10-files-9,1,other
EFTA01391708.pdf,data-set-10-files-9,1,other
EFTA01391709.pdf,data-set-10-files-9,1,other
EFTA01391710.pdf,data-set-10-files-9,1,other
EFTA01391711.pdf,data-set-10-files-9,1,other
EFTA01391712.pdf,data-set-10-files-9,1,other
EFTA01391713.pdf,data-set-10-files-9,1,other
EFTA01391714.pdf,data-set-10-files-9,1,other
EFTA01391715.pdf,data-set-10-files-9,1,other
EFTA01391716.pdf,data-set-10-files-9,1,other
EFTA01391717.pdf,data-set-10-files-9,1,other
EFTA01391718.pdf,data-set-10-files-9,1,other
EFTA01391719.pdf,data-set-10-files-9,1,other
EFTA01391720.pdf,data-set-10-files-9,1,other
EFTA01391721.pdf,data-set-10-files-9,1,other
EFTA01391722.pdf,data-set-10-files-9,1,other
EFTA01391723.pdf,data-set-10-files-9,1,other
EFTA01391724.pdf,data-set-10-files-9,1,other
EFTA01391725.pdf,data-set-10-files-9,1,other
EFTA01391726.pdf,data-set-10-files-9,1,other
EFTA01391727.pdf,data-set-10-files-9,1,other
EFTA01391728.pdf,data-set-10-files-9,1,other
EFTA01391729.pdf,data-set-10-files-9,1,other
EFTA01391730.pdf,data-set-10-files-9,1,other
EFTA01391731.pdf,data-set-10-files-9,1,other
EFTA01391732.pdf,data-set-10-files-9,1,other
EFTA01391733.pdf,data-set-10-files-9,1,other
EFTA01391734.pdf,data-set-10-files-9,1,other
EFTA01391735.pdf,data-set-10-files-9,1,other
EFTA01391736.pdf,data-set-10-files-9,1,other
EFTA01391737.pdf,data-set-10-files-9,1,other
EFTA01391738.pdf,data-set-10-files-9,1,other
EFTA01391739.pdf,data-set-10-files-9,1,other
EFTA01391740.pdf,data-set-10-files-9,1,other
EFTA01391741.pdf,data-set-10-files-9,1,other
EFTA01391742.pdf,data-set-10-files-9,1,other
EFTA01391743.pdf,data-set-10-files-9,1,other
EFTA01391744.pdf,data-set-10-files-9,1,other
EFTA01391745.pdf,data-set-10-files-9,1,other
EFTA01391746.pdf,data-set-10-files-9,1,other
EFTA01391747.pdf,data-set-10-files-9,1,other
EFTA01391748.pdf,data-set-10-files-9,1,other
EFTA01391749.pdf,data-set-10-files-9,1,other
EFTA01391750.pdf,data-set-10-files-9,1,other
EFTA01391751.pdf,data-set-10-files-9,1,other
EFTA01391752.pdf,data-set-10-files-9,1,other
EFTA01391753.pdf,data-set-10-files-9,1,other
EFTA01391754.pdf,data-set-10-files-9,1,other
EFTA01391755.pdf,data-set-10-files-9,1,other
EFTA01391756.pdf,data-set-10-files-9,1,other
EFTA01391757.pdf,data-set-10-files-9,1,other
EFTA01391758.pdf,data-set-10-files-9,1,other
EFTA01391759.pdf,data-set-10-files-9,1,other
EFTA01391760.pdf,data-set-10-files-9,1,other
EFTA01391761.pdf,data-set-10-files-9,1,other
EFTA01391762.pdf,data-set-10-files-9,1,other
EFTA01391763.pdf,data-set-10-files-9,1,other
EFTA01391764.pdf,data-set-10-files-9,1,other
EFTA01391765.pdf,data-set-10-files-9,1,other
EFTA01391766.pdf,data-set-10-files-9,1,other
EFTA01391767.pdf,data-set-10-files-9,1,other
EFTA01391768.pdf,data-set-10-files-9,1,other
EFTA01391769.pdf,data-set-10-files-9,1,other
EFTA01391770.pdf,data-set-10-files-9,1,other
EFTA01391771.pdf,data-set-10-files-9,1,other
EFTA01391772.pdf,data-set-10-files-9,1,other
EFTA01391773.pdf,data-set-10-files-9,1,other
EFTA01391774.pdf,data-set-10-files-9,1,other
EFTA01391775.pdf,data-set-10-files-9,1,other
EFTA01391776.pdf,data-set-10-files-9,1,other
EFTA01391777.pdf,data-set-10-files-9,1,other
EFTA01391778.pdf,data-set-10-files-9,1,other
EFTA01391779.pdf,data-set-10-files-9,1,other
EFTA01391780.pdf,data-set-10-files-9,1,other
EFTA01391781.pdf,data-set-10-files-9,1,other
EFTA01391782.pdf,data-set-10-files-9,1,other
EFTA01391783.pdf,data-set-10-files-9,1,other
EFTA01391784.pdf,data-set-10-files-9,1,other
EFTA01391785.pdf,data-set-10-files-9,1,other
EFTA01391786.pdf,data-set-10-files-9,1,other
EFTA01391787.pdf,data-set-10-files-9,1,other
EFTA01391788.pdf,data-set-10-files-9,1,other
EFTA01391789.pdf,data-set-10-files-9,1,other
EFTA01391790.pdf,data-set-10-files-9,1,other
EFTA01391791.pdf,data-set-10-files-9,1,other
EFTA01391792.pdf,data-set-10-files-9,1,other
EFTA01391793.pdf,data-set-10-files-9,1,other
EFTA01391794.pdf,data-set-10-files-9,1,other
EFTA01391795.pdf,data-set-10-files-9,1,other
EFTA01391796.pdf,data-set-10-files-9,1,other
EFTA01391797.pdf,data-set-10-files-9,1,other
EFTA01391798.pdf,data-set-10-files-9,1,other
EFTA01391799.pdf,data-set-10-files-9,1,other
EFTA01391800.pdf,data-set-10-files-9,1,other
EFTA01391801.pdf,data-set-10-files-9,1,other
EFTA01391802.pdf,data-set-10-files-9,1,other
EFTA01391803.pdf,data-set-10-files-9,1,other
EFTA01391804.pdf,data-set-10-files-9,1,other
EFTA01391805.pdf,data-set-10-files-9,1,other
EFTA01391806.pdf,data-set-10-files-9,1,other
EFTA01391807.pdf,data-set-10-files-9,1,other
EFTA01391808.pdf,data-set-10-files-9,1,other
EFTA01391809.pdf,data-set-10-files-9,1,other
EFTA01391810.pdf,data-set-10-files-9,1,other
EFTA01391811.pdf,data-set-10-files-9,1,other
EFTA01391812.pdf,data-set-10-files-9,1,other
EFTA01391813.pdf,data-set-10-files-9,1,other
EFTA01391814.pdf,data-set-10-files-9,1,other
EFTA01391815.pdf,data-set-10-files-9,1,other
EFTA01391816.pdf,data-set-10-files-9,1,other
EFTA01391817.pdf,data-set-10-files-9,1,other
EFTA01391818.pdf,data-set-10-files-9,1,other
EFTA01391819.pdf,data-set-10-files-9,1,other
EFTA01391820.pdf,data-set-10-files-9,1,email
EFTA01391821.pdf,data-set-10-files-9,1,other
EFTA01391822.pdf,data-set-10-files-9,1,other
EFTA01391823.pdf,data-set-10-files-9,1,other
EFTA01391824.pdf,data-set-10-files-9,1,other
EFTA01391825.pdf,data-set-10-files-9,1,other
EFTA01391826.pdf,data-set-10-files-9,1,other
EFTA01391827.pdf,data-set-10-files-9,1,other
EFTA01391828.pdf,data-set-10-files-9,1,other
EFTA01391829.pdf,data-set-10-files-9,1,other
EFTA01391830.pdf,data-set-10-files-9,1,other
EFTA01391831.pdf,data-set-10-files-9,1,other
EFTA01391832.pdf,data-set-10-files-9,1,other
EFTA01391833.pdf,data-set-10-files-9,1,other
EFTA01391834.pdf,data-set-10-files-9,1,other
EFTA01391835.pdf,data-set-10-files-9,1,other
EFTA01391836.pdf,data-set-10-files-9,1,other
EFTA01391837.pdf,data-set-10-files-9,1,other
EFTA01391838.pdf,data-set-10-files-9,1,other
EFTA01391839.pdf,data-set-10-files-9,1,other
EFTA01391840.pdf,data-set-10-files-9,1,other
EFTA01391841.pdf,data-set-10-files-9,1,other
EFTA01391842.pdf,data-set-10-files-9,1,other
EFTA01391843.pdf,data-set-10-files-9,1,other
EFTA01391844.pdf,data-set-10-files-9,1,other
EFTA01391845.pdf,data-set-10-files-9,1,other
EFTA01391846.pdf,data-set-10-files-9,1,other
EFTA01391847.pdf,data-set-10-files-9,1,other
EFTA01391848.pdf,data-set-10-files-9,1,other
EFTA01391849.pdf,data-set-10-files-9,1,other
EFTA01391850.pdf,data-set-10-files-9,1,other
EFTA01391851.pdf,data-set-10-files-9,1,other
EFTA01391852.pdf,data-set-10-files-9,1,other
EFTA01391853.pdf,data-set-10-files-9,1,other
EFTA01391854.pdf,data-set-10-files-9,1,other
EFTA01391855.pdf,data-set-10-files-9,1,other
EFTA01391856.pdf,data-set-10-files-9,1,other
EFTA01391857.pdf,data-set-10-files-9,1,other
EFTA01391858.pdf,data-set-10-files-9,1,other
EFTA01391859.pdf,data-set-10-files-9,1,other
EFTA01391860.pdf,data-set-10-files-9,1,other
EFTA01391861.pdf,data-set-10-files-9,1,other
EFTA01391862.pdf,data-set-10-files-9,1,other
EFTA01391863.pdf,data-set-10-files-9,1,other
EFTA01391864.pdf,data-set-10-files-9,1,other
EFTA01391865.pdf,data-set-10-files-9,1,other
EFTA01391866.pdf,data-set-10-files-9,1,other
EFTA01391867.pdf,data-set-10-files-9,1,other
EFTA01391868.pdf,data-set-10-files-9,1,other
EFTA01391869.pdf,data-set-10-files-9,1,other
EFTA01391870.pdf,data-set-10-files-9,1,other
EFTA01391871.pdf,data-set-10-files-9,1,other
EFTA01391872.pdf,data-set-10-files-9,1,other
EFTA01391873.pdf,data-set-10-files-9,1,other
EFTA01391874.pdf,data-set-10-files-9,1,other
EFTA01391875.pdf,data-set-10-files-9,1,other
EFTA01391876.pdf,data-set-10-files-9,1,other
EFTA01391877.pdf,data-set-10-files-9,1,other
EFTA01391878.pdf,data-set-10-files-9,1,other
EFTA01391879.pdf,data-set-10-files-9,1,other
EFTA01391880.pdf,data-set-10-files-9,1,other
EFTA01391881.pdf,data-set-10-files-9,1,other
EFTA01391882.pdf,data-set-10-files-9,1,other
EFTA01391883.pdf,data-set-10-files-9,1,other
EFTA01391884.pdf,data-set-10-files-9,1,other
EFTA01391885.pdf,data-set-10-files-9,1,other
EFTA01391886.pdf,data-set-10-files-9,1,other
EFTA01391887.pdf,data-set-10-files-9,1,other
EFTA01391888.pdf,data-set-10-files-9,1,other
EFTA01391889.pdf,data-set-10-files-9,1,other
EFTA01391890.pdf,data-set-10-files-9,1,other
EFTA01391891.pdf,data-set-10-files-9,1,other
EFTA01391892.pdf,data-set-10-files-9,1,other
EFTA01391893.pdf,data-set-10-files-9,1,other
EFTA01391894.pdf,data-set-10-files-9,1,other
EFTA01391895.pdf,data-set-10-files-9,1,other
EFTA01391896.pdf,data-set-10-files-9,1,other
EFTA01391897.pdf,data-set-10-files-9,1,other
EFTA01391898.pdf,data-set-10-files-9,1,other
EFTA01391899.pdf,data-set-10-files-9,1,other
EFTA01391900.pdf,data-set-10-files-9,1,other
EFTA01391901.pdf,data-set-10-files-9,1,other
EFTA01391902.pdf,data-set-10-files-9,1,other
EFTA01391903.pdf,data-set-10-files-9,1,other
EFTA01391904.pdf,data-set-10-files-9,1,other
EFTA01391905.pdf,data-set-10-files-9,1,other
EFTA01391906.pdf,data-set-10-files-9,1,other
EFTA01391907.pdf,data-set-10-files-9,1,other
EFTA01391908.pdf,data-set-10-files-9,1,other
EFTA01391909.pdf,data-set-10-files-9,1,other
EFTA01391910.pdf,data-set-10-files-9,1,other
EFTA01391911.pdf,data-set-10-files-9,1,other
EFTA01391912.pdf,data-set-10-files-9,1,other
EFTA01391913.pdf,data-set-10-files-9,1,other
EFTA01391914.pdf,data-set-10-files-9,1,other
EFTA01391915.pdf,data-set-10-files-9,1,other
EFTA01391916.pdf,data-set-10-files-9,1,other
EFTA01391917.pdf,data-set-10-files-9,1,other
EFTA01391918.pdf,data-set-10-files-9,1,other
EFTA01391919.pdf,data-set-10-files-9,1,other
EFTA01391920.pdf,data-set-10-files-9,1,other
EFTA01391921.pdf,data-set-10-files-9,1,other
EFTA01391922.pdf,data-set-10-files-9,1,other
EFTA01391923.pdf,data-set-10-files-9,1,other
EFTA01391924.pdf,data-set-10-files-9,1,other
EFTA01391925.pdf,data-set-10-files-9,1,other
EFTA01391926.pdf,data-set-10-files-9,1,other
EFTA01391927.pdf,data-set-10-files-9,1,other
EFTA01391928.pdf,data-set-10-files-9,1,other
EFTA01391929.pdf,data-set-10-files-9,1,other
EFTA01391930.pdf,data-set-10-files-9,1,other
EFTA01391931.pdf,data-set-10-files-9,1,email
EFTA01391932.pdf,data-set-10-files-9,1,other
EFTA01391933.pdf,data-set-10-files-9,1,other
EFTA01391934.pdf,data-set-10-files-9,1,other
EFTA01391935.pdf,data-set-10-files-9,1,other
EFTA01391936.pdf,data-set-10-files-9,1,other
EFTA01391937.pdf,data-set-10-files-9,1,other
EFTA01391938.pdf,data-set-10-files-9,1,other
EFTA01391939.pdf,data-set-10-files-9,1,other
EFTA01391940.pdf,data-set-10-files-9,1,other
EFTA01391941.pdf,data-set-10-files-9,1,other
EFTA01391942.pdf,data-set-10-files-9,1,other
EFTA01391943.pdf,data-set-10-files-9,1,other
EFTA01391944.pdf,data-set-10-files-9,1,other
EFTA01391945.pdf,data-set-10-files-9,1,other
EFTA01391946.pdf,data-set-10-files-9,1,other
EFTA01391947.pdf,data-set-10-files-9,1,other
EFTA01391948.pdf,data-set-10-files-9,1,other
EFTA01391949.pdf,data-set-10-files-9,1,other
EFTA01391950.pdf,data-set-10-files-9,1,other
EFTA01391951.pdf,data-set-10-files-9,1,other
EFTA01391952.pdf,data-set-10-files-9,1,other
EFTA01391953.pdf,data-set-10-files-9,1,other
EFTA01391954.pdf,data-set-10-files-9,1,other
EFTA01391955.pdf,data-set-10-files-9,1,other
EFTA01391956.pdf,data-set-10-files-9,1,other
EFTA01391957.pdf,data-set-10-files-9,1,other
EFTA01391958.pdf,data-set-10-files-9,1,other
EFTA01391959.pdf,data-set-10-files-9,1,other
EFTA01391960.pdf,data-set-10-files-9,1,other
EFTA01391961.pdf,data-set-10-files-9,1,other
EFTA01391962.pdf,data-set-10-files-9,1,other
EFTA01391963.pdf,data-set-10-files-9,1,other
EFTA01391964.pdf,data-set-10-files-9,1,other
EFTA01391965.pdf,data-set-10-files-9,1,other
EFTA01391966.pdf,data-set-10-files-9,1,other
EFTA01391967.pdf,data-set-10-files-9,1,other
EFTA01391968.pdf,data-set-10-files-9,1,other
EFTA01391969.pdf,data-set-10-files-9,1,other
EFTA01391970.pdf,data-set-10-files-9,1,other
EFTA01391971.pdf,data-set-10-files-9,1,other
EFTA01391972.pdf,data-set-10-files-9,1,other
EFTA01391973.pdf,data-set-10-files-9,1,other
EFTA01391974.pdf,data-set-10-files-9,1,other
EFTA01391975.pdf,data-set-10-files-9,1,other
EFTA01391976.pdf,data-set-10-files-9,1,other
EFTA01391977.pdf,data-set-10-files-9,1,other
EFTA01391978.pdf,data-set-10-files-9,1,other
EFTA01391979.pdf,data-set-10-files-9,1,other
EFTA01391980.pdf,data-set-10-files-9,1,other
EFTA01391981.pdf,data-set-10-files-9,1,other
EFTA01391982.pdf,data-set-10-files-9,1,other
EFTA01391983.pdf,data-set-10-files-9,1,other
EFTA01391984.pdf,data-set-10-files-9,1,other
EFTA01391985.pdf,data-set-10-files-9,1,other
EFTA01391986.pdf,data-set-10-files-9,1,other
EFTA01391987.pdf,data-set-10-files-9,1,other
EFTA01391988.pdf,data-set-10-files-9,1,other
EFTA01391989.pdf,data-set-10-files-9,1,other
EFTA01391990.pdf,data-set-10-files-9,1,other
EFTA01391991.pdf,data-set-10-files-9,1,other
EFTA01391992.pdf,data-set-10-files-9,1,other
EFTA01391993.pdf,data-set-10-files-9,1,other
EFTA01391994.pdf,data-set-10-files-9,1,other
EFTA01391995.pdf,data-set-10-files-9,1,other
EFTA01391996.pdf,data-set-10-files-9,1,other
EFTA01391997.pdf,data-set-10-files-9,1,other
EFTA01391998.pdf,data-set-10-files-9,1,other
EFTA01391999.pdf,data-set-10-files-9,1,other
EFTA01392000.pdf,data-set-10-files-9,1,other
EFTA01392001.pdf,data-set-10-files-9,1,other
EFTA01392002.pdf,data-set-10-files-9,1,other
EFTA01392003.pdf,data-set-10-files-9,1,other
EFTA01392004.pdf,data-set-10-files-9,1,other
EFTA01392005.pdf,data-set-10-files-9,1,other
EFTA01392006.pdf,data-set-10-files-9,1,other
EFTA01392007.pdf,data-set-10-files-9,1,other
EFTA01392008.pdf,data-set-10-files-9,1,other
EFTA01392009.pdf,data-set-10-files-9,1,email
EFTA01392010.pdf,data-set-10-files-9,1,other
EFTA01392011.pdf,data-set-10-files-9,1,other
EFTA01392012.pdf,data-set-10-files-9,1,other
EFTA01392013.pdf,data-set-10-files-9,1,other
EFTA01392014.pdf,data-set-10-files-9,1,other
EFTA01392015.pdf,data-set-10-files-9,1,other
EFTA01392016.pdf,data-set-10-files-9,1,other
EFTA01392017.pdf,data-set-10-files-9,1,other
EFTA01392018.pdf,data-set-10-files-9,1,other
EFTA01392019.pdf,data-set-10-files-9,1,other
EFTA01392020.pdf,data-set-10-files-9,1,other
EFTA01392021.pdf,data-set-10-files-9,1,other
EFTA01392022.pdf,data-set-10-files-9,1,other
EFTA01392023.pdf,data-set-10-files-9,1,other
EFTA01392024.pdf,data-set-10-files-9,1,other
EFTA01392025.pdf,data-set-10-files-9,1,other
EFTA01392026.pdf,data-set-10-files-9,1,other
EFTA01392027.pdf,data-set-10-files-9,1,other
EFTA01392028.pdf,data-set-10-files-9,1,other
EFTA01392029.pdf,data-set-10-files-9,1,other
EFTA01392030.pdf,data-set-10-files-9,1,other
EFTA01392031.pdf,data-set-10-files-9,1,other
EFTA01392032.pdf,data-set-10-files-9,1,other
EFTA01392033.pdf,data-set-10-files-9,1,other
EFTA01392034.pdf,data-set-10-files-9,1,other
EFTA01392035.pdf,data-set-10-files-9,1,other
EFTA01392036.pdf,data-set-10-files-9,1,other
EFTA01392037.pdf,data-set-10-files-9,1,other
EFTA01392038.pdf,data-set-10-files-9,1,other
EFTA01392039.pdf,data-set-10-files-9,1,other
EFTA01392040.pdf,data-set-10-files-9,1,other
EFTA01392041.pdf,data-set-10-files-9,1,other
EFTA01392042.pdf,data-set-10-files-9,1,other
EFTA01392043.pdf,data-set-10-files-9,1,other
EFTA01392044.pdf,data-set-10-files-9,1,other
EFTA01392045.pdf,data-set-10-files-9,1,other
EFTA01392046.pdf,data-set-10-files-9,1,other
EFTA01392047.pdf,data-set-10-files-9,1,other
EFTA01392048.pdf,data-set-10-files-9,1,other
EFTA01392049.pdf,data-set-10-files-9,1,other
EFTA01392050.pdf,data-set-10-files-9,1,other
EFTA01392051.pdf,data-set-10-files-9,1,other
EFTA01392052.pdf,data-set-10-files-9,1,other
EFTA01392053.pdf,data-set-10-files-9,1,other
EFTA01392054.pdf,data-set-10-files-9,1,other
EFTA01392055.pdf,data-set-10-files-9,1,other
EFTA01392056.pdf,data-set-10-files-9,1,other
EFTA01392057.pdf,data-set-10-files-9,1,other
EFTA01392058.pdf,data-set-10-files-9,1,other
EFTA01392059.pdf,data-set-10-files-9,1,other
EFTA01392060.pdf,data-set-10-files-9,1,other
EFTA01392061.pdf,data-set-10-files-9,1,other
EFTA01392062.pdf,data-set-10-files-9,1,other
EFTA01392063.pdf,data-set-10-files-9,1,other
EFTA01392064.pdf,data-set-10-files-9,1,other
EFTA01392065.pdf,data-set-10-files-9,1,other
EFTA01392066.pdf,data-set-10-files-9,1,other
EFTA01392067.pdf,data-set-10-files-9,1,other
EFTA01392068.pdf,data-set-10-files-9,1,other
EFTA01392069.pdf,data-set-10-files-9,1,other
EFTA01392070.pdf,data-set-10-files-9,1,other
EFTA01392071.pdf,data-set-10-files-9,1,other
EFTA01392072.pdf,data-set-10-files-9,1,other
EFTA01392073.pdf,data-set-10-files-9,1,other
EFTA01392074.pdf,data-set-10-files-9,1,other
EFTA01392075.pdf,data-set-10-files-9,1,other
EFTA01392076.pdf,data-set-10-files-9,1,other
EFTA01392077.pdf,data-set-10-files-9,1,other
EFTA01392078.pdf,data-set-10-files-9,1,other
EFTA01392079.pdf,data-set-10-files-9,1,other
EFTA01392080.pdf,data-set-10-files-9,1,other
EFTA01392081.pdf,data-set-10-files-9,1,other
EFTA01392082.pdf,data-set-10-files-9,1,other
EFTA01392083.pdf,data-set-10-files-9,1,other
EFTA01392084.pdf,data-set-10-files-9,1,other
EFTA01392085.pdf,data-set-10-files-9,1,other
EFTA01392086.pdf,data-set-10-files-9,1,other
EFTA01392087.pdf,data-set-10-files-9,1,other
EFTA01392088.pdf,data-set-10-files-9,1,other
EFTA01392089.pdf,data-set-10-files-9,1,other
EFTA01392090.pdf,data-set-10-files-9,1,other
EFTA01392091.pdf,data-set-10-files-9,1,other
EFTA01392092.pdf,data-set-10-files-9,1,other
EFTA01392093.pdf,data-set-10-files-9,1,other
EFTA01392094.pdf,data-set-10-files-9,1,other
EFTA01392095.pdf,data-set-10-files-9,1,other
EFTA01392096.pdf,data-set-10-files-9,1,other
EFTA01392097.pdf,data-set-10-files-9,1,other
EFTA01392098.pdf,data-set-10-files-9,1,other
EFTA01392099.pdf,data-set-10-files-9,1,other
EFTA01392100.pdf,data-set-10-files-9,1,other
EFTA01392101.pdf,data-set-10-files-9,1,other
EFTA01392102.pdf,data-set-10-files-9,1,other
EFTA01392103.pdf,data-set-10-files-9,1,other
EFTA01392104.pdf,data-set-10-files-9,1,other
EFTA01392105.pdf,data-set-10-files-9,1,other
EFTA01392106.pdf,data-set-10-files-9,1,other
EFTA01392107.pdf,data-set-10-files-9,1,other
EFTA01392108.pdf,data-set-10-files-9,1,other
EFTA01392109.pdf,data-set-10-files-9,1,other
EFTA01392110.pdf,data-set-10-files-9,1,other
EFTA01392111.pdf,data-set-10-files-9,1,other
EFTA01392112.pdf,data-set-10-files-9,1,other
EFTA01392113.pdf,data-set-10-files-9,1,other
EFTA01392114.pdf,data-set-10-files-9,1,other
EFTA01392115.pdf,data-set-10-files-9,1,other
EFTA01392116.pdf,data-set-10-files-9,1,other
EFTA01392117.pdf,data-set-10-files-9,1,other
EFTA01392118.pdf,data-set-10-files-9,1,other
EFTA01392119.pdf,data-set-10-files-9,1,other
EFTA01392120.pdf,data-set-10-files-9,1,other
EFTA01392121.pdf,data-set-10-files-9,1,other
EFTA01392122.pdf,data-set-10-files-9,1,other
EFTA01392123.pdf,data-set-10-files-9,1,other
EFTA01392124.pdf,data-set-10-files-9,1,other
EFTA01392125.pdf,data-set-10-files-9,1,other
EFTA01392126.pdf,data-set-10-files-9,1,other
EFTA01392127.pdf,data-set-10-files-9,1,other
EFTA01392128.pdf,data-set-10-files-9,1,other
EFTA01392129.pdf,data-set-10-files-9,1,other
EFTA01392130.pdf,data-set-10-files-9,1,other
EFTA01392131.pdf,data-set-10-files-9,1,other
EFTA01392132.pdf,data-set-10-files-9,1,other
EFTA01392133.pdf,data-set-10-files-9,1,other
EFTA01392134.pdf,data-set-10-files-9,1,other
EFTA01392135.pdf,data-set-10-files-9,1,other
EFTA01392136.pdf,data-set-10-files-9,1,other
EFTA01392137.pdf,data-set-10-files-9,1,other
EFTA01392138.pdf,data-set-10-files-9,1,other
EFTA01392139.pdf,data-set-10-files-9,1,other
EFTA01392140.pdf,data-set-10-files-9,1,other
EFTA01392141.pdf,data-set-10-files-9,1,other
EFTA01392142.pdf,data-set-10-files-9,1,other
EFTA01392143.pdf,data-set-10-files-9,1,other
EFTA01392144.pdf,data-set-10-files-9,1,other
EFTA01392145.pdf,data-set-10-files-9,1,other
EFTA01392146.pdf,data-set-10-files-9,1,other
EFTA01392147.pdf,data-set-10-files-9,1,other
EFTA01392148.pdf,data-set-10-files-9,1,email
EFTA01392149.pdf,data-set-10-files-9,1,other
EFTA01392150.pdf,data-set-10-files-9,1,other
EFTA01392151.pdf,data-set-10-files-9,1,other
EFTA01392152.pdf,data-set-10-files-9,1,other
EFTA01392153.pdf,data-set-10-files-9,1,other
EFTA01392154.pdf,data-set-10-files-9,1,other
EFTA01392155.pdf,data-set-10-files-9,1,other
EFTA01392156.pdf,data-set-10-files-9,1,other
EFTA01392157.pdf,data-set-10-files-9,1,other
EFTA01392158.pdf,data-set-10-files-9,1,other
EFTA01392159.pdf,data-set-10-files-9,1,other
EFTA01392160.pdf,data-set-10-files-9,1,other
EFTA01392161.pdf,data-set-10-files-9,1,other
EFTA01392162.pdf,data-set-10-files-9,1,other
EFTA01392163.pdf,data-set-10-files-9,1,other
EFTA01392164.pdf,data-set-10-files-9,1,other
EFTA01392165.pdf,data-set-10-files-9,1,other
EFTA01392166.pdf,data-set-10-files-9,1,other
EFTA01392167.pdf,data-set-10-files-9,1,other
EFTA01392168.pdf,data-set-10-files-9,1,other
EFTA01392169.pdf,data-set-10-files-9,1,other
EFTA01392170.pdf,data-set-10-files-9,1,other
EFTA01392171.pdf,data-set-10-files-9,1,other
EFTA01392172.pdf,data-set-10-files-9,1,other
EFTA01392173.pdf,data-set-10-files-9,1,other
EFTA01392174.pdf,data-set-10-files-9,1,other
EFTA01392175.pdf,data-set-10-files-9,1,other
EFTA01392176.pdf,data-set-10-files-9,1,other
EFTA01392177.pdf,data-set-10-files-9,1,other
EFTA01392178.pdf,data-set-10-files-9,1,other
EFTA01392179.pdf,data-set-10-files-9,1,other
EFTA01392180.pdf,data-set-10-files-9,1,other
EFTA01392181.pdf,data-set-10-files-9,1,other
EFTA01392182.pdf,data-set-10-files-9,1,other
EFTA01392183.pdf,data-set-10-files-9,1,other
EFTA01392184.pdf,data-set-10-files-9,1,other
EFTA01392185.pdf,data-set-10-files-9,1,other
EFTA01392186.pdf,data-set-10-files-9,1,other
EFTA01392187.pdf,data-set-10-files-9,1,other
EFTA01392188.pdf,data-set-10-files-9,1,other
EFTA01392189.pdf,data-set-10-files-9,1,other
EFTA01392190.pdf,data-set-10-files-9,1,other
EFTA01392191.pdf,data-set-10-files-9,1,other
EFTA01392192.pdf,data-set-10-files-9,1,other
EFTA01392193.pdf,data-set-10-files-9,1,other
EFTA01392194.pdf,data-set-10-files-9,1,other
EFTA01392195.pdf,data-set-10-files-9,1,other
EFTA01392196.pdf,data-set-10-files-9,1,other
EFTA01392197.pdf,data-set-10-files-9,1,other
EFTA01392198.pdf,data-set-10-files-9,1,other
EFTA01392199.pdf,data-set-10-files-9,1,other
EFTA01392200.pdf,data-set-10-files-9,1,other
EFTA01392201.pdf,data-set-10-files-9,1,other
EFTA01392202.pdf,data-set-10-files-9,1,other
EFTA01392203.pdf,data-set-10-files-9,1,other
EFTA01392204.pdf,data-set-10-files-9,1,other
EFTA01392205.pdf,data-set-10-files-9,1,other
EFTA01392206.pdf,data-set-10-files-9,1,other
EFTA01392207.pdf,data-set-10-files-9,1,other
EFTA01392208.pdf,data-set-10-files-9,1,other
EFTA01392209.pdf,data-set-10-files-9,1,other
EFTA01392210.pdf,data-set-10-files-9,1,other
EFTA01392211.pdf,data-set-10-files-9,1,other
EFTA01392212.pdf,data-set-10-files-9,1,other
EFTA01392213.pdf,data-set-10-files-9,1,other
EFTA01392214.pdf,data-set-10-files-9,1,other
EFTA01392215.pdf,data-set-10-files-9,1,other
EFTA01392216.pdf,data-set-10-files-9,1,other
EFTA01392217.pdf,data-set-10-files-9,1,other
EFTA01392218.pdf,data-set-10-files-9,1,other
EFTA01392219.pdf,data-set-10-files-9,1,other
EFTA01392220.pdf,data-set-10-files-9,1,other
EFTA01392221.pdf,data-set-10-files-9,1,other
EFTA01392222.pdf,data-set-10-files-9,1,other
EFTA01392223.pdf,data-set-10-files-9,1,other
EFTA01392224.pdf,data-set-10-files-9,1,other
EFTA01392225.pdf,data-set-10-files-9,1,other
EFTA01392226.pdf,data-set-10-files-9,1,other
EFTA01392227.pdf,data-set-10-files-9,1,other
EFTA01392228.pdf,data-set-10-files-9,1,other
EFTA01392229.pdf,data-set-10-files-9,1,other
EFTA01392230.pdf,data-set-10-files-9,1,other
EFTA01392231.pdf,data-set-10-files-9,1,other
EFTA01392232.pdf,data-set-10-files-9,1,other
EFTA01392233.pdf,data-set-10-files-9,1,other
EFTA01392234.pdf,data-set-10-files-9,1,other
EFTA01392235.pdf,data-set-10-files-9,1,other
EFTA01392236.pdf,data-set-10-files-9,1,other
EFTA01392237.pdf,data-set-10-files-9,1,other
EFTA01392238.pdf,data-set-10-files-9,1,other
EFTA01392239.pdf,data-set-10-files-9,1,other
EFTA01392240.pdf,data-set-10-files-9,1,other
EFTA01392241.pdf,data-set-10-files-9,1,other
EFTA01392242.pdf,data-set-10-files-9,1,other
EFTA01392243.pdf,data-set-10-files-9,1,other
EFTA01392244.pdf,data-set-10-files-9,1,other
EFTA01392245.pdf,data-set-10-files-9,1,other
EFTA01392246.pdf,data-set-10-files-9,1,other
EFTA01392247.pdf,data-set-10-files-9,1,other
EFTA01392248.pdf,data-set-10-files-9,1,other
EFTA01392249.pdf,data-set-10-files-9,1,other
EFTA01392250.pdf,data-set-10-files-9,1,other
EFTA01392251.pdf,data-set-10-files-9,1,other
EFTA01392252.pdf,data-set-10-files-9,1,other
EFTA01392253.pdf,data-set-10-files-9,1,other
EFTA01392254.pdf,data-set-10-files-9,1,other
EFTA01392255.pdf,data-set-10-files-9,1,other
EFTA01392256.pdf,data-set-10-files-9,1,other
EFTA01392257.pdf,data-set-10-files-9,1,other
EFTA01392258.pdf,data-set-10-files-9,1,other
EFTA01392259.pdf,data-set-10-files-9,1,other
EFTA01392260.pdf,data-set-10-files-9,1,other
EFTA01392261.pdf,data-set-10-files-9,1,other
EFTA01392262.pdf,data-set-10-files-9,1,other
EFTA01392263.pdf,data-set-10-files-9,1,other
EFTA01392264.pdf,data-set-10-files-9,1,other
EFTA01392265.pdf,data-set-10-files-9,1,other
EFTA01392266.pdf,data-set-10-files-9,1,other
EFTA01392267.pdf,data-set-10-files-9,1,other
EFTA01392268.pdf,data-set-10-files-9,1,other
EFTA01392269.pdf,data-set-10-files-9,1,other
EFTA01392270.pdf,data-set-10-files-9,1,other
EFTA01392271.pdf,data-set-10-files-9,1,other
EFTA01392272.pdf,data-set-10-files-9,1,other
EFTA01392273.pdf,data-set-10-files-9,1,other
EFTA01392274.pdf,data-set-10-files-9,1,other
EFTA01392275.pdf,data-set-10-files-9,1,other
EFTA01392276.pdf,data-set-10-files-9,1,other
EFTA01392277.pdf,data-set-10-files-9,1,other
EFTA01392278.pdf,data-set-10-files-9,1,other
EFTA01392279.pdf,data-set-10-files-9,1,other
EFTA01392280.pdf,data-set-10-files-9,1,other
EFTA01392281.pdf,data-set-10-files-9,1,other
EFTA01392282.pdf,data-set-10-files-9,1,other
EFTA01392283.pdf,data-set-10-files-9,1,other
EFTA01392284.pdf,data-set-10-files-9,1,other
EFTA01392285.pdf,data-set-10-files-9,1,other
EFTA01392286.pdf,data-set-10-files-9,1,other
EFTA01392287.pdf,data-set-10-files-9,1,other
EFTA01392288.pdf,data-set-10-files-9,1,other
EFTA01392289.pdf,data-set-10-files-9,1,other
EFTA01392290.pdf,data-set-10-files-9,1,email
EFTA01392291.pdf,data-set-10-files-9,1,other
EFTA01392292.pdf,data-set-10-files-9,1,other
EFTA01392293.pdf,data-set-10-files-9,1,other
EFTA01392294.pdf,data-set-10-files-9,1,other
EFTA01392295.pdf,data-set-10-files-9,1,other
EFTA01392296.pdf,data-set-10-files-9,1,other
EFTA01392297.pdf,data-set-10-files-9,1,other
EFTA01392298.pdf,data-set-10-files-9,1,other
EFTA01392299.pdf,data-set-10-files-9,1,other
EFTA01392300.pdf,data-set-10-files-9,1,other
EFTA01392301.pdf,data-set-10-files-9,1,other
EFTA01392302.pdf,data-set-10-files-9,1,other
EFTA01392303.pdf,data-set-10-files-9,1,other
EFTA01392304.pdf,data-set-10-files-9,1,other
EFTA01392305.pdf,data-set-10-files-9,1,other
EFTA01392306.pdf,data-set-10-files-9,1,other
EFTA01392307.pdf,data-set-10-files-9,1,other
EFTA01392308.pdf,data-set-10-files-9,1,other
EFTA01392309.pdf,data-set-10-files-9,1,other
EFTA01392310.pdf,data-set-10-files-9,1,other
EFTA01392311.pdf,data-set-10-files-9,1,other
EFTA01392312.pdf,data-set-10-files-9,1,other
EFTA01392313.pdf,data-set-10-files-9,1,other
EFTA01392314.pdf,data-set-10-files-9,1,other
EFTA01392315.pdf,data-set-10-files-9,1,other
EFTA01392316.pdf,data-set-10-files-9,1,other
EFTA01392317.pdf,data-set-10-files-9,1,other
EFTA01392318.pdf,data-set-10-files-9,1,other
EFTA01392319.pdf,data-set-10-files-9,1,other
EFTA01392320.pdf,data-set-10-files-9,1,other
EFTA01392321.pdf,data-set-10-files-9,1,other
EFTA01392322.pdf,data-set-10-files-9,1,other
EFTA01392323.pdf,data-set-10-files-9,1,other
EFTA01392324.pdf,data-set-10-files-9,1,other
EFTA01392325.pdf,data-set-10-files-9,1,other
EFTA01392326.pdf,data-set-10-files-9,1,other
EFTA01392327.pdf,data-set-10-files-9,1,other
EFTA01392328.pdf,data-set-10-files-9,1,other
EFTA01392329.pdf,data-set-10-files-9,1,other
EFTA01392330.pdf,data-set-10-files-9,1,other
EFTA01392331.pdf,data-set-10-files-9,1,other
EFTA01392332.pdf,data-set-10-files-9,1,other
EFTA01392333.pdf,data-set-10-files-9,1,other
EFTA01392334.pdf,data-set-10-files-9,1,other
EFTA01392335.pdf,data-set-10-files-9,1,other
EFTA01392336.pdf,data-set-10-files-9,1,other
EFTA01392337.pdf,data-set-10-files-9,1,other
EFTA01392338.pdf,data-set-10-files-9,1,other
EFTA01392339.pdf,data-set-10-files-9,1,other
EFTA01392340.pdf,data-set-10-files-9,1,other
EFTA01392341.pdf,data-set-10-files-9,1,other
EFTA01392342.pdf,data-set-10-files-9,1,other
EFTA01392343.pdf,data-set-10-files-9,1,other
EFTA01392344.pdf,data-set-10-files-9,1,other
EFTA01392345.pdf,data-set-10-files-9,1,other
EFTA01392346.pdf,data-set-10-files-9,1,other
EFTA01392347.pdf,data-set-10-files-9,1,other
EFTA01392348.pdf,data-set-10-files-9,1,other
EFTA01392349.pdf,data-set-10-files-9,1,other
EFTA01392350.pdf,data-set-10-files-9,1,other
EFTA01392351.pdf,data-set-10-files-9,1,other
EFTA01392352.pdf,data-set-10-files-9,1,other
EFTA01392353.pdf,data-set-10-files-9,1,other
EFTA01392354.pdf,data-set-10-files-9,1,other
EFTA01392355.pdf,data-set-10-files-9,1,other
EFTA01392356.pdf,data-set-10-files-9,1,other
EFTA01392357.pdf,data-set-10-files-9,1,other
EFTA01392358.pdf,data-set-10-files-9,1,other
EFTA01392359.pdf,data-set-10-files-9,1,other
EFTA01392360.pdf,data-set-10-files-9,1,other
EFTA01392361.pdf,data-set-10-files-9,1,other
EFTA01392362.pdf,data-set-10-files-9,1,other
EFTA01392363.pdf,data-set-10-files-9,1,other
EFTA01392364.pdf,data-set-10-files-9,1,other
EFTA01392365.pdf,data-set-10-files-9,1,other
EFTA01392366.pdf,data-set-10-files-9,1,other
EFTA01392367.pdf,data-set-10-files-9,1,other
EFTA01392368.pdf,data-set-10-files-9,1,other
EFTA01392369.pdf,data-set-10-files-9,1,other
EFTA01392370.pdf,data-set-10-files-9,1,other
EFTA01392371.pdf,data-set-10-files-9,1,email
EFTA01392372.pdf,data-set-10-files-9,1,other
EFTA01392373.pdf,data-set-10-files-9,1,other
EFTA01392374.pdf,data-set-10-files-9,1,other
EFTA01392375.pdf,data-set-10-files-9,1,other
EFTA01392376.pdf,data-set-10-files-9,1,other
EFTA01392377.pdf,data-set-10-files-9,1,other
EFTA01392378.pdf,data-set-10-files-9,1,other
EFTA01392379.pdf,data-set-10-files-9,1,other
EFTA01392380.pdf,data-set-10-files-9,1,other
EFTA01392381.pdf,data-set-10-files-9,1,other
EFTA01392382.pdf,data-set-10-files-9,1,other
EFTA01392383.pdf,data-set-10-files-9,1,other
EFTA01392384.pdf,data-set-10-files-9,1,other
EFTA01392385.pdf,data-set-10-files-9,1,other
EFTA01392386.pdf,data-set-10-files-9,1,other
EFTA01392387.pdf,data-set-10-files-9,1,other
EFTA01392388.pdf,data-set-10-files-9,1,other
EFTA01392389.pdf,data-set-10-files-9,1,other
EFTA01392390.pdf,data-set-10-files-9,1,other
EFTA01392391.pdf,data-set-10-files-9,1,other
EFTA01392392.pdf,data-set-10-files-9,1,other
EFTA01392393.pdf,data-set-10-files-9,1,other
EFTA01392394.pdf,data-set-10-files-9,1,other
EFTA01392395.pdf,data-set-10-files-9,1,other
EFTA01392396.pdf,data-set-10-files-9,1,other
EFTA01392397.pdf,data-set-10-files-9,1,other
EFTA01392398.pdf,data-set-10-files-9,1,other
EFTA01392399.pdf,data-set-10-files-9,1,other
EFTA01392400.pdf,data-set-10-files-9,1,other
EFTA01392401.pdf,data-set-10-files-9,1,other
EFTA01392402.pdf,data-set-10-files-9,1,other
EFTA01392403.pdf,data-set-10-files-9,1,other
EFTA01392404.pdf,data-set-10-files-9,1,other
EFTA01392405.pdf,data-set-10-files-9,1,other
EFTA01392406.pdf,data-set-10-files-9,1,other
EFTA01392407.pdf,data-set-10-files-9,1,other
EFTA01392408.pdf,data-set-10-files-9,1,other
EFTA01392409.pdf,data-set-10-files-9,1,other
EFTA01392410.pdf,data-set-10-files-9,1,other
EFTA01392411.pdf,data-set-10-files-9,1,other
EFTA01392412.pdf,data-set-10-files-9,1,other
EFTA01392413.pdf,data-set-10-files-9,1,other
EFTA01392414.pdf,data-set-10-files-9,1,other
EFTA01392415.pdf,data-set-10-files-9,1,other
EFTA01392416.pdf,data-set-10-files-9,1,other
EFTA01392417.pdf,data-set-10-files-9,1,other
EFTA01392418.pdf,data-set-10-files-9,1,other
EFTA01392419.pdf,data-set-10-files-9,1,other
EFTA01392420.pdf,data-set-10-files-9,1,other
EFTA01392421.pdf,data-set-10-files-9,1,other
EFTA01392422.pdf,data-set-10-files-9,1,other
EFTA01392423.pdf,data-set-10-files-9,1,other
EFTA01392424.pdf,data-set-10-files-9,1,other
EFTA01392425.pdf,data-set-10-files-9,1,other
EFTA01392426.pdf,data-set-10-files-9,1,other
EFTA01392427.pdf,data-set-10-files-9,1,other
EFTA01392428.pdf,data-set-10-files-9,1,other
EFTA01392429.pdf,data-set-10-files-9,1,other
EFTA01392430.pdf,data-set-10-files-9,1,other
EFTA01392431.pdf,data-set-10-files-9,1,other
EFTA01392432.pdf,data-set-10-files-9,1,other
EFTA01392433.pdf,data-set-10-files-9,1,other
EFTA01392434.pdf,data-set-10-files-9,1,other
EFTA01392435.pdf,data-set-10-files-9,1,other
EFTA01392436.pdf,data-set-10-files-9,1,other
EFTA01392437.pdf,data-set-10-files-9,1,other
EFTA01392438.pdf,data-set-10-files-9,1,other
EFTA01392439.pdf,data-set-10-files-9,1,other
EFTA01392440.pdf,data-set-10-files-9,1,other
EFTA01392441.pdf,data-set-10-files-9,1,other
EFTA01392442.pdf,data-set-10-files-9,1,other
EFTA01392443.pdf,data-set-10-files-9,1,other
EFTA01392444.pdf,data-set-10-files-9,1,other
EFTA01392445.pdf,data-set-10-files-9,1,other
EFTA01392446.pdf,data-set-10-files-9,1,other
EFTA01392447.pdf,data-set-10-files-9,1,other
EFTA01392448.pdf,data-set-10-files-9,1,other
EFTA01392449.pdf,data-set-10-files-9,1,other
EFTA01392450.pdf,data-set-10-files-9,1,other
EFTA01392451.pdf,data-set-10-files-9,1,other
EFTA01392452.pdf,data-set-10-files-9,1,other
EFTA01392453.pdf,data-set-10-files-9,1,other
EFTA01392454.pdf,data-set-10-files-9,1,other
EFTA01392455.pdf,data-set-10-files-9,1,other
EFTA01392456.pdf,data-set-10-files-9,1,other
EFTA01392457.pdf,data-set-10-files-9,1,other
EFTA01392458.pdf,data-set-10-files-9,1,other
EFTA01392459.pdf,data-set-10-files-9,1,other
EFTA01392460.pdf,data-set-10-files-9,1,other
EFTA01392461.pdf,data-set-10-files-9,1,other
EFTA01392462.pdf,data-set-10-files-9,1,other
EFTA01392463.pdf,data-set-10-files-9,1,other
EFTA01392464.pdf,data-set-10-files-9,1,other
EFTA01392465.pdf,data-set-10-files-9,1,other
EFTA01392466.pdf,data-set-10-files-9,1,other
EFTA01392467.pdf,data-set-10-files-9,1,other
EFTA01392468.pdf,data-set-10-files-9,1,other
EFTA01392469.pdf,data-set-10-files-9,1,other
EFTA01392470.pdf,data-set-10-files-9,1,other
EFTA01392471.pdf,data-set-10-files-9,1,other
EFTA01392472.pdf,data-set-10-files-9,1,other
EFTA01392473.pdf,data-set-10-files-9,1,other
EFTA01392474.pdf,data-set-10-files-9,1,other
EFTA01392475.pdf,data-set-10-files-9,1,other
EFTA01392476.pdf,data-set-10-files-9,1,other
EFTA01392477.pdf,data-set-10-files-9,1,other
EFTA01392478.pdf,data-set-10-files-9,1,other
EFTA01392479.pdf,data-set-10-files-9,1,other
EFTA01392480.pdf,data-set-10-files-9,1,other
EFTA01392481.pdf,data-set-10-files-9,1,other
EFTA01392482.pdf,data-set-10-files-9,1,other
EFTA01392483.pdf,data-set-10-files-9,1,other
EFTA01392484.pdf,data-set-10-files-9,1,other
EFTA01392485.pdf,data-set-10-files-9,1,other
EFTA01392486.pdf,data-set-10-files-9,1,other
EFTA01392487.pdf,data-set-10-files-9,1,other
EFTA01392488.pdf,data-set-10-files-9,1,other
EFTA01392489.pdf,data-set-10-files-9,1,other
EFTA01392490.pdf,data-set-10-files-9,1,other
EFTA01392491.pdf,data-set-10-files-9,1,other
EFTA01392492.pdf,data-set-10-files-9,1,other
EFTA01392493.pdf,data-set-10-files-9,1,other
EFTA01392494.pdf,data-set-10-files-9,1,other
EFTA01392495.pdf,data-set-10-files-9,1,other
EFTA01392496.pdf,data-set-10-files-9,1,other
EFTA01392497.pdf,data-set-10-files-9,1,other
EFTA01392498.pdf,data-set-10-files-9,1,other
EFTA01392499.pdf,data-set-10-files-9,1,other
EFTA01392500.pdf,data-set-10-files-9,1,other
EFTA01392501.pdf,data-set-10-files-9,1,other
EFTA01392502.pdf,data-set-10-files-9,1,other
EFTA01392503.pdf,data-set-10-files-9,1,other
EFTA01392504.pdf,data-set-10-files-9,1,other
EFTA01392505.pdf,data-set-10-files-9,1,other
EFTA01392506.pdf,data-set-10-files-9,1,other
EFTA01392507.pdf,data-set-10-files-9,1,other
EFTA01392508.pdf,data-set-10-files-9,1,other
EFTA01392509.pdf,data-set-10-files-9,1,other
EFTA01392510.pdf,data-set-10-files-9,1,other
EFTA01392511.pdf,data-set-10-files-9,1,other
EFTA01392512.pdf,data-set-10-files-9,1,email
EFTA01392513.pdf,data-set-10-files-9,1,other
EFTA01392514.pdf,data-set-10-files-9,1,other
EFTA01392515.pdf,data-set-10-files-9,1,other
EFTA01392516.pdf,data-set-10-files-9,1,other
EFTA01392517.pdf,data-set-10-files-9,1,other
EFTA01392518.pdf,data-set-10-files-9,1,other
EFTA01392519.pdf,data-set-10-files-9,1,other
EFTA01392520.pdf,data-set-10-files-9,1,other
EFTA01392521.pdf,data-set-10-files-9,1,other
EFTA01392522.pdf,data-set-10-files-9,1,other
EFTA01392523.pdf,data-set-10-files-9,1,other
EFTA01392524.pdf,data-set-10-files-9,1,other
EFTA01392525.pdf,data-set-10-files-9,1,other
EFTA01392526.pdf,data-set-10-files-9,1,other
EFTA01392527.pdf,data-set-10-files-9,1,other
EFTA01392528.pdf,data-set-10-files-9,1,other
EFTA01392529.pdf,data-set-10-files-9,1,other
EFTA01392530.pdf,data-set-10-files-9,1,other
EFTA01392531.pdf,data-set-10-files-9,1,other
EFTA01392532.pdf,data-set-10-files-9,1,other
EFTA01392533.pdf,data-set-10-files-9,1,other
EFTA01392534.pdf,data-set-10-files-9,1,other
EFTA01392535.pdf,data-set-10-files-9,1,other
EFTA01392536.pdf,data-set-10-files-9,1,other
EFTA01392537.pdf,data-set-10-files-9,1,other
EFTA01392538.pdf,data-set-10-files-9,1,other
EFTA01392539.pdf,data-set-10-files-9,1,other
EFTA01392540.pdf,data-set-10-files-9,1,other
EFTA01392541.pdf,data-set-10-files-9,1,other
EFTA01392542.pdf,data-set-10-files-9,1,other
EFTA01392543.pdf,data-set-10-files-9,1,other
EFTA01392544.pdf,data-set-10-files-9,1,other
EFTA01392545.pdf,data-set-10-files-9,1,other
EFTA01392546.pdf,data-set-10-files-9,1,other
EFTA01392547.pdf,data-set-10-files-9,1,other
EFTA01392548.pdf,data-set-10-files-9,1,other
EFTA01392549.pdf,data-set-10-files-9,1,other
EFTA01392550.pdf,data-set-10-files-9,1,other
EFTA01392551.pdf,data-set-10-files-9,1,other
EFTA01392552.pdf,data-set-10-files-9,1,other
EFTA01392553.pdf,data-set-10-files-9,1,other
EFTA01392554.pdf,data-set-10-files-9,1,other
EFTA01392555.pdf,data-set-10-files-9,1,other
EFTA01392556.pdf,data-set-10-files-9,1,other
EFTA01392557.pdf,data-set-10-files-9,1,other
EFTA01392558.pdf,data-set-10-files-9,1,other
EFTA01392559.pdf,data-set-10-files-9,1,other
EFTA01392560.pdf,data-set-10-files-9,1,other
EFTA01392561.pdf,data-set-10-files-9,1,other
EFTA01392562.pdf,data-set-10-files-9,1,other
EFTA01392563.pdf,data-set-10-files-9,1,other
EFTA01392564.pdf,data-set-10-files-9,1,other
EFTA01392565.pdf,data-set-10-files-9,1,other
EFTA01392566.pdf,data-set-10-files-9,1,other
EFTA01392567.pdf,data-set-10-files-9,1,other
EFTA01392568.pdf,data-set-10-files-9,1,other
EFTA01392569.pdf,data-set-10-files-9,1,other
EFTA01392570.pdf,data-set-10-files-9,1,other
EFTA01392571.pdf,data-set-10-files-9,1,other
EFTA01392572.pdf,data-set-10-files-9,1,other
EFTA01392573.pdf,data-set-10-files-9,1,other
EFTA01392574.pdf,data-set-10-files-9,1,other
EFTA01392575.pdf,data-set-10-files-9,1,other
EFTA01392576.pdf,data-set-10-files-9,1,other
EFTA01392577.pdf,data-set-10-files-9,1,other
EFTA01392578.pdf,data-set-10-files-9,1,other
EFTA01392579.pdf,data-set-10-files-9,1,other
EFTA01392580.pdf,data-set-10-files-9,1,other
EFTA01392581.pdf,data-set-10-files-9,1,other
EFTA01392582.pdf,data-set-10-files-9,1,other
EFTA01392583.pdf,data-set-10-files-9,1,other
EFTA01392584.pdf,data-set-10-files-9,1,other
EFTA01392585.pdf,data-set-10-files-9,1,other
EFTA01392586.pdf,data-set-10-files-9,1,other
EFTA01392587.pdf,data-set-10-files-9,1,other
EFTA01392588.pdf,data-set-10-files-9,1,other
EFTA01392589.pdf,data-set-10-files-9,1,other
EFTA01392590.pdf,data-set-10-files-9,1,other
EFTA01392591.pdf,data-set-10-files-9,1,other
EFTA01392592.pdf,data-set-10-files-9,1,other
EFTA01392593.pdf,data-set-10-files-9,1,other
EFTA01392594.pdf,data-set-10-files-9,1,other
EFTA01392595.pdf,data-set-10-files-9,1,other
EFTA01392596.pdf,data-set-10-files-9,1,other
EFTA01392597.pdf,data-set-10-files-9,1,other
EFTA01392598.pdf,data-set-10-files-9,1,other
EFTA01392599.pdf,data-set-10-files-9,1,other
EFTA01392600.pdf,data-set-10-files-9,1,other
EFTA01392601.pdf,data-set-10-files-9,1,other
EFTA01392602.pdf,data-set-10-files-9,1,other
EFTA01392603.pdf,data-set-10-files-9,1,other
EFTA01392604.pdf,data-set-10-files-9,1,other
EFTA01392605.pdf,data-set-10-files-9,1,other
EFTA01392606.pdf,data-set-10-files-9,1,other
EFTA01392607.pdf,data-set-10-files-9,1,other
EFTA01392608.pdf,data-set-10-files-9,1,other
EFTA01392609.pdf,data-set-10-files-9,1,other
EFTA01392610.pdf,data-set-10-files-9,1,other
EFTA01392611.pdf,data-set-10-files-9,1,other
EFTA01392612.pdf,data-set-10-files-9,1,other
EFTA01392613.pdf,data-set-10-files-9,1,other
EFTA01392614.pdf,data-set-10-files-9,1,other
EFTA01392615.pdf,data-set-10-files-9,1,other
EFTA01392616.pdf,data-set-10-files-9,1,other
EFTA01392617.pdf,data-set-10-files-9,1,other
EFTA01392618.pdf,data-set-10-files-9,1,other
EFTA01392619.pdf,data-set-10-files-9,1,other
EFTA01392620.pdf,data-set-10-files-9,1,other
EFTA01392621.pdf,data-set-10-files-9,1,other
EFTA01392622.pdf,data-set-10-files-9,1,other
EFTA01392623.pdf,data-set-10-files-9,1,other
EFTA01392624.pdf,data-set-10-files-9,1,email
EFTA01392625.pdf,data-set-10-files-9,1,email
EFTA01392626.pdf,data-set-10-files-9,1,email
EFTA01392627.pdf,data-set-10-files-9,1,email
EFTA01392628.pdf,data-set-10-files-9,1,email
EFTA01392629.pdf,data-set-10-files-9,1,email
EFTA01392630.pdf,data-set-10-files-9,1,email
EFTA01392631.pdf,data-set-10-files-9,1,email
EFTA01392632.pdf,data-set-10-files-9,1,other
EFTA01392633.pdf,data-set-10-files-9,1,other
EFTA01392634.pdf,data-set-10-files-9,1,email
EFTA01392635.pdf,data-set-10-files-9,1,other
EFTA01392636.pdf,data-set-10-files-9,1,other
EFTA01392637.pdf,data-set-10-files-9,1,other
EFTA01392638.pdf,data-set-10-files-9,1,other
EFTA01392639.pdf,data-set-10-files-9,1,other
EFTA01392640.pdf,data-set-10-files-9,1,other
EFTA01392641.pdf,data-set-10-files-9,1,other
EFTA01392642.pdf,data-set-10-files-9,1,other
EFTA01392643.pdf,data-set-10-files-9,1,other
EFTA01392644.pdf,data-set-10-files-9,1,other
EFTA01392645.pdf,data-set-10-files-9,1,other
EFTA01392646.pdf,data-set-10-files-9,1,other
EFTA01392647.pdf,data-set-10-files-9,1,other
EFTA01392648.pdf,data-set-10-files-9,1,other
EFTA01392649.pdf,data-set-10-files-9,1,other
EFTA01392650.pdf,data-set-10-files-9,1,other
EFTA01392651.pdf,data-set-10-files-9,1,other
EFTA01392652.pdf,data-set-10-files-9,1,other
EFTA01392653.pdf,data-set-10-files-9,1,other
EFTA01392654.pdf,data-set-10-files-9,1,other
EFTA01392655.pdf,data-set-10-files-9,1,other
EFTA01392656.pdf,data-set-10-files-9,1,other
EFTA01392657.pdf,data-set-10-files-9,1,other
EFTA01392658.pdf,data-set-10-files-9,1,other
EFTA01392659.pdf,data-set-10-files-9,1,other
EFTA01392660.pdf,data-set-10-files-9,1,other
EFTA01392661.pdf,data-set-10-files-9,1,other
EFTA01392662.pdf,data-set-10-files-9,1,other
EFTA01392663.pdf,data-set-10-files-9,1,other
EFTA01392664.pdf,data-set-10-files-9,1,other
EFTA01392665.pdf,data-set-10-files-9,1,other
EFTA01392666.pdf,data-set-10-files-9,1,other
EFTA01392667.pdf,data-set-10-files-9,1,other
EFTA01392668.pdf,data-set-10-files-9,1,other
EFTA01392669.pdf,data-set-10-files-9,1,other
EFTA01392670.pdf,data-set-10-files-9,1,other
EFTA01392671.pdf,data-set-10-files-9,1,other
EFTA01392672.pdf,data-set-10-files-9,1,other
EFTA01392673.pdf,data-set-10-files-9,1,other
EFTA01392674.pdf,data-set-10-files-9,1,other
EFTA01392675.pdf,data-set-10-files-9,1,other
EFTA01392676.pdf,data-set-10-files-9,1,other
EFTA01392677.pdf,data-set-10-files-9,1,other
EFTA01392678.pdf,data-set-10-files-9,1,other
EFTA01392679.pdf,data-set-10-files-9,1,other
EFTA01392680.pdf,data-set-10-files-9,1,other
EFTA01392681.pdf,data-set-10-files-9,1,other
EFTA01392682.pdf,data-set-10-files-9,1,other
EFTA01392683.pdf,data-set-10-files-9,1,other
EFTA01392684.pdf,data-set-10-files-9,1,other
EFTA01392685.pdf,data-set-10-files-9,1,other
EFTA01392686.pdf,data-set-10-files-9,1,other
EFTA01392687.pdf,data-set-10-files-9,1,other
EFTA01392688.pdf,data-set-10-files-9,1,other
EFTA01392689.pdf,data-set-10-files-9,1,other
EFTA01392690.pdf,data-set-10-files-9,1,other
EFTA01392691.pdf,data-set-10-files-9,1,other
EFTA01392692.pdf,data-set-10-files-9,1,other
EFTA01392693.pdf,data-set-10-files-9,1,other
EFTA01392694.pdf,data-set-10-files-9,1,other
EFTA01392695.pdf,data-set-10-files-9,1,other
EFTA01392696.pdf,data-set-10-files-9,1,other
EFTA01392697.pdf,data-set-10-files-9,1,other
EFTA01392698.pdf,data-set-10-files-9,1,other
EFTA01392699.pdf,data-set-10-files-9,1,other
EFTA01392700.pdf,data-set-10-files-9,1,other
EFTA01392701.pdf,data-set-10-files-9,1,other
EFTA01392702.pdf,data-set-10-files-9,1,other
EFTA01392703.pdf,data-set-10-files-9,1,other
EFTA01392704.pdf,data-set-10-files-9,1,other
EFTA01392705.pdf,data-set-10-files-9,1,other
EFTA01392706.pdf,data-set-10-files-9,1,other
EFTA01392707.pdf,data-set-10-files-9,1,other
EFTA01392708.pdf,data-set-10-files-9,1,other
EFTA01392709.pdf,data-set-10-files-9,1,other
EFTA01392710.pdf,data-set-10-files-9,1,other
EFTA01392711.pdf,data-set-10-files-9,1,other
EFTA01392712.pdf,data-set-10-files-9,1,other
EFTA01392713.pdf,data-set-10-files-9,1,other
EFTA01392714.pdf,data-set-10-files-9,1,other
EFTA01392715.pdf,data-set-10-files-9,1,other
EFTA01392716.pdf,data-set-10-files-9,1,other
EFTA01392717.pdf,data-set-10-files-9,1,other
EFTA01392718.pdf,data-set-10-files-9,1,other
EFTA01392719.pdf,data-set-10-files-9,1,other
EFTA01392720.pdf,data-set-10-files-9,1,other
EFTA01392721.pdf,data-set-10-files-9,1,other
EFTA01392722.pdf,data-set-10-files-9,1,other
EFTA01392723.pdf,data-set-10-files-9,1,other
EFTA01392724.pdf,data-set-10-files-9,1,other
EFTA01392725.pdf,data-set-10-files-9,1,other
EFTA01392726.pdf,data-set-10-files-9,1,other
EFTA01392727.pdf,data-set-10-files-9,1,other
EFTA01392728.pdf,data-set-10-files-9,1,other
EFTA01392729.pdf,data-set-10-files-9,1,other
EFTA01392730.pdf,data-set-10-files-9,1,other
EFTA01392731.pdf,data-set-10-files-9,1,other
EFTA01392732.pdf,data-set-10-files-9,1,other
EFTA01392733.pdf,data-set-10-files-9,1,other
EFTA01392734.pdf,data-set-10-files-9,1,other
EFTA01392735.pdf,data-set-10-files-9,1,other
EFTA01392736.pdf,data-set-10-files-9,1,other
EFTA01392737.pdf,data-set-10-files-9,1,other
EFTA01392738.pdf,data-set-10-files-9,1,other
EFTA01392739.pdf,data-set-10-files-9,1,other
EFTA01392740.pdf,data-set-10-files-9,1,other
EFTA01392741.pdf,data-set-10-files-9,1,other
EFTA01392742.pdf,data-set-10-files-9,1,other
EFTA01392743.pdf,data-set-10-files-9,1,other
EFTA01392744.pdf,data-set-10-files-9,1,other
EFTA01392745.pdf,data-set-10-files-9,1,other
EFTA01392746.pdf,data-set-10-files-9,1,other
EFTA01392747.pdf,data-set-10-files-9,1,other
EFTA01392748.pdf,data-set-10-files-9,1,other
EFTA01392749.pdf,data-set-10-files-9,1,other
EFTA01392750.pdf,data-set-10-files-9,1,other
EFTA01392751.pdf,data-set-10-files-9,1,other
EFTA01392752.pdf,data-set-10-files-9,1,other
EFTA01392753.pdf,data-set-10-files-9,1,other
EFTA01392754.pdf,data-set-10-files-9,1,other
EFTA01392755.pdf,data-set-10-files-9,1,other
EFTA01392756.pdf,data-set-10-files-9,1,other
EFTA01392757.pdf,data-set-10-files-9,1,other
EFTA01392758.pdf,data-set-10-files-9,1,other
EFTA01392759.pdf,data-set-10-files-9,1,other
EFTA01392760.pdf,data-set-10-files-9,1,other
EFTA01392761.pdf,data-set-10-files-9,1,other
EFTA01392762.pdf,data-set-10-files-9,1,other
EFTA01392763.pdf,data-set-10-files-9,1,other
EFTA01392764.pdf,data-set-10-files-9,1,other
EFTA01392765.pdf,data-set-10-files-9,1,other
EFTA01392766.pdf,data-set-10-files-9,1,other
EFTA01392767.pdf,data-set-10-files-9,1,other
EFTA01392768.pdf,data-set-10-files-9,1,other
EFTA01392769.pdf,data-set-10-files-9,1,other
EFTA01392770.pdf,data-set-10-files-9,1,other
EFTA01392771.pdf,data-set-10-files-9,1,other
EFTA01392772.pdf,data-set-10-files-9,1,other
EFTA01392773.pdf,data-set-10-files-9,1,other
EFTA01392774.pdf,data-set-10-files-9,1,other
EFTA01392775.pdf,data-set-10-files-9,1,other
EFTA01392776.pdf,data-set-10-files-9,1,other
EFTA01392777.pdf,data-set-10-files-9,1,other
EFTA01392778.pdf,data-set-10-files-9,1,other
EFTA01392779.pdf,data-set-10-files-9,1,other
EFTA01392780.pdf,data-set-10-files-9,1,other
EFTA01392781.pdf,data-set-10-files-9,1,other
EFTA01392782.pdf,data-set-10-files-9,1,other
EFTA01392783.pdf,data-set-10-files-9,1,other
EFTA01392784.pdf,data-set-10-files-9,1,other
EFTA01392785.pdf,data-set-10-files-9,1,other
EFTA01392786.pdf,data-set-10-files-9,1,other
EFTA01392787.pdf,data-set-10-files-9,1,other
EFTA01392788.pdf,data-set-10-files-9,1,other
EFTA01392789.pdf,data-set-10-files-9,1,other
EFTA01392790.pdf,data-set-10-files-9,1,other
EFTA01392791.pdf,data-set-10-files-9,1,other
EFTA01392792.pdf,data-set-10-files-9,1,other
EFTA01392793.pdf,data-set-10-files-9,1,other
EFTA01392794.pdf,data-set-10-files-9,1,other
EFTA01392795.pdf,data-set-10-files-9,1,other
EFTA01392796.pdf,data-set-10-files-9,1,other
EFTA01392797.pdf,data-set-10-files-9,1,other
EFTA01392798.pdf,data-set-10-files-9,1,other
EFTA01392799.pdf,data-set-10-files-9,1,other
EFTA01392800.pdf,data-set-10-files-9,1,other
EFTA01392801.pdf,data-set-10-files-9,1,other
EFTA01392802.pdf,data-set-10-files-9,1,other
EFTA01392803.pdf,data-set-10-files-9,1,other
EFTA01392804.pdf,data-set-10-files-9,1,other
EFTA01392805.pdf,data-set-10-files-9,1,other
EFTA01392806.pdf,data-set-10-files-9,1,other
EFTA01392807.pdf,data-set-10-files-9,1,other
EFTA01392808.pdf,data-set-10-files-9,1,other
EFTA01392809.pdf,data-set-10-files-9,1,other
EFTA01392810.pdf,data-set-10-files-9,1,other
EFTA01392811.pdf,data-set-10-files-9,1,other
EFTA01392812.pdf,data-set-10-files-9,1,other
EFTA01392813.pdf,data-set-10-files-9,1,other
EFTA01392814.pdf,data-set-10-files-9,1,other
EFTA01392815.pdf,data-set-10-files-9,1,other
EFTA01392816.pdf,data-set-10-files-9,1,other
EFTA01392817.pdf,data-set-10-files-9,1,other
EFTA01392818.pdf,data-set-10-files-9,1,other
EFTA01392819.pdf,data-set-10-files-9,1,other
EFTA01392820.pdf,data-set-10-files-9,1,other
EFTA01392821.pdf,data-set-10-files-9,1,other
EFTA01392822.pdf,data-set-10-files-9,1,other
EFTA01392823.pdf,data-set-10-files-9,1,other
EFTA01392824.pdf,data-set-10-files-9,1,other
EFTA01392825.pdf,data-set-10-files-9,1,other
EFTA01392826.pdf,data-set-10-files-9,1,other
EFTA01392827.pdf,data-set-10-files-9,1,other
EFTA01392828.pdf,data-set-10-files-9,1,other
EFTA01392829.pdf,data-set-10-files-9,1,other
EFTA01392830.pdf,data-set-10-files-9,1,other
EFTA01392831.pdf,data-set-10-files-9,1,other
EFTA01392832.pdf,data-set-10-files-9,1,other
EFTA01392833.pdf,data-set-10-files-9,1,other
EFTA01392834.pdf,data-set-10-files-9,1,other
EFTA01392835.pdf,data-set-10-files-9,1,other
EFTA01392836.pdf,data-set-10-files-9,1,other
EFTA01392837.pdf,data-set-10-files-9,1,other
EFTA01392838.pdf,data-set-10-files-9,1,other
EFTA01392839.pdf,data-set-10-files-9,1,other
EFTA01392840.pdf,data-set-10-files-9,1,other
EFTA01392841.pdf,data-set-10-files-9,1,other
EFTA01392842.pdf,data-set-10-files-9,1,other
EFTA01392843.pdf,data-set-10-files-9,1,other
EFTA01392844.pdf,data-set-10-files-9,1,other
EFTA01392845.pdf,data-set-10-files-9,1,other
EFTA01392846.pdf,data-set-10-files-9,1,other
EFTA01392847.pdf,data-set-10-files-9,1,other
EFTA01392848.pdf,data-set-10-files-9,1,other
EFTA01392849.pdf,data-set-10-files-9,1,other
EFTA01392850.pdf,data-set-10-files-9,1,other
EFTA01392851.pdf,data-set-10-files-9,1,other
EFTA01392852.pdf,data-set-10-files-9,1,other
EFTA01392853.pdf,data-set-10-files-9,1,other
EFTA01392854.pdf,data-set-10-files-9,1,other
EFTA01392855.pdf,data-set-10-files-9,1,other
EFTA01392856.pdf,data-set-10-files-9,1,other
EFTA01392857.pdf,data-set-10-files-9,1,other
EFTA01392858.pdf,data-set-10-files-9,1,other
EFTA01392859.pdf,data-set-10-files-9,1,email
EFTA01392860.pdf,data-set-10-files-9,1,other
EFTA01392861.pdf,data-set-10-files-9,1,email
EFTA01392862.pdf,data-set-10-files-9,1,other
EFTA01392863.pdf,data-set-10-files-9,1,other
EFTA01392864.pdf,data-set-10-files-9,1,other
EFTA01392865.pdf,data-set-10-files-9,1,other
EFTA01392866.pdf,data-set-10-files-9,1,other
EFTA01392867.pdf,data-set-10-files-9,1,email
EFTA01392868.pdf,data-set-10-files-9,1,other
EFTA01392869.pdf,data-set-10-files-9,1,other
EFTA01392870.pdf,data-set-10-files-9,1,other
EFTA01392871.pdf,data-set-10-files-9,1,other
EFTA01392872.pdf,data-set-10-files-9,1,other
EFTA01392873.pdf,data-set-10-files-9,1,other
EFTA01392874.pdf,data-set-10-files-9,1,other
EFTA01392875.pdf,data-set-10-files-9,1,other
EFTA01392876.pdf,data-set-10-files-9,1,other
EFTA01392877.pdf,data-set-10-files-9,1,other
EFTA01392878.pdf,data-set-10-files-9,1,other
EFTA01392879.pdf,data-set-10-files-9,1,other
EFTA01392880.pdf,data-set-10-files-9,1,other
EFTA01392881.pdf,data-set-10-files-9,1,other
EFTA01392882.pdf,data-set-10-files-9,1,email
EFTA01392883.pdf,data-set-10-files-9,1,other
EFTA01392884.pdf,data-set-10-files-9,1,other
EFTA01392885.pdf,data-set-10-files-9,1,other
EFTA01392886.pdf,data-set-10-files-9,1,other
EFTA01392887.pdf,data-set-10-files-9,1,other
EFTA01392888.pdf,data-set-10-files-9,1,other
EFTA01392889.pdf,data-set-10-files-9,1,other
EFTA01392890.pdf,data-set-10-files-9,1,other
EFTA01392891.pdf,data-set-10-files-9,1,other
EFTA01392892.pdf,data-set-10-files-9,1,other
EFTA01392893.pdf,data-set-10-files-9,1,other
EFTA01392894.pdf,data-set-10-files-9,1,other
EFTA01392895.pdf,data-set-10-files-9,1,other
EFTA01392896.pdf,data-set-10-files-9,1,other
EFTA01392897.pdf,data-set-10-files-9,1,other
EFTA01392898.pdf,data-set-10-files-9,1,other
EFTA01392899.pdf,data-set-10-files-9,1,other
EFTA01392900.pdf,data-set-10-files-9,1,other
EFTA01392901.pdf,data-set-10-files-9,1,other
EFTA01392902.pdf,data-set-10-files-9,1,other
EFTA01392903.pdf,data-set-10-files-9,1,other
EFTA01392904.pdf,data-set-10-files-9,1,other
EFTA01392905.pdf,data-set-10-files-9,1,other
EFTA01392906.pdf,data-set-10-files-9,1,other
EFTA01392907.pdf,data-set-10-files-9,1,other
EFTA01392908.pdf,data-set-10-files-9,1,other
EFTA01392909.pdf,data-set-10-files-9,1,other
EFTA01392910.pdf,data-set-10-files-9,1,email
EFTA01392911.pdf,data-set-10-files-9,1,other
EFTA01392912.pdf,data-set-10-files-9,1,other
EFTA01392913.pdf,data-set-10-files-9,1,other
EFTA01392914.pdf,data-set-10-files-9,1,other
EFTA01392915.pdf,data-set-10-files-9,1,other
EFTA01392916.pdf,data-set-10-files-9,1,other
EFTA01392917.pdf,data-set-10-files-9,1,other
EFTA01392918.pdf,data-set-10-files-9,1,other
EFTA01392919.pdf,data-set-10-files-9,1,other
EFTA01392920.pdf,data-set-10-files-9,1,other
EFTA01392921.pdf,data-set-10-files-9,1,other
EFTA01392922.pdf,data-set-10-files-9,1,other
EFTA01392923.pdf,data-set-10-files-9,1,other
EFTA01392924.pdf,data-set-10-files-9,1,other
EFTA01392925.pdf,data-set-10-files-9,1,other
EFTA01392926.pdf,data-set-10-files-9,1,other
EFTA01392927.pdf,data-set-10-files-9,1,other
EFTA01392928.pdf,data-set-10-files-9,1,other
EFTA01392929.pdf,data-set-10-files-9,1,other
EFTA01392930.pdf,data-set-10-files-9,1,other
EFTA01392931.pdf,data-set-10-files-9,1,other
EFTA01392932.pdf,data-set-10-files-9,1,other
EFTA01392933.pdf,data-set-10-files-9,1,other
EFTA01392934.pdf,data-set-10-files-9,1,other
EFTA01392935.pdf,data-set-10-files-9,1,other
EFTA01392936.pdf,data-set-10-files-9,1,other
EFTA01392937.pdf,data-set-10-files-9,1,other
EFTA01392938.pdf,data-set-10-files-9,1,other
EFTA01392939.pdf,data-set-10-files-9,1,other
EFTA01392940.pdf,data-set-10-files-9,1,other
EFTA01392941.pdf,data-set-10-files-9,1,other
EFTA01392942.pdf,data-set-10-files-9,1,other
EFTA01392943.pdf,data-set-10-files-9,1,other
EFTA01392944.pdf,data-set-10-files-9,1,other
EFTA01392945.pdf,data-set-10-files-9,1,other
EFTA01392946.pdf,data-set-10-files-9,1,other
EFTA01392947.pdf,data-set-10-files-9,1,other
EFTA01392948.pdf,data-set-10-files-9,1,other
EFTA01392949.pdf,data-set-10-files-9,1,other
EFTA01392950.pdf,data-set-10-files-9,1,other
EFTA01392951.pdf,data-set-10-files-9,1,other
EFTA01392952.pdf,data-set-10-files-9,1,other
EFTA01392953.pdf,data-set-10-files-9,1,other
EFTA01392954.pdf,data-set-10-files-9,1,other
EFTA01392955.pdf,data-set-10-files-9,1,other
EFTA01392956.pdf,data-set-10-files-9,1,email
EFTA01392957.pdf,data-set-10-files-9,1,other
EFTA01392958.pdf,data-set-10-files-9,1,other
EFTA01392959.pdf,data-set-10-files-9,1,email
EFTA01392960.pdf,data-set-10-files-9,1,other
EFTA01392961.pdf,data-set-10-files-9,1,other
EFTA01392962.pdf,data-set-10-files-9,1,other
EFTA01392963.pdf,data-set-10-files-9,1,other
EFTA01392964.pdf,data-set-10-files-9,1,other
EFTA01392965.pdf,data-set-10-files-9,1,other
EFTA01392966.pdf,data-set-10-files-9,1,email
EFTA01392967.pdf,data-set-10-files-9,1,email
EFTA01392968.pdf,data-set-10-files-9,1,email
EFTA01392969.pdf,data-set-10-files-9,1,email
EFTA01392970.pdf,data-set-10-files-9,1,other
EFTA01392971.pdf,data-set-10-files-9,1,other
EFTA01392972.pdf,data-set-10-files-9,1,other
EFTA01392973.pdf,data-set-10-files-9,1,other
EFTA01392974.pdf,data-set-10-files-9,1,other
EFTA01392975.pdf,data-set-10-files-9,1,other
EFTA01392976.pdf,data-set-10-files-9,1,other
EFTA01392977.pdf,data-set-10-files-9,1,email
EFTA01392978.pdf,data-set-10-files-9,1,email
EFTA01392979.pdf,data-set-10-files-9,1,other
EFTA01392980.pdf,data-set-10-files-9,1,other
EFTA01392981.pdf,data-set-10-files-9,1,other
EFTA01392982.pdf,data-set-10-files-9,1,other
EFTA01392983.pdf,data-set-10-files-9,1,other
EFTA01392984.pdf,data-set-10-files-9,1,email
EFTA01392985.pdf,data-set-10-files-9,1,other
EFTA01392986.pdf,data-set-10-files-9,1,other
EFTA01392987.pdf,data-set-10-files-9,1,other
EFTA01392988.pdf,data-set-10-files-9,1,other
EFTA01392989.pdf,data-set-10-files-9,1,other
EFTA01392990.pdf,data-set-10-files-9,1,other
EFTA01392991.pdf,data-set-10-files-9,1,other
EFTA01392992.pdf,data-set-10-files-9,1,other
EFTA01392993.pdf,data-set-10-files-9,1,other
EFTA01392994.pdf,data-set-10-files-9,1,other
EFTA01392995.pdf,data-set-10-files-9,1,other
EFTA01392996.pdf,data-set-10-files-9,1,other
EFTA01392997.pdf,data-set-10-files-9,1,other
EFTA01392998.pdf,data-set-10-files-9,1,other
EFTA01392999.pdf,data-set-10-files-9,1,other
EFTA01393000.pdf,data-set-10-files-9,1,other
EFTA01393001.pdf,data-set-10-files-9,1,other
EFTA01393002.pdf,data-set-10-files-9,1,other
EFTA01393003.pdf,data-set-10-files-9,1,other
EFTA01393004.pdf,data-set-10-files-9,1,other
EFTA01393005.pdf,data-set-10-files-9,1,other
EFTA01393006.pdf,data-set-10-files-9,1,other
EFTA01393007.pdf,data-set-10-files-9,1,other
EFTA01393008.pdf,data-set-10-files-9,1,other
EFTA01393009.pdf,data-set-10-files-9,1,other
EFTA01393010.pdf,data-set-10-files-9,1,other
EFTA01393011.pdf,data-set-10-files-9,1,other
EFTA01393012.pdf,data-set-10-files-9,1,other
EFTA01393013.pdf,data-set-10-files-9,1,email
EFTA01393014.pdf,data-set-10-files-9,1,other
EFTA01393015.pdf,data-set-10-files-9,1,other
EFTA01393016.pdf,data-set-10-files-9,1,other
EFTA01393017.pdf,data-set-10-files-9,1,other
EFTA01393018.pdf,data-set-10-files-9,1,other
EFTA01393019.pdf,data-set-10-files-9,1,other
EFTA01393020.pdf,data-set-10-files-9,1,other
EFTA01393021.pdf,data-set-10-files-9,1,other
EFTA01393022.pdf,data-set-10-files-9,1,email
EFTA01393023.pdf,data-set-10-files-9,1,other
EFTA01393024.pdf,data-set-10-files-9,1,other
EFTA01393025.pdf,data-set-10-files-9,1,other
EFTA01393026.pdf,data-set-10-files-9,1,other
EFTA01393027.pdf,data-set-10-files-9,1,other
EFTA01393028.pdf,data-set-10-files-9,1,email
EFTA01393029.pdf,data-set-10-files-9,1,other
EFTA01393030.pdf,data-set-10-files-9,1,other
EFTA01393031.pdf,data-set-10-files-9,1,other
EFTA01393032.pdf,data-set-10-files-9,1,other
EFTA01393033.pdf,data-set-10-files-9,1,other
EFTA01393034.pdf,data-set-10-files-9,1,other
EFTA01393035.pdf,data-set-10-files-9,1,other
EFTA01393036.pdf,data-set-10-files-9,1,email
EFTA01393037.pdf,data-set-10-files-9,1,other
EFTA01393038.pdf,data-set-10-files-9,1,other
EFTA01393039.pdf,data-set-10-files-9,1,other
EFTA01393040.pdf,data-set-10-files-9,1,other
EFTA01393041.pdf,data-set-10-files-9,1,other
EFTA01393042.pdf,data-set-10-files-9,1,other
EFTA01393043.pdf,data-set-10-files-9,1,other
EFTA01393044.pdf,data-set-10-files-9,1,other
EFTA01393045.pdf,data-set-10-files-9,1,other
EFTA01393046.pdf,data-set-10-files-9,1,other
EFTA01393047.pdf,data-set-10-files-9,1,other
EFTA01393048.pdf,data-set-10-files-9,1,other
EFTA01393049.pdf,data-set-10-files-9,1,other
EFTA01393050.pdf,data-set-10-files-9,1,other
EFTA01393051.pdf,data-set-10-files-9,1,other
EFTA01393052.pdf,data-set-10-files-9,1,other
EFTA01393053.pdf,data-set-10-files-9,1,other
EFTA01393054.pdf,data-set-10-files-9,1,other
EFTA01393055.pdf,data-set-10-files-9,1,other
EFTA01393056.pdf,data-set-10-files-9,1,other
EFTA01393057.pdf,data-set-10-files-9,1,other
EFTA01393058.pdf,data-set-10-files-9,1,other
EFTA01393059.pdf,data-set-10-files-9,1,other
EFTA01393060.pdf,data-set-10-files-9,1,email
EFTA01393061.pdf,data-set-10-files-9,1,other
EFTA01393062.pdf,data-set-10-files-9,1,other
EFTA01393063.pdf,data-set-10-files-9,1,email
EFTA01393064.pdf,data-set-10-files-9,1,email
EFTA01393065.pdf,data-set-10-files-9,1,email
EFTA01393066.pdf,data-set-10-files-9,1,email
EFTA01393067.pdf,data-set-10-files-9,1,other
EFTA01393068.pdf,data-set-10-files-9,1,other
EFTA01393069.pdf,data-set-10-files-9,1,other
EFTA01393070.pdf,data-set-10-files-9,1,other
EFTA01393071.pdf,data-set-10-files-9,1,other
EFTA01393072.pdf,data-set-10-files-9,1,other
EFTA01393073.pdf,data-set-10-files-9,1,other
EFTA01393074.pdf,data-set-10-files-9,1,other
EFTA01393075.pdf,data-set-10-files-9,1,other
EFTA01393076.pdf,data-set-10-files-9,1,other
EFTA01393077.pdf,data-set-10-files-9,1,other
EFTA01393078.pdf,data-set-10-files-9,1,other
EFTA01393079.pdf,data-set-10-files-9,1,other
EFTA01393080.pdf,data-set-10-files-9,1,other
EFTA01393081.pdf,data-set-10-files-9,1,other
EFTA01393082.pdf,data-set-10-files-9,1,other
EFTA01393083.pdf,data-set-10-files-9,1,other
EFTA01393084.pdf,data-set-10-files-9,1,other
EFTA01393085.pdf,data-set-10-files-9,1,other
EFTA01393086.pdf,data-set-10-files-9,1,other
EFTA01393087.pdf,data-set-10-files-9,1,other
EFTA01393088.pdf,data-set-10-files-9,1,other
EFTA01393089.pdf,data-set-10-files-9,1,email
EFTA01393090.pdf,data-set-10-files-9,1,other
EFTA01393091.pdf,data-set-10-files-9,1,other
EFTA01393092.pdf,data-set-10-files-9,1,other
EFTA01393093.pdf,data-set-10-files-9,1,other
EFTA01393094.pdf,data-set-10-files-9,1,other
EFTA01393095.pdf,data-set-10-files-9,1,other
EFTA01393096.pdf,data-set-10-files-9,1,other
EFTA01393097.pdf,data-set-10-files-9,1,other
EFTA01393098.pdf,data-set-10-files-9,1,other
EFTA01393099.pdf,data-set-10-files-9,1,other
EFTA01393100.pdf,data-set-10-files-9,1,other
EFTA01393101.pdf,data-set-10-files-9,1,other
EFTA01393102.pdf,data-set-10-files-9,1,other
EFTA01393103.pdf,data-set-10-files-9,1,other
EFTA01393104.pdf,data-set-10-files-9,1,other
EFTA01393105.pdf,data-set-10-files-9,1,other
EFTA01393106.pdf,data-set-10-files-9,1,other
EFTA01393107.pdf,data-set-10-files-9,1,other
EFTA01393108.pdf,data-set-10-files-9,1,other
EFTA01393109.pdf,data-set-10-files-9,1,other
EFTA01393110.pdf,data-set-10-files-9,1,other
EFTA01393111.pdf,data-set-10-files-9,1,other
EFTA01393112.pdf,data-set-10-files-9,1,other
EFTA01393113.pdf,data-set-10-files-9,1,other
EFTA01393114.pdf,data-set-10-files-9,1,other
EFTA01393115.pdf,data-set-10-files-9,1,other
EFTA01393116.pdf,data-set-10-files-9,1,other
EFTA01393117.pdf,data-set-10-files-9,1,other
EFTA01393118.pdf,data-set-10-files-9,1,other
EFTA01393119.pdf,data-set-10-files-9,1,other
EFTA01393120.pdf,data-set-10-files-9,1,other
EFTA01393121.pdf,data-set-10-files-9,1,other
EFTA01393122.pdf,data-set-10-files-9,1,other
EFTA01393123.pdf,data-set-10-files-9,1,other
EFTA01393124.pdf,data-set-10-files-9,1,other
EFTA01393125.pdf,data-set-10-files-9,1,other
EFTA01393126.pdf,data-set-10-files-9,1,other
EFTA01393127.pdf,data-set-10-files-9,1,other
EFTA01393128.pdf,data-set-10-files-9,1,other
EFTA01393129.pdf,data-set-10-files-9,1,other
EFTA01393130.pdf,data-set-10-files-9,1,other
EFTA01393131.pdf,data-set-10-files-9,1,other
EFTA01393132.pdf,data-set-10-files-9,1,other
EFTA01393133.pdf,data-set-10-files-9,1,other
EFTA01393134.pdf,data-set-10-files-9,1,other
EFTA01393135.pdf,data-set-10-files-9,1,other
EFTA01393136.pdf,data-set-10-files-9,1,other
EFTA01393137.pdf,data-set-10-files-9,1,other
EFTA01393138.pdf,data-set-10-files-9,1,other
EFTA01393139.pdf,data-set-10-files-9,1,other
EFTA01393140.pdf,data-set-10-files-9,1,other
EFTA01393141.pdf,data-set-10-files-9,1,other
EFTA01393142.pdf,data-set-10-files-9,1,other
EFTA01393143.pdf,data-set-10-files-9,1,other
EFTA01393144.pdf,data-set-10-files-9,1,other
EFTA01393145.pdf,data-set-10-files-9,1,other
EFTA01393146.pdf,data-set-10-files-9,1,other
EFTA01393147.pdf,data-set-10-files-9,1,other
EFTA01393148.pdf,data-set-10-files-9,1,other
EFTA01393149.pdf,data-set-10-files-9,1,other
EFTA01393150.pdf,data-set-10-files-9,1,other
EFTA01393151.pdf,data-set-10-files-9,1,other
EFTA01393152.pdf,data-set-10-files-9,1,other
EFTA01393153.pdf,data-set-10-files-9,1,other
EFTA01393154.pdf,data-set-10-files-9,1,other
EFTA01393155.pdf,data-set-10-files-9,1,other
EFTA01393156.pdf,data-set-10-files-9,1,other
EFTA01393157.pdf,data-set-10-files-9,1,other
EFTA01393158.pdf,data-set-10-files-9,1,other
EFTA01393159.pdf,data-set-10-files-9,1,other
EFTA01393160.pdf,data-set-10-files-9,1,other
EFTA01393161.pdf,data-set-10-files-9,1,other
EFTA01393162.pdf,data-set-10-files-9,1,other
EFTA01393163.pdf,data-set-10-files-9,1,other
EFTA01393164.pdf,data-set-10-files-9,1,other
EFTA01393165.pdf,data-set-10-files-9,1,other
EFTA01393166.pdf,data-set-10-files-9,1,other
EFTA01393167.pdf,data-set-10-files-9,1,other
EFTA01393168.pdf,data-set-10-files-9,1,other
EFTA01393169.pdf,data-set-10-files-9,1,other
EFTA01393170.pdf,data-set-10-files-9,1,other
EFTA01393171.pdf,data-set-10-files-9,1,other
EFTA01393172.pdf,data-set-10-files-9,1,other
EFTA01393173.pdf,data-set-10-files-9,1,other
EFTA01393174.pdf,data-set-10-files-9,1,other
EFTA01393175.pdf,data-set-10-files-9,1,other
EFTA01393176.pdf,data-set-10-files-9,1,other
EFTA01393177.pdf,data-set-10-files-9,1,other
EFTA01393178.pdf,data-set-10-files-9,1,other
EFTA01393179.pdf,data-set-10-files-9,1,other
EFTA01393180.pdf,data-set-10-files-9,1,other
EFTA01393181.pdf,data-set-10-files-9,1,other
EFTA01393182.pdf,data-set-10-files-9,1,other
EFTA01393183.pdf,data-set-10-files-9,1,other
EFTA01393184.pdf,data-set-10-files-9,1,other
EFTA01393185.pdf,data-set-10-files-9,1,other
EFTA01393186.pdf,data-set-10-files-9,1,other
EFTA01393187.pdf,data-set-10-files-9,1,other
EFTA01393188.pdf,data-set-10-files-9,1,other
EFTA01393189.pdf,data-set-10-files-9,1,other
EFTA01393190.pdf,data-set-10-files-9,1,other
EFTA01393191.pdf,data-set-10-files-9,1,other
EFTA01393192.pdf,data-set-10-files-9,1,other
EFTA01393193.pdf,data-set-10-files-9,1,other
EFTA01393194.pdf,data-set-10-files-9,1,other
EFTA01393195.pdf,data-set-10-files-9,1,other
EFTA01393196.pdf,data-set-10-files-9,1,other
EFTA01393197.pdf,data-set-10-files-9,1,other
EFTA01393198.pdf,data-set-10-files-9,1,other
EFTA01393199.pdf,data-set-10-files-9,1,other
EFTA01393200.pdf,data-set-10-files-9,1,other
EFTA01393201.pdf,data-set-10-files-9,1,other
EFTA01393202.pdf,data-set-10-files-9,1,other
EFTA01393203.pdf,data-set-10-files-9,1,other
EFTA01393204.pdf,data-set-10-files-9,1,other
EFTA01393205.pdf,data-set-10-files-9,1,other
EFTA01393206.pdf,data-set-10-files-9,1,other
EFTA01393207.pdf,data-set-10-files-9,1,other
EFTA01393208.pdf,data-set-10-files-9,1,other
EFTA01393209.pdf,data-set-10-files-9,1,other
EFTA01393210.pdf,data-set-10-files-9,1,other
EFTA01393211.pdf,data-set-10-files-9,1,other
EFTA01393212.pdf,data-set-10-files-9,1,other
EFTA01393213.pdf,data-set-10-files-9,1,other
EFTA01393214.pdf,data-set-10-files-9,1,other
EFTA01393215.pdf,data-set-10-files-9,1,other
EFTA01393216.pdf,data-set-10-files-9,1,other
EFTA01393217.pdf,data-set-10-files-9,1,other
EFTA01393218.pdf,data-set-10-files-9,1,other
EFTA01393219.pdf,data-set-10-files-9,1,other
EFTA01393220.pdf,data-set-10-files-9,1,other
EFTA01393221.pdf,data-set-10-files-9,1,other
EFTA01393222.pdf,data-set-10-files-9,1,other
EFTA01393223.pdf,data-set-10-files-9,1,other
EFTA01393224.pdf,data-set-10-files-9,1,other
EFTA01393225.pdf,data-set-10-files-9,1,other
EFTA01393226.pdf,data-set-10-files-9,1,other
EFTA01393227.pdf,data-set-10-files-9,1,other
EFTA01393228.pdf,data-set-10-files-9,1,other
EFTA01393229.pdf,data-set-10-files-9,1,other
EFTA01393230.pdf,data-set-10-files-9,1,other
EFTA01393231.pdf,data-set-10-files-9,1,other
EFTA01393232.pdf,data-set-10-files-9,1,other
EFTA01393233.pdf,data-set-10-files-9,1,other
EFTA01393234.pdf,data-set-10-files-9,1,other
EFTA01393235.pdf,data-set-10-files-9,1,other
EFTA01393236.pdf,data-set-10-files-9,1,other
EFTA01393237.pdf,data-set-10-files-9,1,email
EFTA01393238.pdf,data-set-10-files-9,1,other
EFTA01393239.pdf,data-set-10-files-9,1,other
EFTA01393240.pdf,data-set-10-files-9,1,other
EFTA01393241.pdf,data-set-10-files-9,1,other
EFTA01393242.pdf,data-set-10-files-9,1,other
EFTA01393243.pdf,data-set-10-files-9,1,other
EFTA01393244.pdf,data-set-10-files-9,1,other
EFTA01393245.pdf,data-set-10-files-9,1,other
EFTA01393246.pdf,data-set-10-files-9,1,other
EFTA01393247.pdf,data-set-10-files-9,1,other
EFTA01393248.pdf,data-set-10-files-9,1,other
EFTA01393249.pdf,data-set-10-files-9,1,other
EFTA01393250.pdf,data-set-10-files-9,1,other
EFTA01393251.pdf,data-set-10-files-9,1,other
EFTA01393252.pdf,data-set-10-files-9,1,other
EFTA01393253.pdf,data-set-10-files-9,1,other
EFTA01393254.pdf,data-set-10-files-9,1,other
EFTA01393255.pdf,data-set-10-files-9,1,other
EFTA01393256.pdf,data-set-10-files-9,1,other
EFTA01393257.pdf,data-set-10-files-9,1,other
EFTA01393258.pdf,data-set-10-files-9,1,other
EFTA01393259.pdf,data-set-10-files-9,1,other
EFTA01393260.pdf,data-set-10-files-9,1,other
EFTA01393261.pdf,data-set-10-files-9,1,other
EFTA01393262.pdf,data-set-10-files-9,1,other
EFTA01393263.pdf,data-set-10-files-9,1,other
EFTA01393264.pdf,data-set-10-files-9,1,other
EFTA01393265.pdf,data-set-10-files-9,1,other
EFTA01393266.pdf,data-set-10-files-9,1,other
EFTA01393267.pdf,data-set-10-files-9,1,other
EFTA01393268.pdf,data-set-10-files-9,1,other
EFTA01393269.pdf,data-set-10-files-9,1,other
EFTA01393270.pdf,data-set-10-files-9,1,other
EFTA01393271.pdf,data-set-10-files-9,1,other
EFTA01393272.pdf,data-set-10-files-9,1,other
EFTA01393273.pdf,data-set-10-files-9,1,other
EFTA01393274.pdf,data-set-10-files-9,1,other
EFTA01393275.pdf,data-set-10-files-9,1,other
EFTA01393276.pdf,data-set-10-files-9,1,other
EFTA01393277.pdf,data-set-10-files-9,1,other
EFTA01393278.pdf,data-set-10-files-9,1,other
EFTA01393279.pdf,data-set-10-files-9,1,other
EFTA01393280.pdf,data-set-10-files-9,1,other
EFTA01393281.pdf,data-set-10-files-9,1,other
EFTA01393282.pdf,data-set-10-files-9,1,other
EFTA01393283.pdf,data-set-10-files-9,1,other
EFTA01393284.pdf,data-set-10-files-9,1,other
EFTA01393285.pdf,data-set-10-files-9,1,other
EFTA01393286.pdf,data-set-10-files-9,1,other
EFTA01393287.pdf,data-set-10-files-9,1,other
EFTA01393288.pdf,data-set-10-files-9,1,other
EFTA01393289.pdf,data-set-10-files-9,1,other
EFTA01393290.pdf,data-set-10-files-9,1,other
EFTA01393291.pdf,data-set-10-files-9,1,other
EFTA01393292.pdf,data-set-10-files-9,1,other
EFTA01393293.pdf,data-set-10-files-9,1,other
EFTA01393294.pdf,data-set-10-files-9,1,other
EFTA01393295.pdf,data-set-10-files-9,1,other
EFTA01393296.pdf,data-set-10-files-9,1,other
EFTA01393297.pdf,data-set-10-files-9,1,other
EFTA01393298.pdf,data-set-10-files-9,1,other
EFTA01393299.pdf,data-set-10-files-9,1,other
EFTA01393300.pdf,data-set-10-files-9,1,other
EFTA01393301.pdf,data-set-10-files-9,1,other
EFTA01393302.pdf,data-set-10-files-9,1,other
EFTA01393303.pdf,data-set-10-files-9,1,other
EFTA01393304.pdf,data-set-10-files-9,1,other
EFTA01393305.pdf,data-set-10-files-9,1,other
EFTA01393306.pdf,data-set-10-files-9,1,other
EFTA01393307.pdf,data-set-10-files-9,1,other
EFTA01393308.pdf,data-set-10-files-9,1,other
EFTA01393309.pdf,data-set-10-files-9,1,other
EFTA01393310.pdf,data-set-10-files-9,1,other
EFTA01393311.pdf,data-set-10-files-9,1,other
EFTA01393312.pdf,data-set-10-files-9,1,other
EFTA01393313.pdf,data-set-10-files-9,1,other
EFTA01393314.pdf,data-set-10-files-9,1,other
EFTA01393315.pdf,data-set-10-files-9,1,other
EFTA01393316.pdf,data-set-10-files-9,1,other
EFTA01393317.pdf,data-set-10-files-9,1,other
EFTA01393318.pdf,data-set-10-files-9,1,other
EFTA01393319.pdf,data-set-10-files-9,1,other
EFTA01393320.pdf,data-set-10-files-9,1,other
EFTA01393321.pdf,data-set-10-files-9,1,other
EFTA01393322.pdf,data-set-10-files-9,1,other
EFTA01393323.pdf,data-set-10-files-9,1,other
EFTA01393324.pdf,data-set-10-files-9,1,other
EFTA01393325.pdf,data-set-10-files-9,1,other
EFTA01393326.pdf,data-set-10-files-9,1,other
EFTA01393327.pdf,data-set-10-files-9,1,other
EFTA01393328.pdf,data-set-10-files-9,1,other
EFTA01393329.pdf,data-set-10-files-9,1,other
EFTA01393330.pdf,data-set-10-files-9,1,other
EFTA01393331.pdf,data-set-10-files-9,1,other
EFTA01393332.pdf,data-set-10-files-9,1,other
EFTA01393333.pdf,data-set-10-files-9,1,other
EFTA01393334.pdf,data-set-10-files-9,1,other
EFTA01393335.pdf,data-set-10-files-9,1,other
EFTA01393336.pdf,data-set-10-files-9,1,other
EFTA01393337.pdf,data-set-10-files-9,1,other
EFTA01393338.pdf,data-set-10-files-9,1,other
EFTA01393339.pdf,data-set-10-files-9,1,other
EFTA01393340.pdf,data-set-10-files-9,1,other
EFTA01393341.pdf,data-set-10-files-9,1,other
EFTA01393342.pdf,data-set-10-files-9,1,other
EFTA01393343.pdf,data-set-10-files-9,1,other
EFTA01393344.pdf,data-set-10-files-9,1,other
EFTA01393345.pdf,data-set-10-files-9,1,other
EFTA01393346.pdf,data-set-10-files-9,1,other
EFTA01393347.pdf,data-set-10-files-9,1,other
EFTA01393348.pdf,data-set-10-files-9,1,other
EFTA01393349.pdf,data-set-10-files-9,1,other
EFTA01393350.pdf,data-set-10-files-9,1,other
EFTA01393351.pdf,data-set-10-files-9,1,other
EFTA01393352.pdf,data-set-10-files-9,1,other
EFTA01393353.pdf,data-set-10-files-9,1,other
EFTA01393354.pdf,data-set-10-files-9,1,other
EFTA01393355.pdf,data-set-10-files-9,1,other
EFTA01393356.pdf,data-set-10-files-9,1,other
EFTA01393357.pdf,data-set-10-files-9,1,other
EFTA01393358.pdf,data-set-10-files-9,1,other
EFTA01393359.pdf,data-set-10-files-9,1,other
EFTA01393360.pdf,data-set-10-files-9,1,other
EFTA01393361.pdf,data-set-10-files-9,1,other
EFTA01393362.pdf,data-set-10-files-9,1,other
EFTA01393363.pdf,data-set-10-files-9,1,other
EFTA01393364.pdf,data-set-10-files-9,1,other
EFTA01393365.pdf,data-set-10-files-9,1,other
EFTA01393366.pdf,data-set-10-files-9,1,other
EFTA01393367.pdf,data-set-10-files-9,1,other
EFTA01393368.pdf,data-set-10-files-9,1,other
EFTA01393369.pdf,data-set-10-files-9,1,other
EFTA01393370.pdf,data-set-10-files-9,1,other
EFTA01393371.pdf,data-set-10-files-9,1,other
EFTA01393372.pdf,data-set-10-files-9,1,other
EFTA01393373.pdf,data-set-10-files-9,1,other
EFTA01393374.pdf,data-set-10-files-9,1,other
EFTA01393375.pdf,data-set-10-files-9,1,other
EFTA01393376.pdf,data-set-10-files-9,1,other
EFTA01393377.pdf,data-set-10-files-9,1,other
EFTA01393378.pdf,data-set-10-files-9,1,other
EFTA01393379.pdf,data-set-10-files-9,1,other
EFTA01393380.pdf,data-set-10-files-9,1,other
EFTA01393381.pdf,data-set-10-files-9,1,other
EFTA01393382.pdf,data-set-10-files-9,1,other
EFTA01393383.pdf,data-set-10-files-9,1,other
EFTA01393384.pdf,data-set-10-files-9,1,other
EFTA01393385.pdf,data-set-10-files-9,1,other
EFTA01393386.pdf,data-set-10-files-9,1,other
EFTA01393387.pdf,data-set-10-files-9,1,other
EFTA01393388.pdf,data-set-10-files-9,1,other
EFTA01393389.pdf,data-set-10-files-9,1,other
EFTA01393390.pdf,data-set-10-files-9,1,other
EFTA01393391.pdf,data-set-10-files-9,1,other
EFTA01393392.pdf,data-set-10-files-9,1,other
EFTA01393393.pdf,data-set-10-files-9,1,other
EFTA01393394.pdf,data-set-10-files-9,1,other
EFTA01393395.pdf,data-set-10-files-9,1,other
EFTA01393396.pdf,data-set-10-files-9,1,other
EFTA01393397.pdf,data-set-10-files-9,1,other
EFTA01393398.pdf,data-set-10-files-9,1,other
EFTA01393399.pdf,data-set-10-files-9,1,other
EFTA01393400.pdf,data-set-10-files-9,1,other
EFTA01393401.pdf,data-set-10-files-9,1,other
EFTA01393402.pdf,data-set-10-files-9,1,other
EFTA01393403.pdf,data-set-10-files-9,1,other
EFTA01393404.pdf,data-set-10-files-9,1,other
EFTA01393405.pdf,data-set-10-files-9,1,other
EFTA01393406.pdf,data-set-10-files-9,1,other
EFTA01393407.pdf,data-set-10-files-9,1,other
EFTA01393408.pdf,data-set-10-files-9,1,other
EFTA01393409.pdf,data-set-10-files-9,1,other
EFTA01393410.pdf,data-set-10-files-9,1,other
EFTA01393411.pdf,data-set-10-files-9,1,other
EFTA01393412.pdf,data-set-10-files-9,1,other
EFTA01393413.pdf,data-set-10-files-9,1,other
EFTA01393414.pdf,data-set-10-files-9,1,other
EFTA01393415.pdf,data-set-10-files-9,1,other
EFTA01393416.pdf,data-set-10-files-9,1,other
EFTA01393417.pdf,data-set-10-files-9,1,other
EFTA01393418.pdf,data-set-10-files-9,1,other
EFTA01393419.pdf,data-set-10-files-9,1,other
EFTA01393420.pdf,data-set-10-files-9,1,other
EFTA01393421.pdf,data-set-10-files-9,1,other
EFTA01393422.pdf,data-set-10-files-9,1,other
EFTA01393423.pdf,data-set-10-files-9,1,other
EFTA01393424.pdf,data-set-10-files-9,1,other
EFTA01393425.pdf,data-set-10-files-9,1,other
EFTA01393426.pdf,data-set-10-files-9,1,other
EFTA01393427.pdf,data-set-10-files-9,1,other
EFTA01393428.pdf,data-set-10-files-9,1,other
EFTA01393429.pdf,data-set-10-files-9,1,other
EFTA01393430.pdf,data-set-10-files-9,1,other
EFTA01393431.pdf,data-set-10-files-9,1,other
EFTA01393432.pdf,data-set-10-files-9,1,other
EFTA01393433.pdf,data-set-10-files-9,1,other
EFTA01393434.pdf,data-set-10-files-9,1,email
EFTA01393435.pdf,data-set-10-files-9,1,other
EFTA01393436.pdf,data-set-10-files-9,1,other
EFTA01393437.pdf,data-set-10-files-9,1,other
EFTA01393438.pdf,data-set-10-files-9,1,other
EFTA01393439.pdf,data-set-10-files-9,1,other
EFTA01393440.pdf,data-set-10-files-9,1,other
EFTA01393441.pdf,data-set-10-files-9,1,other
EFTA01393442.pdf,data-set-10-files-9,1,other
EFTA01393443.pdf,data-set-10-files-9,1,other
EFTA01393444.pdf,data-set-10-files-9,1,other
EFTA01393445.pdf,data-set-10-files-9,1,other
EFTA01393446.pdf,data-set-10-files-9,1,other
EFTA01393447.pdf,data-set-10-files-9,1,other
EFTA01393448.pdf,data-set-10-files-9,1,other
EFTA01393449.pdf,data-set-10-files-9,1,other
EFTA01393450.pdf,data-set-10-files-9,1,other
EFTA01393451.pdf,data-set-10-files-9,1,other
EFTA01393452.pdf,data-set-10-files-9,1,other
EFTA01393453.pdf,data-set-10-files-9,1,other
EFTA01393454.pdf,data-set-10-files-9,1,other
EFTA01393455.pdf,data-set-10-files-9,1,other
EFTA01393456.pdf,data-set-10-files-9,1,other
EFTA01393457.pdf,data-set-10-files-9,1,other
EFTA01393458.pdf,data-set-10-files-9,1,other
EFTA01393459.pdf,data-set-10-files-9,1,other
EFTA01393460.pdf,data-set-10-files-9,1,other
EFTA01393461.pdf,data-set-10-files-9,1,other
EFTA01393462.pdf,data-set-10-files-9,1,other
EFTA01393463.pdf,data-set-10-files-9,1,other
EFTA01393464.pdf,data-set-10-files-9,1,other
EFTA01393465.pdf,data-set-10-files-9,1,other
EFTA01393466.pdf,data-set-10-files-9,1,other
EFTA01393467.pdf,data-set-10-files-9,1,other
EFTA01393468.pdf,data-set-10-files-9,1,other
EFTA01393469.pdf,data-set-10-files-9,1,other
EFTA01393470.pdf,data-set-10-files-9,1,other
EFTA01393471.pdf,data-set-10-files-9,1,other
EFTA01393472.pdf,data-set-10-files-9,1,other
EFTA01393473.pdf,data-set-10-files-9,1,other
EFTA01393474.pdf,data-set-10-files-9,1,other
EFTA01393475.pdf,data-set-10-files-9,1,other
EFTA01393476.pdf,data-set-10-files-9,1,other
EFTA01393477.pdf,data-set-10-files-9,1,other
EFTA01393478.pdf,data-set-10-files-9,1,other
EFTA01393479.pdf,data-set-10-files-9,1,other
EFTA01393480.pdf,data-set-10-files-9,1,other
EFTA01393481.pdf,data-set-10-files-9,1,other
EFTA01393482.pdf,data-set-10-files-9,1,other
EFTA01393483.pdf,data-set-10-files-9,1,other
EFTA01393484.pdf,data-set-10-files-9,1,other
EFTA01393485.pdf,data-set-10-files-9,1,other
EFTA01393486.pdf,data-set-10-files-9,1,other
EFTA01393487.pdf,data-set-10-files-9,1,other
EFTA01393488.pdf,data-set-10-files-9,1,other
EFTA01393489.pdf,data-set-10-files-9,1,other
EFTA01393490.pdf,data-set-10-files-9,1,other
EFTA01393491.pdf,data-set-10-files-9,1,other
EFTA01393492.pdf,data-set-10-files-9,1,other
EFTA01393493.pdf,data-set-10-files-9,1,other
EFTA01393494.pdf,data-set-10-files-9,1,other
EFTA01393495.pdf,data-set-10-files-9,1,other
EFTA01393496.pdf,data-set-10-files-9,1,other
EFTA01393497.pdf,data-set-10-files-9,1,other
EFTA01393498.pdf,data-set-10-files-9,1,other
EFTA01393499.pdf,data-set-10-files-9,1,other
EFTA01393500.pdf,data-set-10-files-9,1,other
EFTA01393501.pdf,data-set-10-files-9,1,other
EFTA01393502.pdf,data-set-10-files-9,1,other
EFTA01393503.pdf,data-set-10-files-9,1,other
EFTA01393504.pdf,data-set-10-files-9,1,other
EFTA01393505.pdf,data-set-10-files-9,1,other
EFTA01393506.pdf,data-set-10-files-9,1,other
EFTA01393507.pdf,data-set-10-files-9,1,other
EFTA01393508.pdf,data-set-10-files-9,1,other
EFTA01393509.pdf,data-set-10-files-9,1,other
EFTA01393510.pdf,data-set-10-files-9,1,other
EFTA01393511.pdf,data-set-10-files-9,1,other
EFTA01393512.pdf,data-set-10-files-9,1,other
EFTA01393513.pdf,data-set-10-files-9,1,other
EFTA01393514.pdf,data-set-10-files-9,1,other
EFTA01393515.pdf,data-set-10-files-9,1,other
EFTA01393516.pdf,data-set-10-files-9,1,other
EFTA01393517.pdf,data-set-10-files-9,1,other
EFTA01393518.pdf,data-set-10-files-9,1,other
EFTA01393519.pdf,data-set-10-files-9,1,other
EFTA01393520.pdf,data-set-10-files-9,1,other
EFTA01393521.pdf,data-set-10-files-9,1,other
EFTA01393522.pdf,data-set-10-files-9,1,other
EFTA01393523.pdf,data-set-10-files-9,1,other
EFTA01393524.pdf,data-set-10-files-9,1,other
EFTA01393525.pdf,data-set-10-files-9,1,other
EFTA01393526.pdf,data-set-10-files-9,1,other
EFTA01393527.pdf,data-set-10-files-9,1,other
EFTA01393528.pdf,data-set-10-files-9,1,other
EFTA01393529.pdf,data-set-10-files-9,1,other
EFTA01393530.pdf,data-set-10-files-9,1,other
EFTA01393531.pdf,data-set-10-files-9,1,other
EFTA01393532.pdf,data-set-10-files-9,1,other
EFTA01393533.pdf,data-set-10-files-9,1,other
EFTA01393534.pdf,data-set-10-files-9,1,other
EFTA01393535.pdf,data-set-10-files-9,1,other
EFTA01393536.pdf,data-set-10-files-9,1,other
EFTA01393537.pdf,data-set-10-files-9,1,other
EFTA01393538.pdf,data-set-10-files-9,1,other
EFTA01393539.pdf,data-set-10-files-9,1,other
EFTA01393540.pdf,data-set-10-files-9,1,other
EFTA01393541.pdf,data-set-10-files-9,1,other
EFTA01393542.pdf,data-set-10-files-9,1,other
EFTA01393543.pdf,data-set-10-files-9,1,other
EFTA01393544.pdf,data-set-10-files-9,1,email
EFTA01393545.pdf,data-set-10-files-9,1,other
EFTA01393546.pdf,data-set-10-files-9,1,other
EFTA01393547.pdf,data-set-10-files-9,1,other
EFTA01393548.pdf,data-set-10-files-9,1,other
EFTA01393549.pdf,data-set-10-files-9,1,other
EFTA01393550.pdf,data-set-10-files-9,1,other
EFTA01393551.pdf,data-set-10-files-9,1,other
EFTA01393552.pdf,data-set-10-files-9,1,other
EFTA01393553.pdf,data-set-10-files-9,1,other
EFTA01393554.pdf,data-set-10-files-9,1,other
EFTA01393555.pdf,data-set-10-files-9,1,other
EFTA01393556.pdf,data-set-10-files-9,1,other
EFTA01393557.pdf,data-set-10-files-9,1,other
EFTA01393558.pdf,data-set-10-files-9,1,other
EFTA01393559.pdf,data-set-10-files-9,1,other
EFTA01393560.pdf,data-set-10-files-9,1,other
EFTA01393561.pdf,data-set-10-files-9,1,other
EFTA01393562.pdf,data-set-10-files-9,1,other
EFTA01393563.pdf,data-set-10-files-9,1,other
EFTA01393564.pdf,data-set-10-files-9,1,other
EFTA01393565.pdf,data-set-10-files-9,1,other
EFTA01393566.pdf,data-set-10-files-9,1,other
EFTA01393567.pdf,data-set-10-files-9,1,other
EFTA01393568.pdf,data-set-10-files-9,1,other
EFTA01393569.pdf,data-set-10-files-9,1,other
EFTA01393570.pdf,data-set-10-files-9,1,other
EFTA01393571.pdf,data-set-10-files-9,1,other
EFTA01393572.pdf,data-set-10-files-9,1,other
EFTA01393573.pdf,data-set-10-files-9,1,other
EFTA01393574.pdf,data-set-10-files-9,1,other
EFTA01393575.pdf,data-set-10-files-9,1,other
EFTA01393576.pdf,data-set-10-files-9,1,other
EFTA01393577.pdf,data-set-10-files-9,1,other
EFTA01393578.pdf,data-set-10-files-9,1,other
EFTA01393579.pdf,data-set-10-files-9,1,other
EFTA01393580.pdf,data-set-10-files-9,1,other
EFTA01393581.pdf,data-set-10-files-9,1,other
EFTA01393582.pdf,data-set-10-files-9,1,other
EFTA01393583.pdf,data-set-10-files-9,1,other
EFTA01393584.pdf,data-set-10-files-9,1,other
EFTA01393585.pdf,data-set-10-files-9,1,other
EFTA01393586.pdf,data-set-10-files-9,1,other
EFTA01393587.pdf,data-set-10-files-9,1,other
EFTA01393588.pdf,data-set-10-files-9,1,other
EFTA01393589.pdf,data-set-10-files-9,1,other
EFTA01393590.pdf,data-set-10-files-9,1,other
EFTA01393591.pdf,data-set-10-files-9,1,other
EFTA01393592.pdf,data-set-10-files-9,1,other
EFTA01393593.pdf,data-set-10-files-9,1,other
EFTA01393594.pdf,data-set-10-files-9,1,other
EFTA01393595.pdf,data-set-10-files-9,1,other
EFTA01393596.pdf,data-set-10-files-9,1,other
EFTA01393597.pdf,data-set-10-files-9,1,other
EFTA01393598.pdf,data-set-10-files-9,1,other
EFTA01393599.pdf,data-set-10-files-9,1,other
EFTA01393600.pdf,data-set-10-files-9,1,other
EFTA01393601.pdf,data-set-10-files-9,1,other
EFTA01393602.pdf,data-set-10-files-9,1,other
EFTA01393603.pdf,data-set-10-files-9,1,other
EFTA01393604.pdf,data-set-10-files-9,1,other
EFTA01393605.pdf,data-set-10-files-9,1,other
EFTA01393606.pdf,data-set-10-files-9,1,other
EFTA01393607.pdf,data-set-10-files-9,1,other
EFTA01393608.pdf,data-set-10-files-9,1,other
EFTA01393609.pdf,data-set-10-files-9,1,email
EFTA01393610.pdf,data-set-10-files-9,1,other
EFTA01393611.pdf,data-set-10-files-9,1,other
EFTA01393612.pdf,data-set-10-files-9,1,other
EFTA01393613.pdf,data-set-10-files-9,1,other
EFTA01393614.pdf,data-set-10-files-9,1,other
EFTA01393615.pdf,data-set-10-files-9,1,other
EFTA01393616.pdf,data-set-10-files-9,1,other
EFTA01393617.pdf,data-set-10-files-9,1,other
EFTA01393618.pdf,data-set-10-files-9,1,other
EFTA01393619.pdf,data-set-10-files-9,1,other
EFTA01393620.pdf,data-set-10-files-9,1,other
EFTA01393621.pdf,data-set-10-files-9,1,other
EFTA01393622.pdf,data-set-10-files-9,1,other
EFTA01393623.pdf,data-set-10-files-9,1,other
EFTA01393624.pdf,data-set-10-files-9,1,other
EFTA01393625.pdf,data-set-10-files-9,1,other
EFTA01393626.pdf,data-set-10-files-9,1,other
EFTA01393627.pdf,data-set-10-files-9,1,other
EFTA01393628.pdf,data-set-10-files-9,1,other
EFTA01393629.pdf,data-set-10-files-9,1,other
EFTA01393630.pdf,data-set-10-files-9,1,other
EFTA01393631.pdf,data-set-10-files-9,1,other
EFTA01393632.pdf,data-set-10-files-9,1,other
EFTA01393633.pdf,data-set-10-files-9,1,other
EFTA01393634.pdf,data-set-10-files-9,1,other
EFTA01393635.pdf,data-set-10-files-9,1,other
EFTA01393636.pdf,data-set-10-files-9,1,other
EFTA01393637.pdf,data-set-10-files-9,1,other
EFTA01393638.pdf,data-set-10-files-9,1,other
EFTA01393639.pdf,data-set-10-files-9,1,other
EFTA01393640.pdf,data-set-10-files-9,1,other
EFTA01393641.pdf,data-set-10-files-9,1,other
EFTA01393642.pdf,data-set-10-files-9,1,other
EFTA01393643.pdf,data-set-10-files-9,1,other
EFTA01393644.pdf,data-set-10-files-9,1,other
EFTA01393645.pdf,data-set-10-files-9,1,other
EFTA01393646.pdf,data-set-10-files-9,1,other
EFTA01393647.pdf,data-set-10-files-9,1,other
EFTA01393648.pdf,data-set-10-files-9,1,other
EFTA01393649.pdf,data-set-10-files-9,1,other
EFTA01393650.pdf,data-set-10-files-9,1,other
EFTA01393651.pdf,data-set-10-files-9,1,other
EFTA01393652.pdf,data-set-10-files-9,1,other
EFTA01393653.pdf,data-set-10-files-9,1,other
EFTA01393654.pdf,data-set-10-files-9,1,other
EFTA01393655.pdf,data-set-10-files-9,1,other
EFTA01393656.pdf,data-set-10-files-9,1,other
EFTA01393657.pdf,data-set-10-files-9,1,other
EFTA01393658.pdf,data-set-10-files-9,1,other
EFTA01393659.pdf,data-set-10-files-9,1,other
EFTA01393660.pdf,data-set-10-files-9,1,other
EFTA01393661.pdf,data-set-10-files-9,1,other
EFTA01393662.pdf,data-set-10-files-9,1,other
EFTA01393663.pdf,data-set-10-files-9,1,other
EFTA01393664.pdf,data-set-10-files-9,1,other
EFTA01393665.pdf,data-set-10-files-9,1,other
EFTA01393666.pdf,data-set-10-files-9,1,other
EFTA01393667.pdf,data-set-10-files-9,1,other
EFTA01393668.pdf,data-set-10-files-9,1,other
EFTA01393669.pdf,data-set-10-files-9,1,other
EFTA01393670.pdf,data-set-10-files-9,1,other
EFTA01393671.pdf,data-set-10-files-9,1,other
EFTA01393672.pdf,data-set-10-files-9,1,other
EFTA01393673.pdf,data-set-10-files-9,1,other
EFTA01393674.pdf,data-set-10-files-9,1,other
EFTA01393675.pdf,data-set-10-files-9,1,other
EFTA01393676.pdf,data-set-10-files-9,1,other
EFTA01393677.pdf,data-set-10-files-9,1,other
EFTA01393678.pdf,data-set-10-files-9,1,other
EFTA01393679.pdf,data-set-10-files-9,1,other
EFTA01393680.pdf,data-set-10-files-9,1,other
EFTA01393681.pdf,data-set-10-files-9,1,other
EFTA01393682.pdf,data-set-10-files-9,1,other
EFTA01393683.pdf,data-set-10-files-9,1,other
EFTA01393684.pdf,data-set-10-files-9,1,other
EFTA01393685.pdf,data-set-10-files-9,1,other
EFTA01393686.pdf,data-set-10-files-9,1,other
EFTA01393687.pdf,data-set-10-files-9,1,other
EFTA01393688.pdf,data-set-10-files-9,1,other
EFTA01393689.pdf,data-set-10-files-9,1,other
EFTA01393690.pdf,data-set-10-files-9,1,other
EFTA01393691.pdf,data-set-10-files-9,1,other
EFTA01393692.pdf,data-set-10-files-9,1,other
EFTA01393693.pdf,data-set-10-files-9,1,other
EFTA01393694.pdf,data-set-10-files-9,1,other
EFTA01393695.pdf,data-set-10-files-9,1,other
EFTA01393696.pdf,data-set-10-files-9,1,other
EFTA01393697.pdf,data-set-10-files-9,1,other
EFTA01393698.pdf,data-set-10-files-9,1,other
EFTA01393699.pdf,data-set-10-files-9,1,other
EFTA01393700.pdf,data-set-10-files-9,1,other
EFTA01393701.pdf,data-set-10-files-9,1,other
EFTA01393702.pdf,data-set-10-files-9,1,other
EFTA01393703.pdf,data-set-10-files-9,1,other
EFTA01393704.pdf,data-set-10-files-9,1,other
EFTA01393705.pdf,data-set-10-files-9,1,other
EFTA01393706.pdf,data-set-10-files-9,1,other
EFTA01393707.pdf,data-set-10-files-9,1,other
EFTA01393708.pdf,data-set-10-files-9,1,other
EFTA01393709.pdf,data-set-10-files-9,1,other
EFTA01393710.pdf,data-set-10-files-9,1,other
EFTA01393711.pdf,data-set-10-files-9,1,other
EFTA01393712.pdf,data-set-10-files-9,1,other
EFTA01393713.pdf,data-set-10-files-9,1,other
EFTA01393714.pdf,data-set-10-files-9,1,other
EFTA01393715.pdf,data-set-10-files-9,1,other
EFTA01393716.pdf,data-set-10-files-9,1,other
EFTA01393717.pdf,data-set-10-files-9,1,other
EFTA01393718.pdf,data-set-10-files-9,1,other
EFTA01393719.pdf,data-set-10-files-9,1,other
EFTA01393720.pdf,data-set-10-files-9,1,other
EFTA01393721.pdf,data-set-10-files-9,1,other
EFTA01393722.pdf,data-set-10-files-9,1,other
EFTA01393723.pdf,data-set-10-files-9,1,other
EFTA01393724.pdf,data-set-10-files-9,1,other
EFTA01393725.pdf,data-set-10-files-9,1,other
EFTA01393726.pdf,data-set-10-files-9,1,other
EFTA01393727.pdf,data-set-10-files-9,1,other
EFTA01393728.pdf,data-set-10-files-9,1,other
EFTA01393729.pdf,data-set-10-files-9,1,other
EFTA01393730.pdf,data-set-10-files-9,1,other
EFTA01393731.pdf,data-set-10-files-9,1,other
EFTA01393732.pdf,data-set-10-files-9,1,other
EFTA01393733.pdf,data-set-10-files-9,1,other
EFTA01393734.pdf,data-set-10-files-9,1,other
EFTA01393735.pdf,data-set-10-files-9,1,other
EFTA01393736.pdf,data-set-10-files-9,1,other
EFTA01393737.pdf,data-set-10-files-9,1,other
EFTA01393738.pdf,data-set-10-files-9,1,other
EFTA01393739.pdf,data-set-10-files-9,1,other
EFTA01393740.pdf,data-set-10-files-9,1,other
EFTA01393741.pdf,data-set-10-files-9,1,other
EFTA01393742.pdf,data-set-10-files-9,1,other
EFTA01393743.pdf,data-set-10-files-9,1,other
EFTA01393744.pdf,data-set-10-files-9,1,other
EFTA01393745.pdf,data-set-10-files-9,1,other
EFTA01393746.pdf,data-set-10-files-9,1,other
EFTA01393747.pdf,data-set-10-files-9,1,other
EFTA01393748.pdf,data-set-10-files-9,1,other
EFTA01393749.pdf,data-set-10-files-9,1,other
EFTA01393750.pdf,data-set-10-files-9,1,other
EFTA01393751.pdf,data-set-10-files-9,1,other
EFTA01393752.pdf,data-set-10-files-9,1,other
EFTA01393753.pdf,data-set-10-files-9,1,other
EFTA01393754.pdf,data-set-10-files-9,1,other
EFTA01393755.pdf,data-set-10-files-9,1,other
EFTA01393756.pdf,data-set-10-files-9,1,other
EFTA01393757.pdf,data-set-10-files-9,1,other
EFTA01393758.pdf,data-set-10-files-9,1,other
EFTA01393759.pdf,data-set-10-files-9,1,other
EFTA01393760.pdf,data-set-10-files-9,1,other
EFTA01393761.pdf,data-set-10-files-9,1,other
EFTA01393762.pdf,data-set-10-files-9,1,other
EFTA01393763.pdf,data-set-10-files-9,1,other
EFTA01393764.pdf,data-set-10-files-9,1,other
EFTA01393765.pdf,data-set-10-files-9,1,other
EFTA01393766.pdf,data-set-10-files-9,1,other
EFTA01393767.pdf,data-set-10-files-9,1,other
EFTA01393768.pdf,data-set-10-files-9,1,other
EFTA01393769.pdf,data-set-10-files-9,1,other
EFTA01393770.pdf,data-set-10-files-9,1,other
EFTA01393771.pdf,data-set-10-files-9,1,other
EFTA01393772.pdf,data-set-10-files-9,1,other
EFTA01393773.pdf,data-set-10-files-9,1,other
EFTA01393774.pdf,data-set-10-files-9,1,other
EFTA01393775.pdf,data-set-10-files-9,1,other
EFTA01393776.pdf,data-set-10-files-9,1,other
EFTA01393777.pdf,data-set-10-files-9,1,other
EFTA01393778.pdf,data-set-10-files-9,1,other
EFTA01393779.pdf,data-set-10-files-9,1,other
EFTA01393780.pdf,data-set-10-files-9,1,other
EFTA01393781.pdf,data-set-10-files-9,1,other
EFTA01393782.pdf,data-set-10-files-9,1,other
EFTA01393783.pdf,data-set-10-files-9,1,other
EFTA01393784.pdf,data-set-10-files-9,1,other
EFTA01393785.pdf,data-set-10-files-9,1,other
EFTA01393786.pdf,data-set-10-files-9,1,other
EFTA01393787.pdf,data-set-10-files-9,1,other
EFTA01393788.pdf,data-set-10-files-9,1,other
EFTA01393789.pdf,data-set-10-files-9,1,other
EFTA01393790.pdf,data-set-10-files-9,1,other
EFTA01393791.pdf,data-set-10-files-9,1,other
EFTA01393792.pdf,data-set-10-files-9,1,other
EFTA01393793.pdf,data-set-10-files-9,1,other
EFTA01393794.pdf,data-set-10-files-9,1,other
EFTA01393795.pdf,data-set-10-files-9,1,other
EFTA01393796.pdf,data-set-10-files-9,1,other
EFTA01393797.pdf,data-set-10-files-9,1,email
EFTA01393798.pdf,data-set-10-files-9,1,other
EFTA01393799.pdf,data-set-10-files-9,1,other
EFTA01393800.pdf,data-set-10-files-9,1,other
EFTA01393801.pdf,data-set-10-files-9,1,other
EFTA01393802.pdf,data-set-10-files-9,1,other
EFTA01393803.pdf,data-set-10-files-9,1,other
EFTA01393804.pdf,data-set-10-files-9,1,other
EFTA01393805.pdf,data-set-10-files-9,1,other
EFTA01393806.pdf,data-set-10-files-9,1,other
EFTA01393807.pdf,data-set-10-files-9,1,other
EFTA01393808.pdf,data-set-10-files-9,1,other
EFTA01393809.pdf,data-set-10-files-9,1,other
EFTA01393810.pdf,data-set-10-files-9,1,other
EFTA01393811.pdf,data-set-10-files-9,1,other
EFTA01393812.pdf,data-set-10-files-9,1,other
EFTA01393813.pdf,data-set-10-files-9,1,other
EFTA01393814.pdf,data-set-10-files-9,1,other
EFTA01393815.pdf,data-set-10-files-9,1,other
EFTA01393816.pdf,data-set-10-files-9,1,other
EFTA01393817.pdf,data-set-10-files-9,1,other
EFTA01393818.pdf,data-set-10-files-9,1,other
EFTA01393819.pdf,data-set-10-files-9,1,other
EFTA01393820.pdf,data-set-10-files-9,1,other
EFTA01393821.pdf,data-set-10-files-9,1,other
EFTA01393822.pdf,data-set-10-files-9,1,other
EFTA01393823.pdf,data-set-10-files-9,1,other
EFTA01393824.pdf,data-set-10-files-9,1,other
EFTA01393825.pdf,data-set-10-files-9,1,other
EFTA01393826.pdf,data-set-10-files-9,1,other
EFTA01393827.pdf,data-set-10-files-9,1,other
EFTA01393828.pdf,data-set-10-files-9,1,other
EFTA01393829.pdf,data-set-10-files-9,1,other
EFTA01393830.pdf,data-set-10-files-9,1,other
EFTA01393831.pdf,data-set-10-files-9,1,other
EFTA01393832.pdf,data-set-10-files-9,1,other
EFTA01393833.pdf,data-set-10-files-9,1,other
EFTA01393834.pdf,data-set-10-files-9,1,other
EFTA01393835.pdf,data-set-10-files-9,1,other
EFTA01393836.pdf,data-set-10-files-9,1,other
EFTA01393837.pdf,data-set-10-files-9,1,other
EFTA01393838.pdf,data-set-10-files-9,1,other
EFTA01393839.pdf,data-set-10-files-9,1,other
EFTA01393840.pdf,data-set-10-files-9,1,other
EFTA01393841.pdf,data-set-10-files-9,1,other
EFTA01393842.pdf,data-set-10-files-9,1,other
EFTA01393843.pdf,data-set-10-files-9,1,other
EFTA01393844.pdf,data-set-10-files-9,1,other
EFTA01393845.pdf,data-set-10-files-9,1,other
EFTA01393846.pdf,data-set-10-files-9,1,other
EFTA01393847.pdf,data-set-10-files-9,1,other
EFTA01393848.pdf,data-set-10-files-9,1,other
EFTA01393849.pdf,data-set-10-files-9,1,other
EFTA01393850.pdf,data-set-10-files-9,1,other
EFTA01393851.pdf,data-set-10-files-9,1,other
EFTA01393852.pdf,data-set-10-files-9,1,other
EFTA01393853.pdf,data-set-10-files-9,1,other
EFTA01393854.pdf,data-set-10-files-9,1,other
EFTA01393855.pdf,data-set-10-files-9,1,other
EFTA01393856.pdf,data-set-10-files-9,1,other
EFTA01393857.pdf,data-set-10-files-9,1,other
EFTA01393858.pdf,data-set-10-files-9,1,other
EFTA01393859.pdf,data-set-10-files-9,1,other
EFTA01393860.pdf,data-set-10-files-9,1,other
EFTA01393861.pdf,data-set-10-files-9,1,other
EFTA01393862.pdf,data-set-10-files-9,1,other
EFTA01393863.pdf,data-set-10-files-9,1,other
EFTA01393864.pdf,data-set-10-files-9,1,other
EFTA01393865.pdf,data-set-10-files-9,1,other
EFTA01393866.pdf,data-set-10-files-9,1,other
EFTA01393867.pdf,data-set-10-files-9,1,other
EFTA01393868.pdf,data-set-10-files-9,1,other
EFTA01393869.pdf,data-set-10-files-9,1,other
EFTA01393870.pdf,data-set-10-files-9,1,other
EFTA01393871.pdf,data-set-10-files-9,1,other
EFTA01393872.pdf,data-set-10-files-9,1,other
EFTA01393873.pdf,data-set-10-files-9,1,other
EFTA01393874.pdf,data-set-10-files-9,1,other
EFTA01393875.pdf,data-set-10-files-9,1,other
EFTA01393876.pdf,data-set-10-files-9,1,other
EFTA01393877.pdf,data-set-10-files-9,1,other
EFTA01393878.pdf,data-set-10-files-9,1,other
EFTA01393879.pdf,data-set-10-files-9,1,other
EFTA01393880.pdf,data-set-10-files-9,1,other
EFTA01393881.pdf,data-set-10-files-9,1,other
EFTA01393882.pdf,data-set-10-files-9,1,other
EFTA01393883.pdf,data-set-10-files-9,1,other
EFTA01393884.pdf,data-set-10-files-9,1,other
EFTA01393885.pdf,data-set-10-files-9,1,other
EFTA01393886.pdf,data-set-10-files-9,1,other
EFTA01393887.pdf,data-set-10-files-9,1,other
EFTA01393888.pdf,data-set-10-files-9,1,other
EFTA01393889.pdf,data-set-10-files-9,1,other
EFTA01393890.pdf,data-set-10-files-9,1,other
EFTA01393891.pdf,data-set-10-files-9,1,other
EFTA01393892.pdf,data-set-10-files-9,1,other
EFTA01393893.pdf,data-set-10-files-9,1,other
EFTA01393894.pdf,data-set-10-files-9,1,other
EFTA01393895.pdf,data-set-10-files-9,1,other
EFTA01393896.pdf,data-set-10-files-9,1,other
EFTA01393897.pdf,data-set-10-files-9,1,other
EFTA01393898.pdf,data-set-10-files-9,1,other
EFTA01393899.pdf,data-set-10-files-9,1,other
EFTA01393900.pdf,data-set-10-files-9,1,other
EFTA01393901.pdf,data-set-10-files-9,1,other
EFTA01393902.pdf,data-set-10-files-9,1,other
EFTA01393903.pdf,data-set-10-files-9,1,other
EFTA01393904.pdf,data-set-10-files-9,1,other
EFTA01393905.pdf,data-set-10-files-9,1,other
EFTA01393906.pdf,data-set-10-files-9,1,other
EFTA01393907.pdf,data-set-10-files-9,1,other
EFTA01393908.pdf,data-set-10-files-9,1,other
EFTA01393909.pdf,data-set-10-files-9,1,other
EFTA01393910.pdf,data-set-10-files-9,1,other
EFTA01393911.pdf,data-set-10-files-9,1,other
EFTA01393912.pdf,data-set-10-files-9,1,other
EFTA01393913.pdf,data-set-10-files-9,1,other
EFTA01393914.pdf,data-set-10-files-9,1,other
EFTA01393915.pdf,data-set-10-files-9,1,other
EFTA01393916.pdf,data-set-10-files-9,1,other
EFTA01393917.pdf,data-set-10-files-9,1,other
EFTA01393918.pdf,data-set-10-files-9,1,other
EFTA01393919.pdf,data-set-10-files-9,1,other
EFTA01393920.pdf,data-set-10-files-9,1,other
EFTA01393921.pdf,data-set-10-files-9,1,other
EFTA01393922.pdf,data-set-10-files-9,1,other
EFTA01393923.pdf,data-set-10-files-9,1,other
EFTA01393924.pdf,data-set-10-files-9,1,other
EFTA01393925.pdf,data-set-10-files-9,1,other
EFTA01393926.pdf,data-set-10-files-9,1,other
EFTA01393927.pdf,data-set-10-files-9,1,other
EFTA01393928.pdf,data-set-10-files-9,1,other
EFTA01393929.pdf,data-set-10-files-9,1,other
EFTA01393930.pdf,data-set-10-files-9,1,other
EFTA01393931.pdf,data-set-10-files-9,1,other
EFTA01393932.pdf,data-set-10-files-9,1,other
EFTA01393933.pdf,data-set-10-files-9,1,other
EFTA01393934.pdf,data-set-10-files-9,1,other
EFTA01393935.pdf,data-set-10-files-9,1,other
EFTA01393936.pdf,data-set-10-files-9,1,other
EFTA01393937.pdf,data-set-10-files-9,1,other
EFTA01393938.pdf,data-set-10-files-9,1,other
EFTA01393939.pdf,data-set-10-files-9,1,other
EFTA01393940.pdf,data-set-10-files-9,1,other
EFTA01393941.pdf,data-set-10-files-9,1,other
EFTA01393942.pdf,data-set-10-files-9,1,other
EFTA01393943.pdf,data-set-10-files-9,1,other
EFTA01393944.pdf,data-set-10-files-9,1,other
EFTA01393945.pdf,data-set-10-files-9,1,other
EFTA01393946.pdf,data-set-10-files-9,1,other
EFTA01393947.pdf,data-set-10-files-9,1,other
EFTA01393948.pdf,data-set-10-files-9,1,other
EFTA01393949.pdf,data-set-10-files-9,1,other
EFTA01393950.pdf,data-set-10-files-9,1,other
EFTA01393951.pdf,data-set-10-files-9,1,other
EFTA01393952.pdf,data-set-10-files-9,1,other
EFTA01393953.pdf,data-set-10-files-9,1,other
EFTA01393954.pdf,data-set-10-files-9,1,other
EFTA01393955.pdf,data-set-10-files-9,1,other
EFTA01393956.pdf,data-set-10-files-9,1,other
EFTA01393957.pdf,data-set-10-files-9,1,other
EFTA01393958.pdf,data-set-10-files-9,1,email
EFTA01393959.pdf,data-set-10-files-9,1,other
EFTA01393960.pdf,data-set-10-files-9,1,other
EFTA01393961.pdf,data-set-10-files-9,1,other
EFTA01393962.pdf,data-set-10-files-9,1,other
EFTA01393963.pdf,data-set-10-files-9,1,other
EFTA01393964.pdf,data-set-10-files-9,1,other
EFTA01393965.pdf,data-set-10-files-9,1,other
EFTA01393966.pdf,data-set-10-files-9,1,other
EFTA01393967.pdf,data-set-10-files-9,1,other
EFTA01393968.pdf,data-set-10-files-9,1,other
EFTA01393969.pdf,data-set-10-files-9,1,other
EFTA01393970.pdf,data-set-10-files-9,1,other
EFTA01393971.pdf,data-set-10-files-9,1,other
EFTA01393972.pdf,data-set-10-files-9,1,other
EFTA01393973.pdf,data-set-10-files-9,1,other
EFTA01393974.pdf,data-set-10-files-9,1,other
EFTA01393975.pdf,data-set-10-files-9,1,other
EFTA01393976.pdf,data-set-10-files-9,1,other
EFTA01393977.pdf,data-set-10-files-9,1,other
EFTA01393978.pdf,data-set-10-files-9,1,other
EFTA01393979.pdf,data-set-10-files-9,1,other
EFTA01393980.pdf,data-set-10-files-9,1,other
EFTA01393981.pdf,data-set-10-files-9,1,other
EFTA01393982.pdf,data-set-10-files-9,1,other
EFTA01393983.pdf,data-set-10-files-9,1,other
EFTA01393984.pdf,data-set-10-files-9,1,other
EFTA01393985.pdf,data-set-10-files-9,1,other
EFTA01393986.pdf,data-set-10-files-9,1,other
EFTA01393987.pdf,data-set-10-files-9,1,other
EFTA01393988.pdf,data-set-10-files-9,1,other
EFTA01393989.pdf,data-set-10-files-9,1,other
EFTA01393990.pdf,data-set-10-files-9,1,other
EFTA01393991.pdf,data-set-10-files-9,1,other
EFTA01393992.pdf,data-set-10-files-9,1,other
EFTA01393993.pdf,data-set-10-files-9,1,other
EFTA01393994.pdf,data-set-10-files-9,1,other
EFTA01393995.pdf,data-set-10-files-9,1,other
EFTA01393996.pdf,data-set-10-files-9,1,other
EFTA01393997.pdf,data-set-10-files-9,1,other
EFTA01393998.pdf,data-set-10-files-9,1,other
EFTA01393999.pdf,data-set-10-files-9,1,other
EFTA01394000.pdf,data-set-10-files-9,1,other
EFTA01394001.pdf,data-set-10-files-9,1,other
EFTA01394002.pdf,data-set-10-files-9,1,other
EFTA01394003.pdf,data-set-10-files-9,1,other
EFTA01394004.pdf,data-set-10-files-9,1,other
EFTA01394005.pdf,data-set-10-files-9,1,other
EFTA01394006.pdf,data-set-10-files-9,1,other
EFTA01394007.pdf,data-set-10-files-9,1,other
EFTA01394008.pdf,data-set-10-files-9,1,other
EFTA01394009.pdf,data-set-10-files-9,1,other
EFTA01394010.pdf,data-set-10-files-9,1,other
EFTA01394011.pdf,data-set-10-files-9,1,other
EFTA01394012.pdf,data-set-10-files-9,1,other
EFTA01394013.pdf,data-set-10-files-9,1,other
EFTA01394014.pdf,data-set-10-files-9,1,other
EFTA01394015.pdf,data-set-10-files-9,1,other
EFTA01394016.pdf,data-set-10-files-9,1,other
EFTA01394017.pdf,data-set-10-files-9,1,other
EFTA01394018.pdf,data-set-10-files-9,1,other
EFTA01394019.pdf,data-set-10-files-9,1,other
EFTA01394020.pdf,data-set-10-files-9,1,other
EFTA01394021.pdf,data-set-10-files-9,1,other
EFTA01394022.pdf,data-set-10-files-9,1,other
EFTA01394023.pdf,data-set-10-files-9,1,other
EFTA01394024.pdf,data-set-10-files-9,1,other
EFTA01394025.pdf,data-set-10-files-9,1,other
EFTA01394026.pdf,data-set-10-files-9,1,other
EFTA01394027.pdf,data-set-10-files-9,1,other
EFTA01394028.pdf,data-set-10-files-9,1,other
EFTA01394029.pdf,data-set-10-files-9,1,other
EFTA01394030.pdf,data-set-10-files-9,1,other
EFTA01394031.pdf,data-set-10-files-9,1,other
EFTA01394032.pdf,data-set-10-files-9,1,other
EFTA01394033.pdf,data-set-10-files-9,1,other
EFTA01394034.pdf,data-set-10-files-9,1,other
EFTA01394035.pdf,data-set-10-files-9,1,other
EFTA01394036.pdf,data-set-10-files-9,1,other
EFTA01394037.pdf,data-set-10-files-9,1,other
EFTA01394038.pdf,data-set-10-files-9,1,other
EFTA01394039.pdf,data-set-10-files-9,1,email
EFTA01394040.pdf,data-set-10-files-9,1,other
EFTA01394041.pdf,data-set-10-files-9,1,other
EFTA01394042.pdf,data-set-10-files-9,1,other
EFTA01394043.pdf,data-set-10-files-9,1,other
EFTA01394044.pdf,data-set-10-files-9,1,other
EFTA01394045.pdf,data-set-10-files-9,1,other
EFTA01394046.pdf,data-set-10-files-9,1,other
EFTA01394047.pdf,data-set-10-files-9,1,other
EFTA01394048.pdf,data-set-10-files-9,1,other
EFTA01394049.pdf,data-set-10-files-9,1,other
EFTA01394050.pdf,data-set-10-files-9,1,other
EFTA01394051.pdf,data-set-10-files-9,1,other
EFTA01394052.pdf,data-set-10-files-9,1,other
EFTA01394053.pdf,data-set-10-files-9,1,other
EFTA01394054.pdf,data-set-10-files-9,1,other
EFTA01394055.pdf,data-set-10-files-9,1,other
EFTA01394056.pdf,data-set-10-files-9,1,other
EFTA01394057.pdf,data-set-10-files-9,1,other
EFTA01394058.pdf,data-set-10-files-9,1,other
EFTA01394059.pdf,data-set-10-files-9,1,other
EFTA01394060.pdf,data-set-10-files-9,1,other
EFTA01394061.pdf,data-set-10-files-9,1,other
EFTA01394062.pdf,data-set-10-files-9,1,other
EFTA01394063.pdf,data-set-10-files-9,1,other
EFTA01394064.pdf,data-set-10-files-9,1,other
EFTA01394065.pdf,data-set-10-files-9,1,other
EFTA01394066.pdf,data-set-10-files-9,1,other
EFTA01394067.pdf,data-set-10-files-9,1,other
EFTA01394068.pdf,data-set-10-files-9,1,email
EFTA01394069.pdf,data-set-10-files-9,1,other
EFTA01394070.pdf,data-set-10-files-9,1,other
EFTA01394071.pdf,data-set-10-files-9,1,other
EFTA01394072.pdf,data-set-10-files-9,1,other
EFTA01394073.pdf,data-set-10-files-9,1,other
EFTA01394074.pdf,data-set-10-files-9,1,other
EFTA01394075.pdf,data-set-10-files-9,1,other
EFTA01394076.pdf,data-set-10-files-9,1,other
EFTA01394077.pdf,data-set-10-files-9,1,other
EFTA01394078.pdf,data-set-10-files-9,1,other
EFTA01394079.pdf,data-set-10-files-9,1,other
EFTA01394080.pdf,data-set-10-files-9,1,other
EFTA01394081.pdf,data-set-10-files-9,1,other
EFTA01394082.pdf,data-set-10-files-9,1,other
EFTA01394083.pdf,data-set-10-files-9,1,other
EFTA01394084.pdf,data-set-10-files-9,1,other
EFTA01394085.pdf,data-set-10-files-9,1,other
EFTA01394086.pdf,data-set-10-files-9,1,other
EFTA01394087.pdf,data-set-10-files-9,1,other
EFTA01394088.pdf,data-set-10-files-9,1,other
EFTA01394089.pdf,data-set-10-files-9,1,other
EFTA01394090.pdf,data-set-10-files-9,1,other
EFTA01394091.pdf,data-set-10-files-9,1,other
EFTA01394092.pdf,data-set-10-files-9,1,other
EFTA01394093.pdf,data-set-10-files-9,1,other
EFTA01394094.pdf,data-set-10-files-9,1,other
EFTA01394095.pdf,data-set-10-files-9,1,other
EFTA01394096.pdf,data-set-10-files-9,1,other
EFTA01394097.pdf,data-set-10-files-9,1,other
EFTA01394098.pdf,data-set-10-files-9,1,other
EFTA01394099.pdf,data-set-10-files-9,1,other
EFTA01394100.pdf,data-set-10-files-9,1,other
EFTA01394101.pdf,data-set-10-files-9,1,other
EFTA01394102.pdf,data-set-10-files-9,1,other
EFTA01394103.pdf,data-set-10-files-9,1,other
EFTA01394104.pdf,data-set-10-files-9,1,other
EFTA01394105.pdf,data-set-10-files-9,1,other
EFTA01394106.pdf,data-set-10-files-9,1,other
EFTA01394107.pdf,data-set-10-files-9,1,other
EFTA01394108.pdf,data-set-10-files-9,1,other
EFTA01394109.pdf,data-set-10-files-9,1,other
EFTA01394110.pdf,data-set-10-files-9,1,other
EFTA01394111.pdf,data-set-10-files-9,1,other
EFTA01394112.pdf,data-set-10-files-9,1,other
EFTA01394113.pdf,data-set-10-files-9,1,other
EFTA01394114.pdf,data-set-10-files-9,1,other
EFTA01394115.pdf,data-set-10-files-9,1,other
EFTA01394116.pdf,data-set-10-files-9,1,other
EFTA01394117.pdf,data-set-10-files-9,1,other
EFTA01394118.pdf,data-set-10-files-9,1,other
EFTA01394119.pdf,data-set-10-files-9,1,other
EFTA01394120.pdf,data-set-10-files-9,1,other
EFTA01394121.pdf,data-set-10-files-9,1,other
EFTA01394122.pdf,data-set-10-files-9,1,other
EFTA01394123.pdf,data-set-10-files-9,1,other
EFTA01394124.pdf,data-set-10-files-9,1,other
EFTA01394125.pdf,data-set-10-files-9,1,other
EFTA01394126.pdf,data-set-10-files-9,1,other
EFTA01394127.pdf,data-set-10-files-9,1,other
EFTA01394128.pdf,data-set-10-files-9,1,other
EFTA01394129.pdf,data-set-10-files-9,1,other
EFTA01394130.pdf,data-set-10-files-9,1,other
EFTA01394131.pdf,data-set-10-files-9,1,other
EFTA01394132.pdf,data-set-10-files-9,1,other
EFTA01394133.pdf,data-set-10-files-9,1,other
EFTA01394134.pdf,data-set-10-files-9,1,other
EFTA01394135.pdf,data-set-10-files-9,1,other
EFTA01394136.pdf,data-set-10-files-9,1,other
EFTA01394137.pdf,data-set-10-files-9,1,other
EFTA01394138.pdf,data-set-10-files-9,1,other
EFTA01394139.pdf,data-set-10-files-9,1,other
EFTA01394140.pdf,data-set-10-files-9,1,other
EFTA01394141.pdf,data-set-10-files-9,1,other
EFTA01394142.pdf,data-set-10-files-9,1,other
EFTA01394143.pdf,data-set-10-files-9,1,other
EFTA01394144.pdf,data-set-10-files-9,1,email
EFTA01394145.pdf,data-set-10-files-9,1,other
EFTA01394146.pdf,data-set-10-files-9,1,other
EFTA01394147.pdf,data-set-10-files-9,1,other
EFTA01394148.pdf,data-set-10-files-9,1,other
EFTA01394149.pdf,data-set-10-files-9,1,other
EFTA01394150.pdf,data-set-10-files-9,1,other
EFTA01394151.pdf,data-set-10-files-9,1,other
EFTA01394152.pdf,data-set-10-files-9,1,other
EFTA01394153.pdf,data-set-10-files-9,1,other
EFTA01394154.pdf,data-set-10-files-9,1,other
EFTA01394155.pdf,data-set-10-files-9,1,other
EFTA01394156.pdf,data-set-10-files-9,1,other
EFTA01394157.pdf,data-set-10-files-9,1,other
EFTA01394158.pdf,data-set-10-files-9,1,other
EFTA01394159.pdf,data-set-10-files-9,1,other
EFTA01394160.pdf,data-set-10-files-9,1,other
EFTA01394161.pdf,data-set-10-files-9,1,other
EFTA01394162.pdf,data-set-10-files-9,1,other
EFTA01394163.pdf,data-set-10-files-9,1,other
EFTA01394164.pdf,data-set-10-files-9,1,other
EFTA01394165.pdf,data-set-10-files-9,1,other
EFTA01394166.pdf,data-set-10-files-9,1,other
EFTA01394167.pdf,data-set-10-files-9,1,other
EFTA01394168.pdf,data-set-10-files-9,1,other
EFTA01394169.pdf,data-set-10-files-9,1,other
EFTA01394170.pdf,data-set-10-files-9,1,other
EFTA01394171.pdf,data-set-10-files-9,1,other
EFTA01394172.pdf,data-set-10-files-9,1,other
EFTA01394173.pdf,data-set-10-files-9,1,other
EFTA01394174.pdf,data-set-10-files-9,1,other
EFTA01394175.pdf,data-set-10-files-9,1,other
EFTA01394176.pdf,data-set-10-files-9,1,other
EFTA01394177.pdf,data-set-10-files-9,1,other
EFTA01394178.pdf,data-set-10-files-9,1,other
EFTA01394179.pdf,data-set-10-files-9,1,other
EFTA01394180.pdf,data-set-10-files-9,1,other
EFTA01394181.pdf,data-set-10-files-9,1,other
EFTA01394182.pdf,data-set-10-files-9,1,other
EFTA01394183.pdf,data-set-10-files-9,1,other
EFTA01394184.pdf,data-set-10-files-9,1,other
EFTA01394185.pdf,data-set-10-files-9,1,other
EFTA01394186.pdf,data-set-10-files-9,1,other
EFTA01394187.pdf,data-set-10-files-9,1,other
EFTA01394188.pdf,data-set-10-files-9,1,other
EFTA01394189.pdf,data-set-10-files-9,1,other
EFTA01394190.pdf,data-set-10-files-9,1,other
EFTA01394191.pdf,data-set-10-files-9,1,other
EFTA01394192.pdf,data-set-10-files-9,1,other
EFTA01394193.pdf,data-set-10-files-9,1,other
EFTA01394194.pdf,data-set-10-files-9,1,other
EFTA01394195.pdf,data-set-10-files-9,1,other
EFTA01394196.pdf,data-set-10-files-9,1,other
EFTA01394197.pdf,data-set-10-files-9,1,other
EFTA01394198.pdf,data-set-10-files-9,1,other
EFTA01394199.pdf,data-set-10-files-9,1,other
EFTA01394200.pdf,data-set-10-files-9,1,other
EFTA01394201.pdf,data-set-10-files-9,1,other
EFTA01394202.pdf,data-set-10-files-9,1,other
EFTA01394203.pdf,data-set-10-files-9,1,other
EFTA01394204.pdf,data-set-10-files-9,1,other
EFTA01394205.pdf,data-set-10-files-9,1,other
EFTA01394206.pdf,data-set-10-files-9,1,other
EFTA01394207.pdf,data-set-10-files-9,1,other
EFTA01394208.pdf,data-set-10-files-9,1,other
EFTA01394209.pdf,data-set-10-files-9,1,other
EFTA01394210.pdf,data-set-10-files-9,1,other
EFTA01394211.pdf,data-set-10-files-9,1,other
EFTA01394212.pdf,data-set-10-files-9,1,other
EFTA01394213.pdf,data-set-10-files-9,1,other
EFTA01394214.pdf,data-set-10-files-9,1,other
EFTA01394215.pdf,data-set-10-files-9,1,other
EFTA01394216.pdf,data-set-10-files-9,1,other
EFTA01394217.pdf,data-set-10-files-9,1,other
EFTA01394218.pdf,data-set-10-files-9,1,other
EFTA01394219.pdf,data-set-10-files-9,1,other
EFTA01394220.pdf,data-set-10-files-9,1,other
EFTA01394221.pdf,data-set-10-files-9,1,other
EFTA01394222.pdf,data-set-10-files-9,1,other
EFTA01394223.pdf,data-set-10-files-9,1,other
EFTA01394224.pdf,data-set-10-files-9,1,other
EFTA01394225.pdf,data-set-10-files-9,1,other
EFTA01394226.pdf,data-set-10-files-9,1,other
EFTA01394227.pdf,data-set-10-files-9,1,other
EFTA01394228.pdf,data-set-10-files-9,1,other
EFTA01394229.pdf,data-set-10-files-9,1,other
EFTA01394230.pdf,data-set-10-files-9,1,other
EFTA01394231.pdf,data-set-10-files-9,1,other
EFTA01394232.pdf,data-set-10-files-9,1,other
EFTA01394233.pdf,data-set-10-files-9,1,other
EFTA01394234.pdf,data-set-10-files-9,1,other
EFTA01394235.pdf,data-set-10-files-9,1,other
EFTA01394236.pdf,data-set-10-files-9,1,other
EFTA01394237.pdf,data-set-10-files-9,1,other
EFTA01394238.pdf,data-set-10-files-9,1,other
EFTA01394239.pdf,data-set-10-files-9,1,other
EFTA01394240.pdf,data-set-10-files-9,1,other
EFTA01394241.pdf,data-set-10-files-9,1,other
EFTA01394242.pdf,data-set-10-files-9,1,other
EFTA01394243.pdf,data-set-10-files-9,1,other
EFTA01394244.pdf,data-set-10-files-9,1,other
EFTA01394245.pdf,data-set-10-files-9,1,other
EFTA01394246.pdf,data-set-10-files-9,1,other
EFTA01394247.pdf,data-set-10-files-9,1,other
EFTA01394248.pdf,data-set-10-files-9,1,other
EFTA01394249.pdf,data-set-10-files-9,1,other
EFTA01394250.pdf,data-set-10-files-9,1,other
EFTA01394251.pdf,data-set-10-files-9,1,other
EFTA01394252.pdf,data-set-10-files-9,1,other
EFTA01394253.pdf,data-set-10-files-9,1,other
EFTA01394254.pdf,data-set-10-files-9,1,other
EFTA01394255.pdf,data-set-10-files-9,1,other
EFTA01394256.pdf,data-set-10-files-9,1,other
EFTA01394257.pdf,data-set-10-files-9,1,other
EFTA01394258.pdf,data-set-10-files-9,1,other
EFTA01394259.pdf,data-set-10-files-9,1,other
EFTA01394260.pdf,data-set-10-files-9,1,other
EFTA01394261.pdf,data-set-10-files-9,1,other
EFTA01394262.pdf,data-set-10-files-9,1,other
EFTA01394263.pdf,data-set-10-files-9,1,other
EFTA01394264.pdf,data-set-10-files-9,1,other
EFTA01394265.pdf,data-set-10-files-9,1,other
EFTA01394266.pdf,data-set-10-files-9,1,other
EFTA01394267.pdf,data-set-10-files-9,1,other
EFTA01394268.pdf,data-set-10-files-9,1,other
EFTA01394269.pdf,data-set-10-files-9,1,other
EFTA01394270.pdf,data-set-10-files-9,1,other
EFTA01394271.pdf,data-set-10-files-9,1,other
EFTA01394272.pdf,data-set-10-files-9,1,other
EFTA01394273.pdf,data-set-10-files-9,1,other
EFTA01394274.pdf,data-set-10-files-9,1,other
EFTA01394275.pdf,data-set-10-files-9,1,other
EFTA01394276.pdf,data-set-10-files-9,1,other
EFTA01394277.pdf,data-set-10-files-9,1,other
EFTA01394278.pdf,data-set-10-files-9,1,other
EFTA01394279.pdf,data-set-10-files-9,1,other
EFTA01394280.pdf,data-set-10-files-9,1,other
EFTA01394281.pdf,data-set-10-files-9,1,other
EFTA01394282.pdf,data-set-10-files-9,1,other
EFTA01394283.pdf,data-set-10-files-9,1,other
EFTA01394284.pdf,data-set-10-files-9,1,other
EFTA01394285.pdf,data-set-10-files-9,1,other
EFTA01394286.pdf,data-set-10-files-9,1,other
EFTA01394287.pdf,data-set-10-files-9,1,other
EFTA01394288.pdf,data-set-10-files-9,1,other
EFTA01394289.pdf,data-set-10-files-9,1,other
EFTA01394290.pdf,data-set-10-files-9,1,other
EFTA01394291.pdf,data-set-10-files-9,1,other
EFTA01394292.pdf,data-set-10-files-9,1,other
EFTA01394293.pdf,data-set-10-files-9,1,other
EFTA01394294.pdf,data-set-10-files-9,1,other
EFTA01394295.pdf,data-set-10-files-9,1,email
EFTA01394296.pdf,data-set-10-files-9,1,other
EFTA01394297.pdf,data-set-10-files-9,1,other
EFTA01394298.pdf,data-set-10-files-9,1,other
EFTA01394299.pdf,data-set-10-files-9,1,other
EFTA01394300.pdf,data-set-10-files-9,1,other
EFTA01394301.pdf,data-set-10-files-9,1,other
EFTA01394302.pdf,data-set-10-files-9,1,other
EFTA01394303.pdf,data-set-10-files-9,1,other
EFTA01394304.pdf,data-set-10-files-9,1,other
EFTA01394305.pdf,data-set-10-files-9,1,other
EFTA01394306.pdf,data-set-10-files-9,1,other
EFTA01394307.pdf,data-set-10-files-9,1,other
EFTA01394308.pdf,data-set-10-files-9,1,other
EFTA01394309.pdf,data-set-10-files-9,1,other
EFTA01394310.pdf,data-set-10-files-9,1,other
EFTA01394311.pdf,data-set-10-files-9,1,other
EFTA01394312.pdf,data-set-10-files-9,1,other
EFTA01394313.pdf,data-set-10-files-9,1,other
EFTA01394314.pdf,data-set-10-files-9,1,other
EFTA01394315.pdf,data-set-10-files-9,1,other
EFTA01394316.pdf,data-set-10-files-9,1,other
EFTA01394317.pdf,data-set-10-files-9,1,other
EFTA01394318.pdf,data-set-10-files-9,1,other
EFTA01394319.pdf,data-set-10-files-9,1,other
EFTA01394320.pdf,data-set-10-files-9,1,other
EFTA01394321.pdf,data-set-10-files-9,1,other
EFTA01394322.pdf,data-set-10-files-9,1,other
EFTA01394323.pdf,data-set-10-files-9,1,other
EFTA01394324.pdf,data-set-10-files-9,1,other
EFTA01394325.pdf,data-set-10-files-9,1,other
EFTA01394326.pdf,data-set-10-files-9,1,other
EFTA01394327.pdf,data-set-10-files-9,1,other
EFTA01394328.pdf,data-set-10-files-9,1,other
EFTA01394329.pdf,data-set-10-files-9,1,other
EFTA01394330.pdf,data-set-10-files-9,1,other
EFTA01394331.pdf,data-set-10-files-9,1,other
EFTA01394332.pdf,data-set-10-files-9,1,other
EFTA01394333.pdf,data-set-10-files-9,1,other
EFTA01394334.pdf,data-set-10-files-9,1,other
EFTA01394335.pdf,data-set-10-files-9,1,other
EFTA01394336.pdf,data-set-10-files-9,1,other
EFTA01394337.pdf,data-set-10-files-9,1,other
EFTA01394338.pdf,data-set-10-files-9,1,other
EFTA01394339.pdf,data-set-10-files-9,1,other
EFTA01394340.pdf,data-set-10-files-9,1,other
EFTA01394341.pdf,data-set-10-files-9,1,other
EFTA01394342.pdf,data-set-10-files-9,1,other
EFTA01394343.pdf,data-set-10-files-9,1,other
EFTA01394344.pdf,data-set-10-files-9,1,other
EFTA01394345.pdf,data-set-10-files-9,1,other
EFTA01394346.pdf,data-set-10-files-9,1,other
EFTA01394347.pdf,data-set-10-files-9,1,other
EFTA01394348.pdf,data-set-10-files-9,1,other
EFTA01394349.pdf,data-set-10-files-9,1,other
EFTA01394350.pdf,data-set-10-files-9,1,other
EFTA01394351.pdf,data-set-10-files-9,1,other
EFTA01394352.pdf,data-set-10-files-9,1,other
EFTA01394353.pdf,data-set-10-files-9,1,other
EFTA01394354.pdf,data-set-10-files-9,1,other
EFTA01394355.pdf,data-set-10-files-9,1,other
EFTA01394356.pdf,data-set-10-files-9,1,other
EFTA01394357.pdf,data-set-10-files-9,1,other
EFTA01394358.pdf,data-set-10-files-9,1,other
EFTA01394359.pdf,data-set-10-files-9,1,other
EFTA01394360.pdf,data-set-10-files-9,1,other
EFTA01394361.pdf,data-set-10-files-9,1,other
EFTA01394362.pdf,data-set-10-files-9,1,other
EFTA01394363.pdf,data-set-10-files-9,1,other
EFTA01394364.pdf,data-set-10-files-9,1,other
EFTA01394365.pdf,data-set-10-files-9,1,other
EFTA01394366.pdf,data-set-10-files-9,1,other
EFTA01394367.pdf,data-set-10-files-9,1,other
EFTA01394368.pdf,data-set-10-files-9,1,other
EFTA01394369.pdf,data-set-10-files-9,1,other
EFTA01394370.pdf,data-set-10-files-9,1,other
EFTA01394371.pdf,data-set-10-files-9,1,other
EFTA01394372.pdf,data-set-10-files-9,1,other
EFTA01394373.pdf,data-set-10-files-9,1,other
EFTA01394374.pdf,data-set-10-files-9,1,other
EFTA01394375.pdf,data-set-10-files-9,1,other
EFTA01394376.pdf,data-set-10-files-9,1,other
EFTA01394377.pdf,data-set-10-files-9,1,other
EFTA01394378.pdf,data-set-10-files-9,1,other
EFTA01394379.pdf,data-set-10-files-9,1,other
EFTA01394380.pdf,data-set-10-files-9,1,other
EFTA01394381.pdf,data-set-10-files-9,1,other
EFTA01394382.pdf,data-set-10-files-9,1,other
EFTA01394383.pdf,data-set-10-files-9,1,other
EFTA01394384.pdf,data-set-10-files-9,1,other
EFTA01394385.pdf,data-set-10-files-9,1,other
EFTA01394386.pdf,data-set-10-files-9,1,other
EFTA01394387.pdf,data-set-10-files-9,1,other
EFTA01394388.pdf,data-set-10-files-9,1,other
EFTA01394389.pdf,data-set-10-files-9,1,other
EFTA01394390.pdf,data-set-10-files-9,1,other
EFTA01394391.pdf,data-set-10-files-9,1,other
EFTA01394392.pdf,data-set-10-files-9,1,other
EFTA01394393.pdf,data-set-10-files-9,1,other
EFTA01394394.pdf,data-set-10-files-9,1,other
EFTA01394395.pdf,data-set-10-files-9,1,other
EFTA01394396.pdf,data-set-10-files-9,1,other
EFTA01394397.pdf,data-set-10-files-9,1,other
EFTA01394398.pdf,data-set-10-files-9,1,other
EFTA01394399.pdf,data-set-10-files-9,1,other
EFTA01394400.pdf,data-set-10-files-9,1,other
EFTA01394401.pdf,data-set-10-files-9,1,other
EFTA01394402.pdf,data-set-10-files-9,1,other
EFTA01394403.pdf,data-set-10-files-9,1,other
EFTA01394404.pdf,data-set-10-files-9,1,other
EFTA01394405.pdf,data-set-10-files-9,1,other
EFTA01394406.pdf,data-set-10-files-9,1,other
EFTA01394407.pdf,data-set-10-files-9,1,other
EFTA01394408.pdf,data-set-10-files-9,1,other
EFTA01394409.pdf,data-set-10-files-9,1,other
EFTA01394410.pdf,data-set-10-files-9,1,other
EFTA01394411.pdf,data-set-10-files-9,1,other
EFTA01394412.pdf,data-set-10-files-9,1,other
EFTA01394413.pdf,data-set-10-files-9,1,other
EFTA01394414.pdf,data-set-10-files-9,1,other
EFTA01394415.pdf,data-set-10-files-9,1,other
EFTA01394416.pdf,data-set-10-files-9,1,other
EFTA01394417.pdf,data-set-10-files-9,1,other
EFTA01394418.pdf,data-set-10-files-9,1,other
EFTA01394419.pdf,data-set-10-files-9,1,other
EFTA01394420.pdf,data-set-10-files-9,1,other
EFTA01394421.pdf,data-set-10-files-9,1,other
EFTA01394422.pdf,data-set-10-files-9,1,other
EFTA01394423.pdf,data-set-10-files-9,1,other
EFTA01394424.pdf,data-set-10-files-9,1,other
EFTA01394425.pdf,data-set-10-files-9,1,other
EFTA01394426.pdf,data-set-10-files-9,1,other
EFTA01394427.pdf,data-set-10-files-9,1,other
EFTA01394428.pdf,data-set-10-files-9,1,other
EFTA01394429.pdf,data-set-10-files-9,1,other
EFTA01394430.pdf,data-set-10-files-9,1,other
EFTA01394431.pdf,data-set-10-files-9,1,other
EFTA01394432.pdf,data-set-10-files-9,1,other
EFTA01394433.pdf,data-set-10-files-9,1,other
EFTA01394434.pdf,data-set-10-files-9,1,other
EFTA01394435.pdf,data-set-10-files-9,1,other
EFTA01394436.pdf,data-set-10-files-9,1,other
EFTA01394437.pdf,data-set-10-files-9,1,other
EFTA01394438.pdf,data-set-10-files-9,1,other
EFTA01394439.pdf,data-set-10-files-9,1,other
EFTA01394440.pdf,data-set-10-files-9,1,other
EFTA01394441.pdf,data-set-10-files-9,1,other
EFTA01394442.pdf,data-set-10-files-9,1,other
EFTA01394443.pdf,data-set-10-files-9,1,other
EFTA01394444.pdf,data-set-10-files-9,1,other
EFTA01394445.pdf,data-set-10-files-9,1,other
EFTA01394446.pdf,data-set-10-files-9,1,other
EFTA01394447.pdf,data-set-10-files-9,1,other
EFTA01394448.pdf,data-set-10-files-9,1,other
EFTA01394449.pdf,data-set-10-files-9,1,other
EFTA01394450.pdf,data-set-10-files-9,1,other
EFTA01394451.pdf,data-set-10-files-9,1,other
EFTA01394452.pdf,data-set-10-files-9,1,other
EFTA01394453.pdf,data-set-10-files-9,1,other
EFTA01394454.pdf,data-set-10-files-9,1,other
EFTA01394455.pdf,data-set-10-files-9,1,other
EFTA01394456.pdf,data-set-10-files-9,1,other
EFTA01394457.pdf,data-set-10-files-9,1,email
EFTA01394458.pdf,data-set-10-files-9,1,other
EFTA01394459.pdf,data-set-10-files-9,1,other
EFTA01394460.pdf,data-set-10-files-9,1,other
EFTA01394461.pdf,data-set-10-files-9,1,other
EFTA01394462.pdf,data-set-10-files-9,1,other
EFTA01394463.pdf,data-set-10-files-9,1,other
EFTA01394464.pdf,data-set-10-files-9,1,other
EFTA01394465.pdf,data-set-10-files-9,1,other
EFTA01394466.pdf,data-set-10-files-9,1,other
EFTA01394467.pdf,data-set-10-files-9,1,other
EFTA01394468.pdf,data-set-10-files-9,1,other
EFTA01394469.pdf,data-set-10-files-9,1,other
EFTA01394470.pdf,data-set-10-files-9,1,other
EFTA01394471.pdf,data-set-10-files-9,1,other
EFTA01394472.pdf,data-set-10-files-9,1,other
EFTA01394473.pdf,data-set-10-files-9,1,other
EFTA01394474.pdf,data-set-10-files-9,1,other
EFTA01394475.pdf,data-set-10-files-9,1,other
EFTA01394476.pdf,data-set-10-files-9,1,other
EFTA01394477.pdf,data-set-10-files-9,1,other
EFTA01394478.pdf,data-set-10-files-9,1,other
EFTA01394479.pdf,data-set-10-files-9,1,other
EFTA01394480.pdf,data-set-10-files-9,1,other
EFTA01394481.pdf,data-set-10-files-9,1,other
EFTA01394482.pdf,data-set-10-files-9,1,other
EFTA01394483.pdf,data-set-10-files-9,1,other
EFTA01394484.pdf,data-set-10-files-9,1,other
EFTA01394485.pdf,data-set-10-files-9,1,other
EFTA01394486.pdf,data-set-10-files-9,1,other
EFTA01394487.pdf,data-set-10-files-9,1,other
EFTA01394488.pdf,data-set-10-files-9,1,other
EFTA01394489.pdf,data-set-10-files-9,1,other
EFTA01394490.pdf,data-set-10-files-9,1,other
EFTA01394491.pdf,data-set-10-files-9,1,other
EFTA01394492.pdf,data-set-10-files-9,1,other
EFTA01394493.pdf,data-set-10-files-9,1,other
EFTA01394494.pdf,data-set-10-files-9,1,other
EFTA01394495.pdf,data-set-10-files-9,1,other
EFTA01394496.pdf,data-set-10-files-9,1,other
EFTA01394497.pdf,data-set-10-files-9,1,other
EFTA01394498.pdf,data-set-10-files-9,1,other
EFTA01394499.pdf,data-set-10-files-9,1,other
EFTA01394500.pdf,data-set-10-files-9,1,other
EFTA01394501.pdf,data-set-10-files-9,1,other
EFTA01394502.pdf,data-set-10-files-9,1,other
EFTA01394503.pdf,data-set-10-files-9,1,other
EFTA01394504.pdf,data-set-10-files-9,1,other
EFTA01394505.pdf,data-set-10-files-9,1,other
EFTA01394506.pdf,data-set-10-files-9,1,other
EFTA01394507.pdf,data-set-10-files-9,1,other
EFTA01394508.pdf,data-set-10-files-9,1,other
EFTA01394509.pdf,data-set-10-files-9,1,other
EFTA01394510.pdf,data-set-10-files-9,1,other
EFTA01394511.pdf,data-set-10-files-9,1,other
EFTA01394512.pdf,data-set-10-files-9,1,other
EFTA01394513.pdf,data-set-10-files-9,1,other
EFTA01394514.pdf,data-set-10-files-9,1,other
EFTA01394515.pdf,data-set-10-files-9,1,other
EFTA01394516.pdf,data-set-10-files-9,1,other
EFTA01394517.pdf,data-set-10-files-9,1,other
EFTA01394518.pdf,data-set-10-files-9,1,other
EFTA01394519.pdf,data-set-10-files-9,1,other
EFTA01394520.pdf,data-set-10-files-9,1,other
EFTA01394521.pdf,data-set-10-files-9,1,other
EFTA01394522.pdf,data-set-10-files-9,1,other
EFTA01394523.pdf,data-set-10-files-9,1,other
EFTA01394524.pdf,data-set-10-files-9,1,other
EFTA01394525.pdf,data-set-10-files-9,1,other
EFTA01394526.pdf,data-set-10-files-9,1,other
EFTA01394527.pdf,data-set-10-files-9,1,other
EFTA01394528.pdf,data-set-10-files-9,1,other
EFTA01394529.pdf,data-set-10-files-9,1,other
EFTA01394530.pdf,data-set-10-files-9,1,other
EFTA01394531.pdf,data-set-10-files-9,1,other
EFTA01394532.pdf,data-set-10-files-9,1,other
EFTA01394533.pdf,data-set-10-files-9,1,other
EFTA01394534.pdf,data-set-10-files-9,1,other
EFTA01394535.pdf,data-set-10-files-9,1,other
EFTA01394536.pdf,data-set-10-files-9,1,other
EFTA01394537.pdf,data-set-10-files-9,1,other
EFTA01394538.pdf,data-set-10-files-9,1,other
EFTA01394539.pdf,data-set-10-files-9,1,other
EFTA01394540.pdf,data-set-10-files-9,1,other
EFTA01394541.pdf,data-set-10-files-9,1,other
EFTA01394542.pdf,data-set-10-files-9,1,other
EFTA01394543.pdf,data-set-10-files-9,1,other
EFTA01394544.pdf,data-set-10-files-9,1,other
EFTA01394545.pdf,data-set-10-files-9,1,other
EFTA01394546.pdf,data-set-10-files-9,1,email
EFTA01394547.pdf,data-set-10-files-9,1,other
EFTA01394548.pdf,data-set-10-files-9,1,other
EFTA01394549.pdf,data-set-10-files-9,1,other
EFTA01394550.pdf,data-set-10-files-9,1,other
EFTA01394551.pdf,data-set-10-files-9,1,other
EFTA01394552.pdf,data-set-10-files-9,1,other
EFTA01394553.pdf,data-set-10-files-9,1,other
EFTA01394554.pdf,data-set-10-files-9,1,other
EFTA01394555.pdf,data-set-10-files-9,1,other
EFTA01394556.pdf,data-set-10-files-9,1,other
EFTA01394557.pdf,data-set-10-files-9,1,other
EFTA01394558.pdf,data-set-10-files-9,1,other
EFTA01394559.pdf,data-set-10-files-9,1,other
EFTA01394560.pdf,data-set-10-files-9,1,other
EFTA01394561.pdf,data-set-10-files-9,1,other
EFTA01394562.pdf,data-set-10-files-9,1,other
EFTA01394563.pdf,data-set-10-files-9,1,other
EFTA01394564.pdf,data-set-10-files-9,1,other
EFTA01394565.pdf,data-set-10-files-9,1,other
EFTA01394566.pdf,data-set-10-files-9,1,other
EFTA01394567.pdf,data-set-10-files-9,1,other
EFTA01394568.pdf,data-set-10-files-9,1,other
EFTA01394569.pdf,data-set-10-files-9,1,other
EFTA01394570.pdf,data-set-10-files-9,1,other
EFTA01394571.pdf,data-set-10-files-9,1,other
EFTA01394572.pdf,data-set-10-files-9,1,other
EFTA01394573.pdf,data-set-10-files-9,1,other
EFTA01394574.pdf,data-set-10-files-9,1,other
EFTA01394575.pdf,data-set-10-files-9,1,other
EFTA01394576.pdf,data-set-10-files-9,1,other
EFTA01394577.pdf,data-set-10-files-9,1,other
EFTA01394578.pdf,data-set-10-files-9,1,other
EFTA01394579.pdf,data-set-10-files-9,1,other
EFTA01394580.pdf,data-set-10-files-9,1,other
EFTA01394581.pdf,data-set-10-files-9,1,other
EFTA01394582.pdf,data-set-10-files-9,1,other
EFTA01394583.pdf,data-set-10-files-9,1,other
EFTA01394584.pdf,data-set-10-files-9,1,other
EFTA01394585.pdf,data-set-10-files-9,1,other
EFTA01394586.pdf,data-set-10-files-9,1,other
EFTA01394587.pdf,data-set-10-files-9,1,other
EFTA01394588.pdf,data-set-10-files-9,1,other
EFTA01394589.pdf,data-set-10-files-9,1,other
EFTA01394590.pdf,data-set-10-files-9,1,other
EFTA01394591.pdf,data-set-10-files-9,1,other
EFTA01394592.pdf,data-set-10-files-9,1,other
EFTA01394593.pdf,data-set-10-files-9,1,other
EFTA01394594.pdf,data-set-10-files-9,1,other
EFTA01394595.pdf,data-set-10-files-9,1,other
EFTA01394596.pdf,data-set-10-files-9,1,other
EFTA01394597.pdf,data-set-10-files-9,1,other
EFTA01394598.pdf,data-set-10-files-9,1,other
EFTA01394599.pdf,data-set-10-files-9,1,other
EFTA01394600.pdf,data-set-10-files-9,1,other
EFTA01394601.pdf,data-set-10-files-9,1,other
EFTA01394602.pdf,data-set-10-files-9,1,other
EFTA01394603.pdf,data-set-10-files-9,1,other
EFTA01394604.pdf,data-set-10-files-9,1,other
EFTA01394605.pdf,data-set-10-files-9,1,other
EFTA01394606.pdf,data-set-10-files-9,1,other
EFTA01394607.pdf,data-set-10-files-9,1,other
EFTA01394608.pdf,data-set-10-files-9,1,other
EFTA01394609.pdf,data-set-10-files-9,1,other
EFTA01394610.pdf,data-set-10-files-9,1,other
EFTA01394611.pdf,data-set-10-files-9,1,other
EFTA01394612.pdf,data-set-10-files-9,1,other
EFTA01394613.pdf,data-set-10-files-9,1,other
EFTA01394614.pdf,data-set-10-files-9,1,other
EFTA01394615.pdf,data-set-10-files-9,1,other
EFTA01394616.pdf,data-set-10-files-9,1,other
EFTA01394617.pdf,data-set-10-files-9,1,other
EFTA01394618.pdf,data-set-10-files-9,1,other
EFTA01394619.pdf,data-set-10-files-9,1,other
EFTA01394620.pdf,data-set-10-files-9,1,other
EFTA01394621.pdf,data-set-10-files-9,1,other
EFTA01394622.pdf,data-set-10-files-9,1,other
EFTA01394623.pdf,data-set-10-files-9,1,other
EFTA01394624.pdf,data-set-10-files-9,1,other
EFTA01394625.pdf,data-set-10-files-9,1,other
EFTA01394626.pdf,data-set-10-files-9,1,other
EFTA01394627.pdf,data-set-10-files-9,1,other
EFTA01394628.pdf,data-set-10-files-9,1,other
EFTA01394629.pdf,data-set-10-files-9,1,other
EFTA01394630.pdf,data-set-10-files-9,1,other
EFTA01394631.pdf,data-set-10-files-9,1,other
EFTA01394632.pdf,data-set-10-files-9,1,other
EFTA01394633.pdf,data-set-10-files-9,1,other
EFTA01394634.pdf,data-set-10-files-9,1,other
EFTA01394635.pdf,data-set-10-files-9,1,other
EFTA01394636.pdf,data-set-10-files-9,1,other
EFTA01394637.pdf,data-set-10-files-9,1,other
EFTA01394638.pdf,data-set-10-files-9,1,other
EFTA01394639.pdf,data-set-10-files-9,1,other
EFTA01394640.pdf,data-set-10-files-9,1,other
EFTA01394641.pdf,data-set-10-files-9,1,other
EFTA01394642.pdf,data-set-10-files-9,1,other
EFTA01394643.pdf,data-set-10-files-9,1,other
EFTA01394644.pdf,data-set-10-files-9,1,other
EFTA01394645.pdf,data-set-10-files-9,1,other
EFTA01394646.pdf,data-set-10-files-9,1,other
EFTA01394647.pdf,data-set-10-files-9,1,other
EFTA01394648.pdf,data-set-10-files-9,1,other
EFTA01394649.pdf,data-set-10-files-9,1,other
EFTA01394650.pdf,data-set-10-files-9,1,other
EFTA01394651.pdf,data-set-10-files-9,1,other
EFTA01394652.pdf,data-set-10-files-9,1,other
EFTA01394653.pdf,data-set-10-files-9,1,other
EFTA01394654.pdf,data-set-10-files-9,1,other
EFTA01394655.pdf,data-set-10-files-9,1,other
EFTA01394656.pdf,data-set-10-files-9,1,other
EFTA01394657.pdf,data-set-10-files-9,1,other
EFTA01394658.pdf,data-set-10-files-9,1,other
EFTA01394659.pdf,data-set-10-files-9,1,other
EFTA01394660.pdf,data-set-10-files-9,1,other
EFTA01394661.pdf,data-set-10-files-9,1,other
EFTA01394662.pdf,data-set-10-files-9,1,other
EFTA01394663.pdf,data-set-10-files-9,1,other
EFTA01394664.pdf,data-set-10-files-9,1,other
EFTA01394665.pdf,data-set-10-files-9,1,other
EFTA01394666.pdf,data-set-10-files-9,1,other
EFTA01394667.pdf,data-set-10-files-9,1,other
EFTA01394668.pdf,data-set-10-files-9,1,other
EFTA01394669.pdf,data-set-10-files-9,1,other
EFTA01394670.pdf,data-set-10-files-9,1,other
EFTA01394671.pdf,data-set-10-files-9,1,other
EFTA01394672.pdf,data-set-10-files-9,1,other
EFTA01394673.pdf,data-set-10-files-9,1,other
EFTA01394674.pdf,data-set-10-files-9,1,other
EFTA01394675.pdf,data-set-10-files-9,1,other
EFTA01394676.pdf,data-set-10-files-9,1,other
EFTA01394677.pdf,data-set-10-files-9,1,other
EFTA01394678.pdf,data-set-10-files-9,1,other
EFTA01394679.pdf,data-set-10-files-9,1,other
EFTA01394680.pdf,data-set-10-files-9,1,other
EFTA01394681.pdf,data-set-10-files-9,1,other
EFTA01394682.pdf,data-set-10-files-9,1,other
EFTA01394683.pdf,data-set-10-files-9,1,other
EFTA01394684.pdf,data-set-10-files-9,1,other
EFTA01394685.pdf,data-set-10-files-9,1,other
EFTA01394686.pdf,data-set-10-files-9,1,other
EFTA01394687.pdf,data-set-10-files-9,1,other
EFTA01394688.pdf,data-set-10-files-9,1,other
EFTA01394689.pdf,data-set-10-files-9,1,other
EFTA01394690.pdf,data-set-10-files-9,1,other
EFTA01394691.pdf,data-set-10-files-9,1,email
EFTA01394692.pdf,data-set-10-files-9,1,other
EFTA01394693.pdf,data-set-10-files-9,1,other
EFTA01394694.pdf,data-set-10-files-9,1,other
EFTA01394695.pdf,data-set-10-files-9,1,other
EFTA01394696.pdf,data-set-10-files-9,1,other
EFTA01394697.pdf,data-set-10-files-9,1,other
EFTA01394698.pdf,data-set-10-files-9,1,other
EFTA01394699.pdf,data-set-10-files-9,1,other
EFTA01394700.pdf,data-set-10-files-9,1,other
EFTA01394701.pdf,data-set-10-files-9,1,other
EFTA01394702.pdf,data-set-10-files-9,1,other
EFTA01394703.pdf,data-set-10-files-9,1,other
EFTA01394704.pdf,data-set-10-files-9,1,other
EFTA01394705.pdf,data-set-10-files-9,1,other
EFTA01394706.pdf,data-set-10-files-9,1,other
EFTA01394707.pdf,data-set-10-files-9,1,other
EFTA01875640.pdf,data-set-10-files-9,1,email
