file_name,file_origin,file_length,file_type
EFTA01262805.pdf,data-set-10-files-2,24,other
EFTA01262829.pdf,data-set-10-files-2,34,other
EFTA01262863.pdf,data-set-10-files-2,28,other
EFTA01262891.pdf,data-set-10-files-2,4,other
EFTA01262895.pdf,data-set-10-files-2,5,other
EFTA01262900.pdf,data-set-10-files-2,56,other
EFTA01262956.pdf,data-set-10-files-2,4,other
EFTA01262960.pdf,data-set-10-files-2,5,other
EFTA01262965.pdf,data-set-10-files-2,59,other
EFTA01263024.pdf,data-set-10-files-2,61,other
EFTA01263085.pdf,data-set-10-files-2,4,other
EFTA01263089.pdf,data-set-10-files-2,4,other
EFTA01263093.pdf,data-set-10-files-2,9,other
EFTA01263102.pdf,data-set-10-files-2,10,other
EFTA01263112.pdf,data-set-10-files-2,5,other
EFTA01263117.pdf,data-set-10-files-2,7,other
EFTA01263124.pdf,data-set-10-files-2,21,other
EFTA01263145.pdf,data-set-10-files-2,3,other
EFTA01263148.pdf,data-set-10-files-2,4,other
EFTA01263152.pdf,data-set-10-files-2,4,other
EFTA01263156.pdf,data-set-10-files-2,41,email
EFTA01263197.pdf,data-set-10-files-2,7,other
EFTA01263204.pdf,data-set-10-files-2,6,other
EFTA01263210.pdf,data-set-10-files-2,3,other
EFTA01263213.pdf,data-set-10-files-2,14,other
EFTA01263227.pdf,data-set-10-files-2,13,other
EFTA01263240.pdf,data-set-10-files-2,6,other
EFTA01263246.pdf,data-set-10-files-2,26,other
EFTA01263272.pdf,data-set-10-files-2,3,other
EFTA01263275.pdf,data-set-10-files-2,13,other
EFTA01263288.pdf,data-set-10-files-2,1,email
EFTA01263289.pdf,data-set-10-files-2,1,email
EFTA01263290.pdf,data-set-10-files-2,1,email
EFTA01263291.pdf,data-set-10-files-2,1,email
EFTA01263292.pdf,data-set-10-files-2,1,other
EFTA01263293.pdf,data-set-10-files-2,36,other
EFTA01263329.pdf,data-set-10-files-2,1,other
EFTA01263330.pdf,data-set-10-files-2,2,other
EFTA01263332.pdf,data-set-10-files-2,82,other
EFTA01263414.pdf,data-set-10-files-2,362,other
EFTA01263776.pdf,data-set-10-files-2,255,other
EFTA01264031.pdf,data-set-10-files-2,9,other
EFTA01264040.pdf,data-set-10-files-2,208,other
EFTA01264248.pdf,data-set-10-files-2,146,other
EFTA01264394.pdf,data-set-10-files-2,2,other
EFTA01264396.pdf,data-set-10-files-2,1,other
EFTA01264397.pdf,data-set-10-files-2,8,other
EFTA01264405.pdf,data-set-10-files-2,6,other
EFTA01264411.pdf,data-set-10-files-2,1,other
EFTA01264412.pdf,data-set-10-files-2,109,other
EFTA01264521.pdf,data-set-10-files-2,77,other
EFTA01264598.pdf,data-set-10-files-2,2,other
EFTA01264600.pdf,data-set-10-files-2,4,other
EFTA01264604.pdf,data-set-10-files-2,109,other
EFTA01264713.pdf,data-set-10-files-2,451,other
EFTA01265164.pdf,data-set-10-files-2,4,other
EFTA01265168.pdf,data-set-10-files-2,5,other
EFTA01265173.pdf,data-set-10-files-2,2,other
EFTA01265175.pdf,data-set-10-files-2,5,other
EFTA01265180.pdf,data-set-10-files-2,42,other
EFTA01265222.pdf,data-set-10-files-2,1,other
EFTA01265223.pdf,data-set-10-files-2,1,email
EFTA01265224.pdf,data-set-10-files-2,1,other
EFTA01265225.pdf,data-set-10-files-2,20,other
EFTA01265245.pdf,data-set-10-files-2,56,other
EFTA01265301.pdf,data-set-10-files-2,12,other
EFTA01265313.pdf,data-set-10-files-2,1,email
EFTA01265314.pdf,data-set-10-files-2,4,other
EFTA01265318.pdf,data-set-10-files-2,122,other
EFTA01265440.pdf,data-set-10-files-2,10,other
EFTA01265450.pdf,data-set-10-files-2,6,other
EFTA01265456.pdf,data-set-10-files-2,1,other
EFTA01265457.pdf,data-set-10-files-2,3,other
EFTA01265460.pdf,data-set-10-files-2,16,other
EFTA01265476.pdf,data-set-10-files-2,3,other
EFTA01265479.pdf,data-set-10-files-2,3,other
EFTA01265482.pdf,data-set-10-files-2,1,other
EFTA01265483.pdf,data-set-10-files-2,1,other
EFTA01265484.pdf,data-set-10-files-2,1,other
EFTA01265485.pdf,data-set-10-files-2,1,other
EFTA01265486.pdf,data-set-10-files-2,1,other
EFTA01265487.pdf,data-set-10-files-2,4,other
EFTA01265491.pdf,data-set-10-files-2,5,other
EFTA01265496.pdf,data-set-10-files-2,293,email
EFTA01265789.pdf,data-set-10-files-2,2,email
EFTA01265791.pdf,data-set-10-files-2,2,other
EFTA01265793.pdf,data-set-10-files-2,2,other
EFTA01265795.pdf,data-set-10-files-2,1,other
EFTA01265796.pdf,data-set-10-files-2,2,other
EFTA01265798.pdf,data-set-10-files-2,2,other
EFTA01265800.pdf,data-set-10-files-2,4,other
EFTA01265804.pdf,data-set-10-files-2,2,other
EFTA01265806.pdf,data-set-10-files-2,1,other
EFTA01265807.pdf,data-set-10-files-2,1,other
EFTA01265808.pdf,data-set-10-files-2,2,other
EFTA01265810.pdf,data-set-10-files-2,4,other
EFTA01265814.pdf,data-set-10-files-2,27,other
EFTA01265841.pdf,data-set-10-files-2,45,other
EFTA01265886.pdf,data-set-10-files-2,14,other
EFTA01265900.pdf,data-set-10-files-2,2,other
EFTA01270704.pdf,data-set-10-files-2,45,other
EFTA01285170.pdf,data-set-10-files-2,6,other
EFTA01287765.pdf,data-set-10-files-2,4,other
EFTA01296860.pdf,data-set-10-files-2,12,other
EFTA01299722.pdf,data-set-10-files-2,1,other
EFTA01299808.pdf,data-set-10-files-2,3,other
EFTA01301654.pdf,data-set-10-files-2,4,other
EFTA01302113.pdf,data-set-10-files-2,1,other
EFTA01303127.pdf,data-set-10-files-2,1,other
EFTA01303128.pdf,data-set-10-files-2,1,photo
EFTA01303129.pdf,data-set-10-files-2,1,other
EFTA01303130.pdf,data-set-10-files-2,1,other
EFTA01303131.pdf,data-set-10-files-2,1,other
EFTA01303132.pdf,data-set-10-files-2,1,other
EFTA01303133.pdf,data-set-10-files-2,1,other
EFTA01303134.pdf,data-set-10-files-2,1,other
EFTA01303135.pdf,data-set-10-files-2,1,photo
EFTA01303136.pdf,data-set-10-files-2,1,other
EFTA01303137.pdf,data-set-10-files-2,1,other
EFTA01303138.pdf,data-set-10-files-2,1,other
EFTA01303139.pdf,data-set-10-files-2,1,other
EFTA01303140.pdf,data-set-10-files-2,1,other
EFTA01303141.pdf,data-set-10-files-2,1,other
EFTA01303142.pdf,data-set-10-files-2,1,other
EFTA01303143.pdf,data-set-10-files-2,1,other
EFTA01303144.pdf,data-set-10-files-2,1,other
EFTA01303145.pdf,data-set-10-files-2,1,other
EFTA01303146.pdf,data-set-10-files-2,1,photo
EFTA01303147.pdf,data-set-10-files-2,1,other
EFTA01303148.pdf,data-set-10-files-2,1,other
EFTA01303149.pdf,data-set-10-files-2,1,photo
EFTA01303150.pdf,data-set-10-files-2,1,other
EFTA01303151.pdf,data-set-10-files-2,1,other
EFTA01303152.pdf,data-set-10-files-2,1,other
EFTA01303153.pdf,data-set-10-files-2,1,other
EFTA01303154.pdf,data-set-10-files-2,1,other
EFTA01303155.pdf,data-set-10-files-2,1,other
EFTA01303156.pdf,data-set-10-files-2,1,other
EFTA01303157.pdf,data-set-10-files-2,1,other
EFTA01303158.pdf,data-set-10-files-2,1,other
EFTA01303159.pdf,data-set-10-files-2,1,other
EFTA01303160.pdf,data-set-10-files-2,1,other
EFTA01303161.pdf,data-set-10-files-2,1,other
EFTA01303162.pdf,data-set-10-files-2,1,other
EFTA01303163.pdf,data-set-10-files-2,1,other
EFTA01303164.pdf,data-set-10-files-2,1,other
EFTA01303165.pdf,data-set-10-files-2,1,other
EFTA01303166.pdf,data-set-10-files-2,1,other
EFTA01303167.pdf,data-set-10-files-2,1,other
EFTA01303168.pdf,data-set-10-files-2,1,other
EFTA01303169.pdf,data-set-10-files-2,1,other
EFTA01303170.pdf,data-set-10-files-2,1,other
EFTA01303171.pdf,data-set-10-files-2,1,other
EFTA01303172.pdf,data-set-10-files-2,1,photo
EFTA01303173.pdf,data-set-10-files-2,1,other
EFTA01303174.pdf,data-set-10-files-2,1,other
EFTA01303175.pdf,data-set-10-files-2,1,other
EFTA01303176.pdf,data-set-10-files-2,1,other
EFTA01303177.pdf,data-set-10-files-2,1,other
EFTA01303178.pdf,data-set-10-files-2,1,other
EFTA01303179.pdf,data-set-10-files-2,1,other
EFTA01303180.pdf,data-set-10-files-2,1,other
EFTA01303181.pdf,data-set-10-files-2,1,photo
EFTA01303182.pdf,data-set-10-files-2,1,other
EFTA01303183.pdf,data-set-10-files-2,1,other
EFTA01303184.pdf,data-set-10-files-2,1,other
EFTA01303185.pdf,data-set-10-files-2,1,other
EFTA01303186.pdf,data-set-10-files-2,1,other
EFTA01303187.pdf,data-set-10-files-2,1,other
EFTA01303188.pdf,data-set-10-files-2,1,other
EFTA01303189.pdf,data-set-10-files-2,1,photo
EFTA01303190.pdf,data-set-10-files-2,1,other
EFTA01303191.pdf,data-set-10-files-2,1,other
EFTA01303192.pdf,data-set-10-files-2,1,other
EFTA01303193.pdf,data-set-10-files-2,1,other
EFTA01303194.pdf,data-set-10-files-2,1,other
EFTA01303195.pdf,data-set-10-files-2,1,other
EFTA01303196.pdf,data-set-10-files-2,1,other
EFTA01303197.pdf,data-set-10-files-2,1,other
EFTA01303198.pdf,data-set-10-files-2,1,other
EFTA01303199.pdf,data-set-10-files-2,1,other
EFTA01303200.pdf,data-set-10-files-2,1,other
EFTA01303201.pdf,data-set-10-files-2,1,other
EFTA01303202.pdf,data-set-10-files-2,1,photo
EFTA01303203.pdf,data-set-10-files-2,1,photo
EFTA01303204.pdf,data-set-10-files-2,1,other
EFTA01303205.pdf,data-set-10-files-2,1,other
EFTA01303206.pdf,data-set-10-files-2,1,other
EFTA01303207.pdf,data-set-10-files-2,1,other
EFTA01303208.pdf,data-set-10-files-2,1,other
EFTA01303209.pdf,data-set-10-files-2,1,photo
EFTA01303210.pdf,data-set-10-files-2,1,other
EFTA01303211.pdf,data-set-10-files-2,1,other
EFTA01303212.pdf,data-set-10-files-2,1,other
EFTA01303213.pdf,data-set-10-files-2,1,other
EFTA01303214.pdf,data-set-10-files-2,1,other
EFTA01303215.pdf,data-set-10-files-2,1,photo
EFTA01303216.pdf,data-set-10-files-2,1,other
EFTA01303217.pdf,data-set-10-files-2,1,photo
EFTA01303218.pdf,data-set-10-files-2,1,other
EFTA01303219.pdf,data-set-10-files-2,1,other
EFTA01303220.pdf,data-set-10-files-2,1,other
EFTA01303221.pdf,data-set-10-files-2,1,other
EFTA01303222.pdf,data-set-10-files-2,1,other
EFTA01303223.pdf,data-set-10-files-2,1,other
EFTA01303224.pdf,data-set-10-files-2,1,other
EFTA01303225.pdf,data-set-10-files-2,1,other
EFTA01303226.pdf,data-set-10-files-2,1,other
EFTA01303227.pdf,data-set-10-files-2,1,other
EFTA01303228.pdf,data-set-10-files-2,1,photo
EFTA01303229.pdf,data-set-10-files-2,1,other
EFTA01303230.pdf,data-set-10-files-2,1,other
EFTA01303231.pdf,data-set-10-files-2,1,photo
EFTA01303232.pdf,data-set-10-files-2,1,photo
EFTA01303233.pdf,data-set-10-files-2,1,other
EFTA01303234.pdf,data-set-10-files-2,1,other
EFTA01303235.pdf,data-set-10-files-2,1,other
EFTA01303236.pdf,data-set-10-files-2,1,other
EFTA01303237.pdf,data-set-10-files-2,1,other
EFTA01303238.pdf,data-set-10-files-2,1,other
EFTA01303239.pdf,data-set-10-files-2,1,other
EFTA01303240.pdf,data-set-10-files-2,1,other
EFTA01303241.pdf,data-set-10-files-2,1,other
EFTA01303242.pdf,data-set-10-files-2,1,other
EFTA01303243.pdf,data-set-10-files-2,1,other
EFTA01303244.pdf,data-set-10-files-2,1,other
EFTA01303245.pdf,data-set-10-files-2,1,other
EFTA01303246.pdf,data-set-10-files-2,1,other
EFTA01303247.pdf,data-set-10-files-2,1,other
EFTA01303248.pdf,data-set-10-files-2,1,other
EFTA01303249.pdf,data-set-10-files-2,1,photo
EFTA01303250.pdf,data-set-10-files-2,1,photo
EFTA01303251.pdf,data-set-10-files-2,1,other
EFTA01303252.pdf,data-set-10-files-2,1,other
EFTA01303253.pdf,data-set-10-files-2,1,other
EFTA01303254.pdf,data-set-10-files-2,1,other
EFTA01303255.pdf,data-set-10-files-2,1,other
EFTA01303256.pdf,data-set-10-files-2,1,other
EFTA01303257.pdf,data-set-10-files-2,1,other
EFTA01303258.pdf,data-set-10-files-2,1,other
EFTA01303259.pdf,data-set-10-files-2,1,other
EFTA01303260.pdf,data-set-10-files-2,1,other
EFTA01303261.pdf,data-set-10-files-2,1,other
EFTA01303262.pdf,data-set-10-files-2,1,other
EFTA01303263.pdf,data-set-10-files-2,1,other
EFTA01303264.pdf,data-set-10-files-2,1,other
EFTA01303265.pdf,data-set-10-files-2,1,other
EFTA01303266.pdf,data-set-10-files-2,1,other
EFTA01303267.pdf,data-set-10-files-2,1,other
EFTA01303268.pdf,data-set-10-files-2,1,other
EFTA01303269.pdf,data-set-10-files-2,1,other
EFTA01303270.pdf,data-set-10-files-2,1,other
EFTA01303271.pdf,data-set-10-files-2,1,photo
EFTA01303272.pdf,data-set-10-files-2,1,photo
EFTA01303273.pdf,data-set-10-files-2,1,other
EFTA01303274.pdf,data-set-10-files-2,1,photo
EFTA01303275.pdf,data-set-10-files-2,1,other
EFTA01303276.pdf,data-set-10-files-2,1,other
EFTA01303277.pdf,data-set-10-files-2,1,other
EFTA01303278.pdf,data-set-10-files-2,1,other
EFTA01303279.pdf,data-set-10-files-2,1,other
EFTA01303280.pdf,data-set-10-files-2,1,other
EFTA01303281.pdf,data-set-10-files-2,1,other
EFTA01303282.pdf,data-set-10-files-2,1,other
EFTA01303283.pdf,data-set-10-files-2,1,other
EFTA01303284.pdf,data-set-10-files-2,1,other
EFTA01303285.pdf,data-set-10-files-2,1,other
EFTA01303286.pdf,data-set-10-files-2,1,other
EFTA01303287.pdf,data-set-10-files-2,1,other
EFTA01303288.pdf,data-set-10-files-2,1,other
EFTA01303290.pdf,data-set-10-files-2,1,other
EFTA01303291.pdf,data-set-10-files-2,1,photo
EFTA01303292.pdf,data-set-10-files-2,1,other
EFTA01303293.pdf,data-set-10-files-2,1,other
EFTA01303294.pdf,data-set-10-files-2,1,other
EFTA01303295.pdf,data-set-10-files-2,1,photo
EFTA01303296.pdf,data-set-10-files-2,1,other
EFTA01303297.pdf,data-set-10-files-2,1,photo
EFTA01303298.pdf,data-set-10-files-2,1,other
EFTA01303299.pdf,data-set-10-files-2,1,other
EFTA01303300.pdf,data-set-10-files-2,1,other
EFTA01303301.pdf,data-set-10-files-2,1,other
EFTA01303302.pdf,data-set-10-files-2,1,other
EFTA01303303.pdf,data-set-10-files-2,1,other
EFTA01303304.pdf,data-set-10-files-2,1,other
EFTA01303305.pdf,data-set-10-files-2,1,other
EFTA01303306.pdf,data-set-10-files-2,1,other
EFTA01303307.pdf,data-set-10-files-2,1,other
EFTA01303308.pdf,data-set-10-files-2,1,other
EFTA01303309.pdf,data-set-10-files-2,1,photo
EFTA01303310.pdf,data-set-10-files-2,1,other
EFTA01303311.pdf,data-set-10-files-2,1,other
EFTA01303312.pdf,data-set-10-files-2,1,other
EFTA01303313.pdf,data-set-10-files-2,1,other
EFTA01303314.pdf,data-set-10-files-2,1,photo
EFTA01303315.pdf,data-set-10-files-2,1,other
EFTA01303316.pdf,data-set-10-files-2,1,other
EFTA01303317.pdf,data-set-10-files-2,1,other
EFTA01303318.pdf,data-set-10-files-2,1,other
EFTA01303319.pdf,data-set-10-files-2,1,other
EFTA01303320.pdf,data-set-10-files-2,1,photo
EFTA01303321.pdf,data-set-10-files-2,1,other
EFTA01303322.pdf,data-set-10-files-2,1,other
EFTA01303323.pdf,data-set-10-files-2,1,other
EFTA01303324.pdf,data-set-10-files-2,1,other
EFTA01303325.pdf,data-set-10-files-2,1,other
EFTA01303326.pdf,data-set-10-files-2,1,other
EFTA01303327.pdf,data-set-10-files-2,1,other
EFTA01303328.pdf,data-set-10-files-2,1,other
EFTA01303329.pdf,data-set-10-files-2,1,other
EFTA01303330.pdf,data-set-10-files-2,1,other
EFTA01303331.pdf,data-set-10-files-2,1,other
EFTA01303332.pdf,data-set-10-files-2,1,other
EFTA01303333.pdf,data-set-10-files-2,1,other
EFTA01303334.pdf,data-set-10-files-2,1,other
EFTA01303335.pdf,data-set-10-files-2,1,other
EFTA01303336.pdf,data-set-10-files-2,1,photo
EFTA01303337.pdf,data-set-10-files-2,1,other
EFTA01303338.pdf,data-set-10-files-2,1,other
EFTA01303339.pdf,data-set-10-files-2,1,other
EFTA01303340.pdf,data-set-10-files-2,1,photo
EFTA01303341.pdf,data-set-10-files-2,1,other
EFTA01303342.pdf,data-set-10-files-2,1,other
EFTA01303343.pdf,data-set-10-files-2,1,other
EFTA01303344.pdf,data-set-10-files-2,1,other
EFTA01303345.pdf,data-set-10-files-2,1,other
EFTA01303346.pdf,data-set-10-files-2,1,other
EFTA01303347.pdf,data-set-10-files-2,1,other
EFTA01303348.pdf,data-set-10-files-2,1,other
EFTA01303349.pdf,data-set-10-files-2,1,other
EFTA01303350.pdf,data-set-10-files-2,1,other
EFTA01303351.pdf,data-set-10-files-2,1,other
EFTA01303352.pdf,data-set-10-files-2,1,other
EFTA01303353.pdf,data-set-10-files-2,1,other
EFTA01303354.pdf,data-set-10-files-2,1,other
EFTA01303355.pdf,data-set-10-files-2,1,other
EFTA01303356.pdf,data-set-10-files-2,1,other
EFTA01303357.pdf,data-set-10-files-2,1,photo
EFTA01303358.pdf,data-set-10-files-2,1,photo
EFTA01303359.pdf,data-set-10-files-2,1,other
EFTA01303360.pdf,data-set-10-files-2,1,other
EFTA01303361.pdf,data-set-10-files-2,1,other
EFTA01303362.pdf,data-set-10-files-2,1,other
EFTA01303363.pdf,data-set-10-files-2,1,other
EFTA01303364.pdf,data-set-10-files-2,1,photo
EFTA01303365.pdf,data-set-10-files-2,1,other
EFTA01303366.pdf,data-set-10-files-2,1,other
EFTA01303367.pdf,data-set-10-files-2,1,other
EFTA01303368.pdf,data-set-10-files-2,1,other
EFTA01303369.pdf,data-set-10-files-2,1,other
EFTA01303370.pdf,data-set-10-files-2,1,other
EFTA01303371.pdf,data-set-10-files-2,1,other
EFTA01303372.pdf,data-set-10-files-2,1,other
EFTA01303373.pdf,data-set-10-files-2,1,other
EFTA01303374.pdf,data-set-10-files-2,1,other
EFTA01303375.pdf,data-set-10-files-2,1,other
EFTA01303376.pdf,data-set-10-files-2,1,other
EFTA01303377.pdf,data-set-10-files-2,1,other
EFTA01303378.pdf,data-set-10-files-2,1,photo
EFTA01303379.pdf,data-set-10-files-2,1,other
EFTA01303380.pdf,data-set-10-files-2,1,other
EFTA01303381.pdf,data-set-10-files-2,1,photo
EFTA01303382.pdf,data-set-10-files-2,1,other
EFTA01303383.pdf,data-set-10-files-2,1,photo
EFTA01303384.pdf,data-set-10-files-2,1,other
EFTA01303385.pdf,data-set-10-files-2,1,photo
EFTA01303386.pdf,data-set-10-files-2,1,other
EFTA01303387.pdf,data-set-10-files-2,1,photo
EFTA01303388.pdf,data-set-10-files-2,1,photo
EFTA01303389.pdf,data-set-10-files-2,1,other
EFTA01303390.pdf,data-set-10-files-2,1,other
EFTA01303391.pdf,data-set-10-files-2,1,other
EFTA01303392.pdf,data-set-10-files-2,1,photo
EFTA01303393.pdf,data-set-10-files-2,1,other
EFTA01303394.pdf,data-set-10-files-2,1,other
EFTA01303395.pdf,data-set-10-files-2,1,photo
EFTA01303396.pdf,data-set-10-files-2,1,photo
EFTA01303397.pdf,data-set-10-files-2,1,photo
EFTA01303398.pdf,data-set-10-files-2,1,other
EFTA01303399.pdf,data-set-10-files-2,1,other
EFTA01303400.pdf,data-set-10-files-2,1,other
EFTA01303401.pdf,data-set-10-files-2,1,other
EFTA01303402.pdf,data-set-10-files-2,1,other
EFTA01303403.pdf,data-set-10-files-2,1,photo
EFTA01303404.pdf,data-set-10-files-2,1,other
EFTA01303405.pdf,data-set-10-files-2,1,other
EFTA01303406.pdf,data-set-10-files-2,1,photo
EFTA01303407.pdf,data-set-10-files-2,1,other
EFTA01303408.pdf,data-set-10-files-2,1,other
EFTA01303409.pdf,data-set-10-files-2,1,other
EFTA01303410.pdf,data-set-10-files-2,1,other
EFTA01303411.pdf,data-set-10-files-2,1,other
EFTA01303412.pdf,data-set-10-files-2,1,photo
EFTA01303413.pdf,data-set-10-files-2,1,photo
EFTA01303414.pdf,data-set-10-files-2,1,other
EFTA01303415.pdf,data-set-10-files-2,1,other
EFTA01303416.pdf,data-set-10-files-2,1,other
EFTA01303417.pdf,data-set-10-files-2,1,other
EFTA01303418.pdf,data-set-10-files-2,1,other
EFTA01303419.pdf,data-set-10-files-2,1,other
EFTA01303420.pdf,data-set-10-files-2,1,other
EFTA01303421.pdf,data-set-10-files-2,1,other
EFTA01303422.pdf,data-set-10-files-2,1,photo
EFTA01303423.pdf,data-set-10-files-2,1,other
EFTA01303424.pdf,data-set-10-files-2,1,other
EFTA01303425.pdf,data-set-10-files-2,1,other
EFTA01303426.pdf,data-set-10-files-2,1,other
EFTA01303427.pdf,data-set-10-files-2,1,other
EFTA01303428.pdf,data-set-10-files-2,1,other
EFTA01303429.pdf,data-set-10-files-2,1,other
EFTA01303430.pdf,data-set-10-files-2,1,photo
EFTA01303431.pdf,data-set-10-files-2,1,other
EFTA01303432.pdf,data-set-10-files-2,1,other
EFTA01303433.pdf,data-set-10-files-2,1,other
EFTA01303434.pdf,data-set-10-files-2,1,other
EFTA01303435.pdf,data-set-10-files-2,1,other
EFTA01303436.pdf,data-set-10-files-2,1,other
EFTA01303437.pdf,data-set-10-files-2,1,other
EFTA01303438.pdf,data-set-10-files-2,1,other
EFTA01303439.pdf,data-set-10-files-2,1,other
EFTA01303440.pdf,data-set-10-files-2,1,other
EFTA01303441.pdf,data-set-10-files-2,1,other
EFTA01303442.pdf,data-set-10-files-2,1,other
EFTA01303443.pdf,data-set-10-files-2,1,other
EFTA01303444.pdf,data-set-10-files-2,1,other
EFTA01303445.pdf,data-set-10-files-2,1,photo
EFTA01303446.pdf,data-set-10-files-2,1,other
EFTA01303447.pdf,data-set-10-files-2,1,other
EFTA01303448.pdf,data-set-10-files-2,1,other
EFTA01303449.pdf,data-set-10-files-2,1,other
EFTA01303450.pdf,data-set-10-files-2,1,other
EFTA01303451.pdf,data-set-10-files-2,1,other
EFTA01303452.pdf,data-set-10-files-2,1,other
EFTA01303453.pdf,data-set-10-files-2,1,other
EFTA01303454.pdf,data-set-10-files-2,1,other
EFTA01303455.pdf,data-set-10-files-2,1,other
EFTA01303456.pdf,data-set-10-files-2,1,other
EFTA01303457.pdf,data-set-10-files-2,1,photo
EFTA01303458.pdf,data-set-10-files-2,1,other
EFTA01303459.pdf,data-set-10-files-2,1,other
EFTA01303460.pdf,data-set-10-files-2,1,other
EFTA01303461.pdf,data-set-10-files-2,1,photo
EFTA01303462.pdf,data-set-10-files-2,1,other
EFTA01303463.pdf,data-set-10-files-2,1,other
EFTA01303464.pdf,data-set-10-files-2,1,other
EFTA01303465.pdf,data-set-10-files-2,1,other
EFTA01303466.pdf,data-set-10-files-2,1,other
EFTA01303467.pdf,data-set-10-files-2,1,other
EFTA01303468.pdf,data-set-10-files-2,1,other
EFTA01303469.pdf,data-set-10-files-2,1,other
EFTA01303470.pdf,data-set-10-files-2,1,other
EFTA01303471.pdf,data-set-10-files-2,1,other
EFTA01303472.pdf,data-set-10-files-2,1,other
EFTA01303473.pdf,data-set-10-files-2,1,other
EFTA01303474.pdf,data-set-10-files-2,10,other
EFTA01303484.pdf,data-set-10-files-2,1,other
EFTA01303485.pdf,data-set-10-files-2,1,photo
EFTA01303486.pdf,data-set-10-files-2,1,photo
EFTA01303487.pdf,data-set-10-files-2,1,other
EFTA01303488.pdf,data-set-10-files-2,1,photo
EFTA01303489.pdf,data-set-10-files-2,1,photo
EFTA01303490.pdf,data-set-10-files-2,1,other
EFTA01303491.pdf,data-set-10-files-2,1,other
EFTA01303492.pdf,data-set-10-files-2,1,other
EFTA01303493.pdf,data-set-10-files-2,1,other
EFTA01303494.pdf,data-set-10-files-2,1,other
EFTA01303495.pdf,data-set-10-files-2,1,other
EFTA01303496.pdf,data-set-10-files-2,1,other
EFTA01303497.pdf,data-set-10-files-2,1,other
EFTA01303498.pdf,data-set-10-files-2,1,other
EFTA01303499.pdf,data-set-10-files-2,1,other
EFTA01303500.pdf,data-set-10-files-2,1,other
EFTA01303501.pdf,data-set-10-files-2,1,other
EFTA01303502.pdf,data-set-10-files-2,1,other
EFTA01303503.pdf,data-set-10-files-2,1,other
EFTA01303504.pdf,data-set-10-files-2,1,other
EFTA01303505.pdf,data-set-10-files-2,1,photo
EFTA01303506.pdf,data-set-10-files-2,1,other
EFTA01303507.pdf,data-set-10-files-2,1,other
EFTA01303508.pdf,data-set-10-files-2,1,other
EFTA01303509.pdf,data-set-10-files-2,1,other
EFTA01303510.pdf,data-set-10-files-2,1,other
EFTA01303511.pdf,data-set-10-files-2,1,photo
EFTA01303512.pdf,data-set-10-files-2,1,other
EFTA01303513.pdf,data-set-10-files-2,1,photo
EFTA01303514.pdf,data-set-10-files-2,1,other
EFTA01303515.pdf,data-set-10-files-2,1,other
EFTA01303516.pdf,data-set-10-files-2,1,other
EFTA01303517.pdf,data-set-10-files-2,1,photo
EFTA01303518.pdf,data-set-10-files-2,1,photo
EFTA01303519.pdf,data-set-10-files-2,1,other
EFTA01303520.pdf,data-set-10-files-2,1,photo
EFTA01303521.pdf,data-set-10-files-2,1,photo
EFTA01303522.pdf,data-set-10-files-2,1,other
EFTA01303523.pdf,data-set-10-files-2,1,other
EFTA01303524.pdf,data-set-10-files-2,1,photo
EFTA01303525.pdf,data-set-10-files-2,1,other
EFTA01303526.pdf,data-set-10-files-2,1,other
EFTA01303527.pdf,data-set-10-files-2,1,photo
EFTA01303528.pdf,data-set-10-files-2,1,other
EFTA01303529.pdf,data-set-10-files-2,1,other
EFTA01303530.pdf,data-set-10-files-2,1,other
EFTA01303531.pdf,data-set-10-files-2,1,other
EFTA01303532.pdf,data-set-10-files-2,1,other
EFTA01303533.pdf,data-set-10-files-2,1,other
EFTA01303534.pdf,data-set-10-files-2,1,other
EFTA01303535.pdf,data-set-10-files-2,1,other
EFTA01303536.pdf,data-set-10-files-2,1,other
EFTA01303537.pdf,data-set-10-files-2,1,other
EFTA01303538.pdf,data-set-10-files-2,1,other
EFTA01303539.pdf,data-set-10-files-2,1,other
EFTA01303540.pdf,data-set-10-files-2,1,other
EFTA01303541.pdf,data-set-10-files-2,1,other
EFTA01303542.pdf,data-set-10-files-2,1,other
EFTA01303543.pdf,data-set-10-files-2,1,other
EFTA01303544.pdf,data-set-10-files-2,1,photo
EFTA01303545.pdf,data-set-10-files-2,1,other
EFTA01303546.pdf,data-set-10-files-2,1,other
EFTA01303547.pdf,data-set-10-files-2,1,photo
EFTA01303548.pdf,data-set-10-files-2,1,photo
EFTA01303549.pdf,data-set-10-files-2,1,other
EFTA01303550.pdf,data-set-10-files-2,1,other
EFTA01303551.pdf,data-set-10-files-2,1,other
EFTA01303552.pdf,data-set-10-files-2,1,other
EFTA01303553.pdf,data-set-10-files-2,1,other
EFTA01303554.pdf,data-set-10-files-2,1,photo
EFTA01303555.pdf,data-set-10-files-2,1,photo
EFTA01303556.pdf,data-set-10-files-2,1,photo
EFTA01303557.pdf,data-set-10-files-2,1,other
EFTA01303558.pdf,data-set-10-files-2,1,other
EFTA01303559.pdf,data-set-10-files-2,1,other
EFTA01303560.pdf,data-set-10-files-2,1,other
EFTA01303561.pdf,data-set-10-files-2,1,other
EFTA01303562.pdf,data-set-10-files-2,1,photo
EFTA01303563.pdf,data-set-10-files-2,1,other
EFTA01303564.pdf,data-set-10-files-2,1,other
EFTA01303565.pdf,data-set-10-files-2,1,other
EFTA01303566.pdf,data-set-10-files-2,1,other
EFTA01303567.pdf,data-set-10-files-2,1,other
EFTA01303568.pdf,data-set-10-files-2,1,other
EFTA01303569.pdf,data-set-10-files-2,1,other
EFTA01303570.pdf,data-set-10-files-2,1,other
EFTA01303571.pdf,data-set-10-files-2,1,other
EFTA01303572.pdf,data-set-10-files-2,1,photo
EFTA01303573.pdf,data-set-10-files-2,1,other
EFTA01303574.pdf,data-set-10-files-2,1,other
EFTA01303575.pdf,data-set-10-files-2,1,photo
EFTA01303576.pdf,data-set-10-files-2,1,other
EFTA01303577.pdf,data-set-10-files-2,1,photo
EFTA01303578.pdf,data-set-10-files-2,1,other
EFTA01303579.pdf,data-set-10-files-2,1,other
EFTA01303580.pdf,data-set-10-files-2,1,other
EFTA01303581.pdf,data-set-10-files-2,1,photo
EFTA01303582.pdf,data-set-10-files-2,1,photo
EFTA01303583.pdf,data-set-10-files-2,1,other
EFTA01303584.pdf,data-set-10-files-2,1,other
EFTA01303585.pdf,data-set-10-files-2,1,other
EFTA01303586.pdf,data-set-10-files-2,1,other
EFTA01303587.pdf,data-set-10-files-2,1,other
EFTA01303588.pdf,data-set-10-files-2,1,other
EFTA01303589.pdf,data-set-10-files-2,1,other
EFTA01303590.pdf,data-set-10-files-2,1,other
EFTA01303591.pdf,data-set-10-files-2,1,other
EFTA01303592.pdf,data-set-10-files-2,1,other
EFTA01303593.pdf,data-set-10-files-2,1,other
EFTA01303594.pdf,data-set-10-files-2,1,other
EFTA01303595.pdf,data-set-10-files-2,1,other
EFTA01303596.pdf,data-set-10-files-2,1,other
EFTA01303597.pdf,data-set-10-files-2,1,other
EFTA01303598.pdf,data-set-10-files-2,1,photo
EFTA01303599.pdf,data-set-10-files-2,1,photo
EFTA01303600.pdf,data-set-10-files-2,1,other
EFTA01303601.pdf,data-set-10-files-2,1,other
EFTA01303602.pdf,data-set-10-files-2,1,other
EFTA01303603.pdf,data-set-10-files-2,1,photo
EFTA01303604.pdf,data-set-10-files-2,1,other
EFTA01303605.pdf,data-set-10-files-2,1,other
EFTA01303606.pdf,data-set-10-files-2,1,other
EFTA01303607.pdf,data-set-10-files-2,1,photo
EFTA01303608.pdf,data-set-10-files-2,1,other
EFTA01303609.pdf,data-set-10-files-2,1,other
EFTA01303610.pdf,data-set-10-files-2,1,other
EFTA01303611.pdf,data-set-10-files-2,1,other
EFTA01303612.pdf,data-set-10-files-2,1,other
EFTA01303613.pdf,data-set-10-files-2,1,other
EFTA01303614.pdf,data-set-10-files-2,1,other
EFTA01303615.pdf,data-set-10-files-2,1,other
EFTA01303616.pdf,data-set-10-files-2,1,photo
EFTA01303617.pdf,data-set-10-files-2,1,other
EFTA01303618.pdf,data-set-10-files-2,1,photo
EFTA01303619.pdf,data-set-10-files-2,1,other
EFTA01303620.pdf,data-set-10-files-2,1,other
EFTA01303621.pdf,data-set-10-files-2,1,other
EFTA01303622.pdf,data-set-10-files-2,1,other
EFTA01303623.pdf,data-set-10-files-2,1,other
EFTA01303624.pdf,data-set-10-files-2,1,other
EFTA01303625.pdf,data-set-10-files-2,1,other
EFTA01303626.pdf,data-set-10-files-2,1,other
EFTA01303627.pdf,data-set-10-files-2,1,other
EFTA01303628.pdf,data-set-10-files-2,1,other
EFTA01303629.pdf,data-set-10-files-2,1,other
EFTA01303630.pdf,data-set-10-files-2,1,other
EFTA01303631.pdf,data-set-10-files-2,1,other
EFTA01303632.pdf,data-set-10-files-2,1,other
EFTA01303633.pdf,data-set-10-files-2,1,photo
EFTA01303634.pdf,data-set-10-files-2,1,other
EFTA01303635.pdf,data-set-10-files-2,1,photo
EFTA01303636.pdf,data-set-10-files-2,1,other
EFTA01303637.pdf,data-set-10-files-2,1,other
EFTA01303638.pdf,data-set-10-files-2,1,other
EFTA01303639.pdf,data-set-10-files-2,1,other
EFTA01303640.pdf,data-set-10-files-2,1,other
EFTA01303641.pdf,data-set-10-files-2,1,other
EFTA01303642.pdf,data-set-10-files-2,1,other
EFTA01303643.pdf,data-set-10-files-2,1,other
EFTA01303644.pdf,data-set-10-files-2,1,other
EFTA01303645.pdf,data-set-10-files-2,1,photo
EFTA01303646.pdf,data-set-10-files-2,1,other
EFTA01303647.pdf,data-set-10-files-2,1,other
EFTA01303648.pdf,data-set-10-files-2,1,other
EFTA01303649.pdf,data-set-10-files-2,1,other
EFTA01303650.pdf,data-set-10-files-2,1,other
EFTA01303651.pdf,data-set-10-files-2,1,other
EFTA01303652.pdf,data-set-10-files-2,1,other
EFTA01303653.pdf,data-set-10-files-2,1,other
EFTA01303654.pdf,data-set-10-files-2,1,other
EFTA01303655.pdf,data-set-10-files-2,1,other
EFTA01303656.pdf,data-set-10-files-2,1,photo
EFTA01303657.pdf,data-set-10-files-2,1,photo
EFTA01303658.pdf,data-set-10-files-2,1,other
EFTA01303659.pdf,data-set-10-files-2,1,other
EFTA01303660.pdf,data-set-10-files-2,1,photo
EFTA01303661.pdf,data-set-10-files-2,1,other
EFTA01303662.pdf,data-set-10-files-2,1,other
EFTA01303663.pdf,data-set-10-files-2,1,other
EFTA01303664.pdf,data-set-10-files-2,1,other
EFTA01303665.pdf,data-set-10-files-2,1,other
EFTA01303666.pdf,data-set-10-files-2,1,other
EFTA01303667.pdf,data-set-10-files-2,1,other
EFTA01303668.pdf,data-set-10-files-2,1,other
EFTA01303669.pdf,data-set-10-files-2,1,photo
EFTA01303670.pdf,data-set-10-files-2,1,other
EFTA01303671.pdf,data-set-10-files-2,1,other
EFTA01303672.pdf,data-set-10-files-2,1,other
EFTA01303673.pdf,data-set-10-files-2,1,other
EFTA01303674.pdf,data-set-10-files-2,1,other
EFTA01303675.pdf,data-set-10-files-2,1,other
EFTA01303676.pdf,data-set-10-files-2,1,photo
EFTA01303677.pdf,data-set-10-files-2,1,other
EFTA01303678.pdf,data-set-10-files-2,1,other
EFTA01303679.pdf,data-set-10-files-2,1,other
EFTA01303680.pdf,data-set-10-files-2,1,photo
EFTA01303681.pdf,data-set-10-files-2,1,other
EFTA01303682.pdf,data-set-10-files-2,1,other
EFTA01303683.pdf,data-set-10-files-2,1,photo
EFTA01303684.pdf,data-set-10-files-2,1,other
EFTA01303685.pdf,data-set-10-files-2,1,photo
EFTA01303686.pdf,data-set-10-files-2,1,other
EFTA01303687.pdf,data-set-10-files-2,1,other
EFTA01303688.pdf,data-set-10-files-2,1,other
EFTA01303689.pdf,data-set-10-files-2,1,photo
EFTA01303690.pdf,data-set-10-files-2,1,other
EFTA01303691.pdf,data-set-10-files-2,1,other
EFTA01303692.pdf,data-set-10-files-2,1,other
EFTA01303693.pdf,data-set-10-files-2,1,other
EFTA01303694.pdf,data-set-10-files-2,1,other
EFTA01303695.pdf,data-set-10-files-2,1,other
EFTA01303696.pdf,data-set-10-files-2,1,other
EFTA01303697.pdf,data-set-10-files-2,1,other
EFTA01303698.pdf,data-set-10-files-2,1,other
EFTA01303699.pdf,data-set-10-files-2,1,photo
EFTA01303700.pdf,data-set-10-files-2,1,other
EFTA01303701.pdf,data-set-10-files-2,1,other
EFTA01303702.pdf,data-set-10-files-2,1,other
EFTA01303703.pdf,data-set-10-files-2,1,other
EFTA01303704.pdf,data-set-10-files-2,1,other
EFTA01303705.pdf,data-set-10-files-2,1,other
EFTA01303706.pdf,data-set-10-files-2,1,other
EFTA01303707.pdf,data-set-10-files-2,1,photo
EFTA01303708.pdf,data-set-10-files-2,1,photo
EFTA01303709.pdf,data-set-10-files-2,1,other
EFTA01303710.pdf,data-set-10-files-2,1,other
EFTA01303711.pdf,data-set-10-files-2,1,other
EFTA01303712.pdf,data-set-10-files-2,1,other
EFTA01303713.pdf,data-set-10-files-2,1,other
EFTA01303714.pdf,data-set-10-files-2,1,photo
EFTA01303715.pdf,data-set-10-files-2,1,photo
EFTA01303716.pdf,data-set-10-files-2,1,other
EFTA01303717.pdf,data-set-10-files-2,1,other
EFTA01303718.pdf,data-set-10-files-2,1,photo
EFTA01303719.pdf,data-set-10-files-2,1,photo
EFTA01303720.pdf,data-set-10-files-2,1,other
EFTA01303721.pdf,data-set-10-files-2,1,other
EFTA01303722.pdf,data-set-10-files-2,1,other
EFTA01303723.pdf,data-set-10-files-2,1,photo
EFTA01303724.pdf,data-set-10-files-2,1,photo
EFTA01303725.pdf,data-set-10-files-2,1,other
EFTA01303726.pdf,data-set-10-files-2,1,photo
EFTA01303727.pdf,data-set-10-files-2,1,photo
EFTA01303728.pdf,data-set-10-files-2,1,photo
EFTA01303729.pdf,data-set-10-files-2,1,photo
EFTA01303730.pdf,data-set-10-files-2,1,other
EFTA01303731.pdf,data-set-10-files-2,1,photo
EFTA01303732.pdf,data-set-10-files-2,1,photo
EFTA01303733.pdf,data-set-10-files-2,1,other
EFTA01303734.pdf,data-set-10-files-2,1,photo
EFTA01303735.pdf,data-set-10-files-2,1,photo
EFTA01303736.pdf,data-set-10-files-2,1,other
EFTA01303737.pdf,data-set-10-files-2,1,other
EFTA01303738.pdf,data-set-10-files-2,1,other
EFTA01303739.pdf,data-set-10-files-2,1,other
EFTA01303740.pdf,data-set-10-files-2,1,other
EFTA01303741.pdf,data-set-10-files-2,1,other
EFTA01303742.pdf,data-set-10-files-2,1,other
EFTA01303743.pdf,data-set-10-files-2,1,other
EFTA01303744.pdf,data-set-10-files-2,1,other
EFTA01303745.pdf,data-set-10-files-2,1,other
EFTA01303746.pdf,data-set-10-files-2,1,other
EFTA01303747.pdf,data-set-10-files-2,1,other
EFTA01303748.pdf,data-set-10-files-2,1,other
EFTA01303749.pdf,data-set-10-files-2,1,other
EFTA01303750.pdf,data-set-10-files-2,1,other
EFTA01303751.pdf,data-set-10-files-2,1,photo
EFTA01303752.pdf,data-set-10-files-2,1,other
EFTA01303753.pdf,data-set-10-files-2,1,photo
EFTA01303754.pdf,data-set-10-files-2,1,other
EFTA01303755.pdf,data-set-10-files-2,1,photo
EFTA01303756.pdf,data-set-10-files-2,1,other
EFTA01303757.pdf,data-set-10-files-2,1,other
EFTA01303758.pdf,data-set-10-files-2,1,other
EFTA01303759.pdf,data-set-10-files-2,1,other
EFTA01303760.pdf,data-set-10-files-2,1,photo
EFTA01303761.pdf,data-set-10-files-2,1,other
EFTA01303762.pdf,data-set-10-files-2,1,other
EFTA01303763.pdf,data-set-10-files-2,1,other
EFTA01303764.pdf,data-set-10-files-2,1,other
EFTA01303765.pdf,data-set-10-files-2,1,other
EFTA01303766.pdf,data-set-10-files-2,1,other
EFTA01303767.pdf,data-set-10-files-2,1,other
EFTA01303768.pdf,data-set-10-files-2,1,other
EFTA01303769.pdf,data-set-10-files-2,1,other
EFTA01303770.pdf,data-set-10-files-2,1,other
EFTA01303771.pdf,data-set-10-files-2,1,other
EFTA01303772.pdf,data-set-10-files-2,1,other
EFTA01303773.pdf,data-set-10-files-2,1,other
EFTA01303774.pdf,data-set-10-files-2,1,other
EFTA01303775.pdf,data-set-10-files-2,1,other
EFTA01303776.pdf,data-set-10-files-2,1,other
EFTA01303777.pdf,data-set-10-files-2,1,other
EFTA01303778.pdf,data-set-10-files-2,1,other
EFTA01303779.pdf,data-set-10-files-2,1,other
EFTA01303780.pdf,data-set-10-files-2,1,other
EFTA01303781.pdf,data-set-10-files-2,1,other
EFTA01303782.pdf,data-set-10-files-2,1,other
EFTA01303783.pdf,data-set-10-files-2,1,other
EFTA01303784.pdf,data-set-10-files-2,1,other
EFTA01303785.pdf,data-set-10-files-2,1,other
EFTA01303786.pdf,data-set-10-files-2,1,other
EFTA01303787.pdf,data-set-10-files-2,1,other
EFTA01303788.pdf,data-set-10-files-2,1,other
EFTA01303789.pdf,data-set-10-files-2,1,other
EFTA01303790.pdf,data-set-10-files-2,1,photo
EFTA01303791.pdf,data-set-10-files-2,1,other
EFTA01303792.pdf,data-set-10-files-2,1,other
EFTA01303793.pdf,data-set-10-files-2,1,other
EFTA01303794.pdf,data-set-10-files-2,1,other
EFTA01303795.pdf,data-set-10-files-2,1,other
EFTA01303796.pdf,data-set-10-files-2,1,photo
EFTA01303797.pdf,data-set-10-files-2,1,other
EFTA01303798.pdf,data-set-10-files-2,1,other
EFTA01303799.pdf,data-set-10-files-2,1,photo
EFTA01303800.pdf,data-set-10-files-2,1,photo
EFTA01303801.pdf,data-set-10-files-2,1,other
EFTA01303802.pdf,data-set-10-files-2,1,other
EFTA01303803.pdf,data-set-10-files-2,1,other
EFTA01303804.pdf,data-set-10-files-2,1,photo
EFTA01303805.pdf,data-set-10-files-2,1,other
EFTA01303806.pdf,data-set-10-files-2,1,other
EFTA01303807.pdf,data-set-10-files-2,1,other
EFTA01303808.pdf,data-set-10-files-2,1,other
EFTA01303809.pdf,data-set-10-files-2,1,other
EFTA01303810.pdf,data-set-10-files-2,1,other
EFTA01303811.pdf,data-set-10-files-2,1,other
EFTA01303812.pdf,data-set-10-files-2,1,other
EFTA01303813.pdf,data-set-10-files-2,1,other
EFTA01303814.pdf,data-set-10-files-2,1,other
EFTA01303815.pdf,data-set-10-files-2,1,other
EFTA01303816.pdf,data-set-10-files-2,1,photo
EFTA01303817.pdf,data-set-10-files-2,1,other
EFTA01303818.pdf,data-set-10-files-2,1,photo
EFTA01303819.pdf,data-set-10-files-2,1,photo
EFTA01303820.pdf,data-set-10-files-2,1,other
EFTA01303821.pdf,data-set-10-files-2,1,other
EFTA01303822.pdf,data-set-10-files-2,1,other
EFTA01303823.pdf,data-set-10-files-2,1,other
EFTA01303824.pdf,data-set-10-files-2,1,other
EFTA01303825.pdf,data-set-10-files-2,1,other
EFTA01303826.pdf,data-set-10-files-2,1,other
EFTA01303827.pdf,data-set-10-files-2,1,photo
EFTA01303828.pdf,data-set-10-files-2,1,other
EFTA01303829.pdf,data-set-10-files-2,1,photo
EFTA01303830.pdf,data-set-10-files-2,1,other
EFTA01303831.pdf,data-set-10-files-2,1,other
EFTA01303832.pdf,data-set-10-files-2,1,photo
EFTA01303833.pdf,data-set-10-files-2,1,photo
EFTA01303834.pdf,data-set-10-files-2,1,other
EFTA01303835.pdf,data-set-10-files-2,1,photo
EFTA01303836.pdf,data-set-10-files-2,1,other
EFTA01303837.pdf,data-set-10-files-2,1,photo
EFTA01303838.pdf,data-set-10-files-2,1,photo
EFTA01303839.pdf,data-set-10-files-2,1,other
EFTA01303840.pdf,data-set-10-files-2,1,photo
EFTA01303841.pdf,data-set-10-files-2,1,photo
EFTA01303842.pdf,data-set-10-files-2,1,other
EFTA01303843.pdf,data-set-10-files-2,1,photo
EFTA01303844.pdf,data-set-10-files-2,1,other
EFTA01303845.pdf,data-set-10-files-2,1,photo
EFTA01303846.pdf,data-set-10-files-2,1,photo
EFTA01303847.pdf,data-set-10-files-2,1,photo
EFTA01303848.pdf,data-set-10-files-2,1,photo
EFTA01303849.pdf,data-set-10-files-2,1,photo
EFTA01303850.pdf,data-set-10-files-2,1,photo
EFTA01303851.pdf,data-set-10-files-2,1,photo
EFTA01303852.pdf,data-set-10-files-2,1,photo
EFTA01303853.pdf,data-set-10-files-2,1,other
EFTA01303854.pdf,data-set-10-files-2,1,other
EFTA01303855.pdf,data-set-10-files-2,1,photo
EFTA01303856.pdf,data-set-10-files-2,1,other
EFTA01303857.pdf,data-set-10-files-2,1,photo
EFTA01303858.pdf,data-set-10-files-2,1,other
EFTA01303859.pdf,data-set-10-files-2,1,other
EFTA01303860.pdf,data-set-10-files-2,1,photo
EFTA01303861.pdf,data-set-10-files-2,1,photo
EFTA01303862.pdf,data-set-10-files-2,1,photo
EFTA01303863.pdf,data-set-10-files-2,1,photo
EFTA01303864.pdf,data-set-10-files-2,1,photo
EFTA01303865.pdf,data-set-10-files-2,1,photo
EFTA01303866.pdf,data-set-10-files-2,1,photo
EFTA01303867.pdf,data-set-10-files-2,1,other
EFTA01303868.pdf,data-set-10-files-2,1,photo
EFTA01303869.pdf,data-set-10-files-2,1,photo
EFTA01303870.pdf,data-set-10-files-2,1,other
EFTA01303871.pdf,data-set-10-files-2,1,other
EFTA01303872.pdf,data-set-10-files-2,1,photo
EFTA01303873.pdf,data-set-10-files-2,1,photo
EFTA01303874.pdf,data-set-10-files-2,1,other
EFTA01303875.pdf,data-set-10-files-2,1,photo
EFTA01303876.pdf,data-set-10-files-2,1,photo
EFTA01303877.pdf,data-set-10-files-2,1,other
EFTA01303878.pdf,data-set-10-files-2,1,other
EFTA01303879.pdf,data-set-10-files-2,1,other
EFTA01303880.pdf,data-set-10-files-2,1,photo
EFTA01303881.pdf,data-set-10-files-2,1,other
EFTA01303882.pdf,data-set-10-files-2,1,other
EFTA01303883.pdf,data-set-10-files-2,1,photo
EFTA01303884.pdf,data-set-10-files-2,1,photo
EFTA01303885.pdf,data-set-10-files-2,1,photo
EFTA01303886.pdf,data-set-10-files-2,1,other
EFTA01303887.pdf,data-set-10-files-2,1,photo
EFTA01303888.pdf,data-set-10-files-2,1,photo
EFTA01303889.pdf,data-set-10-files-2,1,other
EFTA01303890.pdf,data-set-10-files-2,1,other
EFTA01303891.pdf,data-set-10-files-2,1,photo
EFTA01303892.pdf,data-set-10-files-2,1,other
EFTA01303893.pdf,data-set-10-files-2,1,other
EFTA01303894.pdf,data-set-10-files-2,1,other
EFTA01303895.pdf,data-set-10-files-2,1,other
EFTA01303896.pdf,data-set-10-files-2,1,photo
EFTA01303897.pdf,data-set-10-files-2,1,other
EFTA01303898.pdf,data-set-10-files-2,1,other
EFTA01303899.pdf,data-set-10-files-2,1,other
EFTA01303900.pdf,data-set-10-files-2,1,photo
EFTA01303901.pdf,data-set-10-files-2,1,photo
EFTA01303902.pdf,data-set-10-files-2,1,other
EFTA01303903.pdf,data-set-10-files-2,1,photo
EFTA01303904.pdf,data-set-10-files-2,1,photo
EFTA01303905.pdf,data-set-10-files-2,1,photo
EFTA01303906.pdf,data-set-10-files-2,1,other
EFTA01303907.pdf,data-set-10-files-2,1,other
EFTA01303908.pdf,data-set-10-files-2,1,other
EFTA01303909.pdf,data-set-10-files-2,1,other
EFTA01303910.pdf,data-set-10-files-2,1,other
EFTA01303911.pdf,data-set-10-files-2,1,other
EFTA01303912.pdf,data-set-10-files-2,1,other
EFTA01303913.pdf,data-set-10-files-2,1,other
EFTA01303914.pdf,data-set-10-files-2,1,other
EFTA01303915.pdf,data-set-10-files-2,1,other
EFTA01303916.pdf,data-set-10-files-2,1,other
EFTA01303917.pdf,data-set-10-files-2,1,other
EFTA01303918.pdf,data-set-10-files-2,1,photo
EFTA01303919.pdf,data-set-10-files-2,1,other
EFTA01303920.pdf,data-set-10-files-2,1,other
EFTA01303921.pdf,data-set-10-files-2,1,other
EFTA01303922.pdf,data-set-10-files-2,1,other
EFTA01303923.pdf,data-set-10-files-2,1,other
EFTA01303924.pdf,data-set-10-files-2,1,other
EFTA01303925.pdf,data-set-10-files-2,1,other
EFTA01303926.pdf,data-set-10-files-2,1,photo
EFTA01303927.pdf,data-set-10-files-2,1,other
EFTA01303928.pdf,data-set-10-files-2,1,other
EFTA01303929.pdf,data-set-10-files-2,1,photo
EFTA01303930.pdf,data-set-10-files-2,1,other
EFTA01303931.pdf,data-set-10-files-2,1,other
EFTA01303932.pdf,data-set-10-files-2,1,other
EFTA01303933.pdf,data-set-10-files-2,1,photo
EFTA01303934.pdf,data-set-10-files-2,1,photo
EFTA01303935.pdf,data-set-10-files-2,1,other
EFTA01303936.pdf,data-set-10-files-2,1,photo
EFTA01303937.pdf,data-set-10-files-2,1,photo
EFTA01303938.pdf,data-set-10-files-2,1,other
EFTA01303939.pdf,data-set-10-files-2,1,photo
EFTA01303940.pdf,data-set-10-files-2,1,photo
EFTA01303941.pdf,data-set-10-files-2,1,other
EFTA01303942.pdf,data-set-10-files-2,1,other
EFTA01303943.pdf,data-set-10-files-2,1,other
EFTA01303944.pdf,data-set-10-files-2,1,photo
EFTA01303945.pdf,data-set-10-files-2,1,photo
EFTA01303946.pdf,data-set-10-files-2,1,other
EFTA01303947.pdf,data-set-10-files-2,1,other
EFTA01303948.pdf,data-set-10-files-2,1,photo
EFTA01303949.pdf,data-set-10-files-2,1,other
EFTA01303950.pdf,data-set-10-files-2,1,other
EFTA01303951.pdf,data-set-10-files-2,1,other
EFTA01303952.pdf,data-set-10-files-2,1,other
EFTA01303953.pdf,data-set-10-files-2,1,other
EFTA01303954.pdf,data-set-10-files-2,1,other
EFTA01303955.pdf,data-set-10-files-2,1,other
EFTA01303956.pdf,data-set-10-files-2,1,other
EFTA01303957.pdf,data-set-10-files-2,1,photo
EFTA01303958.pdf,data-set-10-files-2,1,photo
EFTA01303959.pdf,data-set-10-files-2,1,other
EFTA01303960.pdf,data-set-10-files-2,1,other
EFTA01303961.pdf,data-set-10-files-2,1,other
EFTA01303962.pdf,data-set-10-files-2,1,other
EFTA01303963.pdf,data-set-10-files-2,1,photo
EFTA01303964.pdf,data-set-10-files-2,1,photo
EFTA01303965.pdf,data-set-10-files-2,1,other
EFTA01303966.pdf,data-set-10-files-2,1,other
EFTA01303967.pdf,data-set-10-files-2,1,other
EFTA01303968.pdf,data-set-10-files-2,1,photo
EFTA01303969.pdf,data-set-10-files-2,1,other
EFTA01303970.pdf,data-set-10-files-2,1,photo
EFTA01303971.pdf,data-set-10-files-2,1,other
EFTA01303972.pdf,data-set-10-files-2,1,other
EFTA01303973.pdf,data-set-10-files-2,1,other
EFTA01303974.pdf,data-set-10-files-2,1,other
EFTA01303975.pdf,data-set-10-files-2,1,photo
EFTA01303976.pdf,data-set-10-files-2,1,other
EFTA01303977.pdf,data-set-10-files-2,1,photo
EFTA01303978.pdf,data-set-10-files-2,1,other
EFTA01303979.pdf,data-set-10-files-2,1,photo
EFTA01303980.pdf,data-set-10-files-2,1,other
EFTA01303981.pdf,data-set-10-files-2,1,other
EFTA01303982.pdf,data-set-10-files-2,1,photo
EFTA01303983.pdf,data-set-10-files-2,1,other
EFTA01303984.pdf,data-set-10-files-2,1,other
EFTA01303985.pdf,data-set-10-files-2,1,photo
EFTA01303986.pdf,data-set-10-files-2,1,other
EFTA01303987.pdf,data-set-10-files-2,1,other
EFTA01303988.pdf,data-set-10-files-2,1,photo
EFTA01303989.pdf,data-set-10-files-2,1,other
EFTA01303990.pdf,data-set-10-files-2,1,other
EFTA01303991.pdf,data-set-10-files-2,1,other
EFTA01303992.pdf,data-set-10-files-2,1,other
EFTA01303993.pdf,data-set-10-files-2,1,photo
EFTA01303994.pdf,data-set-10-files-2,1,other
EFTA01303995.pdf,data-set-10-files-2,1,other
EFTA01303996.pdf,data-set-10-files-2,1,other
EFTA01303997.pdf,data-set-10-files-2,1,photo
EFTA01303998.pdf,data-set-10-files-2,1,other
EFTA01303999.pdf,data-set-10-files-2,1,other
EFTA01304000.pdf,data-set-10-files-2,1,other
EFTA01304001.pdf,data-set-10-files-2,1,other
EFTA01304002.pdf,data-set-10-files-2,1,other
EFTA01304003.pdf,data-set-10-files-2,1,other
EFTA01304004.pdf,data-set-10-files-2,1,other
EFTA01304005.pdf,data-set-10-files-2,1,other
EFTA01304006.pdf,data-set-10-files-2,1,other
EFTA01304007.pdf,data-set-10-files-2,1,other
EFTA01304008.pdf,data-set-10-files-2,1,other
EFTA01304009.pdf,data-set-10-files-2,1,other
EFTA01304010.pdf,data-set-10-files-2,1,other
EFTA01304011.pdf,data-set-10-files-2,12,other
EFTA01304023.pdf,data-set-10-files-2,1,other
EFTA01304024.pdf,data-set-10-files-2,1,photo
EFTA01304025.pdf,data-set-10-files-2,1,other
EFTA01304026.pdf,data-set-10-files-2,1,other
EFTA01304027.pdf,data-set-10-files-2,1,other
EFTA01304028.pdf,data-set-10-files-2,1,photo
EFTA01304029.pdf,data-set-10-files-2,1,other
EFTA01304030.pdf,data-set-10-files-2,1,other
EFTA01304031.pdf,data-set-10-files-2,1,other
EFTA01304032.pdf,data-set-10-files-2,1,photo
EFTA01304033.pdf,data-set-10-files-2,1,other
EFTA01304034.pdf,data-set-10-files-2,1,other
EFTA01304035.pdf,data-set-10-files-2,1,other
EFTA01304036.pdf,data-set-10-files-2,1,other
EFTA01304037.pdf,data-set-10-files-2,1,photo
EFTA01304038.pdf,data-set-10-files-2,1,other
EFTA01304039.pdf,data-set-10-files-2,1,other
EFTA01304040.pdf,data-set-10-files-2,1,other
EFTA01304041.pdf,data-set-10-files-2,1,photo
EFTA01304042.pdf,data-set-10-files-2,1,other
EFTA01304043.pdf,data-set-10-files-2,1,other
EFTA01304044.pdf,data-set-10-files-2,1,photo
EFTA01304045.pdf,data-set-10-files-2,1,other
EFTA01304046.pdf,data-set-10-files-2,1,photo
EFTA01304047.pdf,data-set-10-files-2,1,other
EFTA01304048.pdf,data-set-10-files-2,1,photo
EFTA01304049.pdf,data-set-10-files-2,1,other
EFTA01304050.pdf,data-set-10-files-2,1,photo
EFTA01304051.pdf,data-set-10-files-2,1,photo
EFTA01304052.pdf,data-set-10-files-2,1,other
EFTA01304053.pdf,data-set-10-files-2,1,other
EFTA01304054.pdf,data-set-10-files-2,1,other
EFTA01304055.pdf,data-set-10-files-2,1,other
EFTA01304056.pdf,data-set-10-files-2,1,other
EFTA01304057.pdf,data-set-10-files-2,1,other
EFTA01304058.pdf,data-set-10-files-2,1,photo
EFTA01304059.pdf,data-set-10-files-2,1,other
EFTA01304060.pdf,data-set-10-files-2,1,other
EFTA01304061.pdf,data-set-10-files-2,1,other
EFTA01304062.pdf,data-set-10-files-2,1,photo
EFTA01304063.pdf,data-set-10-files-2,1,other
EFTA01304064.pdf,data-set-10-files-2,1,other
EFTA01304065.pdf,data-set-10-files-2,1,other
EFTA01304066.pdf,data-set-10-files-2,1,other
EFTA01304067.pdf,data-set-10-files-2,1,other
EFTA01304068.pdf,data-set-10-files-2,1,photo
EFTA01304069.pdf,data-set-10-files-2,1,photo
EFTA01304070.pdf,data-set-10-files-2,1,other
EFTA01304071.pdf,data-set-10-files-2,1,other
EFTA01304072.pdf,data-set-10-files-2,1,photo
EFTA01304073.pdf,data-set-10-files-2,1,photo
EFTA01304074.pdf,data-set-10-files-2,1,photo
EFTA01304075.pdf,data-set-10-files-2,1,photo
EFTA01304076.pdf,data-set-10-files-2,1,other
EFTA01304077.pdf,data-set-10-files-2,1,other
EFTA01304078.pdf,data-set-10-files-2,1,other
EFTA01304079.pdf,data-set-10-files-2,1,other
EFTA01304080.pdf,data-set-10-files-2,1,other
EFTA01304081.pdf,data-set-10-files-2,1,other
EFTA01304082.pdf,data-set-10-files-2,1,other
EFTA01304083.pdf,data-set-10-files-2,1,photo
EFTA01304084.pdf,data-set-10-files-2,1,other
EFTA01304085.pdf,data-set-10-files-2,1,photo
EFTA01304086.pdf,data-set-10-files-2,1,photo
EFTA01304087.pdf,data-set-10-files-2,1,other
EFTA01304088.pdf,data-set-10-files-2,1,photo
EFTA01304089.pdf,data-set-10-files-2,1,photo
EFTA01304090.pdf,data-set-10-files-2,1,other
EFTA01304091.pdf,data-set-10-files-2,1,other
EFTA01304092.pdf,data-set-10-files-2,1,other
EFTA01304093.pdf,data-set-10-files-2,1,other
EFTA01304094.pdf,data-set-10-files-2,1,photo
EFTA01304095.pdf,data-set-10-files-2,1,other
EFTA01304096.pdf,data-set-10-files-2,1,other
EFTA01304097.pdf,data-set-10-files-2,1,other
EFTA01304098.pdf,data-set-10-files-2,1,other
EFTA01304099.pdf,data-set-10-files-2,1,other
EFTA01304100.pdf,data-set-10-files-2,1,other
EFTA01304101.pdf,data-set-10-files-2,1,other
EFTA01304102.pdf,data-set-10-files-2,1,other
EFTA01304103.pdf,data-set-10-files-2,1,other
EFTA01304104.pdf,data-set-10-files-2,1,other
EFTA01304105.pdf,data-set-10-files-2,1,other
EFTA01304106.pdf,data-set-10-files-2,1,other
EFTA01304107.pdf,data-set-10-files-2,1,photo
EFTA01304108.pdf,data-set-10-files-2,1,photo
EFTA01304109.pdf,data-set-10-files-2,1,other
EFTA01304110.pdf,data-set-10-files-2,1,other
EFTA01304111.pdf,data-set-10-files-2,1,other
EFTA01304112.pdf,data-set-10-files-2,1,photo
EFTA01304113.pdf,data-set-10-files-2,1,photo
EFTA01304114.pdf,data-set-10-files-2,1,photo
EFTA01304115.pdf,data-set-10-files-2,1,other
EFTA01304116.pdf,data-set-10-files-2,1,other
EFTA01304117.pdf,data-set-10-files-2,1,other
EFTA01304118.pdf,data-set-10-files-2,1,other
EFTA01304119.pdf,data-set-10-files-2,1,photo
EFTA01304120.pdf,data-set-10-files-2,1,photo
EFTA01304121.pdf,data-set-10-files-2,1,other
EFTA01304122.pdf,data-set-10-files-2,1,other
EFTA01304123.pdf,data-set-10-files-2,1,other
EFTA01304124.pdf,data-set-10-files-2,1,photo
EFTA01304125.pdf,data-set-10-files-2,1,other
EFTA01304126.pdf,data-set-10-files-2,1,other
EFTA01304127.pdf,data-set-10-files-2,1,photo
EFTA01304128.pdf,data-set-10-files-2,1,other
EFTA01304129.pdf,data-set-10-files-2,1,photo
EFTA01304130.pdf,data-set-10-files-2,1,other
EFTA01304131.pdf,data-set-10-files-2,1,photo
EFTA01304132.pdf,data-set-10-files-2,1,other
EFTA01304133.pdf,data-set-10-files-2,1,other
EFTA01304134.pdf,data-set-10-files-2,1,other
EFTA01304135.pdf,data-set-10-files-2,1,photo
EFTA01304136.pdf,data-set-10-files-2,1,other
EFTA01304137.pdf,data-set-10-files-2,1,photo
EFTA01304138.pdf,data-set-10-files-2,1,other
EFTA01304139.pdf,data-set-10-files-2,1,photo
EFTA01304140.pdf,data-set-10-files-2,1,other
EFTA01304141.pdf,data-set-10-files-2,1,other
EFTA01304142.pdf,data-set-10-files-2,1,photo
EFTA01304143.pdf,data-set-10-files-2,1,other
EFTA01304144.pdf,data-set-10-files-2,1,other
EFTA01304145.pdf,data-set-10-files-2,1,photo
EFTA01304146.pdf,data-set-10-files-2,1,other
EFTA01304147.pdf,data-set-10-files-2,1,photo
EFTA01304148.pdf,data-set-10-files-2,1,photo
EFTA01304149.pdf,data-set-10-files-2,1,other
EFTA01304150.pdf,data-set-10-files-2,1,other
EFTA01304151.pdf,data-set-10-files-2,1,other
EFTA01304152.pdf,data-set-10-files-2,1,photo
EFTA01304153.pdf,data-set-10-files-2,1,photo
EFTA01304154.pdf,data-set-10-files-2,1,other
EFTA01304155.pdf,data-set-10-files-2,1,other
EFTA01304156.pdf,data-set-10-files-2,1,other
EFTA01304157.pdf,data-set-10-files-2,1,other
EFTA01304158.pdf,data-set-10-files-2,1,other
EFTA01304159.pdf,data-set-10-files-2,1,other
EFTA01304160.pdf,data-set-10-files-2,1,other
EFTA01304161.pdf,data-set-10-files-2,1,other
EFTA01304162.pdf,data-set-10-files-2,1,other
EFTA01304163.pdf,data-set-10-files-2,1,other
EFTA01304164.pdf,data-set-10-files-2,1,other
EFTA01304165.pdf,data-set-10-files-2,1,other
EFTA01304166.pdf,data-set-10-files-2,1,other
EFTA01304167.pdf,data-set-10-files-2,1,other
EFTA01304168.pdf,data-set-10-files-2,1,other
EFTA01304169.pdf,data-set-10-files-2,1,other
EFTA01304170.pdf,data-set-10-files-2,1,other
EFTA01304171.pdf,data-set-10-files-2,1,other
EFTA01304172.pdf,data-set-10-files-2,1,other
EFTA01304173.pdf,data-set-10-files-2,1,other
EFTA01304174.pdf,data-set-10-files-2,1,other
EFTA01304175.pdf,data-set-10-files-2,1,other
EFTA01304176.pdf,data-set-10-files-2,1,other
EFTA01304177.pdf,data-set-10-files-2,1,other
EFTA01304178.pdf,data-set-10-files-2,1,other
EFTA01304179.pdf,data-set-10-files-2,1,other
EFTA01304180.pdf,data-set-10-files-2,1,other
EFTA01304181.pdf,data-set-10-files-2,1,other
EFTA01304182.pdf,data-set-10-files-2,1,other
EFTA01304183.pdf,data-set-10-files-2,1,other
EFTA01304184.pdf,data-set-10-files-2,1,other
EFTA01304185.pdf,data-set-10-files-2,1,other
EFTA01304186.pdf,data-set-10-files-2,1,other
EFTA01304187.pdf,data-set-10-files-2,1,other
EFTA01304188.pdf,data-set-10-files-2,1,other
EFTA01304189.pdf,data-set-10-files-2,1,other
EFTA01304190.pdf,data-set-10-files-2,1,photo
EFTA01304191.pdf,data-set-10-files-2,1,other
EFTA01304192.pdf,data-set-10-files-2,1,other
EFTA01304193.pdf,data-set-10-files-2,1,other
EFTA01304194.pdf,data-set-10-files-2,1,photo
EFTA01304195.pdf,data-set-10-files-2,1,other
EFTA01304196.pdf,data-set-10-files-2,1,photo
EFTA01304197.pdf,data-set-10-files-2,1,other
EFTA01304198.pdf,data-set-10-files-2,1,other
EFTA01304199.pdf,data-set-10-files-2,1,other
EFTA01304200.pdf,data-set-10-files-2,1,other
EFTA01304201.pdf,data-set-10-files-2,1,other
EFTA01304202.pdf,data-set-10-files-2,1,other
EFTA01304203.pdf,data-set-10-files-2,1,other
EFTA01304204.pdf,data-set-10-files-2,1,photo
EFTA01304205.pdf,data-set-10-files-2,1,other
EFTA01304206.pdf,data-set-10-files-2,1,other
EFTA01304207.pdf,data-set-10-files-2,1,other
EFTA01304208.pdf,data-set-10-files-2,1,other
EFTA01304209.pdf,data-set-10-files-2,1,photo
EFTA01304210.pdf,data-set-10-files-2,1,other
EFTA01304211.pdf,data-set-10-files-2,1,photo
EFTA01304212.pdf,data-set-10-files-2,1,photo
EFTA01304213.pdf,data-set-10-files-2,1,photo
EFTA01304214.pdf,data-set-10-files-2,1,photo
EFTA01304215.pdf,data-set-10-files-2,1,other
EFTA01304216.pdf,data-set-10-files-2,1,other
EFTA01304217.pdf,data-set-10-files-2,1,photo
EFTA01304218.pdf,data-set-10-files-2,1,photo
EFTA01304219.pdf,data-set-10-files-2,1,other
EFTA01304220.pdf,data-set-10-files-2,1,other
EFTA01304221.pdf,data-set-10-files-2,1,other
EFTA01304222.pdf,data-set-10-files-2,1,other
EFTA01304223.pdf,data-set-10-files-2,1,other
EFTA01304224.pdf,data-set-10-files-2,1,other
EFTA01304225.pdf,data-set-10-files-2,1,other
EFTA01304226.pdf,data-set-10-files-2,1,other
EFTA01304227.pdf,data-set-10-files-2,1,other
EFTA01304228.pdf,data-set-10-files-2,1,photo
EFTA01304229.pdf,data-set-10-files-2,1,photo
EFTA01304230.pdf,data-set-10-files-2,1,other
EFTA01304231.pdf,data-set-10-files-2,1,other
EFTA01304232.pdf,data-set-10-files-2,1,other
EFTA01304233.pdf,data-set-10-files-2,1,other
EFTA01304234.pdf,data-set-10-files-2,1,other
EFTA01304235.pdf,data-set-10-files-2,1,photo
EFTA01304236.pdf,data-set-10-files-2,1,photo
EFTA01304237.pdf,data-set-10-files-2,1,photo
EFTA01304238.pdf,data-set-10-files-2,1,photo
EFTA01304239.pdf,data-set-10-files-2,1,photo
EFTA01304240.pdf,data-set-10-files-2,1,other
EFTA01304241.pdf,data-set-10-files-2,1,photo
EFTA01304242.pdf,data-set-10-files-2,1,photo
EFTA01304243.pdf,data-set-10-files-2,1,other
EFTA01304244.pdf,data-set-10-files-2,1,other
EFTA01304245.pdf,data-set-10-files-2,1,other
EFTA01304246.pdf,data-set-10-files-2,1,other
EFTA01304247.pdf,data-set-10-files-2,1,other
EFTA01304248.pdf,data-set-10-files-2,1,other
EFTA01304249.pdf,data-set-10-files-2,1,other
EFTA01304250.pdf,data-set-10-files-2,1,other
EFTA01304251.pdf,data-set-10-files-2,1,other
EFTA01304252.pdf,data-set-10-files-2,1,other
EFTA01304253.pdf,data-set-10-files-2,1,other
EFTA01304254.pdf,data-set-10-files-2,1,other
EFTA01304255.pdf,data-set-10-files-2,1,other
EFTA01304256.pdf,data-set-10-files-2,1,photo
EFTA01304257.pdf,data-set-10-files-2,1,photo
EFTA01304258.pdf,data-set-10-files-2,1,other
EFTA01304259.pdf,data-set-10-files-2,1,other
EFTA01304260.pdf,data-set-10-files-2,1,other
EFTA01304261.pdf,data-set-10-files-2,1,other
EFTA01304262.pdf,data-set-10-files-2,1,other
EFTA01304263.pdf,data-set-10-files-2,10,other
EFTA01304273.pdf,data-set-10-files-2,10,other
EFTA01304283.pdf,data-set-10-files-2,2,other
EFTA01304285.pdf,data-set-10-files-2,13,other
EFTA01304298.pdf,data-set-10-files-2,14,other
EFTA01304312.pdf,data-set-10-files-2,2,other
EFTA01304314.pdf,data-set-10-files-2,2,other
EFTA01304316.pdf,data-set-10-files-2,2,other
EFTA01304318.pdf,data-set-10-files-2,2,other
EFTA01304320.pdf,data-set-10-files-2,1,other
EFTA01304321.pdf,data-set-10-files-2,2,other
EFTA01304323.pdf,data-set-10-files-2,2,other
EFTA01304325.pdf,data-set-10-files-2,30,email
EFTA01304355.pdf,data-set-10-files-2,1,other
EFTA01304356.pdf,data-set-10-files-2,3,other
EFTA01304359.pdf,data-set-10-files-2,1,other
EFTA01304360.pdf,data-set-10-files-2,2,other
EFTA01304362.pdf,data-set-10-files-2,2,other
EFTA01304364.pdf,data-set-10-files-2,2,other
EFTA01304366.pdf,data-set-10-files-2,4,other
EFTA01304370.pdf,data-set-10-files-2,1,other
EFTA01304371.pdf,data-set-10-files-2,3,other
EFTA01304374.pdf,data-set-10-files-2,2,other
EFTA01304376.pdf,data-set-10-files-2,2,other
EFTA01304378.pdf,data-set-10-files-2,1,other
EFTA01304379.pdf,data-set-10-files-2,1,other
EFTA01304380.pdf,data-set-10-files-2,2,other
EFTA01304382.pdf,data-set-10-files-2,1,photo
EFTA01304383.pdf,data-set-10-files-2,1,other
EFTA01304384.pdf,data-set-10-files-2,4,other
EFTA01304388.pdf,data-set-10-files-2,1,other
EFTA01304389.pdf,data-set-10-files-2,1,other
EFTA01304390.pdf,data-set-10-files-2,1,other
EFTA01304391.pdf,data-set-10-files-2,1,other
EFTA01304392.pdf,data-set-10-files-2,1,other
EFTA01304393.pdf,data-set-10-files-2,1,other
EFTA01304394.pdf,data-set-10-files-2,1,other
EFTA01304395.pdf,data-set-10-files-2,1,other
EFTA01304396.pdf,data-set-10-files-2,1,other
EFTA01304397.pdf,data-set-10-files-2,1,other
EFTA01304398.pdf,data-set-10-files-2,1,other
EFTA01304399.pdf,data-set-10-files-2,2,other
EFTA01304401.pdf,data-set-10-files-2,1,other
EFTA01304402.pdf,data-set-10-files-2,1,other
EFTA01304403.pdf,data-set-10-files-2,1,other
EFTA01304404.pdf,data-set-10-files-2,1,other
EFTA01304405.pdf,data-set-10-files-2,1,other
EFTA01304406.pdf,data-set-10-files-2,1,other
EFTA01304407.pdf,data-set-10-files-2,1,other
EFTA01304408.pdf,data-set-10-files-2,1,other
EFTA01304409.pdf,data-set-10-files-2,1,other
EFTA01304410.pdf,data-set-10-files-2,1,other
EFTA01304411.pdf,data-set-10-files-2,5,other
EFTA01304416.pdf,data-set-10-files-2,1,other
EFTA01304417.pdf,data-set-10-files-2,1,other
EFTA01304418.pdf,data-set-10-files-2,1,other
EFTA01304419.pdf,data-set-10-files-2,2,other
EFTA01304421.pdf,data-set-10-files-2,13,other
EFTA01304434.pdf,data-set-10-files-2,1,other
EFTA01304435.pdf,data-set-10-files-2,1,other
EFTA01304436.pdf,data-set-10-files-2,1,other
EFTA01304437.pdf,data-set-10-files-2,1,other
EFTA01304438.pdf,data-set-10-files-2,2,other
EFTA01304440.pdf,data-set-10-files-2,1,other
EFTA01304441.pdf,data-set-10-files-2,1,other
EFTA01304442.pdf,data-set-10-files-2,1,other
EFTA01304443.pdf,data-set-10-files-2,1,other
EFTA01304444.pdf,data-set-10-files-2,1,other
EFTA01304445.pdf,data-set-10-files-2,1,other
EFTA01304446.pdf,data-set-10-files-2,1,other
EFTA01304447.pdf,data-set-10-files-2,1,other
EFTA01304448.pdf,data-set-10-files-2,1,other
EFTA01304449.pdf,data-set-10-files-2,1,other
EFTA01304450.pdf,data-set-10-files-2,1,other
EFTA01304451.pdf,data-set-10-files-2,1,other
EFTA01304452.pdf,data-set-10-files-2,1,other
EFTA01304453.pdf,data-set-10-files-2,4,other
EFTA01304457.pdf,data-set-10-files-2,1,other
EFTA01304458.pdf,data-set-10-files-2,1,photo
EFTA01304459.pdf,data-set-10-files-2,1,other
EFTA01304460.pdf,data-set-10-files-2,1,other
EFTA01304461.pdf,data-set-10-files-2,1,other
EFTA01304462.pdf,data-set-10-files-2,2,other
EFTA01304464.pdf,data-set-10-files-2,2,other
EFTA01304466.pdf,data-set-10-files-2,1,other
EFTA01304467.pdf,data-set-10-files-2,1,other
EFTA01304468.pdf,data-set-10-files-2,1,other
EFTA01304469.pdf,data-set-10-files-2,16,other
EFTA01304485.pdf,data-set-10-files-2,2,other
EFTA01304487.pdf,data-set-10-files-2,1,other
EFTA01304488.pdf,data-set-10-files-2,2,other
EFTA01304490.pdf,data-set-10-files-2,38,other
EFTA01304528.pdf,data-set-10-files-2,4,other
EFTA01304532.pdf,data-set-10-files-2,1,other
EFTA01304533.pdf,data-set-10-files-2,24,other
EFTA01304557.pdf,data-set-10-files-2,4,other
EFTA01304561.pdf,data-set-10-files-2,46,email
EFTA01304607.pdf,data-set-10-files-2,36,other
EFTA01304643.pdf,data-set-10-files-2,6,other
EFTA01304649.pdf,data-set-10-files-2,2,other
EFTA01304651.pdf,data-set-10-files-2,3,other
EFTA01304654.pdf,data-set-10-files-2,2,other
EFTA01304656.pdf,data-set-10-files-2,3,other
EFTA01304659.pdf,data-set-10-files-2,53,other
EFTA01304712.pdf,data-set-10-files-2,48,other
EFTA01304760.pdf,data-set-10-files-2,51,other
EFTA01304811.pdf,data-set-10-files-2,6,other
EFTA01304817.pdf,data-set-10-files-2,48,other
EFTA01304865.pdf,data-set-10-files-2,51,other
EFTA01304916.pdf,data-set-10-files-2,11,other
EFTA01304927.pdf,data-set-10-files-2,24,other
EFTA01304951.pdf,data-set-10-files-2,29,other
EFTA01304980.pdf,data-set-10-files-2,7,other
EFTA01304987.pdf,data-set-10-files-2,1,other
EFTA01304988.pdf,data-set-10-files-2,109,other
EFTA01305097.pdf,data-set-10-files-2,1,other
EFTA01305098.pdf,data-set-10-files-2,1,other
EFTA01305099.pdf,data-set-10-files-2,3,other
EFTA01305102.pdf,data-set-10-files-2,2,other
EFTA01305104.pdf,data-set-10-files-2,1,other
EFTA01305105.pdf,data-set-10-files-2,1,other
EFTA01305106.pdf,data-set-10-files-2,1,other
EFTA01305107.pdf,data-set-10-files-2,1,other
EFTA01305108.pdf,data-set-10-files-2,7,other
EFTA01305115.pdf,data-set-10-files-2,2,other
EFTA01305117.pdf,data-set-10-files-2,1,other
EFTA01305118.pdf,data-set-10-files-2,4,other
EFTA01305122.pdf,data-set-10-files-2,1,other
EFTA01305123.pdf,data-set-10-files-2,22,other
EFTA01305145.pdf,data-set-10-files-2,3,other
EFTA01305148.pdf,data-set-10-files-2,5,other
EFTA01305153.pdf,data-set-10-files-2,1,other
EFTA01305154.pdf,data-set-10-files-2,17,email
EFTA01305171.pdf,data-set-10-files-2,1,other
EFTA01305172.pdf,data-set-10-files-2,1,other
EFTA01305173.pdf,data-set-10-files-2,4,other
EFTA01305177.pdf,data-set-10-files-2,33,other
EFTA01305210.pdf,data-set-10-files-2,42,other
EFTA01305252.pdf,data-set-10-files-2,418,email
EFTA01305670.pdf,data-set-10-files-2,44,other
EFTA01305714.pdf,data-set-10-files-2,32,email
EFTA01305746.pdf,data-set-10-files-2,41,email
EFTA01305787.pdf,data-set-10-files-2,7,other
EFTA01305794.pdf,data-set-10-files-2,6,other
EFTA01305800.pdf,data-set-10-files-2,1,other
EFTA01305801.pdf,data-set-10-files-2,14,email
EFTA01305815.pdf,data-set-10-files-2,12,email
EFTA01305827.pdf,data-set-10-files-2,14,email
EFTA01305841.pdf,data-set-10-files-2,12,email
EFTA01305853.pdf,data-set-10-files-2,10,email
EFTA01305863.pdf,data-set-10-files-2,12,email
EFTA01305875.pdf,data-set-10-files-2,14,email
EFTA01305889.pdf,data-set-10-files-2,14,email
EFTA01305903.pdf,data-set-10-files-2,54,other
EFTA01305957.pdf,data-set-10-files-2,98,other
EFTA01306055.pdf,data-set-10-files-2,1,photo
EFTA01306056.pdf,data-set-10-files-2,1,photo
EFTA01306057.pdf,data-set-10-files-2,1,other
EFTA01306058.pdf,data-set-10-files-2,1,other
EFTA01306059.pdf,data-set-10-files-2,1,other
EFTA01306060.pdf,data-set-10-files-2,1,other
EFTA01306061.pdf,data-set-10-files-2,1,photo
EFTA01306062.pdf,data-set-10-files-2,1,photo
EFTA01306063.pdf,data-set-10-files-2,1,other
EFTA01306064.pdf,data-set-10-files-2,1,photo
EFTA01306065.pdf,data-set-10-files-2,1,photo
EFTA01306066.pdf,data-set-10-files-2,1,photo
EFTA01306067.pdf,data-set-10-files-2,1,other
EFTA01306068.pdf,data-set-10-files-2,1,photo
EFTA01306069.pdf,data-set-10-files-2,1,photo
EFTA01306070.pdf,data-set-10-files-2,1,photo
EFTA01306071.pdf,data-set-10-files-2,1,photo
EFTA01306072.pdf,data-set-10-files-2,1,other
EFTA01306073.pdf,data-set-10-files-2,1,other
EFTA01306074.pdf,data-set-10-files-2,1,photo
EFTA01306075.pdf,data-set-10-files-2,1,photo
EFTA01306076.pdf,data-set-10-files-2,1,photo
EFTA01306077.pdf,data-set-10-files-2,1,other
EFTA01306078.pdf,data-set-10-files-2,1,other
EFTA01306079.pdf,data-set-10-files-2,1,other
EFTA01306080.pdf,data-set-10-files-2,1,photo
EFTA01306081.pdf,data-set-10-files-2,1,other
EFTA01306082.pdf,data-set-10-files-2,1,photo
EFTA01306083.pdf,data-set-10-files-2,1,other
EFTA01306084.pdf,data-set-10-files-2,1,other
EFTA01306085.pdf,data-set-10-files-2,1,other
EFTA01306086.pdf,data-set-10-files-2,1,photo
EFTA01306087.pdf,data-set-10-files-2,1,other
EFTA01306088.pdf,data-set-10-files-2,1,photo
EFTA01306089.pdf,data-set-10-files-2,1,other
EFTA01306090.pdf,data-set-10-files-2,1,other
EFTA01306091.pdf,data-set-10-files-2,1,photo
EFTA01306092.pdf,data-set-10-files-2,1,other
EFTA01306093.pdf,data-set-10-files-2,1,photo
EFTA01306094.pdf,data-set-10-files-2,1,photo
EFTA01306095.pdf,data-set-10-files-2,1,other
EFTA01306096.pdf,data-set-10-files-2,1,photo
EFTA01306097.pdf,data-set-10-files-2,1,photo
EFTA01306098.pdf,data-set-10-files-2,1,photo
EFTA01306099.pdf,data-set-10-files-2,1,photo
EFTA01306100.pdf,data-set-10-files-2,1,photo
EFTA01306101.pdf,data-set-10-files-2,1,other
EFTA01306102.pdf,data-set-10-files-2,1,other
EFTA01306103.pdf,data-set-10-files-2,1,photo
EFTA01306104.pdf,data-set-10-files-2,1,photo
EFTA01306105.pdf,data-set-10-files-2,1,photo
EFTA01306106.pdf,data-set-10-files-2,1,other
EFTA01306107.pdf,data-set-10-files-2,1,other
EFTA01306108.pdf,data-set-10-files-2,1,photo
EFTA01306109.pdf,data-set-10-files-2,1,other
EFTA01306110.pdf,data-set-10-files-2,1,photo
EFTA01306111.pdf,data-set-10-files-2,1,photo
EFTA01306112.pdf,data-set-10-files-2,1,photo
EFTA01306113.pdf,data-set-10-files-2,1,other
EFTA01306114.pdf,data-set-10-files-2,1,other
EFTA01306115.pdf,data-set-10-files-2,1,other
EFTA01306116.pdf,data-set-10-files-2,1,photo
EFTA01306117.pdf,data-set-10-files-2,1,photo
EFTA01306118.pdf,data-set-10-files-2,1,other
EFTA01306119.pdf,data-set-10-files-2,1,photo
EFTA01306120.pdf,data-set-10-files-2,1,photo
EFTA01306121.pdf,data-set-10-files-2,1,photo
EFTA01306122.pdf,data-set-10-files-2,1,other
EFTA01306123.pdf,data-set-10-files-2,1,photo
EFTA01306124.pdf,data-set-10-files-2,1,other
EFTA01306125.pdf,data-set-10-files-2,1,photo
EFTA01306126.pdf,data-set-10-files-2,1,photo
EFTA01306127.pdf,data-set-10-files-2,1,other
EFTA01306128.pdf,data-set-10-files-2,1,other
EFTA01306129.pdf,data-set-10-files-2,1,other
EFTA01306130.pdf,data-set-10-files-2,1,photo
EFTA01306131.pdf,data-set-10-files-2,1,other
EFTA01306132.pdf,data-set-10-files-2,1,photo
EFTA01306133.pdf,data-set-10-files-2,1,other
EFTA01306134.pdf,data-set-10-files-2,1,other
EFTA01306135.pdf,data-set-10-files-2,1,other
EFTA01306136.pdf,data-set-10-files-2,1,photo
EFTA01306137.pdf,data-set-10-files-2,1,other
EFTA01306138.pdf,data-set-10-files-2,1,other
EFTA01306139.pdf,data-set-10-files-2,1,other
EFTA01306140.pdf,data-set-10-files-2,1,other
EFTA01306141.pdf,data-set-10-files-2,1,other
EFTA01306142.pdf,data-set-10-files-2,1,other
EFTA01306143.pdf,data-set-10-files-2,1,photo
EFTA01306144.pdf,data-set-10-files-2,1,photo
EFTA01306145.pdf,data-set-10-files-2,1,other
EFTA01306146.pdf,data-set-10-files-2,1,other
EFTA01306147.pdf,data-set-10-files-2,1,photo
EFTA01306148.pdf,data-set-10-files-2,1,photo
EFTA01306149.pdf,data-set-10-files-2,1,other
EFTA01306150.pdf,data-set-10-files-2,1,photo
EFTA01306151.pdf,data-set-10-files-2,1,photo
EFTA01306152.pdf,data-set-10-files-2,1,photo
EFTA01306153.pdf,data-set-10-files-2,1,photo
EFTA01306154.pdf,data-set-10-files-2,1,photo
EFTA01306155.pdf,data-set-10-files-2,1,photo
EFTA01306156.pdf,data-set-10-files-2,1,photo
EFTA01306157.pdf,data-set-10-files-2,1,photo
EFTA01306158.pdf,data-set-10-files-2,1,other
EFTA01306159.pdf,data-set-10-files-2,1,other
EFTA01306160.pdf,data-set-10-files-2,1,other
EFTA01306161.pdf,data-set-10-files-2,1,other
EFTA01306162.pdf,data-set-10-files-2,1,other
EFTA01306163.pdf,data-set-10-files-2,1,other
EFTA01306164.pdf,data-set-10-files-2,1,photo
EFTA01306165.pdf,data-set-10-files-2,1,other
EFTA01306166.pdf,data-set-10-files-2,1,other
EFTA01306167.pdf,data-set-10-files-2,1,other
EFTA01306168.pdf,data-set-10-files-2,1,photo
EFTA01306169.pdf,data-set-10-files-2,1,other
EFTA01306170.pdf,data-set-10-files-2,1,other
EFTA01306171.pdf,data-set-10-files-2,1,photo
EFTA01306172.pdf,data-set-10-files-2,1,other
EFTA01306173.pdf,data-set-10-files-2,1,photo
EFTA01306174.pdf,data-set-10-files-2,1,other
EFTA01306175.pdf,data-set-10-files-2,1,other
EFTA01306176.pdf,data-set-10-files-2,1,photo
EFTA01306177.pdf,data-set-10-files-2,1,photo
EFTA01306178.pdf,data-set-10-files-2,1,other
EFTA01306179.pdf,data-set-10-files-2,1,photo
EFTA01306180.pdf,data-set-10-files-2,1,other
EFTA01306181.pdf,data-set-10-files-2,1,photo
EFTA01306182.pdf,data-set-10-files-2,1,other
EFTA01306183.pdf,data-set-10-files-2,1,other
EFTA01306184.pdf,data-set-10-files-2,1,other
EFTA01306185.pdf,data-set-10-files-2,1,other
EFTA01306186.pdf,data-set-10-files-2,1,other
EFTA01306187.pdf,data-set-10-files-2,1,other
EFTA01306188.pdf,data-set-10-files-2,1,photo
EFTA01306189.pdf,data-set-10-files-2,1,other
EFTA01306190.pdf,data-set-10-files-2,1,other
EFTA01306191.pdf,data-set-10-files-2,1,other
EFTA01306192.pdf,data-set-10-files-2,1,photo
EFTA01306193.pdf,data-set-10-files-2,1,photo
EFTA01306194.pdf,data-set-10-files-2,1,other
EFTA01306195.pdf,data-set-10-files-2,1,photo
EFTA01306196.pdf,data-set-10-files-2,1,photo
EFTA01306197.pdf,data-set-10-files-2,1,photo
EFTA01306198.pdf,data-set-10-files-2,1,other
EFTA01306199.pdf,data-set-10-files-2,1,other
EFTA01306200.pdf,data-set-10-files-2,1,other
EFTA01306201.pdf,data-set-10-files-2,1,other
EFTA01306202.pdf,data-set-10-files-2,1,photo
EFTA01306203.pdf,data-set-10-files-2,1,other
EFTA01306204.pdf,data-set-10-files-2,1,photo
EFTA01306205.pdf,data-set-10-files-2,1,other
EFTA01306206.pdf,data-set-10-files-2,1,other
EFTA01306207.pdf,data-set-10-files-2,1,other
EFTA01306208.pdf,data-set-10-files-2,1,other
EFTA01306209.pdf,data-set-10-files-2,1,photo
EFTA01306210.pdf,data-set-10-files-2,1,other
EFTA01306211.pdf,data-set-10-files-2,1,other
EFTA01306212.pdf,data-set-10-files-2,1,other
EFTA01306213.pdf,data-set-10-files-2,1,other
EFTA01306214.pdf,data-set-10-files-2,1,other
EFTA01306215.pdf,data-set-10-files-2,1,photo
EFTA01306216.pdf,data-set-10-files-2,1,other
EFTA01306217.pdf,data-set-10-files-2,1,other
EFTA01306218.pdf,data-set-10-files-2,1,other
EFTA01306219.pdf,data-set-10-files-2,1,photo
EFTA01306220.pdf,data-set-10-files-2,1,other
EFTA01306221.pdf,data-set-10-files-2,1,other
EFTA01306222.pdf,data-set-10-files-2,1,photo
EFTA01306223.pdf,data-set-10-files-2,1,other
EFTA01306224.pdf,data-set-10-files-2,1,other
EFTA01306225.pdf,data-set-10-files-2,1,other
EFTA01306226.pdf,data-set-10-files-2,1,other
EFTA01306227.pdf,data-set-10-files-2,1,other
EFTA01306228.pdf,data-set-10-files-2,1,other
EFTA01306229.pdf,data-set-10-files-2,1,other
EFTA01306230.pdf,data-set-10-files-2,1,photo
EFTA01306231.pdf,data-set-10-files-2,1,other
EFTA01306232.pdf,data-set-10-files-2,1,other
EFTA01306233.pdf,data-set-10-files-2,1,other
EFTA01306234.pdf,data-set-10-files-2,1,other
EFTA01306235.pdf,data-set-10-files-2,1,other
EFTA01306236.pdf,data-set-10-files-2,1,photo
EFTA01306237.pdf,data-set-10-files-2,1,other
EFTA01306238.pdf,data-set-10-files-2,1,photo
EFTA01306239.pdf,data-set-10-files-2,1,other
EFTA01306240.pdf,data-set-10-files-2,1,photo
EFTA01306241.pdf,data-set-10-files-2,1,other
EFTA01306242.pdf,data-set-10-files-2,1,other
EFTA01306243.pdf,data-set-10-files-2,1,other
EFTA01306244.pdf,data-set-10-files-2,1,other
EFTA01306245.pdf,data-set-10-files-2,1,other
EFTA01306246.pdf,data-set-10-files-2,1,photo
EFTA01306247.pdf,data-set-10-files-2,1,other
EFTA01306248.pdf,data-set-10-files-2,1,other
EFTA01306249.pdf,data-set-10-files-2,1,other
EFTA01306250.pdf,data-set-10-files-2,1,other
EFTA01306251.pdf,data-set-10-files-2,1,photo
EFTA01306252.pdf,data-set-10-files-2,1,other
EFTA01306253.pdf,data-set-10-files-2,1,other
EFTA01306254.pdf,data-set-10-files-2,1,other
EFTA01306255.pdf,data-set-10-files-2,1,photo
EFTA01306256.pdf,data-set-10-files-2,1,photo
EFTA01306257.pdf,data-set-10-files-2,1,other
EFTA01306258.pdf,data-set-10-files-2,1,photo
EFTA01306259.pdf,data-set-10-files-2,1,photo
EFTA01306260.pdf,data-set-10-files-2,1,other
EFTA01306261.pdf,data-set-10-files-2,1,other
EFTA01306262.pdf,data-set-10-files-2,1,photo
EFTA01306263.pdf,data-set-10-files-2,1,photo
EFTA01306264.pdf,data-set-10-files-2,1,other
EFTA01306265.pdf,data-set-10-files-2,1,other
EFTA01306266.pdf,data-set-10-files-2,1,photo
EFTA01306267.pdf,data-set-10-files-2,1,other
EFTA01306268.pdf,data-set-10-files-2,1,other
EFTA01306269.pdf,data-set-10-files-2,1,other
EFTA01306270.pdf,data-set-10-files-2,1,other
EFTA01306271.pdf,data-set-10-files-2,1,photo
EFTA01306272.pdf,data-set-10-files-2,1,other
EFTA01306273.pdf,data-set-10-files-2,1,other
EFTA01306274.pdf,data-set-10-files-2,1,other
EFTA01306275.pdf,data-set-10-files-2,1,photo
EFTA01306276.pdf,data-set-10-files-2,1,photo
EFTA01306277.pdf,data-set-10-files-2,1,other
EFTA01306278.pdf,data-set-10-files-2,1,other
EFTA01306279.pdf,data-set-10-files-2,1,other
EFTA01306280.pdf,data-set-10-files-2,1,other
EFTA01306281.pdf,data-set-10-files-2,1,photo
EFTA01306282.pdf,data-set-10-files-2,1,photo
EFTA01306283.pdf,data-set-10-files-2,1,photo
EFTA01306284.pdf,data-set-10-files-2,1,photo
EFTA01306285.pdf,data-set-10-files-2,1,photo
EFTA01306286.pdf,data-set-10-files-2,1,other
EFTA01306287.pdf,data-set-10-files-2,1,other
EFTA01306288.pdf,data-set-10-files-2,1,other
EFTA01306289.pdf,data-set-10-files-2,1,other
EFTA01306290.pdf,data-set-10-files-2,1,photo
EFTA01306291.pdf,data-set-10-files-2,1,photo
EFTA01306292.pdf,data-set-10-files-2,1,other
EFTA01306293.pdf,data-set-10-files-2,1,other
EFTA01306294.pdf,data-set-10-files-2,1,other
EFTA01306295.pdf,data-set-10-files-2,1,photo
EFTA01306296.pdf,data-set-10-files-2,1,other
EFTA01306297.pdf,data-set-10-files-2,1,other
EFTA01306298.pdf,data-set-10-files-2,1,photo
EFTA01306299.pdf,data-set-10-files-2,1,other
EFTA01306300.pdf,data-set-10-files-2,1,photo
EFTA01306301.pdf,data-set-10-files-2,1,other
EFTA01306302.pdf,data-set-10-files-2,1,other
EFTA01306303.pdf,data-set-10-files-2,1,photo
EFTA01306304.pdf,data-set-10-files-2,1,other
EFTA01306305.pdf,data-set-10-files-2,1,photo
EFTA01306306.pdf,data-set-10-files-2,1,photo
EFTA01306307.pdf,data-set-10-files-2,1,other
EFTA01306308.pdf,data-set-10-files-2,1,photo
EFTA01306309.pdf,data-set-10-files-2,1,photo
EFTA01306310.pdf,data-set-10-files-2,1,photo
EFTA01306311.pdf,data-set-10-files-2,1,photo
EFTA01306312.pdf,data-set-10-files-2,1,other
EFTA01306313.pdf,data-set-10-files-2,1,photo
EFTA01306314.pdf,data-set-10-files-2,1,other
EFTA01306315.pdf,data-set-10-files-2,1,other
EFTA01306316.pdf,data-set-10-files-2,1,photo
EFTA01306317.pdf,data-set-10-files-2,1,photo
EFTA01306318.pdf,data-set-10-files-2,1,other
EFTA01306319.pdf,data-set-10-files-2,1,other
EFTA01306320.pdf,data-set-10-files-2,1,other
EFTA01306321.pdf,data-set-10-files-2,1,other
EFTA01306322.pdf,data-set-10-files-2,1,other
EFTA01306323.pdf,data-set-10-files-2,1,photo
EFTA01306324.pdf,data-set-10-files-2,1,photo
EFTA01306325.pdf,data-set-10-files-2,1,photo
EFTA01306326.pdf,data-set-10-files-2,1,other
EFTA01306327.pdf,data-set-10-files-2,1,other
EFTA01306328.pdf,data-set-10-files-2,1,other
EFTA01306329.pdf,data-set-10-files-2,1,other
EFTA01306330.pdf,data-set-10-files-2,1,other
EFTA01306331.pdf,data-set-10-files-2,1,photo
EFTA01306332.pdf,data-set-10-files-2,1,other
EFTA01306333.pdf,data-set-10-files-2,1,other
EFTA01306334.pdf,data-set-10-files-2,1,photo
EFTA01306335.pdf,data-set-10-files-2,1,photo
EFTA01306336.pdf,data-set-10-files-2,1,photo
EFTA01306337.pdf,data-set-10-files-2,1,other
EFTA01306338.pdf,data-set-10-files-2,1,other
EFTA01306339.pdf,data-set-10-files-2,1,other
EFTA01306340.pdf,data-set-10-files-2,1,photo
EFTA01306341.pdf,data-set-10-files-2,1,photo
EFTA01306342.pdf,data-set-10-files-2,1,photo
EFTA01306343.pdf,data-set-10-files-2,1,photo
EFTA01306344.pdf,data-set-10-files-2,1,other
EFTA01306345.pdf,data-set-10-files-2,1,other
EFTA01306346.pdf,data-set-10-files-2,1,photo
EFTA01306347.pdf,data-set-10-files-2,40,other
EFTA01306387.pdf,data-set-10-files-2,11,other
EFTA01306398.pdf,data-set-10-files-2,1,other
EFTA01306399.pdf,data-set-10-files-2,3,other
EFTA01306402.pdf,data-set-10-files-2,4,other
EFTA01306406.pdf,data-set-10-files-2,98,other
EFTA01306504.pdf,data-set-10-files-2,19,other
EFTA01306523.pdf,data-set-10-files-2,1,other
EFTA01306524.pdf,data-set-10-files-2,4,other
EFTA01306528.pdf,data-set-10-files-2,10,other
EFTA01306538.pdf,data-set-10-files-2,5,other
EFTA01306543.pdf,data-set-10-files-2,3,other
EFTA01306546.pdf,data-set-10-files-2,14,other
EFTA01306560.pdf,data-set-10-files-2,8,other
EFTA01306568.pdf,data-set-10-files-2,18,other
EFTA01306586.pdf,data-set-10-files-2,98,other
EFTA01306684.pdf,data-set-10-files-2,98,other
EFTA01306782.pdf,data-set-10-files-2,96,other
EFTA01306878.pdf,data-set-10-files-2,96,other
EFTA01306974.pdf,data-set-10-files-2,6,other
EFTA01306980.pdf,data-set-10-files-2,104,other
EFTA01307084.pdf,data-set-10-files-2,100,other
EFTA01307184.pdf,data-set-10-files-2,98,other
EFTA01307282.pdf,data-set-10-files-2,90,other
EFTA01307372.pdf,data-set-10-files-2,96,other
EFTA01307468.pdf,data-set-10-files-2,96,other
EFTA01307564.pdf,data-set-10-files-2,112,other
EFTA01307676.pdf,data-set-10-files-2,27,other
EFTA01307703.pdf,data-set-10-files-2,1,other
EFTA01307704.pdf,data-set-10-files-2,1,other
EFTA01307705.pdf,data-set-10-files-2,1,email
EFTA01307706.pdf,data-set-10-files-2,1,other
EFTA01307707.pdf,data-set-10-files-2,1,email
EFTA01307708.pdf,data-set-10-files-2,2,other
EFTA01307710.pdf,data-set-10-files-2,1,other
EFTA01307711.pdf,data-set-10-files-2,1,other
EFTA01307712.pdf,data-set-10-files-2,6,other
EFTA01307718.pdf,data-set-10-files-2,4,other
EFTA01307722.pdf,data-set-10-files-2,2,other
EFTA01307724.pdf,data-set-10-files-2,2,other
EFTA01307726.pdf,data-set-10-files-2,1,other
EFTA01307727.pdf,data-set-10-files-2,3,other
EFTA01307730.pdf,data-set-10-files-2,2,other
EFTA01307732.pdf,data-set-10-files-2,1,other
EFTA01307733.pdf,data-set-10-files-2,3,other
EFTA01307736.pdf,data-set-10-files-2,3,other
EFTA01307739.pdf,data-set-10-files-2,4,other
EFTA01307743.pdf,data-set-10-files-2,1,other
EFTA01307744.pdf,data-set-10-files-2,2,other
EFTA01307746.pdf,data-set-10-files-2,1,other
EFTA01307747.pdf,data-set-10-files-2,1,other
EFTA01307748.pdf,data-set-10-files-2,2,other
EFTA01307750.pdf,data-set-10-files-2,2,other
EFTA01307752.pdf,data-set-10-files-2,1,other
EFTA01307753.pdf,data-set-10-files-2,17,email
EFTA01307770.pdf,data-set-10-files-2,3,email
EFTA01307773.pdf,data-set-10-files-2,22,other
EFTA01307795.pdf,data-set-10-files-2,4,other
EFTA01307799.pdf,data-set-10-files-2,1,other
EFTA01307800.pdf,data-set-10-files-2,1,other
EFTA01307801.pdf,data-set-10-files-2,1,other
EFTA01307802.pdf,data-set-10-files-2,1,other
EFTA01307803.pdf,data-set-10-files-2,1,other
EFTA01307804.pdf,data-set-10-files-2,1,photo
EFTA01307805.pdf,data-set-10-files-2,1,photo
EFTA01307806.pdf,data-set-10-files-2,1,photo
EFTA01307807.pdf,data-set-10-files-2,1,photo
EFTA01307808.pdf,data-set-10-files-2,1,other
EFTA01307809.pdf,data-set-10-files-2,24,other
EFTA01307833.pdf,data-set-10-files-2,5,email
EFTA01307838.pdf,data-set-10-files-2,4,email
EFTA01307842.pdf,data-set-10-files-2,19,other
EFTA01307861.pdf,data-set-10-files-2,70,other
EFTA01307931.pdf,data-set-10-files-2,32,other
EFTA01307963.pdf,data-set-10-files-2,1,other
EFTA01307964.pdf,data-set-10-files-2,1,other
EFTA01307965.pdf,data-set-10-files-2,1,other
EFTA01307966.pdf,data-set-10-files-2,1,other
EFTA01307967.pdf,data-set-10-files-2,1,other
EFTA01307968.pdf,data-set-10-files-2,1,other
EFTA01307969.pdf,data-set-10-files-2,1,other
EFTA01307970.pdf,data-set-10-files-2,1,other
EFTA01307971.pdf,data-set-10-files-2,1,other
EFTA01307972.pdf,data-set-10-files-2,1,other
EFTA01307973.pdf,data-set-10-files-2,1,other
EFTA01307974.pdf,data-set-10-files-2,1,other
EFTA01307975.pdf,data-set-10-files-2,1,photo
EFTA01307976.pdf,data-set-10-files-2,1,other
EFTA01307977.pdf,data-set-10-files-2,1,other
EFTA01307978.pdf,data-set-10-files-2,1,other
EFTA01307979.pdf,data-set-10-files-2,1,other
EFTA01307980.pdf,data-set-10-files-2,1,other
EFTA01307981.pdf,data-set-10-files-2,1,other
EFTA01307982.pdf,data-set-10-files-2,1,other
EFTA01307983.pdf,data-set-10-files-2,1,other
EFTA01307984.pdf,data-set-10-files-2,1,other
EFTA01307985.pdf,data-set-10-files-2,1,other
EFTA01307986.pdf,data-set-10-files-2,1,other
EFTA01307987.pdf,data-set-10-files-2,1,other
EFTA01307988.pdf,data-set-10-files-2,1,other
EFTA01307989.pdf,data-set-10-files-2,1,other
EFTA01307990.pdf,data-set-10-files-2,1,photo
EFTA01307991.pdf,data-set-10-files-2,1,other
EFTA01307992.pdf,data-set-10-files-2,1,other
EFTA01307993.pdf,data-set-10-files-2,1,other
EFTA01307994.pdf,data-set-10-files-2,1,other
EFTA01307995.pdf,data-set-10-files-2,1,other
EFTA01307996.pdf,data-set-10-files-2,1,other
EFTA01307997.pdf,data-set-10-files-2,1,other
EFTA01307998.pdf,data-set-10-files-2,1,other
EFTA01307999.pdf,data-set-10-files-2,1,other
EFTA01308000.pdf,data-set-10-files-2,1,other
EFTA01308001.pdf,data-set-10-files-2,1,other
EFTA01308002.pdf,data-set-10-files-2,1,other
EFTA01308003.pdf,data-set-10-files-2,1,other
EFTA01308004.pdf,data-set-10-files-2,1,other
EFTA01308005.pdf,data-set-10-files-2,1,other
EFTA01308006.pdf,data-set-10-files-2,1,photo
EFTA01308007.pdf,data-set-10-files-2,1,photo
EFTA01308008.pdf,data-set-10-files-2,1,other
EFTA01308009.pdf,data-set-10-files-2,1,other
EFTA01308010.pdf,data-set-10-files-2,3,other
EFTA01308013.pdf,data-set-10-files-2,18,other
EFTA01308031.pdf,data-set-10-files-2,2,other
EFTA01308033.pdf,data-set-10-files-2,23,other
EFTA01308056.pdf,data-set-10-files-2,22,other
EFTA01308078.pdf,data-set-10-files-2,1,other
EFTA01308079.pdf,data-set-10-files-2,1,other
EFTA01308080.pdf,data-set-10-files-2,1,other
EFTA01308081.pdf,data-set-10-files-2,1,other
EFTA01308082.pdf,data-set-10-files-2,1,other
EFTA01308083.pdf,data-set-10-files-2,1,other
EFTA01308084.pdf,data-set-10-files-2,1,other
EFTA01308085.pdf,data-set-10-files-2,1,other
EFTA01308086.pdf,data-set-10-files-2,1,other
EFTA01308087.pdf,data-set-10-files-2,1,other
EFTA01308088.pdf,data-set-10-files-2,1,other
EFTA01308089.pdf,data-set-10-files-2,1,other
EFTA01308090.pdf,data-set-10-files-2,1,other
EFTA01308091.pdf,data-set-10-files-2,1,other
EFTA01308092.pdf,data-set-10-files-2,1,other
EFTA01308093.pdf,data-set-10-files-2,1,other
EFTA01308094.pdf,data-set-10-files-2,1,photo
EFTA01308095.pdf,data-set-10-files-2,1,other
EFTA01308096.pdf,data-set-10-files-2,1,other
EFTA01308097.pdf,data-set-10-files-2,1,other
EFTA01308098.pdf,data-set-10-files-2,1,other
EFTA01308099.pdf,data-set-10-files-2,1,other
EFTA01308100.pdf,data-set-10-files-2,1,other
EFTA01308101.pdf,data-set-10-files-2,1,other
EFTA01308102.pdf,data-set-10-files-2,1,other
EFTA01308103.pdf,data-set-10-files-2,1,other
EFTA01308104.pdf,data-set-10-files-2,1,other
EFTA01308105.pdf,data-set-10-files-2,1,other
EFTA01308106.pdf,data-set-10-files-2,1,other
EFTA01308107.pdf,data-set-10-files-2,1,other
EFTA01308108.pdf,data-set-10-files-2,1,other
EFTA01308109.pdf,data-set-10-files-2,1,other
EFTA01308110.pdf,data-set-10-files-2,1,other
EFTA01308111.pdf,data-set-10-files-2,1,other
EFTA01308112.pdf,data-set-10-files-2,1,other
EFTA01308113.pdf,data-set-10-files-2,1,other
EFTA01308114.pdf,data-set-10-files-2,1,other
EFTA01308115.pdf,data-set-10-files-2,1,other
EFTA01308116.pdf,data-set-10-files-2,1,other
EFTA01308117.pdf,data-set-10-files-2,1,other
EFTA01308118.pdf,data-set-10-files-2,1,other
EFTA01308119.pdf,data-set-10-files-2,1,other
EFTA01308120.pdf,data-set-10-files-2,1,other
EFTA01308121.pdf,data-set-10-files-2,1,other
EFTA01308122.pdf,data-set-10-files-2,1,other
EFTA01308123.pdf,data-set-10-files-2,1,other
EFTA01308124.pdf,data-set-10-files-2,1,other
EFTA01308125.pdf,data-set-10-files-2,1,photo
EFTA01308126.pdf,data-set-10-files-2,1,other
EFTA01308127.pdf,data-set-10-files-2,1,other
EFTA01308128.pdf,data-set-10-files-2,1,other
EFTA01308129.pdf,data-set-10-files-2,1,other
EFTA01308130.pdf,data-set-10-files-2,1,other
EFTA01308131.pdf,data-set-10-files-2,1,other
EFTA01308132.pdf,data-set-10-files-2,1,other
EFTA01308133.pdf,data-set-10-files-2,1,other
EFTA01308134.pdf,data-set-10-files-2,1,other
EFTA01308135.pdf,data-set-10-files-2,1,other
EFTA01308136.pdf,data-set-10-files-2,1,other
EFTA01308137.pdf,data-set-10-files-2,1,other
EFTA01308138.pdf,data-set-10-files-2,1,other
EFTA01308139.pdf,data-set-10-files-2,1,other
EFTA01308140.pdf,data-set-10-files-2,1,other
EFTA01308141.pdf,data-set-10-files-2,1,other
EFTA01308142.pdf,data-set-10-files-2,1,other
EFTA01308143.pdf,data-set-10-files-2,1,other
EFTA01308144.pdf,data-set-10-files-2,1,other
EFTA01308145.pdf,data-set-10-files-2,1,other
EFTA01308146.pdf,data-set-10-files-2,1,other
EFTA01308147.pdf,data-set-10-files-2,1,other
EFTA01308148.pdf,data-set-10-files-2,1,other
EFTA01308149.pdf,data-set-10-files-2,1,other
EFTA01308150.pdf,data-set-10-files-2,1,photo
EFTA01308151.pdf,data-set-10-files-2,1,other
EFTA01308152.pdf,data-set-10-files-2,1,other
EFTA01308153.pdf,data-set-10-files-2,1,other
EFTA01308154.pdf,data-set-10-files-2,1,other
EFTA01308155.pdf,data-set-10-files-2,1,other
EFTA01308156.pdf,data-set-10-files-2,1,other
EFTA01308157.pdf,data-set-10-files-2,1,other
EFTA01308158.pdf,data-set-10-files-2,1,other
EFTA01308159.pdf,data-set-10-files-2,1,other
EFTA01308160.pdf,data-set-10-files-2,1,other
EFTA01308161.pdf,data-set-10-files-2,1,other
EFTA01308162.pdf,data-set-10-files-2,1,other
EFTA01308163.pdf,data-set-10-files-2,1,other
EFTA01308164.pdf,data-set-10-files-2,1,other
EFTA01308165.pdf,data-set-10-files-2,1,other
EFTA01308166.pdf,data-set-10-files-2,1,other
EFTA01308167.pdf,data-set-10-files-2,1,other
EFTA01308168.pdf,data-set-10-files-2,1,other
EFTA01308169.pdf,data-set-10-files-2,1,other
EFTA01308170.pdf,data-set-10-files-2,1,other
EFTA01308171.pdf,data-set-10-files-2,1,other
EFTA01308172.pdf,data-set-10-files-2,1,other
EFTA01308173.pdf,data-set-10-files-2,1,other
EFTA01308174.pdf,data-set-10-files-2,1,other
EFTA01308175.pdf,data-set-10-files-2,1,photo
EFTA01308176.pdf,data-set-10-files-2,1,other
EFTA01308177.pdf,data-set-10-files-2,1,other
EFTA01308178.pdf,data-set-10-files-2,1,other
EFTA01308179.pdf,data-set-10-files-2,1,other
EFTA01308180.pdf,data-set-10-files-2,1,other
EFTA01308181.pdf,data-set-10-files-2,1,other
EFTA01308182.pdf,data-set-10-files-2,1,other
EFTA01308183.pdf,data-set-10-files-2,1,other
EFTA01308184.pdf,data-set-10-files-2,1,other
EFTA01308185.pdf,data-set-10-files-2,1,other
EFTA01308186.pdf,data-set-10-files-2,1,other
EFTA01308187.pdf,data-set-10-files-2,1,other
EFTA01308188.pdf,data-set-10-files-2,1,other
EFTA01308189.pdf,data-set-10-files-2,1,photo
EFTA01308190.pdf,data-set-10-files-2,1,other
EFTA01308191.pdf,data-set-10-files-2,1,other
EFTA01308192.pdf,data-set-10-files-2,1,other
EFTA01308193.pdf,data-set-10-files-2,1,other
EFTA01308194.pdf,data-set-10-files-2,1,other
EFTA01308195.pdf,data-set-10-files-2,1,other
EFTA01308196.pdf,data-set-10-files-2,1,other
EFTA01308197.pdf,data-set-10-files-2,1,other
EFTA01308198.pdf,data-set-10-files-2,1,other
EFTA01308199.pdf,data-set-10-files-2,1,other
EFTA01308200.pdf,data-set-10-files-2,1,other
EFTA01308201.pdf,data-set-10-files-2,1,other
EFTA01308202.pdf,data-set-10-files-2,1,photo
EFTA01308203.pdf,data-set-10-files-2,1,other
EFTA01308204.pdf,data-set-10-files-2,1,other
EFTA01308205.pdf,data-set-10-files-2,1,photo
EFTA01308206.pdf,data-set-10-files-2,1,other
EFTA01308207.pdf,data-set-10-files-2,1,other
EFTA01308208.pdf,data-set-10-files-2,1,other
EFTA01308209.pdf,data-set-10-files-2,1,other
EFTA01308210.pdf,data-set-10-files-2,1,other
EFTA01308211.pdf,data-set-10-files-2,1,other
EFTA01308212.pdf,data-set-10-files-2,1,other
EFTA01308213.pdf,data-set-10-files-2,1,other
EFTA01308214.pdf,data-set-10-files-2,1,other
EFTA01308215.pdf,data-set-10-files-2,1,other
EFTA01308216.pdf,data-set-10-files-2,1,other
EFTA01308217.pdf,data-set-10-files-2,1,other
EFTA01308218.pdf,data-set-10-files-2,1,other
EFTA01308219.pdf,data-set-10-files-2,1,other
EFTA01308220.pdf,data-set-10-files-2,1,other
EFTA01308221.pdf,data-set-10-files-2,1,other
EFTA01308222.pdf,data-set-10-files-2,1,other
EFTA01308223.pdf,data-set-10-files-2,1,other
EFTA01308224.pdf,data-set-10-files-2,1,other
EFTA01308225.pdf,data-set-10-files-2,1,photo
EFTA01308226.pdf,data-set-10-files-2,1,other
EFTA01308227.pdf,data-set-10-files-2,1,other
EFTA01308228.pdf,data-set-10-files-2,1,other
EFTA01308229.pdf,data-set-10-files-2,1,other
EFTA01308230.pdf,data-set-10-files-2,1,other
EFTA01308231.pdf,data-set-10-files-2,1,other
EFTA01308232.pdf,data-set-10-files-2,1,other
EFTA01308233.pdf,data-set-10-files-2,1,other
EFTA01308234.pdf,data-set-10-files-2,1,other
EFTA01308235.pdf,data-set-10-files-2,1,other
EFTA01308236.pdf,data-set-10-files-2,1,other
EFTA01308237.pdf,data-set-10-files-2,1,other
EFTA01308238.pdf,data-set-10-files-2,1,other
EFTA01308239.pdf,data-set-10-files-2,1,other
EFTA01308240.pdf,data-set-10-files-2,1,other
EFTA01308241.pdf,data-set-10-files-2,6,other
EFTA01308247.pdf,data-set-10-files-2,5,other
EFTA01308252.pdf,data-set-10-files-2,6,other
EFTA01308258.pdf,data-set-10-files-2,24,other
EFTA01308282.pdf,data-set-10-files-2,19,other
EFTA01308301.pdf,data-set-10-files-2,8,other
EFTA01308309.pdf,data-set-10-files-2,9,other
EFTA01308318.pdf,data-set-10-files-2,9,other
EFTA01308327.pdf,data-set-10-files-2,20,other
EFTA01308347.pdf,data-set-10-files-2,3,other
EFTA01308350.pdf,data-set-10-files-2,18,other
EFTA01308368.pdf,data-set-10-files-2,2,other
EFTA01308370.pdf,data-set-10-files-2,34,email
EFTA01308404.pdf,data-set-10-files-2,2,other
EFTA01308406.pdf,data-set-10-files-2,3,other
EFTA01308409.pdf,data-set-10-files-2,12,other
EFTA01308421.pdf,data-set-10-files-2,3,other
EFTA01308424.pdf,data-set-10-files-2,47,other
EFTA01308471.pdf,data-set-10-files-2,1,other
EFTA01308472.pdf,data-set-10-files-2,1,other
EFTA01308473.pdf,data-set-10-files-2,1,other
EFTA01308474.pdf,data-set-10-files-2,1,other
EFTA01308475.pdf,data-set-10-files-2,1,other
EFTA01308476.pdf,data-set-10-files-2,12,other
EFTA01308488.pdf,data-set-10-files-2,23,email
EFTA01308511.pdf,data-set-10-files-2,12,email
EFTA01308523.pdf,data-set-10-files-2,23,email
EFTA01308546.pdf,data-set-10-files-2,32,other
EFTA01308578.pdf,data-set-10-files-2,51,other
EFTA01308629.pdf,data-set-10-files-2,40,other
EFTA01308669.pdf,data-set-10-files-2,42,other
EFTA01308711.pdf,data-set-10-files-2,28,other
EFTA01308739.pdf,data-set-10-files-2,42,other
EFTA01308781.pdf,data-set-10-files-2,32,other
EFTA01308813.pdf,data-set-10-files-2,31,other
EFTA01308844.pdf,data-set-10-files-2,46,other
EFTA01308890.pdf,data-set-10-files-2,1,other
EFTA01308891.pdf,data-set-10-files-2,35,email
EFTA01308926.pdf,data-set-10-files-2,78,other
EFTA01309004.pdf,data-set-10-files-2,36,other
EFTA01309040.pdf,data-set-10-files-2,48,other
EFTA01309088.pdf,data-set-10-files-2,3,other
EFTA01309091.pdf,data-set-10-files-2,2,other
EFTA01309093.pdf,data-set-10-files-2,70,other
EFTA01309163.pdf,data-set-10-files-2,2,other
EFTA01309165.pdf,data-set-10-files-2,2,other
EFTA01309167.pdf,data-set-10-files-2,2,other
EFTA01309169.pdf,data-set-10-files-2,3,other
EFTA01309172.pdf,data-set-10-files-2,2,other
EFTA01309174.pdf,data-set-10-files-2,24,other
EFTA01309198.pdf,data-set-10-files-2,4,other
EFTA01309202.pdf,data-set-10-files-2,2,other
EFTA01309204.pdf,data-set-10-files-2,113,other
EFTA01309317.pdf,data-set-10-files-2,23,other
EFTA01309340.pdf,data-set-10-files-2,70,other
EFTA01309410.pdf,data-set-10-files-2,1,other
EFTA01309411.pdf,data-set-10-files-2,1,other
EFTA01309412.pdf,data-set-10-files-2,77,email
EFTA01309489.pdf,data-set-10-files-2,41,email
EFTA01309530.pdf,data-set-10-files-2,10,other
EFTA01309540.pdf,data-set-10-files-2,24,other
EFTA01309564.pdf,data-set-10-files-2,2,other
EFTA01309566.pdf,data-set-10-files-2,4,other
EFTA01309570.pdf,data-set-10-files-2,1,other
EFTA01309571.pdf,data-set-10-files-2,2,other
EFTA01309573.pdf,data-set-10-files-2,13,other
EFTA01309586.pdf,data-set-10-files-2,3,other
EFTA01309589.pdf,data-set-10-files-2,4,other
EFTA01309593.pdf,data-set-10-files-2,7,other
EFTA01309600.pdf,data-set-10-files-2,5,other
EFTA01309605.pdf,data-set-10-files-2,14,email
EFTA01309619.pdf,data-set-10-files-2,12,email
EFTA01309631.pdf,data-set-10-files-2,14,email
EFTA01309645.pdf,data-set-10-files-2,12,email
EFTA01309657.pdf,data-set-10-files-2,12,email
EFTA01309669.pdf,data-set-10-files-2,14,email
EFTA01309683.pdf,data-set-10-files-2,14,email
EFTA01309697.pdf,data-set-10-files-2,12,email
EFTA01309709.pdf,data-set-10-files-2,12,email
EFTA01309721.pdf,data-set-10-files-2,14,email
EFTA01309735.pdf,data-set-10-files-2,12,email
EFTA01309747.pdf,data-set-10-files-2,14,email
EFTA01309761.pdf,data-set-10-files-2,14,email
EFTA01309775.pdf,data-set-10-files-2,14,email
EFTA01309789.pdf,data-set-10-files-2,14,email
EFTA01309803.pdf,data-set-10-files-2,14,email
EFTA01309817.pdf,data-set-10-files-2,16,email
EFTA01309833.pdf,data-set-10-files-2,14,email
EFTA01309847.pdf,data-set-10-files-2,12,email
EFTA01309859.pdf,data-set-10-files-2,14,email
EFTA01309873.pdf,data-set-10-files-2,154,other
EFTA01310027.pdf,data-set-10-files-2,6,other
EFTA01310033.pdf,data-set-10-files-2,12,email
EFTA01310045.pdf,data-set-10-files-2,12,email
EFTA01310057.pdf,data-set-10-files-2,14,email
EFTA01310071.pdf,data-set-10-files-2,12,email
EFTA01310083.pdf,data-set-10-files-2,14,email
EFTA01310097.pdf,data-set-10-files-2,14,email
EFTA01310111.pdf,data-set-10-files-2,12,email
EFTA01310123.pdf,data-set-10-files-2,14,email
EFTA01310137.pdf,data-set-10-files-2,16,email
EFTA01310153.pdf,data-set-10-files-2,14,email
EFTA01310167.pdf,data-set-10-files-2,16,email
EFTA01310183.pdf,data-set-10-files-2,16,email
EFTA01310199.pdf,data-set-10-files-2,14,email
EFTA01310213.pdf,data-set-10-files-2,10,email
EFTA01310223.pdf,data-set-10-files-2,12,email
EFTA01310235.pdf,data-set-10-files-2,10,email
EFTA01310245.pdf,data-set-10-files-2,10,other
EFTA01310255.pdf,data-set-10-files-2,8,email
EFTA01310263.pdf,data-set-10-files-2,8,email
EFTA01310271.pdf,data-set-10-files-2,12,email
EFTA01310283.pdf,data-set-10-files-2,14,email
EFTA01310297.pdf,data-set-10-files-2,14,email
EFTA01310311.pdf,data-set-10-files-2,12,email
EFTA01310323.pdf,data-set-10-files-2,12,email
EFTA01310335.pdf,data-set-10-files-2,12,email
EFTA01310347.pdf,data-set-10-files-2,10,email
EFTA01310357.pdf,data-set-10-files-2,12,email
EFTA01310369.pdf,data-set-10-files-2,6,email
EFTA01310375.pdf,data-set-10-files-2,12,email
EFTA01310387.pdf,data-set-10-files-2,129,other
EFTA01310516.pdf,data-set-10-files-2,247,other
EFTA01310763.pdf,data-set-10-files-2,69,other
EFTA01310832.pdf,data-set-10-files-2,12,email
EFTA01310844.pdf,data-set-10-files-2,6,email
EFTA01310850.pdf,data-set-10-files-2,8,email
EFTA01310858.pdf,data-set-10-files-2,6,email
EFTA01310864.pdf,data-set-10-files-2,12,email
EFTA01310876.pdf,data-set-10-files-2,14,email
EFTA01310890.pdf,data-set-10-files-2,14,email
EFTA01310904.pdf,data-set-10-files-2,14,email
EFTA01310918.pdf,data-set-10-files-2,14,email
EFTA01310932.pdf,data-set-10-files-2,16,email
EFTA01310948.pdf,data-set-10-files-2,12,email
EFTA01310960.pdf,data-set-10-files-2,14,email
EFTA01310974.pdf,data-set-10-files-2,16,email
EFTA01310990.pdf,data-set-10-files-2,16,email
EFTA01311006.pdf,data-set-10-files-2,12,email
EFTA01311018.pdf,data-set-10-files-2,10,email
EFTA01311028.pdf,data-set-10-files-2,12,email
EFTA01311040.pdf,data-set-10-files-2,12,email
EFTA01311052.pdf,data-set-10-files-2,14,email
EFTA01311066.pdf,data-set-10-files-2,186,other
EFTA01311252.pdf,data-set-10-files-2,154,other
EFTA01311406.pdf,data-set-10-files-2,6,other
EFTA01311412.pdf,data-set-10-files-2,36,other
EFTA01311448.pdf,data-set-10-files-2,4,email
EFTA01311452.pdf,data-set-10-files-2,34,other
EFTA01311486.pdf,data-set-10-files-2,45,other
EFTA01311531.pdf,data-set-10-files-2,4,email
EFTA01311535.pdf,data-set-10-files-2,4,email
EFTA01311539.pdf,data-set-10-files-2,14,email
EFTA01311553.pdf,data-set-10-files-2,16,email
EFTA01311569.pdf,data-set-10-files-2,12,email
EFTA01311581.pdf,data-set-10-files-2,89,other
EFTA01311670.pdf,data-set-10-files-2,2,other
EFTA01311672.pdf,data-set-10-files-2,12,other
EFTA01311684.pdf,data-set-10-files-2,43,other
EFTA01311727.pdf,data-set-10-files-2,20,other
EFTA01311747.pdf,data-set-10-files-2,30,email
EFTA01311777.pdf,data-set-10-files-2,37,other
EFTA01311814.pdf,data-set-10-files-2,37,other
EFTA01311851.pdf,data-set-10-files-2,39,other
EFTA01311890.pdf,data-set-10-files-2,34,other
EFTA01311924.pdf,data-set-10-files-2,5,other
EFTA01311929.pdf,data-set-10-files-2,8,other
EFTA01311937.pdf,data-set-10-files-2,8,other
EFTA01311945.pdf,data-set-10-files-2,6,other
EFTA01311951.pdf,data-set-10-files-2,8,other
EFTA01311959.pdf,data-set-10-files-2,17,other
EFTA01311976.pdf,data-set-10-files-2,12,other
EFTA01311988.pdf,data-set-10-files-2,13,other
EFTA01312001.pdf,data-set-10-files-2,200,email
EFTA01312201.pdf,data-set-10-files-2,1,other
EFTA01312202.pdf,data-set-10-files-2,5,other
EFTA01312207.pdf,data-set-10-files-2,54,other
EFTA01312261.pdf,data-set-10-files-2,49,other
EFTA01312310.pdf,data-set-10-files-2,49,other
EFTA01312359.pdf,data-set-10-files-2,51,other
EFTA01312410.pdf,data-set-10-files-2,57,other
EFTA01312467.pdf,data-set-10-files-2,53,other
EFTA01312520.pdf,data-set-10-files-2,1,other
EFTA01312521.pdf,data-set-10-files-2,4,other
EFTA01312525.pdf,data-set-10-files-2,1,other
EFTA01312526.pdf,data-set-10-files-2,2,other
EFTA01312528.pdf,data-set-10-files-2,2,other
EFTA01312530.pdf,data-set-10-files-2,6,other
EFTA01312536.pdf,data-set-10-files-2,6,other
EFTA01312542.pdf,data-set-10-files-2,6,other
EFTA01312548.pdf,data-set-10-files-2,6,other
EFTA01312554.pdf,data-set-10-files-2,9,other
EFTA01312563.pdf,data-set-10-files-2,5,other
EFTA01312568.pdf,data-set-10-files-2,5,other
EFTA01312573.pdf,data-set-10-files-2,13,other
EFTA01312586.pdf,data-set-10-files-2,4,other
EFTA01312590.pdf,data-set-10-files-2,9,other
EFTA01312599.pdf,data-set-10-files-2,9,other
EFTA01312608.pdf,data-set-10-files-2,5,other
EFTA01312613.pdf,data-set-10-files-2,7,other
EFTA01312620.pdf,data-set-10-files-2,7,other
EFTA01312627.pdf,data-set-10-files-2,6,other
EFTA01312633.pdf,data-set-10-files-2,3,other
EFTA01312636.pdf,data-set-10-files-2,4,other
EFTA01312640.pdf,data-set-10-files-2,8,other
EFTA01312648.pdf,data-set-10-files-2,8,other
EFTA01312656.pdf,data-set-10-files-2,7,other
EFTA01312663.pdf,data-set-10-files-2,6,other
EFTA01312669.pdf,data-set-10-files-2,6,other
EFTA01312675.pdf,data-set-10-files-2,4,other
EFTA01312679.pdf,data-set-10-files-2,4,other
EFTA01312683.pdf,data-set-10-files-2,7,other
EFTA01312690.pdf,data-set-10-files-2,7,other
EFTA01312697.pdf,data-set-10-files-2,5,other
EFTA01312702.pdf,data-set-10-files-2,4,other
EFTA01312706.pdf,data-set-10-files-2,5,other
EFTA01312711.pdf,data-set-10-files-2,4,other
EFTA01312715.pdf,data-set-10-files-2,7,other
EFTA01312722.pdf,data-set-10-files-2,9,other
EFTA01312731.pdf,data-set-10-files-2,5,other
EFTA01312736.pdf,data-set-10-files-2,4,other
EFTA01312740.pdf,data-set-10-files-2,4,other
EFTA01312744.pdf,data-set-10-files-2,6,other
EFTA01312750.pdf,data-set-10-files-2,12,other
EFTA01312762.pdf,data-set-10-files-2,4,other
EFTA01312766.pdf,data-set-10-files-2,4,other
EFTA01312770.pdf,data-set-10-files-2,10,other
EFTA01312780.pdf,data-set-10-files-2,5,other
EFTA01312785.pdf,data-set-10-files-2,9,other
EFTA01312794.pdf,data-set-10-files-2,4,other
EFTA01312798.pdf,data-set-10-files-2,4,other
EFTA01312802.pdf,data-set-10-files-2,4,other
EFTA01312806.pdf,data-set-10-files-2,4,other
EFTA01312810.pdf,data-set-10-files-2,3,other
EFTA01312813.pdf,data-set-10-files-2,6,other
EFTA01312819.pdf,data-set-10-files-2,10,other
EFTA01312829.pdf,data-set-10-files-2,5,other
EFTA01312834.pdf,data-set-10-files-2,9,other
EFTA01312843.pdf,data-set-10-files-2,5,other
EFTA01312848.pdf,data-set-10-files-2,9,other
EFTA01312857.pdf,data-set-10-files-2,6,other
EFTA01312863.pdf,data-set-10-files-2,4,other
EFTA01312867.pdf,data-set-10-files-2,4,other
EFTA01312871.pdf,data-set-10-files-2,6,other
EFTA01312877.pdf,data-set-10-files-2,8,other
EFTA01312885.pdf,data-set-10-files-2,5,other
EFTA01312890.pdf,data-set-10-files-2,4,other
EFTA01312894.pdf,data-set-10-files-2,8,other
EFTA01312902.pdf,data-set-10-files-2,4,other
EFTA01312906.pdf,data-set-10-files-2,3,other
EFTA01312909.pdf,data-set-10-files-2,4,other
EFTA01312913.pdf,data-set-10-files-2,5,other
EFTA01312918.pdf,data-set-10-files-2,8,other
EFTA01312926.pdf,data-set-10-files-2,5,other
EFTA01312931.pdf,data-set-10-files-2,9,other
EFTA01312940.pdf,data-set-10-files-2,7,other
EFTA01312947.pdf,data-set-10-files-2,7,other
EFTA01312954.pdf,data-set-10-files-2,4,other
EFTA01312958.pdf,data-set-10-files-2,4,other
EFTA01312962.pdf,data-set-10-files-2,4,other
EFTA01312966.pdf,data-set-10-files-2,4,other
EFTA01312970.pdf,data-set-10-files-2,3,other
EFTA01312973.pdf,data-set-10-files-2,5,other
EFTA01312978.pdf,data-set-10-files-2,3,other
EFTA01312981.pdf,data-set-10-files-2,8,other
EFTA01312989.pdf,data-set-10-files-2,5,other
EFTA01312994.pdf,data-set-10-files-2,10,other
EFTA01313004.pdf,data-set-10-files-2,5,other
EFTA01313009.pdf,data-set-10-files-2,4,other
EFTA01313013.pdf,data-set-10-files-2,3,other
EFTA01313016.pdf,data-set-10-files-2,5,other
EFTA01313021.pdf,data-set-10-files-2,8,other
EFTA01313029.pdf,data-set-10-files-2,7,other
EFTA01313036.pdf,data-set-10-files-2,5,other
EFTA01313041.pdf,data-set-10-files-2,4,other
EFTA01313045.pdf,data-set-10-files-2,4,other
EFTA01313049.pdf,data-set-10-files-2,3,other
EFTA01313052.pdf,data-set-10-files-2,4,other
EFTA01313056.pdf,data-set-10-files-2,3,other
EFTA01313059.pdf,data-set-10-files-2,3,other
EFTA01313062.pdf,data-set-10-files-2,11,other
EFTA01313073.pdf,data-set-10-files-2,3,other
EFTA01313076.pdf,data-set-10-files-2,3,other
EFTA01313079.pdf,data-set-10-files-2,6,other
EFTA01313085.pdf,data-set-10-files-2,3,other
EFTA01313088.pdf,data-set-10-files-2,3,other
EFTA01313091.pdf,data-set-10-files-2,11,other
EFTA01313102.pdf,data-set-10-files-2,3,other
EFTA01313105.pdf,data-set-10-files-2,3,other
EFTA01313108.pdf,data-set-10-files-2,3,other
EFTA01313111.pdf,data-set-10-files-2,8,other
EFTA01313119.pdf,data-set-10-files-2,7,other
EFTA01313126.pdf,data-set-10-files-2,9,other
EFTA01313135.pdf,data-set-10-files-2,8,other
EFTA01313143.pdf,data-set-10-files-2,8,other
EFTA01313151.pdf,data-set-10-files-2,10,other
EFTA01313161.pdf,data-set-10-files-2,9,other
EFTA01313170.pdf,data-set-10-files-2,3,other
EFTA01313173.pdf,data-set-10-files-2,3,other
EFTA01313176.pdf,data-set-10-files-2,3,other
EFTA01313179.pdf,data-set-10-files-2,4,other
EFTA01313183.pdf,data-set-10-files-2,3,other
EFTA01313186.pdf,data-set-10-files-2,4,other
EFTA01313190.pdf,data-set-10-files-2,4,other
EFTA01313194.pdf,data-set-10-files-2,5,other
EFTA01313199.pdf,data-set-10-files-2,4,other
EFTA01313207.pdf,data-set-10-files-2,4,other
EFTA01313211.pdf,data-set-10-files-2,4,other
EFTA01313215.pdf,data-set-10-files-2,11,other
EFTA01313226.pdf,data-set-10-files-2,12,other
EFTA01313238.pdf,data-set-10-files-2,12,other
EFTA01313250.pdf,data-set-10-files-2,10,other
EFTA01313260.pdf,data-set-10-files-2,11,other
EFTA01313271.pdf,data-set-10-files-2,15,other
EFTA01313286.pdf,data-set-10-files-2,3,other
EFTA01313289.pdf,data-set-10-files-2,3,other
EFTA01313292.pdf,data-set-10-files-2,3,other
EFTA01313295.pdf,data-set-10-files-2,4,other
EFTA01313299.pdf,data-set-10-files-2,4,other
EFTA01313303.pdf,data-set-10-files-2,4,other
EFTA01313307.pdf,data-set-10-files-2,9,other
EFTA01313316.pdf,data-set-10-files-2,6,other
EFTA01313322.pdf,data-set-10-files-2,4,other
EFTA01313326.pdf,data-set-10-files-2,9,other
EFTA01313335.pdf,data-set-10-files-2,5,other
EFTA01313340.pdf,data-set-10-files-2,11,other
EFTA01313351.pdf,data-set-10-files-2,6,other
EFTA01313357.pdf,data-set-10-files-2,7,other
EFTA01313364.pdf,data-set-10-files-2,5,other
EFTA01313369.pdf,data-set-10-files-2,3,other
EFTA01313372.pdf,data-set-10-files-2,3,other
EFTA01313375.pdf,data-set-10-files-2,3,other
EFTA01313378.pdf,data-set-10-files-2,4,other
EFTA01313382.pdf,data-set-10-files-2,9,other
EFTA01313391.pdf,data-set-10-files-2,5,other
EFTA01313396.pdf,data-set-10-files-2,10,other
EFTA01313406.pdf,data-set-10-files-2,6,other
EFTA01313412.pdf,data-set-10-files-2,5,other
EFTA01313417.pdf,data-set-10-files-2,5,other
EFTA01313422.pdf,data-set-10-files-2,4,other
EFTA01313426.pdf,data-set-10-files-2,10,other
EFTA01313436.pdf,data-set-10-files-2,6,other
EFTA01313442.pdf,data-set-10-files-2,7,other
EFTA01313449.pdf,data-set-10-files-2,4,other
EFTA01313453.pdf,data-set-10-files-2,9,other
EFTA01313462.pdf,data-set-10-files-2,5,other
EFTA01313467.pdf,data-set-10-files-2,9,other
EFTA01313476.pdf,data-set-10-files-2,6,other
EFTA01313482.pdf,data-set-10-files-2,12,other
EFTA01313494.pdf,data-set-10-files-2,4,other
EFTA01313498.pdf,data-set-10-files-2,5,other
EFTA01313503.pdf,data-set-10-files-2,7,other
EFTA01313510.pdf,data-set-10-files-2,6,other
EFTA01313516.pdf,data-set-10-files-2,9,other
EFTA01313525.pdf,data-set-10-files-2,7,other
EFTA01313532.pdf,data-set-10-files-2,4,other
EFTA01313536.pdf,data-set-10-files-2,13,other
EFTA01313549.pdf,data-set-10-files-2,7,other
EFTA01313556.pdf,data-set-10-files-2,4,other
EFTA01313560.pdf,data-set-10-files-2,4,other
EFTA01313564.pdf,data-set-10-files-2,7,other
EFTA01313571.pdf,data-set-10-files-2,6,other
EFTA01313577.pdf,data-set-10-files-2,6,other
EFTA01313583.pdf,data-set-10-files-2,6,other
EFTA01313589.pdf,data-set-10-files-2,6,other
EFTA01313595.pdf,data-set-10-files-2,10,other
EFTA01313605.pdf,data-set-10-files-2,6,other
EFTA01313611.pdf,data-set-10-files-2,4,other
EFTA01313615.pdf,data-set-10-files-2,4,other
EFTA01313619.pdf,data-set-10-files-2,3,other
EFTA01313622.pdf,data-set-10-files-2,3,other
EFTA01313625.pdf,data-set-10-files-2,4,other
EFTA01313629.pdf,data-set-10-files-2,5,other
EFTA01313634.pdf,data-set-10-files-2,10,other
EFTA01313644.pdf,data-set-10-files-2,6,other
EFTA01313650.pdf,data-set-10-files-2,4,other
EFTA01313654.pdf,data-set-10-files-2,8,other
EFTA01313662.pdf,data-set-10-files-2,4,other
EFTA01313666.pdf,data-set-10-files-2,4,other
EFTA01313670.pdf,data-set-10-files-2,6,other
EFTA01313676.pdf,data-set-10-files-2,3,other
EFTA01313679.pdf,data-set-10-files-2,4,other
EFTA01313683.pdf,data-set-10-files-2,5,other
EFTA01313688.pdf,data-set-10-files-2,11,other
EFTA01313699.pdf,data-set-10-files-2,10,other
EFTA01313709.pdf,data-set-10-files-2,5,other
EFTA01313714.pdf,data-set-10-files-2,10,other
EFTA01313724.pdf,data-set-10-files-2,9,other
EFTA01313733.pdf,data-set-10-files-2,5,other
EFTA01313738.pdf,data-set-10-files-2,4,other
EFTA01313742.pdf,data-set-10-files-2,5,other
EFTA01313747.pdf,data-set-10-files-2,3,other
EFTA01313750.pdf,data-set-10-files-2,5,other
EFTA01313755.pdf,data-set-10-files-2,3,other
EFTA01313758.pdf,data-set-10-files-2,4,other
EFTA01313762.pdf,data-set-10-files-2,9,other
EFTA01313771.pdf,data-set-10-files-2,5,other
EFTA01313776.pdf,data-set-10-files-2,9,other
EFTA01313785.pdf,data-set-10-files-2,11,other
EFTA01313796.pdf,data-set-10-files-2,8,other
EFTA01313804.pdf,data-set-10-files-2,8,other
EFTA01313812.pdf,data-set-10-files-2,5,other
EFTA01313817.pdf,data-set-10-files-2,4,other
EFTA01313821.pdf,data-set-10-files-2,4,other
EFTA01313825.pdf,data-set-10-files-2,4,other
EFTA01313829.pdf,data-set-10-files-2,4,other
EFTA01313833.pdf,data-set-10-files-2,10,other
EFTA01313843.pdf,data-set-10-files-2,6,other
EFTA01313849.pdf,data-set-10-files-2,6,other
EFTA01313855.pdf,data-set-10-files-2,5,other
EFTA01313860.pdf,data-set-10-files-2,6,other
EFTA01313866.pdf,data-set-10-files-2,9,other
EFTA01313875.pdf,data-set-10-files-2,10,other
EFTA01313885.pdf,data-set-10-files-2,4,other
EFTA01313889.pdf,data-set-10-files-2,4,other
EFTA01313893.pdf,data-set-10-files-2,4,other
EFTA01313897.pdf,data-set-10-files-2,5,other
EFTA01313902.pdf,data-set-10-files-2,6,other
EFTA01313908.pdf,data-set-10-files-2,6,other
EFTA01313914.pdf,data-set-10-files-2,5,other
EFTA01313919.pdf,data-set-10-files-2,6,other
EFTA01313925.pdf,data-set-10-files-2,5,other
EFTA01313930.pdf,data-set-10-files-2,13,other
EFTA01313943.pdf,data-set-10-files-2,4,other
EFTA01313947.pdf,data-set-10-files-2,3,other
EFTA01313950.pdf,data-set-10-files-2,6,other
EFTA01313956.pdf,data-set-10-files-2,11,other
EFTA01313967.pdf,data-set-10-files-2,6,other
EFTA01313973.pdf,data-set-10-files-2,11,other
EFTA01313984.pdf,data-set-10-files-2,9,other
EFTA01313993.pdf,data-set-10-files-2,7,other
EFTA01314000.pdf,data-set-10-files-2,9,other
EFTA01314009.pdf,data-set-10-files-2,4,other
EFTA01314013.pdf,data-set-10-files-2,9,other
EFTA01314022.pdf,data-set-10-files-2,7,other
EFTA01314029.pdf,data-set-10-files-2,10,other
EFTA01314039.pdf,data-set-10-files-2,5,other
EFTA01314044.pdf,data-set-10-files-2,9,other
EFTA01314053.pdf,data-set-10-files-2,10,other
EFTA01314063.pdf,data-set-10-files-2,3,other
EFTA01314066.pdf,data-set-10-files-2,4,other
EFTA01314070.pdf,data-set-10-files-2,4,other
EFTA01314074.pdf,data-set-10-files-2,4,other
EFTA01314078.pdf,data-set-10-files-2,8,other
EFTA01314086.pdf,data-set-10-files-2,5,other
EFTA01314091.pdf,data-set-10-files-2,9,other
EFTA01314100.pdf,data-set-10-files-2,8,other
EFTA01314108.pdf,data-set-10-files-2,5,other
EFTA01314113.pdf,data-set-10-files-2,8,other
EFTA01314121.pdf,data-set-10-files-2,4,other
EFTA01314125.pdf,data-set-10-files-2,4,other
EFTA01314129.pdf,data-set-10-files-2,8,other
EFTA01314137.pdf,data-set-10-files-2,6,other
EFTA01314143.pdf,data-set-10-files-2,6,other
EFTA01314149.pdf,data-set-10-files-2,4,other
EFTA01314153.pdf,data-set-10-files-2,9,other
EFTA01314162.pdf,data-set-10-files-2,5,other
EFTA01314167.pdf,data-set-10-files-2,9,other
EFTA01314176.pdf,data-set-10-files-2,8,other
EFTA01314184.pdf,data-set-10-files-2,9,other
EFTA01314193.pdf,data-set-10-files-2,5,other
EFTA01314198.pdf,data-set-10-files-2,4,other
EFTA01314202.pdf,data-set-10-files-2,4,other
EFTA01314206.pdf,data-set-10-files-2,10,other
EFTA01314216.pdf,data-set-10-files-2,8,other
EFTA01314224.pdf,data-set-10-files-2,6,other
EFTA01314230.pdf,data-set-10-files-2,6,other
EFTA01314236.pdf,data-set-10-files-2,8,other
EFTA01314244.pdf,data-set-10-files-2,6,other
EFTA01314250.pdf,data-set-10-files-2,8,other
EFTA01314258.pdf,data-set-10-files-2,3,other
EFTA01314261.pdf,data-set-10-files-2,5,other
EFTA01314266.pdf,data-set-10-files-2,4,other
EFTA01314270.pdf,data-set-10-files-2,4,other
EFTA01314274.pdf,data-set-10-files-2,6,other
EFTA01314280.pdf,data-set-10-files-2,5,other
EFTA01314285.pdf,data-set-10-files-2,6,other
EFTA01314291.pdf,data-set-10-files-2,6,other
EFTA01314297.pdf,data-set-10-files-2,9,other
EFTA01314306.pdf,data-set-10-files-2,4,other
EFTA01314310.pdf,data-set-10-files-2,11,other
EFTA01314321.pdf,data-set-10-files-2,7,other
EFTA01314328.pdf,data-set-10-files-2,4,other
EFTA01314332.pdf,data-set-10-files-2,3,other
EFTA01314335.pdf,data-set-10-files-2,11,other
EFTA01314346.pdf,data-set-10-files-2,7,other
EFTA01314353.pdf,data-set-10-files-2,4,other
EFTA01314357.pdf,data-set-10-files-2,6,other
EFTA01314363.pdf,data-set-10-files-2,9,other
EFTA01314372.pdf,data-set-10-files-2,3,other
EFTA01314375.pdf,data-set-10-files-2,4,other
EFTA01314379.pdf,data-set-10-files-2,4,other
EFTA01314383.pdf,data-set-10-files-2,4,other
EFTA01314387.pdf,data-set-10-files-2,3,other
EFTA01314390.pdf,data-set-10-files-2,10,other
EFTA01314400.pdf,data-set-10-files-2,6,other
EFTA01314406.pdf,data-set-10-files-2,9,other
EFTA01314415.pdf,data-set-10-files-2,7,other
EFTA01314422.pdf,data-set-10-files-2,7,other
EFTA01314429.pdf,data-set-10-files-2,6,other
EFTA01314435.pdf,data-set-10-files-2,9,other
EFTA01314444.pdf,data-set-10-files-2,7,other
EFTA01314451.pdf,data-set-10-files-2,8,other
EFTA01314459.pdf,data-set-10-files-2,4,other
EFTA01314463.pdf,data-set-10-files-2,4,other
EFTA01314467.pdf,data-set-10-files-2,7,other
EFTA01314474.pdf,data-set-10-files-2,5,other
EFTA01314479.pdf,data-set-10-files-2,7,other
EFTA01314486.pdf,data-set-10-files-2,4,other
EFTA01314490.pdf,data-set-10-files-2,11,other
EFTA01314501.pdf,data-set-10-files-2,5,other
EFTA01314506.pdf,data-set-10-files-2,3,other
EFTA01314509.pdf,data-set-10-files-2,9,other
EFTA01314518.pdf,data-set-10-files-2,7,other
EFTA01314525.pdf,data-set-10-files-2,7,other
EFTA01314532.pdf,data-set-10-files-2,3,other
EFTA01314535.pdf,data-set-10-files-2,6,other
EFTA01314541.pdf,data-set-10-files-2,3,other
EFTA01314544.pdf,data-set-10-files-2,9,other
EFTA01314553.pdf,data-set-10-files-2,7,other
EFTA01314560.pdf,data-set-10-files-2,8,other
EFTA01314568.pdf,data-set-10-files-2,6,other
EFTA01314574.pdf,data-set-10-files-2,3,other
EFTA01314577.pdf,data-set-10-files-2,7,other
EFTA01314584.pdf,data-set-10-files-2,8,other
EFTA01314592.pdf,data-set-10-files-2,8,other
EFTA01314600.pdf,data-set-10-files-2,7,other
EFTA01314607.pdf,data-set-10-files-2,11,other
EFTA01314618.pdf,data-set-10-files-2,12,other
EFTA01314630.pdf,data-set-10-files-2,9,other
EFTA01314639.pdf,data-set-10-files-2,4,other
EFTA01314643.pdf,data-set-10-files-2,9,other
EFTA01314652.pdf,data-set-10-files-2,3,other
EFTA01314655.pdf,data-set-10-files-2,10,other
EFTA01314665.pdf,data-set-10-files-2,10,other
EFTA01314675.pdf,data-set-10-files-2,13,other
EFTA01314688.pdf,data-set-10-files-2,9,other
EFTA01314697.pdf,data-set-10-files-2,11,other
EFTA01314708.pdf,data-set-10-files-2,8,other
EFTA01314716.pdf,data-set-10-files-2,4,other
EFTA01314720.pdf,data-set-10-files-2,8,other
EFTA01314728.pdf,data-set-10-files-2,6,other
EFTA01314734.pdf,data-set-10-files-2,17,other
EFTA01314751.pdf,data-set-10-files-2,9,other
EFTA01314760.pdf,data-set-10-files-2,10,other
EFTA01314770.pdf,data-set-10-files-2,10,other
EFTA01314780.pdf,data-set-10-files-2,19,other
EFTA01314799.pdf,data-set-10-files-2,10,other
EFTA01314809.pdf,data-set-10-files-2,3,other
EFTA01314812.pdf,data-set-10-files-2,4,other
EFTA01314816.pdf,data-set-10-files-2,4,other
EFTA01314820.pdf,data-set-10-files-2,7,other
EFTA01314827.pdf,data-set-10-files-2,9,other
EFTA01314849.pdf,data-set-10-files-2,9,other
EFTA01314858.pdf,data-set-10-files-2,9,other
EFTA01314867.pdf,data-set-10-files-2,10,other
EFTA01314877.pdf,data-set-10-files-2,3,other
EFTA01314880.pdf,data-set-10-files-2,3,other
EFTA01314883.pdf,data-set-10-files-2,4,other
EFTA01314887.pdf,data-set-10-files-2,3,other
EFTA01314890.pdf,data-set-10-files-2,4,other
EFTA01314894.pdf,data-set-10-files-2,3,other
EFTA01314897.pdf,data-set-10-files-2,3,other
EFTA01314900.pdf,data-set-10-files-2,4,other
EFTA01314904.pdf,data-set-10-files-2,4,other
EFTA01314908.pdf,data-set-10-files-2,4,other
EFTA01314912.pdf,data-set-10-files-2,9,other
EFTA01314921.pdf,data-set-10-files-2,10,other
EFTA01314931.pdf,data-set-10-files-2,5,other
EFTA01314936.pdf,data-set-10-files-2,9,other
EFTA01314945.pdf,data-set-10-files-2,10,other
EFTA01314955.pdf,data-set-10-files-2,8,other
EFTA01314963.pdf,data-set-10-files-2,3,other
EFTA01314966.pdf,data-set-10-files-2,4,other
EFTA01314970.pdf,data-set-10-files-2,4,other
EFTA01314974.pdf,data-set-10-files-2,3,other
EFTA01314977.pdf,data-set-10-files-2,4,other
EFTA01314981.pdf,data-set-10-files-2,7,other
EFTA01314988.pdf,data-set-10-files-2,9,other
EFTA01315004.pdf,data-set-10-files-2,9,other
EFTA01315013.pdf,data-set-10-files-2,9,other
EFTA01315022.pdf,data-set-10-files-2,3,other
EFTA01315025.pdf,data-set-10-files-2,3,other
EFTA01315028.pdf,data-set-10-files-2,3,other
EFTA01315031.pdf,data-set-10-files-2,3,other
EFTA01315034.pdf,data-set-10-files-2,3,other
EFTA01315037.pdf,data-set-10-files-2,4,other
EFTA01315041.pdf,data-set-10-files-2,4,other
EFTA01315045.pdf,data-set-10-files-2,4,other
EFTA01315049.pdf,data-set-10-files-2,8,other
EFTA01315057.pdf,data-set-10-files-2,9,other
EFTA01315066.pdf,data-set-10-files-2,10,other
EFTA01315076.pdf,data-set-10-files-2,7,other
EFTA01315083.pdf,data-set-10-files-2,10,other
EFTA01315093.pdf,data-set-10-files-2,7,other
EFTA01315100.pdf,data-set-10-files-2,10,other
EFTA01315110.pdf,data-set-10-files-2,3,other
EFTA01315113.pdf,data-set-10-files-2,3,other
EFTA01315116.pdf,data-set-10-files-2,4,other
EFTA01315120.pdf,data-set-10-files-2,5,other
EFTA01315125.pdf,data-set-10-files-2,4,other
EFTA01315129.pdf,data-set-10-files-2,4,other
EFTA01315133.pdf,data-set-10-files-2,6,other
EFTA01315139.pdf,data-set-10-files-2,8,other
EFTA01315147.pdf,data-set-10-files-2,8,other
EFTA01315155.pdf,data-set-10-files-2,6,other
EFTA01315161.pdf,data-set-10-files-2,6,other
EFTA01315167.pdf,data-set-10-files-2,3,other
EFTA01315170.pdf,data-set-10-files-2,5,other
EFTA01315175.pdf,data-set-10-files-2,4,other
EFTA01315179.pdf,data-set-10-files-2,3,other
EFTA01315182.pdf,data-set-10-files-2,3,other
EFTA01315185.pdf,data-set-10-files-2,3,other
EFTA01315188.pdf,data-set-10-files-2,6,other
EFTA01315194.pdf,data-set-10-files-2,7,other
EFTA01315201.pdf,data-set-10-files-2,8,other
EFTA01315209.pdf,data-set-10-files-2,5,other
EFTA01315214.pdf,data-set-10-files-2,5,other
EFTA01315219.pdf,data-set-10-files-2,11,other
EFTA01315230.pdf,data-set-10-files-2,7,other
EFTA01315237.pdf,data-set-10-files-2,3,other
EFTA01315240.pdf,data-set-10-files-2,3,other
EFTA01315243.pdf,data-set-10-files-2,3,other
EFTA01315246.pdf,data-set-10-files-2,4,other
EFTA01315250.pdf,data-set-10-files-2,3,other
EFTA01315253.pdf,data-set-10-files-2,4,other
EFTA01315257.pdf,data-set-10-files-2,4,other
EFTA01315261.pdf,data-set-10-files-2,4,other
EFTA01315265.pdf,data-set-10-files-2,5,other
EFTA01315270.pdf,data-set-10-files-2,5,other
EFTA01315275.pdf,data-set-10-files-2,5,other
EFTA01315280.pdf,data-set-10-files-2,5,other
EFTA01315285.pdf,data-set-10-files-2,6,other
EFTA01315291.pdf,data-set-10-files-2,5,other
EFTA01315296.pdf,data-set-10-files-2,5,other
EFTA01315301.pdf,data-set-10-files-2,5,other
EFTA01315306.pdf,data-set-10-files-2,5,other
EFTA01315311.pdf,data-set-10-files-2,5,other
EFTA01315316.pdf,data-set-10-files-2,5,other
EFTA01315321.pdf,data-set-10-files-2,5,other
EFTA01315326.pdf,data-set-10-files-2,4,other
EFTA01315330.pdf,data-set-10-files-2,5,other
EFTA01315335.pdf,data-set-10-files-2,6,other
EFTA01315341.pdf,data-set-10-files-2,5,other
EFTA01315346.pdf,data-set-10-files-2,5,other
EFTA01315351.pdf,data-set-10-files-2,5,other
EFTA01315356.pdf,data-set-10-files-2,4,other
EFTA01315360.pdf,data-set-10-files-2,4,other
EFTA01315364.pdf,data-set-10-files-2,6,other
EFTA01315370.pdf,data-set-10-files-2,5,other
EFTA01315375.pdf,data-set-10-files-2,5,other
EFTA01315380.pdf,data-set-10-files-2,11,other
EFTA01315391.pdf,data-set-10-files-2,9,other
EFTA01315400.pdf,data-set-10-files-2,4,other
EFTA01315404.pdf,data-set-10-files-2,4,other
EFTA01315408.pdf,data-set-10-files-2,7,other
EFTA01315415.pdf,data-set-10-files-2,4,other
EFTA01315419.pdf,data-set-10-files-2,9,other
EFTA01315428.pdf,data-set-10-files-2,4,other
EFTA01315432.pdf,data-set-10-files-2,4,other
EFTA01315436.pdf,data-set-10-files-2,10,other
EFTA01315446.pdf,data-set-10-files-2,6,other
EFTA01315452.pdf,data-set-10-files-2,7,other
EFTA01315459.pdf,data-set-10-files-2,7,other
EFTA01315466.pdf,data-set-10-files-2,3,other
EFTA01315469.pdf,data-set-10-files-2,4,other
EFTA01315473.pdf,data-set-10-files-2,3,other
EFTA01315476.pdf,data-set-10-files-2,3,other
EFTA01315479.pdf,data-set-10-files-2,3,other
EFTA01315482.pdf,data-set-10-files-2,6,other
EFTA01315488.pdf,data-set-10-files-2,5,other
EFTA01315493.pdf,data-set-10-files-2,4,other
EFTA01315497.pdf,data-set-10-files-2,5,other
EFTA01315502.pdf,data-set-10-files-2,8,other
EFTA01315510.pdf,data-set-10-files-2,5,other
EFTA01315515.pdf,data-set-10-files-2,14,other
EFTA01315529.pdf,data-set-10-files-2,8,other
EFTA01315537.pdf,data-set-10-files-2,7,other
EFTA01315544.pdf,data-set-10-files-2,4,other
EFTA01315548.pdf,data-set-10-files-2,4,other
EFTA01315552.pdf,data-set-10-files-2,3,other
EFTA01315555.pdf,data-set-10-files-2,3,other
EFTA01315558.pdf,data-set-10-files-2,3,other
EFTA01315561.pdf,data-set-10-files-2,3,other
EFTA01315564.pdf,data-set-10-files-2,6,other
EFTA01315570.pdf,data-set-10-files-2,6,other
EFTA01315576.pdf,data-set-10-files-2,7,other
EFTA01315583.pdf,data-set-10-files-2,4,other
EFTA01315587.pdf,data-set-10-files-2,5,other
EFTA01315592.pdf,data-set-10-files-2,6,other
EFTA01315598.pdf,data-set-10-files-2,4,other
EFTA01315602.pdf,data-set-10-files-2,4,other
EFTA01315606.pdf,data-set-10-files-2,6,other
EFTA01315612.pdf,data-set-10-files-2,6,other
EFTA01315618.pdf,data-set-10-files-2,5,other
EFTA01315623.pdf,data-set-10-files-2,6,other
EFTA01315629.pdf,data-set-10-files-2,8,other
EFTA01315637.pdf,data-set-10-files-2,4,other
EFTA01315641.pdf,data-set-10-files-2,5,other
EFTA01315646.pdf,data-set-10-files-2,4,other
EFTA01315650.pdf,data-set-10-files-2,3,other
EFTA01315653.pdf,data-set-10-files-2,3,other
EFTA01315656.pdf,data-set-10-files-2,6,other
EFTA01315662.pdf,data-set-10-files-2,5,other
EFTA01315667.pdf,data-set-10-files-2,5,other
EFTA01315672.pdf,data-set-10-files-2,4,other
EFTA01315676.pdf,data-set-10-files-2,3,other
EFTA01315679.pdf,data-set-10-files-2,3,other
EFTA01315682.pdf,data-set-10-files-2,5,other
EFTA01315687.pdf,data-set-10-files-2,5,other
EFTA01315692.pdf,data-set-10-files-2,5,other
EFTA01315697.pdf,data-set-10-files-2,4,other
EFTA01315701.pdf,data-set-10-files-2,3,other
EFTA01315704.pdf,data-set-10-files-2,5,other
EFTA01315709.pdf,data-set-10-files-2,6,other
EFTA01315715.pdf,data-set-10-files-2,6,other
EFTA01315721.pdf,data-set-10-files-2,4,other
EFTA01315725.pdf,data-set-10-files-2,4,other
EFTA01315729.pdf,data-set-10-files-2,3,other
EFTA01315732.pdf,data-set-10-files-2,3,other
EFTA01315735.pdf,data-set-10-files-2,5,other
EFTA01315740.pdf,data-set-10-files-2,4,other
EFTA01315744.pdf,data-set-10-files-2,5,other
EFTA01315749.pdf,data-set-10-files-2,5,other
EFTA01315754.pdf,data-set-10-files-2,5,other
EFTA01315759.pdf,data-set-10-files-2,5,other
EFTA01315764.pdf,data-set-10-files-2,4,other
EFTA01315768.pdf,data-set-10-files-2,3,other
EFTA01315771.pdf,data-set-10-files-2,3,other
EFTA01315774.pdf,data-set-10-files-2,4,other
EFTA01315778.pdf,data-set-10-files-2,4,other
EFTA01315782.pdf,data-set-10-files-2,6,other
EFTA01315788.pdf,data-set-10-files-2,4,other
EFTA01315792.pdf,data-set-10-files-2,4,other
EFTA01315796.pdf,data-set-10-files-2,4,other
EFTA01315800.pdf,data-set-10-files-2,3,other
EFTA01315803.pdf,data-set-10-files-2,3,other
EFTA01315806.pdf,data-set-10-files-2,3,other
EFTA01315809.pdf,data-set-10-files-2,3,other
EFTA01315812.pdf,data-set-10-files-2,7,other
EFTA01315819.pdf,data-set-10-files-2,7,other
EFTA01315826.pdf,data-set-10-files-2,4,other
EFTA01315830.pdf,data-set-10-files-2,5,other
EFTA01315835.pdf,data-set-10-files-2,8,other
EFTA01315843.pdf,data-set-10-files-2,3,other
EFTA01315846.pdf,data-set-10-files-2,9,other
EFTA01315855.pdf,data-set-10-files-2,4,other
EFTA01315859.pdf,data-set-10-files-2,6,other
EFTA01315865.pdf,data-set-10-files-2,6,other
EFTA01315871.pdf,data-set-10-files-2,8,other
EFTA01315879.pdf,data-set-10-files-2,9,other
EFTA01315888.pdf,data-set-10-files-2,3,other
EFTA01315891.pdf,data-set-10-files-2,10,other
EFTA01315901.pdf,data-set-10-files-2,12,other
EFTA01315913.pdf,data-set-10-files-2,3,other
EFTA01315916.pdf,data-set-10-files-2,8,other
EFTA01315924.pdf,data-set-10-files-2,15,other
EFTA01315939.pdf,data-set-10-files-2,4,other
EFTA01315943.pdf,data-set-10-files-2,5,other
EFTA01315948.pdf,data-set-10-files-2,5,other
EFTA01315953.pdf,data-set-10-files-2,4,other
EFTA01315957.pdf,data-set-10-files-2,5,other
EFTA01315962.pdf,data-set-10-files-2,5,other
EFTA01315967.pdf,data-set-10-files-2,10,email
EFTA01315977.pdf,data-set-10-files-2,12,email
EFTA01315989.pdf,data-set-10-files-2,10,email
EFTA01315999.pdf,data-set-10-files-2,4,email
EFTA01316003.pdf,data-set-10-files-2,4,email
EFTA01316007.pdf,data-set-10-files-2,12,email
EFTA01316019.pdf,data-set-10-files-2,6,email
EFTA01316025.pdf,data-set-10-files-2,10,email
EFTA01316035.pdf,data-set-10-files-2,12,email
EFTA01316047.pdf,data-set-10-files-2,14,email
EFTA01316061.pdf,data-set-10-files-2,14,email
EFTA01316075.pdf,data-set-10-files-2,14,email
EFTA01316089.pdf,data-set-10-files-2,14,email
EFTA01316103.pdf,data-set-10-files-2,10,email
EFTA01316113.pdf,data-set-10-files-2,10,email
EFTA01316123.pdf,data-set-10-files-2,14,email
EFTA01316137.pdf,data-set-10-files-2,10,email
EFTA01316147.pdf,data-set-10-files-2,12,email
EFTA01316159.pdf,data-set-10-files-2,14,email
EFTA01316173.pdf,data-set-10-files-2,8,email
EFTA01316181.pdf,data-set-10-files-2,14,email
EFTA01316195.pdf,data-set-10-files-2,12,email
EFTA01316207.pdf,data-set-10-files-2,14,email
EFTA01316221.pdf,data-set-10-files-2,16,email
EFTA01316237.pdf,data-set-10-files-2,6,email
EFTA01316243.pdf,data-set-10-files-2,225,other
EFTA01316468.pdf,data-set-10-files-2,78,other
EFTA01316546.pdf,data-set-10-files-2,1,other
EFTA01316547.pdf,data-set-10-files-2,1,other
EFTA01316548.pdf,data-set-10-files-2,1,other
EFTA01316549.pdf,data-set-10-files-2,1,other
EFTA01316550.pdf,data-set-10-files-2,1,other
EFTA01316551.pdf,data-set-10-files-2,1,other
EFTA01316552.pdf,data-set-10-files-2,1,other
EFTA01316553.pdf,data-set-10-files-2,1,other
EFTA01316554.pdf,data-set-10-files-2,1,other
EFTA01316555.pdf,data-set-10-files-2,1,other
EFTA01316556.pdf,data-set-10-files-2,1,other
EFTA01316557.pdf,data-set-10-files-2,1,other
EFTA01316558.pdf,data-set-10-files-2,1,other
EFTA01316559.pdf,data-set-10-files-2,1,other
EFTA01316560.pdf,data-set-10-files-2,1,other
EFTA01316561.pdf,data-set-10-files-2,1,other
EFTA01316562.pdf,data-set-10-files-2,1,other
EFTA01316563.pdf,data-set-10-files-2,1,other
EFTA01316564.pdf,data-set-10-files-2,1,other
EFTA01316565.pdf,data-set-10-files-2,1,other
EFTA01316566.pdf,data-set-10-files-2,1,other
EFTA01316567.pdf,data-set-10-files-2,1,other
EFTA01316568.pdf,data-set-10-files-2,1,other
EFTA01316569.pdf,data-set-10-files-2,1,other
EFTA01316570.pdf,data-set-10-files-2,1,other
EFTA01316571.pdf,data-set-10-files-2,1,other
EFTA01316572.pdf,data-set-10-files-2,1,other
EFTA01316573.pdf,data-set-10-files-2,1,other
EFTA01316574.pdf,data-set-10-files-2,1,other
EFTA01316575.pdf,data-set-10-files-2,1,other
EFTA01316576.pdf,data-set-10-files-2,1,other
EFTA01316577.pdf,data-set-10-files-2,1,other
EFTA01316578.pdf,data-set-10-files-2,1,other
EFTA01316579.pdf,data-set-10-files-2,1,other
EFTA01316580.pdf,data-set-10-files-2,1,other
EFTA01316581.pdf,data-set-10-files-2,1,other
EFTA01316582.pdf,data-set-10-files-2,1,other
EFTA01316583.pdf,data-set-10-files-2,1,other
EFTA01316584.pdf,data-set-10-files-2,1,other
EFTA01316585.pdf,data-set-10-files-2,1,other
EFTA01316586.pdf,data-set-10-files-2,1,other
EFTA01316587.pdf,data-set-10-files-2,1,other
EFTA01316588.pdf,data-set-10-files-2,1,other
EFTA01316589.pdf,data-set-10-files-2,1,other
EFTA01316590.pdf,data-set-10-files-2,1,other
EFTA01316591.pdf,data-set-10-files-2,1,other
EFTA01316592.pdf,data-set-10-files-2,1,other
EFTA01316593.pdf,data-set-10-files-2,1,other
EFTA01316594.pdf,data-set-10-files-2,1,other
EFTA01316595.pdf,data-set-10-files-2,1,other
EFTA01316597.pdf,data-set-10-files-2,1,other
EFTA01316598.pdf,data-set-10-files-2,1,other
EFTA01316599.pdf,data-set-10-files-2,1,other
EFTA01316600.pdf,data-set-10-files-2,1,other
EFTA01316601.pdf,data-set-10-files-2,1,other
EFTA01316602.pdf,data-set-10-files-2,1,other
EFTA01316603.pdf,data-set-10-files-2,1,other
EFTA01316604.pdf,data-set-10-files-2,1,other
EFTA01316605.pdf,data-set-10-files-2,1,other
EFTA01316606.pdf,data-set-10-files-2,1,other
EFTA01316607.pdf,data-set-10-files-2,1,other
EFTA01316608.pdf,data-set-10-files-2,1,other
EFTA01316609.pdf,data-set-10-files-2,1,other
EFTA01316610.pdf,data-set-10-files-2,1,other
EFTA01316611.pdf,data-set-10-files-2,1,other
EFTA01316612.pdf,data-set-10-files-2,1,other
EFTA01316613.pdf,data-set-10-files-2,1,other
EFTA01316614.pdf,data-set-10-files-2,1,other
EFTA01316615.pdf,data-set-10-files-2,1,other
EFTA01316616.pdf,data-set-10-files-2,1,other
EFTA01316617.pdf,data-set-10-files-2,1,other
EFTA01316618.pdf,data-set-10-files-2,1,other
EFTA01316619.pdf,data-set-10-files-2,1,other
EFTA01316620.pdf,data-set-10-files-2,1,other
EFTA01316621.pdf,data-set-10-files-2,1,other
EFTA01316622.pdf,data-set-10-files-2,1,other
EFTA01316623.pdf,data-set-10-files-2,1,other
EFTA01316624.pdf,data-set-10-files-2,1,other
EFTA01316625.pdf,data-set-10-files-2,1,other
EFTA01316626.pdf,data-set-10-files-2,1,other
EFTA01316627.pdf,data-set-10-files-2,1,other
EFTA01316628.pdf,data-set-10-files-2,1,other
EFTA01316629.pdf,data-set-10-files-2,1,other
EFTA01316630.pdf,data-set-10-files-2,1,other
EFTA01316631.pdf,data-set-10-files-2,1,other
EFTA01316632.pdf,data-set-10-files-2,1,other
EFTA01316633.pdf,data-set-10-files-2,1,other
EFTA01316634.pdf,data-set-10-files-2,1,other
EFTA01316635.pdf,data-set-10-files-2,1,other
EFTA01316636.pdf,data-set-10-files-2,1,other
EFTA01316637.pdf,data-set-10-files-2,1,other
EFTA01316638.pdf,data-set-10-files-2,5,other
EFTA01316643.pdf,data-set-10-files-2,9,other
EFTA01316652.pdf,data-set-10-files-2,4,other
EFTA01316656.pdf,data-set-10-files-2,14,other
EFTA01316670.pdf,data-set-10-files-2,9,other
EFTA01316679.pdf,data-set-10-files-2,9,other
EFTA01316688.pdf,data-set-10-files-2,5,other
EFTA01316693.pdf,data-set-10-files-2,8,other
EFTA01316701.pdf,data-set-10-files-2,6,other
EFTA01316707.pdf,data-set-10-files-2,5,other
EFTA01316712.pdf,data-set-10-files-2,3,other
EFTA01316715.pdf,data-set-10-files-2,4,other
EFTA01316719.pdf,data-set-10-files-2,7,other
EFTA01316726.pdf,data-set-10-files-2,8,other
EFTA01316734.pdf,data-set-10-files-2,7,other
EFTA01316741.pdf,data-set-10-files-2,6,other
EFTA01316747.pdf,data-set-10-files-2,4,other
EFTA01316751.pdf,data-set-10-files-2,4,other
EFTA01316755.pdf,data-set-10-files-2,7,other
EFTA01316762.pdf,data-set-10-files-2,6,other
EFTA01316768.pdf,data-set-10-files-2,7,other
EFTA01316775.pdf,data-set-10-files-2,11,other
EFTA01316786.pdf,data-set-10-files-2,4,other
EFTA01316790.pdf,data-set-10-files-2,4,other
EFTA01316794.pdf,data-set-10-files-2,4,other
EFTA01316798.pdf,data-set-10-files-2,3,other
EFTA01316801.pdf,data-set-10-files-2,7,other
EFTA01316808.pdf,data-set-10-files-2,8,other
EFTA01316816.pdf,data-set-10-files-2,5,other
EFTA01316821.pdf,data-set-10-files-2,5,other
EFTA01316826.pdf,data-set-10-files-2,4,other
EFTA01316830.pdf,data-set-10-files-2,9,other
EFTA01316839.pdf,data-set-10-files-2,6,other
EFTA01316845.pdf,data-set-10-files-2,4,other
EFTA01316849.pdf,data-set-10-files-2,4,other
EFTA01316853.pdf,data-set-10-files-2,5,other
EFTA01316858.pdf,data-set-10-files-2,9,other
EFTA01316867.pdf,data-set-10-files-2,4,other
EFTA01316871.pdf,data-set-10-files-2,4,other
EFTA01316875.pdf,data-set-10-files-2,4,other
EFTA01316879.pdf,data-set-10-files-2,4,other
EFTA01316883.pdf,data-set-10-files-2,4,other
EFTA01316887.pdf,data-set-10-files-2,6,other
EFTA01316893.pdf,data-set-10-files-2,5,other
EFTA01316898.pdf,data-set-10-files-2,9,other
EFTA01316907.pdf,data-set-10-files-2,4,other
EFTA01316911.pdf,data-set-10-files-2,5,other
EFTA01316916.pdf,data-set-10-files-2,6,other
EFTA01316922.pdf,data-set-10-files-2,3,other
EFTA01316925.pdf,data-set-10-files-2,5,other
EFTA01316930.pdf,data-set-10-files-2,8,other
EFTA01316938.pdf,data-set-10-files-2,5,other
EFTA01316943.pdf,data-set-10-files-2,9,other
EFTA01316952.pdf,data-set-10-files-2,7,other
EFTA01316959.pdf,data-set-10-files-2,7,other
EFTA01316966.pdf,data-set-10-files-2,4,other
EFTA01316970.pdf,data-set-10-files-2,4,other
EFTA01316974.pdf,data-set-10-files-2,5,other
EFTA01316979.pdf,data-set-10-files-2,8,other
EFTA01316987.pdf,data-set-10-files-2,6,other
EFTA01316993.pdf,data-set-10-files-2,10,other
EFTA01317003.pdf,data-set-10-files-2,6,other
EFTA01317009.pdf,data-set-10-files-2,3,other
EFTA01317012.pdf,data-set-10-files-2,3,other
EFTA01317015.pdf,data-set-10-files-2,8,other
EFTA01317023.pdf,data-set-10-files-2,5,other
EFTA01317028.pdf,data-set-10-files-2,8,other
EFTA01317036.pdf,data-set-10-files-2,4,other
EFTA01317040.pdf,data-set-10-files-2,5,other
EFTA01317045.pdf,data-set-10-files-2,4,other
EFTA01317049.pdf,data-set-10-files-2,4,other
EFTA01317053.pdf,data-set-10-files-2,3,other
EFTA01317056.pdf,data-set-10-files-2,3,other
EFTA01317059.pdf,data-set-10-files-2,11,other
EFTA01317070.pdf,data-set-10-files-2,3,other
EFTA01317073.pdf,data-set-10-files-2,9,other
EFTA01317082.pdf,data-set-10-files-2,3,other
EFTA01317085.pdf,data-set-10-files-2,6,other
EFTA01317091.pdf,data-set-10-files-2,7,other
EFTA01317098.pdf,data-set-10-files-2,3,other
EFTA01317101.pdf,data-set-10-files-2,5,other
EFTA01317106.pdf,data-set-10-files-2,4,other
EFTA01317110.pdf,data-set-10-files-2,7,other
EFTA01317117.pdf,data-set-10-files-2,3,other
EFTA01317120.pdf,data-set-10-files-2,3,other
EFTA01317123.pdf,data-set-10-files-2,3,other
EFTA01317126.pdf,data-set-10-files-2,7,other
EFTA01317133.pdf,data-set-10-files-2,3,other
EFTA01317136.pdf,data-set-10-files-2,7,other
EFTA01317143.pdf,data-set-10-files-2,6,other
EFTA01317149.pdf,data-set-10-files-2,9,other
EFTA01317158.pdf,data-set-10-files-2,8,other
EFTA01317166.pdf,data-set-10-files-2,7,other
EFTA01317173.pdf,data-set-10-files-2,9,other
EFTA01317182.pdf,data-set-10-files-2,8,other
EFTA01317190.pdf,data-set-10-files-2,8,other
EFTA01317198.pdf,data-set-10-files-2,10,other
EFTA01317208.pdf,data-set-10-files-2,9,other
EFTA01317217.pdf,data-set-10-files-2,3,other
EFTA01317220.pdf,data-set-10-files-2,3,other
EFTA01317223.pdf,data-set-10-files-2,3,other
EFTA01317226.pdf,data-set-10-files-2,4,other
EFTA01317230.pdf,data-set-10-files-2,3,other
EFTA01317233.pdf,data-set-10-files-2,4,other
EFTA01317237.pdf,data-set-10-files-2,3,other
EFTA01317240.pdf,data-set-10-files-2,4,other
EFTA01317244.pdf,data-set-10-files-2,5,other
EFTA01317249.pdf,data-set-10-files-2,4,other
EFTA01317257.pdf,data-set-10-files-2,4,other
EFTA01317261.pdf,data-set-10-files-2,4,other
EFTA01317265.pdf,data-set-10-files-2,12,other
EFTA01317277.pdf,data-set-10-files-2,10,other
EFTA01317287.pdf,data-set-10-files-2,10,other
EFTA01317297.pdf,data-set-10-files-2,11,other
EFTA01317308.pdf,data-set-10-files-2,11,other
EFTA01317319.pdf,data-set-10-files-2,15,other
EFTA01317334.pdf,data-set-10-files-2,3,other
EFTA01317337.pdf,data-set-10-files-2,3,other
EFTA01317340.pdf,data-set-10-files-2,3,other
EFTA01317343.pdf,data-set-10-files-2,3,other
EFTA01317346.pdf,data-set-10-files-2,4,other
EFTA01317350.pdf,data-set-10-files-2,4,other
EFTA01317354.pdf,data-set-10-files-2,4,other
EFTA01317358.pdf,data-set-10-files-2,9,other
EFTA01317367.pdf,data-set-10-files-2,4,other
EFTA01317371.pdf,data-set-10-files-2,6,other
EFTA01317377.pdf,data-set-10-files-2,4,other
EFTA01317381.pdf,data-set-10-files-2,9,other
EFTA01317390.pdf,data-set-10-files-2,5,other
EFTA01317395.pdf,data-set-10-files-2,6,other
EFTA01317401.pdf,data-set-10-files-2,7,other
EFTA01317408.pdf,data-set-10-files-2,5,other
EFTA01317413.pdf,data-set-10-files-2,12,other
EFTA01317425.pdf,data-set-10-files-2,3,other
EFTA01317428.pdf,data-set-10-files-2,3,other
EFTA01317431.pdf,data-set-10-files-2,3,other
EFTA01317434.pdf,data-set-10-files-2,3,other
EFTA01317437.pdf,data-set-10-files-2,4,other
EFTA01317441.pdf,data-set-10-files-2,5,other
EFTA01317446.pdf,data-set-10-files-2,9,other
EFTA01317455.pdf,data-set-10-files-2,5,other
EFTA01317460.pdf,data-set-10-files-2,6,other
EFTA01317466.pdf,data-set-10-files-2,12,other
EFTA01317478.pdf,data-set-10-files-2,6,other
EFTA01317484.pdf,data-set-10-files-2,14,other
EFTA01317498.pdf,data-set-10-files-2,5,other
EFTA01317503.pdf,data-set-10-files-2,5,other
EFTA01317508.pdf,data-set-10-files-2,3,other
EFTA01317511.pdf,data-set-10-files-2,5,other
EFTA01317516.pdf,data-set-10-files-2,4,other
EFTA01317520.pdf,data-set-10-files-2,10,other
EFTA01317530.pdf,data-set-10-files-2,7,other
EFTA01317537.pdf,data-set-10-files-2,4,other
EFTA01317541.pdf,data-set-10-files-2,9,other
EFTA01317550.pdf,data-set-10-files-2,5,other
EFTA01317555.pdf,data-set-10-files-2,9,other
EFTA01317564.pdf,data-set-10-files-2,6,other
EFTA01317570.pdf,data-set-10-files-2,4,other
EFTA01317574.pdf,data-set-10-files-2,3,other
EFTA01317577.pdf,data-set-10-files-2,5,other
EFTA01317582.pdf,data-set-10-files-2,8,other
EFTA01317590.pdf,data-set-10-files-2,9,other
EFTA01317599.pdf,data-set-10-files-2,4,other
EFTA01317603.pdf,data-set-10-files-2,4,other
EFTA01317607.pdf,data-set-10-files-2,13,other
EFTA01317620.pdf,data-set-10-files-2,7,other
EFTA01317627.pdf,data-set-10-files-2,4,other
EFTA01317631.pdf,data-set-10-files-2,4,other
EFTA01317635.pdf,data-set-10-files-2,4,other
EFTA01317639.pdf,data-set-10-files-2,3,other
EFTA01317642.pdf,data-set-10-files-2,4,other
EFTA01317646.pdf,data-set-10-files-2,12,other
EFTA01317658.pdf,data-set-10-files-2,5,other
EFTA01317663.pdf,data-set-10-files-2,7,other
EFTA01317670.pdf,data-set-10-files-2,6,other
EFTA01317676.pdf,data-set-10-files-2,6,other
EFTA01317682.pdf,data-set-10-files-2,6,other
EFTA01317688.pdf,data-set-10-files-2,7,other
EFTA01317695.pdf,data-set-10-files-2,6,other
EFTA01317701.pdf,data-set-10-files-2,3,other
EFTA01317704.pdf,data-set-10-files-2,4,other
EFTA01317708.pdf,data-set-10-files-2,4,other
EFTA01317712.pdf,data-set-10-files-2,4,other
EFTA01317716.pdf,data-set-10-files-2,5,other
EFTA01317721.pdf,data-set-10-files-2,4,other
EFTA01317725.pdf,data-set-10-files-2,4,other
EFTA01317729.pdf,data-set-10-files-2,4,other
EFTA01317733.pdf,data-set-10-files-2,5,other
EFTA01317738.pdf,data-set-10-files-2,10,other
EFTA01317748.pdf,data-set-10-files-2,6,other
EFTA01317754.pdf,data-set-10-files-2,4,other
EFTA01317758.pdf,data-set-10-files-2,6,other
EFTA01317764.pdf,data-set-10-files-2,8,other
EFTA01317772.pdf,data-set-10-files-2,5,other
EFTA01317777.pdf,data-set-10-files-2,4,other
EFTA01317781.pdf,data-set-10-files-2,4,other
EFTA01317785.pdf,data-set-10-files-2,6,other
EFTA01317791.pdf,data-set-10-files-2,3,other
EFTA01317794.pdf,data-set-10-files-2,4,other
EFTA01317798.pdf,data-set-10-files-2,5,other
EFTA01317803.pdf,data-set-10-files-2,11,other
EFTA01317814.pdf,data-set-10-files-2,10,other
EFTA01317824.pdf,data-set-10-files-2,7,other
EFTA01317831.pdf,data-set-10-files-2,9,other
EFTA01317840.pdf,data-set-10-files-2,9,other
EFTA01317849.pdf,data-set-10-files-2,5,other
EFTA01317854.pdf,data-set-10-files-2,4,other
EFTA01317858.pdf,data-set-10-files-2,6,other
EFTA01317864.pdf,data-set-10-files-2,3,other
EFTA01317867.pdf,data-set-10-files-2,5,other
EFTA01317872.pdf,data-set-10-files-2,3,other
EFTA01317875.pdf,data-set-10-files-2,9,other
EFTA01317884.pdf,data-set-10-files-2,5,other
EFTA01317889.pdf,data-set-10-files-2,11,other
EFTA01317900.pdf,data-set-10-files-2,8,other
EFTA01317908.pdf,data-set-10-files-2,8,other
EFTA01317916.pdf,data-set-10-files-2,14,other
EFTA01317930.pdf,data-set-10-files-2,4,other
EFTA01317934.pdf,data-set-10-files-2,4,other
EFTA01317938.pdf,data-set-10-files-2,4,other
EFTA01317942.pdf,data-set-10-files-2,10,other
EFTA01317952.pdf,data-set-10-files-2,6,other
EFTA01317958.pdf,data-set-10-files-2,6,other
EFTA01317964.pdf,data-set-10-files-2,6,other
EFTA01317970.pdf,data-set-10-files-2,9,other
EFTA01317979.pdf,data-set-10-files-2,21,other
EFTA01318000.pdf,data-set-10-files-2,10,other
EFTA01318010.pdf,data-set-10-files-2,4,other
EFTA01318014.pdf,data-set-10-files-2,4,other
EFTA01318018.pdf,data-set-10-files-2,4,other
EFTA01318022.pdf,data-set-10-files-2,5,other
EFTA01318027.pdf,data-set-10-files-2,5,other
EFTA01318032.pdf,data-set-10-files-2,10,other
EFTA01318042.pdf,data-set-10-files-2,6,other
EFTA01318048.pdf,data-set-10-files-2,5,other
EFTA01318053.pdf,data-set-10-files-2,8,other
EFTA01318061.pdf,data-set-10-files-2,6,other
EFTA01318067.pdf,data-set-10-files-2,7,other
EFTA01318074.pdf,data-set-10-files-2,9,other
EFTA01318083.pdf,data-set-10-files-2,5,other
EFTA01318088.pdf,data-set-10-files-2,13,other
EFTA01318101.pdf,data-set-10-files-2,4,other
EFTA01318105.pdf,data-set-10-files-2,3,other
EFTA01318108.pdf,data-set-10-files-2,4,other
EFTA01318112.pdf,data-set-10-files-2,11,other
EFTA01318123.pdf,data-set-10-files-2,6,other
EFTA01318129.pdf,data-set-10-files-2,11,other
EFTA01318140.pdf,data-set-10-files-2,5,other
EFTA01318145.pdf,data-set-10-files-2,4,other
EFTA01318149.pdf,data-set-10-files-2,3,other
EFTA01318152.pdf,data-set-10-files-2,4,other
EFTA01318156.pdf,data-set-10-files-2,4,other
EFTA01318160.pdf,data-set-10-files-2,4,other
EFTA01318164.pdf,data-set-10-files-2,5,other
EFTA01318169.pdf,data-set-10-files-2,9,other
EFTA01318178.pdf,data-set-10-files-2,7,other
EFTA01318185.pdf,data-set-10-files-2,5,other
EFTA01318190.pdf,data-set-10-files-2,9,other
EFTA01318199.pdf,data-set-10-files-2,10,other
EFTA01318209.pdf,data-set-10-files-2,7,other
EFTA01318216.pdf,data-set-10-files-2,3,other
EFTA01318219.pdf,data-set-10-files-2,4,other
EFTA01318223.pdf,data-set-10-files-2,4,other
EFTA01318227.pdf,data-set-10-files-2,4,other
EFTA01318231.pdf,data-set-10-files-2,8,other
EFTA01318239.pdf,data-set-10-files-2,7,other
EFTA01318246.pdf,data-set-10-files-2,5,other
EFTA01318251.pdf,data-set-10-files-2,8,other
EFTA01318259.pdf,data-set-10-files-2,8,other
EFTA01318267.pdf,data-set-10-files-2,7,other
EFTA01318274.pdf,data-set-10-files-2,8,other
EFTA01318282.pdf,data-set-10-files-2,4,other
EFTA01318286.pdf,data-set-10-files-2,9,other
EFTA01318295.pdf,data-set-10-files-2,9,other
EFTA01318304.pdf,data-set-10-files-2,8,other
EFTA01318312.pdf,data-set-10-files-2,9,other
EFTA01318321.pdf,data-set-10-files-2,5,other
EFTA01318326.pdf,data-set-10-files-2,4,other
EFTA01318330.pdf,data-set-10-files-2,4,other
EFTA01318334.pdf,data-set-10-files-2,4,other
EFTA01318338.pdf,data-set-10-files-2,10,other
EFTA01318348.pdf,data-set-10-files-2,8,other
EFTA01318356.pdf,data-set-10-files-2,6,other
EFTA01318362.pdf,data-set-10-files-2,6,other
EFTA01318368.pdf,data-set-10-files-2,6,other
EFTA01318374.pdf,data-set-10-files-2,8,other
EFTA01318382.pdf,data-set-10-files-2,8,other
EFTA01318390.pdf,data-set-10-files-2,4,other
EFTA01318394.pdf,data-set-10-files-2,3,other
EFTA01318397.pdf,data-set-10-files-2,5,other
EFTA01318402.pdf,data-set-10-files-2,3,other
EFTA01318405.pdf,data-set-10-files-2,4,other
EFTA01318409.pdf,data-set-10-files-2,4,other
EFTA01318413.pdf,data-set-10-files-2,6,other
EFTA01318419.pdf,data-set-10-files-2,5,other
EFTA01318424.pdf,data-set-10-files-2,7,other
EFTA01318431.pdf,data-set-10-files-2,6,other
EFTA01318437.pdf,data-set-10-files-2,10,other
EFTA01318447.pdf,data-set-10-files-2,6,other
EFTA01318453.pdf,data-set-10-files-2,4,other
EFTA01318457.pdf,data-set-10-files-2,11,other
EFTA01318468.pdf,data-set-10-files-2,7,other
EFTA01318475.pdf,data-set-10-files-2,5,other
EFTA01318480.pdf,data-set-10-files-2,4,other
EFTA01318484.pdf,data-set-10-files-2,4,other
EFTA01318488.pdf,data-set-10-files-2,11,other
EFTA01318499.pdf,data-set-10-files-2,7,other
EFTA01318506.pdf,data-set-10-files-2,9,other
EFTA01318515.pdf,data-set-10-files-2,4,other
EFTA01318519.pdf,data-set-10-files-2,6,other
EFTA01318525.pdf,data-set-10-files-2,9,other
EFTA01318534.pdf,data-set-10-files-2,6,other
EFTA01318540.pdf,data-set-10-files-2,5,other
EFTA01318545.pdf,data-set-10-files-2,4,other
EFTA01318549.pdf,data-set-10-files-2,3,other
EFTA01318552.pdf,data-set-10-files-2,10,other
EFTA01318562.pdf,data-set-10-files-2,6,other
EFTA01318568.pdf,data-set-10-files-2,9,other
EFTA01318577.pdf,data-set-10-files-2,7,other
EFTA01318584.pdf,data-set-10-files-2,7,other
EFTA01318591.pdf,data-set-10-files-2,6,other
EFTA01318597.pdf,data-set-10-files-2,7,other
EFTA01318604.pdf,data-set-10-files-2,4,other
EFTA01318608.pdf,data-set-10-files-2,4,other
EFTA01318612.pdf,data-set-10-files-2,3,other
EFTA01318615.pdf,data-set-10-files-2,10,other
EFTA01318625.pdf,data-set-10-files-2,7,other
EFTA01318632.pdf,data-set-10-files-2,7,other
EFTA01318639.pdf,data-set-10-files-2,7,other
EFTA01318646.pdf,data-set-10-files-2,6,other
EFTA01318652.pdf,data-set-10-files-2,5,other
EFTA01318657.pdf,data-set-10-files-2,4,other
EFTA01318661.pdf,data-set-10-files-2,5,other
EFTA01318666.pdf,data-set-10-files-2,10,other
EFTA01318676.pdf,data-set-10-files-2,3,other
EFTA01318679.pdf,data-set-10-files-2,9,other
EFTA01318688.pdf,data-set-10-files-2,7,other
EFTA01318695.pdf,data-set-10-files-2,6,other
EFTA01318701.pdf,data-set-10-files-2,9,other
EFTA01318710.pdf,data-set-10-files-2,7,other
EFTA01318717.pdf,data-set-10-files-2,7,other
EFTA01318724.pdf,data-set-10-files-2,6,other
EFTA01318730.pdf,data-set-10-files-2,3,other
EFTA01318733.pdf,data-set-10-files-2,7,other
EFTA01318740.pdf,data-set-10-files-2,7,other
EFTA01318747.pdf,data-set-10-files-2,11,other
EFTA01318758.pdf,data-set-10-files-2,7,other
EFTA01318765.pdf,data-set-10-files-2,9,other
EFTA01318774.pdf,data-set-10-files-2,4,other
EFTA01318778.pdf,data-set-10-files-2,3,other
EFTA01318781.pdf,data-set-10-files-2,10,other
EFTA01318791.pdf,data-set-10-files-2,13,other
EFTA01318804.pdf,data-set-10-files-2,13,other
EFTA01318817.pdf,data-set-10-files-2,9,other
EFTA01318826.pdf,data-set-10-files-2,9,other
EFTA01318835.pdf,data-set-10-files-2,10,other
EFTA01318845.pdf,data-set-10-files-2,11,other
EFTA01318856.pdf,data-set-10-files-2,9,other
EFTA01318865.pdf,data-set-10-files-2,4,other
EFTA01318869.pdf,data-set-10-files-2,8,other
EFTA01318877.pdf,data-set-10-files-2,6,other
EFTA01318883.pdf,data-set-10-files-2,16,other
EFTA01318899.pdf,data-set-10-files-2,10,other
EFTA01318909.pdf,data-set-10-files-2,17,other
EFTA01318926.pdf,data-set-10-files-2,10,other
EFTA01318936.pdf,data-set-10-files-2,19,other
EFTA01318955.pdf,data-set-10-files-2,10,other
EFTA01318965.pdf,data-set-10-files-2,3,other
EFTA01318968.pdf,data-set-10-files-2,4,other
EFTA01318972.pdf,data-set-10-files-2,4,other
EFTA01318976.pdf,data-set-10-files-2,7,other
EFTA01318983.pdf,data-set-10-files-2,7,other
EFTA01318990.pdf,data-set-10-files-2,9,other
EFTA01318999.pdf,data-set-10-files-2,10,other
EFTA01319009.pdf,data-set-10-files-2,6,other
EFTA01319015.pdf,data-set-10-files-2,3,other
EFTA01319018.pdf,data-set-10-files-2,4,other
EFTA01319022.pdf,data-set-10-files-2,3,other
EFTA01319025.pdf,data-set-10-files-2,3,other
EFTA01319028.pdf,data-set-10-files-2,3,other
EFTA01319031.pdf,data-set-10-files-2,3,other
EFTA01319034.pdf,data-set-10-files-2,4,other
EFTA01319038.pdf,data-set-10-files-2,4,other
EFTA01319042.pdf,data-set-10-files-2,4,other
EFTA01319046.pdf,data-set-10-files-2,9,other
EFTA01319055.pdf,data-set-10-files-2,10,other
EFTA01319065.pdf,data-set-10-files-2,5,other
EFTA01319070.pdf,data-set-10-files-2,9,other
EFTA01319079.pdf,data-set-10-files-2,9,other
EFTA01319088.pdf,data-set-10-files-2,10,other
EFTA01319098.pdf,data-set-10-files-2,8,other
EFTA01319106.pdf,data-set-10-files-2,7,other
EFTA01319113.pdf,data-set-10-files-2,10,other
EFTA01319123.pdf,data-set-10-files-2,4,other
EFTA01319127.pdf,data-set-10-files-2,3,other
EFTA01319130.pdf,data-set-10-files-2,4,other
EFTA01319134.pdf,data-set-10-files-2,3,other
EFTA01319137.pdf,data-set-10-files-2,4,other
EFTA01319141.pdf,data-set-10-files-2,6,other
EFTA01319147.pdf,data-set-10-files-2,7,other
EFTA01319161.pdf,data-set-10-files-2,3,other
EFTA01319164.pdf,data-set-10-files-2,3,other
EFTA01319167.pdf,data-set-10-files-2,3,other
EFTA01319170.pdf,data-set-10-files-2,3,other
EFTA01319173.pdf,data-set-10-files-2,3,other
EFTA01319176.pdf,data-set-10-files-2,3,other
EFTA01319179.pdf,data-set-10-files-2,3,other
EFTA01319182.pdf,data-set-10-files-2,3,other
EFTA01319185.pdf,data-set-10-files-2,4,other
EFTA01319189.pdf,data-set-10-files-2,4,other
EFTA01319193.pdf,data-set-10-files-2,4,other
EFTA01319197.pdf,data-set-10-files-2,4,other
EFTA01319201.pdf,data-set-10-files-2,8,other
EFTA01319209.pdf,data-set-10-files-2,9,other
EFTA01319218.pdf,data-set-10-files-2,10,other
EFTA01319228.pdf,data-set-10-files-2,7,other
EFTA01319235.pdf,data-set-10-files-2,7,other
EFTA01319242.pdf,data-set-10-files-2,10,other
EFTA01319252.pdf,data-set-10-files-2,7,other
EFTA01319259.pdf,data-set-10-files-2,10,other
EFTA01319269.pdf,data-set-10-files-2,3,other
EFTA01319272.pdf,data-set-10-files-2,3,other
EFTA01319275.pdf,data-set-10-files-2,3,other
EFTA01319278.pdf,data-set-10-files-2,4,other
EFTA01319282.pdf,data-set-10-files-2,4,other
EFTA01319286.pdf,data-set-10-files-2,6,other
EFTA01319292.pdf,data-set-10-files-2,11,other
EFTA01319303.pdf,data-set-10-files-2,8,other
EFTA01319311.pdf,data-set-10-files-2,8,other
EFTA01319319.pdf,data-set-10-files-2,6,other
EFTA01319325.pdf,data-set-10-files-2,3,other
EFTA01319328.pdf,data-set-10-files-2,3,other
EFTA01319331.pdf,data-set-10-files-2,5,other
EFTA01319336.pdf,data-set-10-files-2,4,other
EFTA01319340.pdf,data-set-10-files-2,3,other
EFTA01319343.pdf,data-set-10-files-2,3,other
EFTA01319346.pdf,data-set-10-files-2,8,other
EFTA01319354.pdf,data-set-10-files-2,5,other
EFTA01319359.pdf,data-set-10-files-2,8,other
EFTA01319367.pdf,data-set-10-files-2,5,other
EFTA01319372.pdf,data-set-10-files-2,7,other
EFTA01319379.pdf,data-set-10-files-2,11,other
EFTA01319390.pdf,data-set-10-files-2,7,other
EFTA01319397.pdf,data-set-10-files-2,3,other
EFTA01319400.pdf,data-set-10-files-2,3,other
EFTA01319403.pdf,data-set-10-files-2,3,other
EFTA01319406.pdf,data-set-10-files-2,3,other
EFTA01319409.pdf,data-set-10-files-2,4,other
EFTA01319413.pdf,data-set-10-files-2,4,other
EFTA01319417.pdf,data-set-10-files-2,4,other
EFTA01319421.pdf,data-set-10-files-2,5,other
EFTA01319426.pdf,data-set-10-files-2,4,other
EFTA01319430.pdf,data-set-10-files-2,4,other
EFTA01319434.pdf,data-set-10-files-2,5,other
EFTA01319439.pdf,data-set-10-files-2,5,other
EFTA01319444.pdf,data-set-10-files-2,5,other
EFTA01319449.pdf,data-set-10-files-2,5,other
EFTA01319454.pdf,data-set-10-files-2,6,other
EFTA01319460.pdf,data-set-10-files-2,5,other
EFTA01319465.pdf,data-set-10-files-2,5,other
EFTA01319470.pdf,data-set-10-files-2,5,other
EFTA01319475.pdf,data-set-10-files-2,5,other
EFTA01319480.pdf,data-set-10-files-2,5,other
EFTA01319485.pdf,data-set-10-files-2,6,other
EFTA01319491.pdf,data-set-10-files-2,5,other
EFTA01319496.pdf,data-set-10-files-2,5,other
EFTA01319501.pdf,data-set-10-files-2,5,other
EFTA01319506.pdf,data-set-10-files-2,4,other
EFTA01319510.pdf,data-set-10-files-2,5,other
EFTA01319515.pdf,data-set-10-files-2,6,other
EFTA01319521.pdf,data-set-10-files-2,5,other
EFTA01319526.pdf,data-set-10-files-2,4,other
EFTA01319530.pdf,data-set-10-files-2,5,other
EFTA01319535.pdf,data-set-10-files-2,4,other
EFTA01319539.pdf,data-set-10-files-2,5,other
EFTA01319544.pdf,data-set-10-files-2,4,other
EFTA01319548.pdf,data-set-10-files-2,6,other
EFTA01319554.pdf,data-set-10-files-2,5,other
EFTA01319559.pdf,data-set-10-files-2,5,other
EFTA01319564.pdf,data-set-10-files-2,5,other
EFTA01319569.pdf,data-set-10-files-2,9,other
EFTA01319578.pdf,data-set-10-files-2,4,other
EFTA01319582.pdf,data-set-10-files-2,9,other
EFTA01319591.pdf,data-set-10-files-2,4,other
EFTA01319595.pdf,data-set-10-files-2,12,other
EFTA01319607.pdf,data-set-10-files-2,4,other
EFTA01319611.pdf,data-set-10-files-2,9,other
EFTA01319620.pdf,data-set-10-files-2,10,other
EFTA01319630.pdf,data-set-10-files-2,4,other
EFTA01319634.pdf,data-set-10-files-2,10,other
EFTA01319644.pdf,data-set-10-files-2,6,other
EFTA01319650.pdf,data-set-10-files-2,7,other
EFTA01319657.pdf,data-set-10-files-2,4,other
EFTA01319661.pdf,data-set-10-files-2,3,other
EFTA01319664.pdf,data-set-10-files-2,3,other
EFTA01319667.pdf,data-set-10-files-2,3,other
EFTA01319670.pdf,data-set-10-files-2,5,other
EFTA01319675.pdf,data-set-10-files-2,5,other
EFTA01319680.pdf,data-set-10-files-2,8,other
EFTA01319688.pdf,data-set-10-files-2,5,other
EFTA01319693.pdf,data-set-10-files-2,14,other
EFTA01319707.pdf,data-set-10-files-2,8,other
EFTA01319715.pdf,data-set-10-files-2,8,other
EFTA01319723.pdf,data-set-10-files-2,7,other
EFTA01319730.pdf,data-set-10-files-2,4,other
EFTA01319734.pdf,data-set-10-files-2,4,other
EFTA01319738.pdf,data-set-10-files-2,4,other
EFTA01319742.pdf,data-set-10-files-2,3,other
EFTA01319745.pdf,data-set-10-files-2,3,other
EFTA01319748.pdf,data-set-10-files-2,3,other
EFTA01319751.pdf,data-set-10-files-2,6,other
EFTA01319757.pdf,data-set-10-files-2,5,other
EFTA01319762.pdf,data-set-10-files-2,6,other
EFTA01319768.pdf,data-set-10-files-2,4,other
EFTA01319772.pdf,data-set-10-files-2,5,other
EFTA01319777.pdf,data-set-10-files-2,4,other
EFTA01319781.pdf,data-set-10-files-2,6,other
EFTA01319787.pdf,data-set-10-files-2,5,other
EFTA01319792.pdf,data-set-10-files-2,6,other
EFTA01319798.pdf,data-set-10-files-2,8,other
EFTA01319806.pdf,data-set-10-files-2,4,other
EFTA01319810.pdf,data-set-10-files-2,6,other
EFTA01319816.pdf,data-set-10-files-2,5,other
EFTA01319821.pdf,data-set-10-files-2,4,other
EFTA01319825.pdf,data-set-10-files-2,4,other
EFTA01319829.pdf,data-set-10-files-2,3,other
EFTA01319832.pdf,data-set-10-files-2,4,other
EFTA01319836.pdf,data-set-10-files-2,6,other
EFTA01319842.pdf,data-set-10-files-2,5,other
EFTA01319847.pdf,data-set-10-files-2,5,other
EFTA01319852.pdf,data-set-10-files-2,4,other
EFTA01319856.pdf,data-set-10-files-2,7,other
EFTA01319863.pdf,data-set-10-files-2,3,other
EFTA01319866.pdf,data-set-10-files-2,3,other
EFTA01319869.pdf,data-set-10-files-2,3,other
EFTA01319872.pdf,data-set-10-files-2,3,other
EFTA01319875.pdf,data-set-10-files-2,5,other
EFTA01319880.pdf,data-set-10-files-2,5,other
EFTA01319885.pdf,data-set-10-files-2,5,other
EFTA01319890.pdf,data-set-10-files-2,4,other
EFTA01319894.pdf,data-set-10-files-2,3,other
EFTA01319897.pdf,data-set-10-files-2,3,other
EFTA01319900.pdf,data-set-10-files-2,5,other
EFTA01319905.pdf,data-set-10-files-2,6,other
EFTA01319911.pdf,data-set-10-files-2,4,other
EFTA01319915.pdf,data-set-10-files-2,4,other
EFTA01319919.pdf,data-set-10-files-2,3,other
EFTA01319922.pdf,data-set-10-files-2,3,other
EFTA01319925.pdf,data-set-10-files-2,5,other
EFTA01319930.pdf,data-set-10-files-2,5,other
EFTA01319935.pdf,data-set-10-files-2,5,other
EFTA01319940.pdf,data-set-10-files-2,4,other
EFTA01319944.pdf,data-set-10-files-2,3,other
EFTA01319947.pdf,data-set-10-files-2,3,other
EFTA01319950.pdf,data-set-10-files-2,4,other
EFTA01319954.pdf,data-set-10-files-2,4,other
EFTA01319958.pdf,data-set-10-files-2,4,other
EFTA01319962.pdf,data-set-10-files-2,4,other
EFTA01319966.pdf,data-set-10-files-2,3,other
EFTA01319969.pdf,data-set-10-files-2,3,other
EFTA01319972.pdf,data-set-10-files-2,7,other
EFTA01319979.pdf,data-set-10-files-2,7,other
EFTA01319986.pdf,data-set-10-files-2,4,other
EFTA01319990.pdf,data-set-10-files-2,5,other
EFTA01319995.pdf,data-set-10-files-2,3,other
EFTA01319998.pdf,data-set-10-files-2,3,other
EFTA01320001.pdf,data-set-10-files-2,9,other
EFTA01320010.pdf,data-set-10-files-2,4,other
EFTA01320014.pdf,data-set-10-files-2,6,other
EFTA01320020.pdf,data-set-10-files-2,3,other
EFTA01320023.pdf,data-set-10-files-2,6,other
EFTA01320029.pdf,data-set-10-files-2,3,other
EFTA01320032.pdf,data-set-10-files-2,7,other
EFTA01320039.pdf,data-set-10-files-2,3,other
EFTA01320042.pdf,data-set-10-files-2,12,other
EFTA01320054.pdf,data-set-10-files-2,3,other
EFTA01320057.pdf,data-set-10-files-2,8,other
EFTA01320065.pdf,data-set-10-files-2,15,other
EFTA01320080.pdf,data-set-10-files-2,5,other
EFTA01320085.pdf,data-set-10-files-2,5,other
EFTA01320090.pdf,data-set-10-files-2,4,other
EFTA01320094.pdf,data-set-10-files-2,5,other
EFTA01320099.pdf,data-set-10-files-2,3,other
EFTA01320102.pdf,data-set-10-files-2,5,other
EFTA01320107.pdf,data-set-10-files-2,56,other
EFTA01320163.pdf,data-set-10-files-2,66,other
EFTA01320229.pdf,data-set-10-files-2,68,other
EFTA01320297.pdf,data-set-10-files-2,46,other
EFTA01320343.pdf,data-set-10-files-2,68,other
EFTA01320411.pdf,data-set-10-files-2,60,other
EFTA01320471.pdf,data-set-10-files-2,66,other
EFTA01320537.pdf,data-set-10-files-2,16,other
EFTA01320553.pdf,data-set-10-files-2,22,other
EFTA01320575.pdf,data-set-10-files-2,68,other
EFTA01320643.pdf,data-set-10-files-2,26,other
EFTA01320669.pdf,data-set-10-files-2,14,other
EFTA01320683.pdf,data-set-10-files-2,8,other
EFTA01320691.pdf,data-set-10-files-2,14,other
EFTA01320705.pdf,data-set-10-files-2,38,other
EFTA01320743.pdf,data-set-10-files-2,154,other
EFTA01320897.pdf,data-set-10-files-2,192,other
EFTA01321089.pdf,data-set-10-files-2,14,other
EFTA01321103.pdf,data-set-10-files-2,56,other
EFTA01321159.pdf,data-set-10-files-2,24,other
EFTA01321183.pdf,data-set-10-files-2,16,other
EFTA01321199.pdf,data-set-10-files-2,40,other
EFTA01321239.pdf,data-set-10-files-2,20,other
EFTA01321259.pdf,data-set-10-files-2,16,other
EFTA01321275.pdf,data-set-10-files-2,91,other
EFTA01321366.pdf,data-set-10-files-2,90,other
EFTA01321456.pdf,data-set-10-files-2,78,other
EFTA01321534.pdf,data-set-10-files-2,64,other
EFTA01321598.pdf,data-set-10-files-2,24,other
EFTA01321622.pdf,data-set-10-files-2,12,other
EFTA01321634.pdf,data-set-10-files-2,4,other
EFTA01321638.pdf,data-set-10-files-2,28,other
EFTA01321666.pdf,data-set-10-files-2,4,other
EFTA01321670.pdf,data-set-10-files-2,16,other
EFTA01321686.pdf,data-set-10-files-2,12,other
EFTA01321698.pdf,data-set-10-files-2,38,other
EFTA01321736.pdf,data-set-10-files-2,8,other
EFTA01321744.pdf,data-set-10-files-2,14,other
EFTA01321758.pdf,data-set-10-files-2,72,other
EFTA01321830.pdf,data-set-10-files-2,80,other
EFTA01321910.pdf,data-set-10-files-2,12,other
EFTA01321922.pdf,data-set-10-files-2,92,other
EFTA01322014.pdf,data-set-10-files-2,16,other
EFTA01322030.pdf,data-set-10-files-2,80,other
EFTA01322110.pdf,data-set-10-files-2,82,other
EFTA01322192.pdf,data-set-10-files-2,88,other
EFTA01322280.pdf,data-set-10-files-2,102,other
EFTA01322382.pdf,data-set-10-files-2,178,other
EFTA01322560.pdf,data-set-10-files-2,10,other
EFTA01322570.pdf,data-set-10-files-2,16,other
EFTA01322586.pdf,data-set-10-files-2,38,other
EFTA01322624.pdf,data-set-10-files-2,60,other
EFTA01322684.pdf,data-set-10-files-2,60,other
EFTA01322744.pdf,data-set-10-files-2,64,other
EFTA01322808.pdf,data-set-10-files-2,64,other
EFTA01322872.pdf,data-set-10-files-2,44,other
EFTA01322916.pdf,data-set-10-files-2,632,other
EFTA01323548.pdf,data-set-10-files-2,172,other
EFTA01323720.pdf,data-set-10-files-2,370,other
EFTA01324090.pdf,data-set-10-files-2,148,other
EFTA01324238.pdf,data-set-10-files-2,16,other
EFTA01324254.pdf,data-set-10-files-2,16,other
EFTA01324270.pdf,data-set-10-files-2,96,other
EFTA01324366.pdf,data-set-10-files-2,86,other
EFTA01324452.pdf,data-set-10-files-2,80,other
EFTA01324532.pdf,data-set-10-files-2,82,other
EFTA01324614.pdf,data-set-10-files-2,88,other
EFTA01324702.pdf,data-set-10-files-2,58,other
EFTA01324760.pdf,data-set-10-files-2,14,other
EFTA01324774.pdf,data-set-10-files-2,36,other
EFTA01324810.pdf,data-set-10-files-2,2,email
EFTA01324812.pdf,data-set-10-files-2,46,other
EFTA01324858.pdf,data-set-10-files-2,34,other
EFTA01324892.pdf,data-set-10-files-2,2,other
EFTA01324894.pdf,data-set-10-files-2,6,other
EFTA01324900.pdf,data-set-10-files-2,66,other
EFTA01324966.pdf,data-set-10-files-2,3,other
EFTA01324969.pdf,data-set-10-files-2,2,other
EFTA01324971.pdf,data-set-10-files-2,2,email
EFTA01324973.pdf,data-set-10-files-2,1,other
EFTA01324974.pdf,data-set-10-files-2,2,email
EFTA01324976.pdf,data-set-10-files-2,2,email
EFTA01324978.pdf,data-set-10-files-2,3,email
EFTA01324981.pdf,data-set-10-files-2,22,other
EFTA01325003.pdf,data-set-10-files-2,5,other
EFTA01325008.pdf,data-set-10-files-2,12,other
EFTA01325020.pdf,data-set-10-files-2,2,other
EFTA01325022.pdf,data-set-10-files-2,3,email
EFTA01325025.pdf,data-set-10-files-2,6,email
EFTA01325031.pdf,data-set-10-files-2,20,other
EFTA01325051.pdf,data-set-10-files-2,20,other
EFTA01325071.pdf,data-set-10-files-2,9,other
EFTA01325080.pdf,data-set-10-files-2,68,other
EFTA01325148.pdf,data-set-10-files-2,1,other
EFTA01325149.pdf,data-set-10-files-2,1,other
EFTA01325150.pdf,data-set-10-files-2,1,other
EFTA01325151.pdf,data-set-10-files-2,1,other
EFTA01325152.pdf,data-set-10-files-2,1,other
EFTA01325153.pdf,data-set-10-files-2,5,other
EFTA01325158.pdf,data-set-10-files-2,10,other
EFTA01325168.pdf,data-set-10-files-2,2,other
EFTA01325170.pdf,data-set-10-files-2,1,other
EFTA01325171.pdf,data-set-10-files-2,1,other
EFTA01325172.pdf,data-set-10-files-2,1,other
EFTA01325173.pdf,data-set-10-files-2,1,other
EFTA01325174.pdf,data-set-10-files-2,1,other
EFTA01325175.pdf,data-set-10-files-2,19,other
EFTA01325194.pdf,data-set-10-files-2,10,other
EFTA01325204.pdf,data-set-10-files-2,19,other
EFTA01325223.pdf,data-set-10-files-2,14,other
EFTA01325237.pdf,data-set-10-files-2,5,other
EFTA01325242.pdf,data-set-10-files-2,12,other
EFTA01325254.pdf,data-set-10-files-2,1,other
EFTA01325255.pdf,data-set-10-files-2,1,other
EFTA01325256.pdf,data-set-10-files-2,1,other
EFTA01325257.pdf,data-set-10-files-2,1,other
EFTA01325258.pdf,data-set-10-files-2,1,other
EFTA01325259.pdf,data-set-10-files-2,2,other
EFTA01325261.pdf,data-set-10-files-2,14,other
EFTA01325275.pdf,data-set-10-files-2,13,other
EFTA01325288.pdf,data-set-10-files-2,1,other
EFTA01325289.pdf,data-set-10-files-2,1,other
EFTA01325290.pdf,data-set-10-files-2,1,other
EFTA01325291.pdf,data-set-10-files-2,2,other
EFTA01325293.pdf,data-set-10-files-2,1,other
EFTA01325294.pdf,data-set-10-files-2,2,other
EFTA01325296.pdf,data-set-10-files-2,2,email
EFTA01325298.pdf,data-set-10-files-2,1,other
EFTA01325299.pdf,data-set-10-files-2,1,other
EFTA01325300.pdf,data-set-10-files-2,2,other
EFTA01325302.pdf,data-set-10-files-2,2,email
EFTA01325304.pdf,data-set-10-files-2,1,other
EFTA01325305.pdf,data-set-10-files-2,1,other
EFTA01325306.pdf,data-set-10-files-2,6,other
EFTA01325312.pdf,data-set-10-files-2,1,other
EFTA01325313.pdf,data-set-10-files-2,2,other
EFTA01325315.pdf,data-set-10-files-2,4,other
EFTA01325319.pdf,data-set-10-files-2,2,other
EFTA01325321.pdf,data-set-10-files-2,104,email
EFTA01325425.pdf,data-set-10-files-2,53,other
EFTA01325478.pdf,data-set-10-files-2,16,other
EFTA01326032.pdf,data-set-10-files-2,7,other
EFTA01326039.pdf,data-set-10-files-2,4,other
EFTA01326043.pdf,data-set-10-files-2,1,other
EFTA01326044.pdf,data-set-10-files-2,1,other
EFTA01326045.pdf,data-set-10-files-2,1,other
EFTA01326046.pdf,data-set-10-files-2,1,other
EFTA01326047.pdf,data-set-10-files-2,1,other
EFTA01326048.pdf,data-set-10-files-2,1,other
EFTA01326049.pdf,data-set-10-files-2,3,other
EFTA01326052.pdf,data-set-10-files-2,2,other
EFTA01326054.pdf,data-set-10-files-2,26,other
EFTA01326080.pdf,data-set-10-files-2,1,email
EFTA01326081.pdf,data-set-10-files-2,1,other
EFTA01326082.pdf,data-set-10-files-2,2,other
EFTA01326084.pdf,data-set-10-files-2,1,other
EFTA01326085.pdf,data-set-10-files-2,2,other
EFTA01326087.pdf,data-set-10-files-2,2,other
EFTA01326089.pdf,data-set-10-files-2,1,other
EFTA01326090.pdf,data-set-10-files-2,1,other
EFTA01326091.pdf,data-set-10-files-2,1,other
EFTA01326092.pdf,data-set-10-files-2,1,other
EFTA01326093.pdf,data-set-10-files-2,1,other
EFTA01326094.pdf,data-set-10-files-2,1,other
EFTA01326095.pdf,data-set-10-files-2,1,other
EFTA01326096.pdf,data-set-10-files-2,1,other
EFTA01326097.pdf,data-set-10-files-2,1,other
EFTA01326098.pdf,data-set-10-files-2,2,email
EFTA01326100.pdf,data-set-10-files-2,1,other
EFTA01326101.pdf,data-set-10-files-2,3,email
EFTA01326104.pdf,data-set-10-files-2,3,email
EFTA01326107.pdf,data-set-10-files-2,3,email
EFTA01326110.pdf,data-set-10-files-2,3,email
EFTA01326113.pdf,data-set-10-files-2,3,email
EFTA01326116.pdf,data-set-10-files-2,3,email
EFTA01326119.pdf,data-set-10-files-2,3,email
EFTA01326122.pdf,data-set-10-files-2,3,email
EFTA01326125.pdf,data-set-10-files-2,3,email
EFTA01326128.pdf,data-set-10-files-2,3,email
EFTA01326131.pdf,data-set-10-files-2,3,email
EFTA01326134.pdf,data-set-10-files-2,3,email
EFTA01326137.pdf,data-set-10-files-2,1,other
EFTA01326138.pdf,data-set-10-files-2,1,other
EFTA01326139.pdf,data-set-10-files-2,2,email
EFTA01326141.pdf,data-set-10-files-2,1,other
EFTA01326142.pdf,data-set-10-files-2,1,other
EFTA01326143.pdf,data-set-10-files-2,2,other
EFTA01326145.pdf,data-set-10-files-2,2,email
EFTA01326147.pdf,data-set-10-files-2,2,other
EFTA01326149.pdf,data-set-10-files-2,1,other
EFTA01326150.pdf,data-set-10-files-2,1,other
EFTA01326151.pdf,data-set-10-files-2,1,other
EFTA01326152.pdf,data-set-10-files-2,2,other
EFTA01326154.pdf,data-set-10-files-2,2,other
EFTA01326156.pdf,data-set-10-files-2,1,email
EFTA01326157.pdf,data-set-10-files-2,1,other
EFTA01326158.pdf,data-set-10-files-2,22,other
EFTA01326180.pdf,data-set-10-files-2,1,other
EFTA01326181.pdf,data-set-10-files-2,7,other
EFTA01326188.pdf,data-set-10-files-2,1,other
EFTA01326189.pdf,data-set-10-files-2,1,other
EFTA01326190.pdf,data-set-10-files-2,4,other
EFTA01326194.pdf,data-set-10-files-2,4,other
EFTA01326198.pdf,data-set-10-files-2,1,other
EFTA01326199.pdf,data-set-10-files-2,2,email
EFTA01326201.pdf,data-set-10-files-2,1,other
EFTA01326202.pdf,data-set-10-files-2,1,other
EFTA01326203.pdf,data-set-10-files-2,1,other
EFTA01326204.pdf,data-set-10-files-2,3,other
EFTA01326207.pdf,data-set-10-files-2,2,other
EFTA01326209.pdf,data-set-10-files-2,1,other
EFTA01326210.pdf,data-set-10-files-2,6,other
EFTA01326216.pdf,data-set-10-files-2,1,other
EFTA01326217.pdf,data-set-10-files-2,607,email
EFTA01326824.pdf,data-set-10-files-2,2,other
EFTA01326826.pdf,data-set-10-files-2,2,other
EFTA01326828.pdf,data-set-10-files-2,114,email
EFTA01326942.pdf,data-set-10-files-2,1,other
EFTA01326943.pdf,data-set-10-files-2,444,email
EFTA01327387.pdf,data-set-10-files-2,1060,email
EFTA01328447.pdf,data-set-10-files-2,1,other
EFTA01328448.pdf,data-set-10-files-2,168,email
EFTA01328616.pdf,data-set-10-files-2,2,other
EFTA01328618.pdf,data-set-10-files-2,92,email
EFTA01328710.pdf,data-set-10-files-2,1,other
EFTA01328711.pdf,data-set-10-files-2,2,other
EFTA01328713.pdf,data-set-10-files-2,354,email
EFTA01329067.pdf,data-set-10-files-2,206,email
EFTA01329273.pdf,data-set-10-files-2,2,other
EFTA01329275.pdf,data-set-10-files-2,138,email
EFTA01329413.pdf,data-set-10-files-2,1,other
EFTA01329414.pdf,data-set-10-files-2,310,email
EFTA01329724.pdf,data-set-10-files-2,2,other
EFTA01329726.pdf,data-set-10-files-2,64,email
EFTA01329790.pdf,data-set-10-files-2,4,email
EFTA01329794.pdf,data-set-10-files-2,1,other
EFTA01329795.pdf,data-set-10-files-2,1236,email
EFTA01331031.pdf,data-set-10-files-2,1,other
EFTA01331032.pdf,data-set-10-files-2,403,email
EFTA01331435.pdf,data-set-10-files-2,2,other
EFTA01331437.pdf,data-set-10-files-2,8,other
EFTA01331445.pdf,data-set-10-files-2,1,other
EFTA01331446.pdf,data-set-10-files-2,2,other
EFTA01331448.pdf,data-set-10-files-2,66,email
EFTA01331514.pdf,data-set-10-files-2,1,other
EFTA01331515.pdf,data-set-10-files-2,1,other
EFTA01331516.pdf,data-set-10-files-2,1,other
EFTA01331517.pdf,data-set-10-files-2,1,other
EFTA01331518.pdf,data-set-10-files-2,1,other
EFTA01331519.pdf,data-set-10-files-2,7,other
EFTA01331526.pdf,data-set-10-files-2,1,other
EFTA01331527.pdf,data-set-10-files-2,1,other
EFTA01331528.pdf,data-set-10-files-2,1,other
EFTA01331529.pdf,data-set-10-files-2,1,other
EFTA01331530.pdf,data-set-10-files-2,1,other
EFTA01331531.pdf,data-set-10-files-2,1,other
EFTA01331532.pdf,data-set-10-files-2,1,other
EFTA01331533.pdf,data-set-10-files-2,1,other
EFTA01331534.pdf,data-set-10-files-2,1,other
EFTA01331535.pdf,data-set-10-files-2,6,other
EFTA01331541.pdf,data-set-10-files-2,22,other
EFTA01331563.pdf,data-set-10-files-2,2,other
EFTA01331565.pdf,data-set-10-files-2,1060,email
EFTA01332625.pdf,data-set-10-files-2,138,email
EFTA01332763.pdf,data-set-10-files-2,2,other
EFTA01332765.pdf,data-set-10-files-2,1,other
EFTA01332766.pdf,data-set-10-files-2,2,other
EFTA01332768.pdf,data-set-10-files-2,2,other
EFTA01332770.pdf,data-set-10-files-2,1,other
EFTA01332771.pdf,data-set-10-files-2,1,other
EFTA01332772.pdf,data-set-10-files-2,64,email
EFTA01332836.pdf,data-set-10-files-2,1,other
EFTA01332837.pdf,data-set-10-files-2,1,other
EFTA01332838.pdf,data-set-10-files-2,1,other
EFTA01332839.pdf,data-set-10-files-2,1,other
EFTA01332840.pdf,data-set-10-files-2,1,other
EFTA01332841.pdf,data-set-10-files-2,2,other
EFTA01332843.pdf,data-set-10-files-2,1,other
EFTA01332844.pdf,data-set-10-files-2,1,other
EFTA01332845.pdf,data-set-10-files-2,1,other
EFTA01332846.pdf,data-set-10-files-2,1,other
EFTA01332847.pdf,data-set-10-files-2,1,other
EFTA01332848.pdf,data-set-10-files-2,1,other
EFTA01332849.pdf,data-set-10-files-2,3,other
EFTA01332852.pdf,data-set-10-files-2,1,other
EFTA01332853.pdf,data-set-10-files-2,2,other
EFTA01332855.pdf,data-set-10-files-2,1,other
EFTA01332856.pdf,data-set-10-files-2,1,other
EFTA01332857.pdf,data-set-10-files-2,3,other
EFTA01332860.pdf,data-set-10-files-2,2,other
EFTA01332862.pdf,data-set-10-files-2,2,other
EFTA01332864.pdf,data-set-10-files-2,3,other
EFTA01332867.pdf,data-set-10-files-2,2,other
EFTA01332869.pdf,data-set-10-files-2,2,other
EFTA01332871.pdf,data-set-10-files-2,3,other
EFTA01332874.pdf,data-set-10-files-2,6,other
EFTA01332880.pdf,data-set-10-files-2,2,other
EFTA01332882.pdf,data-set-10-files-2,1,other
EFTA01332883.pdf,data-set-10-files-2,11,other
EFTA01332894.pdf,data-set-10-files-2,2,other
EFTA01332896.pdf,data-set-10-files-2,2,other
EFTA01332898.pdf,data-set-10-files-2,14,other
EFTA01332912.pdf,data-set-10-files-2,29,email
EFTA01332941.pdf,data-set-10-files-2,1,other
EFTA01332942.pdf,data-set-10-files-2,45,other
EFTA01332987.pdf,data-set-10-files-2,1,other
EFTA01332988.pdf,data-set-10-files-2,6,other
EFTA01332994.pdf,data-set-10-files-2,9,other
EFTA01333003.pdf,data-set-10-files-2,28,email
EFTA01333031.pdf,data-set-10-files-2,23,email
EFTA01333054.pdf,data-set-10-files-2,32,other
EFTA01333086.pdf,data-set-10-files-2,2,other
EFTA01333088.pdf,data-set-10-files-2,2,other
EFTA01333090.pdf,data-set-10-files-2,1,other
EFTA01333091.pdf,data-set-10-files-2,1,other
EFTA01333092.pdf,data-set-10-files-2,1,other
EFTA01333093.pdf,data-set-10-files-2,1,other
EFTA01333094.pdf,data-set-10-files-2,1,other
EFTA01333095.pdf,data-set-10-files-2,2,other
EFTA01333097.pdf,data-set-10-files-2,1,other
EFTA01333098.pdf,data-set-10-files-2,1,other
EFTA01333099.pdf,data-set-10-files-2,1,other
EFTA01333100.pdf,data-set-10-files-2,23,email
EFTA01333123.pdf,data-set-10-files-2,2,other
EFTA01333125.pdf,data-set-10-files-2,8,other
EFTA01333133.pdf,data-set-10-files-2,88,email
EFTA01333221.pdf,data-set-10-files-2,21,email
EFTA01333242.pdf,data-set-10-files-2,3,other
EFTA01333245.pdf,data-set-10-files-2,3,other
EFTA01333248.pdf,data-set-10-files-2,28,email
EFTA01333276.pdf,data-set-10-files-2,14,email
EFTA01333290.pdf,data-set-10-files-2,19,other
EFTA01333309.pdf,data-set-10-files-2,1,other
EFTA01333310.pdf,data-set-10-files-2,3,other
EFTA01333313.pdf,data-set-10-files-2,5,other
EFTA01333318.pdf,data-set-10-files-2,1,other
EFTA01333319.pdf,data-set-10-files-2,2,other
EFTA01333321.pdf,data-set-10-files-2,4,email
EFTA01333325.pdf,data-set-10-files-2,2,other
EFTA01333327.pdf,data-set-10-files-2,88,email
EFTA01333415.pdf,data-set-10-files-2,5,other
EFTA01333420.pdf,data-set-10-files-2,9,other
EFTA01333429.pdf,data-set-10-files-2,2,other
EFTA01333431.pdf,data-set-10-files-2,28,other
EFTA01333459.pdf,data-set-10-files-2,18,other
EFTA01333477.pdf,data-set-10-files-2,3,email
EFTA01333480.pdf,data-set-10-files-2,4,email
EFTA01333484.pdf,data-set-10-files-2,4,other
EFTA01333488.pdf,data-set-10-files-2,18,email
EFTA01333506.pdf,data-set-10-files-2,1,other
EFTA01333507.pdf,data-set-10-files-2,3,other
EFTA01333510.pdf,data-set-10-files-2,3,email
EFTA01333513.pdf,data-set-10-files-2,107,other
EFTA01333620.pdf,data-set-10-files-2,28,other
EFTA01333648.pdf,data-set-10-files-2,1,other
EFTA01333649.pdf,data-set-10-files-2,31,other
EFTA01333680.pdf,data-set-10-files-2,1,other
EFTA01333681.pdf,data-set-10-files-2,35,email
EFTA01333716.pdf,data-set-10-files-2,33,email
EFTA01333749.pdf,data-set-10-files-2,1,email
EFTA01333750.pdf,data-set-10-files-2,1,other
EFTA01333751.pdf,data-set-10-files-2,1,other
EFTA01333752.pdf,data-set-10-files-2,23,other
EFTA01333775.pdf,data-set-10-files-2,1,other
EFTA01333776.pdf,data-set-10-files-2,32,other
EFTA01333808.pdf,data-set-10-files-2,5,other
EFTA01333813.pdf,data-set-10-files-2,2,other
EFTA01333815.pdf,data-set-10-files-2,2,other
EFTA01333817.pdf,data-set-10-files-2,2,other
EFTA01333819.pdf,data-set-10-files-2,24,other
EFTA01333843.pdf,data-set-10-files-2,2,other
EFTA01333845.pdf,data-set-10-files-2,10,email
EFTA01333855.pdf,data-set-10-files-2,15,email
EFTA01333870.pdf,data-set-10-files-2,7,email
EFTA01333877.pdf,data-set-10-files-2,4,other
EFTA01333881.pdf,data-set-10-files-2,3,other
EFTA01333884.pdf,data-set-10-files-2,1,other
EFTA01333885.pdf,data-set-10-files-2,2,other
EFTA01333887.pdf,data-set-10-files-2,18,email
EFTA01333905.pdf,data-set-10-files-2,5,other
EFTA01333910.pdf,data-set-10-files-2,4,email
EFTA01333914.pdf,data-set-10-files-2,4,other
EFTA01333918.pdf,data-set-10-files-2,5,other
EFTA01333923.pdf,data-set-10-files-2,17,email
EFTA01333940.pdf,data-set-10-files-2,7,other
EFTA01333947.pdf,data-set-10-files-2,2,other
EFTA01333949.pdf,data-set-10-files-2,4,other
EFTA01333953.pdf,data-set-10-files-2,13,other
EFTA01333966.pdf,data-set-10-files-2,21,other
EFTA01333987.pdf,data-set-10-files-2,4,other
EFTA01333991.pdf,data-set-10-files-2,12,other
EFTA01334003.pdf,data-set-10-files-2,18,email
EFTA01334021.pdf,data-set-10-files-2,9,other
EFTA01334030.pdf,data-set-10-files-2,10,other
EFTA01334040.pdf,data-set-10-files-2,10,other
EFTA01334050.pdf,data-set-10-files-2,1,other
EFTA01334051.pdf,data-set-10-files-2,4,other
EFTA01334055.pdf,data-set-10-files-2,3,other
EFTA01334058.pdf,data-set-10-files-2,9,other
EFTA01334067.pdf,data-set-10-files-2,7,other
EFTA01334074.pdf,data-set-10-files-2,4,other
EFTA01334078.pdf,data-set-10-files-2,4,other
EFTA01334082.pdf,data-set-10-files-2,5,other
EFTA01334087.pdf,data-set-10-files-2,2,email
EFTA01334089.pdf,data-set-10-files-2,6,email
EFTA01334095.pdf,data-set-10-files-2,5,email
EFTA01334100.pdf,data-set-10-files-2,5,email
EFTA01334105.pdf,data-set-10-files-2,3,email
EFTA01334108.pdf,data-set-10-files-2,5,email
EFTA01334113.pdf,data-set-10-files-2,5,other
EFTA01334118.pdf,data-set-10-files-2,5,email
EFTA01334123.pdf,data-set-10-files-2,3,other
EFTA01334126.pdf,data-set-10-files-2,7,email
EFTA01334133.pdf,data-set-10-files-2,13,other
EFTA01334146.pdf,data-set-10-files-2,2,other
EFTA01334148.pdf,data-set-10-files-2,36,email
EFTA01334184.pdf,data-set-10-files-2,12,other
EFTA01334196.pdf,data-set-10-files-2,12,other
EFTA01334208.pdf,data-set-10-files-2,4,other
EFTA01334212.pdf,data-set-10-files-2,4,other
EFTA01334216.pdf,data-set-10-files-2,1,other
EFTA01334217.pdf,data-set-10-files-2,1,other
EFTA01334218.pdf,data-set-10-files-2,3,other
EFTA01334221.pdf,data-set-10-files-2,1,other
EFTA01334222.pdf,data-set-10-files-2,13,email
EFTA01334235.pdf,data-set-10-files-2,2,other
EFTA01334237.pdf,data-set-10-files-2,2,email
EFTA01334239.pdf,data-set-10-files-2,2,other
EFTA01334241.pdf,data-set-10-files-2,2,other
EFTA01334243.pdf,data-set-10-files-2,2,other
EFTA01334245.pdf,data-set-10-files-2,1,other
EFTA01334246.pdf,data-set-10-files-2,4,other
EFTA01334250.pdf,data-set-10-files-2,2,email
EFTA01334252.pdf,data-set-10-files-2,2,other
EFTA01334254.pdf,data-set-10-files-2,3,other
EFTA01334257.pdf,data-set-10-files-2,2,other
EFTA01334259.pdf,data-set-10-files-2,2,other
EFTA01334261.pdf,data-set-10-files-2,3,other
EFTA01334264.pdf,data-set-10-files-2,3,email
EFTA01334267.pdf,data-set-10-files-2,2,other
EFTA01334269.pdf,data-set-10-files-2,4,other
EFTA01334273.pdf,data-set-10-files-2,2,other
EFTA01334275.pdf,data-set-10-files-2,1,other
EFTA01334276.pdf,data-set-10-files-2,5,other
EFTA01334281.pdf,data-set-10-files-2,31,email
EFTA01334312.pdf,data-set-10-files-2,1,other
EFTA01334313.pdf,data-set-10-files-2,10,email
EFTA01334323.pdf,data-set-10-files-2,276,email
EFTA01334599.pdf,data-set-10-files-2,123,email
EFTA01334722.pdf,data-set-10-files-2,17,email
EFTA01334739.pdf,data-set-10-files-2,1,other
EFTA01334740.pdf,data-set-10-files-2,152,email
EFTA01334892.pdf,data-set-10-files-2,48,email
EFTA01334940.pdf,data-set-10-files-2,125,other
EFTA01335065.pdf,data-set-10-files-2,105,other
EFTA01335170.pdf,data-set-10-files-2,112,other
EFTA01335282.pdf,data-set-10-files-2,150,email
EFTA01335432.pdf,data-set-10-files-2,121,email
EFTA01335553.pdf,data-set-10-files-2,63,email
EFTA01335616.pdf,data-set-10-files-2,72,other
EFTA01335688.pdf,data-set-10-files-2,107,other
EFTA01335796.pdf,data-set-10-files-2,2,other
EFTA01335798.pdf,data-set-10-files-2,3,other
EFTA01335801.pdf,data-set-10-files-2,5,other
EFTA01335806.pdf,data-set-10-files-2,1263,email
EFTA01337069.pdf,data-set-10-files-2,96,other
EFTA01337165.pdf,data-set-10-files-2,14,email
EFTA01337179.pdf,data-set-10-files-2,57,email
EFTA01337236.pdf,data-set-10-files-2,633,email
EFTA01337869.pdf,data-set-10-files-2,89,email
EFTA01337958.pdf,data-set-10-files-2,137,other
EFTA01338095.pdf,data-set-10-files-2,9,email
EFTA01338104.pdf,data-set-10-files-2,71,email
EFTA01338175.pdf,data-set-10-files-2,80,email
EFTA01338255.pdf,data-set-10-files-2,19,email
EFTA01338274.pdf,data-set-10-files-2,18,email
EFTA01338292.pdf,data-set-10-files-2,1,email
EFTA01338293.pdf,data-set-10-files-2,1,other
EFTA01338294.pdf,data-set-10-files-2,16,email
EFTA01338310.pdf,data-set-10-files-2,1,other
EFTA01338311.pdf,data-set-10-files-2,1,other
EFTA01338312.pdf,data-set-10-files-2,2,other
EFTA01338314.pdf,data-set-10-files-2,1,other
EFTA01338315.pdf,data-set-10-files-2,1,other
EFTA01338316.pdf,data-set-10-files-2,1,other
EFTA01338317.pdf,data-set-10-files-2,2,other
EFTA01338319.pdf,data-set-10-files-2,2,other
EFTA01338321.pdf,data-set-10-files-2,2,other
EFTA01338323.pdf,data-set-10-files-2,3,other
EFTA01338326.pdf,data-set-10-files-2,19,email
EFTA01338345.pdf,data-set-10-files-2,1,other
EFTA01338346.pdf,data-set-10-files-2,2,other
EFTA01338348.pdf,data-set-10-files-2,7,email
EFTA01338355.pdf,data-set-10-files-2,1,other
EFTA01338356.pdf,data-set-10-files-2,1,other
EFTA01338357.pdf,data-set-10-files-2,3,other
EFTA01338360.pdf,data-set-10-files-2,1,other
EFTA01338361.pdf,data-set-10-files-2,1,other
EFTA01338362.pdf,data-set-10-files-2,1,other
EFTA01338363.pdf,data-set-10-files-2,1,other
EFTA01338364.pdf,data-set-10-files-2,1,other
EFTA01338365.pdf,data-set-10-files-2,1,other
EFTA01338366.pdf,data-set-10-files-2,3,other
EFTA01338369.pdf,data-set-10-files-2,3,other
EFTA01338372.pdf,data-set-10-files-2,3,other
EFTA01338375.pdf,data-set-10-files-2,9,email
EFTA01338384.pdf,data-set-10-files-2,2,other
EFTA01338386.pdf,data-set-10-files-2,7,other
EFTA01338393.pdf,data-set-10-files-2,28,email
EFTA01338421.pdf,data-set-10-files-2,16,other
EFTA01338437.pdf,data-set-10-files-2,1,other
EFTA01338438.pdf,data-set-10-files-2,43,email
EFTA01338481.pdf,data-set-10-files-2,38,email
EFTA01338519.pdf,data-set-10-files-2,30,email
EFTA01338549.pdf,data-set-10-files-2,112,email
EFTA01338661.pdf,data-set-10-files-2,9,email
EFTA01338670.pdf,data-set-10-files-2,248,email
EFTA01338918.pdf,data-set-10-files-2,28,other
EFTA01338946.pdf,data-set-10-files-2,30,other
EFTA01338976.pdf,data-set-10-files-2,13,other
EFTA01338989.pdf,data-set-10-files-2,26,other
EFTA01339015.pdf,data-set-10-files-2,27,other
EFTA01339042.pdf,data-set-10-files-2,22,other
EFTA01339064.pdf,data-set-10-files-2,20,other
EFTA01339084.pdf,data-set-10-files-2,26,other
EFTA01339110.pdf,data-set-10-files-2,2,other
EFTA01339112.pdf,data-set-10-files-2,15,other
EFTA01339127.pdf,data-set-10-files-2,29,other
EFTA01339156.pdf,data-set-10-files-2,20,other
EFTA01339176.pdf,data-set-10-files-2,25,other
EFTA01339201.pdf,data-set-10-files-2,20,other
EFTA01339221.pdf,data-set-10-files-2,33,other
EFTA01339254.pdf,data-set-10-files-2,27,other
EFTA01339281.pdf,data-set-10-files-2,20,other
EFTA01339301.pdf,data-set-10-files-2,28,other
EFTA01339329.pdf,data-set-10-files-2,23,other
EFTA01339352.pdf,data-set-10-files-2,20,other
EFTA01339372.pdf,data-set-10-files-2,1,other
EFTA01339373.pdf,data-set-10-files-2,1,other
EFTA01339374.pdf,data-set-10-files-2,921,email
EFTA01340295.pdf,data-set-10-files-2,1,other
EFTA01340296.pdf,data-set-10-files-2,1,other
EFTA01340297.pdf,data-set-10-files-2,1,other
EFTA01340298.pdf,data-set-10-files-2,2,other
EFTA01340300.pdf,data-set-10-files-2,1,other
EFTA01340301.pdf,data-set-10-files-2,1,other
EFTA01340302.pdf,data-set-10-files-2,1,other
EFTA01340303.pdf,data-set-10-files-2,3,other
EFTA01340306.pdf,data-set-10-files-2,1,other
EFTA01340307.pdf,data-set-10-files-2,3,other
EFTA01340310.pdf,data-set-10-files-2,1,other
EFTA01340311.pdf,data-set-10-files-2,4,other
EFTA01340315.pdf,data-set-10-files-2,1,other
EFTA01340316.pdf,data-set-10-files-2,1,other
EFTA01340317.pdf,data-set-10-files-2,1,other
EFTA01340318.pdf,data-set-10-files-2,1,other
EFTA01340319.pdf,data-set-10-files-2,3,email
EFTA01340322.pdf,data-set-10-files-2,1,other
EFTA01340323.pdf,data-set-10-files-2,2,other
EFTA01340325.pdf,data-set-10-files-2,3,other
EFTA01340328.pdf,data-set-10-files-2,1,other
EFTA01340329.pdf,data-set-10-files-2,1,other
EFTA01340330.pdf,data-set-10-files-2,1,other
EFTA01340331.pdf,data-set-10-files-2,1,other
EFTA01340332.pdf,data-set-10-files-2,1,other
EFTA01340333.pdf,data-set-10-files-2,1,other
EFTA01340334.pdf,data-set-10-files-2,4,email
EFTA01340338.pdf,data-set-10-files-2,2,other
EFTA01340340.pdf,data-set-10-files-2,1,photo
EFTA01340341.pdf,data-set-10-files-2,1,other
EFTA01340342.pdf,data-set-10-files-2,1,other
EFTA01340343.pdf,data-set-10-files-2,1,other
EFTA01340344.pdf,data-set-10-files-2,1,email
EFTA01340345.pdf,data-set-10-files-2,3,other
EFTA01340348.pdf,data-set-10-files-2,6,other
EFTA01340354.pdf,data-set-10-files-2,98,other
EFTA01340452.pdf,data-set-10-files-2,3,other
EFTA01340455.pdf,data-set-10-files-2,2,other
EFTA01340457.pdf,data-set-10-files-2,1,email
EFTA01340458.pdf,data-set-10-files-2,1,photo
EFTA01340459.pdf,data-set-10-files-2,1,other
EFTA01340460.pdf,data-set-10-files-2,1,photo
EFTA01340461.pdf,data-set-10-files-2,1,photo
EFTA01340462.pdf,data-set-10-files-2,1,other
EFTA01340463.pdf,data-set-10-files-2,1,other
EFTA01340464.pdf,data-set-10-files-2,1,photo
EFTA01340465.pdf,data-set-10-files-2,1,other
EFTA01340466.pdf,data-set-10-files-2,1,other
EFTA01340467.pdf,data-set-10-files-2,1,photo
EFTA01340468.pdf,data-set-10-files-2,1,other
EFTA01340469.pdf,data-set-10-files-2,1,other
EFTA01340470.pdf,data-set-10-files-2,1,other
EFTA01340471.pdf,data-set-10-files-2,1,other
EFTA01340472.pdf,data-set-10-files-2,1,other
EFTA01340473.pdf,data-set-10-files-2,1,photo
EFTA01340474.pdf,data-set-10-files-2,1,other
EFTA01340475.pdf,data-set-10-files-2,1,other
EFTA01340476.pdf,data-set-10-files-2,1,photo
EFTA01340477.pdf,data-set-10-files-2,1,other
EFTA01340478.pdf,data-set-10-files-2,1,other
EFTA01340479.pdf,data-set-10-files-2,1,other
EFTA01340480.pdf,data-set-10-files-2,1,other
EFTA01340481.pdf,data-set-10-files-2,1,other
EFTA01340482.pdf,data-set-10-files-2,1,other
EFTA01340483.pdf,data-set-10-files-2,1,other
EFTA01340484.pdf,data-set-10-files-2,1,other
EFTA01340485.pdf,data-set-10-files-2,1,other
EFTA01340486.pdf,data-set-10-files-2,1,other
EFTA01340487.pdf,data-set-10-files-2,1,other
EFTA01340488.pdf,data-set-10-files-2,1,other
EFTA01340489.pdf,data-set-10-files-2,1,other
EFTA01340490.pdf,data-set-10-files-2,1,other
EFTA01340491.pdf,data-set-10-files-2,1,other
EFTA01340492.pdf,data-set-10-files-2,1,other
EFTA01340493.pdf,data-set-10-files-2,1,other
EFTA01340494.pdf,data-set-10-files-2,1,other
EFTA01340495.pdf,data-set-10-files-2,1,photo
EFTA01340496.pdf,data-set-10-files-2,1,other
EFTA01340497.pdf,data-set-10-files-2,1,other
EFTA01340498.pdf,data-set-10-files-2,1,other
EFTA01340499.pdf,data-set-10-files-2,1,photo
EFTA01340500.pdf,data-set-10-files-2,1,photo
EFTA01340501.pdf,data-set-10-files-2,1,other
EFTA01340502.pdf,data-set-10-files-2,1,other
EFTA01340503.pdf,data-set-10-files-2,1,other
EFTA01340504.pdf,data-set-10-files-2,1,other
EFTA01340505.pdf,data-set-10-files-2,1,other
EFTA01340506.pdf,data-set-10-files-2,1,photo
EFTA01340507.pdf,data-set-10-files-2,1,photo
EFTA01340508.pdf,data-set-10-files-2,1,other
EFTA01340509.pdf,data-set-10-files-2,1,other
EFTA01340510.pdf,data-set-10-files-2,1,other
EFTA01340511.pdf,data-set-10-files-2,1,other
EFTA01340512.pdf,data-set-10-files-2,1,other
EFTA01340513.pdf,data-set-10-files-2,1,other
EFTA01340514.pdf,data-set-10-files-2,1,other
EFTA01340515.pdf,data-set-10-files-2,1,other
EFTA01340516.pdf,data-set-10-files-2,1,photo
EFTA01340517.pdf,data-set-10-files-2,1,other
EFTA01340518.pdf,data-set-10-files-2,1,other
EFTA01340519.pdf,data-set-10-files-2,1,other
EFTA01340520.pdf,data-set-10-files-2,1,other
EFTA01340521.pdf,data-set-10-files-2,1,other
EFTA01340522.pdf,data-set-10-files-2,1,other
EFTA01340523.pdf,data-set-10-files-2,1,other
EFTA01340524.pdf,data-set-10-files-2,1,other
EFTA01340525.pdf,data-set-10-files-2,1,other
EFTA01340526.pdf,data-set-10-files-2,1,other
EFTA01340527.pdf,data-set-10-files-2,1,other
EFTA01340528.pdf,data-set-10-files-2,1,other
EFTA01340529.pdf,data-set-10-files-2,1,other
EFTA01340530.pdf,data-set-10-files-2,1,other
EFTA01340531.pdf,data-set-10-files-2,1,other
EFTA01340532.pdf,data-set-10-files-2,1,other
EFTA01340533.pdf,data-set-10-files-2,1,other
EFTA01340534.pdf,data-set-10-files-2,1,other
EFTA01340535.pdf,data-set-10-files-2,1,other
EFTA01340536.pdf,data-set-10-files-2,1,photo
EFTA01340537.pdf,data-set-10-files-2,1,other
EFTA01340538.pdf,data-set-10-files-2,1,other
EFTA01340539.pdf,data-set-10-files-2,1,other
EFTA01340540.pdf,data-set-10-files-2,1,other
EFTA01340541.pdf,data-set-10-files-2,1,other
EFTA01340542.pdf,data-set-10-files-2,1,other
EFTA01340543.pdf,data-set-10-files-2,1,other
EFTA01340544.pdf,data-set-10-files-2,1,other
EFTA01340545.pdf,data-set-10-files-2,1,other
EFTA01340546.pdf,data-set-10-files-2,1,other
EFTA01340547.pdf,data-set-10-files-2,1,other
EFTA01340548.pdf,data-set-10-files-2,1,other
EFTA01340549.pdf,data-set-10-files-2,1,other
EFTA01340550.pdf,data-set-10-files-2,1,other
EFTA01340551.pdf,data-set-10-files-2,1,photo
EFTA01340552.pdf,data-set-10-files-2,1,other
EFTA01340553.pdf,data-set-10-files-2,1,other
EFTA01340554.pdf,data-set-10-files-2,1,other
EFTA01340555.pdf,data-set-10-files-2,1,photo
EFTA01340556.pdf,data-set-10-files-2,1,other
EFTA01340557.pdf,data-set-10-files-2,1,other
EFTA01340558.pdf,data-set-10-files-2,1,photo
EFTA01340559.pdf,data-set-10-files-2,1,other
EFTA01340560.pdf,data-set-10-files-2,1,other
EFTA01340561.pdf,data-set-10-files-2,1,other
EFTA01340562.pdf,data-set-10-files-2,1,photo
EFTA01340563.pdf,data-set-10-files-2,1,other
EFTA01340564.pdf,data-set-10-files-2,1,other
EFTA01340565.pdf,data-set-10-files-2,1,other
EFTA01340566.pdf,data-set-10-files-2,1,other
EFTA01340567.pdf,data-set-10-files-2,1,other
EFTA01340568.pdf,data-set-10-files-2,1,other
EFTA01340569.pdf,data-set-10-files-2,1,photo
EFTA01340570.pdf,data-set-10-files-2,1,other
EFTA01340571.pdf,data-set-10-files-2,1,other
EFTA01340572.pdf,data-set-10-files-2,1,other
EFTA01340573.pdf,data-set-10-files-2,1,photo
EFTA01340574.pdf,data-set-10-files-2,1,other
EFTA01340575.pdf,data-set-10-files-2,1,other
EFTA01340576.pdf,data-set-10-files-2,1,other
EFTA01340577.pdf,data-set-10-files-2,1,other
EFTA01340578.pdf,data-set-10-files-2,1,other
EFTA01340579.pdf,data-set-10-files-2,1,other
EFTA01340580.pdf,data-set-10-files-2,1,other
EFTA01340581.pdf,data-set-10-files-2,1,other
EFTA01340582.pdf,data-set-10-files-2,1,other
EFTA01340583.pdf,data-set-10-files-2,1,other
EFTA01340584.pdf,data-set-10-files-2,1,other
EFTA01340585.pdf,data-set-10-files-2,1,other
EFTA01340586.pdf,data-set-10-files-2,1,other
EFTA01340587.pdf,data-set-10-files-2,1,other
EFTA01340588.pdf,data-set-10-files-2,1,other
EFTA01340589.pdf,data-set-10-files-2,1,photo
EFTA01340590.pdf,data-set-10-files-2,1,other
EFTA01340591.pdf,data-set-10-files-2,1,other
EFTA01340592.pdf,data-set-10-files-2,1,other
EFTA01340593.pdf,data-set-10-files-2,1,other
EFTA01340594.pdf,data-set-10-files-2,1,other
EFTA01340595.pdf,data-set-10-files-2,1,other
EFTA01340596.pdf,data-set-10-files-2,1,other
EFTA01340597.pdf,data-set-10-files-2,1,other
EFTA01340598.pdf,data-set-10-files-2,1,other
EFTA01340599.pdf,data-set-10-files-2,1,other
EFTA01340600.pdf,data-set-10-files-2,1,other
EFTA01340601.pdf,data-set-10-files-2,1,other
EFTA01340602.pdf,data-set-10-files-2,1,other
EFTA01340603.pdf,data-set-10-files-2,1,photo
EFTA01340604.pdf,data-set-10-files-2,1,other
EFTA01340605.pdf,data-set-10-files-2,1,other
EFTA01340606.pdf,data-set-10-files-2,1,other
EFTA01340607.pdf,data-set-10-files-2,1,other
EFTA01340608.pdf,data-set-10-files-2,1,photo
EFTA01340609.pdf,data-set-10-files-2,1,other
EFTA01340610.pdf,data-set-10-files-2,1,other
EFTA01340611.pdf,data-set-10-files-2,1,other
EFTA01340612.pdf,data-set-10-files-2,1,other
EFTA01340613.pdf,data-set-10-files-2,1,photo
EFTA01340614.pdf,data-set-10-files-2,1,other
EFTA01340615.pdf,data-set-10-files-2,1,other
EFTA01340616.pdf,data-set-10-files-2,1,other
EFTA01340617.pdf,data-set-10-files-2,1,other
EFTA01340618.pdf,data-set-10-files-2,1,photo
EFTA01340619.pdf,data-set-10-files-2,1,other
EFTA01340620.pdf,data-set-10-files-2,1,other
EFTA01340621.pdf,data-set-10-files-2,1,other
EFTA01340622.pdf,data-set-10-files-2,1,other
EFTA01340623.pdf,data-set-10-files-2,1,other
EFTA01340624.pdf,data-set-10-files-2,1,other
EFTA01340625.pdf,data-set-10-files-2,1,other
EFTA01340626.pdf,data-set-10-files-2,1,other
EFTA01340627.pdf,data-set-10-files-2,1,other
EFTA01340628.pdf,data-set-10-files-2,1,other
EFTA01340629.pdf,data-set-10-files-2,1,other
EFTA01340630.pdf,data-set-10-files-2,1,other
EFTA01340631.pdf,data-set-10-files-2,1,other
EFTA01340632.pdf,data-set-10-files-2,1,other
EFTA01340633.pdf,data-set-10-files-2,1,other
EFTA01340634.pdf,data-set-10-files-2,1,other
EFTA01340635.pdf,data-set-10-files-2,1,other
EFTA01340636.pdf,data-set-10-files-2,1,other
EFTA01340637.pdf,data-set-10-files-2,1,photo
EFTA01340638.pdf,data-set-10-files-2,1,other
EFTA01340639.pdf,data-set-10-files-2,1,other
EFTA01340640.pdf,data-set-10-files-2,1,other
EFTA01340641.pdf,data-set-10-files-2,1,photo
EFTA01340642.pdf,data-set-10-files-2,1,other
EFTA01340643.pdf,data-set-10-files-2,1,other
EFTA01340644.pdf,data-set-10-files-2,1,other
EFTA01340645.pdf,data-set-10-files-2,1,photo
EFTA01340646.pdf,data-set-10-files-2,1,other
EFTA01340647.pdf,data-set-10-files-2,1,photo
EFTA01340648.pdf,data-set-10-files-2,1,other
EFTA01340649.pdf,data-set-10-files-2,1,other
EFTA01340650.pdf,data-set-10-files-2,1,photo
EFTA01340651.pdf,data-set-10-files-2,1,other
EFTA01340652.pdf,data-set-10-files-2,1,photo
EFTA01340653.pdf,data-set-10-files-2,1,other
EFTA01340654.pdf,data-set-10-files-2,1,photo
EFTA01340655.pdf,data-set-10-files-2,1,other
EFTA01340656.pdf,data-set-10-files-2,1,other
EFTA01340657.pdf,data-set-10-files-2,1,other
EFTA01340658.pdf,data-set-10-files-2,1,other
EFTA01340659.pdf,data-set-10-files-2,1,other
EFTA01340660.pdf,data-set-10-files-2,1,other
EFTA01340661.pdf,data-set-10-files-2,1,other
EFTA01340662.pdf,data-set-10-files-2,1,photo
EFTA01340663.pdf,data-set-10-files-2,1,other
EFTA01340664.pdf,data-set-10-files-2,1,photo
EFTA01340665.pdf,data-set-10-files-2,1,photo
EFTA01340666.pdf,data-set-10-files-2,1,other
EFTA01340667.pdf,data-set-10-files-2,1,photo
EFTA01340668.pdf,data-set-10-files-2,1,photo
EFTA01340669.pdf,data-set-10-files-2,1,other
EFTA01340670.pdf,data-set-10-files-2,1,other
EFTA01340671.pdf,data-set-10-files-2,1,other
EFTA01340672.pdf,data-set-10-files-2,1,photo
EFTA01340673.pdf,data-set-10-files-2,1,other
EFTA01340674.pdf,data-set-10-files-2,1,other
EFTA01340675.pdf,data-set-10-files-2,1,other
EFTA01340676.pdf,data-set-10-files-2,1,other
EFTA01340677.pdf,data-set-10-files-2,1,other
EFTA01340678.pdf,data-set-10-files-2,1,other
EFTA01340679.pdf,data-set-10-files-2,1,photo
EFTA01340680.pdf,data-set-10-files-2,1,other
EFTA01340681.pdf,data-set-10-files-2,1,other
EFTA01340682.pdf,data-set-10-files-2,1,photo
EFTA01340683.pdf,data-set-10-files-2,1,other
EFTA01340684.pdf,data-set-10-files-2,1,other
EFTA01340685.pdf,data-set-10-files-2,1,other
EFTA01340686.pdf,data-set-10-files-2,1,other
EFTA01340687.pdf,data-set-10-files-2,1,other
EFTA01340688.pdf,data-set-10-files-2,1,other
EFTA01340689.pdf,data-set-10-files-2,1,other
EFTA01340690.pdf,data-set-10-files-2,1,other
EFTA01340691.pdf,data-set-10-files-2,1,other
EFTA01340692.pdf,data-set-10-files-2,1,other
EFTA01340693.pdf,data-set-10-files-2,1,other
EFTA01340694.pdf,data-set-10-files-2,1,other
EFTA01340695.pdf,data-set-10-files-2,1,photo
EFTA01340696.pdf,data-set-10-files-2,1,other
EFTA01340697.pdf,data-set-10-files-2,1,other
EFTA01340698.pdf,data-set-10-files-2,1,other
EFTA01340699.pdf,data-set-10-files-2,1,other
EFTA01340700.pdf,data-set-10-files-2,1,photo
EFTA01340701.pdf,data-set-10-files-2,1,other
EFTA01340702.pdf,data-set-10-files-2,1,other
EFTA01340703.pdf,data-set-10-files-2,1,photo
EFTA01340704.pdf,data-set-10-files-2,1,other
EFTA01340705.pdf,data-set-10-files-2,1,photo
EFTA01340706.pdf,data-set-10-files-2,1,photo
EFTA01340707.pdf,data-set-10-files-2,1,other
EFTA01340708.pdf,data-set-10-files-2,1,other
EFTA01340709.pdf,data-set-10-files-2,1,photo
EFTA01340710.pdf,data-set-10-files-2,1,other
EFTA01340711.pdf,data-set-10-files-2,1,other
EFTA01340712.pdf,data-set-10-files-2,1,photo
EFTA01340713.pdf,data-set-10-files-2,1,other
EFTA01340714.pdf,data-set-10-files-2,1,other
EFTA01340715.pdf,data-set-10-files-2,1,other
EFTA01340716.pdf,data-set-10-files-2,1,other
EFTA01340717.pdf,data-set-10-files-2,1,other
EFTA01340718.pdf,data-set-10-files-2,1,other
EFTA01340719.pdf,data-set-10-files-2,1,other
EFTA01340720.pdf,data-set-10-files-2,1,other
EFTA01340721.pdf,data-set-10-files-2,1,other
EFTA01340722.pdf,data-set-10-files-2,1,other
EFTA01340723.pdf,data-set-10-files-2,1,other
EFTA01340724.pdf,data-set-10-files-2,1,other
EFTA01340725.pdf,data-set-10-files-2,1,other
EFTA01340726.pdf,data-set-10-files-2,1,other
EFTA01340727.pdf,data-set-10-files-2,1,other
EFTA01340728.pdf,data-set-10-files-2,1,photo
EFTA01340729.pdf,data-set-10-files-2,1,photo
EFTA01340730.pdf,data-set-10-files-2,1,other
EFTA01340731.pdf,data-set-10-files-2,1,photo
EFTA01340732.pdf,data-set-10-files-2,1,other
EFTA01340733.pdf,data-set-10-files-2,1,other
EFTA01340734.pdf,data-set-10-files-2,1,photo
EFTA01340735.pdf,data-set-10-files-2,1,other
EFTA01340736.pdf,data-set-10-files-2,1,other
EFTA01340737.pdf,data-set-10-files-2,1,other
EFTA01340738.pdf,data-set-10-files-2,1,other
EFTA01340739.pdf,data-set-10-files-2,1,other
EFTA01340740.pdf,data-set-10-files-2,1,other
EFTA01340741.pdf,data-set-10-files-2,1,other
EFTA01340742.pdf,data-set-10-files-2,1,other
EFTA01340743.pdf,data-set-10-files-2,1,photo
EFTA01340744.pdf,data-set-10-files-2,1,other
EFTA01340745.pdf,data-set-10-files-2,1,other
EFTA01340746.pdf,data-set-10-files-2,1,other
EFTA01340747.pdf,data-set-10-files-2,1,other
EFTA01340748.pdf,data-set-10-files-2,1,other
EFTA01340749.pdf,data-set-10-files-2,1,other
EFTA01340750.pdf,data-set-10-files-2,1,other
EFTA01340751.pdf,data-set-10-files-2,1,photo
EFTA01340752.pdf,data-set-10-files-2,1,other
EFTA01340753.pdf,data-set-10-files-2,1,other
EFTA01340754.pdf,data-set-10-files-2,1,other
EFTA01340755.pdf,data-set-10-files-2,1,other
EFTA01340756.pdf,data-set-10-files-2,1,other
EFTA01340757.pdf,data-set-10-files-2,1,other
EFTA01340758.pdf,data-set-10-files-2,1,other
EFTA01340759.pdf,data-set-10-files-2,1,other
EFTA01340760.pdf,data-set-10-files-2,1,other
EFTA01340761.pdf,data-set-10-files-2,1,other
EFTA01340762.pdf,data-set-10-files-2,1,other
EFTA01340763.pdf,data-set-10-files-2,1,other
EFTA01340764.pdf,data-set-10-files-2,1,other
EFTA01340765.pdf,data-set-10-files-2,1,other
EFTA01340766.pdf,data-set-10-files-2,1,other
EFTA01340767.pdf,data-set-10-files-2,1,other
EFTA01340768.pdf,data-set-10-files-2,1,other
EFTA01340769.pdf,data-set-10-files-2,1,other
EFTA01340770.pdf,data-set-10-files-2,1,other
EFTA01340771.pdf,data-set-10-files-2,1,other
EFTA01340772.pdf,data-set-10-files-2,1,photo
EFTA01340773.pdf,data-set-10-files-2,1,other
EFTA01340774.pdf,data-set-10-files-2,1,other
EFTA01340775.pdf,data-set-10-files-2,1,other
EFTA01340776.pdf,data-set-10-files-2,1,other
EFTA01340777.pdf,data-set-10-files-2,1,other
EFTA01340778.pdf,data-set-10-files-2,1,other
EFTA01340779.pdf,data-set-10-files-2,1,other
EFTA01340780.pdf,data-set-10-files-2,1,photo
EFTA01340781.pdf,data-set-10-files-2,1,other
EFTA01340782.pdf,data-set-10-files-2,1,other
EFTA01340783.pdf,data-set-10-files-2,1,photo
EFTA01340784.pdf,data-set-10-files-2,1,photo
EFTA01340785.pdf,data-set-10-files-2,1,other
EFTA01340786.pdf,data-set-10-files-2,1,other
EFTA01340787.pdf,data-set-10-files-2,1,other
EFTA01340788.pdf,data-set-10-files-2,1,photo
EFTA01340789.pdf,data-set-10-files-2,1,photo
EFTA01340790.pdf,data-set-10-files-2,1,photo
EFTA01340791.pdf,data-set-10-files-2,1,other
EFTA01340792.pdf,data-set-10-files-2,1,photo
EFTA01340793.pdf,data-set-10-files-2,1,other
EFTA01340794.pdf,data-set-10-files-2,1,photo
EFTA01340795.pdf,data-set-10-files-2,1,photo
EFTA01340796.pdf,data-set-10-files-2,1,photo
EFTA01340797.pdf,data-set-10-files-2,1,other
EFTA01340798.pdf,data-set-10-files-2,1,other
EFTA01340799.pdf,data-set-10-files-2,1,photo
EFTA01340800.pdf,data-set-10-files-2,1,other
EFTA01340801.pdf,data-set-10-files-2,1,other
EFTA01340802.pdf,data-set-10-files-2,1,other
EFTA01340803.pdf,data-set-10-files-2,1,other
EFTA01340804.pdf,data-set-10-files-2,1,other
EFTA01340805.pdf,data-set-10-files-2,1,other
EFTA01340806.pdf,data-set-10-files-2,1,other
EFTA01340807.pdf,data-set-10-files-2,1,photo
EFTA01340808.pdf,data-set-10-files-2,1,other
EFTA01340809.pdf,data-set-10-files-2,1,other
EFTA01340810.pdf,data-set-10-files-2,1,other
EFTA01340811.pdf,data-set-10-files-2,1,other
EFTA01340812.pdf,data-set-10-files-2,1,other
EFTA01340813.pdf,data-set-10-files-2,1,other
EFTA01340814.pdf,data-set-10-files-2,1,other
EFTA01340815.pdf,data-set-10-files-2,1,other
EFTA01340816.pdf,data-set-10-files-2,1,other
EFTA01340817.pdf,data-set-10-files-2,1,other
EFTA01340818.pdf,data-set-10-files-2,1,other
EFTA01340819.pdf,data-set-10-files-2,1,other
EFTA01340820.pdf,data-set-10-files-2,1,photo
EFTA01340821.pdf,data-set-10-files-2,1,other
EFTA01340822.pdf,data-set-10-files-2,1,photo
EFTA01340823.pdf,data-set-10-files-2,1,other
EFTA01340824.pdf,data-set-10-files-2,1,other
EFTA01340825.pdf,data-set-10-files-2,1,other
EFTA01340826.pdf,data-set-10-files-2,1,other
EFTA01340827.pdf,data-set-10-files-2,1,other
EFTA01340828.pdf,data-set-10-files-2,1,photo
EFTA01340829.pdf,data-set-10-files-2,1,photo
EFTA01340830.pdf,data-set-10-files-2,1,other
EFTA01340831.pdf,data-set-10-files-2,1,other
EFTA01340832.pdf,data-set-10-files-2,1,other
EFTA01340833.pdf,data-set-10-files-2,1,other
EFTA01340834.pdf,data-set-10-files-2,1,other
EFTA01340835.pdf,data-set-10-files-2,1,other
EFTA01340836.pdf,data-set-10-files-2,1,other
EFTA01340837.pdf,data-set-10-files-2,1,other
EFTA01340838.pdf,data-set-10-files-2,1,photo
EFTA01340839.pdf,data-set-10-files-2,1,other
EFTA01340840.pdf,data-set-10-files-2,1,other
EFTA01340841.pdf,data-set-10-files-2,1,other
EFTA01340842.pdf,data-set-10-files-2,1,other
EFTA01340843.pdf,data-set-10-files-2,1,other
EFTA01340844.pdf,data-set-10-files-2,1,other
EFTA01340845.pdf,data-set-10-files-2,1,photo
EFTA01340846.pdf,data-set-10-files-2,1,other
EFTA01340847.pdf,data-set-10-files-2,1,photo
EFTA01340848.pdf,data-set-10-files-2,1,other
EFTA01340849.pdf,data-set-10-files-2,1,other
EFTA01340850.pdf,data-set-10-files-2,1,other
EFTA01340851.pdf,data-set-10-files-2,1,other
EFTA01340852.pdf,data-set-10-files-2,1,other
EFTA01340853.pdf,data-set-10-files-2,1,other
EFTA01340854.pdf,data-set-10-files-2,1,other
EFTA01340855.pdf,data-set-10-files-2,1,photo
EFTA01340856.pdf,data-set-10-files-2,1,photo
EFTA01340857.pdf,data-set-10-files-2,1,other
EFTA01340858.pdf,data-set-10-files-2,1,other
EFTA01340859.pdf,data-set-10-files-2,1,other
EFTA01340860.pdf,data-set-10-files-2,1,other
EFTA01340861.pdf,data-set-10-files-2,1,other
EFTA01340862.pdf,data-set-10-files-2,1,other
EFTA01340863.pdf,data-set-10-files-2,1,other
EFTA01340864.pdf,data-set-10-files-2,1,other
EFTA01340865.pdf,data-set-10-files-2,1,other
EFTA01340866.pdf,data-set-10-files-2,1,other
EFTA01340867.pdf,data-set-10-files-2,1,other
EFTA01340868.pdf,data-set-10-files-2,1,other
EFTA01340869.pdf,data-set-10-files-2,1,other
EFTA01340870.pdf,data-set-10-files-2,1,other
EFTA01340871.pdf,data-set-10-files-2,1,other
EFTA01340872.pdf,data-set-10-files-2,1,other
EFTA01340873.pdf,data-set-10-files-2,1,other
EFTA01340874.pdf,data-set-10-files-2,1,other
EFTA01340875.pdf,data-set-10-files-2,1,other
EFTA01340876.pdf,data-set-10-files-2,1,other
EFTA01340877.pdf,data-set-10-files-2,1,photo
EFTA01340878.pdf,data-set-10-files-2,1,other
EFTA01340879.pdf,data-set-10-files-2,1,other
EFTA01340880.pdf,data-set-10-files-2,1,other
EFTA01340881.pdf,data-set-10-files-2,1,other
EFTA01340882.pdf,data-set-10-files-2,1,other
EFTA01340883.pdf,data-set-10-files-2,1,other
EFTA01340884.pdf,data-set-10-files-2,1,other
EFTA01340885.pdf,data-set-10-files-2,1,other
EFTA01340886.pdf,data-set-10-files-2,1,other
EFTA01340887.pdf,data-set-10-files-2,1,other
EFTA01340888.pdf,data-set-10-files-2,1,other
EFTA01340889.pdf,data-set-10-files-2,1,other
EFTA01340890.pdf,data-set-10-files-2,1,other
EFTA01340891.pdf,data-set-10-files-2,1,other
EFTA01340892.pdf,data-set-10-files-2,1,other
EFTA01340893.pdf,data-set-10-files-2,1,photo
EFTA01340894.pdf,data-set-10-files-2,1,other
EFTA01340895.pdf,data-set-10-files-2,1,other
EFTA01340896.pdf,data-set-10-files-2,1,other
EFTA01340897.pdf,data-set-10-files-2,1,other
EFTA01340898.pdf,data-set-10-files-2,1,other
EFTA01340899.pdf,data-set-10-files-2,1,other
EFTA01340900.pdf,data-set-10-files-2,1,other
EFTA01340901.pdf,data-set-10-files-2,1,other
EFTA01340902.pdf,data-set-10-files-2,1,photo
EFTA01340903.pdf,data-set-10-files-2,1,other
EFTA01340904.pdf,data-set-10-files-2,1,other
EFTA01340905.pdf,data-set-10-files-2,1,other
EFTA01340906.pdf,data-set-10-files-2,1,other
EFTA01340907.pdf,data-set-10-files-2,1,other
EFTA01340908.pdf,data-set-10-files-2,1,other
EFTA01340909.pdf,data-set-10-files-2,1,other
EFTA01340910.pdf,data-set-10-files-2,1,other
EFTA01340911.pdf,data-set-10-files-2,1,other
EFTA01340912.pdf,data-set-10-files-2,1,other
EFTA01340913.pdf,data-set-10-files-2,1,other
EFTA01340914.pdf,data-set-10-files-2,1,other
EFTA01340915.pdf,data-set-10-files-2,1,other
EFTA01340916.pdf,data-set-10-files-2,1,other
EFTA01340917.pdf,data-set-10-files-2,1,photo
EFTA01340918.pdf,data-set-10-files-2,1,other
EFTA01340919.pdf,data-set-10-files-2,1,other
EFTA01340920.pdf,data-set-10-files-2,1,other
EFTA01340921.pdf,data-set-10-files-2,1,photo
EFTA01340922.pdf,data-set-10-files-2,1,other
EFTA01340923.pdf,data-set-10-files-2,1,other
EFTA01340924.pdf,data-set-10-files-2,1,other
EFTA01340925.pdf,data-set-10-files-2,1,other
EFTA01340926.pdf,data-set-10-files-2,1,other
EFTA01340927.pdf,data-set-10-files-2,1,other
EFTA01340928.pdf,data-set-10-files-2,1,other
EFTA01340929.pdf,data-set-10-files-2,1,other
EFTA01340930.pdf,data-set-10-files-2,1,other
EFTA01340931.pdf,data-set-10-files-2,1,other
EFTA01340932.pdf,data-set-10-files-2,1,other
EFTA01340933.pdf,data-set-10-files-2,1,other
EFTA01340934.pdf,data-set-10-files-2,1,other
EFTA01340935.pdf,data-set-10-files-2,1,other
EFTA01340936.pdf,data-set-10-files-2,1,other
EFTA01340937.pdf,data-set-10-files-2,1,other
EFTA01340938.pdf,data-set-10-files-2,1,other
EFTA01340939.pdf,data-set-10-files-2,1,other
EFTA01340940.pdf,data-set-10-files-2,1,other
EFTA01340941.pdf,data-set-10-files-2,1,other
EFTA01340942.pdf,data-set-10-files-2,1,other
EFTA01340943.pdf,data-set-10-files-2,1,photo
EFTA01340944.pdf,data-set-10-files-2,1,other
EFTA01340945.pdf,data-set-10-files-2,1,other
EFTA01340946.pdf,data-set-10-files-2,1,photo
EFTA01340947.pdf,data-set-10-files-2,1,other
EFTA01340948.pdf,data-set-10-files-2,1,other
EFTA01340949.pdf,data-set-10-files-2,1,other
EFTA01340950.pdf,data-set-10-files-2,1,other
EFTA01340951.pdf,data-set-10-files-2,1,other
EFTA01340952.pdf,data-set-10-files-2,1,photo
EFTA01340953.pdf,data-set-10-files-2,1,photo
EFTA01340954.pdf,data-set-10-files-2,1,other
EFTA01340955.pdf,data-set-10-files-2,1,photo
EFTA01340956.pdf,data-set-10-files-2,1,other
EFTA01340957.pdf,data-set-10-files-2,1,other
EFTA01340958.pdf,data-set-10-files-2,1,photo
EFTA01340959.pdf,data-set-10-files-2,1,other
EFTA01340960.pdf,data-set-10-files-2,1,photo
EFTA01340961.pdf,data-set-10-files-2,1,other
EFTA01340962.pdf,data-set-10-files-2,1,other
EFTA01340963.pdf,data-set-10-files-2,1,other
EFTA01340964.pdf,data-set-10-files-2,1,photo
EFTA01340965.pdf,data-set-10-files-2,1,other
EFTA01340966.pdf,data-set-10-files-2,1,other
EFTA01340967.pdf,data-set-10-files-2,1,other
EFTA01340968.pdf,data-set-10-files-2,1,other
EFTA01340969.pdf,data-set-10-files-2,1,other
EFTA01340970.pdf,data-set-10-files-2,1,photo
EFTA01340971.pdf,data-set-10-files-2,1,photo
EFTA01340972.pdf,data-set-10-files-2,1,other
EFTA01340973.pdf,data-set-10-files-2,1,photo
EFTA01340974.pdf,data-set-10-files-2,1,other
EFTA01340975.pdf,data-set-10-files-2,1,photo
EFTA01340976.pdf,data-set-10-files-2,1,photo
EFTA01340977.pdf,data-set-10-files-2,1,other
EFTA01340978.pdf,data-set-10-files-2,1,other
EFTA01340979.pdf,data-set-10-files-2,1,other
EFTA01340980.pdf,data-set-10-files-2,1,other
EFTA01340981.pdf,data-set-10-files-2,1,other
EFTA01340982.pdf,data-set-10-files-2,1,other
EFTA01340983.pdf,data-set-10-files-2,1,photo
EFTA01340984.pdf,data-set-10-files-2,1,other
EFTA01340985.pdf,data-set-10-files-2,1,other
EFTA01340986.pdf,data-set-10-files-2,1,photo
EFTA01340987.pdf,data-set-10-files-2,1,other
EFTA01340988.pdf,data-set-10-files-2,1,other
EFTA01340989.pdf,data-set-10-files-2,1,other
EFTA01340990.pdf,data-set-10-files-2,1,other
EFTA01340991.pdf,data-set-10-files-2,1,other
EFTA01340992.pdf,data-set-10-files-2,1,other
EFTA01340993.pdf,data-set-10-files-2,1,other
EFTA01340994.pdf,data-set-10-files-2,1,other
EFTA01340995.pdf,data-set-10-files-2,1,other
EFTA01340996.pdf,data-set-10-files-2,1,photo
EFTA01340997.pdf,data-set-10-files-2,1,photo
EFTA01340998.pdf,data-set-10-files-2,1,other
EFTA01340999.pdf,data-set-10-files-2,1,other
EFTA01341000.pdf,data-set-10-files-2,1,other
EFTA01341001.pdf,data-set-10-files-2,1,other
EFTA01341002.pdf,data-set-10-files-2,1,photo
EFTA01341003.pdf,data-set-10-files-2,1,photo
EFTA01341004.pdf,data-set-10-files-2,1,other
EFTA01341005.pdf,data-set-10-files-2,1,photo
EFTA01341006.pdf,data-set-10-files-2,1,other
EFTA01341007.pdf,data-set-10-files-2,1,other
EFTA01341008.pdf,data-set-10-files-2,1,other
EFTA01341009.pdf,data-set-10-files-2,1,other
EFTA01341010.pdf,data-set-10-files-2,1,other
EFTA01341011.pdf,data-set-10-files-2,1,other
EFTA01341012.pdf,data-set-10-files-2,1,photo
EFTA01341013.pdf,data-set-10-files-2,1,other
EFTA01341014.pdf,data-set-10-files-2,1,other
EFTA01341015.pdf,data-set-10-files-2,1,other
EFTA01341016.pdf,data-set-10-files-2,1,other
EFTA01341017.pdf,data-set-10-files-2,1,other
EFTA01341018.pdf,data-set-10-files-2,1,other
EFTA01341019.pdf,data-set-10-files-2,1,other
EFTA01341020.pdf,data-set-10-files-2,1,other
EFTA01341021.pdf,data-set-10-files-2,1,other
EFTA01341022.pdf,data-set-10-files-2,1,other
EFTA01341023.pdf,data-set-10-files-2,1,photo
EFTA01341024.pdf,data-set-10-files-2,1,other
EFTA01341025.pdf,data-set-10-files-2,1,other
EFTA01341026.pdf,data-set-10-files-2,1,other
EFTA01341027.pdf,data-set-10-files-2,1,other
EFTA01341028.pdf,data-set-10-files-2,1,other
EFTA01341029.pdf,data-set-10-files-2,1,other
EFTA01341030.pdf,data-set-10-files-2,1,other
EFTA01341031.pdf,data-set-10-files-2,1,other
EFTA01341032.pdf,data-set-10-files-2,1,other
EFTA01341033.pdf,data-set-10-files-2,1,other
EFTA01341034.pdf,data-set-10-files-2,1,other
EFTA01341035.pdf,data-set-10-files-2,1,other
EFTA01341036.pdf,data-set-10-files-2,1,other
EFTA01341037.pdf,data-set-10-files-2,1,other
EFTA01341038.pdf,data-set-10-files-2,1,other
EFTA01341039.pdf,data-set-10-files-2,1,other
EFTA01341040.pdf,data-set-10-files-2,1,other
EFTA01341041.pdf,data-set-10-files-2,1,other
EFTA01341042.pdf,data-set-10-files-2,1,other
EFTA01341043.pdf,data-set-10-files-2,1,other
EFTA01341044.pdf,data-set-10-files-2,1,other
EFTA01341045.pdf,data-set-10-files-2,1,photo
EFTA01341046.pdf,data-set-10-files-2,1,other
EFTA01341047.pdf,data-set-10-files-2,1,other
EFTA01341048.pdf,data-set-10-files-2,1,other
EFTA01341049.pdf,data-set-10-files-2,1,photo
EFTA01341050.pdf,data-set-10-files-2,1,other
EFTA01341051.pdf,data-set-10-files-2,1,other
EFTA01341052.pdf,data-set-10-files-2,1,other
EFTA01341053.pdf,data-set-10-files-2,1,photo
EFTA01341054.pdf,data-set-10-files-2,1,other
EFTA01341055.pdf,data-set-10-files-2,1,other
EFTA01341056.pdf,data-set-10-files-2,1,other
EFTA01341057.pdf,data-set-10-files-2,1,photo
EFTA01341058.pdf,data-set-10-files-2,1,other
EFTA01341059.pdf,data-set-10-files-2,1,other
EFTA01341060.pdf,data-set-10-files-2,1,other
EFTA01341061.pdf,data-set-10-files-2,1,other
EFTA01341062.pdf,data-set-10-files-2,1,other
EFTA01341063.pdf,data-set-10-files-2,1,other
EFTA01341064.pdf,data-set-10-files-2,1,other
EFTA01341065.pdf,data-set-10-files-2,1,other
EFTA01341066.pdf,data-set-10-files-2,1,other
EFTA01341067.pdf,data-set-10-files-2,1,photo
EFTA01341068.pdf,data-set-10-files-2,1,other
EFTA01341069.pdf,data-set-10-files-2,1,other
EFTA01341070.pdf,data-set-10-files-2,1,other
EFTA01341071.pdf,data-set-10-files-2,1,other
EFTA01341072.pdf,data-set-10-files-2,1,other
EFTA01341073.pdf,data-set-10-files-2,1,other
EFTA01341074.pdf,data-set-10-files-2,1,other
EFTA01341075.pdf,data-set-10-files-2,1,other
EFTA01341076.pdf,data-set-10-files-2,1,other
EFTA01341077.pdf,data-set-10-files-2,1,other
EFTA01341078.pdf,data-set-10-files-2,1,other
EFTA01341079.pdf,data-set-10-files-2,1,other
EFTA01341080.pdf,data-set-10-files-2,1,other
EFTA01341081.pdf,data-set-10-files-2,1,other
EFTA01341082.pdf,data-set-10-files-2,1,other
EFTA01341083.pdf,data-set-10-files-2,1,other
EFTA01341084.pdf,data-set-10-files-2,1,other
EFTA01341085.pdf,data-set-10-files-2,1,other
EFTA01341086.pdf,data-set-10-files-2,1,photo
EFTA01341087.pdf,data-set-10-files-2,1,photo
EFTA01341088.pdf,data-set-10-files-2,1,other
EFTA01341089.pdf,data-set-10-files-2,1,other
EFTA01341090.pdf,data-set-10-files-2,1,other
EFTA01341091.pdf,data-set-10-files-2,1,other
EFTA01341092.pdf,data-set-10-files-2,1,other
EFTA01341093.pdf,data-set-10-files-2,1,photo
EFTA01341094.pdf,data-set-10-files-2,1,other
EFTA01341095.pdf,data-set-10-files-2,1,other
EFTA01341096.pdf,data-set-10-files-2,1,other
EFTA01341097.pdf,data-set-10-files-2,1,other
EFTA01341098.pdf,data-set-10-files-2,1,other
EFTA01341099.pdf,data-set-10-files-2,1,other
EFTA01341100.pdf,data-set-10-files-2,1,other
EFTA01341101.pdf,data-set-10-files-2,1,other
EFTA01341102.pdf,data-set-10-files-2,1,other
EFTA01341103.pdf,data-set-10-files-2,1,other
EFTA01341104.pdf,data-set-10-files-2,1,other
EFTA01341105.pdf,data-set-10-files-2,1,other
EFTA01341106.pdf,data-set-10-files-2,1,other
EFTA01341107.pdf,data-set-10-files-2,1,other
EFTA01341108.pdf,data-set-10-files-2,1,other
EFTA01341109.pdf,data-set-10-files-2,1,other
EFTA01341110.pdf,data-set-10-files-2,1,other
EFTA01341111.pdf,data-set-10-files-2,1,other
EFTA01341112.pdf,data-set-10-files-2,1,photo
EFTA01341113.pdf,data-set-10-files-2,1,other
EFTA01341114.pdf,data-set-10-files-2,1,other
EFTA01341115.pdf,data-set-10-files-2,1,other
EFTA01341116.pdf,data-set-10-files-2,1,other
EFTA01341117.pdf,data-set-10-files-2,1,other
EFTA01341118.pdf,data-set-10-files-2,1,other
EFTA01341119.pdf,data-set-10-files-2,1,other
EFTA01341120.pdf,data-set-10-files-2,1,other
EFTA01341121.pdf,data-set-10-files-2,1,photo
EFTA01341122.pdf,data-set-10-files-2,1,other
EFTA01341123.pdf,data-set-10-files-2,1,other
EFTA01341124.pdf,data-set-10-files-2,1,other
EFTA01341125.pdf,data-set-10-files-2,1,other
EFTA01341126.pdf,data-set-10-files-2,1,other
EFTA01341127.pdf,data-set-10-files-2,1,other
EFTA01341128.pdf,data-set-10-files-2,1,photo
EFTA01341129.pdf,data-set-10-files-2,1,photo
EFTA01341130.pdf,data-set-10-files-2,1,other
EFTA01341131.pdf,data-set-10-files-2,1,other
EFTA01341132.pdf,data-set-10-files-2,1,other
EFTA01341133.pdf,data-set-10-files-2,1,other
EFTA01341134.pdf,data-set-10-files-2,1,photo
EFTA01341135.pdf,data-set-10-files-2,1,other
EFTA01341136.pdf,data-set-10-files-2,1,other
EFTA01341137.pdf,data-set-10-files-2,1,other
EFTA01341138.pdf,data-set-10-files-2,1,other
EFTA01341139.pdf,data-set-10-files-2,1,other
EFTA01341140.pdf,data-set-10-files-2,1,other
EFTA01341141.pdf,data-set-10-files-2,1,other
EFTA01341142.pdf,data-set-10-files-2,1,other
EFTA01341143.pdf,data-set-10-files-2,1,other
EFTA01341144.pdf,data-set-10-files-2,1,other
EFTA01341145.pdf,data-set-10-files-2,1,other
EFTA01341146.pdf,data-set-10-files-2,1,other
EFTA01341147.pdf,data-set-10-files-2,1,other
EFTA01341148.pdf,data-set-10-files-2,1,photo
EFTA01341149.pdf,data-set-10-files-2,1,other
EFTA01341150.pdf,data-set-10-files-2,1,other
EFTA01341151.pdf,data-set-10-files-2,1,other
EFTA01341152.pdf,data-set-10-files-2,1,other
EFTA01341153.pdf,data-set-10-files-2,1,other
EFTA01341154.pdf,data-set-10-files-2,1,other
EFTA01341155.pdf,data-set-10-files-2,1,other
EFTA01341156.pdf,data-set-10-files-2,1,other
EFTA01341157.pdf,data-set-10-files-2,1,other
EFTA01341158.pdf,data-set-10-files-2,10,other
EFTA01341168.pdf,data-set-10-files-2,1,other
EFTA01341169.pdf,data-set-10-files-2,1,photo
EFTA01341170.pdf,data-set-10-files-2,1,other
EFTA01341171.pdf,data-set-10-files-2,1,photo
EFTA01341172.pdf,data-set-10-files-2,1,other
EFTA01341173.pdf,data-set-10-files-2,1,other
EFTA01341174.pdf,data-set-10-files-2,1,other
EFTA01341175.pdf,data-set-10-files-2,1,other
EFTA01341176.pdf,data-set-10-files-2,1,photo
EFTA01341177.pdf,data-set-10-files-2,1,other
EFTA01341178.pdf,data-set-10-files-2,1,photo
EFTA01341179.pdf,data-set-10-files-2,1,other
EFTA01341180.pdf,data-set-10-files-2,1,other
EFTA01341181.pdf,data-set-10-files-2,1,other
EFTA01341182.pdf,data-set-10-files-2,1,other
EFTA01341183.pdf,data-set-10-files-2,1,other
EFTA01341184.pdf,data-set-10-files-2,1,other
EFTA01341185.pdf,data-set-10-files-2,1,other
EFTA01341186.pdf,data-set-10-files-2,1,photo
EFTA01341187.pdf,data-set-10-files-2,1,other
EFTA01341188.pdf,data-set-10-files-2,1,other
EFTA01341189.pdf,data-set-10-files-2,1,photo
EFTA01341190.pdf,data-set-10-files-2,1,other
EFTA01341191.pdf,data-set-10-files-2,1,other
EFTA01341192.pdf,data-set-10-files-2,1,photo
EFTA01341193.pdf,data-set-10-files-2,1,other
EFTA01341194.pdf,data-set-10-files-2,1,other
EFTA01341195.pdf,data-set-10-files-2,1,other
EFTA01341196.pdf,data-set-10-files-2,1,photo
EFTA01341197.pdf,data-set-10-files-2,1,photo
EFTA01341198.pdf,data-set-10-files-2,1,other
EFTA01341199.pdf,data-set-10-files-2,1,other
EFTA01341200.pdf,data-set-10-files-2,1,other
EFTA01341201.pdf,data-set-10-files-2,1,other
EFTA01341202.pdf,data-set-10-files-2,1,photo
EFTA01341203.pdf,data-set-10-files-2,1,other
EFTA01341204.pdf,data-set-10-files-2,1,other
EFTA01341205.pdf,data-set-10-files-2,1,photo
EFTA01341206.pdf,data-set-10-files-2,1,other
EFTA01341207.pdf,data-set-10-files-2,1,other
EFTA01341208.pdf,data-set-10-files-2,1,other
EFTA01341209.pdf,data-set-10-files-2,1,photo
EFTA01341210.pdf,data-set-10-files-2,1,photo
EFTA01341211.pdf,data-set-10-files-2,1,other
EFTA01341212.pdf,data-set-10-files-2,1,photo
EFTA01341213.pdf,data-set-10-files-2,1,other
EFTA01341214.pdf,data-set-10-files-2,1,other
EFTA01341215.pdf,data-set-10-files-2,1,other
EFTA01341216.pdf,data-set-10-files-2,1,other
EFTA01341217.pdf,data-set-10-files-2,1,other
EFTA01341218.pdf,data-set-10-files-2,1,other
EFTA01341219.pdf,data-set-10-files-2,1,other
EFTA01341220.pdf,data-set-10-files-2,1,other
EFTA01341221.pdf,data-set-10-files-2,1,photo
EFTA01341222.pdf,data-set-10-files-2,1,other
EFTA01341223.pdf,data-set-10-files-2,1,other
EFTA01341224.pdf,data-set-10-files-2,1,other
EFTA01341225.pdf,data-set-10-files-2,1,other
EFTA01341226.pdf,data-set-10-files-2,1,other
EFTA01341227.pdf,data-set-10-files-2,1,other
EFTA01341228.pdf,data-set-10-files-2,1,other
EFTA01341229.pdf,data-set-10-files-2,1,other
EFTA01341230.pdf,data-set-10-files-2,1,other
EFTA01341231.pdf,data-set-10-files-2,1,other
EFTA01341232.pdf,data-set-10-files-2,1,photo
EFTA01341233.pdf,data-set-10-files-2,1,photo
EFTA01341234.pdf,data-set-10-files-2,1,other
EFTA01341235.pdf,data-set-10-files-2,1,other
EFTA01341236.pdf,data-set-10-files-2,1,other
EFTA01341237.pdf,data-set-10-files-2,1,other
EFTA01341238.pdf,data-set-10-files-2,1,photo
EFTA01341239.pdf,data-set-10-files-2,1,other
EFTA01341240.pdf,data-set-10-files-2,1,other
EFTA01341241.pdf,data-set-10-files-2,1,other
EFTA01341242.pdf,data-set-10-files-2,1,other
EFTA01341243.pdf,data-set-10-files-2,1,other
EFTA01341244.pdf,data-set-10-files-2,1,other
EFTA01341245.pdf,data-set-10-files-2,1,other
EFTA01341246.pdf,data-set-10-files-2,1,other
EFTA01341247.pdf,data-set-10-files-2,1,other
EFTA01341248.pdf,data-set-10-files-2,1,other
EFTA01341249.pdf,data-set-10-files-2,1,other
EFTA01341250.pdf,data-set-10-files-2,1,other
EFTA01341251.pdf,data-set-10-files-2,1,other
EFTA01341252.pdf,data-set-10-files-2,1,other
EFTA01341253.pdf,data-set-10-files-2,1,photo
EFTA01341254.pdf,data-set-10-files-2,1,other
EFTA01341255.pdf,data-set-10-files-2,1,other
EFTA01341256.pdf,data-set-10-files-2,1,photo
EFTA01341257.pdf,data-set-10-files-2,1,other
EFTA01341258.pdf,data-set-10-files-2,1,other
EFTA01341259.pdf,data-set-10-files-2,1,photo
EFTA01341260.pdf,data-set-10-files-2,1,other
EFTA01341261.pdf,data-set-10-files-2,1,photo
EFTA01341262.pdf,data-set-10-files-2,1,other
EFTA01341263.pdf,data-set-10-files-2,1,other
EFTA01341264.pdf,data-set-10-files-2,1,other
EFTA01341265.pdf,data-set-10-files-2,1,other
EFTA01341266.pdf,data-set-10-files-2,1,other
EFTA01341267.pdf,data-set-10-files-2,1,other
EFTA01341268.pdf,data-set-10-files-2,1,other
EFTA01341269.pdf,data-set-10-files-2,1,other
EFTA01341270.pdf,data-set-10-files-2,1,photo
EFTA01341271.pdf,data-set-10-files-2,1,other
EFTA01341272.pdf,data-set-10-files-2,1,photo
EFTA01341273.pdf,data-set-10-files-2,1,photo
EFTA01341274.pdf,data-set-10-files-2,1,other
EFTA01341275.pdf,data-set-10-files-2,1,other
EFTA01341276.pdf,data-set-10-files-2,1,other
EFTA01341277.pdf,data-set-10-files-2,1,photo
EFTA01341278.pdf,data-set-10-files-2,1,other
EFTA01341279.pdf,data-set-10-files-2,1,other
EFTA01341280.pdf,data-set-10-files-2,1,other
EFTA01341281.pdf,data-set-10-files-2,1,other
EFTA01341282.pdf,data-set-10-files-2,1,other
EFTA01341283.pdf,data-set-10-files-2,1,other
EFTA01341284.pdf,data-set-10-files-2,1,photo
EFTA01341285.pdf,data-set-10-files-2,1,photo
EFTA01341286.pdf,data-set-10-files-2,1,other
EFTA01341287.pdf,data-set-10-files-2,1,other
EFTA01341288.pdf,data-set-10-files-2,1,photo
EFTA01341289.pdf,data-set-10-files-2,1,other
EFTA01341290.pdf,data-set-10-files-2,1,photo
EFTA01341291.pdf,data-set-10-files-2,1,other
EFTA01341292.pdf,data-set-10-files-2,1,other
EFTA01341293.pdf,data-set-10-files-2,1,other
EFTA01341294.pdf,data-set-10-files-2,1,photo
EFTA01341295.pdf,data-set-10-files-2,1,other
EFTA01341296.pdf,data-set-10-files-2,1,photo
EFTA01341297.pdf,data-set-10-files-2,1,photo
EFTA01341298.pdf,data-set-10-files-2,1,other
EFTA01341299.pdf,data-set-10-files-2,1,photo
EFTA01341300.pdf,data-set-10-files-2,1,other
EFTA01341301.pdf,data-set-10-files-2,1,photo
EFTA01341302.pdf,data-set-10-files-2,1,photo
EFTA01341303.pdf,data-set-10-files-2,1,other
EFTA01341304.pdf,data-set-10-files-2,1,photo
EFTA01341305.pdf,data-set-10-files-2,1,other
EFTA01341306.pdf,data-set-10-files-2,1,other
EFTA01341307.pdf,data-set-10-files-2,1,other
EFTA01341308.pdf,data-set-10-files-2,1,photo
EFTA01341309.pdf,data-set-10-files-2,1,other
EFTA01341310.pdf,data-set-10-files-2,1,other
EFTA01341311.pdf,data-set-10-files-2,1,photo
EFTA01341312.pdf,data-set-10-files-2,1,photo
EFTA01341313.pdf,data-set-10-files-2,1,photo
EFTA01341314.pdf,data-set-10-files-2,1,photo
EFTA01341315.pdf,data-set-10-files-2,1,other
EFTA01341316.pdf,data-set-10-files-2,1,photo
EFTA01341317.pdf,data-set-10-files-2,1,other
EFTA01341318.pdf,data-set-10-files-2,1,other
EFTA01341319.pdf,data-set-10-files-2,1,photo
EFTA01341320.pdf,data-set-10-files-2,1,other
EFTA01341321.pdf,data-set-10-files-2,1,other
EFTA01341322.pdf,data-set-10-files-2,1,photo
EFTA01341323.pdf,data-set-10-files-2,1,other
EFTA01341324.pdf,data-set-10-files-2,1,other
EFTA01341325.pdf,data-set-10-files-2,1,other
EFTA01341326.pdf,data-set-10-files-2,1,other
EFTA01341327.pdf,data-set-10-files-2,1,other
EFTA01341328.pdf,data-set-10-files-2,1,other
EFTA01341329.pdf,data-set-10-files-2,1,photo
EFTA01341330.pdf,data-set-10-files-2,1,other
EFTA01341331.pdf,data-set-10-files-2,1,other
EFTA01341332.pdf,data-set-10-files-2,1,photo
EFTA01341333.pdf,data-set-10-files-2,1,other
EFTA01341334.pdf,data-set-10-files-2,1,photo
EFTA01341335.pdf,data-set-10-files-2,1,other
EFTA01341336.pdf,data-set-10-files-2,1,other
EFTA01341337.pdf,data-set-10-files-2,1,other
EFTA01341338.pdf,data-set-10-files-2,1,other
EFTA01341339.pdf,data-set-10-files-2,1,other
EFTA01341340.pdf,data-set-10-files-2,1,photo
EFTA01341341.pdf,data-set-10-files-2,1,other
EFTA01341342.pdf,data-set-10-files-2,1,other
EFTA01341343.pdf,data-set-10-files-2,1,other
EFTA01341344.pdf,data-set-10-files-2,1,other
EFTA01341345.pdf,data-set-10-files-2,1,photo
EFTA01341346.pdf,data-set-10-files-2,1,photo
EFTA01341347.pdf,data-set-10-files-2,1,other
EFTA01341348.pdf,data-set-10-files-2,1,other
EFTA01341349.pdf,data-set-10-files-2,1,other
EFTA01341350.pdf,data-set-10-files-2,1,other
EFTA01341351.pdf,data-set-10-files-2,1,other
EFTA01341352.pdf,data-set-10-files-2,1,photo
EFTA01341353.pdf,data-set-10-files-2,1,other
EFTA01341354.pdf,data-set-10-files-2,1,photo
EFTA01341355.pdf,data-set-10-files-2,1,photo
EFTA01341356.pdf,data-set-10-files-2,1,other
EFTA01341357.pdf,data-set-10-files-2,1,other
EFTA01341358.pdf,data-set-10-files-2,1,other
EFTA01341359.pdf,data-set-10-files-2,1,other
EFTA01341360.pdf,data-set-10-files-2,1,other
EFTA01341361.pdf,data-set-10-files-2,1,photo
EFTA01341362.pdf,data-set-10-files-2,1,other
EFTA01341363.pdf,data-set-10-files-2,1,other
EFTA01341364.pdf,data-set-10-files-2,1,other
EFTA01341365.pdf,data-set-10-files-2,1,other
EFTA01341366.pdf,data-set-10-files-2,1,photo
EFTA01341367.pdf,data-set-10-files-2,1,photo
EFTA01341368.pdf,data-set-10-files-2,1,other
EFTA01341369.pdf,data-set-10-files-2,1,photo
EFTA01341370.pdf,data-set-10-files-2,1,other
EFTA01341371.pdf,data-set-10-files-2,1,other
EFTA01341372.pdf,data-set-10-files-2,1,other
EFTA01341373.pdf,data-set-10-files-2,1,other
EFTA01341374.pdf,data-set-10-files-2,1,other
EFTA01341375.pdf,data-set-10-files-2,1,photo
EFTA01341376.pdf,data-set-10-files-2,1,other
EFTA01341377.pdf,data-set-10-files-2,1,other
EFTA01341378.pdf,data-set-10-files-2,1,other
EFTA01341379.pdf,data-set-10-files-2,1,other
EFTA01341380.pdf,data-set-10-files-2,1,photo
EFTA01341381.pdf,data-set-10-files-2,1,other
EFTA01341382.pdf,data-set-10-files-2,1,other
EFTA01341383.pdf,data-set-10-files-2,1,other
EFTA01341384.pdf,data-set-10-files-2,1,photo
EFTA01341385.pdf,data-set-10-files-2,1,other
EFTA01341386.pdf,data-set-10-files-2,1,other
EFTA01341387.pdf,data-set-10-files-2,1,photo
EFTA01341388.pdf,data-set-10-files-2,1,other
EFTA01341389.pdf,data-set-10-files-2,1,photo
EFTA01341390.pdf,data-set-10-files-2,1,other
EFTA01341391.pdf,data-set-10-files-2,1,other
EFTA01341392.pdf,data-set-10-files-2,1,other
EFTA01341393.pdf,data-set-10-files-2,1,other
EFTA01341394.pdf,data-set-10-files-2,1,photo
EFTA01341395.pdf,data-set-10-files-2,1,other
EFTA01341396.pdf,data-set-10-files-2,1,other
EFTA01341397.pdf,data-set-10-files-2,1,other
EFTA01341398.pdf,data-set-10-files-2,1,other
EFTA01341399.pdf,data-set-10-files-2,1,other
EFTA01341400.pdf,data-set-10-files-2,1,other
EFTA01341401.pdf,data-set-10-files-2,1,other
EFTA01341402.pdf,data-set-10-files-2,1,other
EFTA01341403.pdf,data-set-10-files-2,1,other
EFTA01341404.pdf,data-set-10-files-2,1,other
EFTA01341405.pdf,data-set-10-files-2,1,other
EFTA01341406.pdf,data-set-10-files-2,1,photo
EFTA01341407.pdf,data-set-10-files-2,1,photo
EFTA01341408.pdf,data-set-10-files-2,1,photo
EFTA01341409.pdf,data-set-10-files-2,1,photo
EFTA01341410.pdf,data-set-10-files-2,1,other
EFTA01341411.pdf,data-set-10-files-2,1,other
EFTA01341412.pdf,data-set-10-files-2,1,other
EFTA01341413.pdf,data-set-10-files-2,1,photo
EFTA01341414.pdf,data-set-10-files-2,1,other
EFTA01341415.pdf,data-set-10-files-2,1,other
EFTA01341416.pdf,data-set-10-files-2,1,photo
EFTA01341417.pdf,data-set-10-files-2,1,other
EFTA01376949.pdf,data-set-10-files-2,1,other
EFTA01376950.pdf,data-set-10-files-2,1,email
EFTA01376951.pdf,data-set-10-files-2,1,other
EFTA01376952.pdf,data-set-10-files-2,1,email
EFTA01376953.pdf,data-set-10-files-2,1,other
EFTA01376954.pdf,data-set-10-files-2,1,email
EFTA01376955.pdf,data-set-10-files-2,1,email
EFTA01376956.pdf,data-set-10-files-2,1,email
EFTA01376957.pdf,data-set-10-files-2,1,email
EFTA01376958.pdf,data-set-10-files-2,1,other
EFTA01376959.pdf,data-set-10-files-2,1,email
EFTA01376960.pdf,data-set-10-files-2,1,other
EFTA01376961.pdf,data-set-10-files-2,1,other
EFTA01376962.pdf,data-set-10-files-2,1,other
EFTA01376963.pdf,data-set-10-files-2,1,email
EFTA01376964.pdf,data-set-10-files-2,1,email
EFTA01376965.pdf,data-set-10-files-2,1,email
EFTA01376966.pdf,data-set-10-files-2,1,email
EFTA01376967.pdf,data-set-10-files-2,1,other
EFTA01376968.pdf,data-set-10-files-2,1,other
EFTA01376969.pdf,data-set-10-files-2,1,email
EFTA01376970.pdf,data-set-10-files-2,1,email
EFTA01376971.pdf,data-set-10-files-2,1,email
EFTA01376972.pdf,data-set-10-files-2,1,other
EFTA01376973.pdf,data-set-10-files-2,1,email
EFTA01376974.pdf,data-set-10-files-2,1,email
EFTA01376975.pdf,data-set-10-files-2,1,other
EFTA01376976.pdf,data-set-10-files-2,1,email
EFTA01376977.pdf,data-set-10-files-2,1,other
EFTA01376978.pdf,data-set-10-files-2,1,other
EFTA01376979.pdf,data-set-10-files-2,1,email
EFTA01376980.pdf,data-set-10-files-2,1,other
EFTA01376981.pdf,data-set-10-files-2,1,other
EFTA01376982.pdf,data-set-10-files-2,1,email
EFTA01376983.pdf,data-set-10-files-2,1,email
EFTA01376984.pdf,data-set-10-files-2,1,email
EFTA01376985.pdf,data-set-10-files-2,1,other
EFTA01376986.pdf,data-set-10-files-2,1,email
EFTA01376987.pdf,data-set-10-files-2,1,other
EFTA01376988.pdf,data-set-10-files-2,1,email
EFTA01376989.pdf,data-set-10-files-2,1,email
EFTA01376990.pdf,data-set-10-files-2,1,other
EFTA01376991.pdf,data-set-10-files-2,1,email
EFTA01376992.pdf,data-set-10-files-2,1,other
EFTA01376993.pdf,data-set-10-files-2,1,email
EFTA01376994.pdf,data-set-10-files-2,1,other
EFTA01376995.pdf,data-set-10-files-2,1,other
EFTA01376996.pdf,data-set-10-files-2,1,other
EFTA01376997.pdf,data-set-10-files-2,1,other
EFTA01376998.pdf,data-set-10-files-2,1,email
EFTA01376999.pdf,data-set-10-files-2,1,other
EFTA01377000.pdf,data-set-10-files-2,1,email
EFTA01377001.pdf,data-set-10-files-2,1,email
EFTA01377002.pdf,data-set-10-files-2,1,email
EFTA01377003.pdf,data-set-10-files-2,1,email
EFTA01377004.pdf,data-set-10-files-2,1,email
EFTA01377005.pdf,data-set-10-files-2,1,email
EFTA01377006.pdf,data-set-10-files-2,1,email
EFTA01377007.pdf,data-set-10-files-2,1,other
EFTA01377008.pdf,data-set-10-files-2,1,other
EFTA01377009.pdf,data-set-10-files-2,1,email
EFTA01377010.pdf,data-set-10-files-2,1,other
EFTA01377011.pdf,data-set-10-files-2,1,email
EFTA01377012.pdf,data-set-10-files-2,1,email
EFTA01377013.pdf,data-set-10-files-2,1,email
EFTA01377014.pdf,data-set-10-files-2,1,email
EFTA01377015.pdf,data-set-10-files-2,1,other
EFTA01377016.pdf,data-set-10-files-2,1,email
EFTA01377017.pdf,data-set-10-files-2,1,other
EFTA01377018.pdf,data-set-10-files-2,1,other
EFTA01377019.pdf,data-set-10-files-2,1,email
EFTA01377020.pdf,data-set-10-files-2,1,email
EFTA01377021.pdf,data-set-10-files-2,1,email
EFTA01377022.pdf,data-set-10-files-2,1,other
EFTA01377023.pdf,data-set-10-files-2,1,other
EFTA01377024.pdf,data-set-10-files-2,1,email
EFTA01377025.pdf,data-set-10-files-2,1,other
EFTA01377026.pdf,data-set-10-files-2,1,other
EFTA01377027.pdf,data-set-10-files-2,1,email
EFTA01377028.pdf,data-set-10-files-2,1,other
EFTA01377029.pdf,data-set-10-files-2,1,email
EFTA01377030.pdf,data-set-10-files-2,1,other
EFTA01377031.pdf,data-set-10-files-2,1,email
EFTA01377032.pdf,data-set-10-files-2,1,email
EFTA01377033.pdf,data-set-10-files-2,1,other
EFTA01377034.pdf,data-set-10-files-2,1,email
EFTA01377035.pdf,data-set-10-files-2,1,other
EFTA01377036.pdf,data-set-10-files-2,1,other
EFTA01377037.pdf,data-set-10-files-2,1,other
EFTA01377038.pdf,data-set-10-files-2,1,email
EFTA01377039.pdf,data-set-10-files-2,1,email
EFTA01377040.pdf,data-set-10-files-2,1,email
EFTA01377041.pdf,data-set-10-files-2,1,email
EFTA01377042.pdf,data-set-10-files-2,1,email
EFTA01377043.pdf,data-set-10-files-2,1,other
EFTA01377044.pdf,data-set-10-files-2,1,email
EFTA01377045.pdf,data-set-10-files-2,1,email
EFTA01377046.pdf,data-set-10-files-2,1,email
EFTA01377047.pdf,data-set-10-files-2,1,email
EFTA01377048.pdf,data-set-10-files-2,1,email
EFTA01377049.pdf,data-set-10-files-2,1,other
EFTA01377050.pdf,data-set-10-files-2,1,other
EFTA01377051.pdf,data-set-10-files-2,1,other
EFTA01377052.pdf,data-set-10-files-2,1,other
EFTA01377053.pdf,data-set-10-files-2,1,other
EFTA01377054.pdf,data-set-10-files-2,1,other
EFTA01377055.pdf,data-set-10-files-2,1,other
EFTA01377056.pdf,data-set-10-files-2,1,other
EFTA01377057.pdf,data-set-10-files-2,1,other
EFTA01377058.pdf,data-set-10-files-2,1,other
EFTA01377059.pdf,data-set-10-files-2,1,other
EFTA01377060.pdf,data-set-10-files-2,1,other
EFTA01377061.pdf,data-set-10-files-2,1,other
EFTA01377062.pdf,data-set-10-files-2,1,other
EFTA01377063.pdf,data-set-10-files-2,1,other
EFTA01377064.pdf,data-set-10-files-2,1,other
EFTA01377065.pdf,data-set-10-files-2,1,other
EFTA01377066.pdf,data-set-10-files-2,1,other
EFTA01377067.pdf,data-set-10-files-2,1,other
EFTA01377068.pdf,data-set-10-files-2,1,other
EFTA01377069.pdf,data-set-10-files-2,1,other
EFTA01377070.pdf,data-set-10-files-2,1,other
EFTA01377071.pdf,data-set-10-files-2,1,other
EFTA01377072.pdf,data-set-10-files-2,1,other
EFTA01377073.pdf,data-set-10-files-2,1,other
EFTA01377074.pdf,data-set-10-files-2,1,email
EFTA01377075.pdf,data-set-10-files-2,1,email
EFTA01377076.pdf,data-set-10-files-2,1,email
EFTA01377077.pdf,data-set-10-files-2,1,email
EFTA01377078.pdf,data-set-10-files-2,1,email
EFTA01377079.pdf,data-set-10-files-2,1,other
EFTA01377080.pdf,data-set-10-files-2,1,other
EFTA01377081.pdf,data-set-10-files-2,1,other
EFTA01377082.pdf,data-set-10-files-2,1,other
EFTA01377083.pdf,data-set-10-files-2,1,other
EFTA01377084.pdf,data-set-10-files-2,1,email
EFTA01377085.pdf,data-set-10-files-2,1,email
EFTA01377086.pdf,data-set-10-files-2,1,email
EFTA01377087.pdf,data-set-10-files-2,1,email
EFTA01377088.pdf,data-set-10-files-2,1,other
EFTA01377089.pdf,data-set-10-files-2,1,email
EFTA01377090.pdf,data-set-10-files-2,1,email
EFTA01377091.pdf,data-set-10-files-2,1,email
EFTA01377092.pdf,data-set-10-files-2,1,email
EFTA01377093.pdf,data-set-10-files-2,1,other
EFTA01377094.pdf,data-set-10-files-2,1,email
EFTA01377095.pdf,data-set-10-files-2,1,email
EFTA01377096.pdf,data-set-10-files-2,1,email
EFTA01377097.pdf,data-set-10-files-2,1,other
EFTA01377098.pdf,data-set-10-files-2,1,email
EFTA01377099.pdf,data-set-10-files-2,1,email
EFTA01377100.pdf,data-set-10-files-2,1,email
EFTA01377101.pdf,data-set-10-files-2,1,other
EFTA01377102.pdf,data-set-10-files-2,1,email
EFTA01377103.pdf,data-set-10-files-2,1,email
EFTA01377104.pdf,data-set-10-files-2,1,email
EFTA01377105.pdf,data-set-10-files-2,1,email
EFTA01377106.pdf,data-set-10-files-2,1,email
EFTA01377107.pdf,data-set-10-files-2,1,email
EFTA01377108.pdf,data-set-10-files-2,1,other
EFTA01377109.pdf,data-set-10-files-2,1,email
EFTA01377110.pdf,data-set-10-files-2,1,email
EFTA01377111.pdf,data-set-10-files-2,1,email
EFTA01377112.pdf,data-set-10-files-2,1,other
EFTA01377113.pdf,data-set-10-files-2,1,email
EFTA01377114.pdf,data-set-10-files-2,1,email
EFTA01377115.pdf,data-set-10-files-2,1,email
EFTA01377116.pdf,data-set-10-files-2,1,email
EFTA01377117.pdf,data-set-10-files-2,1,email
EFTA01377118.pdf,data-set-10-files-2,1,other
EFTA01377119.pdf,data-set-10-files-2,1,email
EFTA01377120.pdf,data-set-10-files-2,1,other
EFTA01377121.pdf,data-set-10-files-2,1,email
EFTA01377122.pdf,data-set-10-files-2,1,email
EFTA01377123.pdf,data-set-10-files-2,1,other
EFTA01377124.pdf,data-set-10-files-2,1,email
EFTA01377125.pdf,data-set-10-files-2,1,email
EFTA01377126.pdf,data-set-10-files-2,1,other
EFTA01377127.pdf,data-set-10-files-2,1,other
EFTA01377128.pdf,data-set-10-files-2,1,other
EFTA01377129.pdf,data-set-10-files-2,1,other
EFTA01377130.pdf,data-set-10-files-2,1,other
EFTA01377131.pdf,data-set-10-files-2,1,other
EFTA01377132.pdf,data-set-10-files-2,1,other
EFTA01377133.pdf,data-set-10-files-2,1,other
EFTA01377134.pdf,data-set-10-files-2,1,other
EFTA01377135.pdf,data-set-10-files-2,1,other
EFTA01377136.pdf,data-set-10-files-2,1,email
EFTA01377137.pdf,data-set-10-files-2,1,email
EFTA01377138.pdf,data-set-10-files-2,1,other
EFTA01377139.pdf,data-set-10-files-2,1,email
EFTA01377140.pdf,data-set-10-files-2,1,other
EFTA01377141.pdf,data-set-10-files-2,1,email
EFTA01377142.pdf,data-set-10-files-2,1,other
EFTA01377143.pdf,data-set-10-files-2,1,email
EFTA01377144.pdf,data-set-10-files-2,1,email
EFTA01377145.pdf,data-set-10-files-2,1,email
EFTA01377146.pdf,data-set-10-files-2,1,email
EFTA01377147.pdf,data-set-10-files-2,1,email
EFTA01377148.pdf,data-set-10-files-2,1,email
EFTA01377149.pdf,data-set-10-files-2,1,email
EFTA01377150.pdf,data-set-10-files-2,1,email
EFTA01377151.pdf,data-set-10-files-2,1,other
EFTA01377152.pdf,data-set-10-files-2,1,email
EFTA01377153.pdf,data-set-10-files-2,1,email
EFTA01377154.pdf,data-set-10-files-2,1,email
EFTA01377155.pdf,data-set-10-files-2,1,email
EFTA01377156.pdf,data-set-10-files-2,1,email
EFTA01377157.pdf,data-set-10-files-2,1,email
EFTA01377158.pdf,data-set-10-files-2,1,email
EFTA01377159.pdf,data-set-10-files-2,1,other
EFTA01377160.pdf,data-set-10-files-2,1,email
EFTA01377161.pdf,data-set-10-files-2,1,other
EFTA01377162.pdf,data-set-10-files-2,1,other
EFTA01377163.pdf,data-set-10-files-2,1,other
EFTA01377164.pdf,data-set-10-files-2,1,other
EFTA01377165.pdf,data-set-10-files-2,1,other
EFTA01377166.pdf,data-set-10-files-2,1,other
EFTA01377167.pdf,data-set-10-files-2,1,other
EFTA01377168.pdf,data-set-10-files-2,1,other
EFTA01377169.pdf,data-set-10-files-2,1,other
EFTA01377170.pdf,data-set-10-files-2,1,other
EFTA01377171.pdf,data-set-10-files-2,1,email
EFTA01377172.pdf,data-set-10-files-2,1,other
EFTA01377173.pdf,data-set-10-files-2,1,other
EFTA01377174.pdf,data-set-10-files-2,1,email
EFTA01377175.pdf,data-set-10-files-2,1,other
EFTA01377176.pdf,data-set-10-files-2,1,email
EFTA01377177.pdf,data-set-10-files-2,1,other
EFTA01377178.pdf,data-set-10-files-2,1,other
EFTA01377179.pdf,data-set-10-files-2,1,email
EFTA01377180.pdf,data-set-10-files-2,1,email
EFTA01377181.pdf,data-set-10-files-2,1,email
EFTA01377182.pdf,data-set-10-files-2,1,other
EFTA01377183.pdf,data-set-10-files-2,1,email
EFTA01377184.pdf,data-set-10-files-2,1,email
EFTA01377185.pdf,data-set-10-files-2,1,email
EFTA01377186.pdf,data-set-10-files-2,1,email
EFTA01377187.pdf,data-set-10-files-2,1,other
EFTA01377188.pdf,data-set-10-files-2,1,email
EFTA01377189.pdf,data-set-10-files-2,1,email
EFTA01377190.pdf,data-set-10-files-2,1,other
EFTA01377191.pdf,data-set-10-files-2,1,other
EFTA01377192.pdf,data-set-10-files-2,1,other
EFTA01377193.pdf,data-set-10-files-2,1,other
EFTA01377194.pdf,data-set-10-files-2,1,email
EFTA01377195.pdf,data-set-10-files-2,1,email
EFTA01377196.pdf,data-set-10-files-2,1,email
EFTA01377197.pdf,data-set-10-files-2,1,other
EFTA01377198.pdf,data-set-10-files-2,1,email
EFTA01377199.pdf,data-set-10-files-2,1,email
EFTA01377200.pdf,data-set-10-files-2,1,email
EFTA01377201.pdf,data-set-10-files-2,1,email
EFTA01377202.pdf,data-set-10-files-2,1,other
EFTA01377203.pdf,data-set-10-files-2,1,email
EFTA01377204.pdf,data-set-10-files-2,1,email
EFTA01377205.pdf,data-set-10-files-2,1,email
EFTA01377206.pdf,data-set-10-files-2,1,email
EFTA01377207.pdf,data-set-10-files-2,1,email
EFTA01377208.pdf,data-set-10-files-2,1,email
EFTA01377209.pdf,data-set-10-files-2,1,email
EFTA01377210.pdf,data-set-10-files-2,1,other
EFTA01377211.pdf,data-set-10-files-2,1,other
EFTA01377212.pdf,data-set-10-files-2,1,other
EFTA01377213.pdf,data-set-10-files-2,1,other
EFTA01377214.pdf,data-set-10-files-2,1,other
EFTA01377215.pdf,data-set-10-files-2,1,email
EFTA01377216.pdf,data-set-10-files-2,1,other
EFTA01377217.pdf,data-set-10-files-2,1,other
EFTA01377218.pdf,data-set-10-files-2,1,other
EFTA01377219.pdf,data-set-10-files-2,1,other
EFTA01377220.pdf,data-set-10-files-2,1,other
EFTA01377221.pdf,data-set-10-files-2,1,email
EFTA01377222.pdf,data-set-10-files-2,1,email
EFTA01377223.pdf,data-set-10-files-2,1,email
EFTA01377224.pdf,data-set-10-files-2,1,email
EFTA01377225.pdf,data-set-10-files-2,1,other
EFTA01377226.pdf,data-set-10-files-2,1,email
EFTA01377227.pdf,data-set-10-files-2,1,other
EFTA01377228.pdf,data-set-10-files-2,1,email
EFTA01377229.pdf,data-set-10-files-2,1,email
EFTA01377230.pdf,data-set-10-files-2,1,email
EFTA01377231.pdf,data-set-10-files-2,1,other
EFTA01377232.pdf,data-set-10-files-2,1,other
EFTA01377233.pdf,data-set-10-files-2,1,other
EFTA01377234.pdf,data-set-10-files-2,1,other
EFTA01377235.pdf,data-set-10-files-2,1,other
EFTA01377236.pdf,data-set-10-files-2,1,other
EFTA01377237.pdf,data-set-10-files-2,1,other
EFTA01377238.pdf,data-set-10-files-2,1,other
EFTA01377239.pdf,data-set-10-files-2,1,other
EFTA01377240.pdf,data-set-10-files-2,1,other
EFTA01377241.pdf,data-set-10-files-2,1,other
EFTA01377242.pdf,data-set-10-files-2,1,other
EFTA01377243.pdf,data-set-10-files-2,1,other
EFTA01377244.pdf,data-set-10-files-2,1,other
EFTA01377245.pdf,data-set-10-files-2,1,other
EFTA01377246.pdf,data-set-10-files-2,1,other
EFTA01377247.pdf,data-set-10-files-2,1,other
EFTA01377248.pdf,data-set-10-files-2,1,other
EFTA01377249.pdf,data-set-10-files-2,1,other
EFTA01377250.pdf,data-set-10-files-2,1,other
EFTA01377251.pdf,data-set-10-files-2,1,other
EFTA01377252.pdf,data-set-10-files-2,1,other
EFTA01377253.pdf,data-set-10-files-2,1,other
EFTA01377254.pdf,data-set-10-files-2,1,other
EFTA01377255.pdf,data-set-10-files-2,1,other
EFTA01377256.pdf,data-set-10-files-2,1,other
EFTA01377257.pdf,data-set-10-files-2,1,other
EFTA01377258.pdf,data-set-10-files-2,1,other
EFTA01377259.pdf,data-set-10-files-2,1,other
EFTA01377260.pdf,data-set-10-files-2,1,other
EFTA01377261.pdf,data-set-10-files-2,1,other
EFTA01377262.pdf,data-set-10-files-2,1,other
EFTA01377263.pdf,data-set-10-files-2,1,other
EFTA01377264.pdf,data-set-10-files-2,1,other
EFTA01377265.pdf,data-set-10-files-2,1,other
EFTA01377266.pdf,data-set-10-files-2,1,other
EFTA01377267.pdf,data-set-10-files-2,1,other
EFTA01377268.pdf,data-set-10-files-2,1,other
EFTA01377269.pdf,data-set-10-files-2,1,other
EFTA01377270.pdf,data-set-10-files-2,1,other
EFTA01377271.pdf,data-set-10-files-2,1,other
EFTA01377272.pdf,data-set-10-files-2,1,other
EFTA01377273.pdf,data-set-10-files-2,1,other
EFTA01377274.pdf,data-set-10-files-2,1,other
EFTA01377275.pdf,data-set-10-files-2,1,other
EFTA01377276.pdf,data-set-10-files-2,1,other
EFTA01377277.pdf,data-set-10-files-2,1,other
EFTA01377278.pdf,data-set-10-files-2,1,other
EFTA01377279.pdf,data-set-10-files-2,1,other
EFTA01377280.pdf,data-set-10-files-2,1,other
EFTA01377281.pdf,data-set-10-files-2,1,other
EFTA01377282.pdf,data-set-10-files-2,1,other
EFTA01377283.pdf,data-set-10-files-2,1,email
EFTA01377284.pdf,data-set-10-files-2,1,email
EFTA01377285.pdf,data-set-10-files-2,1,email
EFTA01377286.pdf,data-set-10-files-2,1,email
EFTA01377287.pdf,data-set-10-files-2,1,email
EFTA01377288.pdf,data-set-10-files-2,1,other
EFTA01377289.pdf,data-set-10-files-2,1,other
EFTA01377290.pdf,data-set-10-files-2,1,other
EFTA01377291.pdf,data-set-10-files-2,1,other
EFTA01377292.pdf,data-set-10-files-2,1,other
EFTA01377293.pdf,data-set-10-files-2,1,other
EFTA01377294.pdf,data-set-10-files-2,1,other
EFTA01377295.pdf,data-set-10-files-2,1,other
EFTA01377296.pdf,data-set-10-files-2,1,other
EFTA01377297.pdf,data-set-10-files-2,1,other
EFTA01377298.pdf,data-set-10-files-2,1,other
EFTA01377299.pdf,data-set-10-files-2,1,other
EFTA01377300.pdf,data-set-10-files-2,1,other
EFTA01377301.pdf,data-set-10-files-2,1,other
EFTA01377302.pdf,data-set-10-files-2,1,other
EFTA01377303.pdf,data-set-10-files-2,1,other
EFTA01377304.pdf,data-set-10-files-2,1,other
EFTA01377305.pdf,data-set-10-files-2,1,other
EFTA01377306.pdf,data-set-10-files-2,1,other
EFTA01377307.pdf,data-set-10-files-2,1,other
EFTA01377308.pdf,data-set-10-files-2,1,other
EFTA01377309.pdf,data-set-10-files-2,1,other
EFTA01377310.pdf,data-set-10-files-2,1,other
EFTA01377311.pdf,data-set-10-files-2,1,other
EFTA01377312.pdf,data-set-10-files-2,1,other
EFTA01377313.pdf,data-set-10-files-2,1,other
EFTA01377314.pdf,data-set-10-files-2,1,other
EFTA01377315.pdf,data-set-10-files-2,1,other
EFTA01377316.pdf,data-set-10-files-2,1,other
EFTA01377317.pdf,data-set-10-files-2,1,other
EFTA01377318.pdf,data-set-10-files-2,1,other
EFTA01377319.pdf,data-set-10-files-2,1,other
EFTA01377320.pdf,data-set-10-files-2,1,other
EFTA01377321.pdf,data-set-10-files-2,1,other
EFTA01377322.pdf,data-set-10-files-2,1,other
EFTA01377323.pdf,data-set-10-files-2,1,other
EFTA01377324.pdf,data-set-10-files-2,1,other
EFTA01377325.pdf,data-set-10-files-2,1,other
EFTA01377326.pdf,data-set-10-files-2,1,other
EFTA01377327.pdf,data-set-10-files-2,1,other
EFTA01377328.pdf,data-set-10-files-2,1,other
EFTA01377329.pdf,data-set-10-files-2,1,other
EFTA01377330.pdf,data-set-10-files-2,1,other
EFTA01377331.pdf,data-set-10-files-2,1,other
EFTA01377332.pdf,data-set-10-files-2,1,other
EFTA01377333.pdf,data-set-10-files-2,1,other
EFTA01377334.pdf,data-set-10-files-2,1,other
EFTA01377335.pdf,data-set-10-files-2,1,other
EFTA01377336.pdf,data-set-10-files-2,1,other
EFTA01377337.pdf,data-set-10-files-2,1,other
EFTA01377338.pdf,data-set-10-files-2,1,other
EFTA01377339.pdf,data-set-10-files-2,1,other
EFTA01377340.pdf,data-set-10-files-2,1,other
EFTA01377341.pdf,data-set-10-files-2,1,other
EFTA01377342.pdf,data-set-10-files-2,1,other
EFTA01377343.pdf,data-set-10-files-2,1,other
EFTA01377344.pdf,data-set-10-files-2,1,other
EFTA01377345.pdf,data-set-10-files-2,1,other
EFTA01377346.pdf,data-set-10-files-2,1,other
EFTA01377347.pdf,data-set-10-files-2,1,other
EFTA01377348.pdf,data-set-10-files-2,1,other
EFTA01377349.pdf,data-set-10-files-2,1,other
EFTA01377350.pdf,data-set-10-files-2,1,email
EFTA01377351.pdf,data-set-10-files-2,1,other
EFTA01377352.pdf,data-set-10-files-2,1,other
EFTA01377353.pdf,data-set-10-files-2,1,other
EFTA01377354.pdf,data-set-10-files-2,1,other
EFTA01377355.pdf,data-set-10-files-2,1,other
EFTA01377356.pdf,data-set-10-files-2,1,other
EFTA01377357.pdf,data-set-10-files-2,1,other
EFTA01377358.pdf,data-set-10-files-2,1,email
EFTA01377359.pdf,data-set-10-files-2,1,email
EFTA01377360.pdf,data-set-10-files-2,1,email
EFTA01377361.pdf,data-set-10-files-2,1,other
EFTA01377362.pdf,data-set-10-files-2,1,other
EFTA01377363.pdf,data-set-10-files-2,1,other
EFTA01377364.pdf,data-set-10-files-2,1,other
EFTA01377365.pdf,data-set-10-files-2,1,other
EFTA01377366.pdf,data-set-10-files-2,1,other
EFTA01377367.pdf,data-set-10-files-2,1,other
EFTA01377368.pdf,data-set-10-files-2,1,other
EFTA01377369.pdf,data-set-10-files-2,1,other
EFTA01377370.pdf,data-set-10-files-2,1,other
EFTA01377371.pdf,data-set-10-files-2,1,other
EFTA01377372.pdf,data-set-10-files-2,1,other
EFTA01377373.pdf,data-set-10-files-2,1,other
EFTA01377374.pdf,data-set-10-files-2,1,other
EFTA01377375.pdf,data-set-10-files-2,1,other
EFTA01377376.pdf,data-set-10-files-2,1,other
EFTA01377377.pdf,data-set-10-files-2,1,other
EFTA01377378.pdf,data-set-10-files-2,1,other
EFTA01377379.pdf,data-set-10-files-2,1,other
EFTA01377380.pdf,data-set-10-files-2,1,other
EFTA01377381.pdf,data-set-10-files-2,1,other
EFTA01377382.pdf,data-set-10-files-2,1,other
EFTA01377383.pdf,data-set-10-files-2,1,other
EFTA01377384.pdf,data-set-10-files-2,1,other
EFTA01377385.pdf,data-set-10-files-2,1,other
EFTA01377386.pdf,data-set-10-files-2,1,email
EFTA01377387.pdf,data-set-10-files-2,1,other
EFTA01377388.pdf,data-set-10-files-2,1,other
EFTA01377389.pdf,data-set-10-files-2,1,other
EFTA01377390.pdf,data-set-10-files-2,1,email
EFTA01377391.pdf,data-set-10-files-2,1,other
EFTA01377392.pdf,data-set-10-files-2,1,other
EFTA01377393.pdf,data-set-10-files-2,1,email
EFTA01377394.pdf,data-set-10-files-2,1,email
EFTA01377395.pdf,data-set-10-files-2,1,other
EFTA01377396.pdf,data-set-10-files-2,1,email
EFTA01377397.pdf,data-set-10-files-2,1,email
EFTA01377398.pdf,data-set-10-files-2,1,other
EFTA01377399.pdf,data-set-10-files-2,1,email
EFTA01377400.pdf,data-set-10-files-2,1,email
EFTA01377401.pdf,data-set-10-files-2,1,other
EFTA01377402.pdf,data-set-10-files-2,1,other
EFTA01377403.pdf,data-set-10-files-2,1,other
EFTA01377404.pdf,data-set-10-files-2,1,email
EFTA01377405.pdf,data-set-10-files-2,1,other
EFTA01377406.pdf,data-set-10-files-2,1,other
EFTA01377407.pdf,data-set-10-files-2,1,other
EFTA01377408.pdf,data-set-10-files-2,1,other
EFTA01377409.pdf,data-set-10-files-2,1,email
EFTA01377410.pdf,data-set-10-files-2,1,email
EFTA01377411.pdf,data-set-10-files-2,1,email
EFTA01377412.pdf,data-set-10-files-2,1,email
EFTA01377413.pdf,data-set-10-files-2,1,email
EFTA01377414.pdf,data-set-10-files-2,1,email
EFTA01377415.pdf,data-set-10-files-2,1,email
EFTA01377416.pdf,data-set-10-files-2,1,other
EFTA01377417.pdf,data-set-10-files-2,1,email
EFTA01377418.pdf,data-set-10-files-2,1,email
EFTA01377419.pdf,data-set-10-files-2,1,email
EFTA01377420.pdf,data-set-10-files-2,1,other
EFTA01377421.pdf,data-set-10-files-2,1,other
EFTA01377422.pdf,data-set-10-files-2,1,other
EFTA01377423.pdf,data-set-10-files-2,1,other
EFTA01377424.pdf,data-set-10-files-2,1,other
EFTA01377425.pdf,data-set-10-files-2,1,other
EFTA01377426.pdf,data-set-10-files-2,1,other
EFTA01377427.pdf,data-set-10-files-2,1,other
EFTA01377428.pdf,data-set-10-files-2,1,other
EFTA01377429.pdf,data-set-10-files-2,1,other
EFTA01377430.pdf,data-set-10-files-2,1,other
EFTA01377431.pdf,data-set-10-files-2,1,other
EFTA01377432.pdf,data-set-10-files-2,1,other
EFTA01377433.pdf,data-set-10-files-2,1,other
EFTA01377434.pdf,data-set-10-files-2,1,email
EFTA01377435.pdf,data-set-10-files-2,1,email
EFTA01377436.pdf,data-set-10-files-2,1,email
EFTA01377437.pdf,data-set-10-files-2,1,email
EFTA01377438.pdf,data-set-10-files-2,1,email
EFTA01377439.pdf,data-set-10-files-2,1,email
EFTA01377440.pdf,data-set-10-files-2,1,email
EFTA01377441.pdf,data-set-10-files-2,1,other
EFTA01377442.pdf,data-set-10-files-2,1,other
EFTA01377443.pdf,data-set-10-files-2,1,other
EFTA01377444.pdf,data-set-10-files-2,1,email
EFTA01377445.pdf,data-set-10-files-2,1,email
EFTA01377446.pdf,data-set-10-files-2,1,other
EFTA01377447.pdf,data-set-10-files-2,1,other
EFTA01377448.pdf,data-set-10-files-2,1,email
EFTA01377449.pdf,data-set-10-files-2,1,email
EFTA01377450.pdf,data-set-10-files-2,1,other
EFTA01377451.pdf,data-set-10-files-2,1,email
EFTA01377452.pdf,data-set-10-files-2,1,email
EFTA01377453.pdf,data-set-10-files-2,1,other
EFTA01377454.pdf,data-set-10-files-2,1,other
EFTA01377455.pdf,data-set-10-files-2,1,other
EFTA01377456.pdf,data-set-10-files-2,1,other
EFTA01377457.pdf,data-set-10-files-2,1,other
EFTA01377458.pdf,data-set-10-files-2,1,other
EFTA01377459.pdf,data-set-10-files-2,1,other
EFTA01377460.pdf,data-set-10-files-2,1,email
EFTA01377461.pdf,data-set-10-files-2,1,email
EFTA01377462.pdf,data-set-10-files-2,1,other
EFTA01377463.pdf,data-set-10-files-2,1,other
EFTA01377464.pdf,data-set-10-files-2,1,other
EFTA01377465.pdf,data-set-10-files-2,1,other
EFTA01377466.pdf,data-set-10-files-2,1,other
EFTA01377467.pdf,data-set-10-files-2,1,other
EFTA01377468.pdf,data-set-10-files-2,1,email
EFTA01377469.pdf,data-set-10-files-2,1,email
EFTA01377470.pdf,data-set-10-files-2,1,other
EFTA01377471.pdf,data-set-10-files-2,1,other
EFTA01377472.pdf,data-set-10-files-2,1,other
EFTA01377473.pdf,data-set-10-files-2,1,other
EFTA01377474.pdf,data-set-10-files-2,1,other
EFTA01377475.pdf,data-set-10-files-2,1,other
EFTA01377476.pdf,data-set-10-files-2,1,other
EFTA01377477.pdf,data-set-10-files-2,1,other
EFTA01377478.pdf,data-set-10-files-2,1,other
EFTA01377479.pdf,data-set-10-files-2,1,other
EFTA01377480.pdf,data-set-10-files-2,1,other
EFTA01377481.pdf,data-set-10-files-2,1,other
EFTA01377482.pdf,data-set-10-files-2,1,email
EFTA01377483.pdf,data-set-10-files-2,1,other
EFTA01377484.pdf,data-set-10-files-2,1,email
EFTA01377485.pdf,data-set-10-files-2,1,email
EFTA01377486.pdf,data-set-10-files-2,1,email
EFTA01377487.pdf,data-set-10-files-2,1,other
EFTA01377488.pdf,data-set-10-files-2,1,other
EFTA01377489.pdf,data-set-10-files-2,1,email
EFTA01377490.pdf,data-set-10-files-2,1,email
EFTA01377491.pdf,data-set-10-files-2,1,other
EFTA01377492.pdf,data-set-10-files-2,1,other
EFTA01377493.pdf,data-set-10-files-2,1,other
EFTA01377494.pdf,data-set-10-files-2,1,other
EFTA01377495.pdf,data-set-10-files-2,1,other
EFTA01377496.pdf,data-set-10-files-2,1,other
EFTA01377497.pdf,data-set-10-files-2,1,other
EFTA01377498.pdf,data-set-10-files-2,1,other
EFTA01377499.pdf,data-set-10-files-2,1,other
EFTA01377500.pdf,data-set-10-files-2,1,other
EFTA01377501.pdf,data-set-10-files-2,1,other
EFTA01377502.pdf,data-set-10-files-2,1,email
EFTA01377503.pdf,data-set-10-files-2,1,other
EFTA01377504.pdf,data-set-10-files-2,1,other
EFTA01377505.pdf,data-set-10-files-2,1,other
EFTA01377506.pdf,data-set-10-files-2,1,other
EFTA01377507.pdf,data-set-10-files-2,1,other
EFTA01377508.pdf,data-set-10-files-2,1,email
EFTA01377509.pdf,data-set-10-files-2,1,email
EFTA01377510.pdf,data-set-10-files-2,1,other
EFTA01377511.pdf,data-set-10-files-2,1,other
EFTA01377512.pdf,data-set-10-files-2,1,other
EFTA01377513.pdf,data-set-10-files-2,1,other
EFTA01377514.pdf,data-set-10-files-2,1,email
EFTA01377515.pdf,data-set-10-files-2,1,other
EFTA01377516.pdf,data-set-10-files-2,1,other
EFTA01377517.pdf,data-set-10-files-2,1,other
EFTA01377518.pdf,data-set-10-files-2,1,other
EFTA01377519.pdf,data-set-10-files-2,1,other
EFTA01377520.pdf,data-set-10-files-2,1,other
EFTA01377521.pdf,data-set-10-files-2,1,other
EFTA01377522.pdf,data-set-10-files-2,1,other
EFTA01377523.pdf,data-set-10-files-2,1,other
EFTA01377524.pdf,data-set-10-files-2,1,other
EFTA01377525.pdf,data-set-10-files-2,1,other
EFTA01377526.pdf,data-set-10-files-2,1,email
EFTA01377527.pdf,data-set-10-files-2,1,other
EFTA01377528.pdf,data-set-10-files-2,1,other
EFTA01377529.pdf,data-set-10-files-2,1,email
EFTA01377530.pdf,data-set-10-files-2,1,email
EFTA01377531.pdf,data-set-10-files-2,1,other
EFTA01377532.pdf,data-set-10-files-2,1,other
EFTA01377533.pdf,data-set-10-files-2,1,other
EFTA01377534.pdf,data-set-10-files-2,1,email
EFTA01377535.pdf,data-set-10-files-2,1,other
EFTA01377536.pdf,data-set-10-files-2,1,other
EFTA01377537.pdf,data-set-10-files-2,1,other
EFTA01377538.pdf,data-set-10-files-2,1,other
EFTA01377539.pdf,data-set-10-files-2,1,email
EFTA01377540.pdf,data-set-10-files-2,1,other
EFTA01377541.pdf,data-set-10-files-2,1,other
EFTA01377542.pdf,data-set-10-files-2,1,other
EFTA01377543.pdf,data-set-10-files-2,1,other
EFTA01377544.pdf,data-set-10-files-2,1,other
EFTA01377545.pdf,data-set-10-files-2,1,other
EFTA01377546.pdf,data-set-10-files-2,1,email
EFTA01377547.pdf,data-set-10-files-2,1,other
EFTA01377548.pdf,data-set-10-files-2,1,other
EFTA01377549.pdf,data-set-10-files-2,1,other
EFTA01377550.pdf,data-set-10-files-2,1,other
EFTA01377551.pdf,data-set-10-files-2,1,other
EFTA01377552.pdf,data-set-10-files-2,1,other
EFTA01377553.pdf,data-set-10-files-2,1,other
EFTA01377554.pdf,data-set-10-files-2,1,other
EFTA01377555.pdf,data-set-10-files-2,1,email
EFTA01377556.pdf,data-set-10-files-2,1,other
EFTA01377557.pdf,data-set-10-files-2,1,email
EFTA01377558.pdf,data-set-10-files-2,1,other
EFTA01377559.pdf,data-set-10-files-2,1,other
EFTA01377560.pdf,data-set-10-files-2,1,other
EFTA01377561.pdf,data-set-10-files-2,1,other
EFTA01377562.pdf,data-set-10-files-2,1,email
EFTA01377563.pdf,data-set-10-files-2,1,email
EFTA01377564.pdf,data-set-10-files-2,1,other
EFTA01377565.pdf,data-set-10-files-2,1,other
EFTA01377566.pdf,data-set-10-files-2,1,email
EFTA01377567.pdf,data-set-10-files-2,1,other
EFTA01377568.pdf,data-set-10-files-2,1,other
EFTA01377569.pdf,data-set-10-files-2,1,email
EFTA01377570.pdf,data-set-10-files-2,1,other
EFTA01377571.pdf,data-set-10-files-2,1,other
EFTA01377572.pdf,data-set-10-files-2,1,email
EFTA01377573.pdf,data-set-10-files-2,1,other
EFTA01377574.pdf,data-set-10-files-2,1,email
EFTA01377575.pdf,data-set-10-files-2,1,other
EFTA01377576.pdf,data-set-10-files-2,1,other
EFTA01377577.pdf,data-set-10-files-2,1,email
EFTA01377578.pdf,data-set-10-files-2,1,other
EFTA01377579.pdf,data-set-10-files-2,1,other
EFTA01377580.pdf,data-set-10-files-2,1,other
EFTA01377581.pdf,data-set-10-files-2,1,other
EFTA01377582.pdf,data-set-10-files-2,1,email
EFTA01377583.pdf,data-set-10-files-2,1,other
EFTA01377584.pdf,data-set-10-files-2,1,email
EFTA01377585.pdf,data-set-10-files-2,1,email
EFTA01377586.pdf,data-set-10-files-2,1,email
EFTA01377587.pdf,data-set-10-files-2,1,email
EFTA01377588.pdf,data-set-10-files-2,1,other
EFTA01377589.pdf,data-set-10-files-2,1,other
EFTA01377590.pdf,data-set-10-files-2,1,email
EFTA01377591.pdf,data-set-10-files-2,1,other
EFTA01377592.pdf,data-set-10-files-2,1,other
EFTA01377593.pdf,data-set-10-files-2,1,email
EFTA01377594.pdf,data-set-10-files-2,1,email
EFTA01377595.pdf,data-set-10-files-2,1,other
EFTA01377596.pdf,data-set-10-files-2,1,other
EFTA01377597.pdf,data-set-10-files-2,1,other
EFTA01377598.pdf,data-set-10-files-2,1,other
EFTA01377599.pdf,data-set-10-files-2,1,email
EFTA01377600.pdf,data-set-10-files-2,1,email
EFTA01377601.pdf,data-set-10-files-2,1,email
EFTA01377602.pdf,data-set-10-files-2,1,other
EFTA01377603.pdf,data-set-10-files-2,1,other
EFTA01377604.pdf,data-set-10-files-2,1,email
EFTA01377605.pdf,data-set-10-files-2,1,email
EFTA01377606.pdf,data-set-10-files-2,1,other
EFTA01377607.pdf,data-set-10-files-2,1,other
EFTA01377608.pdf,data-set-10-files-2,1,email
EFTA01377609.pdf,data-set-10-files-2,1,email
EFTA01377610.pdf,data-set-10-files-2,1,other
EFTA01377611.pdf,data-set-10-files-2,1,other
EFTA01377612.pdf,data-set-10-files-2,1,other
EFTA01377613.pdf,data-set-10-files-2,1,other
EFTA01377614.pdf,data-set-10-files-2,1,email
EFTA01377615.pdf,data-set-10-files-2,1,email
EFTA01377616.pdf,data-set-10-files-2,1,other
EFTA01377617.pdf,data-set-10-files-2,1,email
EFTA01377618.pdf,data-set-10-files-2,1,other
EFTA01377619.pdf,data-set-10-files-2,1,email
EFTA01377620.pdf,data-set-10-files-2,1,other
EFTA01377621.pdf,data-set-10-files-2,1,other
EFTA01377622.pdf,data-set-10-files-2,1,other
EFTA01377623.pdf,data-set-10-files-2,1,other
EFTA01377624.pdf,data-set-10-files-2,1,other
EFTA01377625.pdf,data-set-10-files-2,1,other
EFTA01377626.pdf,data-set-10-files-2,1,other
EFTA01377627.pdf,data-set-10-files-2,1,other
EFTA01377628.pdf,data-set-10-files-2,1,other
EFTA01377629.pdf,data-set-10-files-2,1,other
EFTA01377630.pdf,data-set-10-files-2,1,other
EFTA01377631.pdf,data-set-10-files-2,1,other
EFTA01377632.pdf,data-set-10-files-2,1,other
EFTA01377633.pdf,data-set-10-files-2,1,other
EFTA01377634.pdf,data-set-10-files-2,1,other
EFTA01377635.pdf,data-set-10-files-2,1,other
EFTA01377636.pdf,data-set-10-files-2,1,other
EFTA01377637.pdf,data-set-10-files-2,1,other
EFTA01377638.pdf,data-set-10-files-2,1,other
EFTA01377639.pdf,data-set-10-files-2,1,other
EFTA01377640.pdf,data-set-10-files-2,1,other
EFTA01377641.pdf,data-set-10-files-2,1,other
EFTA01377642.pdf,data-set-10-files-2,1,other
EFTA01377643.pdf,data-set-10-files-2,1,other
EFTA01377644.pdf,data-set-10-files-2,1,other
EFTA01377645.pdf,data-set-10-files-2,1,other
EFTA01377646.pdf,data-set-10-files-2,1,other
EFTA01377647.pdf,data-set-10-files-2,1,other
EFTA01377648.pdf,data-set-10-files-2,1,other
EFTA01377649.pdf,data-set-10-files-2,1,other
EFTA01377650.pdf,data-set-10-files-2,1,other
EFTA01377651.pdf,data-set-10-files-2,1,other
EFTA01377652.pdf,data-set-10-files-2,1,other
EFTA01377653.pdf,data-set-10-files-2,1,other
EFTA01377654.pdf,data-set-10-files-2,1,other
EFTA01377655.pdf,data-set-10-files-2,1,other
EFTA01377656.pdf,data-set-10-files-2,1,other
EFTA01377657.pdf,data-set-10-files-2,1,other
EFTA01377658.pdf,data-set-10-files-2,1,other
EFTA01377659.pdf,data-set-10-files-2,1,other
EFTA01377660.pdf,data-set-10-files-2,1,other
EFTA01377661.pdf,data-set-10-files-2,1,other
EFTA01377662.pdf,data-set-10-files-2,1,other
EFTA01377663.pdf,data-set-10-files-2,1,other
EFTA01377664.pdf,data-set-10-files-2,1,other
EFTA01377665.pdf,data-set-10-files-2,1,other
EFTA01377666.pdf,data-set-10-files-2,1,other
EFTA01377667.pdf,data-set-10-files-2,1,other
EFTA01377668.pdf,data-set-10-files-2,1,other
EFTA01377669.pdf,data-set-10-files-2,1,other
EFTA01377670.pdf,data-set-10-files-2,1,other
EFTA01377671.pdf,data-set-10-files-2,1,other
EFTA01377672.pdf,data-set-10-files-2,1,other
EFTA01377673.pdf,data-set-10-files-2,1,other
EFTA01377674.pdf,data-set-10-files-2,1,other
EFTA01377675.pdf,data-set-10-files-2,1,other
EFTA01377676.pdf,data-set-10-files-2,1,other
EFTA01377677.pdf,data-set-10-files-2,1,other
EFTA01377678.pdf,data-set-10-files-2,1,other
EFTA01377679.pdf,data-set-10-files-2,1,other
EFTA01377680.pdf,data-set-10-files-2,1,other
EFTA01377681.pdf,data-set-10-files-2,1,other
EFTA01377682.pdf,data-set-10-files-2,1,other
EFTA01377683.pdf,data-set-10-files-2,1,other
EFTA01377684.pdf,data-set-10-files-2,1,other
EFTA01377685.pdf,data-set-10-files-2,1,other
EFTA01377686.pdf,data-set-10-files-2,1,other
EFTA01377687.pdf,data-set-10-files-2,1,other
EFTA01377688.pdf,data-set-10-files-2,1,other
EFTA01377689.pdf,data-set-10-files-2,1,other
EFTA01377690.pdf,data-set-10-files-2,1,other
EFTA01377691.pdf,data-set-10-files-2,1,other
EFTA01377692.pdf,data-set-10-files-2,1,other
EFTA01377693.pdf,data-set-10-files-2,1,other
EFTA01377694.pdf,data-set-10-files-2,1,other
EFTA01377695.pdf,data-set-10-files-2,1,other
EFTA01377696.pdf,data-set-10-files-2,1,other
EFTA01377697.pdf,data-set-10-files-2,1,other
EFTA01377698.pdf,data-set-10-files-2,1,other
EFTA01377699.pdf,data-set-10-files-2,1,other
EFTA01377700.pdf,data-set-10-files-2,1,other
EFTA01377701.pdf,data-set-10-files-2,1,other
EFTA01377702.pdf,data-set-10-files-2,1,other
EFTA01377703.pdf,data-set-10-files-2,1,email
EFTA01377704.pdf,data-set-10-files-2,1,other
EFTA01377705.pdf,data-set-10-files-2,1,other
EFTA01377706.pdf,data-set-10-files-2,1,other
EFTA01377707.pdf,data-set-10-files-2,1,other
EFTA01377708.pdf,data-set-10-files-2,1,other
EFTA01377709.pdf,data-set-10-files-2,1,other
EFTA01377710.pdf,data-set-10-files-2,1,other
EFTA01377711.pdf,data-set-10-files-2,1,other
EFTA01377712.pdf,data-set-10-files-2,1,other
EFTA01377713.pdf,data-set-10-files-2,1,other
EFTA01377714.pdf,data-set-10-files-2,1,other
EFTA01377715.pdf,data-set-10-files-2,1,other
EFTA01377716.pdf,data-set-10-files-2,1,other
EFTA01377717.pdf,data-set-10-files-2,1,other
EFTA01377718.pdf,data-set-10-files-2,1,other
EFTA01377719.pdf,data-set-10-files-2,1,other
EFTA01377720.pdf,data-set-10-files-2,1,other
EFTA01377721.pdf,data-set-10-files-2,1,other
EFTA01377722.pdf,data-set-10-files-2,1,other
EFTA01377723.pdf,data-set-10-files-2,1,other
EFTA01377724.pdf,data-set-10-files-2,1,other
EFTA01377725.pdf,data-set-10-files-2,1,other
EFTA01377726.pdf,data-set-10-files-2,1,other
EFTA01377727.pdf,data-set-10-files-2,1,other
EFTA01377728.pdf,data-set-10-files-2,1,other
EFTA01377729.pdf,data-set-10-files-2,1,other
EFTA01377730.pdf,data-set-10-files-2,1,other
EFTA01377731.pdf,data-set-10-files-2,1,other
EFTA01377732.pdf,data-set-10-files-2,1,other
EFTA01377733.pdf,data-set-10-files-2,1,other
EFTA01377734.pdf,data-set-10-files-2,1,other
EFTA01377735.pdf,data-set-10-files-2,1,other
EFTA01377736.pdf,data-set-10-files-2,1,other
EFTA01377737.pdf,data-set-10-files-2,1,other
EFTA01377738.pdf,data-set-10-files-2,1,other
EFTA01377739.pdf,data-set-10-files-2,1,other
EFTA01377740.pdf,data-set-10-files-2,1,other
EFTA01377741.pdf,data-set-10-files-2,1,other
EFTA01377742.pdf,data-set-10-files-2,1,other
EFTA01377743.pdf,data-set-10-files-2,1,other
EFTA01377744.pdf,data-set-10-files-2,1,other
EFTA01377745.pdf,data-set-10-files-2,1,other
EFTA01377746.pdf,data-set-10-files-2,1,other
EFTA01377747.pdf,data-set-10-files-2,1,other
EFTA01377748.pdf,data-set-10-files-2,1,other
EFTA01377749.pdf,data-set-10-files-2,1,other
EFTA01377750.pdf,data-set-10-files-2,1,other
EFTA01377751.pdf,data-set-10-files-2,1,other
EFTA01377752.pdf,data-set-10-files-2,1,other
EFTA01377753.pdf,data-set-10-files-2,1,other
EFTA01377754.pdf,data-set-10-files-2,1,other
EFTA01377755.pdf,data-set-10-files-2,1,other
EFTA01377756.pdf,data-set-10-files-2,1,other
EFTA01377757.pdf,data-set-10-files-2,1,other
EFTA01377758.pdf,data-set-10-files-2,1,other
EFTA01377759.pdf,data-set-10-files-2,1,other
EFTA01377760.pdf,data-set-10-files-2,1,other
EFTA01377761.pdf,data-set-10-files-2,1,other
EFTA01377762.pdf,data-set-10-files-2,1,other
EFTA01377763.pdf,data-set-10-files-2,1,other
EFTA01377764.pdf,data-set-10-files-2,1,other
EFTA01377765.pdf,data-set-10-files-2,1,other
EFTA01377766.pdf,data-set-10-files-2,1,other
EFTA01377767.pdf,data-set-10-files-2,1,other
EFTA01377768.pdf,data-set-10-files-2,1,other
EFTA01377769.pdf,data-set-10-files-2,1,other
EFTA01377770.pdf,data-set-10-files-2,1,other
EFTA01377771.pdf,data-set-10-files-2,1,other
EFTA01377772.pdf,data-set-10-files-2,1,other
EFTA01377773.pdf,data-set-10-files-2,1,other
EFTA01377774.pdf,data-set-10-files-2,1,other
EFTA01377775.pdf,data-set-10-files-2,1,other
EFTA01377776.pdf,data-set-10-files-2,1,other
EFTA01377777.pdf,data-set-10-files-2,1,other
EFTA01377778.pdf,data-set-10-files-2,1,other
EFTA01377779.pdf,data-set-10-files-2,1,other
EFTA01377780.pdf,data-set-10-files-2,1,other
EFTA01377781.pdf,data-set-10-files-2,1,other
EFTA01377782.pdf,data-set-10-files-2,1,other
EFTA01377783.pdf,data-set-10-files-2,1,other
EFTA01377784.pdf,data-set-10-files-2,1,other
EFTA01377785.pdf,data-set-10-files-2,1,other
EFTA01377786.pdf,data-set-10-files-2,1,other
EFTA01377787.pdf,data-set-10-files-2,1,other
EFTA01377788.pdf,data-set-10-files-2,1,other
EFTA01377789.pdf,data-set-10-files-2,1,other
EFTA01377790.pdf,data-set-10-files-2,1,other
EFTA01377791.pdf,data-set-10-files-2,1,other
EFTA01377792.pdf,data-set-10-files-2,1,other
EFTA01377793.pdf,data-set-10-files-2,1,other
EFTA01377794.pdf,data-set-10-files-2,1,other
EFTA01377795.pdf,data-set-10-files-2,1,other
EFTA01377796.pdf,data-set-10-files-2,1,other
EFTA01377797.pdf,data-set-10-files-2,1,other
EFTA01377798.pdf,data-set-10-files-2,1,other
EFTA01377799.pdf,data-set-10-files-2,1,other
EFTA01377800.pdf,data-set-10-files-2,1,other
EFTA01377801.pdf,data-set-10-files-2,1,other
EFTA01377802.pdf,data-set-10-files-2,1,other
EFTA01377803.pdf,data-set-10-files-2,1,other
EFTA01377804.pdf,data-set-10-files-2,1,other
EFTA01377805.pdf,data-set-10-files-2,1,other
EFTA01377806.pdf,data-set-10-files-2,1,other
EFTA01377807.pdf,data-set-10-files-2,1,other
EFTA01377808.pdf,data-set-10-files-2,1,other
EFTA01377809.pdf,data-set-10-files-2,1,other
EFTA01377810.pdf,data-set-10-files-2,1,other
EFTA01377811.pdf,data-set-10-files-2,1,other
EFTA01377812.pdf,data-set-10-files-2,1,other
EFTA01377813.pdf,data-set-10-files-2,1,other
EFTA01377814.pdf,data-set-10-files-2,1,other
EFTA01377815.pdf,data-set-10-files-2,1,other
EFTA01377816.pdf,data-set-10-files-2,1,other
EFTA01377817.pdf,data-set-10-files-2,1,other
EFTA01377818.pdf,data-set-10-files-2,1,other
EFTA01377819.pdf,data-set-10-files-2,1,other
EFTA01377820.pdf,data-set-10-files-2,1,other
EFTA01377821.pdf,data-set-10-files-2,1,other
EFTA01377822.pdf,data-set-10-files-2,1,other
EFTA01377823.pdf,data-set-10-files-2,1,other
EFTA01377824.pdf,data-set-10-files-2,1,other
EFTA01377825.pdf,data-set-10-files-2,1,other
EFTA01377826.pdf,data-set-10-files-2,1,other
EFTA01377827.pdf,data-set-10-files-2,1,other
EFTA01377828.pdf,data-set-10-files-2,1,other
EFTA01377829.pdf,data-set-10-files-2,1,other
EFTA01377830.pdf,data-set-10-files-2,1,other
EFTA01377831.pdf,data-set-10-files-2,1,other
EFTA01377832.pdf,data-set-10-files-2,1,other
EFTA01377833.pdf,data-set-10-files-2,1,other
EFTA01377834.pdf,data-set-10-files-2,1,other
EFTA01377835.pdf,data-set-10-files-2,1,other
EFTA01377836.pdf,data-set-10-files-2,1,other
EFTA01377837.pdf,data-set-10-files-2,1,other
EFTA01377838.pdf,data-set-10-files-2,1,other
EFTA01377839.pdf,data-set-10-files-2,1,other
EFTA01377840.pdf,data-set-10-files-2,1,other
EFTA01377841.pdf,data-set-10-files-2,1,other
EFTA01377842.pdf,data-set-10-files-2,1,other
EFTA01377843.pdf,data-set-10-files-2,1,other
EFTA01377844.pdf,data-set-10-files-2,1,other
EFTA01377845.pdf,data-set-10-files-2,1,other
EFTA01377846.pdf,data-set-10-files-2,1,other
EFTA01377847.pdf,data-set-10-files-2,1,other
EFTA01377848.pdf,data-set-10-files-2,1,other
EFTA01377849.pdf,data-set-10-files-2,1,other
EFTA01377850.pdf,data-set-10-files-2,1,other
EFTA01377851.pdf,data-set-10-files-2,1,other
EFTA01377852.pdf,data-set-10-files-2,1,other
EFTA01377853.pdf,data-set-10-files-2,1,other
EFTA01377854.pdf,data-set-10-files-2,1,other
EFTA01377855.pdf,data-set-10-files-2,1,other
EFTA01377856.pdf,data-set-10-files-2,1,other
EFTA01377857.pdf,data-set-10-files-2,1,other
EFTA01377858.pdf,data-set-10-files-2,1,other
EFTA01377859.pdf,data-set-10-files-2,1,other
EFTA01377860.pdf,data-set-10-files-2,1,other
EFTA01377861.pdf,data-set-10-files-2,1,other
EFTA01377862.pdf,data-set-10-files-2,1,other
EFTA01377863.pdf,data-set-10-files-2,1,other
EFTA01377864.pdf,data-set-10-files-2,1,other
EFTA01377865.pdf,data-set-10-files-2,1,email
EFTA01377866.pdf,data-set-10-files-2,1,email
EFTA01377867.pdf,data-set-10-files-2,1,email
EFTA01377868.pdf,data-set-10-files-2,1,other
EFTA01377869.pdf,data-set-10-files-2,1,other
EFTA01377870.pdf,data-set-10-files-2,1,other
EFTA01377871.pdf,data-set-10-files-2,1,other
EFTA01377872.pdf,data-set-10-files-2,1,other
EFTA01377873.pdf,data-set-10-files-2,1,other
EFTA01377874.pdf,data-set-10-files-2,1,other
EFTA01377875.pdf,data-set-10-files-2,1,other
EFTA01377876.pdf,data-set-10-files-2,1,other
EFTA01377877.pdf,data-set-10-files-2,1,other
EFTA01377878.pdf,data-set-10-files-2,1,other
EFTA01377879.pdf,data-set-10-files-2,1,other
EFTA01377880.pdf,data-set-10-files-2,1,other
EFTA01377881.pdf,data-set-10-files-2,1,other
EFTA01377882.pdf,data-set-10-files-2,1,other
EFTA01377883.pdf,data-set-10-files-2,1,other
EFTA01377884.pdf,data-set-10-files-2,1,other
EFTA01377885.pdf,data-set-10-files-2,1,other
EFTA01377886.pdf,data-set-10-files-2,1,other
EFTA01377887.pdf,data-set-10-files-2,1,other
EFTA01377888.pdf,data-set-10-files-2,1,other
EFTA01377889.pdf,data-set-10-files-2,1,other
EFTA01377890.pdf,data-set-10-files-2,1,other
EFTA01377891.pdf,data-set-10-files-2,1,other
EFTA01377892.pdf,data-set-10-files-2,1,other
EFTA01377893.pdf,data-set-10-files-2,1,other
EFTA01377894.pdf,data-set-10-files-2,1,other
EFTA01377895.pdf,data-set-10-files-2,1,other
EFTA01377896.pdf,data-set-10-files-2,1,other
EFTA01377897.pdf,data-set-10-files-2,1,other
EFTA01377898.pdf,data-set-10-files-2,1,other
EFTA01377899.pdf,data-set-10-files-2,1,other
EFTA01377900.pdf,data-set-10-files-2,1,other
EFTA01377901.pdf,data-set-10-files-2,1,other
EFTA01377902.pdf,data-set-10-files-2,1,other
EFTA01377903.pdf,data-set-10-files-2,1,other
EFTA01377904.pdf,data-set-10-files-2,1,other
EFTA01377905.pdf,data-set-10-files-2,1,other
EFTA01377906.pdf,data-set-10-files-2,1,other
EFTA01377907.pdf,data-set-10-files-2,1,other
EFTA01377908.pdf,data-set-10-files-2,1,other
EFTA01377909.pdf,data-set-10-files-2,1,other
EFTA01377910.pdf,data-set-10-files-2,1,other
EFTA01377911.pdf,data-set-10-files-2,1,other
EFTA01377912.pdf,data-set-10-files-2,1,other
EFTA01377913.pdf,data-set-10-files-2,1,other
EFTA01377914.pdf,data-set-10-files-2,1,other
EFTA01377915.pdf,data-set-10-files-2,1,other
EFTA01377916.pdf,data-set-10-files-2,1,other
EFTA01377917.pdf,data-set-10-files-2,1,other
EFTA01377918.pdf,data-set-10-files-2,1,other
EFTA01377919.pdf,data-set-10-files-2,1,other
EFTA01377920.pdf,data-set-10-files-2,1,other
EFTA01377921.pdf,data-set-10-files-2,1,other
EFTA01377922.pdf,data-set-10-files-2,1,other
EFTA01377923.pdf,data-set-10-files-2,1,other
EFTA01377924.pdf,data-set-10-files-2,1,other
EFTA01377925.pdf,data-set-10-files-2,1,other
EFTA01377926.pdf,data-set-10-files-2,1,other
EFTA01377927.pdf,data-set-10-files-2,1,other
EFTA01377928.pdf,data-set-10-files-2,1,other
EFTA01377929.pdf,data-set-10-files-2,1,other
EFTA01377930.pdf,data-set-10-files-2,1,other
EFTA01377931.pdf,data-set-10-files-2,1,other
EFTA01377932.pdf,data-set-10-files-2,1,other
EFTA01377933.pdf,data-set-10-files-2,1,other
EFTA01377934.pdf,data-set-10-files-2,1,other
EFTA01377935.pdf,data-set-10-files-2,1,other
EFTA01377936.pdf,data-set-10-files-2,1,other
EFTA01377937.pdf,data-set-10-files-2,1,other
EFTA01377938.pdf,data-set-10-files-2,1,other
EFTA01377939.pdf,data-set-10-files-2,1,other
EFTA01377940.pdf,data-set-10-files-2,1,other
EFTA01377941.pdf,data-set-10-files-2,1,other
EFTA01377942.pdf,data-set-10-files-2,1,other
EFTA01377943.pdf,data-set-10-files-2,1,other
EFTA01377944.pdf,data-set-10-files-2,1,other
EFTA01377945.pdf,data-set-10-files-2,1,other
EFTA01377946.pdf,data-set-10-files-2,1,other
EFTA01377947.pdf,data-set-10-files-2,1,other
EFTA01377948.pdf,data-set-10-files-2,1,other
EFTA01377949.pdf,data-set-10-files-2,1,other
EFTA01377950.pdf,data-set-10-files-2,1,other
EFTA01377951.pdf,data-set-10-files-2,1,other
EFTA01377952.pdf,data-set-10-files-2,1,other
EFTA01377953.pdf,data-set-10-files-2,1,other
EFTA01377954.pdf,data-set-10-files-2,1,other
EFTA01377955.pdf,data-set-10-files-2,1,other
EFTA01377956.pdf,data-set-10-files-2,1,other
EFTA01377957.pdf,data-set-10-files-2,1,other
EFTA01377958.pdf,data-set-10-files-2,1,email
EFTA01377959.pdf,data-set-10-files-2,1,other
EFTA01377960.pdf,data-set-10-files-2,1,other
EFTA01377961.pdf,data-set-10-files-2,1,other
EFTA01377962.pdf,data-set-10-files-2,1,other
EFTA01377963.pdf,data-set-10-files-2,1,other
EFTA01377964.pdf,data-set-10-files-2,1,other
EFTA01377965.pdf,data-set-10-files-2,1,other
EFTA01377966.pdf,data-set-10-files-2,1,other
EFTA01377967.pdf,data-set-10-files-2,1,other
EFTA01377968.pdf,data-set-10-files-2,1,other
EFTA01377969.pdf,data-set-10-files-2,1,other
EFTA01377970.pdf,data-set-10-files-2,1,other
EFTA01377971.pdf,data-set-10-files-2,1,other
EFTA01377972.pdf,data-set-10-files-2,1,email
EFTA01377973.pdf,data-set-10-files-2,1,other
EFTA01377974.pdf,data-set-10-files-2,1,other
EFTA01377975.pdf,data-set-10-files-2,1,other
EFTA01377976.pdf,data-set-10-files-2,1,other
EFTA01377977.pdf,data-set-10-files-2,1,other
EFTA01377978.pdf,data-set-10-files-2,1,other
EFTA01377979.pdf,data-set-10-files-2,1,other
EFTA01377980.pdf,data-set-10-files-2,1,other
EFTA01377981.pdf,data-set-10-files-2,1,other
EFTA01377982.pdf,data-set-10-files-2,1,other
EFTA01377983.pdf,data-set-10-files-2,1,other
EFTA01377984.pdf,data-set-10-files-2,1,other
EFTA01377985.pdf,data-set-10-files-2,1,email
EFTA01377986.pdf,data-set-10-files-2,1,other
EFTA01377987.pdf,data-set-10-files-2,1,other
EFTA01377988.pdf,data-set-10-files-2,1,other
EFTA01377989.pdf,data-set-10-files-2,1,other
EFTA01377990.pdf,data-set-10-files-2,1,other
EFTA01377991.pdf,data-set-10-files-2,1,other
EFTA01377992.pdf,data-set-10-files-2,1,email
EFTA01377993.pdf,data-set-10-files-2,1,other
EFTA01377994.pdf,data-set-10-files-2,1,other
EFTA01377995.pdf,data-set-10-files-2,1,other
EFTA01377996.pdf,data-set-10-files-2,1,other
EFTA01377997.pdf,data-set-10-files-2,1,other
EFTA01377998.pdf,data-set-10-files-2,1,other
EFTA01377999.pdf,data-set-10-files-2,1,other
EFTA01378000.pdf,data-set-10-files-2,1,other
EFTA01378001.pdf,data-set-10-files-2,1,other
EFTA01378002.pdf,data-set-10-files-2,1,other
EFTA01378003.pdf,data-set-10-files-2,1,other
EFTA01378004.pdf,data-set-10-files-2,1,other
EFTA01378005.pdf,data-set-10-files-2,1,other
EFTA01378006.pdf,data-set-10-files-2,1,other
EFTA01378007.pdf,data-set-10-files-2,1,other
EFTA01378008.pdf,data-set-10-files-2,1,other
EFTA01378009.pdf,data-set-10-files-2,1,other
EFTA01378010.pdf,data-set-10-files-2,1,other
EFTA01378011.pdf,data-set-10-files-2,1,other
EFTA01378012.pdf,data-set-10-files-2,1,other
EFTA01378013.pdf,data-set-10-files-2,1,other
EFTA01378014.pdf,data-set-10-files-2,1,other
EFTA01378015.pdf,data-set-10-files-2,1,other
EFTA01378016.pdf,data-set-10-files-2,1,other
EFTA01378017.pdf,data-set-10-files-2,1,other
EFTA01378018.pdf,data-set-10-files-2,1,other
EFTA01378019.pdf,data-set-10-files-2,1,other
EFTA01378020.pdf,data-set-10-files-2,1,other
EFTA01378021.pdf,data-set-10-files-2,1,other
EFTA01378022.pdf,data-set-10-files-2,1,other
EFTA01378023.pdf,data-set-10-files-2,1,other
EFTA01378024.pdf,data-set-10-files-2,1,other
EFTA01378025.pdf,data-set-10-files-2,1,other
EFTA01378026.pdf,data-set-10-files-2,1,other
EFTA01378027.pdf,data-set-10-files-2,1,other
EFTA01378028.pdf,data-set-10-files-2,1,other
EFTA01378029.pdf,data-set-10-files-2,1,email
EFTA01378030.pdf,data-set-10-files-2,1,email
EFTA01378031.pdf,data-set-10-files-2,1,other
EFTA01378032.pdf,data-set-10-files-2,1,other
EFTA01378033.pdf,data-set-10-files-2,1,other
EFTA01378034.pdf,data-set-10-files-2,1,other
EFTA01378035.pdf,data-set-10-files-2,1,other
EFTA01378036.pdf,data-set-10-files-2,1,other
EFTA01378037.pdf,data-set-10-files-2,1,other
EFTA01378038.pdf,data-set-10-files-2,1,other
EFTA01378039.pdf,data-set-10-files-2,1,other
EFTA01378040.pdf,data-set-10-files-2,1,other
EFTA01378041.pdf,data-set-10-files-2,1,other
EFTA01378042.pdf,data-set-10-files-2,1,other
EFTA01378043.pdf,data-set-10-files-2,1,other
EFTA01378044.pdf,data-set-10-files-2,1,other
EFTA01378045.pdf,data-set-10-files-2,1,other
EFTA01378046.pdf,data-set-10-files-2,1,other
EFTA01378047.pdf,data-set-10-files-2,1,other
EFTA01378048.pdf,data-set-10-files-2,1,other
EFTA01378049.pdf,data-set-10-files-2,1,other
EFTA01378050.pdf,data-set-10-files-2,1,other
EFTA01378051.pdf,data-set-10-files-2,1,other
EFTA01378052.pdf,data-set-10-files-2,1,email
EFTA01378053.pdf,data-set-10-files-2,1,other
EFTA01378054.pdf,data-set-10-files-2,1,other
EFTA01378055.pdf,data-set-10-files-2,1,other
EFTA01378056.pdf,data-set-10-files-2,1,email
EFTA01378057.pdf,data-set-10-files-2,1,other
EFTA01378058.pdf,data-set-10-files-2,1,other
EFTA01378059.pdf,data-set-10-files-2,1,other
EFTA01378060.pdf,data-set-10-files-2,1,other
EFTA01378061.pdf,data-set-10-files-2,1,other
EFTA01378062.pdf,data-set-10-files-2,1,other
EFTA01378063.pdf,data-set-10-files-2,1,other
EFTA01378064.pdf,data-set-10-files-2,1,other
EFTA01378065.pdf,data-set-10-files-2,1,other
EFTA01378066.pdf,data-set-10-files-2,1,other
EFTA01378067.pdf,data-set-10-files-2,1,other
EFTA01378068.pdf,data-set-10-files-2,1,other
EFTA01378069.pdf,data-set-10-files-2,1,other
EFTA01378070.pdf,data-set-10-files-2,1,other
EFTA01378071.pdf,data-set-10-files-2,1,other
EFTA01378072.pdf,data-set-10-files-2,1,other
EFTA01378073.pdf,data-set-10-files-2,1,other
EFTA01378074.pdf,data-set-10-files-2,1,other
EFTA01378075.pdf,data-set-10-files-2,1,other
EFTA01378076.pdf,data-set-10-files-2,1,other
EFTA01378077.pdf,data-set-10-files-2,1,other
EFTA01378078.pdf,data-set-10-files-2,1,other
EFTA01378079.pdf,data-set-10-files-2,1,other
EFTA01378080.pdf,data-set-10-files-2,1,other
EFTA01378081.pdf,data-set-10-files-2,1,other
EFTA01378082.pdf,data-set-10-files-2,1,other
EFTA01378083.pdf,data-set-10-files-2,1,other
EFTA01378084.pdf,data-set-10-files-2,1,other
EFTA01378085.pdf,data-set-10-files-2,1,other
EFTA01378086.pdf,data-set-10-files-2,1,other
EFTA01378087.pdf,data-set-10-files-2,1,other
EFTA01378088.pdf,data-set-10-files-2,1,other
EFTA01378089.pdf,data-set-10-files-2,1,other
EFTA01378090.pdf,data-set-10-files-2,1,other
EFTA01378091.pdf,data-set-10-files-2,1,other
EFTA01378092.pdf,data-set-10-files-2,1,other
EFTA01378093.pdf,data-set-10-files-2,1,other
EFTA01378094.pdf,data-set-10-files-2,1,other
EFTA01378095.pdf,data-set-10-files-2,1,other
EFTA01378096.pdf,data-set-10-files-2,1,other
EFTA01378097.pdf,data-set-10-files-2,1,other
EFTA01378098.pdf,data-set-10-files-2,1,other
EFTA01378099.pdf,data-set-10-files-2,1,other
EFTA01378100.pdf,data-set-10-files-2,1,other
EFTA01378101.pdf,data-set-10-files-2,1,other
EFTA01378102.pdf,data-set-10-files-2,1,other
EFTA01378103.pdf,data-set-10-files-2,1,other
EFTA01378104.pdf,data-set-10-files-2,1,other
EFTA01378105.pdf,data-set-10-files-2,1,other
EFTA01378106.pdf,data-set-10-files-2,1,other
EFTA01378107.pdf,data-set-10-files-2,1,other
EFTA01378108.pdf,data-set-10-files-2,1,other
EFTA01378109.pdf,data-set-10-files-2,1,other
EFTA01378110.pdf,data-set-10-files-2,1,other
EFTA01378111.pdf,data-set-10-files-2,1,other
EFTA01378112.pdf,data-set-10-files-2,1,email
EFTA01378113.pdf,data-set-10-files-2,1,other
EFTA01378114.pdf,data-set-10-files-2,1,other
EFTA01378115.pdf,data-set-10-files-2,1,other
EFTA01378116.pdf,data-set-10-files-2,1,other
EFTA01378117.pdf,data-set-10-files-2,1,other
EFTA01378118.pdf,data-set-10-files-2,1,other
EFTA01378119.pdf,data-set-10-files-2,1,other
EFTA01378120.pdf,data-set-10-files-2,1,other
EFTA01378121.pdf,data-set-10-files-2,1,other
EFTA01378122.pdf,data-set-10-files-2,1,other
EFTA01378123.pdf,data-set-10-files-2,1,email
EFTA01378124.pdf,data-set-10-files-2,1,other
EFTA01378125.pdf,data-set-10-files-2,1,email
EFTA01378126.pdf,data-set-10-files-2,1,other
EFTA01378127.pdf,data-set-10-files-2,1,email
EFTA01378128.pdf,data-set-10-files-2,1,other
EFTA01378129.pdf,data-set-10-files-2,1,other
EFTA01378130.pdf,data-set-10-files-2,1,email
EFTA01378131.pdf,data-set-10-files-2,1,other
EFTA01378132.pdf,data-set-10-files-2,1,other
EFTA01378133.pdf,data-set-10-files-2,1,other
EFTA01378134.pdf,data-set-10-files-2,1,email
EFTA01378135.pdf,data-set-10-files-2,1,email
EFTA01378136.pdf,data-set-10-files-2,1,email
EFTA01378137.pdf,data-set-10-files-2,1,email
EFTA01378138.pdf,data-set-10-files-2,1,other
EFTA01378139.pdf,data-set-10-files-2,1,email
EFTA01378140.pdf,data-set-10-files-2,1,other
EFTA01378141.pdf,data-set-10-files-2,1,email
EFTA01378142.pdf,data-set-10-files-2,1,email
EFTA01378143.pdf,data-set-10-files-2,1,other
EFTA01378144.pdf,data-set-10-files-2,1,other
EFTA01378145.pdf,data-set-10-files-2,1,other
EFTA01378146.pdf,data-set-10-files-2,1,other
EFTA01378147.pdf,data-set-10-files-2,1,other
EFTA01378148.pdf,data-set-10-files-2,1,other
EFTA01378149.pdf,data-set-10-files-2,1,other
EFTA01378150.pdf,data-set-10-files-2,1,other
EFTA01378151.pdf,data-set-10-files-2,1,other
EFTA01378152.pdf,data-set-10-files-2,1,other
EFTA01378153.pdf,data-set-10-files-2,1,other
EFTA01378154.pdf,data-set-10-files-2,1,other
EFTA01378155.pdf,data-set-10-files-2,1,other
EFTA01378156.pdf,data-set-10-files-2,1,other
EFTA01378157.pdf,data-set-10-files-2,1,other
EFTA01378158.pdf,data-set-10-files-2,1,other
EFTA01378159.pdf,data-set-10-files-2,1,other
EFTA01378160.pdf,data-set-10-files-2,1,other
EFTA01378161.pdf,data-set-10-files-2,1,other
EFTA01378162.pdf,data-set-10-files-2,1,other
EFTA01378163.pdf,data-set-10-files-2,1,other
EFTA01378164.pdf,data-set-10-files-2,1,other
EFTA01378165.pdf,data-set-10-files-2,1,other
EFTA01378166.pdf,data-set-10-files-2,1,other
EFTA01378167.pdf,data-set-10-files-2,1,other
EFTA01378168.pdf,data-set-10-files-2,1,other
EFTA01378169.pdf,data-set-10-files-2,1,other
EFTA01378170.pdf,data-set-10-files-2,1,other
EFTA01378171.pdf,data-set-10-files-2,1,other
EFTA01378172.pdf,data-set-10-files-2,1,other
EFTA01378173.pdf,data-set-10-files-2,1,other
EFTA01378174.pdf,data-set-10-files-2,1,other
EFTA01378175.pdf,data-set-10-files-2,1,other
EFTA01378176.pdf,data-set-10-files-2,1,other
EFTA01378177.pdf,data-set-10-files-2,1,other
EFTA01378178.pdf,data-set-10-files-2,1,other
EFTA01378179.pdf,data-set-10-files-2,1,other
EFTA01378180.pdf,data-set-10-files-2,1,other
EFTA01378181.pdf,data-set-10-files-2,1,other
EFTA01378182.pdf,data-set-10-files-2,1,other
EFTA01378183.pdf,data-set-10-files-2,1,other
EFTA01378184.pdf,data-set-10-files-2,1,other
EFTA01378185.pdf,data-set-10-files-2,1,other
EFTA01378186.pdf,data-set-10-files-2,1,other
EFTA01378187.pdf,data-set-10-files-2,1,other
EFTA01378188.pdf,data-set-10-files-2,1,other
EFTA01378189.pdf,data-set-10-files-2,1,other
EFTA01378190.pdf,data-set-10-files-2,1,other
EFTA01378191.pdf,data-set-10-files-2,1,other
EFTA01378192.pdf,data-set-10-files-2,1,other
EFTA01378193.pdf,data-set-10-files-2,1,other
EFTA01378194.pdf,data-set-10-files-2,1,other
EFTA01378195.pdf,data-set-10-files-2,1,other
EFTA01378196.pdf,data-set-10-files-2,1,other
EFTA01378197.pdf,data-set-10-files-2,1,other
EFTA01378198.pdf,data-set-10-files-2,1,other
EFTA01378199.pdf,data-set-10-files-2,1,other
EFTA01378200.pdf,data-set-10-files-2,1,other
EFTA01378201.pdf,data-set-10-files-2,1,other
EFTA01378202.pdf,data-set-10-files-2,1,other
EFTA01378203.pdf,data-set-10-files-2,1,other
EFTA01378204.pdf,data-set-10-files-2,1,other
EFTA01378205.pdf,data-set-10-files-2,1,other
EFTA01378206.pdf,data-set-10-files-2,1,other
EFTA01378207.pdf,data-set-10-files-2,1,other
EFTA01378208.pdf,data-set-10-files-2,1,other
EFTA01378209.pdf,data-set-10-files-2,1,other
EFTA01378210.pdf,data-set-10-files-2,1,other
EFTA01378211.pdf,data-set-10-files-2,1,other
EFTA01378212.pdf,data-set-10-files-2,1,other
EFTA01378213.pdf,data-set-10-files-2,1,other
EFTA01378214.pdf,data-set-10-files-2,1,other
EFTA01378215.pdf,data-set-10-files-2,1,other
EFTA01378216.pdf,data-set-10-files-2,1,other
EFTA01378217.pdf,data-set-10-files-2,1,other
EFTA01378218.pdf,data-set-10-files-2,1,other
EFTA01378219.pdf,data-set-10-files-2,1,other
EFTA01378220.pdf,data-set-10-files-2,1,other
EFTA01378221.pdf,data-set-10-files-2,1,other
EFTA01378222.pdf,data-set-10-files-2,1,other
EFTA01378223.pdf,data-set-10-files-2,1,other
EFTA01378224.pdf,data-set-10-files-2,1,other
EFTA01378225.pdf,data-set-10-files-2,1,other
EFTA01378226.pdf,data-set-10-files-2,1,email
EFTA01378227.pdf,data-set-10-files-2,1,other
EFTA01378228.pdf,data-set-10-files-2,1,other
EFTA01378229.pdf,data-set-10-files-2,1,other
EFTA01378230.pdf,data-set-10-files-2,1,email
EFTA01378231.pdf,data-set-10-files-2,1,email
EFTA01378232.pdf,data-set-10-files-2,1,email
EFTA01378233.pdf,data-set-10-files-2,1,email
EFTA01378234.pdf,data-set-10-files-2,1,email
EFTA01378235.pdf,data-set-10-files-2,1,other
EFTA01378236.pdf,data-set-10-files-2,1,other
EFTA01378237.pdf,data-set-10-files-2,1,email
EFTA01378238.pdf,data-set-10-files-2,1,other
EFTA01378239.pdf,data-set-10-files-2,1,email
EFTA01378240.pdf,data-set-10-files-2,1,other
EFTA01378241.pdf,data-set-10-files-2,1,other
EFTA01378242.pdf,data-set-10-files-2,1,other
EFTA01378243.pdf,data-set-10-files-2,1,other
EFTA01378244.pdf,data-set-10-files-2,1,other
EFTA01378245.pdf,data-set-10-files-2,1,other
EFTA01378246.pdf,data-set-10-files-2,1,other
EFTA01378247.pdf,data-set-10-files-2,1,other
EFTA01378248.pdf,data-set-10-files-2,1,other
EFTA01378249.pdf,data-set-10-files-2,1,other
EFTA01378250.pdf,data-set-10-files-2,1,other
EFTA01378251.pdf,data-set-10-files-2,1,other
EFTA01378252.pdf,data-set-10-files-2,1,other
EFTA01378253.pdf,data-set-10-files-2,1,other
EFTA01378254.pdf,data-set-10-files-2,1,other
EFTA01378255.pdf,data-set-10-files-2,1,other
EFTA01378256.pdf,data-set-10-files-2,1,other
EFTA01378257.pdf,data-set-10-files-2,1,other
EFTA01378258.pdf,data-set-10-files-2,1,other
EFTA01378259.pdf,data-set-10-files-2,1,other
EFTA01378260.pdf,data-set-10-files-2,1,other
EFTA01378261.pdf,data-set-10-files-2,1,other
EFTA01378262.pdf,data-set-10-files-2,1,other
EFTA01378263.pdf,data-set-10-files-2,1,other
EFTA01378264.pdf,data-set-10-files-2,1,other
EFTA01378265.pdf,data-set-10-files-2,1,other
EFTA01378266.pdf,data-set-10-files-2,1,other
EFTA01378267.pdf,data-set-10-files-2,1,other
EFTA01378268.pdf,data-set-10-files-2,1,other
EFTA01378269.pdf,data-set-10-files-2,1,other
EFTA01378270.pdf,data-set-10-files-2,1,other
EFTA01378271.pdf,data-set-10-files-2,1,other
EFTA01378272.pdf,data-set-10-files-2,1,other
EFTA01378273.pdf,data-set-10-files-2,1,other
EFTA01378274.pdf,data-set-10-files-2,1,other
EFTA01378275.pdf,data-set-10-files-2,1,other
EFTA01378276.pdf,data-set-10-files-2,1,other
EFTA01378277.pdf,data-set-10-files-2,1,other
EFTA01378278.pdf,data-set-10-files-2,1,other
EFTA01378279.pdf,data-set-10-files-2,1,other
EFTA01378280.pdf,data-set-10-files-2,1,other
EFTA01378281.pdf,data-set-10-files-2,1,other
EFTA01378282.pdf,data-set-10-files-2,1,other
EFTA01378283.pdf,data-set-10-files-2,1,other
EFTA01378284.pdf,data-set-10-files-2,1,email
EFTA01378285.pdf,data-set-10-files-2,1,email
EFTA01378286.pdf,data-set-10-files-2,1,other
EFTA01378287.pdf,data-set-10-files-2,1,other
EFTA01378288.pdf,data-set-10-files-2,1,email
EFTA01378289.pdf,data-set-10-files-2,1,email
EFTA01378290.pdf,data-set-10-files-2,1,email
EFTA01378291.pdf,data-set-10-files-2,1,other
EFTA01378292.pdf,data-set-10-files-2,1,email
EFTA01378293.pdf,data-set-10-files-2,1,email
EFTA01378294.pdf,data-set-10-files-2,1,other
EFTA01378295.pdf,data-set-10-files-2,1,email
EFTA01378296.pdf,data-set-10-files-2,1,email
EFTA01378297.pdf,data-set-10-files-2,1,other
EFTA01378298.pdf,data-set-10-files-2,1,other
EFTA01378299.pdf,data-set-10-files-2,1,other
EFTA01378300.pdf,data-set-10-files-2,1,other
EFTA01378301.pdf,data-set-10-files-2,1,other
EFTA01378302.pdf,data-set-10-files-2,1,other
EFTA01378303.pdf,data-set-10-files-2,1,other
EFTA01378304.pdf,data-set-10-files-2,1,other
EFTA01378305.pdf,data-set-10-files-2,1,other
EFTA01378306.pdf,data-set-10-files-2,1,other
EFTA01378307.pdf,data-set-10-files-2,1,other
EFTA01378308.pdf,data-set-10-files-2,1,other
EFTA01378309.pdf,data-set-10-files-2,1,other
EFTA01378310.pdf,data-set-10-files-2,1,other
EFTA01378311.pdf,data-set-10-files-2,1,other
EFTA01378312.pdf,data-set-10-files-2,1,other
EFTA01378313.pdf,data-set-10-files-2,1,other
EFTA01378314.pdf,data-set-10-files-2,1,other
EFTA01378315.pdf,data-set-10-files-2,1,other
EFTA01378316.pdf,data-set-10-files-2,1,other
EFTA01378317.pdf,data-set-10-files-2,1,other
EFTA01378318.pdf,data-set-10-files-2,1,other
EFTA01378319.pdf,data-set-10-files-2,1,other
EFTA01378320.pdf,data-set-10-files-2,1,other
EFTA01378321.pdf,data-set-10-files-2,1,other
EFTA01378322.pdf,data-set-10-files-2,1,other
EFTA01378323.pdf,data-set-10-files-2,1,other
EFTA01378324.pdf,data-set-10-files-2,1,other
EFTA01378325.pdf,data-set-10-files-2,1,other
EFTA01378326.pdf,data-set-10-files-2,1,other
EFTA01378327.pdf,data-set-10-files-2,1,other
EFTA01378328.pdf,data-set-10-files-2,1,other
EFTA01378329.pdf,data-set-10-files-2,1,other
EFTA01378330.pdf,data-set-10-files-2,1,other
EFTA01378331.pdf,data-set-10-files-2,1,other
EFTA01378332.pdf,data-set-10-files-2,1,other
EFTA01378333.pdf,data-set-10-files-2,1,other
EFTA01378334.pdf,data-set-10-files-2,1,other
EFTA01378335.pdf,data-set-10-files-2,1,other
EFTA01378336.pdf,data-set-10-files-2,1,other
EFTA01378337.pdf,data-set-10-files-2,1,other
EFTA01378338.pdf,data-set-10-files-2,1,other
EFTA01378339.pdf,data-set-10-files-2,1,other
EFTA01378340.pdf,data-set-10-files-2,1,other
EFTA01378341.pdf,data-set-10-files-2,1,other
EFTA01378342.pdf,data-set-10-files-2,1,other
EFTA01378343.pdf,data-set-10-files-2,1,other
EFTA01378344.pdf,data-set-10-files-2,1,other
EFTA01378345.pdf,data-set-10-files-2,1,other
EFTA01378346.pdf,data-set-10-files-2,1,other
EFTA01378347.pdf,data-set-10-files-2,1,other
EFTA01378348.pdf,data-set-10-files-2,1,other
EFTA01378349.pdf,data-set-10-files-2,1,other
EFTA01378350.pdf,data-set-10-files-2,1,other
EFTA01378351.pdf,data-set-10-files-2,1,other
EFTA01378352.pdf,data-set-10-files-2,1,other
EFTA01378353.pdf,data-set-10-files-2,1,other
EFTA01378354.pdf,data-set-10-files-2,1,other
EFTA01378355.pdf,data-set-10-files-2,1,other
EFTA01378356.pdf,data-set-10-files-2,1,other
EFTA01378357.pdf,data-set-10-files-2,1,other
EFTA01378358.pdf,data-set-10-files-2,1,other
EFTA01378359.pdf,data-set-10-files-2,1,other
EFTA01378360.pdf,data-set-10-files-2,1,other
EFTA01378361.pdf,data-set-10-files-2,1,other
EFTA01378362.pdf,data-set-10-files-2,1,other
EFTA01378363.pdf,data-set-10-files-2,1,other
EFTA01378364.pdf,data-set-10-files-2,1,email
EFTA01378365.pdf,data-set-10-files-2,1,other
EFTA01378366.pdf,data-set-10-files-2,1,other
EFTA01378367.pdf,data-set-10-files-2,1,other
EFTA01378368.pdf,data-set-10-files-2,1,email
EFTA01378369.pdf,data-set-10-files-2,1,email
EFTA01378370.pdf,data-set-10-files-2,1,email
EFTA01378371.pdf,data-set-10-files-2,1,email
EFTA01378372.pdf,data-set-10-files-2,1,other
EFTA01378373.pdf,data-set-10-files-2,1,other
EFTA01378374.pdf,data-set-10-files-2,1,other
EFTA01378375.pdf,data-set-10-files-2,1,other
EFTA01378376.pdf,data-set-10-files-2,1,email
EFTA01378377.pdf,data-set-10-files-2,1,email
EFTA01378378.pdf,data-set-10-files-2,1,other
EFTA01378379.pdf,data-set-10-files-2,1,other
EFTA01378380.pdf,data-set-10-files-2,1,other
EFTA01378381.pdf,data-set-10-files-2,1,other
EFTA01378382.pdf,data-set-10-files-2,1,email
EFTA01378383.pdf,data-set-10-files-2,1,other
EFTA01378384.pdf,data-set-10-files-2,1,other
EFTA01378385.pdf,data-set-10-files-2,1,other
EFTA01378386.pdf,data-set-10-files-2,1,other
EFTA01378387.pdf,data-set-10-files-2,1,other
EFTA01378388.pdf,data-set-10-files-2,1,other
EFTA01378389.pdf,data-set-10-files-2,1,other
EFTA01378390.pdf,data-set-10-files-2,1,other
EFTA01378391.pdf,data-set-10-files-2,1,other
EFTA01378392.pdf,data-set-10-files-2,1,other
EFTA01378393.pdf,data-set-10-files-2,1,other
EFTA01378394.pdf,data-set-10-files-2,1,other
EFTA01378395.pdf,data-set-10-files-2,1,other
EFTA01378396.pdf,data-set-10-files-2,1,other
EFTA01378397.pdf,data-set-10-files-2,1,other
EFTA01378398.pdf,data-set-10-files-2,1,other
EFTA01378399.pdf,data-set-10-files-2,1,other
EFTA01378400.pdf,data-set-10-files-2,1,email
EFTA01378401.pdf,data-set-10-files-2,1,other
EFTA01378402.pdf,data-set-10-files-2,1,other
EFTA01378403.pdf,data-set-10-files-2,1,other
EFTA01378404.pdf,data-set-10-files-2,1,other
EFTA01378405.pdf,data-set-10-files-2,1,other
EFTA01378406.pdf,data-set-10-files-2,1,other
EFTA01378407.pdf,data-set-10-files-2,1,other
EFTA01378408.pdf,data-set-10-files-2,1,other
EFTA01378409.pdf,data-set-10-files-2,1,other
EFTA01378410.pdf,data-set-10-files-2,1,other
EFTA01378411.pdf,data-set-10-files-2,1,other
EFTA01378412.pdf,data-set-10-files-2,1,other
EFTA01378413.pdf,data-set-10-files-2,1,other
EFTA01378414.pdf,data-set-10-files-2,1,other
EFTA01378415.pdf,data-set-10-files-2,1,other
EFTA01378416.pdf,data-set-10-files-2,1,other
EFTA01378417.pdf,data-set-10-files-2,1,other
EFTA01378418.pdf,data-set-10-files-2,1,other
EFTA01378419.pdf,data-set-10-files-2,1,other
EFTA01378420.pdf,data-set-10-files-2,1,other
EFTA01378421.pdf,data-set-10-files-2,1,other
EFTA01378422.pdf,data-set-10-files-2,1,other
EFTA01378423.pdf,data-set-10-files-2,1,other
EFTA01378424.pdf,data-set-10-files-2,1,other
EFTA01378425.pdf,data-set-10-files-2,1,other
EFTA01378426.pdf,data-set-10-files-2,1,other
EFTA01378427.pdf,data-set-10-files-2,1,other
EFTA01378428.pdf,data-set-10-files-2,1,other
EFTA01378429.pdf,data-set-10-files-2,1,other
EFTA01378430.pdf,data-set-10-files-2,1,other
EFTA01378431.pdf,data-set-10-files-2,1,other
EFTA01378432.pdf,data-set-10-files-2,1,other
EFTA01378433.pdf,data-set-10-files-2,1,other
EFTA01378434.pdf,data-set-10-files-2,1,other
EFTA01378435.pdf,data-set-10-files-2,1,other
EFTA01378436.pdf,data-set-10-files-2,1,other
EFTA01378437.pdf,data-set-10-files-2,1,other
EFTA01378438.pdf,data-set-10-files-2,1,other
EFTA01378439.pdf,data-set-10-files-2,1,other
EFTA01378440.pdf,data-set-10-files-2,1,other
EFTA01378441.pdf,data-set-10-files-2,1,other
EFTA01378442.pdf,data-set-10-files-2,1,other
EFTA01378443.pdf,data-set-10-files-2,1,other
EFTA01378444.pdf,data-set-10-files-2,1,other
EFTA01378445.pdf,data-set-10-files-2,1,other
EFTA01378446.pdf,data-set-10-files-2,1,other
EFTA01378447.pdf,data-set-10-files-2,1,other
EFTA01378448.pdf,data-set-10-files-2,1,other
EFTA01378449.pdf,data-set-10-files-2,1,other
EFTA01378450.pdf,data-set-10-files-2,1,other
EFTA01378451.pdf,data-set-10-files-2,1,other
EFTA01378452.pdf,data-set-10-files-2,1,other
EFTA01378453.pdf,data-set-10-files-2,1,other
EFTA01378454.pdf,data-set-10-files-2,1,other
EFTA01378455.pdf,data-set-10-files-2,1,other
EFTA01378456.pdf,data-set-10-files-2,1,other
EFTA01378457.pdf,data-set-10-files-2,1,other
EFTA01378458.pdf,data-set-10-files-2,1,other
EFTA01378459.pdf,data-set-10-files-2,1,other
EFTA01378460.pdf,data-set-10-files-2,1,other
EFTA01378461.pdf,data-set-10-files-2,1,other
EFTA01378462.pdf,data-set-10-files-2,1,other
EFTA01378463.pdf,data-set-10-files-2,1,other
EFTA01378464.pdf,data-set-10-files-2,1,other
EFTA01378465.pdf,data-set-10-files-2,1,other
EFTA01378466.pdf,data-set-10-files-2,1,other
EFTA01378467.pdf,data-set-10-files-2,1,other
EFTA01378468.pdf,data-set-10-files-2,1,other
EFTA01378469.pdf,data-set-10-files-2,1,email
EFTA01378470.pdf,data-set-10-files-2,1,email
EFTA01378471.pdf,data-set-10-files-2,1,email
EFTA01378472.pdf,data-set-10-files-2,1,other
EFTA01378473.pdf,data-set-10-files-2,1,other
EFTA01378474.pdf,data-set-10-files-2,1,other
EFTA01378475.pdf,data-set-10-files-2,1,other
EFTA01378476.pdf,data-set-10-files-2,1,email
EFTA01378477.pdf,data-set-10-files-2,1,other
EFTA01378478.pdf,data-set-10-files-2,1,other
EFTA01378479.pdf,data-set-10-files-2,1,other
EFTA01378480.pdf,data-set-10-files-2,1,other
EFTA01378481.pdf,data-set-10-files-2,1,other
EFTA01378482.pdf,data-set-10-files-2,1,other
EFTA01378483.pdf,data-set-10-files-2,1,other
EFTA01378484.pdf,data-set-10-files-2,1,other
EFTA01378485.pdf,data-set-10-files-2,1,other
EFTA01378486.pdf,data-set-10-files-2,1,other
EFTA01378487.pdf,data-set-10-files-2,1,other
EFTA01378488.pdf,data-set-10-files-2,1,other
EFTA01378489.pdf,data-set-10-files-2,1,other
EFTA01378490.pdf,data-set-10-files-2,1,other
EFTA01378491.pdf,data-set-10-files-2,1,other
EFTA01378492.pdf,data-set-10-files-2,1,email
EFTA01378493.pdf,data-set-10-files-2,1,other
EFTA01378494.pdf,data-set-10-files-2,1,other
EFTA01378495.pdf,data-set-10-files-2,1,other
EFTA01378496.pdf,data-set-10-files-2,1,other
EFTA01378497.pdf,data-set-10-files-2,1,other
EFTA01378498.pdf,data-set-10-files-2,1,email
EFTA01378499.pdf,data-set-10-files-2,1,other
EFTA01378500.pdf,data-set-10-files-2,1,email
EFTA01378501.pdf,data-set-10-files-2,1,other
EFTA01378502.pdf,data-set-10-files-2,1,other
EFTA01378503.pdf,data-set-10-files-2,1,other
EFTA01378504.pdf,data-set-10-files-2,1,email
EFTA01378505.pdf,data-set-10-files-2,1,other
EFTA01378506.pdf,data-set-10-files-2,1,other
EFTA01378507.pdf,data-set-10-files-2,1,other
EFTA01378508.pdf,data-set-10-files-2,1,other
EFTA01378509.pdf,data-set-10-files-2,1,other
EFTA01378510.pdf,data-set-10-files-2,1,other
EFTA01378511.pdf,data-set-10-files-2,1,other
EFTA01378512.pdf,data-set-10-files-2,1,other
EFTA01378513.pdf,data-set-10-files-2,1,other
EFTA01378514.pdf,data-set-10-files-2,1,other
EFTA01378515.pdf,data-set-10-files-2,1,other
EFTA01378516.pdf,data-set-10-files-2,1,email
EFTA01378517.pdf,data-set-10-files-2,1,email
EFTA01378518.pdf,data-set-10-files-2,1,other
EFTA01378519.pdf,data-set-10-files-2,1,other
EFTA01378520.pdf,data-set-10-files-2,1,other
EFTA01378521.pdf,data-set-10-files-2,1,other
EFTA01378522.pdf,data-set-10-files-2,1,other
EFTA01378523.pdf,data-set-10-files-2,1,other
EFTA01378524.pdf,data-set-10-files-2,1,other
EFTA01378525.pdf,data-set-10-files-2,1,other
EFTA01378526.pdf,data-set-10-files-2,1,other
EFTA01378527.pdf,data-set-10-files-2,1,email
EFTA01378528.pdf,data-set-10-files-2,1,other
EFTA01378529.pdf,data-set-10-files-2,1,other
EFTA01378530.pdf,data-set-10-files-2,1,other
EFTA01378531.pdf,data-set-10-files-2,1,other
EFTA01378532.pdf,data-set-10-files-2,1,email
EFTA01378533.pdf,data-set-10-files-2,1,other
EFTA01378534.pdf,data-set-10-files-2,1,other
EFTA01378535.pdf,data-set-10-files-2,1,email
EFTA01378536.pdf,data-set-10-files-2,1,other
EFTA01378537.pdf,data-set-10-files-2,1,other
EFTA01378538.pdf,data-set-10-files-2,1,email
EFTA01378539.pdf,data-set-10-files-2,1,other
EFTA01378540.pdf,data-set-10-files-2,1,other
EFTA01378541.pdf,data-set-10-files-2,1,other
EFTA01378542.pdf,data-set-10-files-2,1,email
EFTA01378543.pdf,data-set-10-files-2,1,other
EFTA01378544.pdf,data-set-10-files-2,1,other
EFTA01378545.pdf,data-set-10-files-2,1,email
EFTA01378546.pdf,data-set-10-files-2,1,email
EFTA01378547.pdf,data-set-10-files-2,1,email
EFTA01378548.pdf,data-set-10-files-2,1,email
EFTA01378549.pdf,data-set-10-files-2,1,email
EFTA01378550.pdf,data-set-10-files-2,1,other
EFTA01378551.pdf,data-set-10-files-2,1,email
EFTA01378552.pdf,data-set-10-files-2,1,email
EFTA01378553.pdf,data-set-10-files-2,1,email
EFTA01378554.pdf,data-set-10-files-2,1,email
EFTA01378555.pdf,data-set-10-files-2,1,email
EFTA01378556.pdf,data-set-10-files-2,1,other
EFTA01378557.pdf,data-set-10-files-2,1,email
EFTA01378558.pdf,data-set-10-files-2,1,email
EFTA01378559.pdf,data-set-10-files-2,1,other
EFTA01378560.pdf,data-set-10-files-2,1,other
EFTA01378561.pdf,data-set-10-files-2,1,email
EFTA01378562.pdf,data-set-10-files-2,1,email
EFTA01378563.pdf,data-set-10-files-2,1,other
EFTA01378564.pdf,data-set-10-files-2,1,other
EFTA01378565.pdf,data-set-10-files-2,1,email
EFTA01378566.pdf,data-set-10-files-2,1,other
EFTA01378567.pdf,data-set-10-files-2,1,other
EFTA01378568.pdf,data-set-10-files-2,1,other
EFTA01378569.pdf,data-set-10-files-2,1,email
EFTA01378570.pdf,data-set-10-files-2,1,email
EFTA01378571.pdf,data-set-10-files-2,1,other
EFTA01378572.pdf,data-set-10-files-2,1,other
EFTA01378573.pdf,data-set-10-files-2,1,other
EFTA01378574.pdf,data-set-10-files-2,1,email
EFTA01378575.pdf,data-set-10-files-2,1,email
EFTA01378576.pdf,data-set-10-files-2,1,other
EFTA01378577.pdf,data-set-10-files-2,1,email
EFTA01378578.pdf,data-set-10-files-2,1,other
EFTA01378579.pdf,data-set-10-files-2,1,other
EFTA01378580.pdf,data-set-10-files-2,1,email
EFTA01378581.pdf,data-set-10-files-2,1,email
EFTA01378582.pdf,data-set-10-files-2,1,email
EFTA01378583.pdf,data-set-10-files-2,1,email
EFTA01378584.pdf,data-set-10-files-2,1,other
EFTA01378585.pdf,data-set-10-files-2,1,other
EFTA01378586.pdf,data-set-10-files-2,1,other
EFTA01378587.pdf,data-set-10-files-2,1,other
EFTA01378588.pdf,data-set-10-files-2,1,other
EFTA01378589.pdf,data-set-10-files-2,1,other
EFTA01378590.pdf,data-set-10-files-2,1,other
EFTA01378591.pdf,data-set-10-files-2,1,other
EFTA01378592.pdf,data-set-10-files-2,1,other
EFTA01378593.pdf,data-set-10-files-2,1,other
EFTA01378594.pdf,data-set-10-files-2,1,other
EFTA01378595.pdf,data-set-10-files-2,1,other
EFTA01378596.pdf,data-set-10-files-2,1,other
EFTA01378597.pdf,data-set-10-files-2,1,other
EFTA01378598.pdf,data-set-10-files-2,1,other
EFTA01378599.pdf,data-set-10-files-2,1,other
EFTA01378600.pdf,data-set-10-files-2,1,other
EFTA01378601.pdf,data-set-10-files-2,1,other
EFTA01378602.pdf,data-set-10-files-2,1,other
EFTA01378603.pdf,data-set-10-files-2,1,other
EFTA01378604.pdf,data-set-10-files-2,1,other
EFTA01378605.pdf,data-set-10-files-2,1,other
EFTA01378606.pdf,data-set-10-files-2,1,other
EFTA01378607.pdf,data-set-10-files-2,1,other
EFTA01378608.pdf,data-set-10-files-2,1,other
EFTA01378609.pdf,data-set-10-files-2,1,other
EFTA01378610.pdf,data-set-10-files-2,1,other
EFTA01378611.pdf,data-set-10-files-2,1,other
EFTA01378612.pdf,data-set-10-files-2,1,other
EFTA01378613.pdf,data-set-10-files-2,1,other
EFTA01378614.pdf,data-set-10-files-2,1,other
EFTA01378615.pdf,data-set-10-files-2,1,other
EFTA01378616.pdf,data-set-10-files-2,1,other
EFTA01378617.pdf,data-set-10-files-2,1,other
EFTA01378618.pdf,data-set-10-files-2,1,other
EFTA01378619.pdf,data-set-10-files-2,1,other
EFTA01378620.pdf,data-set-10-files-2,1,other
EFTA01378621.pdf,data-set-10-files-2,1,other
EFTA01378622.pdf,data-set-10-files-2,1,other
EFTA01378623.pdf,data-set-10-files-2,1,other
EFTA01378624.pdf,data-set-10-files-2,1,other
EFTA01378625.pdf,data-set-10-files-2,1,other
EFTA01378626.pdf,data-set-10-files-2,1,other
EFTA01378627.pdf,data-set-10-files-2,1,email
EFTA01378628.pdf,data-set-10-files-2,1,other
EFTA01378629.pdf,data-set-10-files-2,1,other
EFTA01378630.pdf,data-set-10-files-2,1,other
EFTA01378631.pdf,data-set-10-files-2,1,email
EFTA01378632.pdf,data-set-10-files-2,1,email
EFTA01378633.pdf,data-set-10-files-2,1,other
EFTA01378634.pdf,data-set-10-files-2,1,email
EFTA01378635.pdf,data-set-10-files-2,1,email
EFTA01378636.pdf,data-set-10-files-2,1,other
EFTA01378637.pdf,data-set-10-files-2,1,email
EFTA01378638.pdf,data-set-10-files-2,1,other
EFTA01378639.pdf,data-set-10-files-2,1,other
EFTA01378640.pdf,data-set-10-files-2,1,other
EFTA01378641.pdf,data-set-10-files-2,1,email
EFTA01378642.pdf,data-set-10-files-2,1,email
EFTA01378643.pdf,data-set-10-files-2,1,email
EFTA01378644.pdf,data-set-10-files-2,1,other
EFTA01378645.pdf,data-set-10-files-2,1,other
EFTA01378646.pdf,data-set-10-files-2,1,email
EFTA01378647.pdf,data-set-10-files-2,1,other
EFTA01378648.pdf,data-set-10-files-2,1,other
EFTA01378649.pdf,data-set-10-files-2,1,other
EFTA01378650.pdf,data-set-10-files-2,1,email
EFTA01378651.pdf,data-set-10-files-2,1,other
EFTA01378652.pdf,data-set-10-files-2,1,email
EFTA01378653.pdf,data-set-10-files-2,1,email
EFTA01378654.pdf,data-set-10-files-2,1,email
EFTA01378655.pdf,data-set-10-files-2,1,email
EFTA01378656.pdf,data-set-10-files-2,1,other
EFTA01378657.pdf,data-set-10-files-2,1,other
EFTA01378658.pdf,data-set-10-files-2,1,email
EFTA01378659.pdf,data-set-10-files-2,1,email
EFTA01378660.pdf,data-set-10-files-2,1,other
EFTA01378661.pdf,data-set-10-files-2,1,other
EFTA01378662.pdf,data-set-10-files-2,1,other
EFTA01378663.pdf,data-set-10-files-2,1,other
EFTA01378664.pdf,data-set-10-files-2,1,email
EFTA01378665.pdf,data-set-10-files-2,1,email
EFTA01378666.pdf,data-set-10-files-2,1,email
EFTA01378667.pdf,data-set-10-files-2,1,email
EFTA01378668.pdf,data-set-10-files-2,1,email
EFTA01378669.pdf,data-set-10-files-2,1,email
EFTA01378670.pdf,data-set-10-files-2,1,other
EFTA01378671.pdf,data-set-10-files-2,1,email
EFTA01378672.pdf,data-set-10-files-2,1,other
EFTA01378673.pdf,data-set-10-files-2,1,other
EFTA01378674.pdf,data-set-10-files-2,1,other
EFTA01378675.pdf,data-set-10-files-2,1,other
EFTA01378676.pdf,data-set-10-files-2,1,other
EFTA01378677.pdf,data-set-10-files-2,1,other
EFTA01378678.pdf,data-set-10-files-2,1,other
EFTA01378679.pdf,data-set-10-files-2,1,other
EFTA01378680.pdf,data-set-10-files-2,1,email
EFTA01378681.pdf,data-set-10-files-2,1,other
EFTA01378682.pdf,data-set-10-files-2,1,other
EFTA01378683.pdf,data-set-10-files-2,1,email
EFTA01378684.pdf,data-set-10-files-2,1,email
EFTA01378685.pdf,data-set-10-files-2,1,email
EFTA01378686.pdf,data-set-10-files-2,1,other
EFTA01378687.pdf,data-set-10-files-2,1,email
EFTA01378688.pdf,data-set-10-files-2,1,email
EFTA01378689.pdf,data-set-10-files-2,1,other
EFTA01378690.pdf,data-set-10-files-2,1,other
EFTA01378691.pdf,data-set-10-files-2,1,email
EFTA01378692.pdf,data-set-10-files-2,1,other
EFTA01378693.pdf,data-set-10-files-2,1,email
EFTA01378694.pdf,data-set-10-files-2,1,other
EFTA01378695.pdf,data-set-10-files-2,1,other
EFTA01378696.pdf,data-set-10-files-2,1,other
EFTA01378697.pdf,data-set-10-files-2,1,other
EFTA01378698.pdf,data-set-10-files-2,1,email
EFTA01378699.pdf,data-set-10-files-2,1,other
EFTA01378700.pdf,data-set-10-files-2,1,email
EFTA01378701.pdf,data-set-10-files-2,1,email
EFTA01378702.pdf,data-set-10-files-2,1,email
EFTA01378703.pdf,data-set-10-files-2,1,email
EFTA01378704.pdf,data-set-10-files-2,1,email
EFTA01378705.pdf,data-set-10-files-2,1,email
EFTA01378706.pdf,data-set-10-files-2,1,other
EFTA01378707.pdf,data-set-10-files-2,1,other
EFTA01378708.pdf,data-set-10-files-2,1,other
EFTA01378709.pdf,data-set-10-files-2,1,other
EFTA01378710.pdf,data-set-10-files-2,1,other
EFTA01378711.pdf,data-set-10-files-2,1,other
EFTA01378712.pdf,data-set-10-files-2,1,email
EFTA01378713.pdf,data-set-10-files-2,1,other
EFTA01378714.pdf,data-set-10-files-2,1,other
EFTA01378715.pdf,data-set-10-files-2,1,email
EFTA01378716.pdf,data-set-10-files-2,1,email
EFTA01378717.pdf,data-set-10-files-2,1,other
EFTA01378718.pdf,data-set-10-files-2,1,other
EFTA01378719.pdf,data-set-10-files-2,1,other
EFTA01378720.pdf,data-set-10-files-2,1,other
EFTA01378721.pdf,data-set-10-files-2,1,email
EFTA01378722.pdf,data-set-10-files-2,1,other
EFTA01378723.pdf,data-set-10-files-2,1,email
EFTA01378724.pdf,data-set-10-files-2,1,email
EFTA01378725.pdf,data-set-10-files-2,1,other
EFTA01378726.pdf,data-set-10-files-2,1,other
EFTA01378727.pdf,data-set-10-files-2,1,email
EFTA01378728.pdf,data-set-10-files-2,1,other
EFTA01378729.pdf,data-set-10-files-2,1,other
EFTA01378730.pdf,data-set-10-files-2,1,other
EFTA01378731.pdf,data-set-10-files-2,1,email
EFTA01378732.pdf,data-set-10-files-2,1,email
EFTA01378733.pdf,data-set-10-files-2,1,other
EFTA01378734.pdf,data-set-10-files-2,1,other
EFTA01378735.pdf,data-set-10-files-2,1,other
EFTA01378736.pdf,data-set-10-files-2,1,email
EFTA01378737.pdf,data-set-10-files-2,1,other
EFTA01378738.pdf,data-set-10-files-2,1,other
EFTA01378739.pdf,data-set-10-files-2,1,other
EFTA01378740.pdf,data-set-10-files-2,1,other
EFTA01378741.pdf,data-set-10-files-2,1,other
EFTA01378742.pdf,data-set-10-files-2,1,email
EFTA01378743.pdf,data-set-10-files-2,1,other
EFTA01378744.pdf,data-set-10-files-2,1,email
EFTA01378745.pdf,data-set-10-files-2,1,email
EFTA01378746.pdf,data-set-10-files-2,1,email
EFTA01378747.pdf,data-set-10-files-2,1,email
EFTA01378748.pdf,data-set-10-files-2,1,email
EFTA01378749.pdf,data-set-10-files-2,1,email
EFTA01378750.pdf,data-set-10-files-2,1,email
EFTA01378751.pdf,data-set-10-files-2,1,email
EFTA01378752.pdf,data-set-10-files-2,1,other
EFTA01378753.pdf,data-set-10-files-2,1,other
EFTA01378754.pdf,data-set-10-files-2,1,email
EFTA01378755.pdf,data-set-10-files-2,1,other
EFTA01378756.pdf,data-set-10-files-2,1,other
EFTA01378757.pdf,data-set-10-files-2,1,other
EFTA01378758.pdf,data-set-10-files-2,1,other
EFTA01378759.pdf,data-set-10-files-2,1,email
EFTA01378760.pdf,data-set-10-files-2,1,email
EFTA01378761.pdf,data-set-10-files-2,1,other
EFTA01378762.pdf,data-set-10-files-2,1,email
EFTA01378763.pdf,data-set-10-files-2,1,other
EFTA01378764.pdf,data-set-10-files-2,1,email
EFTA01378765.pdf,data-set-10-files-2,1,email
EFTA01378766.pdf,data-set-10-files-2,1,email
EFTA01378767.pdf,data-set-10-files-2,1,other
EFTA01378768.pdf,data-set-10-files-2,1,other
EFTA01378769.pdf,data-set-10-files-2,1,other
EFTA01378770.pdf,data-set-10-files-2,1,email
EFTA01378771.pdf,data-set-10-files-2,1,email
EFTA01378772.pdf,data-set-10-files-2,1,other
EFTA01378773.pdf,data-set-10-files-2,1,email
EFTA01378774.pdf,data-set-10-files-2,1,email
EFTA01378775.pdf,data-set-10-files-2,1,email
EFTA01378776.pdf,data-set-10-files-2,1,email
EFTA01378777.pdf,data-set-10-files-2,1,other
EFTA01378778.pdf,data-set-10-files-2,1,email
EFTA01378779.pdf,data-set-10-files-2,1,other
EFTA01378780.pdf,data-set-10-files-2,1,other
EFTA01378781.pdf,data-set-10-files-2,1,other
EFTA01378782.pdf,data-set-10-files-2,1,other
EFTA01378783.pdf,data-set-10-files-2,1,other
EFTA01378784.pdf,data-set-10-files-2,1,other
EFTA01378785.pdf,data-set-10-files-2,1,other
EFTA01378786.pdf,data-set-10-files-2,1,other
EFTA01378787.pdf,data-set-10-files-2,1,other
EFTA01378788.pdf,data-set-10-files-2,1,other
EFTA01378789.pdf,data-set-10-files-2,1,other
EFTA01378790.pdf,data-set-10-files-2,1,other
EFTA01378791.pdf,data-set-10-files-2,1,other
EFTA01378792.pdf,data-set-10-files-2,1,other
EFTA01378793.pdf,data-set-10-files-2,1,email
EFTA01378794.pdf,data-set-10-files-2,1,email
EFTA01378795.pdf,data-set-10-files-2,1,other
EFTA01378796.pdf,data-set-10-files-2,1,other
EFTA01378797.pdf,data-set-10-files-2,1,other
EFTA01378798.pdf,data-set-10-files-2,1,other
EFTA01378799.pdf,data-set-10-files-2,1,other
EFTA01378800.pdf,data-set-10-files-2,1,other
EFTA01378801.pdf,data-set-10-files-2,1,other
EFTA01378802.pdf,data-set-10-files-2,1,other
EFTA01378803.pdf,data-set-10-files-2,1,other
EFTA01378804.pdf,data-set-10-files-2,1,other
EFTA01378805.pdf,data-set-10-files-2,1,other
EFTA01378806.pdf,data-set-10-files-2,1,other
EFTA01378807.pdf,data-set-10-files-2,1,other
EFTA01378808.pdf,data-set-10-files-2,1,other
EFTA01378809.pdf,data-set-10-files-2,1,email
EFTA01378810.pdf,data-set-10-files-2,1,other
EFTA01378811.pdf,data-set-10-files-2,1,email
EFTA01378812.pdf,data-set-10-files-2,1,email
EFTA01378813.pdf,data-set-10-files-2,1,other
EFTA01378814.pdf,data-set-10-files-2,1,email
EFTA01378815.pdf,data-set-10-files-2,1,email
EFTA01378816.pdf,data-set-10-files-2,1,email
EFTA01378817.pdf,data-set-10-files-2,1,other
EFTA01378818.pdf,data-set-10-files-2,1,email
EFTA01378819.pdf,data-set-10-files-2,1,email
EFTA01378820.pdf,data-set-10-files-2,1,email
EFTA01378821.pdf,data-set-10-files-2,1,email
EFTA01378822.pdf,data-set-10-files-2,1,email
EFTA01378823.pdf,data-set-10-files-2,1,email
EFTA01378824.pdf,data-set-10-files-2,1,other
EFTA01378825.pdf,data-set-10-files-2,1,other
EFTA01378826.pdf,data-set-10-files-2,1,other
EFTA01378827.pdf,data-set-10-files-2,1,other
EFTA01378828.pdf,data-set-10-files-2,1,email
EFTA01378829.pdf,data-set-10-files-2,1,other
EFTA01378830.pdf,data-set-10-files-2,1,other
EFTA01378831.pdf,data-set-10-files-2,1,email
EFTA01378832.pdf,data-set-10-files-2,1,other
EFTA01378833.pdf,data-set-10-files-2,1,other
EFTA01378834.pdf,data-set-10-files-2,1,other
EFTA01378835.pdf,data-set-10-files-2,1,other
EFTA01378836.pdf,data-set-10-files-2,1,email
EFTA01378837.pdf,data-set-10-files-2,1,other
EFTA01378838.pdf,data-set-10-files-2,1,other
EFTA01378839.pdf,data-set-10-files-2,1,other
EFTA01378840.pdf,data-set-10-files-2,1,email
EFTA01378841.pdf,data-set-10-files-2,1,other
EFTA01378842.pdf,data-set-10-files-2,1,other
EFTA01378843.pdf,data-set-10-files-2,1,other
EFTA01378844.pdf,data-set-10-files-2,1,other
EFTA01378845.pdf,data-set-10-files-2,1,other
EFTA01378846.pdf,data-set-10-files-2,1,other
EFTA01378847.pdf,data-set-10-files-2,1,other
EFTA01378848.pdf,data-set-10-files-2,1,other
EFTA01378849.pdf,data-set-10-files-2,1,other
EFTA01378850.pdf,data-set-10-files-2,1,other
EFTA01378851.pdf,data-set-10-files-2,1,other
EFTA01378852.pdf,data-set-10-files-2,1,other
EFTA01378853.pdf,data-set-10-files-2,1,other
EFTA01378854.pdf,data-set-10-files-2,1,other
EFTA01378855.pdf,data-set-10-files-2,1,other
EFTA01378856.pdf,data-set-10-files-2,1,other
EFTA01378857.pdf,data-set-10-files-2,1,other
EFTA01378858.pdf,data-set-10-files-2,1,other
EFTA01378859.pdf,data-set-10-files-2,1,other
EFTA01378860.pdf,data-set-10-files-2,1,other
EFTA01378861.pdf,data-set-10-files-2,1,other
EFTA01378862.pdf,data-set-10-files-2,1,other
EFTA01378863.pdf,data-set-10-files-2,1,other
EFTA01378864.pdf,data-set-10-files-2,1,email
EFTA01378865.pdf,data-set-10-files-2,1,other
EFTA01378866.pdf,data-set-10-files-2,1,other
EFTA01378867.pdf,data-set-10-files-2,1,email
EFTA01378868.pdf,data-set-10-files-2,1,other
EFTA01378869.pdf,data-set-10-files-2,1,other
EFTA01378870.pdf,data-set-10-files-2,1,email
EFTA01378871.pdf,data-set-10-files-2,1,email
EFTA01378872.pdf,data-set-10-files-2,1,email
EFTA01378873.pdf,data-set-10-files-2,1,other
EFTA01378874.pdf,data-set-10-files-2,1,email
EFTA01378875.pdf,data-set-10-files-2,1,email
EFTA01378876.pdf,data-set-10-files-2,1,other
EFTA01378877.pdf,data-set-10-files-2,1,email
EFTA01378878.pdf,data-set-10-files-2,1,other
EFTA01378879.pdf,data-set-10-files-2,1,other
EFTA01378880.pdf,data-set-10-files-2,1,email
EFTA01378881.pdf,data-set-10-files-2,1,other
EFTA01378882.pdf,data-set-10-files-2,1,other
EFTA01378883.pdf,data-set-10-files-2,1,email
EFTA01378884.pdf,data-set-10-files-2,1,email
EFTA01378885.pdf,data-set-10-files-2,1,other
EFTA01378886.pdf,data-set-10-files-2,1,other
EFTA01378887.pdf,data-set-10-files-2,1,other
EFTA01378888.pdf,data-set-10-files-2,1,other
EFTA01378889.pdf,data-set-10-files-2,1,other
EFTA01378890.pdf,data-set-10-files-2,1,other
EFTA01378891.pdf,data-set-10-files-2,1,other
EFTA01378892.pdf,data-set-10-files-2,1,other
EFTA01378893.pdf,data-set-10-files-2,1,other
EFTA01378894.pdf,data-set-10-files-2,1,other
EFTA01378895.pdf,data-set-10-files-2,1,other
EFTA01378896.pdf,data-set-10-files-2,1,other
EFTA01378897.pdf,data-set-10-files-2,1,other
EFTA01378898.pdf,data-set-10-files-2,1,other
EFTA01378899.pdf,data-set-10-files-2,1,other
EFTA01378900.pdf,data-set-10-files-2,1,other
EFTA01378901.pdf,data-set-10-files-2,1,other
EFTA01378902.pdf,data-set-10-files-2,1,other
EFTA01378903.pdf,data-set-10-files-2,1,other
EFTA01378904.pdf,data-set-10-files-2,1,other
EFTA01378905.pdf,data-set-10-files-2,1,other
EFTA01378906.pdf,data-set-10-files-2,1,other
EFTA01378907.pdf,data-set-10-files-2,1,other
EFTA01378908.pdf,data-set-10-files-2,1,other
EFTA01378909.pdf,data-set-10-files-2,1,other
EFTA01378910.pdf,data-set-10-files-2,1,other
EFTA01378911.pdf,data-set-10-files-2,1,other
EFTA01378912.pdf,data-set-10-files-2,1,other
EFTA01378913.pdf,data-set-10-files-2,1,other
EFTA01378914.pdf,data-set-10-files-2,1,other
EFTA01378915.pdf,data-set-10-files-2,1,other
EFTA01378916.pdf,data-set-10-files-2,1,other
EFTA01378917.pdf,data-set-10-files-2,1,other
EFTA01378918.pdf,data-set-10-files-2,1,other
EFTA01378919.pdf,data-set-10-files-2,1,email
EFTA01378920.pdf,data-set-10-files-2,1,email
EFTA01378921.pdf,data-set-10-files-2,1,email
EFTA01378922.pdf,data-set-10-files-2,1,other
EFTA01378923.pdf,data-set-10-files-2,1,email
EFTA01378924.pdf,data-set-10-files-2,1,email
EFTA01378925.pdf,data-set-10-files-2,1,other
EFTA01378926.pdf,data-set-10-files-2,1,other
EFTA01378927.pdf,data-set-10-files-2,1,other
EFTA01378928.pdf,data-set-10-files-2,1,email
EFTA01378929.pdf,data-set-10-files-2,1,other
EFTA01378930.pdf,data-set-10-files-2,1,other
EFTA01378931.pdf,data-set-10-files-2,1,other
EFTA01378932.pdf,data-set-10-files-2,1,other
EFTA01378933.pdf,data-set-10-files-2,1,other
EFTA01378934.pdf,data-set-10-files-2,1,other
EFTA01378935.pdf,data-set-10-files-2,1,other
EFTA01378936.pdf,data-set-10-files-2,1,other
EFTA01378937.pdf,data-set-10-files-2,1,other
EFTA01378938.pdf,data-set-10-files-2,1,other
EFTA01378939.pdf,data-set-10-files-2,1,other
EFTA01378940.pdf,data-set-10-files-2,1,other
EFTA01378941.pdf,data-set-10-files-2,1,other
EFTA01378942.pdf,data-set-10-files-2,1,other
EFTA01378943.pdf,data-set-10-files-2,1,other
EFTA01378944.pdf,data-set-10-files-2,1,other
EFTA01378945.pdf,data-set-10-files-2,1,other
EFTA01378946.pdf,data-set-10-files-2,1,other
EFTA01378947.pdf,data-set-10-files-2,1,other
EFTA01378948.pdf,data-set-10-files-2,1,other
EFTA01378949.pdf,data-set-10-files-2,1,other
EFTA01378950.pdf,data-set-10-files-2,1,other
EFTA01378951.pdf,data-set-10-files-2,1,other
EFTA01378952.pdf,data-set-10-files-2,1,other
EFTA01378953.pdf,data-set-10-files-2,1,other
EFTA01378954.pdf,data-set-10-files-2,1,other
EFTA01378955.pdf,data-set-10-files-2,1,other
EFTA01378956.pdf,data-set-10-files-2,1,other
EFTA01378957.pdf,data-set-10-files-2,1,other
EFTA01378958.pdf,data-set-10-files-2,1,other
EFTA01378959.pdf,data-set-10-files-2,1,other
EFTA01378960.pdf,data-set-10-files-2,1,other
EFTA01378961.pdf,data-set-10-files-2,1,other
EFTA01378962.pdf,data-set-10-files-2,1,other
EFTA01378963.pdf,data-set-10-files-2,1,other
EFTA01378964.pdf,data-set-10-files-2,1,other
EFTA01378965.pdf,data-set-10-files-2,1,other
EFTA01378966.pdf,data-set-10-files-2,1,other
EFTA01378967.pdf,data-set-10-files-2,1,other
EFTA01378968.pdf,data-set-10-files-2,1,other
EFTA01378969.pdf,data-set-10-files-2,1,email
EFTA01378970.pdf,data-set-10-files-2,1,other
EFTA01378971.pdf,data-set-10-files-2,1,other
EFTA01378972.pdf,data-set-10-files-2,1,other
EFTA01378973.pdf,data-set-10-files-2,1,other
EFTA01378974.pdf,data-set-10-files-2,1,other
EFTA01378975.pdf,data-set-10-files-2,1,other
EFTA01378976.pdf,data-set-10-files-2,1,other
EFTA01378977.pdf,data-set-10-files-2,1,other
EFTA01378978.pdf,data-set-10-files-2,1,other
EFTA01378979.pdf,data-set-10-files-2,1,other
EFTA01378980.pdf,data-set-10-files-2,1,other
EFTA01378981.pdf,data-set-10-files-2,1,other
EFTA01378982.pdf,data-set-10-files-2,1,other
EFTA01378983.pdf,data-set-10-files-2,1,other
EFTA01378984.pdf,data-set-10-files-2,1,other
EFTA01378985.pdf,data-set-10-files-2,1,other
EFTA01378986.pdf,data-set-10-files-2,1,other
EFTA01378987.pdf,data-set-10-files-2,1,other
EFTA01378988.pdf,data-set-10-files-2,1,other
EFTA01378989.pdf,data-set-10-files-2,1,other
EFTA01378990.pdf,data-set-10-files-2,1,other
EFTA01378991.pdf,data-set-10-files-2,1,email
EFTA01378992.pdf,data-set-10-files-2,1,email
EFTA01378993.pdf,data-set-10-files-2,1,other
EFTA01378994.pdf,data-set-10-files-2,1,email
EFTA01378995.pdf,data-set-10-files-2,1,email
EFTA01378996.pdf,data-set-10-files-2,1,email
EFTA01378997.pdf,data-set-10-files-2,1,email
EFTA01378998.pdf,data-set-10-files-2,1,other
EFTA01378999.pdf,data-set-10-files-2,1,email
EFTA01379000.pdf,data-set-10-files-2,1,other
EFTA01379001.pdf,data-set-10-files-2,1,email
EFTA01379002.pdf,data-set-10-files-2,1,other
EFTA01379003.pdf,data-set-10-files-2,1,email
EFTA01379004.pdf,data-set-10-files-2,1,other
EFTA01379005.pdf,data-set-10-files-2,1,other
EFTA01379006.pdf,data-set-10-files-2,1,email
EFTA01379007.pdf,data-set-10-files-2,1,other
EFTA01379008.pdf,data-set-10-files-2,1,other
EFTA01379009.pdf,data-set-10-files-2,1,email
EFTA01379010.pdf,data-set-10-files-2,1,email
EFTA01379011.pdf,data-set-10-files-2,1,other
EFTA01379012.pdf,data-set-10-files-2,1,email
EFTA01379013.pdf,data-set-10-files-2,1,other
EFTA01379014.pdf,data-set-10-files-2,1,other
EFTA01379015.pdf,data-set-10-files-2,1,other
EFTA01379016.pdf,data-set-10-files-2,1,other
EFTA01379017.pdf,data-set-10-files-2,1,email
EFTA01379018.pdf,data-set-10-files-2,1,other
EFTA01379019.pdf,data-set-10-files-2,1,other
EFTA01379020.pdf,data-set-10-files-2,1,other
EFTA01379021.pdf,data-set-10-files-2,1,email
EFTA01379022.pdf,data-set-10-files-2,1,other
EFTA01379023.pdf,data-set-10-files-2,1,email
EFTA01379024.pdf,data-set-10-files-2,1,email
EFTA01379025.pdf,data-set-10-files-2,1,email
EFTA01379026.pdf,data-set-10-files-2,1,other
EFTA01379027.pdf,data-set-10-files-2,1,other
EFTA01379028.pdf,data-set-10-files-2,1,email
EFTA01379029.pdf,data-set-10-files-2,1,other
EFTA01379030.pdf,data-set-10-files-2,1,other
EFTA01379031.pdf,data-set-10-files-2,1,other
EFTA01379032.pdf,data-set-10-files-2,1,other
EFTA01379033.pdf,data-set-10-files-2,1,other
EFTA01379034.pdf,data-set-10-files-2,1,other
EFTA01379035.pdf,data-set-10-files-2,1,email
EFTA01379036.pdf,data-set-10-files-2,1,other
EFTA01379037.pdf,data-set-10-files-2,1,email
EFTA01379038.pdf,data-set-10-files-2,1,other
EFTA01379039.pdf,data-set-10-files-2,1,email
EFTA01379040.pdf,data-set-10-files-2,1,other
EFTA01379041.pdf,data-set-10-files-2,1,other
EFTA01379042.pdf,data-set-10-files-2,1,other
EFTA01379043.pdf,data-set-10-files-2,1,other
EFTA01379044.pdf,data-set-10-files-2,1,other
EFTA01379045.pdf,data-set-10-files-2,1,email
EFTA01379046.pdf,data-set-10-files-2,1,email
EFTA01379047.pdf,data-set-10-files-2,1,email
EFTA01379048.pdf,data-set-10-files-2,1,other
EFTA01379049.pdf,data-set-10-files-2,1,email
EFTA01379050.pdf,data-set-10-files-2,1,email
EFTA01379051.pdf,data-set-10-files-2,1,other
EFTA01379052.pdf,data-set-10-files-2,1,other
EFTA01379053.pdf,data-set-10-files-2,1,other
EFTA01379054.pdf,data-set-10-files-2,1,other
EFTA01379055.pdf,data-set-10-files-2,1,other
EFTA01379056.pdf,data-set-10-files-2,1,other
EFTA01379057.pdf,data-set-10-files-2,1,other
EFTA01379058.pdf,data-set-10-files-2,1,other
EFTA01379059.pdf,data-set-10-files-2,1,email
EFTA01379060.pdf,data-set-10-files-2,1,other
EFTA01379061.pdf,data-set-10-files-2,1,other
EFTA01379062.pdf,data-set-10-files-2,1,email
EFTA01379063.pdf,data-set-10-files-2,1,other
EFTA01379064.pdf,data-set-10-files-2,1,other
EFTA01379065.pdf,data-set-10-files-2,1,other
EFTA01379066.pdf,data-set-10-files-2,1,other
EFTA01379067.pdf,data-set-10-files-2,1,other
EFTA01379068.pdf,data-set-10-files-2,1,other
EFTA01379069.pdf,data-set-10-files-2,1,email
EFTA01379070.pdf,data-set-10-files-2,1,other
EFTA01379071.pdf,data-set-10-files-2,1,other
EFTA01379072.pdf,data-set-10-files-2,1,other
EFTA01379073.pdf,data-set-10-files-2,1,other
EFTA01379074.pdf,data-set-10-files-2,1,email
EFTA01379075.pdf,data-set-10-files-2,1,other
EFTA01379076.pdf,data-set-10-files-2,1,email
EFTA01379077.pdf,data-set-10-files-2,1,other
EFTA01379078.pdf,data-set-10-files-2,1,email
EFTA01379079.pdf,data-set-10-files-2,1,email
EFTA01379080.pdf,data-set-10-files-2,1,other
EFTA01379081.pdf,data-set-10-files-2,1,email
EFTA01379082.pdf,data-set-10-files-2,1,other
EFTA01379083.pdf,data-set-10-files-2,1,other
EFTA01379084.pdf,data-set-10-files-2,1,email
EFTA01379085.pdf,data-set-10-files-2,1,other
EFTA01379086.pdf,data-set-10-files-2,1,email
EFTA01379087.pdf,data-set-10-files-2,1,email
EFTA01379088.pdf,data-set-10-files-2,1,email
EFTA01379089.pdf,data-set-10-files-2,1,other
EFTA01379090.pdf,data-set-10-files-2,1,email
EFTA01379091.pdf,data-set-10-files-2,1,other
EFTA01379092.pdf,data-set-10-files-2,1,other
EFTA01379093.pdf,data-set-10-files-2,1,email
EFTA01379094.pdf,data-set-10-files-2,1,other
EFTA01379095.pdf,data-set-10-files-2,1,other
EFTA01379096.pdf,data-set-10-files-2,1,email
EFTA01379097.pdf,data-set-10-files-2,1,other
EFTA01379098.pdf,data-set-10-files-2,1,other
EFTA01379099.pdf,data-set-10-files-2,1,email
EFTA01379100.pdf,data-set-10-files-2,1,email
EFTA01379101.pdf,data-set-10-files-2,1,email
EFTA01379102.pdf,data-set-10-files-2,1,email
EFTA01379103.pdf,data-set-10-files-2,1,other
EFTA01379104.pdf,data-set-10-files-2,1,email
EFTA01379105.pdf,data-set-10-files-2,1,other
EFTA01379106.pdf,data-set-10-files-2,1,other
EFTA01379107.pdf,data-set-10-files-2,1,email
EFTA01379108.pdf,data-set-10-files-2,1,email
EFTA01379109.pdf,data-set-10-files-2,1,email
EFTA01379110.pdf,data-set-10-files-2,1,other
EFTA01379111.pdf,data-set-10-files-2,1,other
EFTA01379112.pdf,data-set-10-files-2,1,email
EFTA01379113.pdf,data-set-10-files-2,1,other
EFTA01379114.pdf,data-set-10-files-2,1,other
EFTA01379115.pdf,data-set-10-files-2,1,email
EFTA01379116.pdf,data-set-10-files-2,1,other
EFTA01379117.pdf,data-set-10-files-2,1,other
EFTA01379118.pdf,data-set-10-files-2,1,email
EFTA01379119.pdf,data-set-10-files-2,1,other
EFTA01379120.pdf,data-set-10-files-2,1,email
EFTA01379121.pdf,data-set-10-files-2,1,email
EFTA01379122.pdf,data-set-10-files-2,1,email
EFTA01379123.pdf,data-set-10-files-2,1,email
EFTA01379124.pdf,data-set-10-files-2,1,email
EFTA01379125.pdf,data-set-10-files-2,1,email
EFTA01379126.pdf,data-set-10-files-2,1,email
EFTA01379127.pdf,data-set-10-files-2,1,email
EFTA01379128.pdf,data-set-10-files-2,1,email
EFTA01379129.pdf,data-set-10-files-2,1,email
EFTA01379130.pdf,data-set-10-files-2,1,email
EFTA01379131.pdf,data-set-10-files-2,1,other
EFTA01379132.pdf,data-set-10-files-2,1,other
EFTA01379133.pdf,data-set-10-files-2,1,email
EFTA01379134.pdf,data-set-10-files-2,1,email
EFTA01379135.pdf,data-set-10-files-2,1,email
EFTA01379136.pdf,data-set-10-files-2,1,other
EFTA01379137.pdf,data-set-10-files-2,1,email
EFTA01379138.pdf,data-set-10-files-2,1,other
EFTA01379139.pdf,data-set-10-files-2,1,other
EFTA01379140.pdf,data-set-10-files-2,1,email
EFTA01379141.pdf,data-set-10-files-2,1,other
EFTA01379142.pdf,data-set-10-files-2,1,other
EFTA01379143.pdf,data-set-10-files-2,1,other
EFTA01379144.pdf,data-set-10-files-2,1,email
EFTA01379145.pdf,data-set-10-files-2,1,other
EFTA01379146.pdf,data-set-10-files-2,1,other
EFTA01379147.pdf,data-set-10-files-2,1,email
EFTA01379148.pdf,data-set-10-files-2,1,other
EFTA01379149.pdf,data-set-10-files-2,1,email
EFTA01379150.pdf,data-set-10-files-2,1,other
EFTA01379151.pdf,data-set-10-files-2,1,other
EFTA01379152.pdf,data-set-10-files-2,1,other
EFTA01379153.pdf,data-set-10-files-2,1,other
EFTA01379154.pdf,data-set-10-files-2,1,other
EFTA01379155.pdf,data-set-10-files-2,1,other
EFTA01379156.pdf,data-set-10-files-2,1,other
EFTA01379157.pdf,data-set-10-files-2,1,other
EFTA01379158.pdf,data-set-10-files-2,1,other
EFTA01379159.pdf,data-set-10-files-2,1,other
EFTA01379160.pdf,data-set-10-files-2,1,other
EFTA01379161.pdf,data-set-10-files-2,1,other
EFTA01379162.pdf,data-set-10-files-2,1,other
EFTA01379163.pdf,data-set-10-files-2,1,other
EFTA01379164.pdf,data-set-10-files-2,1,other
EFTA01379165.pdf,data-set-10-files-2,1,other
EFTA01379166.pdf,data-set-10-files-2,1,email
EFTA01379167.pdf,data-set-10-files-2,1,email
EFTA01379168.pdf,data-set-10-files-2,1,email
EFTA01379169.pdf,data-set-10-files-2,1,other
EFTA01379170.pdf,data-set-10-files-2,1,other
EFTA01379171.pdf,data-set-10-files-2,1,other
EFTA01379172.pdf,data-set-10-files-2,1,other
EFTA01379173.pdf,data-set-10-files-2,1,other
EFTA01379174.pdf,data-set-10-files-2,1,other
EFTA01379175.pdf,data-set-10-files-2,1,other
EFTA01379176.pdf,data-set-10-files-2,1,other
EFTA01379177.pdf,data-set-10-files-2,1,other
EFTA01379178.pdf,data-set-10-files-2,1,other
EFTA01379179.pdf,data-set-10-files-2,1,other
EFTA01379180.pdf,data-set-10-files-2,1,other
EFTA01379181.pdf,data-set-10-files-2,1,other
EFTA01379182.pdf,data-set-10-files-2,1,other
EFTA01379183.pdf,data-set-10-files-2,1,other
EFTA01379184.pdf,data-set-10-files-2,1,other
EFTA01379185.pdf,data-set-10-files-2,1,other
EFTA01379186.pdf,data-set-10-files-2,1,other
EFTA01379187.pdf,data-set-10-files-2,1,other
EFTA01379188.pdf,data-set-10-files-2,1,other
EFTA01379189.pdf,data-set-10-files-2,1,other
EFTA01379190.pdf,data-set-10-files-2,1,other
EFTA01379191.pdf,data-set-10-files-2,1,other
EFTA01379192.pdf,data-set-10-files-2,1,other
EFTA01379193.pdf,data-set-10-files-2,1,other
EFTA01379194.pdf,data-set-10-files-2,1,other
EFTA01379195.pdf,data-set-10-files-2,1,other
EFTA01379196.pdf,data-set-10-files-2,1,other
EFTA01379197.pdf,data-set-10-files-2,1,other
EFTA01379198.pdf,data-set-10-files-2,1,other
EFTA01379199.pdf,data-set-10-files-2,1,other
EFTA01379200.pdf,data-set-10-files-2,1,other
EFTA01379201.pdf,data-set-10-files-2,1,other
EFTA01379202.pdf,data-set-10-files-2,1,other
EFTA01379203.pdf,data-set-10-files-2,1,other
EFTA01379204.pdf,data-set-10-files-2,1,other
EFTA01379205.pdf,data-set-10-files-2,1,other
EFTA01379206.pdf,data-set-10-files-2,1,other
EFTA01379207.pdf,data-set-10-files-2,1,other
EFTA01379208.pdf,data-set-10-files-2,1,other
EFTA01379209.pdf,data-set-10-files-2,1,other
EFTA01379210.pdf,data-set-10-files-2,1,other
EFTA01379211.pdf,data-set-10-files-2,1,other
EFTA01379212.pdf,data-set-10-files-2,1,other
EFTA01379213.pdf,data-set-10-files-2,1,other
EFTA01379214.pdf,data-set-10-files-2,1,other
EFTA01379215.pdf,data-set-10-files-2,1,other
EFTA01379216.pdf,data-set-10-files-2,1,other
EFTA01379217.pdf,data-set-10-files-2,1,other
EFTA01379218.pdf,data-set-10-files-2,1,other
EFTA01379219.pdf,data-set-10-files-2,1,email
EFTA01379220.pdf,data-set-10-files-2,1,other
EFTA01379221.pdf,data-set-10-files-2,1,other
EFTA01379222.pdf,data-set-10-files-2,1,other
EFTA01379223.pdf,data-set-10-files-2,1,other
EFTA01379224.pdf,data-set-10-files-2,1,other
EFTA01379225.pdf,data-set-10-files-2,1,other
EFTA01379226.pdf,data-set-10-files-2,1,other
EFTA01379227.pdf,data-set-10-files-2,1,other
EFTA01379228.pdf,data-set-10-files-2,1,other
EFTA01379229.pdf,data-set-10-files-2,1,other
EFTA01379230.pdf,data-set-10-files-2,1,other
EFTA01379231.pdf,data-set-10-files-2,1,other
EFTA01379232.pdf,data-set-10-files-2,1,other
EFTA01379233.pdf,data-set-10-files-2,1,email
EFTA01379234.pdf,data-set-10-files-2,1,email
EFTA01379235.pdf,data-set-10-files-2,1,email
EFTA01379236.pdf,data-set-10-files-2,1,email
EFTA01379237.pdf,data-set-10-files-2,1,email
EFTA01379238.pdf,data-set-10-files-2,1,email
EFTA01379239.pdf,data-set-10-files-2,1,other
EFTA01379240.pdf,data-set-10-files-2,1,email
EFTA01379241.pdf,data-set-10-files-2,1,email
EFTA01379242.pdf,data-set-10-files-2,1,other
EFTA01379243.pdf,data-set-10-files-2,1,email
EFTA01379244.pdf,data-set-10-files-2,1,email
EFTA01379245.pdf,data-set-10-files-2,1,email
EFTA01379246.pdf,data-set-10-files-2,1,email
EFTA01379247.pdf,data-set-10-files-2,1,email
EFTA01379248.pdf,data-set-10-files-2,1,email
EFTA01379249.pdf,data-set-10-files-2,1,other
EFTA01379250.pdf,data-set-10-files-2,1,email
EFTA01379251.pdf,data-set-10-files-2,1,other
EFTA01379252.pdf,data-set-10-files-2,1,other
EFTA01379253.pdf,data-set-10-files-2,1,email
EFTA01379254.pdf,data-set-10-files-2,1,email
EFTA01379255.pdf,data-set-10-files-2,1,other
EFTA01379256.pdf,data-set-10-files-2,1,email
EFTA01379257.pdf,data-set-10-files-2,1,email
EFTA01379258.pdf,data-set-10-files-2,1,other
EFTA01379259.pdf,data-set-10-files-2,1,email
EFTA01379260.pdf,data-set-10-files-2,1,other
EFTA01379261.pdf,data-set-10-files-2,1,other
EFTA01379262.pdf,data-set-10-files-2,1,email
EFTA01379263.pdf,data-set-10-files-2,1,email
EFTA01379264.pdf,data-set-10-files-2,1,other
EFTA01379265.pdf,data-set-10-files-2,1,email
EFTA01379266.pdf,data-set-10-files-2,1,other
EFTA01379267.pdf,data-set-10-files-2,1,other
EFTA01379268.pdf,data-set-10-files-2,1,email
EFTA01379269.pdf,data-set-10-files-2,1,email
EFTA01379270.pdf,data-set-10-files-2,1,email
EFTA01379271.pdf,data-set-10-files-2,1,other
EFTA01379272.pdf,data-set-10-files-2,1,email
EFTA01379273.pdf,data-set-10-files-2,1,email
EFTA01379274.pdf,data-set-10-files-2,1,email
EFTA01379275.pdf,data-set-10-files-2,1,other
EFTA01379276.pdf,data-set-10-files-2,1,email
EFTA01379277.pdf,data-set-10-files-2,1,email
EFTA01379278.pdf,data-set-10-files-2,1,other
EFTA01379279.pdf,data-set-10-files-2,1,email
EFTA01379280.pdf,data-set-10-files-2,1,other
EFTA01379281.pdf,data-set-10-files-2,1,other
EFTA01379282.pdf,data-set-10-files-2,1,email
EFTA01379283.pdf,data-set-10-files-2,1,other
EFTA01379284.pdf,data-set-10-files-2,1,email
EFTA01379285.pdf,data-set-10-files-2,1,email
EFTA01379286.pdf,data-set-10-files-2,1,other
EFTA01379287.pdf,data-set-10-files-2,1,email
EFTA01379288.pdf,data-set-10-files-2,1,other
EFTA01379289.pdf,data-set-10-files-2,1,email
EFTA01379290.pdf,data-set-10-files-2,1,email
EFTA01379291.pdf,data-set-10-files-2,1,other
EFTA01379292.pdf,data-set-10-files-2,1,email
EFTA01379293.pdf,data-set-10-files-2,1,other
EFTA01379294.pdf,data-set-10-files-2,1,email
EFTA01379295.pdf,data-set-10-files-2,1,other
EFTA01379296.pdf,data-set-10-files-2,1,email
EFTA01379297.pdf,data-set-10-files-2,1,other
EFTA01379298.pdf,data-set-10-files-2,1,other
EFTA01379299.pdf,data-set-10-files-2,1,email
EFTA01379300.pdf,data-set-10-files-2,1,email
EFTA01379301.pdf,data-set-10-files-2,1,other
EFTA01379302.pdf,data-set-10-files-2,1,email
EFTA01379303.pdf,data-set-10-files-2,1,email
EFTA01379304.pdf,data-set-10-files-2,1,email
EFTA01379305.pdf,data-set-10-files-2,1,email
EFTA01379306.pdf,data-set-10-files-2,1,email
EFTA01379307.pdf,data-set-10-files-2,1,email
EFTA01379308.pdf,data-set-10-files-2,1,other
EFTA01379309.pdf,data-set-10-files-2,1,other
EFTA01379310.pdf,data-set-10-files-2,1,other
EFTA01379311.pdf,data-set-10-files-2,1,email
EFTA01379312.pdf,data-set-10-files-2,1,email
EFTA01379313.pdf,data-set-10-files-2,1,email
EFTA01379314.pdf,data-set-10-files-2,1,email
EFTA01379315.pdf,data-set-10-files-2,1,email
EFTA01379316.pdf,data-set-10-files-2,1,email
EFTA01379317.pdf,data-set-10-files-2,1,email
EFTA01379318.pdf,data-set-10-files-2,1,other
EFTA01379319.pdf,data-set-10-files-2,1,email
EFTA01379320.pdf,data-set-10-files-2,1,other
EFTA01379321.pdf,data-set-10-files-2,1,email
EFTA01379322.pdf,data-set-10-files-2,1,email
EFTA01379323.pdf,data-set-10-files-2,1,other
EFTA01379324.pdf,data-set-10-files-2,1,email
EFTA01379325.pdf,data-set-10-files-2,1,other
EFTA01379326.pdf,data-set-10-files-2,1,email
EFTA01379327.pdf,data-set-10-files-2,1,email
EFTA01379328.pdf,data-set-10-files-2,1,email
EFTA01379329.pdf,data-set-10-files-2,1,email
EFTA01379330.pdf,data-set-10-files-2,1,other
EFTA01379331.pdf,data-set-10-files-2,1,other
EFTA01379332.pdf,data-set-10-files-2,1,email
EFTA01379333.pdf,data-set-10-files-2,1,other
EFTA01379334.pdf,data-set-10-files-2,1,other
EFTA01379335.pdf,data-set-10-files-2,1,email
EFTA01379336.pdf,data-set-10-files-2,1,other
EFTA01379337.pdf,data-set-10-files-2,1,other
EFTA01379338.pdf,data-set-10-files-2,1,other
EFTA01379339.pdf,data-set-10-files-2,1,other
EFTA01379340.pdf,data-set-10-files-2,1,other
EFTA01379341.pdf,data-set-10-files-2,1,other
EFTA01379342.pdf,data-set-10-files-2,1,email
EFTA01379343.pdf,data-set-10-files-2,1,other
EFTA01379344.pdf,data-set-10-files-2,1,other
EFTA01379345.pdf,data-set-10-files-2,1,email
EFTA01379346.pdf,data-set-10-files-2,1,email
EFTA01379347.pdf,data-set-10-files-2,1,email
EFTA01379348.pdf,data-set-10-files-2,1,other
EFTA01379349.pdf,data-set-10-files-2,1,email
EFTA01379350.pdf,data-set-10-files-2,1,other
EFTA01379351.pdf,data-set-10-files-2,1,other
EFTA01379352.pdf,data-set-10-files-2,1,other
EFTA01379353.pdf,data-set-10-files-2,1,other
EFTA01379354.pdf,data-set-10-files-2,1,other
EFTA01379355.pdf,data-set-10-files-2,1,other
EFTA01379356.pdf,data-set-10-files-2,1,other
EFTA01379357.pdf,data-set-10-files-2,1,other
EFTA01379358.pdf,data-set-10-files-2,1,other
EFTA01379359.pdf,data-set-10-files-2,1,other
EFTA01379360.pdf,data-set-10-files-2,1,other
EFTA01379361.pdf,data-set-10-files-2,1,other
EFTA01379362.pdf,data-set-10-files-2,1,other
EFTA01379363.pdf,data-set-10-files-2,1,other
EFTA01379364.pdf,data-set-10-files-2,1,other
EFTA01379365.pdf,data-set-10-files-2,1,other
EFTA01379366.pdf,data-set-10-files-2,1,other
EFTA01379367.pdf,data-set-10-files-2,1,other
EFTA01379368.pdf,data-set-10-files-2,1,other
EFTA01379369.pdf,data-set-10-files-2,1,other
EFTA01379370.pdf,data-set-10-files-2,1,other
EFTA01379371.pdf,data-set-10-files-2,1,other
EFTA01379372.pdf,data-set-10-files-2,1,other
EFTA01379373.pdf,data-set-10-files-2,1,other
EFTA01379374.pdf,data-set-10-files-2,1,other
EFTA01379375.pdf,data-set-10-files-2,1,email
EFTA01379376.pdf,data-set-10-files-2,1,other
EFTA01379377.pdf,data-set-10-files-2,1,email
EFTA01379378.pdf,data-set-10-files-2,1,other
EFTA01379379.pdf,data-set-10-files-2,1,email
EFTA01379380.pdf,data-set-10-files-2,1,other
EFTA01379381.pdf,data-set-10-files-2,1,other
EFTA01379382.pdf,data-set-10-files-2,1,other
EFTA01379383.pdf,data-set-10-files-2,1,other
EFTA01379384.pdf,data-set-10-files-2,1,other
EFTA01379385.pdf,data-set-10-files-2,1,other
EFTA01379386.pdf,data-set-10-files-2,1,other
EFTA01379387.pdf,data-set-10-files-2,1,other
EFTA01379388.pdf,data-set-10-files-2,1,other
EFTA01379389.pdf,data-set-10-files-2,1,other
EFTA01379390.pdf,data-set-10-files-2,1,other
EFTA01379391.pdf,data-set-10-files-2,1,other
EFTA01379392.pdf,data-set-10-files-2,1,other
EFTA01379393.pdf,data-set-10-files-2,1,other
EFTA01379394.pdf,data-set-10-files-2,1,other
EFTA01379395.pdf,data-set-10-files-2,1,other
EFTA01379396.pdf,data-set-10-files-2,1,other
EFTA01379397.pdf,data-set-10-files-2,1,other
EFTA01379398.pdf,data-set-10-files-2,1,other
EFTA01379399.pdf,data-set-10-files-2,1,other
EFTA01379400.pdf,data-set-10-files-2,1,other
EFTA01379401.pdf,data-set-10-files-2,1,other
EFTA01379402.pdf,data-set-10-files-2,1,other
EFTA01379403.pdf,data-set-10-files-2,1,other
EFTA01379404.pdf,data-set-10-files-2,1,other
EFTA01379405.pdf,data-set-10-files-2,1,other
EFTA01379406.pdf,data-set-10-files-2,1,other
EFTA01379407.pdf,data-set-10-files-2,1,other
EFTA01379408.pdf,data-set-10-files-2,1,other
EFTA01379409.pdf,data-set-10-files-2,1,other
EFTA01379410.pdf,data-set-10-files-2,1,other
EFTA01379411.pdf,data-set-10-files-2,1,other
EFTA01379412.pdf,data-set-10-files-2,1,other
EFTA01379413.pdf,data-set-10-files-2,1,other
EFTA01379414.pdf,data-set-10-files-2,1,other
EFTA01379415.pdf,data-set-10-files-2,1,other
EFTA01379416.pdf,data-set-10-files-2,1,other
EFTA01379417.pdf,data-set-10-files-2,1,other
EFTA01379418.pdf,data-set-10-files-2,1,other
EFTA01379419.pdf,data-set-10-files-2,1,other
EFTA01379420.pdf,data-set-10-files-2,1,other
EFTA01379421.pdf,data-set-10-files-2,1,other
EFTA01379422.pdf,data-set-10-files-2,1,other
EFTA01379423.pdf,data-set-10-files-2,1,other
EFTA01379424.pdf,data-set-10-files-2,1,other
EFTA01379425.pdf,data-set-10-files-2,1,other
EFTA01379426.pdf,data-set-10-files-2,1,other
EFTA01379427.pdf,data-set-10-files-2,1,other
EFTA01379428.pdf,data-set-10-files-2,1,other
EFTA01379429.pdf,data-set-10-files-2,1,other
EFTA01379430.pdf,data-set-10-files-2,1,other
EFTA01379431.pdf,data-set-10-files-2,1,other
EFTA01379432.pdf,data-set-10-files-2,1,other
EFTA01379433.pdf,data-set-10-files-2,1,other
EFTA01379434.pdf,data-set-10-files-2,1,other
EFTA01379435.pdf,data-set-10-files-2,1,other
EFTA01379436.pdf,data-set-10-files-2,1,other
EFTA01379437.pdf,data-set-10-files-2,1,other
EFTA01379438.pdf,data-set-10-files-2,1,other
EFTA01379439.pdf,data-set-10-files-2,1,email
EFTA01379440.pdf,data-set-10-files-2,1,other
EFTA01379441.pdf,data-set-10-files-2,1,other
EFTA01379442.pdf,data-set-10-files-2,1,other
EFTA01379443.pdf,data-set-10-files-2,1,other
EFTA01379444.pdf,data-set-10-files-2,1,other
EFTA01379445.pdf,data-set-10-files-2,1,other
EFTA01379446.pdf,data-set-10-files-2,1,other
EFTA01379447.pdf,data-set-10-files-2,1,other
EFTA01379448.pdf,data-set-10-files-2,1,other
EFTA01379449.pdf,data-set-10-files-2,1,other
EFTA01379450.pdf,data-set-10-files-2,1,other
EFTA01379451.pdf,data-set-10-files-2,1,other
EFTA01379452.pdf,data-set-10-files-2,1,other
EFTA01379453.pdf,data-set-10-files-2,1,other
EFTA01379454.pdf,data-set-10-files-2,1,email
EFTA01379455.pdf,data-set-10-files-2,1,email
EFTA01379456.pdf,data-set-10-files-2,1,email
EFTA01379457.pdf,data-set-10-files-2,1,email
EFTA01379458.pdf,data-set-10-files-2,1,email
EFTA01379459.pdf,data-set-10-files-2,1,email
EFTA01379460.pdf,data-set-10-files-2,1,other
EFTA01379461.pdf,data-set-10-files-2,1,email
EFTA01379462.pdf,data-set-10-files-2,1,email
EFTA01379463.pdf,data-set-10-files-2,1,email
EFTA01379464.pdf,data-set-10-files-2,1,other
EFTA01379465.pdf,data-set-10-files-2,1,email
EFTA01379466.pdf,data-set-10-files-2,1,email
EFTA01379467.pdf,data-set-10-files-2,1,email
EFTA01379468.pdf,data-set-10-files-2,1,email
EFTA01379469.pdf,data-set-10-files-2,1,email
EFTA01379470.pdf,data-set-10-files-2,1,email
EFTA01379471.pdf,data-set-10-files-2,1,email
EFTA01379472.pdf,data-set-10-files-2,1,email
EFTA01379473.pdf,data-set-10-files-2,1,other
EFTA01379474.pdf,data-set-10-files-2,1,other
EFTA01379475.pdf,data-set-10-files-2,1,other
EFTA01379476.pdf,data-set-10-files-2,1,other
EFTA01379477.pdf,data-set-10-files-2,1,other
EFTA01379478.pdf,data-set-10-files-2,1,other
EFTA01379479.pdf,data-set-10-files-2,1,other
EFTA01379480.pdf,data-set-10-files-2,1,other
EFTA01379481.pdf,data-set-10-files-2,1,other
EFTA01379482.pdf,data-set-10-files-2,1,other
EFTA01379483.pdf,data-set-10-files-2,1,other
EFTA01379484.pdf,data-set-10-files-2,1,other
EFTA01379485.pdf,data-set-10-files-2,1,other
EFTA01379486.pdf,data-set-10-files-2,1,other
EFTA01379487.pdf,data-set-10-files-2,1,other
EFTA01379488.pdf,data-set-10-files-2,1,email
EFTA01379489.pdf,data-set-10-files-2,1,email
EFTA01379490.pdf,data-set-10-files-2,1,other
EFTA01379491.pdf,data-set-10-files-2,1,email
EFTA01379492.pdf,data-set-10-files-2,1,email
EFTA01379493.pdf,data-set-10-files-2,1,email
EFTA01379494.pdf,data-set-10-files-2,1,email
EFTA01379495.pdf,data-set-10-files-2,1,other
EFTA01379496.pdf,data-set-10-files-2,1,email
EFTA01379497.pdf,data-set-10-files-2,1,email
EFTA01379498.pdf,data-set-10-files-2,1,email
EFTA01379499.pdf,data-set-10-files-2,1,email
EFTA01379500.pdf,data-set-10-files-2,1,email
EFTA01379501.pdf,data-set-10-files-2,1,email
EFTA01379502.pdf,data-set-10-files-2,1,other
EFTA01379503.pdf,data-set-10-files-2,1,other
EFTA01379504.pdf,data-set-10-files-2,1,other
EFTA01379505.pdf,data-set-10-files-2,1,other
EFTA01379506.pdf,data-set-10-files-2,1,other
EFTA01379507.pdf,data-set-10-files-2,1,other
EFTA01379508.pdf,data-set-10-files-2,1,other
EFTA01379509.pdf,data-set-10-files-2,1,other
EFTA01379510.pdf,data-set-10-files-2,1,other
EFTA01379511.pdf,data-set-10-files-2,1,other
EFTA01379512.pdf,data-set-10-files-2,1,other
EFTA01379513.pdf,data-set-10-files-2,1,other
EFTA01379514.pdf,data-set-10-files-2,1,other
EFTA01379515.pdf,data-set-10-files-2,1,other
EFTA01379516.pdf,data-set-10-files-2,1,other
EFTA01379517.pdf,data-set-10-files-2,1,other
EFTA01379518.pdf,data-set-10-files-2,1,other
EFTA01379519.pdf,data-set-10-files-2,1,other
EFTA01379520.pdf,data-set-10-files-2,1,other
EFTA01379521.pdf,data-set-10-files-2,1,other
EFTA01379522.pdf,data-set-10-files-2,1,other
EFTA01379523.pdf,data-set-10-files-2,1,other
EFTA01379524.pdf,data-set-10-files-2,1,other
EFTA01379525.pdf,data-set-10-files-2,1,other
EFTA01379526.pdf,data-set-10-files-2,1,other
EFTA01379527.pdf,data-set-10-files-2,1,other
EFTA01379528.pdf,data-set-10-files-2,1,other
EFTA01379529.pdf,data-set-10-files-2,1,other
EFTA01379530.pdf,data-set-10-files-2,1,other
EFTA01379531.pdf,data-set-10-files-2,1,other
EFTA01379532.pdf,data-set-10-files-2,1,other
EFTA01379533.pdf,data-set-10-files-2,1,other
EFTA01379534.pdf,data-set-10-files-2,1,other
EFTA01379535.pdf,data-set-10-files-2,1,email
EFTA01379536.pdf,data-set-10-files-2,1,email
EFTA01379537.pdf,data-set-10-files-2,1,email
EFTA01379538.pdf,data-set-10-files-2,1,email
EFTA01379539.pdf,data-set-10-files-2,1,other
EFTA01379540.pdf,data-set-10-files-2,1,email
EFTA01379541.pdf,data-set-10-files-2,1,email
EFTA01379542.pdf,data-set-10-files-2,1,email
EFTA01379543.pdf,data-set-10-files-2,1,other
EFTA01379544.pdf,data-set-10-files-2,1,other
EFTA01379545.pdf,data-set-10-files-2,1,other
EFTA01379546.pdf,data-set-10-files-2,1,email
EFTA01379547.pdf,data-set-10-files-2,1,other
EFTA01379548.pdf,data-set-10-files-2,1,email
EFTA01379549.pdf,data-set-10-files-2,1,email
EFTA01379550.pdf,data-set-10-files-2,1,other
EFTA01379551.pdf,data-set-10-files-2,1,email
EFTA01379552.pdf,data-set-10-files-2,1,other
EFTA01379553.pdf,data-set-10-files-2,1,other
EFTA01379554.pdf,data-set-10-files-2,1,other
EFTA01379555.pdf,data-set-10-files-2,1,other
EFTA01379556.pdf,data-set-10-files-2,1,other
EFTA01379557.pdf,data-set-10-files-2,1,other
EFTA01379558.pdf,data-set-10-files-2,1,other
EFTA01379559.pdf,data-set-10-files-2,1,other
EFTA01379560.pdf,data-set-10-files-2,1,other
EFTA01379561.pdf,data-set-10-files-2,1,other
EFTA01379562.pdf,data-set-10-files-2,1,other
EFTA01379563.pdf,data-set-10-files-2,1,other
EFTA01379564.pdf,data-set-10-files-2,1,other
EFTA01379565.pdf,data-set-10-files-2,1,email
EFTA01379566.pdf,data-set-10-files-2,1,email
EFTA01379567.pdf,data-set-10-files-2,1,other
EFTA01379568.pdf,data-set-10-files-2,1,other
EFTA01379569.pdf,data-set-10-files-2,1,email
EFTA01379570.pdf,data-set-10-files-2,1,other
EFTA01379571.pdf,data-set-10-files-2,1,email
EFTA01379572.pdf,data-set-10-files-2,1,other
EFTA01379573.pdf,data-set-10-files-2,1,other
EFTA01379574.pdf,data-set-10-files-2,1,other
EFTA01379575.pdf,data-set-10-files-2,1,other
EFTA01379576.pdf,data-set-10-files-2,1,other
EFTA01379577.pdf,data-set-10-files-2,1,other
EFTA01379578.pdf,data-set-10-files-2,1,other
EFTA01379579.pdf,data-set-10-files-2,1,other
EFTA01379580.pdf,data-set-10-files-2,1,other
EFTA01379581.pdf,data-set-10-files-2,1,other
EFTA01379582.pdf,data-set-10-files-2,1,email
EFTA01379583.pdf,data-set-10-files-2,1,other
EFTA01379584.pdf,data-set-10-files-2,1,email
EFTA01379585.pdf,data-set-10-files-2,1,other
EFTA01379586.pdf,data-set-10-files-2,1,email
EFTA01379587.pdf,data-set-10-files-2,1,other
EFTA01379588.pdf,data-set-10-files-2,1,other
EFTA01379589.pdf,data-set-10-files-2,1,other
EFTA01379590.pdf,data-set-10-files-2,1,other
EFTA01379591.pdf,data-set-10-files-2,1,other
EFTA01379592.pdf,data-set-10-files-2,1,other
EFTA01379593.pdf,data-set-10-files-2,1,other
EFTA01379594.pdf,data-set-10-files-2,1,other
EFTA01379595.pdf,data-set-10-files-2,1,other
EFTA01379596.pdf,data-set-10-files-2,1,other
EFTA01379597.pdf,data-set-10-files-2,1,other
EFTA01379598.pdf,data-set-10-files-2,1,other
EFTA01379599.pdf,data-set-10-files-2,1,other
EFTA01379600.pdf,data-set-10-files-2,1,other
EFTA01379601.pdf,data-set-10-files-2,1,email
EFTA01379602.pdf,data-set-10-files-2,1,email
EFTA01379603.pdf,data-set-10-files-2,1,email
EFTA01379604.pdf,data-set-10-files-2,1,other
EFTA01379605.pdf,data-set-10-files-2,1,email
EFTA01379606.pdf,data-set-10-files-2,1,email
EFTA01379607.pdf,data-set-10-files-2,1,other
EFTA01379608.pdf,data-set-10-files-2,1,other
EFTA01379609.pdf,data-set-10-files-2,1,email
EFTA01379610.pdf,data-set-10-files-2,1,email
EFTA01379611.pdf,data-set-10-files-2,1,other
EFTA01379612.pdf,data-set-10-files-2,1,email
EFTA01379613.pdf,data-set-10-files-2,1,email
EFTA01379614.pdf,data-set-10-files-2,1,email
EFTA01379615.pdf,data-set-10-files-2,1,other
EFTA01379616.pdf,data-set-10-files-2,1,other
EFTA01379617.pdf,data-set-10-files-2,1,other
EFTA01379618.pdf,data-set-10-files-2,1,other
EFTA01379619.pdf,data-set-10-files-2,1,other
EFTA01379620.pdf,data-set-10-files-2,1,other
EFTA01379621.pdf,data-set-10-files-2,1,other
EFTA01379622.pdf,data-set-10-files-2,1,email
EFTA01379623.pdf,data-set-10-files-2,1,other
EFTA01379624.pdf,data-set-10-files-2,1,other
EFTA01379625.pdf,data-set-10-files-2,1,other
EFTA01379626.pdf,data-set-10-files-2,1,email
EFTA01379627.pdf,data-set-10-files-2,1,email
EFTA01379628.pdf,data-set-10-files-2,1,email
EFTA01379629.pdf,data-set-10-files-2,1,other
EFTA01379630.pdf,data-set-10-files-2,1,email
EFTA01379631.pdf,data-set-10-files-2,1,email
EFTA01379632.pdf,data-set-10-files-2,1,email
EFTA01379633.pdf,data-set-10-files-2,1,email
EFTA01379634.pdf,data-set-10-files-2,1,other
EFTA01379635.pdf,data-set-10-files-2,1,email
EFTA01379636.pdf,data-set-10-files-2,1,other
EFTA01379637.pdf,data-set-10-files-2,1,email
EFTA01379638.pdf,data-set-10-files-2,1,other
EFTA01379639.pdf,data-set-10-files-2,1,email
EFTA01379640.pdf,data-set-10-files-2,1,email
EFTA01379641.pdf,data-set-10-files-2,1,other
EFTA01379642.pdf,data-set-10-files-2,1,other
EFTA01379643.pdf,data-set-10-files-2,1,email
EFTA01379644.pdf,data-set-10-files-2,1,email
EFTA01379645.pdf,data-set-10-files-2,1,other
EFTA01379646.pdf,data-set-10-files-2,1,email
EFTA01379647.pdf,data-set-10-files-2,1,other
EFTA01379648.pdf,data-set-10-files-2,1,other
EFTA01379649.pdf,data-set-10-files-2,1,other
EFTA01379650.pdf,data-set-10-files-2,1,email
EFTA01379651.pdf,data-set-10-files-2,1,email
EFTA01379652.pdf,data-set-10-files-2,1,email
EFTA01379653.pdf,data-set-10-files-2,1,email
EFTA01379654.pdf,data-set-10-files-2,1,email
EFTA01379655.pdf,data-set-10-files-2,1,email
EFTA01379656.pdf,data-set-10-files-2,1,email
EFTA01379657.pdf,data-set-10-files-2,1,email
EFTA01379658.pdf,data-set-10-files-2,1,email
EFTA01379659.pdf,data-set-10-files-2,1,other
EFTA01379660.pdf,data-set-10-files-2,1,email
EFTA01379661.pdf,data-set-10-files-2,1,email
EFTA01379662.pdf,data-set-10-files-2,1,email
EFTA01379663.pdf,data-set-10-files-2,1,other
EFTA01379664.pdf,data-set-10-files-2,1,email
EFTA01379665.pdf,data-set-10-files-2,1,other
EFTA01379666.pdf,data-set-10-files-2,1,other
EFTA01379667.pdf,data-set-10-files-2,1,other
EFTA01379668.pdf,data-set-10-files-2,1,other
EFTA01379669.pdf,data-set-10-files-2,1,other
EFTA01379670.pdf,data-set-10-files-2,1,other
EFTA01379671.pdf,data-set-10-files-2,1,other
EFTA01379672.pdf,data-set-10-files-2,1,other
EFTA01379673.pdf,data-set-10-files-2,1,other
EFTA01379674.pdf,data-set-10-files-2,1,other
EFTA01379675.pdf,data-set-10-files-2,1,other
EFTA01379676.pdf,data-set-10-files-2,1,other
EFTA01379677.pdf,data-set-10-files-2,1,other
EFTA01379678.pdf,data-set-10-files-2,1,other
EFTA01379679.pdf,data-set-10-files-2,1,other
EFTA01379680.pdf,data-set-10-files-2,1,other
EFTA01379681.pdf,data-set-10-files-2,1,other
EFTA01379682.pdf,data-set-10-files-2,1,other
EFTA01379683.pdf,data-set-10-files-2,1,other
EFTA01379684.pdf,data-set-10-files-2,1,other
EFTA01379685.pdf,data-set-10-files-2,1,other
EFTA01379686.pdf,data-set-10-files-2,1,other
EFTA01379687.pdf,data-set-10-files-2,1,other
EFTA01379688.pdf,data-set-10-files-2,1,other
EFTA01379689.pdf,data-set-10-files-2,1,other
EFTA01379690.pdf,data-set-10-files-2,1,other
EFTA01379691.pdf,data-set-10-files-2,1,other
EFTA01379692.pdf,data-set-10-files-2,1,other
EFTA01379693.pdf,data-set-10-files-2,1,other
EFTA01379694.pdf,data-set-10-files-2,1,other
EFTA01379695.pdf,data-set-10-files-2,1,other
EFTA01379696.pdf,data-set-10-files-2,1,other
EFTA01379697.pdf,data-set-10-files-2,1,other
EFTA01379698.pdf,data-set-10-files-2,1,other
EFTA01379699.pdf,data-set-10-files-2,1,other
EFTA01379700.pdf,data-set-10-files-2,1,other
EFTA01379701.pdf,data-set-10-files-2,1,other
EFTA01379702.pdf,data-set-10-files-2,1,other
EFTA01379703.pdf,data-set-10-files-2,1,other
EFTA01379704.pdf,data-set-10-files-2,1,other
EFTA01379705.pdf,data-set-10-files-2,1,email
EFTA01379706.pdf,data-set-10-files-2,1,email
EFTA01379707.pdf,data-set-10-files-2,1,other
EFTA01379708.pdf,data-set-10-files-2,1,other
EFTA01379709.pdf,data-set-10-files-2,1,email
EFTA01379710.pdf,data-set-10-files-2,1,email
EFTA01379711.pdf,data-set-10-files-2,1,email
EFTA01379712.pdf,data-set-10-files-2,1,email
EFTA01379713.pdf,data-set-10-files-2,1,email
EFTA01379714.pdf,data-set-10-files-2,1,email
EFTA01379715.pdf,data-set-10-files-2,1,email
EFTA01379716.pdf,data-set-10-files-2,1,other
EFTA01379717.pdf,data-set-10-files-2,1,email
EFTA01379718.pdf,data-set-10-files-2,1,other
EFTA01379719.pdf,data-set-10-files-2,1,other
EFTA01379720.pdf,data-set-10-files-2,1,email
EFTA01379721.pdf,data-set-10-files-2,1,other
EFTA01379722.pdf,data-set-10-files-2,1,email
EFTA01379723.pdf,data-set-10-files-2,1,other
EFTA01379724.pdf,data-set-10-files-2,1,email
EFTA01379725.pdf,data-set-10-files-2,1,email
EFTA01379726.pdf,data-set-10-files-2,1,other
EFTA01379727.pdf,data-set-10-files-2,1,email
EFTA01379728.pdf,data-set-10-files-2,1,email
EFTA01379729.pdf,data-set-10-files-2,1,other
EFTA01379730.pdf,data-set-10-files-2,1,other
EFTA01379731.pdf,data-set-10-files-2,1,email
EFTA01379732.pdf,data-set-10-files-2,1,other
EFTA01379733.pdf,data-set-10-files-2,1,email
EFTA01379734.pdf,data-set-10-files-2,1,other
EFTA01379735.pdf,data-set-10-files-2,1,email
EFTA01379736.pdf,data-set-10-files-2,1,email
EFTA01379737.pdf,data-set-10-files-2,1,other
EFTA01379738.pdf,data-set-10-files-2,1,email
EFTA01379739.pdf,data-set-10-files-2,1,other
EFTA01379740.pdf,data-set-10-files-2,1,other
EFTA01379741.pdf,data-set-10-files-2,1,other
EFTA01379742.pdf,data-set-10-files-2,1,other
EFTA01379743.pdf,data-set-10-files-2,1,other
EFTA01379744.pdf,data-set-10-files-2,1,other
EFTA01379745.pdf,data-set-10-files-2,1,other
EFTA01379746.pdf,data-set-10-files-2,1,other
EFTA01379747.pdf,data-set-10-files-2,1,other
EFTA01379748.pdf,data-set-10-files-2,1,other
EFTA01379749.pdf,data-set-10-files-2,1,other
EFTA01379750.pdf,data-set-10-files-2,1,other
EFTA01379751.pdf,data-set-10-files-2,1,other
EFTA01379752.pdf,data-set-10-files-2,1,other
EFTA01379753.pdf,data-set-10-files-2,1,other
EFTA01379754.pdf,data-set-10-files-2,1,other
EFTA01379755.pdf,data-set-10-files-2,1,other
EFTA01379756.pdf,data-set-10-files-2,1,other
EFTA01379757.pdf,data-set-10-files-2,1,other
EFTA01379758.pdf,data-set-10-files-2,1,other
EFTA01379759.pdf,data-set-10-files-2,1,other
EFTA01379760.pdf,data-set-10-files-2,1,other
EFTA01379761.pdf,data-set-10-files-2,1,other
EFTA01379762.pdf,data-set-10-files-2,1,other
EFTA01379763.pdf,data-set-10-files-2,1,other
EFTA01379764.pdf,data-set-10-files-2,1,other
EFTA01379765.pdf,data-set-10-files-2,1,other
EFTA01379766.pdf,data-set-10-files-2,1,other
EFTA01379767.pdf,data-set-10-files-2,1,other
EFTA01379768.pdf,data-set-10-files-2,1,other
EFTA01379769.pdf,data-set-10-files-2,1,email
EFTA01379770.pdf,data-set-10-files-2,1,email
EFTA01379771.pdf,data-set-10-files-2,1,email
EFTA01379772.pdf,data-set-10-files-2,1,email
EFTA01379773.pdf,data-set-10-files-2,1,other
EFTA01379774.pdf,data-set-10-files-2,1,other
EFTA01379775.pdf,data-set-10-files-2,1,email
EFTA01379776.pdf,data-set-10-files-2,1,email
EFTA01379777.pdf,data-set-10-files-2,1,email
EFTA01379778.pdf,data-set-10-files-2,1,other
EFTA01379779.pdf,data-set-10-files-2,1,email
EFTA01379780.pdf,data-set-10-files-2,1,other
EFTA01379781.pdf,data-set-10-files-2,1,email
EFTA01379782.pdf,data-set-10-files-2,1,email
EFTA01379783.pdf,data-set-10-files-2,1,email
EFTA01379784.pdf,data-set-10-files-2,1,email
EFTA01379785.pdf,data-set-10-files-2,1,other
EFTA01379786.pdf,data-set-10-files-2,1,other
EFTA01379787.pdf,data-set-10-files-2,1,email
EFTA01379788.pdf,data-set-10-files-2,1,other
EFTA01379789.pdf,data-set-10-files-2,1,email
EFTA01379790.pdf,data-set-10-files-2,1,email
EFTA01379791.pdf,data-set-10-files-2,1,email
EFTA01379792.pdf,data-set-10-files-2,1,other
EFTA01379793.pdf,data-set-10-files-2,1,other
EFTA01379794.pdf,data-set-10-files-2,1,email
EFTA01379795.pdf,data-set-10-files-2,1,email
EFTA01379796.pdf,data-set-10-files-2,1,email
EFTA01379797.pdf,data-set-10-files-2,1,email
EFTA01379798.pdf,data-set-10-files-2,1,other
EFTA01379799.pdf,data-set-10-files-2,1,email
EFTA01379800.pdf,data-set-10-files-2,1,email
EFTA01379801.pdf,data-set-10-files-2,1,email
EFTA01379802.pdf,data-set-10-files-2,1,email
EFTA01379803.pdf,data-set-10-files-2,1,email
EFTA01379804.pdf,data-set-10-files-2,1,other
EFTA01379805.pdf,data-set-10-files-2,1,other
EFTA01379806.pdf,data-set-10-files-2,1,other
EFTA01379807.pdf,data-set-10-files-2,1,other
EFTA01379808.pdf,data-set-10-files-2,1,other
EFTA01379809.pdf,data-set-10-files-2,1,email
EFTA01379810.pdf,data-set-10-files-2,1,email
EFTA01379811.pdf,data-set-10-files-2,1,email
EFTA01379812.pdf,data-set-10-files-2,1,email
EFTA01379813.pdf,data-set-10-files-2,1,other
EFTA01379814.pdf,data-set-10-files-2,1,email
EFTA01379815.pdf,data-set-10-files-2,1,other
EFTA01379816.pdf,data-set-10-files-2,1,other
EFTA01379817.pdf,data-set-10-files-2,1,other
EFTA01379818.pdf,data-set-10-files-2,1,other
EFTA01379819.pdf,data-set-10-files-2,1,other
EFTA01379820.pdf,data-set-10-files-2,1,other
EFTA01379821.pdf,data-set-10-files-2,1,email
EFTA01379822.pdf,data-set-10-files-2,1,other
EFTA01379823.pdf,data-set-10-files-2,1,email
EFTA01379824.pdf,data-set-10-files-2,1,other
EFTA01379825.pdf,data-set-10-files-2,1,other
EFTA01379826.pdf,data-set-10-files-2,1,email
EFTA01379827.pdf,data-set-10-files-2,1,email
EFTA01379828.pdf,data-set-10-files-2,1,other
EFTA01379829.pdf,data-set-10-files-2,1,email
EFTA01379830.pdf,data-set-10-files-2,1,email
EFTA01379831.pdf,data-set-10-files-2,1,other
EFTA01379832.pdf,data-set-10-files-2,1,email
EFTA01379833.pdf,data-set-10-files-2,1,email
EFTA01379834.pdf,data-set-10-files-2,1,other
EFTA01379835.pdf,data-set-10-files-2,1,other
EFTA01379836.pdf,data-set-10-files-2,1,other
EFTA01379837.pdf,data-set-10-files-2,1,email
EFTA01379838.pdf,data-set-10-files-2,1,other
EFTA01379839.pdf,data-set-10-files-2,1,other
EFTA01379840.pdf,data-set-10-files-2,1,other
EFTA01379841.pdf,data-set-10-files-2,1,other
EFTA01379842.pdf,data-set-10-files-2,1,other
EFTA01379843.pdf,data-set-10-files-2,1,other
EFTA01379844.pdf,data-set-10-files-2,1,other
EFTA01379845.pdf,data-set-10-files-2,1,other
EFTA01379846.pdf,data-set-10-files-2,1,other
EFTA01379847.pdf,data-set-10-files-2,1,other
EFTA01379848.pdf,data-set-10-files-2,1,other
EFTA01379849.pdf,data-set-10-files-2,1,other
EFTA01379850.pdf,data-set-10-files-2,1,other
EFTA01379851.pdf,data-set-10-files-2,1,other
EFTA01379852.pdf,data-set-10-files-2,1,other
EFTA01379853.pdf,data-set-10-files-2,1,other
EFTA01379854.pdf,data-set-10-files-2,1,other
EFTA01379855.pdf,data-set-10-files-2,1,other
EFTA01379856.pdf,data-set-10-files-2,1,other
EFTA01379857.pdf,data-set-10-files-2,1,other
EFTA01379858.pdf,data-set-10-files-2,1,other
EFTA01379859.pdf,data-set-10-files-2,1,other
EFTA01379860.pdf,data-set-10-files-2,1,other
EFTA01379861.pdf,data-set-10-files-2,1,other
EFTA01379862.pdf,data-set-10-files-2,1,other
EFTA01379863.pdf,data-set-10-files-2,1,other
EFTA01379864.pdf,data-set-10-files-2,1,other
EFTA01379865.pdf,data-set-10-files-2,1,other
EFTA01379866.pdf,data-set-10-files-2,1,other
EFTA01379867.pdf,data-set-10-files-2,1,other
EFTA01379868.pdf,data-set-10-files-2,1,other
EFTA01379869.pdf,data-set-10-files-2,1,other
EFTA01379870.pdf,data-set-10-files-2,1,other
EFTA01379871.pdf,data-set-10-files-2,1,other
EFTA01379872.pdf,data-set-10-files-2,1,other
EFTA01379873.pdf,data-set-10-files-2,1,other
EFTA01379874.pdf,data-set-10-files-2,1,other
EFTA01379875.pdf,data-set-10-files-2,1,other
EFTA01379876.pdf,data-set-10-files-2,1,email
EFTA01379877.pdf,data-set-10-files-2,1,other
EFTA01379878.pdf,data-set-10-files-2,1,email
EFTA01379879.pdf,data-set-10-files-2,1,other
EFTA01379880.pdf,data-set-10-files-2,1,email
EFTA01379881.pdf,data-set-10-files-2,1,email
EFTA01379882.pdf,data-set-10-files-2,1,other
EFTA01379883.pdf,data-set-10-files-2,1,email
EFTA01379884.pdf,data-set-10-files-2,1,other
EFTA01379885.pdf,data-set-10-files-2,1,other
EFTA01379886.pdf,data-set-10-files-2,1,other
EFTA01379887.pdf,data-set-10-files-2,1,email
EFTA01379888.pdf,data-set-10-files-2,1,email
EFTA01379889.pdf,data-set-10-files-2,1,email
EFTA01379890.pdf,data-set-10-files-2,1,email
EFTA01379891.pdf,data-set-10-files-2,1,other
EFTA01379892.pdf,data-set-10-files-2,1,email
EFTA01379893.pdf,data-set-10-files-2,1,email
EFTA01379894.pdf,data-set-10-files-2,1,email
EFTA01379895.pdf,data-set-10-files-2,1,other
EFTA01379896.pdf,data-set-10-files-2,1,other
EFTA01379897.pdf,data-set-10-files-2,1,other
EFTA01379898.pdf,data-set-10-files-2,1,other
EFTA01379899.pdf,data-set-10-files-2,1,other
EFTA01379900.pdf,data-set-10-files-2,1,other
EFTA01379901.pdf,data-set-10-files-2,1,other
EFTA01379902.pdf,data-set-10-files-2,1,other
EFTA01379903.pdf,data-set-10-files-2,1,other
EFTA01379904.pdf,data-set-10-files-2,1,other
EFTA01379905.pdf,data-set-10-files-2,1,other
EFTA01379906.pdf,data-set-10-files-2,1,other
EFTA01379907.pdf,data-set-10-files-2,1,other
EFTA01379908.pdf,data-set-10-files-2,1,other
EFTA01379909.pdf,data-set-10-files-2,1,other
EFTA01379910.pdf,data-set-10-files-2,1,other
EFTA01379911.pdf,data-set-10-files-2,1,other
EFTA01379912.pdf,data-set-10-files-2,1,other
EFTA01379913.pdf,data-set-10-files-2,1,other
EFTA01379914.pdf,data-set-10-files-2,1,other
EFTA01379915.pdf,data-set-10-files-2,1,other
EFTA01379916.pdf,data-set-10-files-2,1,other
EFTA01379917.pdf,data-set-10-files-2,1,other
EFTA01379918.pdf,data-set-10-files-2,1,other
EFTA01379920.pdf,data-set-10-files-2,1,other
EFTA01379921.pdf,data-set-10-files-2,1,other
EFTA01379922.pdf,data-set-10-files-2,1,other
EFTA01379923.pdf,data-set-10-files-2,1,other
EFTA01379924.pdf,data-set-10-files-2,1,other
EFTA01379925.pdf,data-set-10-files-2,1,other
EFTA01379926.pdf,data-set-10-files-2,1,other
EFTA01379927.pdf,data-set-10-files-2,1,other
EFTA01379928.pdf,data-set-10-files-2,1,other
EFTA01379929.pdf,data-set-10-files-2,1,other
EFTA01379930.pdf,data-set-10-files-2,1,other
EFTA01379931.pdf,data-set-10-files-2,1,other
EFTA01379932.pdf,data-set-10-files-2,1,other
EFTA01379933.pdf,data-set-10-files-2,1,other
EFTA01379934.pdf,data-set-10-files-2,1,other
EFTA01379935.pdf,data-set-10-files-2,1,other
EFTA01379936.pdf,data-set-10-files-2,1,other
EFTA01379937.pdf,data-set-10-files-2,1,other
EFTA01379938.pdf,data-set-10-files-2,1,other
EFTA01379939.pdf,data-set-10-files-2,1,other
EFTA01379940.pdf,data-set-10-files-2,1,other
EFTA01379941.pdf,data-set-10-files-2,1,other
EFTA01379942.pdf,data-set-10-files-2,1,other
EFTA01379943.pdf,data-set-10-files-2,1,other
EFTA01379944.pdf,data-set-10-files-2,1,other
EFTA01379945.pdf,data-set-10-files-2,1,other
EFTA01379946.pdf,data-set-10-files-2,1,other
EFTA01379947.pdf,data-set-10-files-2,1,other
EFTA01379948.pdf,data-set-10-files-2,1,other
EFTA01379949.pdf,data-set-10-files-2,1,other
EFTA01379950.pdf,data-set-10-files-2,1,other
EFTA01379951.pdf,data-set-10-files-2,1,other
EFTA01379952.pdf,data-set-10-files-2,1,other
EFTA01379953.pdf,data-set-10-files-2,1,other
EFTA01379954.pdf,data-set-10-files-2,1,other
EFTA01379955.pdf,data-set-10-files-2,1,other
EFTA01379956.pdf,data-set-10-files-2,1,other
EFTA01379957.pdf,data-set-10-files-2,1,other
EFTA01379958.pdf,data-set-10-files-2,1,other
EFTA01379959.pdf,data-set-10-files-2,1,other
EFTA01379960.pdf,data-set-10-files-2,1,other
EFTA01379961.pdf,data-set-10-files-2,1,email
EFTA01379962.pdf,data-set-10-files-2,1,other
EFTA01379963.pdf,data-set-10-files-2,1,other
EFTA01379964.pdf,data-set-10-files-2,1,email
EFTA01379965.pdf,data-set-10-files-2,1,email
EFTA01379966.pdf,data-set-10-files-2,1,email
EFTA01379967.pdf,data-set-10-files-2,1,email
EFTA01379968.pdf,data-set-10-files-2,1,other
EFTA01379969.pdf,data-set-10-files-2,1,email
EFTA01379970.pdf,data-set-10-files-2,1,other
EFTA01379971.pdf,data-set-10-files-2,1,email
EFTA01379972.pdf,data-set-10-files-2,1,email
EFTA01379973.pdf,data-set-10-files-2,1,email
EFTA01379974.pdf,data-set-10-files-2,1,email
EFTA01379975.pdf,data-set-10-files-2,1,email
EFTA01379976.pdf,data-set-10-files-2,1,email
EFTA01379977.pdf,data-set-10-files-2,1,email
EFTA01379978.pdf,data-set-10-files-2,1,other
EFTA01379979.pdf,data-set-10-files-2,1,email
EFTA01379980.pdf,data-set-10-files-2,1,email
EFTA01379981.pdf,data-set-10-files-2,1,email
EFTA01379982.pdf,data-set-10-files-2,1,other
EFTA01379983.pdf,data-set-10-files-2,1,email
EFTA01379984.pdf,data-set-10-files-2,1,email
EFTA01379985.pdf,data-set-10-files-2,1,email
EFTA01379986.pdf,data-set-10-files-2,1,other
EFTA01379987.pdf,data-set-10-files-2,1,other
EFTA01379988.pdf,data-set-10-files-2,1,email
EFTA01379989.pdf,data-set-10-files-2,1,email
EFTA01379990.pdf,data-set-10-files-2,1,email
EFTA01379991.pdf,data-set-10-files-2,1,email
EFTA01379992.pdf,data-set-10-files-2,1,email
EFTA01379993.pdf,data-set-10-files-2,1,other
EFTA01379994.pdf,data-set-10-files-2,1,other
EFTA01379995.pdf,data-set-10-files-2,1,email
EFTA01379996.pdf,data-set-10-files-2,1,email
EFTA01379997.pdf,data-set-10-files-2,1,email
EFTA01379998.pdf,data-set-10-files-2,1,other
EFTA01379999.pdf,data-set-10-files-2,1,email
EFTA01380000.pdf,data-set-10-files-2,1,email
EFTA01380001.pdf,data-set-10-files-2,1,other
EFTA01380002.pdf,data-set-10-files-2,1,other
EFTA01380003.pdf,data-set-10-files-2,1,other
EFTA01380004.pdf,data-set-10-files-2,1,other
EFTA01380005.pdf,data-set-10-files-2,1,other
EFTA01380006.pdf,data-set-10-files-2,1,other
EFTA01380007.pdf,data-set-10-files-2,1,email
EFTA01380008.pdf,data-set-10-files-2,1,other
EFTA01380009.pdf,data-set-10-files-2,1,other
EFTA01380010.pdf,data-set-10-files-2,1,email
EFTA01380011.pdf,data-set-10-files-2,1,other
EFTA01380012.pdf,data-set-10-files-2,1,email
EFTA01380013.pdf,data-set-10-files-2,1,other
EFTA01380014.pdf,data-set-10-files-2,1,other
EFTA01380015.pdf,data-set-10-files-2,1,email
EFTA01380016.pdf,data-set-10-files-2,1,other
EFTA01380017.pdf,data-set-10-files-2,1,other
EFTA01380018.pdf,data-set-10-files-2,1,email
EFTA01380019.pdf,data-set-10-files-2,1,other
EFTA01380020.pdf,data-set-10-files-2,1,other
EFTA01380021.pdf,data-set-10-files-2,1,email
EFTA01380022.pdf,data-set-10-files-2,1,email
EFTA01380023.pdf,data-set-10-files-2,1,other
EFTA01380024.pdf,data-set-10-files-2,1,other
EFTA01380025.pdf,data-set-10-files-2,1,email
EFTA01380026.pdf,data-set-10-files-2,1,email
EFTA01380027.pdf,data-set-10-files-2,1,other
EFTA01380028.pdf,data-set-10-files-2,1,email
EFTA01380029.pdf,data-set-10-files-2,1,email
EFTA01380030.pdf,data-set-10-files-2,1,email
EFTA01380031.pdf,data-set-10-files-2,1,other
EFTA01380032.pdf,data-set-10-files-2,1,email
EFTA01380033.pdf,data-set-10-files-2,1,other
EFTA01380034.pdf,data-set-10-files-2,1,email
EFTA01380035.pdf,data-set-10-files-2,1,email
EFTA01380036.pdf,data-set-10-files-2,1,email
EFTA01380037.pdf,data-set-10-files-2,1,other
EFTA01380038.pdf,data-set-10-files-2,1,other
EFTA01380039.pdf,data-set-10-files-2,1,other
EFTA01380040.pdf,data-set-10-files-2,1,other
EFTA01380041.pdf,data-set-10-files-2,1,other
EFTA01380042.pdf,data-set-10-files-2,1,other
EFTA01380043.pdf,data-set-10-files-2,1,other
EFTA01380044.pdf,data-set-10-files-2,1,other
EFTA01380045.pdf,data-set-10-files-2,1,other
EFTA01380046.pdf,data-set-10-files-2,1,other
EFTA01380047.pdf,data-set-10-files-2,1,other
EFTA01380048.pdf,data-set-10-files-2,1,other
EFTA01380049.pdf,data-set-10-files-2,1,email
EFTA01380050.pdf,data-set-10-files-2,1,other
EFTA01380051.pdf,data-set-10-files-2,1,email
EFTA01380052.pdf,data-set-10-files-2,1,email
EFTA01380053.pdf,data-set-10-files-2,1,email
EFTA01380054.pdf,data-set-10-files-2,1,email
EFTA01380055.pdf,data-set-10-files-2,1,email
EFTA01380056.pdf,data-set-10-files-2,1,other
EFTA01380057.pdf,data-set-10-files-2,1,email
EFTA01380058.pdf,data-set-10-files-2,1,other
EFTA01380059.pdf,data-set-10-files-2,1,other
EFTA01380060.pdf,data-set-10-files-2,1,other
EFTA01380061.pdf,data-set-10-files-2,1,other
EFTA01380062.pdf,data-set-10-files-2,1,other
EFTA01380063.pdf,data-set-10-files-2,1,other
EFTA01380064.pdf,data-set-10-files-2,1,other
EFTA01380065.pdf,data-set-10-files-2,1,other
EFTA01380066.pdf,data-set-10-files-2,1,other
EFTA01380067.pdf,data-set-10-files-2,1,other
EFTA01380068.pdf,data-set-10-files-2,1,other
EFTA01380069.pdf,data-set-10-files-2,1,other
EFTA01380070.pdf,data-set-10-files-2,1,other
EFTA01380071.pdf,data-set-10-files-2,1,other
EFTA01380072.pdf,data-set-10-files-2,1,other
EFTA01380073.pdf,data-set-10-files-2,1,email
EFTA01380074.pdf,data-set-10-files-2,1,other
EFTA01380075.pdf,data-set-10-files-2,1,email
EFTA01380076.pdf,data-set-10-files-2,1,email
EFTA01380077.pdf,data-set-10-files-2,1,email
EFTA01380078.pdf,data-set-10-files-2,1,other
EFTA01380079.pdf,data-set-10-files-2,1,email
EFTA01380080.pdf,data-set-10-files-2,1,other
EFTA01380081.pdf,data-set-10-files-2,1,other
EFTA01380082.pdf,data-set-10-files-2,1,other
EFTA01380083.pdf,data-set-10-files-2,1,other
EFTA01380084.pdf,data-set-10-files-2,1,other
EFTA01380085.pdf,data-set-10-files-2,1,other
EFTA01380086.pdf,data-set-10-files-2,1,other
EFTA01380087.pdf,data-set-10-files-2,1,other
EFTA01380088.pdf,data-set-10-files-2,1,other
EFTA01380089.pdf,data-set-10-files-2,1,other
EFTA01380090.pdf,data-set-10-files-2,1,other
EFTA01380091.pdf,data-set-10-files-2,1,other
EFTA01380092.pdf,data-set-10-files-2,1,other
EFTA01380093.pdf,data-set-10-files-2,1,other
EFTA01380094.pdf,data-set-10-files-2,1,other
EFTA01380095.pdf,data-set-10-files-2,1,other
EFTA01380096.pdf,data-set-10-files-2,1,other
EFTA01380097.pdf,data-set-10-files-2,1,email
EFTA01380098.pdf,data-set-10-files-2,1,other
EFTA01380099.pdf,data-set-10-files-2,1,other
EFTA01380100.pdf,data-set-10-files-2,1,other
EFTA01380101.pdf,data-set-10-files-2,1,other
EFTA01380102.pdf,data-set-10-files-2,1,email
EFTA01380103.pdf,data-set-10-files-2,1,other
EFTA01380104.pdf,data-set-10-files-2,1,other
EFTA01380105.pdf,data-set-10-files-2,1,other
EFTA01380106.pdf,data-set-10-files-2,1,other
EFTA01380107.pdf,data-set-10-files-2,1,other
EFTA01380108.pdf,data-set-10-files-2,1,other
EFTA01380109.pdf,data-set-10-files-2,1,other
EFTA01380110.pdf,data-set-10-files-2,1,other
EFTA01380111.pdf,data-set-10-files-2,1,other
EFTA01380112.pdf,data-set-10-files-2,1,email
EFTA01380113.pdf,data-set-10-files-2,1,other
EFTA01380114.pdf,data-set-10-files-2,1,other
EFTA01380115.pdf,data-set-10-files-2,1,email
EFTA01380116.pdf,data-set-10-files-2,1,email
EFTA01380117.pdf,data-set-10-files-2,1,email
EFTA01380118.pdf,data-set-10-files-2,1,other
EFTA01380119.pdf,data-set-10-files-2,1,other
EFTA01380120.pdf,data-set-10-files-2,1,other
EFTA01380121.pdf,data-set-10-files-2,1,email
EFTA01380122.pdf,data-set-10-files-2,1,other
EFTA01380123.pdf,data-set-10-files-2,1,other
EFTA01380124.pdf,data-set-10-files-2,1,email
EFTA01380125.pdf,data-set-10-files-2,1,other
EFTA01380126.pdf,data-set-10-files-2,1,email
EFTA01380127.pdf,data-set-10-files-2,1,other
EFTA01380128.pdf,data-set-10-files-2,1,email
EFTA01380129.pdf,data-set-10-files-2,1,email
EFTA01380130.pdf,data-set-10-files-2,1,email
EFTA01380131.pdf,data-set-10-files-2,1,email
EFTA01380132.pdf,data-set-10-files-2,1,email
EFTA01380133.pdf,data-set-10-files-2,1,email
EFTA01380134.pdf,data-set-10-files-2,1,email
EFTA01380135.pdf,data-set-10-files-2,1,other
EFTA01380136.pdf,data-set-10-files-2,1,email
EFTA01380137.pdf,data-set-10-files-2,1,email
EFTA01380138.pdf,data-set-10-files-2,1,other
EFTA01380139.pdf,data-set-10-files-2,1,other
EFTA01380140.pdf,data-set-10-files-2,1,email
EFTA01380141.pdf,data-set-10-files-2,1,other
EFTA01380142.pdf,data-set-10-files-2,1,email
EFTA01380143.pdf,data-set-10-files-2,1,email
EFTA01380144.pdf,data-set-10-files-2,1,email
EFTA01380145.pdf,data-set-10-files-2,1,other
EFTA01380146.pdf,data-set-10-files-2,1,email
EFTA01380147.pdf,data-set-10-files-2,1,email
EFTA01380148.pdf,data-set-10-files-2,1,email
EFTA01380149.pdf,data-set-10-files-2,1,email
EFTA01380150.pdf,data-set-10-files-2,1,email
EFTA01380151.pdf,data-set-10-files-2,1,other
EFTA01380152.pdf,data-set-10-files-2,1,email
EFTA01380153.pdf,data-set-10-files-2,1,email
EFTA01380154.pdf,data-set-10-files-2,1,email
EFTA01380155.pdf,data-set-10-files-2,1,email
EFTA01380156.pdf,data-set-10-files-2,1,email
EFTA01380157.pdf,data-set-10-files-2,1,email
EFTA01380158.pdf,data-set-10-files-2,1,other
EFTA01380159.pdf,data-set-10-files-2,1,email
EFTA01380160.pdf,data-set-10-files-2,1,email
EFTA01380161.pdf,data-set-10-files-2,1,other
EFTA01380162.pdf,data-set-10-files-2,1,email
EFTA01380163.pdf,data-set-10-files-2,1,email
EFTA01380164.pdf,data-set-10-files-2,1,other
EFTA01380165.pdf,data-set-10-files-2,1,email
EFTA01380166.pdf,data-set-10-files-2,1,other
EFTA01380167.pdf,data-set-10-files-2,1,email
EFTA01380168.pdf,data-set-10-files-2,1,email
EFTA01380169.pdf,data-set-10-files-2,1,other
EFTA01380170.pdf,data-set-10-files-2,1,other
EFTA01380171.pdf,data-set-10-files-2,1,other
EFTA01380172.pdf,data-set-10-files-2,1,other
EFTA01380173.pdf,data-set-10-files-2,1,other
EFTA01380174.pdf,data-set-10-files-2,1,other
EFTA01380175.pdf,data-set-10-files-2,1,other
EFTA01380176.pdf,data-set-10-files-2,1,other
EFTA01380177.pdf,data-set-10-files-2,1,other
EFTA01380178.pdf,data-set-10-files-2,1,other
EFTA01380179.pdf,data-set-10-files-2,1,other
EFTA01380180.pdf,data-set-10-files-2,1,email
EFTA01380181.pdf,data-set-10-files-2,1,other
EFTA01380182.pdf,data-set-10-files-2,1,other
EFTA01380183.pdf,data-set-10-files-2,1,other
EFTA01380184.pdf,data-set-10-files-2,1,other
EFTA01380185.pdf,data-set-10-files-2,1,email
EFTA01380186.pdf,data-set-10-files-2,1,email
EFTA01380187.pdf,data-set-10-files-2,1,email
EFTA01380188.pdf,data-set-10-files-2,1,email
EFTA01380189.pdf,data-set-10-files-2,1,email
EFTA01380190.pdf,data-set-10-files-2,1,email
EFTA01380191.pdf,data-set-10-files-2,1,other
EFTA01380192.pdf,data-set-10-files-2,1,other
EFTA01380193.pdf,data-set-10-files-2,1,email
EFTA01380194.pdf,data-set-10-files-2,1,email
EFTA01380195.pdf,data-set-10-files-2,1,other
EFTA01380196.pdf,data-set-10-files-2,1,email
EFTA01380197.pdf,data-set-10-files-2,1,other
EFTA01380198.pdf,data-set-10-files-2,1,other
EFTA01380199.pdf,data-set-10-files-2,1,other
EFTA01380200.pdf,data-set-10-files-2,1,other
EFTA01380201.pdf,data-set-10-files-2,1,other
EFTA01380202.pdf,data-set-10-files-2,1,email
EFTA01380203.pdf,data-set-10-files-2,1,email
EFTA01380204.pdf,data-set-10-files-2,1,other
EFTA01380205.pdf,data-set-10-files-2,1,email
EFTA01380206.pdf,data-set-10-files-2,1,email
EFTA01380207.pdf,data-set-10-files-2,1,email
EFTA01380208.pdf,data-set-10-files-2,1,other
EFTA01380209.pdf,data-set-10-files-2,1,other
EFTA01380210.pdf,data-set-10-files-2,1,email
EFTA01380211.pdf,data-set-10-files-2,1,other
EFTA01380212.pdf,data-set-10-files-2,1,other
EFTA01380213.pdf,data-set-10-files-2,1,other
EFTA01380214.pdf,data-set-10-files-2,1,other
EFTA01380215.pdf,data-set-10-files-2,1,email
EFTA01380216.pdf,data-set-10-files-2,1,email
EFTA01380217.pdf,data-set-10-files-2,1,other
EFTA01380218.pdf,data-set-10-files-2,1,other
EFTA01380219.pdf,data-set-10-files-2,1,email
EFTA01380220.pdf,data-set-10-files-2,1,email
EFTA01380221.pdf,data-set-10-files-2,1,other
EFTA01380222.pdf,data-set-10-files-2,1,email
EFTA01380223.pdf,data-set-10-files-2,1,other
EFTA01380224.pdf,data-set-10-files-2,1,email
EFTA01380225.pdf,data-set-10-files-2,1,other
EFTA01380226.pdf,data-set-10-files-2,1,email
EFTA01380227.pdf,data-set-10-files-2,1,other
EFTA01380228.pdf,data-set-10-files-2,1,other
EFTA01380229.pdf,data-set-10-files-2,1,email
EFTA01380230.pdf,data-set-10-files-2,1,other
EFTA01380231.pdf,data-set-10-files-2,1,email
EFTA01380232.pdf,data-set-10-files-2,1,other
EFTA01380233.pdf,data-set-10-files-2,1,other
EFTA01380234.pdf,data-set-10-files-2,1,email
EFTA01380235.pdf,data-set-10-files-2,1,email
EFTA01380236.pdf,data-set-10-files-2,1,email
EFTA01380237.pdf,data-set-10-files-2,1,other
EFTA01380238.pdf,data-set-10-files-2,1,email
EFTA01380239.pdf,data-set-10-files-2,1,other
EFTA01380240.pdf,data-set-10-files-2,1,email
EFTA01380241.pdf,data-set-10-files-2,1,other
EFTA01380242.pdf,data-set-10-files-2,1,other
EFTA01380243.pdf,data-set-10-files-2,1,other
EFTA01380244.pdf,data-set-10-files-2,1,other
EFTA01380245.pdf,data-set-10-files-2,1,other
EFTA01380246.pdf,data-set-10-files-2,1,other
EFTA01380247.pdf,data-set-10-files-2,1,other
EFTA01380248.pdf,data-set-10-files-2,1,other
EFTA01380249.pdf,data-set-10-files-2,1,other
EFTA01380250.pdf,data-set-10-files-2,1,other
EFTA01380251.pdf,data-set-10-files-2,1,other
EFTA01380252.pdf,data-set-10-files-2,1,other
EFTA01380253.pdf,data-set-10-files-2,1,other
EFTA01380254.pdf,data-set-10-files-2,1,other
EFTA01380255.pdf,data-set-10-files-2,1,other
EFTA01380256.pdf,data-set-10-files-2,1,other
EFTA01380257.pdf,data-set-10-files-2,1,other
EFTA01380258.pdf,data-set-10-files-2,1,other
EFTA01380259.pdf,data-set-10-files-2,1,other
EFTA01380260.pdf,data-set-10-files-2,1,other
EFTA01380261.pdf,data-set-10-files-2,1,other
EFTA01380262.pdf,data-set-10-files-2,1,other
EFTA01380263.pdf,data-set-10-files-2,1,other
EFTA01380264.pdf,data-set-10-files-2,1,other
EFTA01380265.pdf,data-set-10-files-2,1,other
EFTA01380266.pdf,data-set-10-files-2,1,other
EFTA01380267.pdf,data-set-10-files-2,1,email
EFTA01380268.pdf,data-set-10-files-2,1,other
EFTA01380269.pdf,data-set-10-files-2,1,email
EFTA01380270.pdf,data-set-10-files-2,1,other
EFTA01380271.pdf,data-set-10-files-2,1,other
EFTA01380272.pdf,data-set-10-files-2,1,email
EFTA01380273.pdf,data-set-10-files-2,1,email
EFTA01380274.pdf,data-set-10-files-2,1,email
EFTA01380275.pdf,data-set-10-files-2,1,other
EFTA01380276.pdf,data-set-10-files-2,1,email
EFTA01380277.pdf,data-set-10-files-2,1,email
EFTA01380278.pdf,data-set-10-files-2,1,email
EFTA01380279.pdf,data-set-10-files-2,1,other
EFTA01380280.pdf,data-set-10-files-2,1,other
EFTA01380281.pdf,data-set-10-files-2,1,other
EFTA01380282.pdf,data-set-10-files-2,1,other
EFTA01380283.pdf,data-set-10-files-2,1,other
EFTA01380284.pdf,data-set-10-files-2,1,other
EFTA01380285.pdf,data-set-10-files-2,1,other
EFTA01380286.pdf,data-set-10-files-2,1,other
EFTA01380287.pdf,data-set-10-files-2,1,other
EFTA01380288.pdf,data-set-10-files-2,1,other
EFTA01380289.pdf,data-set-10-files-2,1,other
EFTA01380290.pdf,data-set-10-files-2,1,other
EFTA01380291.pdf,data-set-10-files-2,1,other
EFTA01380292.pdf,data-set-10-files-2,1,other
EFTA01380293.pdf,data-set-10-files-2,1,other
EFTA01380294.pdf,data-set-10-files-2,1,other
EFTA01380295.pdf,data-set-10-files-2,1,other
EFTA01380296.pdf,data-set-10-files-2,1,other
EFTA01380297.pdf,data-set-10-files-2,1,other
EFTA01380298.pdf,data-set-10-files-2,1,other
EFTA01380299.pdf,data-set-10-files-2,1,other
EFTA01380300.pdf,data-set-10-files-2,1,other
EFTA01380301.pdf,data-set-10-files-2,1,other
EFTA01380302.pdf,data-set-10-files-2,1,other
EFTA01380303.pdf,data-set-10-files-2,1,other
EFTA01380304.pdf,data-set-10-files-2,1,other
EFTA01380305.pdf,data-set-10-files-2,1,other
EFTA01380306.pdf,data-set-10-files-2,1,other
EFTA01380307.pdf,data-set-10-files-2,1,other
EFTA01380308.pdf,data-set-10-files-2,1,other
EFTA01380309.pdf,data-set-10-files-2,1,other
EFTA01380310.pdf,data-set-10-files-2,1,other
EFTA01380311.pdf,data-set-10-files-2,1,other
EFTA01380312.pdf,data-set-10-files-2,1,other
EFTA01380313.pdf,data-set-10-files-2,1,other
EFTA01380314.pdf,data-set-10-files-2,1,other
EFTA01380315.pdf,data-set-10-files-2,1,other
EFTA01380316.pdf,data-set-10-files-2,1,other
EFTA01380317.pdf,data-set-10-files-2,1,other
EFTA01380318.pdf,data-set-10-files-2,1,other
EFTA01380319.pdf,data-set-10-files-2,1,other
EFTA01380320.pdf,data-set-10-files-2,1,other
EFTA01380321.pdf,data-set-10-files-2,1,other
EFTA01380322.pdf,data-set-10-files-2,1,other
EFTA01380323.pdf,data-set-10-files-2,1,other
EFTA01380324.pdf,data-set-10-files-2,1,other
EFTA01380325.pdf,data-set-10-files-2,1,other
EFTA01380326.pdf,data-set-10-files-2,1,other
EFTA01380327.pdf,data-set-10-files-2,1,other
EFTA01380328.pdf,data-set-10-files-2,1,other
EFTA01380329.pdf,data-set-10-files-2,1,other
EFTA01380330.pdf,data-set-10-files-2,1,other
EFTA01380331.pdf,data-set-10-files-2,1,other
EFTA01380332.pdf,data-set-10-files-2,1,other
EFTA01380333.pdf,data-set-10-files-2,1,other
EFTA01380334.pdf,data-set-10-files-2,1,other
EFTA01380335.pdf,data-set-10-files-2,1,other
EFTA01380336.pdf,data-set-10-files-2,1,other
EFTA01380337.pdf,data-set-10-files-2,1,other
EFTA01380338.pdf,data-set-10-files-2,1,other
EFTA01380339.pdf,data-set-10-files-2,1,other
EFTA01380340.pdf,data-set-10-files-2,1,other
EFTA01380341.pdf,data-set-10-files-2,1,other
EFTA01380342.pdf,data-set-10-files-2,1,other
EFTA01380343.pdf,data-set-10-files-2,1,other
EFTA01380344.pdf,data-set-10-files-2,1,other
EFTA01380345.pdf,data-set-10-files-2,1,other
EFTA01380346.pdf,data-set-10-files-2,1,other
EFTA01380347.pdf,data-set-10-files-2,1,email
EFTA01380348.pdf,data-set-10-files-2,1,email
EFTA01380349.pdf,data-set-10-files-2,1,email
EFTA01380350.pdf,data-set-10-files-2,1,email
EFTA01380351.pdf,data-set-10-files-2,1,email
EFTA01380352.pdf,data-set-10-files-2,1,email
EFTA01380353.pdf,data-set-10-files-2,1,other
EFTA01380354.pdf,data-set-10-files-2,1,email
EFTA01380355.pdf,data-set-10-files-2,1,email
EFTA01380356.pdf,data-set-10-files-2,1,other
EFTA01380357.pdf,data-set-10-files-2,1,email
EFTA01380358.pdf,data-set-10-files-2,1,other
EFTA01380359.pdf,data-set-10-files-2,1,email
EFTA01380360.pdf,data-set-10-files-2,1,other
EFTA01380361.pdf,data-set-10-files-2,1,other
EFTA01380362.pdf,data-set-10-files-2,1,other
EFTA01380363.pdf,data-set-10-files-2,1,other
EFTA01380364.pdf,data-set-10-files-2,1,other
EFTA01380365.pdf,data-set-10-files-2,1,other
EFTA01380366.pdf,data-set-10-files-2,1,other
EFTA01380367.pdf,data-set-10-files-2,1,other
EFTA01380368.pdf,data-set-10-files-2,1,other
EFTA01380369.pdf,data-set-10-files-2,1,other
EFTA01380370.pdf,data-set-10-files-2,1,other
EFTA01380371.pdf,data-set-10-files-2,1,other
EFTA01380372.pdf,data-set-10-files-2,1,other
EFTA01380373.pdf,data-set-10-files-2,1,other
EFTA01380374.pdf,data-set-10-files-2,1,other
EFTA01380375.pdf,data-set-10-files-2,1,other
EFTA01380376.pdf,data-set-10-files-2,1,other
EFTA01380377.pdf,data-set-10-files-2,1,other
EFTA01380378.pdf,data-set-10-files-2,1,other
EFTA01380379.pdf,data-set-10-files-2,1,other
EFTA01380380.pdf,data-set-10-files-2,1,other
EFTA01380381.pdf,data-set-10-files-2,1,other
EFTA01380382.pdf,data-set-10-files-2,1,other
EFTA01380383.pdf,data-set-10-files-2,1,other
EFTA01380384.pdf,data-set-10-files-2,1,other
EFTA01380385.pdf,data-set-10-files-2,1,other
EFTA01380386.pdf,data-set-10-files-2,1,other
EFTA01380387.pdf,data-set-10-files-2,1,other
EFTA01380388.pdf,data-set-10-files-2,1,other
EFTA01380389.pdf,data-set-10-files-2,1,other
EFTA01380390.pdf,data-set-10-files-2,1,other
EFTA01380391.pdf,data-set-10-files-2,1,other
EFTA01380392.pdf,data-set-10-files-2,1,other
EFTA01380393.pdf,data-set-10-files-2,1,other
EFTA01380394.pdf,data-set-10-files-2,1,other
EFTA01380395.pdf,data-set-10-files-2,1,other
EFTA01380396.pdf,data-set-10-files-2,1,other
EFTA01380397.pdf,data-set-10-files-2,1,other
EFTA01380398.pdf,data-set-10-files-2,1,other
EFTA01380399.pdf,data-set-10-files-2,1,other
EFTA01380400.pdf,data-set-10-files-2,1,other
EFTA01380401.pdf,data-set-10-files-2,1,other
EFTA01380402.pdf,data-set-10-files-2,1,other
EFTA01380403.pdf,data-set-10-files-2,1,other
EFTA01380404.pdf,data-set-10-files-2,1,other
EFTA01380405.pdf,data-set-10-files-2,1,email
EFTA01380406.pdf,data-set-10-files-2,1,other
EFTA01380407.pdf,data-set-10-files-2,1,email
EFTA01380408.pdf,data-set-10-files-2,1,email
EFTA01380409.pdf,data-set-10-files-2,1,email
EFTA01380410.pdf,data-set-10-files-2,1,other
EFTA01380411.pdf,data-set-10-files-2,1,other
EFTA01380412.pdf,data-set-10-files-2,1,other
EFTA01380413.pdf,data-set-10-files-2,1,other
EFTA01380414.pdf,data-set-10-files-2,1,other
EFTA01380415.pdf,data-set-10-files-2,1,other
EFTA01380416.pdf,data-set-10-files-2,1,other
EFTA01380417.pdf,data-set-10-files-2,1,email
EFTA01380418.pdf,data-set-10-files-2,1,email
EFTA01380419.pdf,data-set-10-files-2,1,other
EFTA01380420.pdf,data-set-10-files-2,1,email
EFTA01380421.pdf,data-set-10-files-2,1,email
EFTA01380422.pdf,data-set-10-files-2,1,other
EFTA01380423.pdf,data-set-10-files-2,1,other
EFTA01380424.pdf,data-set-10-files-2,1,email
EFTA01380425.pdf,data-set-10-files-2,1,email
EFTA01380426.pdf,data-set-10-files-2,1,email
EFTA01380427.pdf,data-set-10-files-2,1,email
EFTA01380428.pdf,data-set-10-files-2,1,email
EFTA01380429.pdf,data-set-10-files-2,1,email
EFTA01380430.pdf,data-set-10-files-2,1,other
EFTA01380431.pdf,data-set-10-files-2,1,other
EFTA01380432.pdf,data-set-10-files-2,1,other
EFTA01380433.pdf,data-set-10-files-2,1,other
EFTA01380434.pdf,data-set-10-files-2,1,other
EFTA01380435.pdf,data-set-10-files-2,1,email
EFTA01380436.pdf,data-set-10-files-2,1,other
EFTA01380437.pdf,data-set-10-files-2,1,other
EFTA01380438.pdf,data-set-10-files-2,1,email
EFTA01380439.pdf,data-set-10-files-2,1,other
EFTA01380440.pdf,data-set-10-files-2,1,other
EFTA01380441.pdf,data-set-10-files-2,1,other
EFTA01380442.pdf,data-set-10-files-2,1,email
EFTA01380443.pdf,data-set-10-files-2,1,other
EFTA01380444.pdf,data-set-10-files-2,1,email
EFTA01380445.pdf,data-set-10-files-2,1,email
EFTA01380446.pdf,data-set-10-files-2,1,email
EFTA01380447.pdf,data-set-10-files-2,1,email
EFTA01380448.pdf,data-set-10-files-2,1,other
EFTA01380449.pdf,data-set-10-files-2,1,email
EFTA01380450.pdf,data-set-10-files-2,1,other
EFTA01380451.pdf,data-set-10-files-2,1,other
EFTA01380452.pdf,data-set-10-files-2,1,email
EFTA01380453.pdf,data-set-10-files-2,1,other
EFTA01380454.pdf,data-set-10-files-2,1,other
EFTA01380455.pdf,data-set-10-files-2,1,email
EFTA01380456.pdf,data-set-10-files-2,1,email
EFTA01380457.pdf,data-set-10-files-2,1,email
EFTA01380458.pdf,data-set-10-files-2,1,other
EFTA01380459.pdf,data-set-10-files-2,1,other
EFTA01380460.pdf,data-set-10-files-2,1,other
EFTA01380461.pdf,data-set-10-files-2,1,email
EFTA01380462.pdf,data-set-10-files-2,1,other
EFTA01380463.pdf,data-set-10-files-2,1,other
EFTA01380464.pdf,data-set-10-files-2,1,other
EFTA01380465.pdf,data-set-10-files-2,1,other
EFTA01380466.pdf,data-set-10-files-2,1,other
EFTA01380467.pdf,data-set-10-files-2,1,other
EFTA01380468.pdf,data-set-10-files-2,1,other
EFTA01380469.pdf,data-set-10-files-2,1,other
EFTA01380470.pdf,data-set-10-files-2,1,other
EFTA01380471.pdf,data-set-10-files-2,1,other
EFTA01380472.pdf,data-set-10-files-2,1,other
EFTA01380473.pdf,data-set-10-files-2,1,other
EFTA01380474.pdf,data-set-10-files-2,1,other
EFTA01380475.pdf,data-set-10-files-2,1,other
EFTA01380476.pdf,data-set-10-files-2,1,other
EFTA01380477.pdf,data-set-10-files-2,1,other
EFTA01380478.pdf,data-set-10-files-2,1,other
EFTA01380479.pdf,data-set-10-files-2,1,other
EFTA01380480.pdf,data-set-10-files-2,1,other
EFTA01380481.pdf,data-set-10-files-2,1,other
EFTA01380482.pdf,data-set-10-files-2,1,other
EFTA01380483.pdf,data-set-10-files-2,1,other
EFTA01380484.pdf,data-set-10-files-2,1,other
EFTA01380485.pdf,data-set-10-files-2,1,other
EFTA01380486.pdf,data-set-10-files-2,1,other
EFTA01380487.pdf,data-set-10-files-2,1,other
EFTA01380488.pdf,data-set-10-files-2,1,other
EFTA01380489.pdf,data-set-10-files-2,1,other
EFTA01380490.pdf,data-set-10-files-2,1,other
EFTA01380491.pdf,data-set-10-files-2,1,other
EFTA01380492.pdf,data-set-10-files-2,1,other
EFTA01380493.pdf,data-set-10-files-2,1,other
EFTA01380494.pdf,data-set-10-files-2,1,other
EFTA01380495.pdf,data-set-10-files-2,1,other
EFTA01380496.pdf,data-set-10-files-2,1,other
EFTA01380497.pdf,data-set-10-files-2,1,other
EFTA01380498.pdf,data-set-10-files-2,1,other
EFTA01380499.pdf,data-set-10-files-2,1,other
EFTA01380500.pdf,data-set-10-files-2,1,other
EFTA01380501.pdf,data-set-10-files-2,1,other
EFTA01380502.pdf,data-set-10-files-2,1,other
EFTA01380503.pdf,data-set-10-files-2,1,other
EFTA01380504.pdf,data-set-10-files-2,1,other
EFTA01380505.pdf,data-set-10-files-2,1,other
EFTA01380506.pdf,data-set-10-files-2,1,other
EFTA01380507.pdf,data-set-10-files-2,1,other
EFTA01380508.pdf,data-set-10-files-2,1,other
EFTA01380509.pdf,data-set-10-files-2,1,other
EFTA01380510.pdf,data-set-10-files-2,1,other
EFTA01380511.pdf,data-set-10-files-2,1,other
EFTA01380512.pdf,data-set-10-files-2,1,other
EFTA01380513.pdf,data-set-10-files-2,1,other
EFTA01380514.pdf,data-set-10-files-2,1,other
EFTA01380515.pdf,data-set-10-files-2,1,other
EFTA01380516.pdf,data-set-10-files-2,1,other
EFTA01380517.pdf,data-set-10-files-2,1,other
EFTA01380518.pdf,data-set-10-files-2,1,other
EFTA01380519.pdf,data-set-10-files-2,1,other
EFTA01380520.pdf,data-set-10-files-2,1,other
EFTA01380521.pdf,data-set-10-files-2,1,other
EFTA01380522.pdf,data-set-10-files-2,1,other
EFTA01380523.pdf,data-set-10-files-2,1,other
EFTA01380524.pdf,data-set-10-files-2,1,other
EFTA01380525.pdf,data-set-10-files-2,1,other
EFTA01380526.pdf,data-set-10-files-2,1,other
EFTA01380527.pdf,data-set-10-files-2,1,other
EFTA01380528.pdf,data-set-10-files-2,1,other
EFTA01380529.pdf,data-set-10-files-2,1,other
EFTA01380530.pdf,data-set-10-files-2,1,other
EFTA01380531.pdf,data-set-10-files-2,1,other
EFTA01380532.pdf,data-set-10-files-2,1,other
EFTA01380533.pdf,data-set-10-files-2,1,other
EFTA01380534.pdf,data-set-10-files-2,1,other
EFTA01380535.pdf,data-set-10-files-2,1,other
EFTA01380536.pdf,data-set-10-files-2,1,other
EFTA01380537.pdf,data-set-10-files-2,1,email
EFTA01380538.pdf,data-set-10-files-2,1,email
EFTA01380539.pdf,data-set-10-files-2,1,other
EFTA01380540.pdf,data-set-10-files-2,1,other
EFTA01380541.pdf,data-set-10-files-2,1,other
EFTA01380542.pdf,data-set-10-files-2,1,other
EFTA01380543.pdf,data-set-10-files-2,1,other
EFTA01380544.pdf,data-set-10-files-2,1,other
EFTA01380545.pdf,data-set-10-files-2,1,other
EFTA01380546.pdf,data-set-10-files-2,1,other
EFTA01380547.pdf,data-set-10-files-2,1,other
EFTA01380548.pdf,data-set-10-files-2,1,other
EFTA01380549.pdf,data-set-10-files-2,1,other
EFTA01380550.pdf,data-set-10-files-2,1,other
EFTA01380551.pdf,data-set-10-files-2,1,other
EFTA01380552.pdf,data-set-10-files-2,1,other
EFTA01380553.pdf,data-set-10-files-2,1,other
EFTA01380554.pdf,data-set-10-files-2,1,other
EFTA01380555.pdf,data-set-10-files-2,1,other
EFTA01380556.pdf,data-set-10-files-2,1,other
EFTA01380557.pdf,data-set-10-files-2,1,other
EFTA01380558.pdf,data-set-10-files-2,1,other
EFTA01380559.pdf,data-set-10-files-2,1,other
EFTA01380560.pdf,data-set-10-files-2,1,other
EFTA01380561.pdf,data-set-10-files-2,1,other
EFTA01380562.pdf,data-set-10-files-2,1,other
EFTA01380563.pdf,data-set-10-files-2,1,other
EFTA01380564.pdf,data-set-10-files-2,1,other
EFTA01380565.pdf,data-set-10-files-2,1,other
EFTA01380566.pdf,data-set-10-files-2,1,other
EFTA01380567.pdf,data-set-10-files-2,1,other
EFTA01380568.pdf,data-set-10-files-2,1,other
EFTA01380569.pdf,data-set-10-files-2,1,other
EFTA01380570.pdf,data-set-10-files-2,1,other
EFTA01380571.pdf,data-set-10-files-2,1,other
EFTA01380572.pdf,data-set-10-files-2,1,other
EFTA01380573.pdf,data-set-10-files-2,1,other
EFTA01380574.pdf,data-set-10-files-2,1,other
EFTA01380575.pdf,data-set-10-files-2,1,other
EFTA01380576.pdf,data-set-10-files-2,1,other
EFTA01380577.pdf,data-set-10-files-2,1,other
EFTA01380578.pdf,data-set-10-files-2,1,other
EFTA01380579.pdf,data-set-10-files-2,1,other
EFTA01380580.pdf,data-set-10-files-2,1,other
EFTA01380581.pdf,data-set-10-files-2,1,other
EFTA01380582.pdf,data-set-10-files-2,1,other
EFTA01380583.pdf,data-set-10-files-2,1,other
EFTA01380584.pdf,data-set-10-files-2,1,other
EFTA01380585.pdf,data-set-10-files-2,1,other
EFTA01380586.pdf,data-set-10-files-2,1,other
EFTA01380587.pdf,data-set-10-files-2,1,other
EFTA01380588.pdf,data-set-10-files-2,1,other
EFTA01380589.pdf,data-set-10-files-2,1,other
EFTA01380590.pdf,data-set-10-files-2,1,other
EFTA01380591.pdf,data-set-10-files-2,1,other
EFTA01380592.pdf,data-set-10-files-2,1,other
EFTA01380593.pdf,data-set-10-files-2,1,other
EFTA01380594.pdf,data-set-10-files-2,1,other
EFTA01380595.pdf,data-set-10-files-2,1,other
EFTA01380596.pdf,data-set-10-files-2,1,other
EFTA01380597.pdf,data-set-10-files-2,1,other
EFTA01380598.pdf,data-set-10-files-2,1,other
EFTA01380599.pdf,data-set-10-files-2,1,other
EFTA01380600.pdf,data-set-10-files-2,1,other
EFTA01380601.pdf,data-set-10-files-2,1,other
EFTA01380602.pdf,data-set-10-files-2,1,other
EFTA01380603.pdf,data-set-10-files-2,1,other
EFTA01380604.pdf,data-set-10-files-2,1,other
EFTA01380605.pdf,data-set-10-files-2,1,other
EFTA01380606.pdf,data-set-10-files-2,1,other
EFTA01380607.pdf,data-set-10-files-2,1,other
EFTA01380608.pdf,data-set-10-files-2,1,other
EFTA01380609.pdf,data-set-10-files-2,1,other
EFTA01380610.pdf,data-set-10-files-2,1,other
EFTA01380611.pdf,data-set-10-files-2,1,other
EFTA01380612.pdf,data-set-10-files-2,1,other
EFTA01380613.pdf,data-set-10-files-2,1,other
EFTA01380614.pdf,data-set-10-files-2,1,other
EFTA01380615.pdf,data-set-10-files-2,1,other
EFTA01380616.pdf,data-set-10-files-2,1,other
EFTA01380617.pdf,data-set-10-files-2,1,other
EFTA01380618.pdf,data-set-10-files-2,1,other
EFTA01380619.pdf,data-set-10-files-2,1,other
EFTA01380620.pdf,data-set-10-files-2,1,other
EFTA01380621.pdf,data-set-10-files-2,1,other
EFTA01380622.pdf,data-set-10-files-2,1,other
EFTA01380623.pdf,data-set-10-files-2,1,other
EFTA01380624.pdf,data-set-10-files-2,1,other
EFTA01380625.pdf,data-set-10-files-2,1,other
EFTA01380626.pdf,data-set-10-files-2,1,other
EFTA01380627.pdf,data-set-10-files-2,1,email
EFTA01380628.pdf,data-set-10-files-2,1,email
EFTA01380629.pdf,data-set-10-files-2,1,email
EFTA01380630.pdf,data-set-10-files-2,1,other
EFTA01380631.pdf,data-set-10-files-2,1,other
EFTA01380632.pdf,data-set-10-files-2,1,email
EFTA01380633.pdf,data-set-10-files-2,1,other
EFTA01380634.pdf,data-set-10-files-2,1,other
EFTA01380635.pdf,data-set-10-files-2,1,email
EFTA01380636.pdf,data-set-10-files-2,1,other
EFTA01380637.pdf,data-set-10-files-2,1,email
EFTA01380638.pdf,data-set-10-files-2,1,other
EFTA01380639.pdf,data-set-10-files-2,1,other
EFTA01380640.pdf,data-set-10-files-2,1,email
EFTA01380641.pdf,data-set-10-files-2,1,email
EFTA01380642.pdf,data-set-10-files-2,1,email
EFTA01380643.pdf,data-set-10-files-2,1,email
EFTA01380644.pdf,data-set-10-files-2,1,other
EFTA01380645.pdf,data-set-10-files-2,1,email
EFTA01380646.pdf,data-set-10-files-2,1,other
EFTA01380647.pdf,data-set-10-files-2,1,other
EFTA01380648.pdf,data-set-10-files-2,1,other
EFTA01380649.pdf,data-set-10-files-2,1,email
EFTA01380650.pdf,data-set-10-files-2,1,email
EFTA01380651.pdf,data-set-10-files-2,1,email
EFTA01380652.pdf,data-set-10-files-2,1,other
EFTA01380653.pdf,data-set-10-files-2,1,email
EFTA01380654.pdf,data-set-10-files-2,1,email
EFTA01380655.pdf,data-set-10-files-2,1,other
EFTA01380656.pdf,data-set-10-files-2,1,email
EFTA01380657.pdf,data-set-10-files-2,1,other
EFTA01380658.pdf,data-set-10-files-2,1,email
EFTA01380659.pdf,data-set-10-files-2,1,email
EFTA01380660.pdf,data-set-10-files-2,1,email
EFTA01380661.pdf,data-set-10-files-2,1,other
EFTA01380662.pdf,data-set-10-files-2,1,other
EFTA01380663.pdf,data-set-10-files-2,1,email
EFTA01380664.pdf,data-set-10-files-2,1,other
EFTA01380665.pdf,data-set-10-files-2,1,other
EFTA01380666.pdf,data-set-10-files-2,1,email
EFTA01380667.pdf,data-set-10-files-2,1,other
EFTA01380668.pdf,data-set-10-files-2,1,email
EFTA01380669.pdf,data-set-10-files-2,1,email
EFTA01380670.pdf,data-set-10-files-2,1,email
EFTA01380671.pdf,data-set-10-files-2,1,email
EFTA01380672.pdf,data-set-10-files-2,1,email
EFTA01380673.pdf,data-set-10-files-2,1,email
EFTA01380674.pdf,data-set-10-files-2,1,email
EFTA01380675.pdf,data-set-10-files-2,1,email
EFTA01380676.pdf,data-set-10-files-2,1,email
EFTA01380677.pdf,data-set-10-files-2,1,email
EFTA01380678.pdf,data-set-10-files-2,1,email
EFTA01380679.pdf,data-set-10-files-2,1,email
EFTA01380680.pdf,data-set-10-files-2,1,other
EFTA01380681.pdf,data-set-10-files-2,1,other
EFTA01380682.pdf,data-set-10-files-2,1,other
EFTA01380683.pdf,data-set-10-files-2,1,other
EFTA01380684.pdf,data-set-10-files-2,1,other
EFTA01380685.pdf,data-set-10-files-2,1,other
EFTA01380686.pdf,data-set-10-files-2,1,other
EFTA01380687.pdf,data-set-10-files-2,1,other
EFTA01380688.pdf,data-set-10-files-2,1,other
EFTA01380689.pdf,data-set-10-files-2,1,other
EFTA01380690.pdf,data-set-10-files-2,1,other
EFTA01380691.pdf,data-set-10-files-2,1,other
EFTA01380692.pdf,data-set-10-files-2,1,other
EFTA01380693.pdf,data-set-10-files-2,1,other
EFTA01380694.pdf,data-set-10-files-2,1,other
EFTA01380695.pdf,data-set-10-files-2,1,other
EFTA01380696.pdf,data-set-10-files-2,1,other
EFTA01380697.pdf,data-set-10-files-2,1,other
EFTA01380698.pdf,data-set-10-files-2,1,other
EFTA01380699.pdf,data-set-10-files-2,1,other
EFTA01380700.pdf,data-set-10-files-2,1,other
EFTA01380701.pdf,data-set-10-files-2,1,other
EFTA01380702.pdf,data-set-10-files-2,1,other
EFTA01380703.pdf,data-set-10-files-2,1,other
EFTA01380704.pdf,data-set-10-files-2,1,other
EFTA01380705.pdf,data-set-10-files-2,1,other
EFTA01380706.pdf,data-set-10-files-2,1,other
EFTA01380707.pdf,data-set-10-files-2,1,other
EFTA01380708.pdf,data-set-10-files-2,1,other
EFTA01380709.pdf,data-set-10-files-2,1,other
EFTA01380710.pdf,data-set-10-files-2,1,other
EFTA01380711.pdf,data-set-10-files-2,1,other
EFTA01380712.pdf,data-set-10-files-2,1,other
EFTA01380713.pdf,data-set-10-files-2,1,other
EFTA01380714.pdf,data-set-10-files-2,1,other
EFTA01380715.pdf,data-set-10-files-2,1,other
EFTA01380716.pdf,data-set-10-files-2,1,other
EFTA01380717.pdf,data-set-10-files-2,1,other
EFTA01380718.pdf,data-set-10-files-2,1,other
EFTA01380719.pdf,data-set-10-files-2,1,other
EFTA01380720.pdf,data-set-10-files-2,1,other
EFTA01380721.pdf,data-set-10-files-2,1,other
EFTA01380722.pdf,data-set-10-files-2,1,other
EFTA01380723.pdf,data-set-10-files-2,1,other
EFTA01380724.pdf,data-set-10-files-2,1,other
EFTA01380725.pdf,data-set-10-files-2,1,other
EFTA01380726.pdf,data-set-10-files-2,1,other
EFTA01380727.pdf,data-set-10-files-2,1,email
EFTA01380728.pdf,data-set-10-files-2,1,email
EFTA01380729.pdf,data-set-10-files-2,1,other
EFTA01380730.pdf,data-set-10-files-2,1,other
EFTA01380731.pdf,data-set-10-files-2,1,other
EFTA01380732.pdf,data-set-10-files-2,1,other
EFTA01380733.pdf,data-set-10-files-2,1,other
EFTA01380734.pdf,data-set-10-files-2,1,other
EFTA01380735.pdf,data-set-10-files-2,1,other
EFTA01380736.pdf,data-set-10-files-2,1,other
EFTA01380737.pdf,data-set-10-files-2,1,other
EFTA01380738.pdf,data-set-10-files-2,1,email
EFTA01380739.pdf,data-set-10-files-2,1,other
EFTA01380740.pdf,data-set-10-files-2,1,email
EFTA01380741.pdf,data-set-10-files-2,1,email
EFTA01380742.pdf,data-set-10-files-2,1,email
EFTA01380743.pdf,data-set-10-files-2,1,other
EFTA01380744.pdf,data-set-10-files-2,1,email
EFTA01380745.pdf,data-set-10-files-2,1,other
EFTA01380746.pdf,data-set-10-files-2,1,email
EFTA01380747.pdf,data-set-10-files-2,1,email
EFTA01380748.pdf,data-set-10-files-2,1,email
EFTA01380749.pdf,data-set-10-files-2,1,other
EFTA01380750.pdf,data-set-10-files-2,1,email
EFTA01380751.pdf,data-set-10-files-2,1,email
EFTA01380752.pdf,data-set-10-files-2,1,email
EFTA01380753.pdf,data-set-10-files-2,1,other
EFTA01380754.pdf,data-set-10-files-2,1,email
EFTA01380755.pdf,data-set-10-files-2,1,other
EFTA01380756.pdf,data-set-10-files-2,1,other
EFTA01380757.pdf,data-set-10-files-2,1,other
EFTA01380758.pdf,data-set-10-files-2,1,other
EFTA01380759.pdf,data-set-10-files-2,1,other
EFTA01380760.pdf,data-set-10-files-2,1,other
EFTA01380761.pdf,data-set-10-files-2,1,other
EFTA01380762.pdf,data-set-10-files-2,1,other
EFTA01380763.pdf,data-set-10-files-2,1,other
EFTA01380764.pdf,data-set-10-files-2,1,other
EFTA01380765.pdf,data-set-10-files-2,1,other
EFTA01380766.pdf,data-set-10-files-2,1,other
EFTA01380767.pdf,data-set-10-files-2,1,other
EFTA01380768.pdf,data-set-10-files-2,1,other
EFTA01380769.pdf,data-set-10-files-2,1,other
EFTA01380770.pdf,data-set-10-files-2,1,email
EFTA01380771.pdf,data-set-10-files-2,1,email
EFTA01380772.pdf,data-set-10-files-2,1,other
EFTA01380773.pdf,data-set-10-files-2,1,email
EFTA01380774.pdf,data-set-10-files-2,1,email
EFTA01380775.pdf,data-set-10-files-2,1,other
EFTA01380776.pdf,data-set-10-files-2,1,email
EFTA01380777.pdf,data-set-10-files-2,1,other
EFTA01380778.pdf,data-set-10-files-2,1,email
EFTA01380779.pdf,data-set-10-files-2,1,email
EFTA01380780.pdf,data-set-10-files-2,1,email
EFTA01380781.pdf,data-set-10-files-2,1,email
EFTA01380782.pdf,data-set-10-files-2,1,email
EFTA01380783.pdf,data-set-10-files-2,1,email
EFTA01380784.pdf,data-set-10-files-2,1,email
EFTA01380785.pdf,data-set-10-files-2,1,email
EFTA01380786.pdf,data-set-10-files-2,1,other
EFTA01380787.pdf,data-set-10-files-2,1,email
EFTA01380788.pdf,data-set-10-files-2,1,email
EFTA01380789.pdf,data-set-10-files-2,1,email
EFTA01380790.pdf,data-set-10-files-2,1,email
EFTA01380791.pdf,data-set-10-files-2,1,other
EFTA01380792.pdf,data-set-10-files-2,1,other
EFTA01380793.pdf,data-set-10-files-2,1,email
EFTA01380794.pdf,data-set-10-files-2,1,email
EFTA01380795.pdf,data-set-10-files-2,1,email
EFTA01380796.pdf,data-set-10-files-2,1,other
EFTA01380797.pdf,data-set-10-files-2,1,other
EFTA01380798.pdf,data-set-10-files-2,1,email
EFTA01380799.pdf,data-set-10-files-2,1,other
EFTA01380800.pdf,data-set-10-files-2,1,other
EFTA01380801.pdf,data-set-10-files-2,1,email
EFTA01380802.pdf,data-set-10-files-2,1,other
EFTA01380803.pdf,data-set-10-files-2,1,other
EFTA01380804.pdf,data-set-10-files-2,1,other
EFTA01380805.pdf,data-set-10-files-2,1,email
EFTA01380806.pdf,data-set-10-files-2,1,other
EFTA01380807.pdf,data-set-10-files-2,1,other
EFTA01380808.pdf,data-set-10-files-2,1,other
EFTA01380809.pdf,data-set-10-files-2,1,other
EFTA01380810.pdf,data-set-10-files-2,1,other
EFTA01380811.pdf,data-set-10-files-2,1,other
EFTA01380812.pdf,data-set-10-files-2,1,other
EFTA01380813.pdf,data-set-10-files-2,1,other
EFTA01380814.pdf,data-set-10-files-2,1,other
EFTA01380815.pdf,data-set-10-files-2,1,other
EFTA01380816.pdf,data-set-10-files-2,1,other
EFTA01380817.pdf,data-set-10-files-2,1,other
EFTA01380818.pdf,data-set-10-files-2,1,other
EFTA01380819.pdf,data-set-10-files-2,1,other
EFTA01380820.pdf,data-set-10-files-2,1,other
EFTA01380821.pdf,data-set-10-files-2,1,other
EFTA01380822.pdf,data-set-10-files-2,1,other
EFTA01380823.pdf,data-set-10-files-2,1,other
EFTA01380824.pdf,data-set-10-files-2,1,other
EFTA01380825.pdf,data-set-10-files-2,1,other
EFTA01380826.pdf,data-set-10-files-2,1,other
EFTA01380827.pdf,data-set-10-files-2,1,other
EFTA01380828.pdf,data-set-10-files-2,1,other
EFTA01380829.pdf,data-set-10-files-2,1,other
EFTA01380830.pdf,data-set-10-files-2,1,other
EFTA01380831.pdf,data-set-10-files-2,1,other
EFTA01380832.pdf,data-set-10-files-2,1,other
EFTA01380833.pdf,data-set-10-files-2,1,other
EFTA01380834.pdf,data-set-10-files-2,1,other
EFTA01380835.pdf,data-set-10-files-2,1,other
EFTA01380836.pdf,data-set-10-files-2,1,other
EFTA01380837.pdf,data-set-10-files-2,1,other
EFTA01380838.pdf,data-set-10-files-2,1,other
EFTA01380839.pdf,data-set-10-files-2,1,other
EFTA01380840.pdf,data-set-10-files-2,1,email
EFTA01380841.pdf,data-set-10-files-2,1,other
EFTA01380842.pdf,data-set-10-files-2,1,email
EFTA01380843.pdf,data-set-10-files-2,1,other
EFTA01380844.pdf,data-set-10-files-2,1,other
EFTA01380845.pdf,data-set-10-files-2,1,email
EFTA01380846.pdf,data-set-10-files-2,1,email
EFTA01380847.pdf,data-set-10-files-2,1,email
EFTA01380848.pdf,data-set-10-files-2,1,email
EFTA01380849.pdf,data-set-10-files-2,1,email
EFTA01380850.pdf,data-set-10-files-2,1,other
EFTA01380851.pdf,data-set-10-files-2,1,email
EFTA01380852.pdf,data-set-10-files-2,1,other
EFTA01380853.pdf,data-set-10-files-2,1,email
EFTA01380854.pdf,data-set-10-files-2,1,other
EFTA01380855.pdf,data-set-10-files-2,1,email
EFTA01380856.pdf,data-set-10-files-2,1,email
EFTA01380857.pdf,data-set-10-files-2,1,other
EFTA01380858.pdf,data-set-10-files-2,1,other
EFTA01380859.pdf,data-set-10-files-2,1,other
EFTA01380860.pdf,data-set-10-files-2,1,other
EFTA01380861.pdf,data-set-10-files-2,1,other
EFTA01380862.pdf,data-set-10-files-2,1,other
EFTA01380863.pdf,data-set-10-files-2,1,other
EFTA01380864.pdf,data-set-10-files-2,1,other
EFTA01380865.pdf,data-set-10-files-2,1,other
EFTA01380866.pdf,data-set-10-files-2,1,other
EFTA01380867.pdf,data-set-10-files-2,1,other
EFTA01380868.pdf,data-set-10-files-2,1,other
EFTA01380869.pdf,data-set-10-files-2,1,other
EFTA01380870.pdf,data-set-10-files-2,1,other
EFTA01380871.pdf,data-set-10-files-2,1,other
EFTA01380872.pdf,data-set-10-files-2,1,other
EFTA01380873.pdf,data-set-10-files-2,1,other
EFTA01380874.pdf,data-set-10-files-2,1,other
EFTA01380875.pdf,data-set-10-files-2,1,other
EFTA01380876.pdf,data-set-10-files-2,1,other
EFTA01380877.pdf,data-set-10-files-2,1,other
EFTA01380878.pdf,data-set-10-files-2,1,other
EFTA01380879.pdf,data-set-10-files-2,1,email
EFTA01380880.pdf,data-set-10-files-2,1,other
EFTA01380881.pdf,data-set-10-files-2,1,other
EFTA01380882.pdf,data-set-10-files-2,1,email
EFTA01380883.pdf,data-set-10-files-2,1,email
EFTA01380884.pdf,data-set-10-files-2,1,other
EFTA01380885.pdf,data-set-10-files-2,1,email
EFTA01380886.pdf,data-set-10-files-2,1,other
EFTA01380887.pdf,data-set-10-files-2,1,email
EFTA01380888.pdf,data-set-10-files-2,1,email
EFTA01380889.pdf,data-set-10-files-2,1,other
EFTA01380890.pdf,data-set-10-files-2,1,email
EFTA01380891.pdf,data-set-10-files-2,1,email
EFTA01380892.pdf,data-set-10-files-2,1,other
EFTA01380893.pdf,data-set-10-files-2,1,other
EFTA01380894.pdf,data-set-10-files-2,1,other
EFTA01380895.pdf,data-set-10-files-2,1,other
EFTA01380896.pdf,data-set-10-files-2,1,other
EFTA01380897.pdf,data-set-10-files-2,1,other
EFTA01380898.pdf,data-set-10-files-2,1,other
EFTA01380899.pdf,data-set-10-files-2,1,other
EFTA01380900.pdf,data-set-10-files-2,1,other
EFTA01380901.pdf,data-set-10-files-2,1,other
EFTA01380902.pdf,data-set-10-files-2,1,other
EFTA01380903.pdf,data-set-10-files-2,1,other
EFTA01380904.pdf,data-set-10-files-2,1,email
EFTA01380905.pdf,data-set-10-files-2,1,email
EFTA01380906.pdf,data-set-10-files-2,1,other
EFTA01380907.pdf,data-set-10-files-2,1,other
EFTA01380908.pdf,data-set-10-files-2,1,other
EFTA01380909.pdf,data-set-10-files-2,1,email
EFTA01380910.pdf,data-set-10-files-2,1,email
EFTA01380911.pdf,data-set-10-files-2,1,other
EFTA01380912.pdf,data-set-10-files-2,1,email
EFTA01380913.pdf,data-set-10-files-2,1,email
EFTA01380914.pdf,data-set-10-files-2,1,email
EFTA01380915.pdf,data-set-10-files-2,1,email
EFTA01380916.pdf,data-set-10-files-2,1,email
EFTA01380917.pdf,data-set-10-files-2,1,email
EFTA01380918.pdf,data-set-10-files-2,1,email
EFTA01380919.pdf,data-set-10-files-2,1,other
EFTA01380920.pdf,data-set-10-files-2,1,other
EFTA01380921.pdf,data-set-10-files-2,1,other
EFTA01380922.pdf,data-set-10-files-2,1,other
EFTA01380923.pdf,data-set-10-files-2,1,email
EFTA01380924.pdf,data-set-10-files-2,1,email
EFTA01380925.pdf,data-set-10-files-2,1,other
EFTA01380926.pdf,data-set-10-files-2,1,other
EFTA01380927.pdf,data-set-10-files-2,1,other
EFTA01380928.pdf,data-set-10-files-2,1,email
EFTA01380929.pdf,data-set-10-files-2,1,email
EFTA01380930.pdf,data-set-10-files-2,1,email
EFTA01380931.pdf,data-set-10-files-2,1,other
EFTA01380932.pdf,data-set-10-files-2,1,other
EFTA01380933.pdf,data-set-10-files-2,1,email
EFTA01380934.pdf,data-set-10-files-2,1,other
EFTA01380935.pdf,data-set-10-files-2,1,other
EFTA01380936.pdf,data-set-10-files-2,1,email
EFTA01380937.pdf,data-set-10-files-2,1,email
EFTA01380938.pdf,data-set-10-files-2,1,email
EFTA01380939.pdf,data-set-10-files-2,1,email
EFTA01380940.pdf,data-set-10-files-2,1,email
EFTA01380941.pdf,data-set-10-files-2,1,other
EFTA01380942.pdf,data-set-10-files-2,1,other
EFTA01380943.pdf,data-set-10-files-2,1,other
EFTA01380944.pdf,data-set-10-files-2,1,email
EFTA01380945.pdf,data-set-10-files-2,1,email
EFTA01380946.pdf,data-set-10-files-2,1,email
EFTA01380947.pdf,data-set-10-files-2,1,other
EFTA01380948.pdf,data-set-10-files-2,1,email
EFTA01380949.pdf,data-set-10-files-2,1,other
EFTA01380950.pdf,data-set-10-files-2,1,email
EFTA01380951.pdf,data-set-10-files-2,1,other
EFTA01380952.pdf,data-set-10-files-2,1,other
EFTA01380953.pdf,data-set-10-files-2,1,email
EFTA01380954.pdf,data-set-10-files-2,1,email
EFTA01380955.pdf,data-set-10-files-2,1,email
EFTA01380956.pdf,data-set-10-files-2,1,other
EFTA01380957.pdf,data-set-10-files-2,1,other
EFTA01380958.pdf,data-set-10-files-2,1,other
EFTA01380959.pdf,data-set-10-files-2,1,email
EFTA01380960.pdf,data-set-10-files-2,1,email
EFTA01380961.pdf,data-set-10-files-2,1,email
EFTA01380962.pdf,data-set-10-files-2,1,other
EFTA01380963.pdf,data-set-10-files-2,1,email
EFTA01380964.pdf,data-set-10-files-2,1,other
EFTA01380965.pdf,data-set-10-files-2,1,email
EFTA01380966.pdf,data-set-10-files-2,1,email
EFTA01380967.pdf,data-set-10-files-2,1,email
EFTA01380968.pdf,data-set-10-files-2,1,email
EFTA01380969.pdf,data-set-10-files-2,1,email
EFTA01380970.pdf,data-set-10-files-2,1,email
EFTA01380971.pdf,data-set-10-files-2,1,other
EFTA01380972.pdf,data-set-10-files-2,1,other
EFTA01380973.pdf,data-set-10-files-2,1,other
EFTA01380974.pdf,data-set-10-files-2,1,email
EFTA01380975.pdf,data-set-10-files-2,1,other
EFTA01380976.pdf,data-set-10-files-2,1,other
EFTA01380977.pdf,data-set-10-files-2,1,other
EFTA01380978.pdf,data-set-10-files-2,1,email
EFTA01380979.pdf,data-set-10-files-2,1,other
EFTA01380980.pdf,data-set-10-files-2,1,other
EFTA01380981.pdf,data-set-10-files-2,1,email
EFTA01380982.pdf,data-set-10-files-2,1,other
EFTA01380983.pdf,data-set-10-files-2,1,email
EFTA01380984.pdf,data-set-10-files-2,1,other
EFTA01380985.pdf,data-set-10-files-2,1,other
EFTA01380986.pdf,data-set-10-files-2,1,other
EFTA01380987.pdf,data-set-10-files-2,1,other
EFTA01380988.pdf,data-set-10-files-2,1,other
EFTA01380989.pdf,data-set-10-files-2,1,other
EFTA01380990.pdf,data-set-10-files-2,1,other
EFTA01380991.pdf,data-set-10-files-2,1,other
EFTA01380992.pdf,data-set-10-files-2,1,other
EFTA01380993.pdf,data-set-10-files-2,1,other
EFTA01380994.pdf,data-set-10-files-2,1,email
EFTA01380995.pdf,data-set-10-files-2,1,email
EFTA01380996.pdf,data-set-10-files-2,1,email
EFTA01380997.pdf,data-set-10-files-2,1,other
EFTA01380998.pdf,data-set-10-files-2,1,email
EFTA01380999.pdf,data-set-10-files-2,1,other
EFTA01381000.pdf,data-set-10-files-2,1,email
EFTA01381001.pdf,data-set-10-files-2,1,other
EFTA01381002.pdf,data-set-10-files-2,1,other
EFTA01381003.pdf,data-set-10-files-2,1,email
EFTA01381004.pdf,data-set-10-files-2,1,email
EFTA01381005.pdf,data-set-10-files-2,1,other
EFTA01381006.pdf,data-set-10-files-2,1,other
EFTA01381007.pdf,data-set-10-files-2,1,other
EFTA01381008.pdf,data-set-10-files-2,1,other
EFTA01381009.pdf,data-set-10-files-2,1,email
EFTA01381010.pdf,data-set-10-files-2,1,other
EFTA01381011.pdf,data-set-10-files-2,1,other
EFTA01381012.pdf,data-set-10-files-2,1,email
EFTA01381013.pdf,data-set-10-files-2,1,email
EFTA01381014.pdf,data-set-10-files-2,1,other
EFTA01381015.pdf,data-set-10-files-2,1,email
EFTA01381016.pdf,data-set-10-files-2,1,email
EFTA01381017.pdf,data-set-10-files-2,1,email
EFTA01381018.pdf,data-set-10-files-2,1,other
EFTA01381019.pdf,data-set-10-files-2,1,other
EFTA01381020.pdf,data-set-10-files-2,1,other
EFTA01381021.pdf,data-set-10-files-2,1,other
EFTA01381022.pdf,data-set-10-files-2,1,other
EFTA01381023.pdf,data-set-10-files-2,1,email
EFTA01381024.pdf,data-set-10-files-2,1,email
EFTA01381025.pdf,data-set-10-files-2,1,other
EFTA01381026.pdf,data-set-10-files-2,1,other
EFTA01381027.pdf,data-set-10-files-2,1,email
EFTA01381028.pdf,data-set-10-files-2,1,email
EFTA01381029.pdf,data-set-10-files-2,1,email
EFTA01381030.pdf,data-set-10-files-2,1,email
EFTA01381031.pdf,data-set-10-files-2,1,email
EFTA01381032.pdf,data-set-10-files-2,1,email
EFTA01381033.pdf,data-set-10-files-2,1,email
EFTA01381034.pdf,data-set-10-files-2,1,email
EFTA01381035.pdf,data-set-10-files-2,1,email
EFTA01381036.pdf,data-set-10-files-2,1,email
EFTA01381037.pdf,data-set-10-files-2,1,other
EFTA01381038.pdf,data-set-10-files-2,1,email
EFTA01381039.pdf,data-set-10-files-2,1,other
EFTA01381040.pdf,data-set-10-files-2,1,email
EFTA01381041.pdf,data-set-10-files-2,1,other
EFTA01381042.pdf,data-set-10-files-2,1,other
EFTA01381043.pdf,data-set-10-files-2,1,other
EFTA01381044.pdf,data-set-10-files-2,1,other
EFTA01381045.pdf,data-set-10-files-2,1,other
EFTA01381046.pdf,data-set-10-files-2,1,email
EFTA01381047.pdf,data-set-10-files-2,1,other
EFTA01381048.pdf,data-set-10-files-2,1,email
EFTA01381049.pdf,data-set-10-files-2,1,email
EFTA01381050.pdf,data-set-10-files-2,1,email
EFTA01381051.pdf,data-set-10-files-2,1,email
EFTA01381052.pdf,data-set-10-files-2,1,email
EFTA01381053.pdf,data-set-10-files-2,1,email
EFTA01381054.pdf,data-set-10-files-2,1,other
EFTA01381055.pdf,data-set-10-files-2,1,other
EFTA01381056.pdf,data-set-10-files-2,1,email
EFTA01381057.pdf,data-set-10-files-2,1,email
EFTA01381058.pdf,data-set-10-files-2,1,email
EFTA01381059.pdf,data-set-10-files-2,1,email
EFTA01381060.pdf,data-set-10-files-2,1,email
EFTA01381061.pdf,data-set-10-files-2,1,other
EFTA01381062.pdf,data-set-10-files-2,1,email
EFTA01381063.pdf,data-set-10-files-2,1,other
EFTA01381064.pdf,data-set-10-files-2,1,email
EFTA01381065.pdf,data-set-10-files-2,1,email
EFTA01381066.pdf,data-set-10-files-2,1,other
EFTA01381067.pdf,data-set-10-files-2,1,other
EFTA01381068.pdf,data-set-10-files-2,1,other
EFTA01381069.pdf,data-set-10-files-2,1,email
EFTA01381070.pdf,data-set-10-files-2,1,email
EFTA01381071.pdf,data-set-10-files-2,1,email
EFTA01381072.pdf,data-set-10-files-2,1,email
EFTA01381073.pdf,data-set-10-files-2,1,photo
EFTA01381074.pdf,data-set-10-files-2,1,other
EFTA01381075.pdf,data-set-10-files-2,1,other
EFTA01381076.pdf,data-set-10-files-2,1,email
EFTA01381077.pdf,data-set-10-files-2,1,other
EFTA01381078.pdf,data-set-10-files-2,1,email
EFTA01381079.pdf,data-set-10-files-2,1,email
EFTA01381080.pdf,data-set-10-files-2,1,other
EFTA01381081.pdf,data-set-10-files-2,1,other
EFTA01381082.pdf,data-set-10-files-2,1,other
EFTA01381083.pdf,data-set-10-files-2,1,other
EFTA01381084.pdf,data-set-10-files-2,1,other
EFTA01381085.pdf,data-set-10-files-2,1,other
EFTA01381086.pdf,data-set-10-files-2,1,other
EFTA01381087.pdf,data-set-10-files-2,1,other
EFTA01381088.pdf,data-set-10-files-2,1,other
EFTA01381089.pdf,data-set-10-files-2,1,other
EFTA01381090.pdf,data-set-10-files-2,1,other
EFTA01381091.pdf,data-set-10-files-2,1,other
EFTA01381092.pdf,data-set-10-files-2,1,other
EFTA01381093.pdf,data-set-10-files-2,1,other
EFTA01381094.pdf,data-set-10-files-2,1,other
EFTA01381095.pdf,data-set-10-files-2,1,email
EFTA01381096.pdf,data-set-10-files-2,1,other
EFTA01381097.pdf,data-set-10-files-2,1,email
EFTA01381098.pdf,data-set-10-files-2,1,email
EFTA01381099.pdf,data-set-10-files-2,1,other
EFTA01381100.pdf,data-set-10-files-2,1,email
EFTA01381101.pdf,data-set-10-files-2,1,email
EFTA01381102.pdf,data-set-10-files-2,1,other
EFTA01381103.pdf,data-set-10-files-2,1,email
EFTA01381104.pdf,data-set-10-files-2,1,email
EFTA01381105.pdf,data-set-10-files-2,1,email
EFTA01381106.pdf,data-set-10-files-2,1,email
EFTA01381107.pdf,data-set-10-files-2,1,other
EFTA01381108.pdf,data-set-10-files-2,1,email
EFTA01381109.pdf,data-set-10-files-2,1,email
EFTA01381110.pdf,data-set-10-files-2,1,email
EFTA01381111.pdf,data-set-10-files-2,1,email
EFTA01381112.pdf,data-set-10-files-2,1,email
EFTA01381113.pdf,data-set-10-files-2,1,other
EFTA01381114.pdf,data-set-10-files-2,1,email
EFTA01381115.pdf,data-set-10-files-2,1,email
EFTA01381116.pdf,data-set-10-files-2,1,email
EFTA01381117.pdf,data-set-10-files-2,1,other
EFTA01381118.pdf,data-set-10-files-2,1,email
EFTA01381119.pdf,data-set-10-files-2,1,other
EFTA01381120.pdf,data-set-10-files-2,1,other
EFTA01381121.pdf,data-set-10-files-2,1,other
EFTA01381122.pdf,data-set-10-files-2,1,email
EFTA01381123.pdf,data-set-10-files-2,1,other
EFTA01381124.pdf,data-set-10-files-2,1,other
EFTA01381125.pdf,data-set-10-files-2,1,other
EFTA01381126.pdf,data-set-10-files-2,1,other
EFTA01381127.pdf,data-set-10-files-2,1,other
EFTA01381128.pdf,data-set-10-files-2,1,other
EFTA01381129.pdf,data-set-10-files-2,1,other
EFTA01381130.pdf,data-set-10-files-2,1,other
EFTA01381131.pdf,data-set-10-files-2,1,other
EFTA01381132.pdf,data-set-10-files-2,1,other
EFTA01381133.pdf,data-set-10-files-2,1,other
EFTA01381134.pdf,data-set-10-files-2,1,other
EFTA01381135.pdf,data-set-10-files-2,1,other
EFTA01381136.pdf,data-set-10-files-2,1,email
EFTA01381137.pdf,data-set-10-files-2,1,email
EFTA01381138.pdf,data-set-10-files-2,1,email
EFTA01381139.pdf,data-set-10-files-2,1,email
EFTA01381140.pdf,data-set-10-files-2,1,email
EFTA01381141.pdf,data-set-10-files-2,1,email
EFTA01381142.pdf,data-set-10-files-2,1,email
EFTA01381143.pdf,data-set-10-files-2,1,email
EFTA01381144.pdf,data-set-10-files-2,1,email
EFTA01381145.pdf,data-set-10-files-2,1,other
EFTA01381146.pdf,data-set-10-files-2,1,email
EFTA01381147.pdf,data-set-10-files-2,1,other
EFTA01381148.pdf,data-set-10-files-2,1,other
EFTA01381149.pdf,data-set-10-files-2,1,email
EFTA01381150.pdf,data-set-10-files-2,1,other
EFTA01381151.pdf,data-set-10-files-2,1,other
EFTA01381152.pdf,data-set-10-files-2,1,other
EFTA01381153.pdf,data-set-10-files-2,1,other
EFTA01381154.pdf,data-set-10-files-2,1,email
EFTA01381155.pdf,data-set-10-files-2,1,other
EFTA01381156.pdf,data-set-10-files-2,1,email
EFTA01381157.pdf,data-set-10-files-2,1,email
EFTA01381158.pdf,data-set-10-files-2,1,other
EFTA01381159.pdf,data-set-10-files-2,1,other
EFTA01381160.pdf,data-set-10-files-2,1,other
EFTA01381161.pdf,data-set-10-files-2,1,other
EFTA01381162.pdf,data-set-10-files-2,1,other
EFTA01381163.pdf,data-set-10-files-2,1,other
EFTA01381164.pdf,data-set-10-files-2,1,other
EFTA01381165.pdf,data-set-10-files-2,1,other
EFTA01381166.pdf,data-set-10-files-2,1,other
EFTA01381167.pdf,data-set-10-files-2,1,other
EFTA01381168.pdf,data-set-10-files-2,1,other
EFTA01381169.pdf,data-set-10-files-2,1,other
EFTA01381170.pdf,data-set-10-files-2,1,other
EFTA01381171.pdf,data-set-10-files-2,1,other
EFTA01381172.pdf,data-set-10-files-2,1,other
EFTA01381173.pdf,data-set-10-files-2,1,other
EFTA01381174.pdf,data-set-10-files-2,1,other
EFTA01381175.pdf,data-set-10-files-2,1,other
EFTA01381176.pdf,data-set-10-files-2,1,other
EFTA01381177.pdf,data-set-10-files-2,1,other
EFTA01381178.pdf,data-set-10-files-2,1,other
EFTA01381179.pdf,data-set-10-files-2,1,other
EFTA01381180.pdf,data-set-10-files-2,1,email
EFTA01381181.pdf,data-set-10-files-2,1,other
EFTA01381182.pdf,data-set-10-files-2,1,email
EFTA01381183.pdf,data-set-10-files-2,1,other
EFTA01381184.pdf,data-set-10-files-2,1,other
EFTA01381185.pdf,data-set-10-files-2,1,other
EFTA01381186.pdf,data-set-10-files-2,1,other
EFTA01381187.pdf,data-set-10-files-2,1,other
EFTA01381188.pdf,data-set-10-files-2,1,other
EFTA01381189.pdf,data-set-10-files-2,1,other
EFTA01381190.pdf,data-set-10-files-2,1,other
EFTA01381191.pdf,data-set-10-files-2,1,email
EFTA01381192.pdf,data-set-10-files-2,1,email
EFTA01381193.pdf,data-set-10-files-2,1,email
EFTA01381194.pdf,data-set-10-files-2,1,other
EFTA01381195.pdf,data-set-10-files-2,1,other
EFTA01381196.pdf,data-set-10-files-2,1,other
EFTA01381197.pdf,data-set-10-files-2,1,email
EFTA01381198.pdf,data-set-10-files-2,1,email
EFTA01381199.pdf,data-set-10-files-2,1,email
EFTA01381200.pdf,data-set-10-files-2,1,email
EFTA01381201.pdf,data-set-10-files-2,1,other
EFTA01381202.pdf,data-set-10-files-2,1,email
EFTA01381203.pdf,data-set-10-files-2,1,email
EFTA01381204.pdf,data-set-10-files-2,1,other
EFTA01381205.pdf,data-set-10-files-2,1,email
EFTA01381206.pdf,data-set-10-files-2,1,other
EFTA01381207.pdf,data-set-10-files-2,1,other
EFTA01381208.pdf,data-set-10-files-2,1,email
EFTA01381209.pdf,data-set-10-files-2,1,other
EFTA01381210.pdf,data-set-10-files-2,1,email
EFTA01381211.pdf,data-set-10-files-2,1,email
EFTA01381212.pdf,data-set-10-files-2,1,email
EFTA01381213.pdf,data-set-10-files-2,1,other
EFTA01381214.pdf,data-set-10-files-2,1,other
EFTA01381215.pdf,data-set-10-files-2,1,email
EFTA01381216.pdf,data-set-10-files-2,1,other
EFTA01381217.pdf,data-set-10-files-2,1,other
EFTA01381218.pdf,data-set-10-files-2,1,email
EFTA01381219.pdf,data-set-10-files-2,1,email
EFTA01381220.pdf,data-set-10-files-2,1,email
EFTA01381221.pdf,data-set-10-files-2,1,email
EFTA01381222.pdf,data-set-10-files-2,1,email
EFTA01381223.pdf,data-set-10-files-2,1,email
EFTA01381224.pdf,data-set-10-files-2,1,other
EFTA01381225.pdf,data-set-10-files-2,1,email
EFTA01381226.pdf,data-set-10-files-2,1,email
EFTA01381227.pdf,data-set-10-files-2,1,email
EFTA01381228.pdf,data-set-10-files-2,1,email
EFTA01381229.pdf,data-set-10-files-2,1,other
EFTA01381230.pdf,data-set-10-files-2,1,email
EFTA01381231.pdf,data-set-10-files-2,1,email
EFTA01381232.pdf,data-set-10-files-2,1,email
EFTA01381233.pdf,data-set-10-files-2,1,email
EFTA01381234.pdf,data-set-10-files-2,1,email
EFTA01381235.pdf,data-set-10-files-2,1,email
EFTA01381236.pdf,data-set-10-files-2,1,email
EFTA01381237.pdf,data-set-10-files-2,1,email
EFTA01381238.pdf,data-set-10-files-2,1,other
EFTA01381239.pdf,data-set-10-files-2,1,email
EFTA01381240.pdf,data-set-10-files-2,1,email
EFTA01381241.pdf,data-set-10-files-2,1,email
EFTA01381242.pdf,data-set-10-files-2,1,email
EFTA01381243.pdf,data-set-10-files-2,1,email
EFTA01381244.pdf,data-set-10-files-2,1,email
EFTA01381245.pdf,data-set-10-files-2,1,other
EFTA01381246.pdf,data-set-10-files-2,1,email
EFTA01381247.pdf,data-set-10-files-2,1,other
EFTA01381248.pdf,data-set-10-files-2,1,other
EFTA01381249.pdf,data-set-10-files-2,1,other
EFTA01381250.pdf,data-set-10-files-2,1,other
EFTA01381251.pdf,data-set-10-files-2,1,other
EFTA01381252.pdf,data-set-10-files-2,1,other
EFTA01381253.pdf,data-set-10-files-2,1,other
EFTA01381254.pdf,data-set-10-files-2,1,other
EFTA01381255.pdf,data-set-10-files-2,1,other
EFTA01381256.pdf,data-set-10-files-2,1,other
EFTA01381257.pdf,data-set-10-files-2,1,other
EFTA01381258.pdf,data-set-10-files-2,1,other
EFTA01381259.pdf,data-set-10-files-2,1,other
EFTA01381260.pdf,data-set-10-files-2,1,other
EFTA01381261.pdf,data-set-10-files-2,1,other
EFTA01381262.pdf,data-set-10-files-2,1,other
EFTA01381263.pdf,data-set-10-files-2,1,other
EFTA01381264.pdf,data-set-10-files-2,1,other
EFTA01381265.pdf,data-set-10-files-2,1,other
EFTA01381266.pdf,data-set-10-files-2,1,other
EFTA01381267.pdf,data-set-10-files-2,1,other
EFTA01381268.pdf,data-set-10-files-2,1,other
EFTA01381269.pdf,data-set-10-files-2,1,other
EFTA01381270.pdf,data-set-10-files-2,1,other
EFTA01381271.pdf,data-set-10-files-2,1,other
EFTA01381272.pdf,data-set-10-files-2,1,other
EFTA01381273.pdf,data-set-10-files-2,1,other
EFTA01381274.pdf,data-set-10-files-2,1,other
EFTA01381275.pdf,data-set-10-files-2,1,other
EFTA01381276.pdf,data-set-10-files-2,1,email
EFTA01381277.pdf,data-set-10-files-2,1,other
EFTA01381278.pdf,data-set-10-files-2,1,other
EFTA01381279.pdf,data-set-10-files-2,1,other
EFTA01381280.pdf,data-set-10-files-2,1,other
EFTA01381281.pdf,data-set-10-files-2,1,other
EFTA01381282.pdf,data-set-10-files-2,1,other
EFTA01381283.pdf,data-set-10-files-2,1,other
EFTA01381284.pdf,data-set-10-files-2,1,other
EFTA01381285.pdf,data-set-10-files-2,1,other
EFTA01381286.pdf,data-set-10-files-2,1,other
EFTA01381287.pdf,data-set-10-files-2,1,other
EFTA01381288.pdf,data-set-10-files-2,1,other
EFTA01381289.pdf,data-set-10-files-2,1,other
EFTA01381290.pdf,data-set-10-files-2,1,other
EFTA01381291.pdf,data-set-10-files-2,1,other
EFTA01381292.pdf,data-set-10-files-2,1,other
EFTA01381293.pdf,data-set-10-files-2,1,other
EFTA01381294.pdf,data-set-10-files-2,1,other
EFTA01381295.pdf,data-set-10-files-2,1,other
EFTA01381296.pdf,data-set-10-files-2,1,other
EFTA01381297.pdf,data-set-10-files-2,1,other
EFTA01381298.pdf,data-set-10-files-2,1,other
EFTA01381299.pdf,data-set-10-files-2,1,other
EFTA01381300.pdf,data-set-10-files-2,1,other
EFTA01381301.pdf,data-set-10-files-2,1,other
EFTA01381302.pdf,data-set-10-files-2,1,other
EFTA01381303.pdf,data-set-10-files-2,1,other
EFTA01381304.pdf,data-set-10-files-2,1,other
EFTA01381305.pdf,data-set-10-files-2,1,other
EFTA01381306.pdf,data-set-10-files-2,1,other
EFTA01381307.pdf,data-set-10-files-2,1,other
EFTA01381308.pdf,data-set-10-files-2,1,other
EFTA01381309.pdf,data-set-10-files-2,1,other
EFTA01381310.pdf,data-set-10-files-2,1,other
EFTA01381311.pdf,data-set-10-files-2,1,other
EFTA01381312.pdf,data-set-10-files-2,1,other
EFTA01381313.pdf,data-set-10-files-2,1,other
EFTA01381314.pdf,data-set-10-files-2,1,other
EFTA01381315.pdf,data-set-10-files-2,1,other
EFTA01381316.pdf,data-set-10-files-2,1,other
EFTA01381317.pdf,data-set-10-files-2,1,other
EFTA01381318.pdf,data-set-10-files-2,1,other
EFTA01381319.pdf,data-set-10-files-2,1,other
EFTA01381320.pdf,data-set-10-files-2,1,other
EFTA01381321.pdf,data-set-10-files-2,1,other
EFTA01381322.pdf,data-set-10-files-2,1,other
EFTA01381323.pdf,data-set-10-files-2,1,other
EFTA01381324.pdf,data-set-10-files-2,1,other
EFTA01381325.pdf,data-set-10-files-2,1,other
EFTA01381326.pdf,data-set-10-files-2,1,other
EFTA01381327.pdf,data-set-10-files-2,1,other
EFTA01381328.pdf,data-set-10-files-2,1,other
EFTA01381329.pdf,data-set-10-files-2,1,other
EFTA01381330.pdf,data-set-10-files-2,1,other
EFTA01381331.pdf,data-set-10-files-2,1,other
EFTA01381332.pdf,data-set-10-files-2,1,other
EFTA01381333.pdf,data-set-10-files-2,1,other
EFTA01381334.pdf,data-set-10-files-2,1,other
EFTA01381335.pdf,data-set-10-files-2,1,other
EFTA01381336.pdf,data-set-10-files-2,1,other
EFTA01381337.pdf,data-set-10-files-2,1,other
EFTA01381338.pdf,data-set-10-files-2,1,other
EFTA01381339.pdf,data-set-10-files-2,1,other
EFTA01381340.pdf,data-set-10-files-2,1,other
EFTA01381341.pdf,data-set-10-files-2,1,other
EFTA01381342.pdf,data-set-10-files-2,1,other
EFTA01381343.pdf,data-set-10-files-2,1,other
EFTA01381344.pdf,data-set-10-files-2,1,other
EFTA01381345.pdf,data-set-10-files-2,1,other
EFTA01381346.pdf,data-set-10-files-2,1,other
EFTA01381347.pdf,data-set-10-files-2,1,other
EFTA01381348.pdf,data-set-10-files-2,1,other
EFTA01381349.pdf,data-set-10-files-2,1,other
EFTA01381350.pdf,data-set-10-files-2,1,other
EFTA01381351.pdf,data-set-10-files-2,1,other
EFTA01381352.pdf,data-set-10-files-2,1,other
EFTA01381353.pdf,data-set-10-files-2,1,other
EFTA01381354.pdf,data-set-10-files-2,1,other
EFTA01381355.pdf,data-set-10-files-2,1,other
EFTA01381356.pdf,data-set-10-files-2,1,email
EFTA01381357.pdf,data-set-10-files-2,1,email
EFTA01381358.pdf,data-set-10-files-2,1,email
EFTA01381359.pdf,data-set-10-files-2,1,other
EFTA01381360.pdf,data-set-10-files-2,1,other
EFTA01381361.pdf,data-set-10-files-2,1,other
EFTA01381362.pdf,data-set-10-files-2,1,other
EFTA01381363.pdf,data-set-10-files-2,1,email
EFTA01381364.pdf,data-set-10-files-2,1,other
EFTA01381365.pdf,data-set-10-files-2,1,other
EFTA01381366.pdf,data-set-10-files-2,1,other
EFTA01381367.pdf,data-set-10-files-2,1,email
EFTA01381368.pdf,data-set-10-files-2,1,email
EFTA01381369.pdf,data-set-10-files-2,1,email
EFTA01381370.pdf,data-set-10-files-2,1,email
EFTA01381371.pdf,data-set-10-files-2,1,other
EFTA01381372.pdf,data-set-10-files-2,1,other
EFTA01381373.pdf,data-set-10-files-2,1,email
EFTA01381374.pdf,data-set-10-files-2,1,other
EFTA01381375.pdf,data-set-10-files-2,1,email
EFTA01381376.pdf,data-set-10-files-2,1,email
EFTA01381377.pdf,data-set-10-files-2,1,other
EFTA01381378.pdf,data-set-10-files-2,1,other
EFTA01381379.pdf,data-set-10-files-2,1,email
EFTA01381380.pdf,data-set-10-files-2,1,other
EFTA01381381.pdf,data-set-10-files-2,1,email
EFTA01381382.pdf,data-set-10-files-2,1,email
EFTA01381383.pdf,data-set-10-files-2,1,email
EFTA01381384.pdf,data-set-10-files-2,1,email
EFTA01381385.pdf,data-set-10-files-2,1,email
EFTA01381386.pdf,data-set-10-files-2,1,email
EFTA01381387.pdf,data-set-10-files-2,1,email
EFTA01381388.pdf,data-set-10-files-2,1,email
EFTA01381389.pdf,data-set-10-files-2,1,email
EFTA01381390.pdf,data-set-10-files-2,1,other
EFTA01381391.pdf,data-set-10-files-2,1,email
EFTA01381392.pdf,data-set-10-files-2,1,email
EFTA01381393.pdf,data-set-10-files-2,1,other
EFTA01381394.pdf,data-set-10-files-2,1,other
EFTA01381395.pdf,data-set-10-files-2,1,email
EFTA01381396.pdf,data-set-10-files-2,1,other
EFTA01381397.pdf,data-set-10-files-2,1,other
EFTA01381398.pdf,data-set-10-files-2,1,other
EFTA01381399.pdf,data-set-10-files-2,1,other
EFTA01381400.pdf,data-set-10-files-2,1,other
EFTA01381401.pdf,data-set-10-files-2,1,other
EFTA01381402.pdf,data-set-10-files-2,1,other
EFTA01381403.pdf,data-set-10-files-2,1,other
EFTA01381404.pdf,data-set-10-files-2,1,email
EFTA01381405.pdf,data-set-10-files-2,1,email
EFTA01381406.pdf,data-set-10-files-2,1,other
EFTA01381407.pdf,data-set-10-files-2,1,email
EFTA01381408.pdf,data-set-10-files-2,1,email
EFTA01381409.pdf,data-set-10-files-2,1,other
EFTA01381410.pdf,data-set-10-files-2,1,other
EFTA01381411.pdf,data-set-10-files-2,1,email
EFTA01381412.pdf,data-set-10-files-2,1,other
EFTA01381413.pdf,data-set-10-files-2,1,other
EFTA01381414.pdf,data-set-10-files-2,1,email
EFTA01381415.pdf,data-set-10-files-2,1,other
EFTA01381416.pdf,data-set-10-files-2,1,email
EFTA01381417.pdf,data-set-10-files-2,1,other
EFTA01381418.pdf,data-set-10-files-2,1,email
EFTA01381419.pdf,data-set-10-files-2,1,other
EFTA01381420.pdf,data-set-10-files-2,1,email
EFTA01381421.pdf,data-set-10-files-2,1,other
EFTA01381422.pdf,data-set-10-files-2,1,other
EFTA01381423.pdf,data-set-10-files-2,1,email
EFTA01381424.pdf,data-set-10-files-2,1,other
EFTA01381425.pdf,data-set-10-files-2,1,email
EFTA01381426.pdf,data-set-10-files-2,1,other
EFTA01381427.pdf,data-set-10-files-2,1,other
EFTA01381428.pdf,data-set-10-files-2,1,other
EFTA01381429.pdf,data-set-10-files-2,1,other
EFTA01381430.pdf,data-set-10-files-2,1,other
EFTA01381431.pdf,data-set-10-files-2,1,other
EFTA01381432.pdf,data-set-10-files-2,1,other
EFTA01381433.pdf,data-set-10-files-2,1,other
EFTA01381434.pdf,data-set-10-files-2,1,other
EFTA01381435.pdf,data-set-10-files-2,1,other
EFTA01381436.pdf,data-set-10-files-2,1,other
EFTA01381437.pdf,data-set-10-files-2,1,other
EFTA01381438.pdf,data-set-10-files-2,1,other
EFTA01381439.pdf,data-set-10-files-2,1,other
EFTA01381440.pdf,data-set-10-files-2,1,other
EFTA01381441.pdf,data-set-10-files-2,1,other
EFTA01381442.pdf,data-set-10-files-2,1,other
EFTA01381443.pdf,data-set-10-files-2,1,other
EFTA01381444.pdf,data-set-10-files-2,1,other
EFTA01381445.pdf,data-set-10-files-2,1,other
EFTA01381446.pdf,data-set-10-files-2,1,other
EFTA01381447.pdf,data-set-10-files-2,1,other
EFTA01381448.pdf,data-set-10-files-2,1,email
EFTA01381449.pdf,data-set-10-files-2,1,other
EFTA01381450.pdf,data-set-10-files-2,1,other
EFTA01381451.pdf,data-set-10-files-2,1,other
EFTA01381452.pdf,data-set-10-files-2,1,email
EFTA01381453.pdf,data-set-10-files-2,1,email
EFTA01381454.pdf,data-set-10-files-2,1,other
EFTA01381455.pdf,data-set-10-files-2,1,email
EFTA01381456.pdf,data-set-10-files-2,1,email
EFTA01381457.pdf,data-set-10-files-2,1,email
EFTA01381458.pdf,data-set-10-files-2,1,other
EFTA01381459.pdf,data-set-10-files-2,1,email
EFTA01381460.pdf,data-set-10-files-2,1,other
EFTA01381461.pdf,data-set-10-files-2,1,other
EFTA01381462.pdf,data-set-10-files-2,1,email
EFTA01381463.pdf,data-set-10-files-2,1,other
EFTA01381464.pdf,data-set-10-files-2,1,other
EFTA01381465.pdf,data-set-10-files-2,1,other
EFTA01381466.pdf,data-set-10-files-2,1,email
EFTA01381467.pdf,data-set-10-files-2,1,other
EFTA01381468.pdf,data-set-10-files-2,1,email
EFTA01381469.pdf,data-set-10-files-2,1,other
EFTA01381470.pdf,data-set-10-files-2,1,email
EFTA01381471.pdf,data-set-10-files-2,1,email
EFTA01381472.pdf,data-set-10-files-2,1,email
EFTA01381473.pdf,data-set-10-files-2,1,email
EFTA01381474.pdf,data-set-10-files-2,1,other
EFTA01381475.pdf,data-set-10-files-2,1,email
EFTA01381476.pdf,data-set-10-files-2,1,other
EFTA01381477.pdf,data-set-10-files-2,1,email
EFTA01381478.pdf,data-set-10-files-2,1,other
EFTA01381479.pdf,data-set-10-files-2,1,email
EFTA01381480.pdf,data-set-10-files-2,1,other
EFTA01381481.pdf,data-set-10-files-2,1,email
EFTA01381482.pdf,data-set-10-files-2,1,email
EFTA01381483.pdf,data-set-10-files-2,1,email
EFTA01381484.pdf,data-set-10-files-2,1,email
EFTA01381485.pdf,data-set-10-files-2,1,email
EFTA01381486.pdf,data-set-10-files-2,1,email
EFTA01381487.pdf,data-set-10-files-2,1,email
EFTA01381488.pdf,data-set-10-files-2,1,other
EFTA01381489.pdf,data-set-10-files-2,1,other
EFTA01381490.pdf,data-set-10-files-2,1,email
EFTA01381491.pdf,data-set-10-files-2,1,email
EFTA01381492.pdf,data-set-10-files-2,1,email
EFTA01381493.pdf,data-set-10-files-2,1,email
EFTA01381494.pdf,data-set-10-files-2,1,email
EFTA01381495.pdf,data-set-10-files-2,1,email
EFTA01381496.pdf,data-set-10-files-2,1,email
EFTA01381497.pdf,data-set-10-files-2,1,email
EFTA01381498.pdf,data-set-10-files-2,1,email
EFTA01381499.pdf,data-set-10-files-2,1,email
EFTA01381500.pdf,data-set-10-files-2,1,other
EFTA01381501.pdf,data-set-10-files-2,1,email
EFTA01381502.pdf,data-set-10-files-2,1,email
EFTA01381503.pdf,data-set-10-files-2,1,email
EFTA01381504.pdf,data-set-10-files-2,1,other
EFTA01381505.pdf,data-set-10-files-2,1,other
EFTA01381506.pdf,data-set-10-files-2,1,other
EFTA01381507.pdf,data-set-10-files-2,1,other
EFTA01381508.pdf,data-set-10-files-2,1,other
EFTA01381509.pdf,data-set-10-files-2,1,other
EFTA01381510.pdf,data-set-10-files-2,1,other
EFTA01381511.pdf,data-set-10-files-2,1,other
EFTA01381512.pdf,data-set-10-files-2,1,other
EFTA01381513.pdf,data-set-10-files-2,1,other
EFTA01381514.pdf,data-set-10-files-2,1,other
EFTA01381515.pdf,data-set-10-files-2,1,other
EFTA01381516.pdf,data-set-10-files-2,1,email
EFTA01381517.pdf,data-set-10-files-2,1,other
EFTA01381518.pdf,data-set-10-files-2,1,email
EFTA01381519.pdf,data-set-10-files-2,1,email
EFTA01381520.pdf,data-set-10-files-2,1,email
EFTA01381521.pdf,data-set-10-files-2,1,email
EFTA01381522.pdf,data-set-10-files-2,1,email
EFTA01381523.pdf,data-set-10-files-2,1,email
EFTA01381524.pdf,data-set-10-files-2,1,other
EFTA01381525.pdf,data-set-10-files-2,1,other
EFTA01381526.pdf,data-set-10-files-2,1,other
EFTA01381527.pdf,data-set-10-files-2,1,other
EFTA01381528.pdf,data-set-10-files-2,1,other
EFTA01381529.pdf,data-set-10-files-2,1,other
EFTA01381530.pdf,data-set-10-files-2,1,other
EFTA01381531.pdf,data-set-10-files-2,1,other
EFTA01381532.pdf,data-set-10-files-2,1,other
EFTA01381533.pdf,data-set-10-files-2,1,other
EFTA01381534.pdf,data-set-10-files-2,1,other
EFTA01381535.pdf,data-set-10-files-2,1,other
EFTA01381536.pdf,data-set-10-files-2,1,other
EFTA01381537.pdf,data-set-10-files-2,1,other
EFTA01381538.pdf,data-set-10-files-2,1,other
EFTA01381539.pdf,data-set-10-files-2,1,other
EFTA01381540.pdf,data-set-10-files-2,1,other
EFTA01381541.pdf,data-set-10-files-2,1,other
EFTA01381542.pdf,data-set-10-files-2,1,other
EFTA01381543.pdf,data-set-10-files-2,1,other
EFTA01381544.pdf,data-set-10-files-2,1,other
EFTA01381545.pdf,data-set-10-files-2,1,other
EFTA01381546.pdf,data-set-10-files-2,1,other
EFTA01381547.pdf,data-set-10-files-2,1,other
EFTA01381548.pdf,data-set-10-files-2,1,other
EFTA01381549.pdf,data-set-10-files-2,1,other
EFTA01381550.pdf,data-set-10-files-2,1,other
EFTA01381551.pdf,data-set-10-files-2,1,other
EFTA01381552.pdf,data-set-10-files-2,1,other
EFTA01381553.pdf,data-set-10-files-2,1,other
EFTA01381554.pdf,data-set-10-files-2,1,other
EFTA01381555.pdf,data-set-10-files-2,1,other
EFTA01381556.pdf,data-set-10-files-2,1,other
EFTA01381557.pdf,data-set-10-files-2,1,other
EFTA01381558.pdf,data-set-10-files-2,1,other
EFTA01381559.pdf,data-set-10-files-2,1,other
EFTA01381560.pdf,data-set-10-files-2,1,other
EFTA01381561.pdf,data-set-10-files-2,1,other
EFTA01381562.pdf,data-set-10-files-2,1,other
EFTA01381563.pdf,data-set-10-files-2,1,other
EFTA01381564.pdf,data-set-10-files-2,1,other
EFTA01381565.pdf,data-set-10-files-2,1,other
EFTA01381566.pdf,data-set-10-files-2,1,other
EFTA01381567.pdf,data-set-10-files-2,1,other
EFTA01381568.pdf,data-set-10-files-2,1,other
EFTA01381569.pdf,data-set-10-files-2,1,other
EFTA01381570.pdf,data-set-10-files-2,1,other
EFTA01381571.pdf,data-set-10-files-2,1,other
EFTA01381572.pdf,data-set-10-files-2,1,other
EFTA01381573.pdf,data-set-10-files-2,1,other
EFTA01381574.pdf,data-set-10-files-2,1,other
EFTA01381575.pdf,data-set-10-files-2,1,other
EFTA01381576.pdf,data-set-10-files-2,1,email
EFTA01381577.pdf,data-set-10-files-2,1,email
EFTA01381578.pdf,data-set-10-files-2,1,email
EFTA01381579.pdf,data-set-10-files-2,1,email
EFTA01381580.pdf,data-set-10-files-2,1,other
EFTA01381581.pdf,data-set-10-files-2,1,other
EFTA01381582.pdf,data-set-10-files-2,1,other
EFTA01381583.pdf,data-set-10-files-2,1,other
EFTA01381584.pdf,data-set-10-files-2,1,other
EFTA01381585.pdf,data-set-10-files-2,1,other
EFTA01381586.pdf,data-set-10-files-2,1,other
EFTA01381587.pdf,data-set-10-files-2,1,other
EFTA01381588.pdf,data-set-10-files-2,1,other
EFTA01381589.pdf,data-set-10-files-2,1,other
EFTA01381590.pdf,data-set-10-files-2,1,other
EFTA01381591.pdf,data-set-10-files-2,1,other
EFTA01381592.pdf,data-set-10-files-2,1,other
EFTA01381593.pdf,data-set-10-files-2,1,other
EFTA01381594.pdf,data-set-10-files-2,1,other
EFTA01381595.pdf,data-set-10-files-2,1,other
EFTA01381596.pdf,data-set-10-files-2,1,other
EFTA01381597.pdf,data-set-10-files-2,1,other
EFTA01381598.pdf,data-set-10-files-2,1,other
EFTA01381599.pdf,data-set-10-files-2,1,other
EFTA01381600.pdf,data-set-10-files-2,1,other
EFTA01381601.pdf,data-set-10-files-2,1,other
EFTA01381602.pdf,data-set-10-files-2,1,other
EFTA01381603.pdf,data-set-10-files-2,1,other
EFTA01381604.pdf,data-set-10-files-2,1,other
EFTA01381605.pdf,data-set-10-files-2,1,other
EFTA01381606.pdf,data-set-10-files-2,1,other
EFTA01381607.pdf,data-set-10-files-2,1,other
EFTA01381608.pdf,data-set-10-files-2,1,other
EFTA01381609.pdf,data-set-10-files-2,1,other
EFTA01381610.pdf,data-set-10-files-2,1,other
EFTA01381611.pdf,data-set-10-files-2,1,other
EFTA01381612.pdf,data-set-10-files-2,1,other
EFTA01381613.pdf,data-set-10-files-2,1,other
EFTA01381614.pdf,data-set-10-files-2,1,other
EFTA01381615.pdf,data-set-10-files-2,1,other
EFTA01381616.pdf,data-set-10-files-2,1,other
EFTA01381617.pdf,data-set-10-files-2,1,other
EFTA01381618.pdf,data-set-10-files-2,1,other
EFTA01381619.pdf,data-set-10-files-2,1,other
EFTA01381620.pdf,data-set-10-files-2,1,other
EFTA01381621.pdf,data-set-10-files-2,1,other
EFTA01381622.pdf,data-set-10-files-2,1,other
EFTA01381623.pdf,data-set-10-files-2,1,other
EFTA01381624.pdf,data-set-10-files-2,1,other
EFTA01381625.pdf,data-set-10-files-2,1,other
EFTA01381626.pdf,data-set-10-files-2,1,other
EFTA01381627.pdf,data-set-10-files-2,1,other
EFTA01381628.pdf,data-set-10-files-2,1,other
EFTA01381629.pdf,data-set-10-files-2,1,other
EFTA01381630.pdf,data-set-10-files-2,1,other
EFTA01381631.pdf,data-set-10-files-2,1,other
EFTA01381632.pdf,data-set-10-files-2,1,other
EFTA01381633.pdf,data-set-10-files-2,1,other
EFTA01381634.pdf,data-set-10-files-2,1,other
EFTA01381635.pdf,data-set-10-files-2,1,other
EFTA01381636.pdf,data-set-10-files-2,1,other
EFTA01381637.pdf,data-set-10-files-2,1,other
EFTA01381638.pdf,data-set-10-files-2,1,other
EFTA01381639.pdf,data-set-10-files-2,1,other
EFTA01381640.pdf,data-set-10-files-2,1,other
EFTA01381641.pdf,data-set-10-files-2,1,other
EFTA01381642.pdf,data-set-10-files-2,1,other
EFTA01381643.pdf,data-set-10-files-2,1,other
EFTA01381644.pdf,data-set-10-files-2,1,other
EFTA01381645.pdf,data-set-10-files-2,1,other
EFTA01381646.pdf,data-set-10-files-2,1,other
EFTA01381647.pdf,data-set-10-files-2,1,other
EFTA01381648.pdf,data-set-10-files-2,1,other
EFTA01381649.pdf,data-set-10-files-2,1,other
EFTA01381650.pdf,data-set-10-files-2,1,other
EFTA01381651.pdf,data-set-10-files-2,1,other
EFTA01381652.pdf,data-set-10-files-2,1,other
EFTA01381653.pdf,data-set-10-files-2,1,other
EFTA01381654.pdf,data-set-10-files-2,1,other
EFTA01381655.pdf,data-set-10-files-2,1,other
EFTA01381656.pdf,data-set-10-files-2,1,other
EFTA01381657.pdf,data-set-10-files-2,1,other
EFTA01381658.pdf,data-set-10-files-2,1,other
EFTA01381659.pdf,data-set-10-files-2,1,other
EFTA01381660.pdf,data-set-10-files-2,1,other
EFTA01381661.pdf,data-set-10-files-2,1,other
EFTA01381662.pdf,data-set-10-files-2,1,other
EFTA01381663.pdf,data-set-10-files-2,1,other
EFTA01381664.pdf,data-set-10-files-2,1,other
EFTA01381665.pdf,data-set-10-files-2,1,other
EFTA01381666.pdf,data-set-10-files-2,1,other
EFTA01381667.pdf,data-set-10-files-2,1,other
EFTA01381668.pdf,data-set-10-files-2,1,other
EFTA01381669.pdf,data-set-10-files-2,1,email
EFTA01381670.pdf,data-set-10-files-2,1,other
EFTA01381671.pdf,data-set-10-files-2,1,other
EFTA01381672.pdf,data-set-10-files-2,1,email
EFTA01381673.pdf,data-set-10-files-2,1,other
EFTA01381674.pdf,data-set-10-files-2,1,other
EFTA01381675.pdf,data-set-10-files-2,1,other
EFTA01381676.pdf,data-set-10-files-2,1,other
EFTA01381677.pdf,data-set-10-files-2,1,other
EFTA01381678.pdf,data-set-10-files-2,1,other
EFTA01381679.pdf,data-set-10-files-2,1,other
EFTA01381680.pdf,data-set-10-files-2,1,other
EFTA01381681.pdf,data-set-10-files-2,1,other
EFTA01381682.pdf,data-set-10-files-2,1,other
EFTA01381683.pdf,data-set-10-files-2,1,other
EFTA01381684.pdf,data-set-10-files-2,1,other
EFTA01381685.pdf,data-set-10-files-2,1,other
EFTA01381686.pdf,data-set-10-files-2,1,other
EFTA01381687.pdf,data-set-10-files-2,1,other
EFTA01381688.pdf,data-set-10-files-2,1,other
EFTA01381689.pdf,data-set-10-files-2,1,other
EFTA01381690.pdf,data-set-10-files-2,1,other
EFTA01381691.pdf,data-set-10-files-2,1,other
EFTA01381692.pdf,data-set-10-files-2,1,other
EFTA01381693.pdf,data-set-10-files-2,1,other
EFTA01381694.pdf,data-set-10-files-2,1,other
EFTA01381695.pdf,data-set-10-files-2,1,other
EFTA01381696.pdf,data-set-10-files-2,1,other
EFTA01381697.pdf,data-set-10-files-2,1,other
EFTA01381698.pdf,data-set-10-files-2,1,other
EFTA01381699.pdf,data-set-10-files-2,1,other
EFTA01381700.pdf,data-set-10-files-2,1,other
EFTA01381701.pdf,data-set-10-files-2,1,other
EFTA01381702.pdf,data-set-10-files-2,1,other
EFTA01381703.pdf,data-set-10-files-2,1,other
EFTA01381704.pdf,data-set-10-files-2,1,other
EFTA01381705.pdf,data-set-10-files-2,1,other
EFTA01381706.pdf,data-set-10-files-2,1,other
EFTA01381707.pdf,data-set-10-files-2,1,other
EFTA01381708.pdf,data-set-10-files-2,1,other
EFTA01381709.pdf,data-set-10-files-2,1,other
EFTA01381710.pdf,data-set-10-files-2,1,other
EFTA01381711.pdf,data-set-10-files-2,1,other
EFTA01381712.pdf,data-set-10-files-2,1,other
EFTA01381713.pdf,data-set-10-files-2,1,other
EFTA01381714.pdf,data-set-10-files-2,1,other
EFTA01381715.pdf,data-set-10-files-2,1,other
EFTA01381716.pdf,data-set-10-files-2,1,other
EFTA01381717.pdf,data-set-10-files-2,1,other
EFTA01381718.pdf,data-set-10-files-2,1,other
EFTA01381719.pdf,data-set-10-files-2,1,other
EFTA01381720.pdf,data-set-10-files-2,1,other
EFTA01381721.pdf,data-set-10-files-2,1,other
EFTA01381722.pdf,data-set-10-files-2,1,other
EFTA01381723.pdf,data-set-10-files-2,1,other
EFTA01381724.pdf,data-set-10-files-2,1,other
EFTA01381725.pdf,data-set-10-files-2,1,other
EFTA01381726.pdf,data-set-10-files-2,1,other
EFTA01381727.pdf,data-set-10-files-2,1,other
EFTA01381728.pdf,data-set-10-files-2,1,other
EFTA01381729.pdf,data-set-10-files-2,1,other
EFTA01381730.pdf,data-set-10-files-2,1,other
EFTA01381731.pdf,data-set-10-files-2,1,other
EFTA01381732.pdf,data-set-10-files-2,1,other
EFTA01381733.pdf,data-set-10-files-2,1,other
EFTA01381734.pdf,data-set-10-files-2,1,other
EFTA01381735.pdf,data-set-10-files-2,1,other
EFTA01381736.pdf,data-set-10-files-2,1,other
EFTA01381737.pdf,data-set-10-files-2,1,other
EFTA01381738.pdf,data-set-10-files-2,1,other
EFTA01381739.pdf,data-set-10-files-2,1,other
EFTA01381740.pdf,data-set-10-files-2,1,other
EFTA01381741.pdf,data-set-10-files-2,1,other
EFTA01381742.pdf,data-set-10-files-2,1,other
EFTA01381743.pdf,data-set-10-files-2,1,other
EFTA01381744.pdf,data-set-10-files-2,1,other
EFTA01381745.pdf,data-set-10-files-2,1,other
EFTA01381746.pdf,data-set-10-files-2,1,other
EFTA01381747.pdf,data-set-10-files-2,1,other
EFTA01381748.pdf,data-set-10-files-2,1,other
EFTA01381749.pdf,data-set-10-files-2,1,other
EFTA01381750.pdf,data-set-10-files-2,1,other
EFTA01381751.pdf,data-set-10-files-2,1,other
EFTA01381752.pdf,data-set-10-files-2,1,other
EFTA01381753.pdf,data-set-10-files-2,1,other
EFTA01381754.pdf,data-set-10-files-2,1,other
EFTA01381755.pdf,data-set-10-files-2,1,other
EFTA01381756.pdf,data-set-10-files-2,1,other
EFTA01381757.pdf,data-set-10-files-2,1,other
EFTA01381758.pdf,data-set-10-files-2,1,other
EFTA01381759.pdf,data-set-10-files-2,1,email
EFTA01381760.pdf,data-set-10-files-2,1,email
EFTA01381761.pdf,data-set-10-files-2,1,other
EFTA01381762.pdf,data-set-10-files-2,1,email
EFTA01381763.pdf,data-set-10-files-2,1,other
EFTA01381764.pdf,data-set-10-files-2,1,email
EFTA01381765.pdf,data-set-10-files-2,1,other
EFTA01381766.pdf,data-set-10-files-2,1,email
EFTA01381767.pdf,data-set-10-files-2,1,other
EFTA01381768.pdf,data-set-10-files-2,1,other
EFTA01381769.pdf,data-set-10-files-2,1,other
EFTA01381770.pdf,data-set-10-files-2,1,other
EFTA01381771.pdf,data-set-10-files-2,1,other
EFTA01381772.pdf,data-set-10-files-2,1,email
EFTA01381773.pdf,data-set-10-files-2,1,email
EFTA01381774.pdf,data-set-10-files-2,1,email
EFTA01381775.pdf,data-set-10-files-2,1,email
EFTA01381776.pdf,data-set-10-files-2,1,email
EFTA01381777.pdf,data-set-10-files-2,1,other
EFTA01381778.pdf,data-set-10-files-2,1,email
EFTA01381779.pdf,data-set-10-files-2,1,email
EFTA01381780.pdf,data-set-10-files-2,1,other
EFTA01381781.pdf,data-set-10-files-2,1,other
EFTA01381782.pdf,data-set-10-files-2,1,other
EFTA01381783.pdf,data-set-10-files-2,1,email
EFTA01381784.pdf,data-set-10-files-2,1,email
EFTA01381785.pdf,data-set-10-files-2,1,other
EFTA01381786.pdf,data-set-10-files-2,1,email
EFTA01381787.pdf,data-set-10-files-2,1,email
EFTA01381788.pdf,data-set-10-files-2,1,email
EFTA01381789.pdf,data-set-10-files-2,1,other
EFTA01381790.pdf,data-set-10-files-2,1,email
EFTA01381791.pdf,data-set-10-files-2,1,other
EFTA01381792.pdf,data-set-10-files-2,1,other
EFTA01381793.pdf,data-set-10-files-2,1,email
EFTA01381794.pdf,data-set-10-files-2,1,other
EFTA01381795.pdf,data-set-10-files-2,1,other
EFTA01381796.pdf,data-set-10-files-2,1,email
EFTA01381797.pdf,data-set-10-files-2,1,email
EFTA01381798.pdf,data-set-10-files-2,1,other
EFTA01381799.pdf,data-set-10-files-2,1,email
EFTA01381800.pdf,data-set-10-files-2,1,email
EFTA01381801.pdf,data-set-10-files-2,1,email
EFTA01381802.pdf,data-set-10-files-2,1,email
EFTA01381803.pdf,data-set-10-files-2,1,email
EFTA01381804.pdf,data-set-10-files-2,1,email
EFTA01381805.pdf,data-set-10-files-2,1,email
EFTA01381806.pdf,data-set-10-files-2,1,other
EFTA01381807.pdf,data-set-10-files-2,1,email
EFTA01381808.pdf,data-set-10-files-2,1,email
EFTA01381809.pdf,data-set-10-files-2,1,email
EFTA01381810.pdf,data-set-10-files-2,1,email
EFTA01381811.pdf,data-set-10-files-2,1,email
EFTA01381812.pdf,data-set-10-files-2,1,email
EFTA01381813.pdf,data-set-10-files-2,1,email
EFTA01381814.pdf,data-set-10-files-2,1,email
EFTA01381815.pdf,data-set-10-files-2,1,email
EFTA01381816.pdf,data-set-10-files-2,1,email
EFTA01381817.pdf,data-set-10-files-2,1,other
EFTA01381818.pdf,data-set-10-files-2,1,other
EFTA01381819.pdf,data-set-10-files-2,1,other
EFTA01381820.pdf,data-set-10-files-2,1,other
EFTA01381821.pdf,data-set-10-files-2,1,other
EFTA01381822.pdf,data-set-10-files-2,1,other
EFTA01381823.pdf,data-set-10-files-2,1,other
EFTA01381824.pdf,data-set-10-files-2,1,other
EFTA01381825.pdf,data-set-10-files-2,1,other
EFTA01381826.pdf,data-set-10-files-2,1,other
EFTA01381827.pdf,data-set-10-files-2,1,other
EFTA01381828.pdf,data-set-10-files-2,1,other
EFTA01381829.pdf,data-set-10-files-2,1,other
EFTA01381830.pdf,data-set-10-files-2,1,other
EFTA01381831.pdf,data-set-10-files-2,1,other
EFTA01381832.pdf,data-set-10-files-2,1,other
EFTA01381833.pdf,data-set-10-files-2,1,other
EFTA01381834.pdf,data-set-10-files-2,1,other
EFTA01381835.pdf,data-set-10-files-2,1,other
EFTA01381836.pdf,data-set-10-files-2,1,other
EFTA01381837.pdf,data-set-10-files-2,1,other
EFTA01381838.pdf,data-set-10-files-2,1,other
EFTA01381839.pdf,data-set-10-files-2,1,other
EFTA01381840.pdf,data-set-10-files-2,1,other
EFTA01381841.pdf,data-set-10-files-2,1,other
EFTA01381842.pdf,data-set-10-files-2,1,other
EFTA01381843.pdf,data-set-10-files-2,1,other
EFTA01381844.pdf,data-set-10-files-2,1,other
EFTA01381845.pdf,data-set-10-files-2,1,other
EFTA01381846.pdf,data-set-10-files-2,1,other
EFTA01381847.pdf,data-set-10-files-2,1,other
EFTA01381848.pdf,data-set-10-files-2,1,other
EFTA01381849.pdf,data-set-10-files-2,1,other
EFTA01381850.pdf,data-set-10-files-2,1,other
EFTA01381851.pdf,data-set-10-files-2,1,other
EFTA01381852.pdf,data-set-10-files-2,1,other
EFTA01381853.pdf,data-set-10-files-2,1,other
EFTA01381854.pdf,data-set-10-files-2,1,other
EFTA01381855.pdf,data-set-10-files-2,1,other
EFTA01381856.pdf,data-set-10-files-2,1,other
EFTA01381857.pdf,data-set-10-files-2,1,email
EFTA01381858.pdf,data-set-10-files-2,1,email
EFTA01381859.pdf,data-set-10-files-2,1,email
EFTA01381860.pdf,data-set-10-files-2,1,other
EFTA01381861.pdf,data-set-10-files-2,1,email
EFTA01381862.pdf,data-set-10-files-2,1,email
EFTA01381863.pdf,data-set-10-files-2,1,email
EFTA01381864.pdf,data-set-10-files-2,1,email
EFTA01381865.pdf,data-set-10-files-2,1,other
EFTA01381866.pdf,data-set-10-files-2,1,email
EFTA01381867.pdf,data-set-10-files-2,1,other
EFTA01381868.pdf,data-set-10-files-2,1,other
EFTA01381869.pdf,data-set-10-files-2,1,other
EFTA01381870.pdf,data-set-10-files-2,1,other
EFTA01381871.pdf,data-set-10-files-2,1,other
EFTA01381872.pdf,data-set-10-files-2,1,other
EFTA01381873.pdf,data-set-10-files-2,1,other
EFTA01381874.pdf,data-set-10-files-2,1,other
EFTA01381875.pdf,data-set-10-files-2,1,email
EFTA01381876.pdf,data-set-10-files-2,1,email
EFTA01381877.pdf,data-set-10-files-2,1,other
EFTA01381878.pdf,data-set-10-files-2,1,email
EFTA01381879.pdf,data-set-10-files-2,1,email
EFTA01381880.pdf,data-set-10-files-2,1,other
EFTA01381881.pdf,data-set-10-files-2,1,email
EFTA01381882.pdf,data-set-10-files-2,1,email
EFTA01381883.pdf,data-set-10-files-2,1,email
EFTA01381884.pdf,data-set-10-files-2,1,email
EFTA01381885.pdf,data-set-10-files-2,1,other
EFTA01381886.pdf,data-set-10-files-2,1,email
EFTA01381887.pdf,data-set-10-files-2,1,email
EFTA01381888.pdf,data-set-10-files-2,1,email
EFTA01381889.pdf,data-set-10-files-2,1,other
EFTA01381890.pdf,data-set-10-files-2,1,email
EFTA01381891.pdf,data-set-10-files-2,1,email
EFTA01381892.pdf,data-set-10-files-2,1,other
EFTA01381893.pdf,data-set-10-files-2,1,email
EFTA01381894.pdf,data-set-10-files-2,1,email
EFTA01381895.pdf,data-set-10-files-2,1,email
EFTA01381896.pdf,data-set-10-files-2,1,other
EFTA01381897.pdf,data-set-10-files-2,1,other
EFTA01381898.pdf,data-set-10-files-2,1,other
EFTA01381899.pdf,data-set-10-files-2,1,other
EFTA01381900.pdf,data-set-10-files-2,1,other
EFTA01381901.pdf,data-set-10-files-2,1,other
EFTA01381902.pdf,data-set-10-files-2,1,email
EFTA01381903.pdf,data-set-10-files-2,1,email
EFTA01381904.pdf,data-set-10-files-2,1,email
EFTA01381905.pdf,data-set-10-files-2,1,email
EFTA01381906.pdf,data-set-10-files-2,1,email
EFTA01381907.pdf,data-set-10-files-2,1,email
EFTA01381908.pdf,data-set-10-files-2,1,email
EFTA01381909.pdf,data-set-10-files-2,1,email
EFTA01381910.pdf,data-set-10-files-2,1,other
EFTA01381911.pdf,data-set-10-files-2,1,email
EFTA01381912.pdf,data-set-10-files-2,1,email
EFTA01381913.pdf,data-set-10-files-2,1,other
EFTA01381914.pdf,data-set-10-files-2,1,other
EFTA01381915.pdf,data-set-10-files-2,1,other
EFTA01381916.pdf,data-set-10-files-2,1,other
EFTA01381917.pdf,data-set-10-files-2,1,other
EFTA01381918.pdf,data-set-10-files-2,1,other
EFTA01381919.pdf,data-set-10-files-2,1,other
EFTA01381920.pdf,data-set-10-files-2,1,other
EFTA01381921.pdf,data-set-10-files-2,1,other
EFTA01381922.pdf,data-set-10-files-2,1,other
EFTA01381923.pdf,data-set-10-files-2,1,other
EFTA01381924.pdf,data-set-10-files-2,1,other
EFTA01381925.pdf,data-set-10-files-2,1,other
EFTA01381926.pdf,data-set-10-files-2,1,email
EFTA01381927.pdf,data-set-10-files-2,1,email
EFTA01381928.pdf,data-set-10-files-2,1,email
EFTA01381929.pdf,data-set-10-files-2,1,other
EFTA01381930.pdf,data-set-10-files-2,1,email
EFTA01381931.pdf,data-set-10-files-2,1,other
EFTA01381932.pdf,data-set-10-files-2,1,email
EFTA01381933.pdf,data-set-10-files-2,1,other
EFTA01381934.pdf,data-set-10-files-2,1,other
EFTA01381935.pdf,data-set-10-files-2,1,other
EFTA01381936.pdf,data-set-10-files-2,1,other
EFTA01381937.pdf,data-set-10-files-2,1,email
EFTA01381938.pdf,data-set-10-files-2,1,email
EFTA01381939.pdf,data-set-10-files-2,1,other
EFTA01381940.pdf,data-set-10-files-2,1,email
EFTA01381941.pdf,data-set-10-files-2,1,other
EFTA01381942.pdf,data-set-10-files-2,1,other
EFTA01381943.pdf,data-set-10-files-2,1,email
EFTA01381944.pdf,data-set-10-files-2,1,email
EFTA01381945.pdf,data-set-10-files-2,1,other
EFTA01381946.pdf,data-set-10-files-2,1,email
EFTA01381947.pdf,data-set-10-files-2,1,email
EFTA01381948.pdf,data-set-10-files-2,1,email
EFTA01381949.pdf,data-set-10-files-2,1,other
EFTA01381950.pdf,data-set-10-files-2,1,email
EFTA01381951.pdf,data-set-10-files-2,1,other
EFTA01381952.pdf,data-set-10-files-2,1,other
EFTA01381953.pdf,data-set-10-files-2,1,other
EFTA01381954.pdf,data-set-10-files-2,1,email
EFTA01381955.pdf,data-set-10-files-2,1,email
EFTA01381956.pdf,data-set-10-files-2,1,other
EFTA01381957.pdf,data-set-10-files-2,1,other
EFTA01381958.pdf,data-set-10-files-2,1,email
EFTA01381959.pdf,data-set-10-files-2,1,other
EFTA01381960.pdf,data-set-10-files-2,1,other
EFTA01381961.pdf,data-set-10-files-2,1,other
EFTA01381962.pdf,data-set-10-files-2,1,other
EFTA01381963.pdf,data-set-10-files-2,1,other
EFTA01381964.pdf,data-set-10-files-2,1,other
EFTA01381965.pdf,data-set-10-files-2,1,other
EFTA01381966.pdf,data-set-10-files-2,1,other
EFTA01381967.pdf,data-set-10-files-2,1,other
EFTA01381968.pdf,data-set-10-files-2,1,other
EFTA01381969.pdf,data-set-10-files-2,1,other
EFTA01381970.pdf,data-set-10-files-2,1,other
EFTA01381971.pdf,data-set-10-files-2,1,other
EFTA01381972.pdf,data-set-10-files-2,1,other
EFTA01381973.pdf,data-set-10-files-2,1,other
EFTA01381974.pdf,data-set-10-files-2,1,other
EFTA01381975.pdf,data-set-10-files-2,1,other
EFTA01381976.pdf,data-set-10-files-2,1,other
EFTA01381977.pdf,data-set-10-files-2,1,other
EFTA01381978.pdf,data-set-10-files-2,1,other
EFTA01381979.pdf,data-set-10-files-2,1,other
EFTA01381980.pdf,data-set-10-files-2,1,other
EFTA01381981.pdf,data-set-10-files-2,1,other
EFTA01381982.pdf,data-set-10-files-2,1,other
EFTA01381983.pdf,data-set-10-files-2,1,other
EFTA01381984.pdf,data-set-10-files-2,1,other
EFTA01381985.pdf,data-set-10-files-2,1,other
EFTA01381986.pdf,data-set-10-files-2,1,other
EFTA01381987.pdf,data-set-10-files-2,1,other
EFTA01381988.pdf,data-set-10-files-2,1,other
EFTA01381989.pdf,data-set-10-files-2,1,other
EFTA01381990.pdf,data-set-10-files-2,1,other
EFTA01381991.pdf,data-set-10-files-2,1,other
EFTA01381992.pdf,data-set-10-files-2,1,other
EFTA01381993.pdf,data-set-10-files-2,1,other
EFTA01381994.pdf,data-set-10-files-2,1,other
EFTA01381995.pdf,data-set-10-files-2,1,other
