file_name,file_origin,file_length,file_type
EFTA02416700.pdf,data-set-11-files-4,1,other
EFTA02416701.pdf,data-set-11-files-4,1,other
EFTA02416702.pdf,data-set-11-files-4,1,email
EFTA02416703.pdf,data-set-11-files-4,1,other
EFTA02416704.pdf,data-set-11-files-4,1,email
EFTA02416705.pdf,data-set-11-files-4,1,other
EFTA02416706.pdf,data-set-11-files-4,1,email
EFTA02416707.pdf,data-set-11-files-4,1,other
EFTA02416708.pdf,data-set-11-files-4,1,email
EFTA02416709.pdf,data-set-11-files-4,4,email
EFTA02416713.pdf,data-set-11-files-4,4,email
EFTA02416717.pdf,data-set-11-files-4,1,email
EFTA02416718.pdf,data-set-11-files-4,1,email
EFTA02416719.pdf,data-set-11-files-4,1,email
EFTA02416720.pdf,data-set-11-files-4,1,email
EFTA02416721.pdf,data-set-11-files-4,1,email
EFTA02416722.pdf,data-set-11-files-4,1,email
EFTA02416723.pdf,data-set-11-files-4,1,email
EFTA02416724.pdf,data-set-11-files-4,1,other
EFTA02416725.pdf,data-set-11-files-4,2,email
EFTA02416727.pdf,data-set-11-files-4,2,email
EFTA02416729.pdf,data-set-11-files-4,1,email
EFTA02416730.pdf,data-set-11-files-4,1,email
EFTA02416731.pdf,data-set-11-files-4,5,email
EFTA02416736.pdf,data-set-11-files-4,1,email
EFTA02416737.pdf,data-set-11-files-4,1,email
EFTA02416738.pdf,data-set-11-files-4,1,other
EFTA02416739.pdf,data-set-11-files-4,4,email
EFTA02416743.pdf,data-set-11-files-4,2,other
EFTA02416745.pdf,data-set-11-files-4,1,email
EFTA02416746.pdf,data-set-11-files-4,1,other
EFTA02416747.pdf,data-set-11-files-4,4,email
EFTA02416751.pdf,data-set-11-files-4,1,other
EFTA02416752.pdf,data-set-11-files-4,1,other
EFTA02416753.pdf,data-set-11-files-4,4,email
EFTA02416757.pdf,data-set-11-files-4,1,email
EFTA02416758.pdf,data-set-11-files-4,1,email
EFTA02416759.pdf,data-set-11-files-4,1,email
EFTA02416760.pdf,data-set-11-files-4,2,email
EFTA02416762.pdf,data-set-11-files-4,1,email
EFTA02416763.pdf,data-set-11-files-4,1,other
EFTA02416764.pdf,data-set-11-files-4,1,email
EFTA02416765.pdf,data-set-11-files-4,1,other
EFTA02416766.pdf,data-set-11-files-4,1,email
EFTA02416767.pdf,data-set-11-files-4,1,email
EFTA02416768.pdf,data-set-11-files-4,3,email
EFTA02416771.pdf,data-set-11-files-4,4,email
EFTA02416775.pdf,data-set-11-files-4,1,other
EFTA02416776.pdf,data-set-11-files-4,1,other
EFTA02416777.pdf,data-set-11-files-4,1,other
EFTA02416778.pdf,data-set-11-files-4,2,email
EFTA02416780.pdf,data-set-11-files-4,2,email
EFTA02416782.pdf,data-set-11-files-4,2,email
EFTA02416784.pdf,data-set-11-files-4,3,email
EFTA02416787.pdf,data-set-11-files-4,1,other
EFTA02416788.pdf,data-set-11-files-4,1,email
EFTA02416789.pdf,data-set-11-files-4,2,email
EFTA02416791.pdf,data-set-11-files-4,1,other
EFTA02416792.pdf,data-set-11-files-4,1,email
EFTA02416793.pdf,data-set-11-files-4,1,other
EFTA02416794.pdf,data-set-11-files-4,1,email
EFTA02416795.pdf,data-set-11-files-4,1,other
EFTA02416796.pdf,data-set-11-files-4,1,email
EFTA02416797.pdf,data-set-11-files-4,1,other
EFTA02416798.pdf,data-set-11-files-4,1,email
EFTA02416799.pdf,data-set-11-files-4,1,email
EFTA02416800.pdf,data-set-11-files-4,1,email
EFTA02416801.pdf,data-set-11-files-4,1,email
EFTA02416802.pdf,data-set-11-files-4,1,email
EFTA02416803.pdf,data-set-11-files-4,1,other
EFTA02416804.pdf,data-set-11-files-4,1,email
EFTA02416805.pdf,data-set-11-files-4,1,email
EFTA02416806.pdf,data-set-11-files-4,3,email
EFTA02416809.pdf,data-set-11-files-4,1,other
EFTA02416810.pdf,data-set-11-files-4,1,email
EFTA02416811.pdf,data-set-11-files-4,1,other
EFTA02416812.pdf,data-set-11-files-4,1,other
EFTA02416813.pdf,data-set-11-files-4,1,email
EFTA02416814.pdf,data-set-11-files-4,1,email
EFTA02416815.pdf,data-set-11-files-4,1,other
EFTA02416816.pdf,data-set-11-files-4,1,other
EFTA02416817.pdf,data-set-11-files-4,2,email
EFTA02416819.pdf,data-set-11-files-4,1,email
EFTA02416820.pdf,data-set-11-files-4,1,email
EFTA02416821.pdf,data-set-11-files-4,1,other
EFTA02416822.pdf,data-set-11-files-4,1,other
EFTA02416823.pdf,data-set-11-files-4,1,other
EFTA02416824.pdf,data-set-11-files-4,1,other
EFTA02416825.pdf,data-set-11-files-4,1,other
EFTA02416826.pdf,data-set-11-files-4,1,other
EFTA02416827.pdf,data-set-11-files-4,1,other
EFTA02416828.pdf,data-set-11-files-4,2,email
EFTA02416830.pdf,data-set-11-files-4,3,email
EFTA02416833.pdf,data-set-11-files-4,1,email
EFTA02416834.pdf,data-set-11-files-4,1,email
EFTA02416835.pdf,data-set-11-files-4,1,email
EFTA02416836.pdf,data-set-11-files-4,2,email
EFTA02416838.pdf,data-set-11-files-4,1,other
EFTA02416839.pdf,data-set-11-files-4,3,email
EFTA02416842.pdf,data-set-11-files-4,5,email
EFTA02416847.pdf,data-set-11-files-4,2,other
EFTA02416849.pdf,data-set-11-files-4,1,other
EFTA02416850.pdf,data-set-11-files-4,3,email
EFTA02416853.pdf,data-set-11-files-4,1,email
EFTA02416854.pdf,data-set-11-files-4,1,other
EFTA02416855.pdf,data-set-11-files-4,1,other
EFTA02416856.pdf,data-set-11-files-4,1,other
EFTA02416857.pdf,data-set-11-files-4,2,email
EFTA02416859.pdf,data-set-11-files-4,5,email
EFTA02416864.pdf,data-set-11-files-4,1,other
EFTA02416865.pdf,data-set-11-files-4,2,email
EFTA02416867.pdf,data-set-11-files-4,1,email
EFTA02416868.pdf,data-set-11-files-4,2,email
EFTA02416870.pdf,data-set-11-files-4,2,email
EFTA02416872.pdf,data-set-11-files-4,1,email
EFTA02416873.pdf,data-set-11-files-4,4,email
EFTA02416877.pdf,data-set-11-files-4,1,other
EFTA02416878.pdf,data-set-11-files-4,1,email
EFTA02416879.pdf,data-set-11-files-4,1,other
EFTA02416880.pdf,data-set-11-files-4,2,email
EFTA02416882.pdf,data-set-11-files-4,1,email
EFTA02416883.pdf,data-set-11-files-4,1,other
EFTA02416884.pdf,data-set-11-files-4,1,other
EFTA02416885.pdf,data-set-11-files-4,1,email
EFTA02416886.pdf,data-set-11-files-4,1,email
EFTA02416887.pdf,data-set-11-files-4,1,other
EFTA02416888.pdf,data-set-11-files-4,1,email
EFTA02416889.pdf,data-set-11-files-4,2,other
EFTA02416891.pdf,data-set-11-files-4,1,email
EFTA02416892.pdf,data-set-11-files-4,3,email
EFTA02416895.pdf,data-set-11-files-4,1,email
EFTA02416896.pdf,data-set-11-files-4,1,email
EFTA02416897.pdf,data-set-11-files-4,4,email
EFTA02416901.pdf,data-set-11-files-4,1,email
EFTA02416902.pdf,data-set-11-files-4,2,email
EFTA02416904.pdf,data-set-11-files-4,4,email
EFTA02416908.pdf,data-set-11-files-4,1,email
EFTA02416909.pdf,data-set-11-files-4,1,email
EFTA02416910.pdf,data-set-11-files-4,1,other
EFTA02416911.pdf,data-set-11-files-4,1,email
EFTA02416912.pdf,data-set-11-files-4,1,email
EFTA02416913.pdf,data-set-11-files-4,1,email
EFTA02416914.pdf,data-set-11-files-4,1,email
EFTA02416915.pdf,data-set-11-files-4,1,other
EFTA02416916.pdf,data-set-11-files-4,5,email
EFTA02416921.pdf,data-set-11-files-4,2,email
EFTA02416923.pdf,data-set-11-files-4,1,email
EFTA02416924.pdf,data-set-11-files-4,3,email
EFTA02416927.pdf,data-set-11-files-4,1,email
EFTA02416928.pdf,data-set-11-files-4,1,email
EFTA02416929.pdf,data-set-11-files-4,2,email
EFTA02416931.pdf,data-set-11-files-4,2,email
EFTA02416933.pdf,data-set-11-files-4,1,email
EFTA02416934.pdf,data-set-11-files-4,1,other
EFTA02416935.pdf,data-set-11-files-4,2,email
EFTA02416937.pdf,data-set-11-files-4,1,other
EFTA02416938.pdf,data-set-11-files-4,2,email
EFTA02416940.pdf,data-set-11-files-4,1,other
EFTA02416941.pdf,data-set-11-files-4,1,other
EFTA02416942.pdf,data-set-11-files-4,1,other
EFTA02416943.pdf,data-set-11-files-4,1,other
EFTA02416944.pdf,data-set-11-files-4,2,email
EFTA02416946.pdf,data-set-11-files-4,1,other
EFTA02416947.pdf,data-set-11-files-4,1,other
EFTA02416948.pdf,data-set-11-files-4,1,other
EFTA02416949.pdf,data-set-11-files-4,1,email
EFTA02416950.pdf,data-set-11-files-4,1,other
EFTA02416951.pdf,data-set-11-files-4,1,email
EFTA02416952.pdf,data-set-11-files-4,1,other
EFTA02416953.pdf,data-set-11-files-4,1,other
EFTA02416954.pdf,data-set-11-files-4,2,email
EFTA02416956.pdf,data-set-11-files-4,1,email
EFTA02416957.pdf,data-set-11-files-4,1,other
EFTA02416958.pdf,data-set-11-files-4,1,email
EFTA02416959.pdf,data-set-11-files-4,1,other
EFTA02416960.pdf,data-set-11-files-4,1,other
EFTA02416961.pdf,data-set-11-files-4,1,other
EFTA02416962.pdf,data-set-11-files-4,1,email
EFTA02416963.pdf,data-set-11-files-4,2,email
EFTA02416965.pdf,data-set-11-files-4,1,email
EFTA02416966.pdf,data-set-11-files-4,2,email
EFTA02416968.pdf,data-set-11-files-4,2,email
EFTA02416970.pdf,data-set-11-files-4,1,email
EFTA02416971.pdf,data-set-11-files-4,2,email
EFTA02416973.pdf,data-set-11-files-4,1,email
EFTA02416974.pdf,data-set-11-files-4,1,email
EFTA02416975.pdf,data-set-11-files-4,1,other
EFTA02416976.pdf,data-set-11-files-4,1,email
EFTA02416977.pdf,data-set-11-files-4,1,email
EFTA02416978.pdf,data-set-11-files-4,2,email
EFTA02416980.pdf,data-set-11-files-4,1,other
EFTA02416981.pdf,data-set-11-files-4,1,email
EFTA02416982.pdf,data-set-11-files-4,1,other
EFTA02416983.pdf,data-set-11-files-4,3,email
EFTA02416986.pdf,data-set-11-files-4,1,email
EFTA02416987.pdf,data-set-11-files-4,1,email
EFTA02416988.pdf,data-set-11-files-4,1,email
EFTA02416989.pdf,data-set-11-files-4,1,other
EFTA02416990.pdf,data-set-11-files-4,1,email
EFTA02416991.pdf,data-set-11-files-4,1,other
EFTA02416992.pdf,data-set-11-files-4,2,other
EFTA02416994.pdf,data-set-11-files-4,1,other
EFTA02416995.pdf,data-set-11-files-4,2,email
EFTA02416997.pdf,data-set-11-files-4,1,other
EFTA02416998.pdf,data-set-11-files-4,1,other
EFTA02416999.pdf,data-set-11-files-4,1,other
EFTA02417000.pdf,data-set-11-files-4,1,other
EFTA02417001.pdf,data-set-11-files-4,1,other
EFTA02417002.pdf,data-set-11-files-4,1,email
EFTA02417003.pdf,data-set-11-files-4,1,email
EFTA02417004.pdf,data-set-11-files-4,1,other
EFTA02417005.pdf,data-set-11-files-4,1,other
EFTA02417006.pdf,data-set-11-files-4,4,email
EFTA02417010.pdf,data-set-11-files-4,1,other
EFTA02417011.pdf,data-set-11-files-4,1,email
EFTA02417012.pdf,data-set-11-files-4,2,email
EFTA02417014.pdf,data-set-11-files-4,2,email
EFTA02417016.pdf,data-set-11-files-4,1,email
EFTA02417017.pdf,data-set-11-files-4,1,other
EFTA02417018.pdf,data-set-11-files-4,1,email
EFTA02417019.pdf,data-set-11-files-4,1,other
EFTA02417020.pdf,data-set-11-files-4,1,other
EFTA02417021.pdf,data-set-11-files-4,1,email
EFTA02417022.pdf,data-set-11-files-4,1,other
EFTA02417023.pdf,data-set-11-files-4,2,email
EFTA02417025.pdf,data-set-11-files-4,1,email
EFTA02417026.pdf,data-set-11-files-4,1,other
EFTA02417027.pdf,data-set-11-files-4,1,other
EFTA02417028.pdf,data-set-11-files-4,1,email
EFTA02417029.pdf,data-set-11-files-4,2,other
EFTA02417031.pdf,data-set-11-files-4,1,other
EFTA02417032.pdf,data-set-11-files-4,3,email
EFTA02417035.pdf,data-set-11-files-4,2,email
EFTA02417037.pdf,data-set-11-files-4,2,email
EFTA02417039.pdf,data-set-11-files-4,2,email
EFTA02417041.pdf,data-set-11-files-4,1,other
EFTA02417042.pdf,data-set-11-files-4,2,email
EFTA02417044.pdf,data-set-11-files-4,1,other
EFTA02417045.pdf,data-set-11-files-4,1,email
EFTA02417046.pdf,data-set-11-files-4,1,other
EFTA02417047.pdf,data-set-11-files-4,3,email
EFTA02417050.pdf,data-set-11-files-4,1,email
EFTA02417051.pdf,data-set-11-files-4,1,email
EFTA02417052.pdf,data-set-11-files-4,1,email
EFTA02417053.pdf,data-set-11-files-4,1,email
EFTA02417054.pdf,data-set-11-files-4,1,other
EFTA02417055.pdf,data-set-11-files-4,2,email
EFTA02417057.pdf,data-set-11-files-4,1,other
EFTA02417058.pdf,data-set-11-files-4,1,other
EFTA02417059.pdf,data-set-11-files-4,1,other
EFTA02417061.pdf,data-set-11-files-4,2,email
EFTA02417063.pdf,data-set-11-files-4,1,other
EFTA02417064.pdf,data-set-11-files-4,2,email
EFTA02417066.pdf,data-set-11-files-4,1,other
EFTA02417067.pdf,data-set-11-files-4,1,email
EFTA02417068.pdf,data-set-11-files-4,2,other
EFTA02417070.pdf,data-set-11-files-4,1,other
EFTA02417071.pdf,data-set-11-files-4,1,email
EFTA02417072.pdf,data-set-11-files-4,1,email
EFTA02417073.pdf,data-set-11-files-4,1,email
EFTA02417074.pdf,data-set-11-files-4,3,email
EFTA02417077.pdf,data-set-11-files-4,1,other
EFTA02417078.pdf,data-set-11-files-4,3,email
EFTA02417081.pdf,data-set-11-files-4,1,email
EFTA02417082.pdf,data-set-11-files-4,1,other
EFTA02417083.pdf,data-set-11-files-4,3,other
EFTA02417086.pdf,data-set-11-files-4,1,email
EFTA02417087.pdf,data-set-11-files-4,1,email
EFTA02417088.pdf,data-set-11-files-4,5,email
EFTA02417093.pdf,data-set-11-files-4,1,other
EFTA02417094.pdf,data-set-11-files-4,1,other
EFTA02417095.pdf,data-set-11-files-4,1,other
EFTA02417096.pdf,data-set-11-files-4,4,email
EFTA02417100.pdf,data-set-11-files-4,1,other
EFTA02417101.pdf,data-set-11-files-4,1,other
EFTA02417102.pdf,data-set-11-files-4,1,email
EFTA02417103.pdf,data-set-11-files-4,1,email
EFTA02417104.pdf,data-set-11-files-4,1,other
EFTA02417105.pdf,data-set-11-files-4,2,email
EFTA02417107.pdf,data-set-11-files-4,1,other
EFTA02417108.pdf,data-set-11-files-4,2,email
EFTA02417110.pdf,data-set-11-files-4,1,email
EFTA02417111.pdf,data-set-11-files-4,1,other
EFTA02417112.pdf,data-set-11-files-4,1,other
EFTA02417113.pdf,data-set-11-files-4,3,email
EFTA02417116.pdf,data-set-11-files-4,1,email
EFTA02417117.pdf,data-set-11-files-4,4,email
EFTA02417121.pdf,data-set-11-files-4,2,email
EFTA02417123.pdf,data-set-11-files-4,1,email
EFTA02417124.pdf,data-set-11-files-4,2,other
EFTA02417126.pdf,data-set-11-files-4,2,email
EFTA02417128.pdf,data-set-11-files-4,4,email
EFTA02417132.pdf,data-set-11-files-4,1,other
EFTA02417133.pdf,data-set-11-files-4,1,other
EFTA02417134.pdf,data-set-11-files-4,1,email
EFTA02417135.pdf,data-set-11-files-4,1,email
EFTA02417136.pdf,data-set-11-files-4,1,other
EFTA02417137.pdf,data-set-11-files-4,2,email
EFTA02417139.pdf,data-set-11-files-4,2,email
EFTA02417141.pdf,data-set-11-files-4,1,other
EFTA02417142.pdf,data-set-11-files-4,1,other
EFTA02417143.pdf,data-set-11-files-4,1,email
EFTA02417144.pdf,data-set-11-files-4,1,email
EFTA02417145.pdf,data-set-11-files-4,2,email
EFTA02417147.pdf,data-set-11-files-4,1,email
EFTA02417148.pdf,data-set-11-files-4,1,other
EFTA02417149.pdf,data-set-11-files-4,2,email
EFTA02417151.pdf,data-set-11-files-4,2,other
EFTA02417153.pdf,data-set-11-files-4,1,email
EFTA02417154.pdf,data-set-11-files-4,1,other
EFTA02417155.pdf,data-set-11-files-4,1,other
EFTA02417156.pdf,data-set-11-files-4,1,email
EFTA02417157.pdf,data-set-11-files-4,1,email
EFTA02417158.pdf,data-set-11-files-4,1,email
EFTA02417159.pdf,data-set-11-files-4,1,email
EFTA02417160.pdf,data-set-11-files-4,1,email
EFTA02417161.pdf,data-set-11-files-4,2,email
EFTA02417163.pdf,data-set-11-files-4,1,other
EFTA02417164.pdf,data-set-11-files-4,1,email
EFTA02417165.pdf,data-set-11-files-4,1,other
EFTA02417166.pdf,data-set-11-files-4,2,other
EFTA02417168.pdf,data-set-11-files-4,1,other
EFTA02417169.pdf,data-set-11-files-4,2,email
EFTA02417171.pdf,data-set-11-files-4,1,email
EFTA02417172.pdf,data-set-11-files-4,1,other
EFTA02417173.pdf,data-set-11-files-4,3,email
EFTA02417176.pdf,data-set-11-files-4,1,email
EFTA02417177.pdf,data-set-11-files-4,1,other
EFTA02417178.pdf,data-set-11-files-4,1,other
EFTA02417179.pdf,data-set-11-files-4,1,email
EFTA02417180.pdf,data-set-11-files-4,1,other
EFTA02417181.pdf,data-set-11-files-4,1,email
EFTA02417182.pdf,data-set-11-files-4,1,other
EFTA02417183.pdf,data-set-11-files-4,1,email
EFTA02417184.pdf,data-set-11-files-4,1,email
EFTA02417185.pdf,data-set-11-files-4,2,email
EFTA02417187.pdf,data-set-11-files-4,1,email
EFTA02417188.pdf,data-set-11-files-4,1,email
EFTA02417189.pdf,data-set-11-files-4,1,email
EFTA02417190.pdf,data-set-11-files-4,1,email
EFTA02417191.pdf,data-set-11-files-4,1,email
EFTA02417192.pdf,data-set-11-files-4,1,email
EFTA02417193.pdf,data-set-11-files-4,1,email
EFTA02417194.pdf,data-set-11-files-4,5,email
EFTA02417199.pdf,data-set-11-files-4,1,other
EFTA02417200.pdf,data-set-11-files-4,1,email
EFTA02417201.pdf,data-set-11-files-4,1,other
EFTA02417202.pdf,data-set-11-files-4,1,email
EFTA02417203.pdf,data-set-11-files-4,1,other
EFTA02417204.pdf,data-set-11-files-4,1,other
EFTA02417205.pdf,data-set-11-files-4,3,other
EFTA02417208.pdf,data-set-11-files-4,2,email
EFTA02417210.pdf,data-set-11-files-4,1,other
EFTA02417211.pdf,data-set-11-files-4,3,email
EFTA02417214.pdf,data-set-11-files-4,3,email
EFTA02417217.pdf,data-set-11-files-4,1,other
EFTA02417218.pdf,data-set-11-files-4,2,email
EFTA02417220.pdf,data-set-11-files-4,1,email
EFTA02417221.pdf,data-set-11-files-4,1,email
EFTA02417222.pdf,data-set-11-files-4,5,email
EFTA02417227.pdf,data-set-11-files-4,1,other
EFTA02417228.pdf,data-set-11-files-4,4,email
EFTA02417232.pdf,data-set-11-files-4,1,email
EFTA02417233.pdf,data-set-11-files-4,1,email
EFTA02417234.pdf,data-set-11-files-4,3,email
EFTA02417237.pdf,data-set-11-files-4,1,other
EFTA02417238.pdf,data-set-11-files-4,3,email
EFTA02417241.pdf,data-set-11-files-4,2,email
EFTA02417243.pdf,data-set-11-files-4,2,email
EFTA02417245.pdf,data-set-11-files-4,1,other
EFTA02417246.pdf,data-set-11-files-4,1,email
EFTA02417247.pdf,data-set-11-files-4,1,other
EFTA02417248.pdf,data-set-11-files-4,1,email
EFTA02417249.pdf,data-set-11-files-4,1,other
EFTA02417250.pdf,data-set-11-files-4,1,email
EFTA02417251.pdf,data-set-11-files-4,1,other
EFTA02417252.pdf,data-set-11-files-4,2,other
EFTA02417254.pdf,data-set-11-files-4,1,other
EFTA02417255.pdf,data-set-11-files-4,1,email
EFTA02417256.pdf,data-set-11-files-4,2,email
EFTA02417258.pdf,data-set-11-files-4,1,email
EFTA02417259.pdf,data-set-11-files-4,4,email
EFTA02417263.pdf,data-set-11-files-4,1,other
EFTA02417264.pdf,data-set-11-files-4,1,email
EFTA02417265.pdf,data-set-11-files-4,1,email
EFTA02417266.pdf,data-set-11-files-4,1,other
EFTA02417267.pdf,data-set-11-files-4,1,other
EFTA02417268.pdf,data-set-11-files-4,1,other
EFTA02417269.pdf,data-set-11-files-4,1,other
EFTA02417270.pdf,data-set-11-files-4,1,other
EFTA02417271.pdf,data-set-11-files-4,1,email
EFTA02417272.pdf,data-set-11-files-4,2,email
EFTA02417274.pdf,data-set-11-files-4,2,email
EFTA02417276.pdf,data-set-11-files-4,1,other
EFTA02417277.pdf,data-set-11-files-4,1,email
EFTA02417278.pdf,data-set-11-files-4,1,email
EFTA02417279.pdf,data-set-11-files-4,1,other
EFTA02417280.pdf,data-set-11-files-4,1,other
EFTA02417281.pdf,data-set-11-files-4,1,other
EFTA02417282.pdf,data-set-11-files-4,1,other
EFTA02417283.pdf,data-set-11-files-4,1,other
EFTA02417284.pdf,data-set-11-files-4,1,email
EFTA02417285.pdf,data-set-11-files-4,1,other
EFTA02417286.pdf,data-set-11-files-4,1,email
EFTA02417287.pdf,data-set-11-files-4,1,other
EFTA02417288.pdf,data-set-11-files-4,2,other
EFTA02417290.pdf,data-set-11-files-4,4,email
EFTA02417294.pdf,data-set-11-files-4,1,email
EFTA02417295.pdf,data-set-11-files-4,1,email
EFTA02417296.pdf,data-set-11-files-4,1,other
EFTA02417297.pdf,data-set-11-files-4,1,other
EFTA02417298.pdf,data-set-11-files-4,1,other
EFTA02417299.pdf,data-set-11-files-4,1,email
EFTA02417300.pdf,data-set-11-files-4,1,email
EFTA02417301.pdf,data-set-11-files-4,2,email
EFTA02417303.pdf,data-set-11-files-4,2,email
EFTA02417305.pdf,data-set-11-files-4,1,email
EFTA02417306.pdf,data-set-11-files-4,1,email
EFTA02417307.pdf,data-set-11-files-4,2,email
EFTA02417309.pdf,data-set-11-files-4,1,other
EFTA02417310.pdf,data-set-11-files-4,1,email
EFTA02417311.pdf,data-set-11-files-4,1,email
EFTA02417312.pdf,data-set-11-files-4,1,other
EFTA02417313.pdf,data-set-11-files-4,1,email
EFTA02417314.pdf,data-set-11-files-4,1,other
EFTA02417315.pdf,data-set-11-files-4,2,other
EFTA02417317.pdf,data-set-11-files-4,1,email
EFTA02417318.pdf,data-set-11-files-4,1,other
EFTA02417319.pdf,data-set-11-files-4,1,other
EFTA02417320.pdf,data-set-11-files-4,1,other
EFTA02417321.pdf,data-set-11-files-4,1,other
EFTA02417322.pdf,data-set-11-files-4,2,email
EFTA02417324.pdf,data-set-11-files-4,1,other
EFTA02417325.pdf,data-set-11-files-4,1,email
EFTA02417326.pdf,data-set-11-files-4,1,email
EFTA02417327.pdf,data-set-11-files-4,1,email
EFTA02417328.pdf,data-set-11-files-4,1,email
EFTA02417329.pdf,data-set-11-files-4,2,email
EFTA02417331.pdf,data-set-11-files-4,1,email
EFTA02417332.pdf,data-set-11-files-4,1,other
EFTA02417333.pdf,data-set-11-files-4,1,email
EFTA02417334.pdf,data-set-11-files-4,1,other
EFTA02417335.pdf,data-set-11-files-4,1,other
EFTA02417336.pdf,data-set-11-files-4,1,other
EFTA02417337.pdf,data-set-11-files-4,1,other
EFTA02417338.pdf,data-set-11-files-4,1,email
EFTA02417339.pdf,data-set-11-files-4,2,email
EFTA02417341.pdf,data-set-11-files-4,1,other
EFTA02417342.pdf,data-set-11-files-4,1,other
EFTA02417343.pdf,data-set-11-files-4,1,email
EFTA02417344.pdf,data-set-11-files-4,1,other
EFTA02417345.pdf,data-set-11-files-4,2,email
EFTA02417347.pdf,data-set-11-files-4,1,other
EFTA02417348.pdf,data-set-11-files-4,1,other
EFTA02417349.pdf,data-set-11-files-4,1,email
EFTA02417350.pdf,data-set-11-files-4,1,email
EFTA02417351.pdf,data-set-11-files-4,1,other
EFTA02417352.pdf,data-set-11-files-4,4,email
EFTA02417356.pdf,data-set-11-files-4,1,other
EFTA02417357.pdf,data-set-11-files-4,2,email
EFTA02417359.pdf,data-set-11-files-4,1,email
EFTA02417360.pdf,data-set-11-files-4,1,other
EFTA02417361.pdf,data-set-11-files-4,1,other
EFTA02417362.pdf,data-set-11-files-4,2,other
EFTA02417364.pdf,data-set-11-files-4,1,other
EFTA02417365.pdf,data-set-11-files-4,1,other
EFTA02417366.pdf,data-set-11-files-4,1,other
EFTA02417367.pdf,data-set-11-files-4,1,other
EFTA02417368.pdf,data-set-11-files-4,1,email
EFTA02417369.pdf,data-set-11-files-4,18,other
EFTA02417387.pdf,data-set-11-files-4,3,email
EFTA02417390.pdf,data-set-11-files-4,1,other
EFTA02417391.pdf,data-set-11-files-4,1,email
EFTA02417392.pdf,data-set-11-files-4,1,other
EFTA02417393.pdf,data-set-11-files-4,1,other
EFTA02417394.pdf,data-set-11-files-4,2,email
EFTA02417396.pdf,data-set-11-files-4,1,email
EFTA02417397.pdf,data-set-11-files-4,1,other
EFTA02417398.pdf,data-set-11-files-4,2,email
EFTA02417400.pdf,data-set-11-files-4,1,email
EFTA02417401.pdf,data-set-11-files-4,1,email
EFTA02417402.pdf,data-set-11-files-4,1,email
EFTA02417403.pdf,data-set-11-files-4,1,email
EFTA02417404.pdf,data-set-11-files-4,1,other
EFTA02417405.pdf,data-set-11-files-4,1,email
EFTA02417406.pdf,data-set-11-files-4,1,other
EFTA02417407.pdf,data-set-11-files-4,1,other
EFTA02417408.pdf,data-set-11-files-4,1,email
EFTA02417409.pdf,data-set-11-files-4,1,other
EFTA02417410.pdf,data-set-11-files-4,1,email
EFTA02417411.pdf,data-set-11-files-4,1,other
EFTA02417412.pdf,data-set-11-files-4,1,email
EFTA02417413.pdf,data-set-11-files-4,1,other
EFTA02417414.pdf,data-set-11-files-4,1,email
EFTA02417415.pdf,data-set-11-files-4,1,email
EFTA02417416.pdf,data-set-11-files-4,1,other
EFTA02417417.pdf,data-set-11-files-4,1,email
EFTA02417418.pdf,data-set-11-files-4,1,other
EFTA02417419.pdf,data-set-11-files-4,1,other
EFTA02417420.pdf,data-set-11-files-4,1,other
EFTA02417421.pdf,data-set-11-files-4,1,email
EFTA02417422.pdf,data-set-11-files-4,1,email
EFTA02417423.pdf,data-set-11-files-4,1,email
EFTA02417424.pdf,data-set-11-files-4,1,other
EFTA02417425.pdf,data-set-11-files-4,1,other
EFTA02417426.pdf,data-set-11-files-4,1,other
EFTA02417427.pdf,data-set-11-files-4,2,email
EFTA02417429.pdf,data-set-11-files-4,1,email
EFTA02417430.pdf,data-set-11-files-4,1,email
EFTA02417431.pdf,data-set-11-files-4,1,other
EFTA02417432.pdf,data-set-11-files-4,1,email
EFTA02417433.pdf,data-set-11-files-4,1,other
EFTA02417434.pdf,data-set-11-files-4,4,email
EFTA02417438.pdf,data-set-11-files-4,1,other
EFTA02417439.pdf,data-set-11-files-4,3,email
EFTA02417442.pdf,data-set-11-files-4,1,other
EFTA02417443.pdf,data-set-11-files-4,2,email
EFTA02417445.pdf,data-set-11-files-4,1,other
EFTA02417446.pdf,data-set-11-files-4,2,email
EFTA02417448.pdf,data-set-11-files-4,1,other
EFTA02417449.pdf,data-set-11-files-4,1,email
EFTA02417450.pdf,data-set-11-files-4,1,email
EFTA02417451.pdf,data-set-11-files-4,1,email
EFTA02417452.pdf,data-set-11-files-4,2,other
EFTA02417454.pdf,data-set-11-files-4,1,email
EFTA02417455.pdf,data-set-11-files-4,2,email
EFTA02417457.pdf,data-set-11-files-4,1,email
EFTA02417458.pdf,data-set-11-files-4,1,other
EFTA02417459.pdf,data-set-11-files-4,1,email
EFTA02417460.pdf,data-set-11-files-4,1,other
EFTA02417461.pdf,data-set-11-files-4,1,other
EFTA02417462.pdf,data-set-11-files-4,1,other
EFTA02417463.pdf,data-set-11-files-4,1,other
EFTA02417464.pdf,data-set-11-files-4,1,email
EFTA02417465.pdf,data-set-11-files-4,3,email
EFTA02417468.pdf,data-set-11-files-4,1,other
EFTA02417469.pdf,data-set-11-files-4,1,email
EFTA02417470.pdf,data-set-11-files-4,3,email
EFTA02417473.pdf,data-set-11-files-4,1,email
EFTA02417474.pdf,data-set-11-files-4,1,email
EFTA02417475.pdf,data-set-11-files-4,1,email
EFTA02417476.pdf,data-set-11-files-4,1,email
EFTA02417477.pdf,data-set-11-files-4,1,other
EFTA02417478.pdf,data-set-11-files-4,1,other
EFTA02417479.pdf,data-set-11-files-4,1,email
EFTA02417480.pdf,data-set-11-files-4,1,other
EFTA02417481.pdf,data-set-11-files-4,1,email
EFTA02417482.pdf,data-set-11-files-4,1,other
EFTA02417483.pdf,data-set-11-files-4,1,email
EFTA02417484.pdf,data-set-11-files-4,1,email
EFTA02417485.pdf,data-set-11-files-4,1,other
EFTA02417486.pdf,data-set-11-files-4,2,email
EFTA02417488.pdf,data-set-11-files-4,1,email
EFTA02417489.pdf,data-set-11-files-4,1,email
EFTA02417490.pdf,data-set-11-files-4,1,email
EFTA02417491.pdf,data-set-11-files-4,1,other
EFTA02417492.pdf,data-set-11-files-4,1,email
EFTA02417493.pdf,data-set-11-files-4,1,email
EFTA02417494.pdf,data-set-11-files-4,1,email
EFTA02417495.pdf,data-set-11-files-4,1,other
EFTA02417496.pdf,data-set-11-files-4,1,other
EFTA02417497.pdf,data-set-11-files-4,1,email
EFTA02417498.pdf,data-set-11-files-4,1,other
EFTA02417499.pdf,data-set-11-files-4,3,email
EFTA02417502.pdf,data-set-11-files-4,1,email
EFTA02417503.pdf,data-set-11-files-4,1,email
EFTA02417504.pdf,data-set-11-files-4,2,email
EFTA02417506.pdf,data-set-11-files-4,1,other
EFTA02417507.pdf,data-set-11-files-4,1,email
EFTA02417508.pdf,data-set-11-files-4,1,email
EFTA02417509.pdf,data-set-11-files-4,1,email
EFTA02417510.pdf,data-set-11-files-4,2,email
EFTA02417512.pdf,data-set-11-files-4,2,email
EFTA02417514.pdf,data-set-11-files-4,1,email
EFTA02417515.pdf,data-set-11-files-4,1,other
EFTA02417516.pdf,data-set-11-files-4,3,email
EFTA02417519.pdf,data-set-11-files-4,5,email
EFTA02417524.pdf,data-set-11-files-4,2,email
EFTA02417526.pdf,data-set-11-files-4,1,other
EFTA02417527.pdf,data-set-11-files-4,1,other
EFTA02417528.pdf,data-set-11-files-4,1,email
EFTA02417529.pdf,data-set-11-files-4,1,other
EFTA02417530.pdf,data-set-11-files-4,2,other
EFTA02417532.pdf,data-set-11-files-4,1,email
EFTA02417533.pdf,data-set-11-files-4,1,other
EFTA02417534.pdf,data-set-11-files-4,3,email
EFTA02417537.pdf,data-set-11-files-4,2,email
EFTA02417539.pdf,data-set-11-files-4,1,other
EFTA02417540.pdf,data-set-11-files-4,2,email
EFTA02417542.pdf,data-set-11-files-4,1,other
EFTA02417543.pdf,data-set-11-files-4,1,other
EFTA02417544.pdf,data-set-11-files-4,1,email
EFTA02417545.pdf,data-set-11-files-4,2,email
EFTA02417547.pdf,data-set-11-files-4,1,email
EFTA02417548.pdf,data-set-11-files-4,1,email
EFTA02417549.pdf,data-set-11-files-4,2,email
EFTA02417551.pdf,data-set-11-files-4,1,email
EFTA02417552.pdf,data-set-11-files-4,1,other
EFTA02417553.pdf,data-set-11-files-4,1,email
EFTA02417554.pdf,data-set-11-files-4,1,email
EFTA02417555.pdf,data-set-11-files-4,1,email
EFTA02417556.pdf,data-set-11-files-4,1,other
EFTA02417557.pdf,data-set-11-files-4,1,email
EFTA02417558.pdf,data-set-11-files-4,2,email
EFTA02417560.pdf,data-set-11-files-4,4,email
EFTA02417564.pdf,data-set-11-files-4,1,other
EFTA02417565.pdf,data-set-11-files-4,1,other
EFTA02417566.pdf,data-set-11-files-4,1,other
EFTA02417567.pdf,data-set-11-files-4,1,other
EFTA02417568.pdf,data-set-11-files-4,2,email
EFTA02417570.pdf,data-set-11-files-4,1,other
EFTA02417571.pdf,data-set-11-files-4,1,other
EFTA02417572.pdf,data-set-11-files-4,1,email
EFTA02417573.pdf,data-set-11-files-4,1,email
EFTA02417574.pdf,data-set-11-files-4,1,email
EFTA02417575.pdf,data-set-11-files-4,1,email
EFTA02417576.pdf,data-set-11-files-4,2,other
EFTA02417578.pdf,data-set-11-files-4,4,email
EFTA02417582.pdf,data-set-11-files-4,3,email
EFTA02417585.pdf,data-set-11-files-4,1,other
EFTA02417586.pdf,data-set-11-files-4,2,email
EFTA02417588.pdf,data-set-11-files-4,1,email
EFTA02417589.pdf,data-set-11-files-4,2,email
EFTA02417591.pdf,data-set-11-files-4,1,other
EFTA02417592.pdf,data-set-11-files-4,1,email
EFTA02417593.pdf,data-set-11-files-4,1,other
EFTA02417594.pdf,data-set-11-files-4,3,email
EFTA02417597.pdf,data-set-11-files-4,1,other
EFTA02417598.pdf,data-set-11-files-4,1,email
EFTA02417599.pdf,data-set-11-files-4,1,email
EFTA02417600.pdf,data-set-11-files-4,1,email
EFTA02417601.pdf,data-set-11-files-4,2,email
EFTA02417603.pdf,data-set-11-files-4,1,email
EFTA02417604.pdf,data-set-11-files-4,1,email
EFTA02417605.pdf,data-set-11-files-4,1,other
EFTA02417606.pdf,data-set-11-files-4,2,email
EFTA02417608.pdf,data-set-11-files-4,1,other
EFTA02417609.pdf,data-set-11-files-4,3,email
EFTA02417612.pdf,data-set-11-files-4,1,email
EFTA02417613.pdf,data-set-11-files-4,1,other
EFTA02417614.pdf,data-set-11-files-4,1,other
EFTA02417615.pdf,data-set-11-files-4,1,email
EFTA02417616.pdf,data-set-11-files-4,1,email
EFTA02417617.pdf,data-set-11-files-4,3,email
EFTA02417620.pdf,data-set-11-files-4,1,email
EFTA02417621.pdf,data-set-11-files-4,4,email
EFTA02417625.pdf,data-set-11-files-4,1,email
EFTA02417626.pdf,data-set-11-files-4,1,other
EFTA02417627.pdf,data-set-11-files-4,3,email
EFTA02417630.pdf,data-set-11-files-4,1,email
EFTA02417631.pdf,data-set-11-files-4,1,email
EFTA02417632.pdf,data-set-11-files-4,3,email
EFTA02417635.pdf,data-set-11-files-4,1,email
EFTA02417636.pdf,data-set-11-files-4,1,other
EFTA02417637.pdf,data-set-11-files-4,1,email
EFTA02417638.pdf,data-set-11-files-4,1,email
EFTA02417639.pdf,data-set-11-files-4,2,email
EFTA02417641.pdf,data-set-11-files-4,1,email
EFTA02417642.pdf,data-set-11-files-4,1,other
EFTA02417643.pdf,data-set-11-files-4,1,email
EFTA02417644.pdf,data-set-11-files-4,1,email
EFTA02417645.pdf,data-set-11-files-4,1,email
EFTA02417646.pdf,data-set-11-files-4,1,email
EFTA02417647.pdf,data-set-11-files-4,1,other
EFTA02417648.pdf,data-set-11-files-4,1,other
EFTA02417649.pdf,data-set-11-files-4,2,email
EFTA02417651.pdf,data-set-11-files-4,1,other
EFTA02417652.pdf,data-set-11-files-4,1,email
EFTA02417653.pdf,data-set-11-files-4,1,email
EFTA02417654.pdf,data-set-11-files-4,1,other
EFTA02417655.pdf,data-set-11-files-4,1,other
EFTA02417656.pdf,data-set-11-files-4,1,email
EFTA02417657.pdf,data-set-11-files-4,2,email
EFTA02417659.pdf,data-set-11-files-4,1,other
EFTA02417660.pdf,data-set-11-files-4,1,other
EFTA02417661.pdf,data-set-11-files-4,1,email
EFTA02417662.pdf,data-set-11-files-4,1,other
EFTA02417663.pdf,data-set-11-files-4,1,other
EFTA02417664.pdf,data-set-11-files-4,1,other
EFTA02417665.pdf,data-set-11-files-4,1,other
EFTA02417666.pdf,data-set-11-files-4,1,email
EFTA02417667.pdf,data-set-11-files-4,1,email
EFTA02417668.pdf,data-set-11-files-4,1,other
EFTA02417669.pdf,data-set-11-files-4,1,email
EFTA02417670.pdf,data-set-11-files-4,1,email
EFTA02417671.pdf,data-set-11-files-4,1,other
EFTA02417672.pdf,data-set-11-files-4,2,email
EFTA02417674.pdf,data-set-11-files-4,1,email
EFTA02417675.pdf,data-set-11-files-4,1,email
EFTA02417676.pdf,data-set-11-files-4,1,email
EFTA02417677.pdf,data-set-11-files-4,2,email
EFTA02417679.pdf,data-set-11-files-4,1,email
EFTA02417680.pdf,data-set-11-files-4,1,other
EFTA02417681.pdf,data-set-11-files-4,1,other
EFTA02417682.pdf,data-set-11-files-4,4,other
EFTA02417686.pdf,data-set-11-files-4,1,other
EFTA02417687.pdf,data-set-11-files-4,1,email
EFTA02417688.pdf,data-set-11-files-4,1,email
EFTA02417689.pdf,data-set-11-files-4,1,other
EFTA02417690.pdf,data-set-11-files-4,1,other
EFTA02417691.pdf,data-set-11-files-4,2,email
EFTA02417693.pdf,data-set-11-files-4,1,other
EFTA02417694.pdf,data-set-11-files-4,1,email
EFTA02417695.pdf,data-set-11-files-4,1,email
EFTA02417696.pdf,data-set-11-files-4,1,other
EFTA02417697.pdf,data-set-11-files-4,1,email
EFTA02417698.pdf,data-set-11-files-4,1,email
EFTA02417699.pdf,data-set-11-files-4,1,email
EFTA02417700.pdf,data-set-11-files-4,1,email
EFTA02417701.pdf,data-set-11-files-4,3,email
EFTA02417704.pdf,data-set-11-files-4,2,email
EFTA02417706.pdf,data-set-11-files-4,1,other
EFTA02417707.pdf,data-set-11-files-4,3,email
EFTA02417710.pdf,data-set-11-files-4,2,other
EFTA02417712.pdf,data-set-11-files-4,1,other
EFTA02417713.pdf,data-set-11-files-4,1,email
EFTA02417714.pdf,data-set-11-files-4,1,email
EFTA02417715.pdf,data-set-11-files-4,1,email
EFTA02417716.pdf,data-set-11-files-4,1,email
EFTA02417717.pdf,data-set-11-files-4,1,other
EFTA02417718.pdf,data-set-11-files-4,2,other
EFTA02417720.pdf,data-set-11-files-4,1,email
EFTA02417721.pdf,data-set-11-files-4,1,other
EFTA02417722.pdf,data-set-11-files-4,1,email
EFTA02417723.pdf,data-set-11-files-4,1,email
EFTA02417724.pdf,data-set-11-files-4,1,other
EFTA02417725.pdf,data-set-11-files-4,1,other
EFTA02417726.pdf,data-set-11-files-4,1,email
EFTA02417727.pdf,data-set-11-files-4,1,email
EFTA02417728.pdf,data-set-11-files-4,1,other
EFTA02417729.pdf,data-set-11-files-4,1,other
EFTA02417730.pdf,data-set-11-files-4,1,other
EFTA02417731.pdf,data-set-11-files-4,1,other
EFTA02417732.pdf,data-set-11-files-4,1,other
EFTA02417733.pdf,data-set-11-files-4,1,other
EFTA02417734.pdf,data-set-11-files-4,2,email
EFTA02417736.pdf,data-set-11-files-4,1,email
EFTA02417737.pdf,data-set-11-files-4,1,email
EFTA02417738.pdf,data-set-11-files-4,1,other
EFTA02417739.pdf,data-set-11-files-4,1,other
EFTA02417740.pdf,data-set-11-files-4,1,email
EFTA02417741.pdf,data-set-11-files-4,2,email
EFTA02417743.pdf,data-set-11-files-4,1,other
EFTA02417744.pdf,data-set-11-files-4,1,other
EFTA02417745.pdf,data-set-11-files-4,1,email
EFTA02417746.pdf,data-set-11-files-4,2,email
EFTA02417748.pdf,data-set-11-files-4,1,other
EFTA02417749.pdf,data-set-11-files-4,1,other
EFTA02417750.pdf,data-set-11-files-4,1,email
EFTA02417751.pdf,data-set-11-files-4,1,email
EFTA02417752.pdf,data-set-11-files-4,1,email
EFTA02417753.pdf,data-set-11-files-4,1,email
EFTA02417754.pdf,data-set-11-files-4,1,email
EFTA02417755.pdf,data-set-11-files-4,4,other
EFTA02417759.pdf,data-set-11-files-4,1,other
EFTA02417760.pdf,data-set-11-files-4,1,email
EFTA02417761.pdf,data-set-11-files-4,1,email
EFTA02417762.pdf,data-set-11-files-4,1,other
EFTA02417763.pdf,data-set-11-files-4,2,email
EFTA02417765.pdf,data-set-11-files-4,1,other
EFTA02417766.pdf,data-set-11-files-4,1,email
EFTA02417767.pdf,data-set-11-files-4,1,other
EFTA02417768.pdf,data-set-11-files-4,2,email
EFTA02417770.pdf,data-set-11-files-4,1,email
EFTA02417771.pdf,data-set-11-files-4,2,email
EFTA02417773.pdf,data-set-11-files-4,1,email
EFTA02417774.pdf,data-set-11-files-4,1,email
EFTA02417775.pdf,data-set-11-files-4,1,email
EFTA02417776.pdf,data-set-11-files-4,1,other
EFTA02417777.pdf,data-set-11-files-4,1,other
EFTA02417778.pdf,data-set-11-files-4,1,email
EFTA02417779.pdf,data-set-11-files-4,1,other
EFTA02417780.pdf,data-set-11-files-4,1,email
EFTA02417781.pdf,data-set-11-files-4,1,other
EFTA02417782.pdf,data-set-11-files-4,4,email
EFTA02417786.pdf,data-set-11-files-4,1,email
EFTA02417787.pdf,data-set-11-files-4,4,other
EFTA02417791.pdf,data-set-11-files-4,2,email
EFTA02417793.pdf,data-set-11-files-4,1,email
EFTA02417794.pdf,data-set-11-files-4,1,email
EFTA02417795.pdf,data-set-11-files-4,1,email
EFTA02417796.pdf,data-set-11-files-4,1,other
EFTA02417797.pdf,data-set-11-files-4,1,email
EFTA02417798.pdf,data-set-11-files-4,1,email
EFTA02417799.pdf,data-set-11-files-4,1,other
EFTA02417800.pdf,data-set-11-files-4,1,email
EFTA02417801.pdf,data-set-11-files-4,1,other
EFTA02417802.pdf,data-set-11-files-4,3,other
EFTA02417805.pdf,data-set-11-files-4,1,email
EFTA02417806.pdf,data-set-11-files-4,1,other
EFTA02417807.pdf,data-set-11-files-4,1,other
EFTA02417808.pdf,data-set-11-files-4,1,email
EFTA02417809.pdf,data-set-11-files-4,1,other
EFTA02417810.pdf,data-set-11-files-4,3,email
EFTA02417813.pdf,data-set-11-files-4,2,email
EFTA02417815.pdf,data-set-11-files-4,2,email
EFTA02417817.pdf,data-set-11-files-4,1,other
EFTA02417818.pdf,data-set-11-files-4,1,email
EFTA02417819.pdf,data-set-11-files-4,1,email
EFTA02417820.pdf,data-set-11-files-4,2,other
EFTA02417822.pdf,data-set-11-files-4,1,email
EFTA02417823.pdf,data-set-11-files-4,1,email
EFTA02417824.pdf,data-set-11-files-4,1,email
EFTA02417825.pdf,data-set-11-files-4,2,email
EFTA02417827.pdf,data-set-11-files-4,1,email
EFTA02417828.pdf,data-set-11-files-4,1,email
EFTA02417829.pdf,data-set-11-files-4,1,email
EFTA02417830.pdf,data-set-11-files-4,1,other
EFTA02417831.pdf,data-set-11-files-4,1,email
EFTA02417832.pdf,data-set-11-files-4,1,email
EFTA02417833.pdf,data-set-11-files-4,1,email
EFTA02417834.pdf,data-set-11-files-4,1,other
EFTA02417835.pdf,data-set-11-files-4,2,other
EFTA02417837.pdf,data-set-11-files-4,1,other
EFTA02417838.pdf,data-set-11-files-4,2,email
EFTA02417840.pdf,data-set-11-files-4,2,other
EFTA02417842.pdf,data-set-11-files-4,2,other
EFTA02417844.pdf,data-set-11-files-4,1,email
EFTA02417845.pdf,data-set-11-files-4,1,email
EFTA02417846.pdf,data-set-11-files-4,1,email
EFTA02417847.pdf,data-set-11-files-4,1,other
EFTA02417848.pdf,data-set-11-files-4,1,email
EFTA02417849.pdf,data-set-11-files-4,1,other
EFTA02417850.pdf,data-set-11-files-4,1,email
EFTA02417851.pdf,data-set-11-files-4,1,email
EFTA02417852.pdf,data-set-11-files-4,1,other
EFTA02417853.pdf,data-set-11-files-4,1,email
EFTA02417854.pdf,data-set-11-files-4,1,email
EFTA02417855.pdf,data-set-11-files-4,1,other
EFTA02417856.pdf,data-set-11-files-4,3,email
EFTA02417859.pdf,data-set-11-files-4,1,email
EFTA02417860.pdf,data-set-11-files-4,4,email
EFTA02417864.pdf,data-set-11-files-4,1,other
EFTA02417865.pdf,data-set-11-files-4,1,other
EFTA02417866.pdf,data-set-11-files-4,1,other
EFTA02417867.pdf,data-set-11-files-4,1,other
EFTA02417868.pdf,data-set-11-files-4,1,email
EFTA02417869.pdf,data-set-11-files-4,1,email
EFTA02417870.pdf,data-set-11-files-4,1,email
EFTA02417871.pdf,data-set-11-files-4,2,email
EFTA02417873.pdf,data-set-11-files-4,1,other
EFTA02417874.pdf,data-set-11-files-4,1,email
EFTA02417875.pdf,data-set-11-files-4,1,email
EFTA02417876.pdf,data-set-11-files-4,1,other
EFTA02417877.pdf,data-set-11-files-4,2,email
EFTA02417879.pdf,data-set-11-files-4,1,other
EFTA02417880.pdf,data-set-11-files-4,1,other
EFTA02417881.pdf,data-set-11-files-4,1,other
EFTA02417882.pdf,data-set-11-files-4,1,other
EFTA02417883.pdf,data-set-11-files-4,1,email
EFTA02417884.pdf,data-set-11-files-4,1,email
EFTA02417885.pdf,data-set-11-files-4,1,other
EFTA02417886.pdf,data-set-11-files-4,2,email
EFTA02417888.pdf,data-set-11-files-4,1,email
EFTA02417889.pdf,data-set-11-files-4,1,email
EFTA02417890.pdf,data-set-11-files-4,1,email
EFTA02417891.pdf,data-set-11-files-4,1,other
EFTA02417892.pdf,data-set-11-files-4,1,email
EFTA02417893.pdf,data-set-11-files-4,1,email
EFTA02417894.pdf,data-set-11-files-4,1,other
EFTA02417895.pdf,data-set-11-files-4,6,email
EFTA02417901.pdf,data-set-11-files-4,1,email
EFTA02417902.pdf,data-set-11-files-4,1,email
EFTA02417903.pdf,data-set-11-files-4,1,other
EFTA02417904.pdf,data-set-11-files-4,1,other
EFTA02417905.pdf,data-set-11-files-4,1,email
EFTA02417906.pdf,data-set-11-files-4,1,other
EFTA02417907.pdf,data-set-11-files-4,1,email
EFTA02417908.pdf,data-set-11-files-4,1,email
EFTA02417909.pdf,data-set-11-files-4,1,other
EFTA02417910.pdf,data-set-11-files-4,1,other
EFTA02417911.pdf,data-set-11-files-4,1,email
EFTA02417912.pdf,data-set-11-files-4,1,email
EFTA02417913.pdf,data-set-11-files-4,1,other
EFTA02417914.pdf,data-set-11-files-4,1,email
EFTA02417915.pdf,data-set-11-files-4,2,email
EFTA02417917.pdf,data-set-11-files-4,1,other
EFTA02417918.pdf,data-set-11-files-4,1,email
EFTA02417919.pdf,data-set-11-files-4,1,email
EFTA02417920.pdf,data-set-11-files-4,1,other
EFTA02417921.pdf,data-set-11-files-4,1,email
EFTA02417922.pdf,data-set-11-files-4,1,other
EFTA02417923.pdf,data-set-11-files-4,2,email
EFTA02417925.pdf,data-set-11-files-4,1,email
EFTA02417926.pdf,data-set-11-files-4,1,other
EFTA02417927.pdf,data-set-11-files-4,1,email
EFTA02417928.pdf,data-set-11-files-4,1,other
EFTA02417929.pdf,data-set-11-files-4,1,email
EFTA02417930.pdf,data-set-11-files-4,1,email
EFTA02417931.pdf,data-set-11-files-4,3,other
EFTA02417934.pdf,data-set-11-files-4,1,email
EFTA02417935.pdf,data-set-11-files-4,1,email
EFTA02417936.pdf,data-set-11-files-4,1,other
EFTA02417937.pdf,data-set-11-files-4,1,email
EFTA02417938.pdf,data-set-11-files-4,1,other
EFTA02417939.pdf,data-set-11-files-4,1,email
EFTA02417940.pdf,data-set-11-files-4,2,other
EFTA02417942.pdf,data-set-11-files-4,1,other
EFTA02417943.pdf,data-set-11-files-4,2,email
EFTA02417945.pdf,data-set-11-files-4,1,other
EFTA02417947.pdf,data-set-11-files-4,1,email
EFTA02417948.pdf,data-set-11-files-4,1,email
EFTA02417949.pdf,data-set-11-files-4,1,other
EFTA02417950.pdf,data-set-11-files-4,1,other
EFTA02417951.pdf,data-set-11-files-4,1,other
EFTA02417952.pdf,data-set-11-files-4,1,email
EFTA02417953.pdf,data-set-11-files-4,1,email
EFTA02417954.pdf,data-set-11-files-4,1,other
EFTA02417955.pdf,data-set-11-files-4,3,email
EFTA02417958.pdf,data-set-11-files-4,1,other
EFTA02417959.pdf,data-set-11-files-4,1,other
EFTA02417960.pdf,data-set-11-files-4,1,other
EFTA02417961.pdf,data-set-11-files-4,1,email
EFTA02417962.pdf,data-set-11-files-4,1,email
EFTA02417963.pdf,data-set-11-files-4,3,email
EFTA02417966.pdf,data-set-11-files-4,5,email
EFTA02417971.pdf,data-set-11-files-4,2,email
EFTA02417973.pdf,data-set-11-files-4,1,email
EFTA02417974.pdf,data-set-11-files-4,1,other
EFTA02417975.pdf,data-set-11-files-4,1,other
EFTA02417976.pdf,data-set-11-files-4,1,other
EFTA02417977.pdf,data-set-11-files-4,1,email
EFTA02417978.pdf,data-set-11-files-4,5,email
EFTA02417983.pdf,data-set-11-files-4,1,email
EFTA02417984.pdf,data-set-11-files-4,1,email
EFTA02417985.pdf,data-set-11-files-4,2,email
EFTA02417987.pdf,data-set-11-files-4,1,email
EFTA02417988.pdf,data-set-11-files-4,1,other
EFTA02417989.pdf,data-set-11-files-4,2,email
EFTA02417991.pdf,data-set-11-files-4,1,email
EFTA02417992.pdf,data-set-11-files-4,1,other
EFTA02417993.pdf,data-set-11-files-4,1,email
EFTA02417994.pdf,data-set-11-files-4,1,email
EFTA02417995.pdf,data-set-11-files-4,1,other
EFTA02417996.pdf,data-set-11-files-4,1,email
EFTA02417997.pdf,data-set-11-files-4,2,other
EFTA02417999.pdf,data-set-11-files-4,4,email
EFTA02418003.pdf,data-set-11-files-4,1,email
EFTA02418004.pdf,data-set-11-files-4,1,other
EFTA02418005.pdf,data-set-11-files-4,1,email
EFTA02418006.pdf,data-set-11-files-4,1,email
EFTA02418007.pdf,data-set-11-files-4,1,email
EFTA02418008.pdf,data-set-11-files-4,3,email
EFTA02418011.pdf,data-set-11-files-4,1,other
EFTA02418012.pdf,data-set-11-files-4,1,other
EFTA02418013.pdf,data-set-11-files-4,1,other
EFTA02418014.pdf,data-set-11-files-4,1,email
EFTA02418015.pdf,data-set-11-files-4,1,email
EFTA02418016.pdf,data-set-11-files-4,2,email
EFTA02418018.pdf,data-set-11-files-4,1,email
EFTA02418019.pdf,data-set-11-files-4,1,other
EFTA02418020.pdf,data-set-11-files-4,1,email
EFTA02418021.pdf,data-set-11-files-4,1,other
EFTA02418022.pdf,data-set-11-files-4,2,email
EFTA02418024.pdf,data-set-11-files-4,6,email
EFTA02418030.pdf,data-set-11-files-4,1,other
EFTA02418031.pdf,data-set-11-files-4,1,email
EFTA02418032.pdf,data-set-11-files-4,1,other
EFTA02418033.pdf,data-set-11-files-4,1,email
EFTA02418034.pdf,data-set-11-files-4,1,email
EFTA02418035.pdf,data-set-11-files-4,1,email
EFTA02418036.pdf,data-set-11-files-4,1,other
EFTA02418037.pdf,data-set-11-files-4,1,other
EFTA02418038.pdf,data-set-11-files-4,1,email
EFTA02418039.pdf,data-set-11-files-4,1,other
EFTA02418040.pdf,data-set-11-files-4,1,email
EFTA02418041.pdf,data-set-11-files-4,1,other
EFTA02418042.pdf,data-set-11-files-4,1,other
EFTA02418043.pdf,data-set-11-files-4,2,email
EFTA02418045.pdf,data-set-11-files-4,1,email
EFTA02418046.pdf,data-set-11-files-4,1,other
EFTA02418047.pdf,data-set-11-files-4,1,email
EFTA02418048.pdf,data-set-11-files-4,1,other
EFTA02418049.pdf,data-set-11-files-4,1,email
EFTA02418050.pdf,data-set-11-files-4,1,other
EFTA02418051.pdf,data-set-11-files-4,1,email
EFTA02418052.pdf,data-set-11-files-4,1,email
EFTA02418053.pdf,data-set-11-files-4,1,other
EFTA02418054.pdf,data-set-11-files-4,1,email
EFTA02418055.pdf,data-set-11-files-4,2,email
EFTA02418057.pdf,data-set-11-files-4,1,other
EFTA02418058.pdf,data-set-11-files-4,1,email
EFTA02418059.pdf,data-set-11-files-4,1,email
EFTA02418060.pdf,data-set-11-files-4,1,email
EFTA02418061.pdf,data-set-11-files-4,1,email
EFTA02418062.pdf,data-set-11-files-4,1,other
EFTA02418063.pdf,data-set-11-files-4,1,email
EFTA02418064.pdf,data-set-11-files-4,3,email
EFTA02418067.pdf,data-set-11-files-4,3,email
EFTA02418070.pdf,data-set-11-files-4,1,email
EFTA02418071.pdf,data-set-11-files-4,1,other
EFTA02418072.pdf,data-set-11-files-4,1,email
EFTA02418073.pdf,data-set-11-files-4,1,email
EFTA02418074.pdf,data-set-11-files-4,2,email
EFTA02418076.pdf,data-set-11-files-4,1,email
EFTA02418077.pdf,data-set-11-files-4,1,email
EFTA02418078.pdf,data-set-11-files-4,1,email
EFTA02418079.pdf,data-set-11-files-4,2,email
EFTA02418081.pdf,data-set-11-files-4,1,email
EFTA02418082.pdf,data-set-11-files-4,1,other
EFTA02418083.pdf,data-set-11-files-4,1,email
EFTA02418084.pdf,data-set-11-files-4,1,other
EFTA02418085.pdf,data-set-11-files-4,1,other
EFTA02418086.pdf,data-set-11-files-4,1,other
EFTA02418087.pdf,data-set-11-files-4,1,other
EFTA02418088.pdf,data-set-11-files-4,1,other
EFTA02418089.pdf,data-set-11-files-4,1,email
EFTA02418090.pdf,data-set-11-files-4,1,other
EFTA02418091.pdf,data-set-11-files-4,1,other
EFTA02418092.pdf,data-set-11-files-4,1,email
EFTA02418093.pdf,data-set-11-files-4,1,other
EFTA02418094.pdf,data-set-11-files-4,4,email
EFTA02418098.pdf,data-set-11-files-4,2,email
EFTA02418100.pdf,data-set-11-files-4,1,email
EFTA02418101.pdf,data-set-11-files-4,1,email
EFTA02418102.pdf,data-set-11-files-4,1,email
EFTA02418103.pdf,data-set-11-files-4,1,email
EFTA02418104.pdf,data-set-11-files-4,2,email
EFTA02418106.pdf,data-set-11-files-4,1,other
EFTA02418107.pdf,data-set-11-files-4,2,email
EFTA02418109.pdf,data-set-11-files-4,3,email
EFTA02418112.pdf,data-set-11-files-4,1,other
EFTA02418113.pdf,data-set-11-files-4,1,email
EFTA02418114.pdf,data-set-11-files-4,1,other
EFTA02418115.pdf,data-set-11-files-4,1,email
EFTA02418116.pdf,data-set-11-files-4,1,other
EFTA02418117.pdf,data-set-11-files-4,1,email
EFTA02418118.pdf,data-set-11-files-4,1,email
EFTA02418119.pdf,data-set-11-files-4,1,email
EFTA02418120.pdf,data-set-11-files-4,1,other
EFTA02418121.pdf,data-set-11-files-4,1,other
EFTA02418122.pdf,data-set-11-files-4,2,email
EFTA02418124.pdf,data-set-11-files-4,1,email
EFTA02418125.pdf,data-set-11-files-4,1,email
EFTA02418126.pdf,data-set-11-files-4,1,other
EFTA02418127.pdf,data-set-11-files-4,1,email
EFTA02418128.pdf,data-set-11-files-4,1,other
EFTA02418129.pdf,data-set-11-files-4,1,other
EFTA02418130.pdf,data-set-11-files-4,1,email
EFTA02418131.pdf,data-set-11-files-4,1,other
EFTA02418132.pdf,data-set-11-files-4,1,email
EFTA02418133.pdf,data-set-11-files-4,1,email
EFTA02418134.pdf,data-set-11-files-4,1,other
EFTA02418135.pdf,data-set-11-files-4,1,other
EFTA02418136.pdf,data-set-11-files-4,1,email
EFTA02418137.pdf,data-set-11-files-4,1,email
EFTA02418138.pdf,data-set-11-files-4,1,other
EFTA02418139.pdf,data-set-11-files-4,1,email
EFTA02418140.pdf,data-set-11-files-4,1,email
EFTA02418141.pdf,data-set-11-files-4,1,email
EFTA02418142.pdf,data-set-11-files-4,1,email
EFTA02418143.pdf,data-set-11-files-4,1,email
EFTA02418144.pdf,data-set-11-files-4,1,email
EFTA02418145.pdf,data-set-11-files-4,1,other
EFTA02418146.pdf,data-set-11-files-4,1,other
EFTA02418147.pdf,data-set-11-files-4,1,email
EFTA02418148.pdf,data-set-11-files-4,3,email
EFTA02418151.pdf,data-set-11-files-4,1,email
EFTA02418152.pdf,data-set-11-files-4,1,email
EFTA02418153.pdf,data-set-11-files-4,1,other
EFTA02418154.pdf,data-set-11-files-4,1,email
EFTA02418155.pdf,data-set-11-files-4,1,email
EFTA02418156.pdf,data-set-11-files-4,2,email
EFTA02418158.pdf,data-set-11-files-4,1,email
EFTA02418159.pdf,data-set-11-files-4,2,email
EFTA02418161.pdf,data-set-11-files-4,2,email
EFTA02418163.pdf,data-set-11-files-4,1,email
EFTA02418164.pdf,data-set-11-files-4,1,other
EFTA02418165.pdf,data-set-11-files-4,1,email
EFTA02418166.pdf,data-set-11-files-4,1,other
EFTA02418167.pdf,data-set-11-files-4,1,other
EFTA02418168.pdf,data-set-11-files-4,2,email
EFTA02418170.pdf,data-set-11-files-4,1,other
EFTA02418171.pdf,data-set-11-files-4,1,email
EFTA02418172.pdf,data-set-11-files-4,1,other
EFTA02418173.pdf,data-set-11-files-4,1,other
EFTA02418174.pdf,data-set-11-files-4,1,email
EFTA02418175.pdf,data-set-11-files-4,1,email
EFTA02418176.pdf,data-set-11-files-4,1,email
EFTA02418177.pdf,data-set-11-files-4,1,email
EFTA02418178.pdf,data-set-11-files-4,1,other
EFTA02418179.pdf,data-set-11-files-4,1,other
EFTA02418180.pdf,data-set-11-files-4,1,email
EFTA02418181.pdf,data-set-11-files-4,1,other
EFTA02418182.pdf,data-set-11-files-4,1,other
EFTA02418183.pdf,data-set-11-files-4,1,other
EFTA02418184.pdf,data-set-11-files-4,1,email
EFTA02418185.pdf,data-set-11-files-4,1,email
EFTA02418186.pdf,data-set-11-files-4,1,email
EFTA02418187.pdf,data-set-11-files-4,1,email
EFTA02418188.pdf,data-set-11-files-4,1,other
EFTA02418189.pdf,data-set-11-files-4,2,other
EFTA02418191.pdf,data-set-11-files-4,1,email
EFTA02418192.pdf,data-set-11-files-4,1,other
EFTA02418193.pdf,data-set-11-files-4,1,other
EFTA02418194.pdf,data-set-11-files-4,2,other
EFTA02418196.pdf,data-set-11-files-4,3,email
EFTA02418199.pdf,data-set-11-files-4,1,other
EFTA02418200.pdf,data-set-11-files-4,1,email
EFTA02418201.pdf,data-set-11-files-4,1,other
EFTA02418204.pdf,data-set-11-files-4,2,other
EFTA02418206.pdf,data-set-11-files-4,1,email
EFTA02418207.pdf,data-set-11-files-4,2,other
EFTA02418209.pdf,data-set-11-files-4,2,email
EFTA02418211.pdf,data-set-11-files-4,1,email
EFTA02418212.pdf,data-set-11-files-4,1,email
EFTA02418213.pdf,data-set-11-files-4,1,other
EFTA02418214.pdf,data-set-11-files-4,1,other
EFTA02418215.pdf,data-set-11-files-4,1,email
EFTA02418216.pdf,data-set-11-files-4,1,email
EFTA02418217.pdf,data-set-11-files-4,3,email
EFTA02418220.pdf,data-set-11-files-4,8,email
EFTA02418228.pdf,data-set-11-files-4,3,email
EFTA02418231.pdf,data-set-11-files-4,1,other
EFTA02418232.pdf,data-set-11-files-4,1,email
EFTA02418233.pdf,data-set-11-files-4,1,other
EFTA02418234.pdf,data-set-11-files-4,2,other
EFTA02418236.pdf,data-set-11-files-4,1,other
EFTA02418237.pdf,data-set-11-files-4,1,other
EFTA02418238.pdf,data-set-11-files-4,1,email
EFTA02418239.pdf,data-set-11-files-4,1,email
EFTA02418240.pdf,data-set-11-files-4,2,email
EFTA02418242.pdf,data-set-11-files-4,2,email
EFTA02418244.pdf,data-set-11-files-4,1,other
EFTA02418245.pdf,data-set-11-files-4,2,email
EFTA02418247.pdf,data-set-11-files-4,1,email
EFTA02418248.pdf,data-set-11-files-4,1,email
EFTA02418249.pdf,data-set-11-files-4,2,other
EFTA02418251.pdf,data-set-11-files-4,1,email
EFTA02418252.pdf,data-set-11-files-4,1,email
EFTA02418253.pdf,data-set-11-files-4,1,email
EFTA02418254.pdf,data-set-11-files-4,1,other
EFTA02418255.pdf,data-set-11-files-4,2,email
EFTA02418257.pdf,data-set-11-files-4,1,email
EFTA02418258.pdf,data-set-11-files-4,2,other
EFTA02418260.pdf,data-set-11-files-4,1,other
EFTA02418261.pdf,data-set-11-files-4,1,email
EFTA02418262.pdf,data-set-11-files-4,1,email
EFTA02418263.pdf,data-set-11-files-4,1,email
EFTA02418264.pdf,data-set-11-files-4,2,other
EFTA02418266.pdf,data-set-11-files-4,1,other
EFTA02418267.pdf,data-set-11-files-4,1,email
EFTA02418268.pdf,data-set-11-files-4,1,email
EFTA02418269.pdf,data-set-11-files-4,1,other
EFTA02418270.pdf,data-set-11-files-4,1,other
EFTA02418271.pdf,data-set-11-files-4,2,email
EFTA02418273.pdf,data-set-11-files-4,1,email
EFTA02418274.pdf,data-set-11-files-4,1,other
EFTA02418275.pdf,data-set-11-files-4,1,other
EFTA02418276.pdf,data-set-11-files-4,1,other
EFTA02418277.pdf,data-set-11-files-4,3,other
EFTA02418280.pdf,data-set-11-files-4,1,email
EFTA02418281.pdf,data-set-11-files-4,1,email
EFTA02418282.pdf,data-set-11-files-4,2,email
EFTA02418284.pdf,data-set-11-files-4,1,other
EFTA02418285.pdf,data-set-11-files-4,1,email
EFTA02418286.pdf,data-set-11-files-4,1,other
EFTA02418287.pdf,data-set-11-files-4,5,other
EFTA02418292.pdf,data-set-11-files-4,1,email
EFTA02418293.pdf,data-set-11-files-4,2,email
EFTA02418295.pdf,data-set-11-files-4,1,other
EFTA02418296.pdf,data-set-11-files-4,1,email
EFTA02418297.pdf,data-set-11-files-4,1,other
EFTA02418298.pdf,data-set-11-files-4,1,other
EFTA02418299.pdf,data-set-11-files-4,4,email
EFTA02418303.pdf,data-set-11-files-4,3,other
EFTA02418306.pdf,data-set-11-files-4,1,email
EFTA02418307.pdf,data-set-11-files-4,1,other
EFTA02418308.pdf,data-set-11-files-4,2,email
EFTA02418310.pdf,data-set-11-files-4,1,email
EFTA02418311.pdf,data-set-11-files-4,2,other
EFTA02418313.pdf,data-set-11-files-4,3,email
EFTA02418316.pdf,data-set-11-files-4,1,email
EFTA02418317.pdf,data-set-11-files-4,1,other
EFTA02418318.pdf,data-set-11-files-4,2,other
EFTA02418320.pdf,data-set-11-files-4,1,email
EFTA02418321.pdf,data-set-11-files-4,1,email
EFTA02418322.pdf,data-set-11-files-4,1,email
EFTA02418323.pdf,data-set-11-files-4,1,other
EFTA02418324.pdf,data-set-11-files-4,1,email
EFTA02418325.pdf,data-set-11-files-4,1,email
EFTA02418326.pdf,data-set-11-files-4,1,email
EFTA02418327.pdf,data-set-11-files-4,1,email
EFTA02418328.pdf,data-set-11-files-4,2,email
EFTA02418330.pdf,data-set-11-files-4,1,email
EFTA02418331.pdf,data-set-11-files-4,1,other
EFTA02418332.pdf,data-set-11-files-4,1,email
EFTA02418333.pdf,data-set-11-files-4,1,other
EFTA02418334.pdf,data-set-11-files-4,2,email
EFTA02418336.pdf,data-set-11-files-4,2,email
EFTA02418338.pdf,data-set-11-files-4,1,email
EFTA02418339.pdf,data-set-11-files-4,1,email
EFTA02418340.pdf,data-set-11-files-4,1,other
EFTA02418341.pdf,data-set-11-files-4,1,email
EFTA02418342.pdf,data-set-11-files-4,2,email
EFTA02418344.pdf,data-set-11-files-4,2,email
EFTA02418346.pdf,data-set-11-files-4,3,email
EFTA02418349.pdf,data-set-11-files-4,1,other
EFTA02418350.pdf,data-set-11-files-4,1,email
EFTA02418351.pdf,data-set-11-files-4,1,email
EFTA02418353.pdf,data-set-11-files-4,5,email
EFTA02418358.pdf,data-set-11-files-4,1,email
EFTA02418359.pdf,data-set-11-files-4,1,other
EFTA02418360.pdf,data-set-11-files-4,1,email
EFTA02418361.pdf,data-set-11-files-4,2,other
EFTA02418363.pdf,data-set-11-files-4,1,email
EFTA02418364.pdf,data-set-11-files-4,1,other
EFTA02418365.pdf,data-set-11-files-4,2,other
EFTA02418367.pdf,data-set-11-files-4,2,email
EFTA02418369.pdf,data-set-11-files-4,1,email
EFTA02418370.pdf,data-set-11-files-4,1,email
EFTA02418371.pdf,data-set-11-files-4,1,email
EFTA02418372.pdf,data-set-11-files-4,1,email
EFTA02418373.pdf,data-set-11-files-4,1,email
EFTA02418374.pdf,data-set-11-files-4,1,other
EFTA02418375.pdf,data-set-11-files-4,1,email
EFTA02418376.pdf,data-set-11-files-4,1,other
EFTA02418377.pdf,data-set-11-files-4,1,other
EFTA02418378.pdf,data-set-11-files-4,1,email
EFTA02418379.pdf,data-set-11-files-4,1,other
EFTA02418380.pdf,data-set-11-files-4,1,email
EFTA02418381.pdf,data-set-11-files-4,1,other
EFTA02418382.pdf,data-set-11-files-4,2,email
EFTA02418384.pdf,data-set-11-files-4,2,email
EFTA02418386.pdf,data-set-11-files-4,1,email
EFTA02418387.pdf,data-set-11-files-4,1,other
EFTA02418388.pdf,data-set-11-files-4,1,email
EFTA02418389.pdf,data-set-11-files-4,2,email
EFTA02418391.pdf,data-set-11-files-4,2,email
EFTA02418393.pdf,data-set-11-files-4,1,email
EFTA02418394.pdf,data-set-11-files-4,1,other
EFTA02418395.pdf,data-set-11-files-4,2,other
EFTA02418397.pdf,data-set-11-files-4,3,email
EFTA02418400.pdf,data-set-11-files-4,1,email
EFTA02418401.pdf,data-set-11-files-4,1,other
EFTA02418402.pdf,data-set-11-files-4,2,email
EFTA02418404.pdf,data-set-11-files-4,1,email
EFTA02418405.pdf,data-set-11-files-4,1,email
EFTA02418406.pdf,data-set-11-files-4,1,email
EFTA02418407.pdf,data-set-11-files-4,1,other
EFTA02418408.pdf,data-set-11-files-4,5,email
EFTA02418413.pdf,data-set-11-files-4,1,email
EFTA02418414.pdf,data-set-11-files-4,2,email
EFTA02418416.pdf,data-set-11-files-4,1,email
EFTA02418417.pdf,data-set-11-files-4,1,email
EFTA02418418.pdf,data-set-11-files-4,2,other
EFTA02418420.pdf,data-set-11-files-4,1,email
EFTA02418421.pdf,data-set-11-files-4,1,other
EFTA02418422.pdf,data-set-11-files-4,4,email
EFTA02418426.pdf,data-set-11-files-4,6,email
EFTA02418432.pdf,data-set-11-files-4,1,other
EFTA02418433.pdf,data-set-11-files-4,1,email
EFTA02418434.pdf,data-set-11-files-4,1,email
EFTA02418435.pdf,data-set-11-files-4,1,email
EFTA02418436.pdf,data-set-11-files-4,3,other
EFTA02418439.pdf,data-set-11-files-4,1,email
EFTA02418440.pdf,data-set-11-files-4,1,other
EFTA02418441.pdf,data-set-11-files-4,2,email
EFTA02418443.pdf,data-set-11-files-4,1,email
EFTA02418444.pdf,data-set-11-files-4,1,email
EFTA02418445.pdf,data-set-11-files-4,1,email
EFTA02418446.pdf,data-set-11-files-4,1,other
EFTA02418447.pdf,data-set-11-files-4,3,email
EFTA02418450.pdf,data-set-11-files-4,1,email
EFTA02418451.pdf,data-set-11-files-4,1,other
EFTA02418452.pdf,data-set-11-files-4,1,other
EFTA02418453.pdf,data-set-11-files-4,1,email
EFTA02418454.pdf,data-set-11-files-4,1,other
EFTA02418455.pdf,data-set-11-files-4,1,email
EFTA02418456.pdf,data-set-11-files-4,1,other
EFTA02418457.pdf,data-set-11-files-4,1,email
EFTA02418458.pdf,data-set-11-files-4,1,other
EFTA02418459.pdf,data-set-11-files-4,3,email
EFTA02418462.pdf,data-set-11-files-4,1,email
EFTA02418463.pdf,data-set-11-files-4,1,other
EFTA02418464.pdf,data-set-11-files-4,4,email
EFTA02418468.pdf,data-set-11-files-4,3,email
EFTA02418471.pdf,data-set-11-files-4,1,other
EFTA02418472.pdf,data-set-11-files-4,1,other
EFTA02418473.pdf,data-set-11-files-4,1,email
EFTA02418474.pdf,data-set-11-files-4,1,email
EFTA02418475.pdf,data-set-11-files-4,1,email
EFTA02418476.pdf,data-set-11-files-4,4,email
EFTA02418480.pdf,data-set-11-files-4,1,other
EFTA02418481.pdf,data-set-11-files-4,1,other
EFTA02418482.pdf,data-set-11-files-4,1,other
EFTA02418483.pdf,data-set-11-files-4,1,email
EFTA02418484.pdf,data-set-11-files-4,3,email
EFTA02418487.pdf,data-set-11-files-4,1,other
EFTA02418488.pdf,data-set-11-files-4,2,email
EFTA02418490.pdf,data-set-11-files-4,1,other
EFTA02418491.pdf,data-set-11-files-4,1,email
EFTA02418492.pdf,data-set-11-files-4,3,other
EFTA02418495.pdf,data-set-11-files-4,1,other
EFTA02418496.pdf,data-set-11-files-4,1,email
EFTA02418497.pdf,data-set-11-files-4,1,email
EFTA02418498.pdf,data-set-11-files-4,3,email
EFTA02418501.pdf,data-set-11-files-4,1,email
EFTA02418502.pdf,data-set-11-files-4,1,email
EFTA02418503.pdf,data-set-11-files-4,2,email
EFTA02418505.pdf,data-set-11-files-4,2,other
EFTA02418507.pdf,data-set-11-files-4,7,email
EFTA02418514.pdf,data-set-11-files-4,2,email
EFTA02418516.pdf,data-set-11-files-4,1,email
EFTA02418517.pdf,data-set-11-files-4,1,email
EFTA02418518.pdf,data-set-11-files-4,1,other
EFTA02418519.pdf,data-set-11-files-4,1,other
EFTA02418520.pdf,data-set-11-files-4,2,other
EFTA02418522.pdf,data-set-11-files-4,2,email
EFTA02418524.pdf,data-set-11-files-4,2,email
EFTA02418526.pdf,data-set-11-files-4,1,other
EFTA02418527.pdf,data-set-11-files-4,1,email
EFTA02418528.pdf,data-set-11-files-4,1,email
EFTA02418529.pdf,data-set-11-files-4,2,email
EFTA02418531.pdf,data-set-11-files-4,7,email
EFTA02418538.pdf,data-set-11-files-4,3,other
EFTA02418541.pdf,data-set-11-files-4,3,email
EFTA02418544.pdf,data-set-11-files-4,1,other
EFTA02418545.pdf,data-set-11-files-4,1,email
EFTA02418546.pdf,data-set-11-files-4,1,email
EFTA02418547.pdf,data-set-11-files-4,1,email
EFTA02418548.pdf,data-set-11-files-4,1,email
EFTA02418549.pdf,data-set-11-files-4,1,email
EFTA02418550.pdf,data-set-11-files-4,1,other
EFTA02418551.pdf,data-set-11-files-4,1,email
EFTA02418552.pdf,data-set-11-files-4,2,other
EFTA02418554.pdf,data-set-11-files-4,2,email
EFTA02418556.pdf,data-set-11-files-4,1,other
EFTA02418557.pdf,data-set-11-files-4,1,email
EFTA02418558.pdf,data-set-11-files-4,2,email
EFTA02418560.pdf,data-set-11-files-4,1,email
EFTA02418561.pdf,data-set-11-files-4,1,email
EFTA02418562.pdf,data-set-11-files-4,1,email
EFTA02418563.pdf,data-set-11-files-4,1,email
EFTA02418564.pdf,data-set-11-files-4,3,email
EFTA02418567.pdf,data-set-11-files-4,1,other
EFTA02418568.pdf,data-set-11-files-4,1,email
EFTA02418569.pdf,data-set-11-files-4,2,email
EFTA02418571.pdf,data-set-11-files-4,1,other
EFTA02418572.pdf,data-set-11-files-4,1,other
EFTA02418573.pdf,data-set-11-files-4,1,email
EFTA02418574.pdf,data-set-11-files-4,1,email
EFTA02418575.pdf,data-set-11-files-4,2,email
EFTA02418577.pdf,data-set-11-files-4,1,email
EFTA02418578.pdf,data-set-11-files-4,1,other
EFTA02418579.pdf,data-set-11-files-4,1,email
EFTA02418580.pdf,data-set-11-files-4,1,email
EFTA02418581.pdf,data-set-11-files-4,1,other
EFTA02418582.pdf,data-set-11-files-4,1,email
EFTA02418583.pdf,data-set-11-files-4,1,other
EFTA02418584.pdf,data-set-11-files-4,1,email
EFTA02418585.pdf,data-set-11-files-4,1,email
EFTA02418586.pdf,data-set-11-files-4,2,email
EFTA02418588.pdf,data-set-11-files-4,1,email
EFTA02418589.pdf,data-set-11-files-4,2,email
EFTA02418591.pdf,data-set-11-files-4,1,other
EFTA02418592.pdf,data-set-11-files-4,1,other
EFTA02418593.pdf,data-set-11-files-4,1,email
EFTA02418594.pdf,data-set-11-files-4,1,email
EFTA02418595.pdf,data-set-11-files-4,3,other
EFTA02418598.pdf,data-set-11-files-4,3,email
EFTA02418601.pdf,data-set-11-files-4,2,email
EFTA02418603.pdf,data-set-11-files-4,1,other
EFTA02418604.pdf,data-set-11-files-4,1,email
EFTA02418605.pdf,data-set-11-files-4,1,email
EFTA02418606.pdf,data-set-11-files-4,1,email
EFTA02418607.pdf,data-set-11-files-4,2,email
EFTA02418609.pdf,data-set-11-files-4,1,other
EFTA02418610.pdf,data-set-11-files-4,1,other
EFTA02418611.pdf,data-set-11-files-4,1,email
EFTA02418612.pdf,data-set-11-files-4,1,other
EFTA02418613.pdf,data-set-11-files-4,1,other
EFTA02418614.pdf,data-set-11-files-4,1,email
EFTA02418615.pdf,data-set-11-files-4,1,other
EFTA02418616.pdf,data-set-11-files-4,3,other
EFTA02418619.pdf,data-set-11-files-4,1,email
EFTA02418620.pdf,data-set-11-files-4,2,email
EFTA02418622.pdf,data-set-11-files-4,2,email
EFTA02418624.pdf,data-set-11-files-4,1,email
EFTA02418625.pdf,data-set-11-files-4,1,email
EFTA02418626.pdf,data-set-11-files-4,1,email
EFTA02418627.pdf,data-set-11-files-4,1,email
EFTA02418628.pdf,data-set-11-files-4,1,email
EFTA02418629.pdf,data-set-11-files-4,2,email
EFTA02418631.pdf,data-set-11-files-4,1,other
EFTA02418632.pdf,data-set-11-files-4,1,other
EFTA02418633.pdf,data-set-11-files-4,1,email
EFTA02418634.pdf,data-set-11-files-4,1,email
EFTA02418635.pdf,data-set-11-files-4,1,other
EFTA02418636.pdf,data-set-11-files-4,1,email
EFTA02418637.pdf,data-set-11-files-4,3,email
EFTA02418640.pdf,data-set-11-files-4,1,email
EFTA02418641.pdf,data-set-11-files-4,3,other
EFTA02418644.pdf,data-set-11-files-4,1,other
EFTA02418645.pdf,data-set-11-files-4,1,other
EFTA02418646.pdf,data-set-11-files-4,1,email
EFTA02418647.pdf,data-set-11-files-4,1,email
EFTA02418648.pdf,data-set-11-files-4,1,email
EFTA02418649.pdf,data-set-11-files-4,1,other
EFTA02418650.pdf,data-set-11-files-4,2,email
EFTA02418652.pdf,data-set-11-files-4,2,email
EFTA02418654.pdf,data-set-11-files-4,1,other
EFTA02418655.pdf,data-set-11-files-4,1,other
EFTA02418656.pdf,data-set-11-files-4,1,other
EFTA02418657.pdf,data-set-11-files-4,1,other
EFTA02418658.pdf,data-set-11-files-4,2,email
EFTA02418660.pdf,data-set-11-files-4,1,email
EFTA02418661.pdf,data-set-11-files-4,2,email
EFTA02418663.pdf,data-set-11-files-4,1,other
EFTA02418664.pdf,data-set-11-files-4,1,email
EFTA02418665.pdf,data-set-11-files-4,1,email
EFTA02418666.pdf,data-set-11-files-4,2,other
EFTA02418668.pdf,data-set-11-files-4,1,other
EFTA02418669.pdf,data-set-11-files-4,1,other
EFTA02418670.pdf,data-set-11-files-4,1,other
EFTA02418671.pdf,data-set-11-files-4,2,email
EFTA02418673.pdf,data-set-11-files-4,2,email
EFTA02418675.pdf,data-set-11-files-4,2,other
EFTA02418677.pdf,data-set-11-files-4,2,other
EFTA02418679.pdf,data-set-11-files-4,1,email
EFTA02418680.pdf,data-set-11-files-4,1,email
EFTA02418681.pdf,data-set-11-files-4,1,email
EFTA02418682.pdf,data-set-11-files-4,1,email
EFTA02418683.pdf,data-set-11-files-4,1,other
EFTA02418684.pdf,data-set-11-files-4,1,other
EFTA02418685.pdf,data-set-11-files-4,1,other
EFTA02418686.pdf,data-set-11-files-4,1,email
EFTA02418687.pdf,data-set-11-files-4,1,other
EFTA02418688.pdf,data-set-11-files-4,1,email
EFTA02418689.pdf,data-set-11-files-4,1,email
EFTA02418690.pdf,data-set-11-files-4,1,email
EFTA02418691.pdf,data-set-11-files-4,1,other
EFTA02418692.pdf,data-set-11-files-4,1,other
EFTA02418693.pdf,data-set-11-files-4,1,other
EFTA02418694.pdf,data-set-11-files-4,1,other
EFTA02418695.pdf,data-set-11-files-4,1,email
EFTA02418696.pdf,data-set-11-files-4,1,email
EFTA02418697.pdf,data-set-11-files-4,1,other
EFTA02418698.pdf,data-set-11-files-4,7,other
EFTA02418705.pdf,data-set-11-files-4,2,email
EFTA02418707.pdf,data-set-11-files-4,2,other
EFTA02418709.pdf,data-set-11-files-4,1,other
EFTA02418710.pdf,data-set-11-files-4,1,other
EFTA02418711.pdf,data-set-11-files-4,1,other
EFTA02418712.pdf,data-set-11-files-4,1,other
EFTA02418713.pdf,data-set-11-files-4,1,other
EFTA02418714.pdf,data-set-11-files-4,1,other
EFTA02418715.pdf,data-set-11-files-4,2,email
EFTA02418717.pdf,data-set-11-files-4,1,other
EFTA02418718.pdf,data-set-11-files-4,1,email
EFTA02418719.pdf,data-set-11-files-4,1,other
EFTA02418720.pdf,data-set-11-files-4,1,email
EFTA02418721.pdf,data-set-11-files-4,1,email
EFTA02418722.pdf,data-set-11-files-4,1,other
EFTA02418723.pdf,data-set-11-files-4,2,email
EFTA02418725.pdf,data-set-11-files-4,1,email
EFTA02418726.pdf,data-set-11-files-4,1,other
EFTA02418727.pdf,data-set-11-files-4,1,other
EFTA02418728.pdf,data-set-11-files-4,1,email
EFTA02418729.pdf,data-set-11-files-4,1,other
EFTA02418730.pdf,data-set-11-files-4,1,other
EFTA02418731.pdf,data-set-11-files-4,1,email
EFTA02418732.pdf,data-set-11-files-4,1,email
EFTA02418733.pdf,data-set-11-files-4,1,email
EFTA02418734.pdf,data-set-11-files-4,1,other
EFTA02418735.pdf,data-set-11-files-4,1,email
EFTA02418736.pdf,data-set-11-files-4,2,email
EFTA02418738.pdf,data-set-11-files-4,1,other
EFTA02418739.pdf,data-set-11-files-4,1,email
EFTA02418740.pdf,data-set-11-files-4,1,email
EFTA02418741.pdf,data-set-11-files-4,1,email
EFTA02418742.pdf,data-set-11-files-4,1,email
EFTA02418743.pdf,data-set-11-files-4,1,other
EFTA02418744.pdf,data-set-11-files-4,1,email
EFTA02418745.pdf,data-set-11-files-4,1,email
EFTA02418746.pdf,data-set-11-files-4,1,email
EFTA02418747.pdf,data-set-11-files-4,1,other
EFTA02418748.pdf,data-set-11-files-4,1,email
EFTA02418749.pdf,data-set-11-files-4,1,other
EFTA02418750.pdf,data-set-11-files-4,1,other
EFTA02418751.pdf,data-set-11-files-4,2,email
EFTA02418753.pdf,data-set-11-files-4,1,other
EFTA02418754.pdf,data-set-11-files-4,1,other
EFTA02418755.pdf,data-set-11-files-4,1,email
EFTA02418756.pdf,data-set-11-files-4,2,email
EFTA02418758.pdf,data-set-11-files-4,2,email
EFTA02418760.pdf,data-set-11-files-4,1,email
EFTA02418761.pdf,data-set-11-files-4,2,other
EFTA02418763.pdf,data-set-11-files-4,2,email
EFTA02418765.pdf,data-set-11-files-4,1,other
EFTA02418766.pdf,data-set-11-files-4,1,email
EFTA02418767.pdf,data-set-11-files-4,1,other
EFTA02418768.pdf,data-set-11-files-4,2,email
EFTA02418770.pdf,data-set-11-files-4,1,email
EFTA02418771.pdf,data-set-11-files-4,1,email
EFTA02418772.pdf,data-set-11-files-4,2,email
EFTA02418774.pdf,data-set-11-files-4,3,email
EFTA02418777.pdf,data-set-11-files-4,2,email
EFTA02418779.pdf,data-set-11-files-4,1,email
EFTA02418780.pdf,data-set-11-files-4,2,email
EFTA02418782.pdf,data-set-11-files-4,1,other
EFTA02418783.pdf,data-set-11-files-4,1,other
EFTA02418784.pdf,data-set-11-files-4,1,other
EFTA02418785.pdf,data-set-11-files-4,2,email
EFTA02418787.pdf,data-set-11-files-4,2,email
EFTA02418789.pdf,data-set-11-files-4,6,email
EFTA02418795.pdf,data-set-11-files-4,1,email
EFTA02418796.pdf,data-set-11-files-4,1,email
EFTA02418797.pdf,data-set-11-files-4,2,email
EFTA02418799.pdf,data-set-11-files-4,1,email
EFTA02418800.pdf,data-set-11-files-4,1,email
EFTA02418801.pdf,data-set-11-files-4,1,email
EFTA02418802.pdf,data-set-11-files-4,1,email
EFTA02418803.pdf,data-set-11-files-4,12,email
EFTA02418815.pdf,data-set-11-files-4,1,other
EFTA02418816.pdf,data-set-11-files-4,3,email
EFTA02418819.pdf,data-set-11-files-4,2,email
EFTA02418821.pdf,data-set-11-files-4,1,other
EFTA02418822.pdf,data-set-11-files-4,1,email
EFTA02418823.pdf,data-set-11-files-4,1,other
EFTA02418824.pdf,data-set-11-files-4,1,email
EFTA02418825.pdf,data-set-11-files-4,1,other
EFTA02418826.pdf,data-set-11-files-4,1,email
EFTA02418827.pdf,data-set-11-files-4,1,other
EFTA02418828.pdf,data-set-11-files-4,1,email
EFTA02418829.pdf,data-set-11-files-4,1,other
EFTA02418830.pdf,data-set-11-files-4,1,email
EFTA02418831.pdf,data-set-11-files-4,1,other
EFTA02418832.pdf,data-set-11-files-4,2,email
EFTA02418834.pdf,data-set-11-files-4,1,email
EFTA02418835.pdf,data-set-11-files-4,3,email
EFTA02418838.pdf,data-set-11-files-4,1,other
EFTA02418839.pdf,data-set-11-files-4,1,other
EFTA02418840.pdf,data-set-11-files-4,1,email
EFTA02418841.pdf,data-set-11-files-4,1,other
EFTA02418842.pdf,data-set-11-files-4,1,other
EFTA02418843.pdf,data-set-11-files-4,1,other
EFTA02418844.pdf,data-set-11-files-4,1,other
EFTA02418845.pdf,data-set-11-files-4,1,other
EFTA02418846.pdf,data-set-11-files-4,1,other
EFTA02418847.pdf,data-set-11-files-4,1,other
EFTA02418848.pdf,data-set-11-files-4,1,email
EFTA02418849.pdf,data-set-11-files-4,1,email
EFTA02418850.pdf,data-set-11-files-4,1,email
EFTA02418851.pdf,data-set-11-files-4,2,email
EFTA02418853.pdf,data-set-11-files-4,2,other
EFTA02418855.pdf,data-set-11-files-4,1,other
EFTA02418856.pdf,data-set-11-files-4,1,email
EFTA02418857.pdf,data-set-11-files-4,2,email
EFTA02418859.pdf,data-set-11-files-4,1,other
EFTA02418860.pdf,data-set-11-files-4,2,email
EFTA02418862.pdf,data-set-11-files-4,4,email
EFTA02418866.pdf,data-set-11-files-4,2,email
EFTA02418868.pdf,data-set-11-files-4,1,other
EFTA02418869.pdf,data-set-11-files-4,1,other
EFTA02418870.pdf,data-set-11-files-4,1,other
EFTA02418871.pdf,data-set-11-files-4,2,other
EFTA02418873.pdf,data-set-11-files-4,1,email
EFTA02418874.pdf,data-set-11-files-4,1,email
EFTA02418875.pdf,data-set-11-files-4,1,other
EFTA02418876.pdf,data-set-11-files-4,1,email
EFTA02418877.pdf,data-set-11-files-4,2,email
EFTA02418879.pdf,data-set-11-files-4,1,email
EFTA02418880.pdf,data-set-11-files-4,2,email
EFTA02418882.pdf,data-set-11-files-4,3,other
EFTA02418885.pdf,data-set-11-files-4,1,email
EFTA02418886.pdf,data-set-11-files-4,1,email
EFTA02418887.pdf,data-set-11-files-4,1,email
EFTA02418888.pdf,data-set-11-files-4,1,other
EFTA02418889.pdf,data-set-11-files-4,1,email
EFTA02418890.pdf,data-set-11-files-4,2,email
EFTA02418892.pdf,data-set-11-files-4,1,email
EFTA02418893.pdf,data-set-11-files-4,1,other
EFTA02418894.pdf,data-set-11-files-4,2,email
EFTA02418896.pdf,data-set-11-files-4,1,email
EFTA02418897.pdf,data-set-11-files-4,2,email
EFTA02418899.pdf,data-set-11-files-4,2,email
EFTA02418901.pdf,data-set-11-files-4,1,other
EFTA02418902.pdf,data-set-11-files-4,1,email
EFTA02418903.pdf,data-set-11-files-4,1,email
EFTA02418904.pdf,data-set-11-files-4,1,other
EFTA02418905.pdf,data-set-11-files-4,1,other
EFTA02418906.pdf,data-set-11-files-4,2,email
EFTA02418908.pdf,data-set-11-files-4,1,email
EFTA02418909.pdf,data-set-11-files-4,1,email
EFTA02418910.pdf,data-set-11-files-4,1,email
EFTA02418911.pdf,data-set-11-files-4,2,email
EFTA02418913.pdf,data-set-11-files-4,1,other
EFTA02418914.pdf,data-set-11-files-4,1,other
EFTA02418915.pdf,data-set-11-files-4,1,other
EFTA02418916.pdf,data-set-11-files-4,1,other
EFTA02418917.pdf,data-set-11-files-4,1,other
EFTA02418918.pdf,data-set-11-files-4,1,email
EFTA02418919.pdf,data-set-11-files-4,1,email
EFTA02418920.pdf,data-set-11-files-4,1,email
EFTA02418921.pdf,data-set-11-files-4,1,other
EFTA02418922.pdf,data-set-11-files-4,1,email
EFTA02418923.pdf,data-set-11-files-4,1,email
EFTA02418924.pdf,data-set-11-files-4,1,other
EFTA02418925.pdf,data-set-11-files-4,1,email
EFTA02418927.pdf,data-set-11-files-4,1,email
EFTA02418928.pdf,data-set-11-files-4,1,email
EFTA02418929.pdf,data-set-11-files-4,2,email
EFTA02418931.pdf,data-set-11-files-4,1,other
EFTA02418932.pdf,data-set-11-files-4,1,other
EFTA02418933.pdf,data-set-11-files-4,1,email
EFTA02418934.pdf,data-set-11-files-4,1,email
EFTA02418935.pdf,data-set-11-files-4,1,email
EFTA02418936.pdf,data-set-11-files-4,1,email
EFTA02418937.pdf,data-set-11-files-4,1,other
EFTA02418938.pdf,data-set-11-files-4,1,other
EFTA02418939.pdf,data-set-11-files-4,1,email
EFTA02418940.pdf,data-set-11-files-4,1,email
EFTA02418941.pdf,data-set-11-files-4,2,email
EFTA02418943.pdf,data-set-11-files-4,1,email
EFTA02418944.pdf,data-set-11-files-4,1,other
EFTA02418945.pdf,data-set-11-files-4,1,email
EFTA02418946.pdf,data-set-11-files-4,1,email
EFTA02418947.pdf,data-set-11-files-4,2,email
EFTA02418949.pdf,data-set-11-files-4,1,email
EFTA02418950.pdf,data-set-11-files-4,1,other
EFTA02418951.pdf,data-set-11-files-4,1,email
EFTA02418952.pdf,data-set-11-files-4,1,other
EFTA02418953.pdf,data-set-11-files-4,1,email
EFTA02418954.pdf,data-set-11-files-4,2,email
EFTA02418956.pdf,data-set-11-files-4,1,other
EFTA02418957.pdf,data-set-11-files-4,1,email
EFTA02418958.pdf,data-set-11-files-4,1,email
EFTA02418959.pdf,data-set-11-files-4,1,email
EFTA02418960.pdf,data-set-11-files-4,1,email
EFTA02418961.pdf,data-set-11-files-4,3,email
EFTA02418964.pdf,data-set-11-files-4,2,email
EFTA02418966.pdf,data-set-11-files-4,4,email
EFTA02418970.pdf,data-set-11-files-4,1,email
EFTA02418971.pdf,data-set-11-files-4,1,other
EFTA02418972.pdf,data-set-11-files-4,1,email
EFTA02418973.pdf,data-set-11-files-4,1,other
EFTA02418974.pdf,data-set-11-files-4,1,email
EFTA02418975.pdf,data-set-11-files-4,2,email
EFTA02418977.pdf,data-set-11-files-4,1,other
EFTA02418978.pdf,data-set-11-files-4,2,email
EFTA02418980.pdf,data-set-11-files-4,1,email
EFTA02418981.pdf,data-set-11-files-4,1,email
EFTA02418982.pdf,data-set-11-files-4,1,other
EFTA02418983.pdf,data-set-11-files-4,1,email
EFTA02418984.pdf,data-set-11-files-4,1,email
EFTA02418985.pdf,data-set-11-files-4,2,email
EFTA02418987.pdf,data-set-11-files-4,2,email
EFTA02418989.pdf,data-set-11-files-4,1,email
EFTA02418990.pdf,data-set-11-files-4,1,email
EFTA02418991.pdf,data-set-11-files-4,1,email
EFTA02418992.pdf,data-set-11-files-4,2,email
EFTA02418994.pdf,data-set-11-files-4,1,other
EFTA02418995.pdf,data-set-11-files-4,1,other
EFTA02418996.pdf,data-set-11-files-4,1,other
EFTA02418997.pdf,data-set-11-files-4,1,email
EFTA02418998.pdf,data-set-11-files-4,1,email
EFTA02418999.pdf,data-set-11-files-4,1,email
EFTA02419000.pdf,data-set-11-files-4,1,email
EFTA02419001.pdf,data-set-11-files-4,2,email
EFTA02419003.pdf,data-set-11-files-4,2,other
EFTA02419005.pdf,data-set-11-files-4,1,email
EFTA02419006.pdf,data-set-11-files-4,1,other
EFTA02419007.pdf,data-set-11-files-4,1,email
EFTA02419008.pdf,data-set-11-files-4,1,other
EFTA02419009.pdf,data-set-11-files-4,4,email
EFTA02419013.pdf,data-set-11-files-4,1,email
EFTA02419014.pdf,data-set-11-files-4,1,email
EFTA02419015.pdf,data-set-11-files-4,1,email
EFTA02419016.pdf,data-set-11-files-4,1,other
EFTA02419017.pdf,data-set-11-files-4,1,other
EFTA02419018.pdf,data-set-11-files-4,1,other
EFTA02419019.pdf,data-set-11-files-4,2,email
EFTA02419021.pdf,data-set-11-files-4,2,email
EFTA02419023.pdf,data-set-11-files-4,1,email
EFTA02419024.pdf,data-set-11-files-4,2,email
EFTA02419026.pdf,data-set-11-files-4,1,email
EFTA02419027.pdf,data-set-11-files-4,2,email
EFTA02419029.pdf,data-set-11-files-4,1,other
EFTA02419030.pdf,data-set-11-files-4,1,email
EFTA02419031.pdf,data-set-11-files-4,1,email
EFTA02419032.pdf,data-set-11-files-4,2,email
EFTA02419034.pdf,data-set-11-files-4,4,email
EFTA02419038.pdf,data-set-11-files-4,1,email
EFTA02419039.pdf,data-set-11-files-4,1,other
EFTA02419040.pdf,data-set-11-files-4,1,other
EFTA02419041.pdf,data-set-11-files-4,1,email
EFTA02419042.pdf,data-set-11-files-4,1,email
EFTA02419043.pdf,data-set-11-files-4,1,other
EFTA02419044.pdf,data-set-11-files-4,1,other
EFTA02419045.pdf,data-set-11-files-4,1,email
EFTA02419046.pdf,data-set-11-files-4,1,email
EFTA02419047.pdf,data-set-11-files-4,1,other
EFTA02419048.pdf,data-set-11-files-4,1,other
EFTA02419049.pdf,data-set-11-files-4,1,other
EFTA02419050.pdf,data-set-11-files-4,1,other
EFTA02419051.pdf,data-set-11-files-4,1,email
EFTA02419052.pdf,data-set-11-files-4,2,email
EFTA02419054.pdf,data-set-11-files-4,1,other
EFTA02419055.pdf,data-set-11-files-4,3,email
EFTA02419058.pdf,data-set-11-files-4,1,other
EFTA02419059.pdf,data-set-11-files-4,1,email
EFTA02419060.pdf,data-set-11-files-4,1,other
EFTA02419061.pdf,data-set-11-files-4,1,email
EFTA02419062.pdf,data-set-11-files-4,1,email
EFTA02419063.pdf,data-set-11-files-4,1,email
EFTA02419064.pdf,data-set-11-files-4,1,other
EFTA02419065.pdf,data-set-11-files-4,1,email
EFTA02419066.pdf,data-set-11-files-4,1,other
EFTA02419067.pdf,data-set-11-files-4,1,email
EFTA02419068.pdf,data-set-11-files-4,1,email
EFTA02419069.pdf,data-set-11-files-4,1,other
EFTA02419070.pdf,data-set-11-files-4,1,other
EFTA02419071.pdf,data-set-11-files-4,1,email
EFTA02419072.pdf,data-set-11-files-4,1,other
EFTA02419073.pdf,data-set-11-files-4,1,other
EFTA02419074.pdf,data-set-11-files-4,1,other
EFTA02419075.pdf,data-set-11-files-4,1,email
EFTA02419076.pdf,data-set-11-files-4,1,email
EFTA02419077.pdf,data-set-11-files-4,1,email
EFTA02419078.pdf,data-set-11-files-4,2,email
EFTA02419080.pdf,data-set-11-files-4,2,other
EFTA02419082.pdf,data-set-11-files-4,1,other
EFTA02419083.pdf,data-set-11-files-4,3,email
EFTA02419086.pdf,data-set-11-files-4,2,email
EFTA02419088.pdf,data-set-11-files-4,1,other
EFTA02419089.pdf,data-set-11-files-4,3,email
EFTA02419092.pdf,data-set-11-files-4,1,email
EFTA02419093.pdf,data-set-11-files-4,2,email
EFTA02419095.pdf,data-set-11-files-4,1,email
EFTA02419096.pdf,data-set-11-files-4,1,email
EFTA02419097.pdf,data-set-11-files-4,4,email
EFTA02419101.pdf,data-set-11-files-4,3,other
EFTA02419104.pdf,data-set-11-files-4,1,other
EFTA02419105.pdf,data-set-11-files-4,1,other
EFTA02419106.pdf,data-set-11-files-4,1,other
EFTA02419107.pdf,data-set-11-files-4,1,email
EFTA02419108.pdf,data-set-11-files-4,4,other
EFTA02419112.pdf,data-set-11-files-4,3,email
EFTA02419115.pdf,data-set-11-files-4,1,other
EFTA02419116.pdf,data-set-11-files-4,1,other
EFTA02419117.pdf,data-set-11-files-4,1,email
EFTA02419118.pdf,data-set-11-files-4,1,email
EFTA02419119.pdf,data-set-11-files-4,3,email
EFTA02419122.pdf,data-set-11-files-4,1,email
EFTA02419123.pdf,data-set-11-files-4,2,email
EFTA02419125.pdf,data-set-11-files-4,2,other
EFTA02419127.pdf,data-set-11-files-4,1,email
EFTA02419128.pdf,data-set-11-files-4,1,email
EFTA02419129.pdf,data-set-11-files-4,1,email
EFTA02419130.pdf,data-set-11-files-4,1,email
EFTA02419131.pdf,data-set-11-files-4,3,email
EFTA02419134.pdf,data-set-11-files-4,1,other
EFTA02419135.pdf,data-set-11-files-4,1,email
EFTA02419136.pdf,data-set-11-files-4,3,other
EFTA02419139.pdf,data-set-11-files-4,2,email
EFTA02419141.pdf,data-set-11-files-4,1,other
EFTA02419142.pdf,data-set-11-files-4,1,email
EFTA02419143.pdf,data-set-11-files-4,1,other
EFTA02419144.pdf,data-set-11-files-4,2,email
EFTA02419146.pdf,data-set-11-files-4,1,other
EFTA02419147.pdf,data-set-11-files-4,1,other
EFTA02419148.pdf,data-set-11-files-4,1,email
EFTA02419149.pdf,data-set-11-files-4,1,email
EFTA02419150.pdf,data-set-11-files-4,2,email
EFTA02419152.pdf,data-set-11-files-4,1,other
EFTA02419153.pdf,data-set-11-files-4,1,other
EFTA02419154.pdf,data-set-11-files-4,1,email
EFTA02419155.pdf,data-set-11-files-4,2,email
EFTA02419157.pdf,data-set-11-files-4,4,email
EFTA02419161.pdf,data-set-11-files-4,2,email
EFTA02419163.pdf,data-set-11-files-4,2,email
EFTA02419165.pdf,data-set-11-files-4,1,email
EFTA02419166.pdf,data-set-11-files-4,1,other
EFTA02419167.pdf,data-set-11-files-4,1,email
EFTA02419168.pdf,data-set-11-files-4,3,other
EFTA02419171.pdf,data-set-11-files-4,1,other
EFTA02419172.pdf,data-set-11-files-4,2,email
EFTA02419174.pdf,data-set-11-files-4,1,email
EFTA02419175.pdf,data-set-11-files-4,1,email
EFTA02419176.pdf,data-set-11-files-4,1,email
EFTA02419177.pdf,data-set-11-files-4,1,email
EFTA02419178.pdf,data-set-11-files-4,1,other
EFTA02419179.pdf,data-set-11-files-4,1,other
EFTA02419180.pdf,data-set-11-files-4,3,email
EFTA02419183.pdf,data-set-11-files-4,1,email
EFTA02419184.pdf,data-set-11-files-4,1,email
EFTA02419185.pdf,data-set-11-files-4,1,email
EFTA02419186.pdf,data-set-11-files-4,1,email
EFTA02419187.pdf,data-set-11-files-4,1,email
EFTA02419188.pdf,data-set-11-files-4,1,email
EFTA02419189.pdf,data-set-11-files-4,1,other
EFTA02419190.pdf,data-set-11-files-4,1,email
EFTA02419191.pdf,data-set-11-files-4,1,email
EFTA02419192.pdf,data-set-11-files-4,2,email
EFTA02419194.pdf,data-set-11-files-4,1,other
EFTA02419195.pdf,data-set-11-files-4,1,other
EFTA02419196.pdf,data-set-11-files-4,1,email
EFTA02419197.pdf,data-set-11-files-4,1,other
EFTA02419198.pdf,data-set-11-files-4,2,email
EFTA02419200.pdf,data-set-11-files-4,2,email
EFTA02419202.pdf,data-set-11-files-4,2,other
EFTA02419204.pdf,data-set-11-files-4,2,email
EFTA02419206.pdf,data-set-11-files-4,4,email
EFTA02419210.pdf,data-set-11-files-4,1,email
EFTA02419211.pdf,data-set-11-files-4,1,other
EFTA02419212.pdf,data-set-11-files-4,1,other
EFTA02419213.pdf,data-set-11-files-4,1,email
EFTA02419214.pdf,data-set-11-files-4,1,other
EFTA02419215.pdf,data-set-11-files-4,1,other
EFTA02419216.pdf,data-set-11-files-4,1,other
EFTA02419217.pdf,data-set-11-files-4,1,other
EFTA02419218.pdf,data-set-11-files-4,1,email
EFTA02419219.pdf,data-set-11-files-4,1,email
EFTA02419220.pdf,data-set-11-files-4,1,other
EFTA02419221.pdf,data-set-11-files-4,1,other
EFTA02419222.pdf,data-set-11-files-4,1,other
EFTA02419223.pdf,data-set-11-files-4,1,email
EFTA02419224.pdf,data-set-11-files-4,1,email
EFTA02419225.pdf,data-set-11-files-4,1,email
EFTA02419226.pdf,data-set-11-files-4,1,other
EFTA02419227.pdf,data-set-11-files-4,1,email
EFTA02419228.pdf,data-set-11-files-4,1,other
EFTA02419229.pdf,data-set-11-files-4,1,email
EFTA02419230.pdf,data-set-11-files-4,1,email
EFTA02419231.pdf,data-set-11-files-4,2,email
EFTA02419233.pdf,data-set-11-files-4,1,email
EFTA02419234.pdf,data-set-11-files-4,1,other
EFTA02419235.pdf,data-set-11-files-4,1,other
EFTA02419236.pdf,data-set-11-files-4,1,other
EFTA02419237.pdf,data-set-11-files-4,4,email
EFTA02419241.pdf,data-set-11-files-4,1,email
EFTA02419242.pdf,data-set-11-files-4,1,email
EFTA02419243.pdf,data-set-11-files-4,1,email
EFTA02419244.pdf,data-set-11-files-4,1,other
EFTA02419245.pdf,data-set-11-files-4,1,other
EFTA02419246.pdf,data-set-11-files-4,1,other
EFTA02419247.pdf,data-set-11-files-4,1,email
EFTA02419248.pdf,data-set-11-files-4,1,email
EFTA02419249.pdf,data-set-11-files-4,3,email
EFTA02419252.pdf,data-set-11-files-4,1,email
EFTA02419253.pdf,data-set-11-files-4,1,email
EFTA02419254.pdf,data-set-11-files-4,1,other
EFTA02419255.pdf,data-set-11-files-4,1,other
EFTA02419256.pdf,data-set-11-files-4,1,other
EFTA02419257.pdf,data-set-11-files-4,1,email
EFTA02419258.pdf,data-set-11-files-4,1,email
EFTA02419259.pdf,data-set-11-files-4,1,other
EFTA02419260.pdf,data-set-11-files-4,2,email
EFTA02419262.pdf,data-set-11-files-4,3,email
EFTA02419265.pdf,data-set-11-files-4,1,other
EFTA02419266.pdf,data-set-11-files-4,1,email
EFTA02419267.pdf,data-set-11-files-4,2,other
EFTA02419269.pdf,data-set-11-files-4,1,other
EFTA02419270.pdf,data-set-11-files-4,1,email
EFTA02419271.pdf,data-set-11-files-4,1,email
EFTA02419272.pdf,data-set-11-files-4,1,email
EFTA02419273.pdf,data-set-11-files-4,1,email
EFTA02419274.pdf,data-set-11-files-4,1,other
EFTA02419275.pdf,data-set-11-files-4,1,other
EFTA02419276.pdf,data-set-11-files-4,1,email
EFTA02419277.pdf,data-set-11-files-4,1,email
EFTA02419278.pdf,data-set-11-files-4,1,email
EFTA02419279.pdf,data-set-11-files-4,1,other
EFTA02419280.pdf,data-set-11-files-4,1,other
EFTA02419281.pdf,data-set-11-files-4,1,other
EFTA02419282.pdf,data-set-11-files-4,1,other
EFTA02419283.pdf,data-set-11-files-4,1,email
EFTA02419284.pdf,data-set-11-files-4,1,email
EFTA02419285.pdf,data-set-11-files-4,1,other
EFTA02419286.pdf,data-set-11-files-4,1,other
EFTA02419287.pdf,data-set-11-files-4,1,other
EFTA02419288.pdf,data-set-11-files-4,1,email
EFTA02419289.pdf,data-set-11-files-4,1,other
EFTA02419290.pdf,data-set-11-files-4,1,other
EFTA02419291.pdf,data-set-11-files-4,1,other
EFTA02419292.pdf,data-set-11-files-4,2,email
EFTA02419294.pdf,data-set-11-files-4,5,email
EFTA02419299.pdf,data-set-11-files-4,1,email
EFTA02419300.pdf,data-set-11-files-4,1,other
EFTA02419301.pdf,data-set-11-files-4,1,email
EFTA02419302.pdf,data-set-11-files-4,1,other
EFTA02419303.pdf,data-set-11-files-4,1,email
EFTA02419304.pdf,data-set-11-files-4,1,other
EFTA02419305.pdf,data-set-11-files-4,1,other
EFTA02419306.pdf,data-set-11-files-4,1,email
EFTA02419307.pdf,data-set-11-files-4,1,email
EFTA02419308.pdf,data-set-11-files-4,1,other
EFTA02419309.pdf,data-set-11-files-4,1,email
EFTA02419310.pdf,data-set-11-files-4,1,other
EFTA02419311.pdf,data-set-11-files-4,1,email
EFTA02419312.pdf,data-set-11-files-4,2,email
EFTA02419314.pdf,data-set-11-files-4,1,other
EFTA02419315.pdf,data-set-11-files-4,1,other
EFTA02419316.pdf,data-set-11-files-4,1,email
EFTA02419317.pdf,data-set-11-files-4,1,email
EFTA02419318.pdf,data-set-11-files-4,1,other
EFTA02419319.pdf,data-set-11-files-4,1,email
EFTA02419320.pdf,data-set-11-files-4,1,email
EFTA02419321.pdf,data-set-11-files-4,1,email
EFTA02419322.pdf,data-set-11-files-4,2,email
EFTA02419324.pdf,data-set-11-files-4,2,email
EFTA02419326.pdf,data-set-11-files-4,1,email
EFTA02419327.pdf,data-set-11-files-4,1,email
EFTA02419328.pdf,data-set-11-files-4,1,email
EFTA02419329.pdf,data-set-11-files-4,1,other
EFTA02419330.pdf,data-set-11-files-4,1,email
EFTA02419331.pdf,data-set-11-files-4,3,email
EFTA02419334.pdf,data-set-11-files-4,1,other
EFTA02419335.pdf,data-set-11-files-4,1,other
EFTA02419336.pdf,data-set-11-files-4,1,other
EFTA02419337.pdf,data-set-11-files-4,1,other
EFTA02419338.pdf,data-set-11-files-4,1,other
EFTA02419339.pdf,data-set-11-files-4,1,email
EFTA02419340.pdf,data-set-11-files-4,1,email
EFTA02419341.pdf,data-set-11-files-4,1,email
EFTA02419342.pdf,data-set-11-files-4,1,email
EFTA02419343.pdf,data-set-11-files-4,1,other
EFTA02419344.pdf,data-set-11-files-4,2,email
EFTA02419346.pdf,data-set-11-files-4,1,email
EFTA02419347.pdf,data-set-11-files-4,1,email
EFTA02419348.pdf,data-set-11-files-4,1,other
EFTA02419349.pdf,data-set-11-files-4,1,other
EFTA02419350.pdf,data-set-11-files-4,1,other
EFTA02419351.pdf,data-set-11-files-4,1,other
EFTA02419352.pdf,data-set-11-files-4,2,email
EFTA02419354.pdf,data-set-11-files-4,1,email
EFTA02419355.pdf,data-set-11-files-4,1,email
EFTA02419356.pdf,data-set-11-files-4,2,email
EFTA02419358.pdf,data-set-11-files-4,1,email
EFTA02419359.pdf,data-set-11-files-4,1,other
EFTA02419360.pdf,data-set-11-files-4,1,email
EFTA02419361.pdf,data-set-11-files-4,1,other
EFTA02419362.pdf,data-set-11-files-4,1,other
EFTA02419363.pdf,data-set-11-files-4,1,email
EFTA02419364.pdf,data-set-11-files-4,1,other
EFTA02419365.pdf,data-set-11-files-4,1,email
EFTA02419366.pdf,data-set-11-files-4,1,email
EFTA02419367.pdf,data-set-11-files-4,1,email
EFTA02419368.pdf,data-set-11-files-4,1,other
EFTA02419369.pdf,data-set-11-files-4,1,other
EFTA02419370.pdf,data-set-11-files-4,1,email
EFTA02419371.pdf,data-set-11-files-4,1,email
EFTA02419372.pdf,data-set-11-files-4,6,email
EFTA02419378.pdf,data-set-11-files-4,1,email
EFTA02419379.pdf,data-set-11-files-4,1,other
EFTA02419380.pdf,data-set-11-files-4,1,other
EFTA02419381.pdf,data-set-11-files-4,1,other
EFTA02419382.pdf,data-set-11-files-4,1,other
EFTA02419383.pdf,data-set-11-files-4,3,email
EFTA02419386.pdf,data-set-11-files-4,1,other
EFTA02419387.pdf,data-set-11-files-4,1,other
EFTA02419388.pdf,data-set-11-files-4,1,other
EFTA02419389.pdf,data-set-11-files-4,1,email
EFTA02419390.pdf,data-set-11-files-4,1,other
EFTA02419391.pdf,data-set-11-files-4,1,other
EFTA02419392.pdf,data-set-11-files-4,1,other
EFTA02419393.pdf,data-set-11-files-4,1,other
EFTA02419394.pdf,data-set-11-files-4,1,email
EFTA02419395.pdf,data-set-11-files-4,1,other
EFTA02419396.pdf,data-set-11-files-4,1,email
EFTA02419397.pdf,data-set-11-files-4,1,email
EFTA02419398.pdf,data-set-11-files-4,5,email
EFTA02419403.pdf,data-set-11-files-4,1,email
EFTA02419404.pdf,data-set-11-files-4,3,email
EFTA02419407.pdf,data-set-11-files-4,1,other
EFTA02419408.pdf,data-set-11-files-4,1,other
EFTA02419409.pdf,data-set-11-files-4,1,other
EFTA02419410.pdf,data-set-11-files-4,1,other
EFTA02419411.pdf,data-set-11-files-4,1,other
EFTA02419412.pdf,data-set-11-files-4,1,other
EFTA02419413.pdf,data-set-11-files-4,5,email
EFTA02419418.pdf,data-set-11-files-4,1,email
EFTA02419419.pdf,data-set-11-files-4,2,email
EFTA02419421.pdf,data-set-11-files-4,1,other
EFTA02419422.pdf,data-set-11-files-4,1,other
EFTA02419423.pdf,data-set-11-files-4,1,other
EFTA02419424.pdf,data-set-11-files-4,1,email
EFTA02419425.pdf,data-set-11-files-4,1,email
EFTA02419426.pdf,data-set-11-files-4,2,email
EFTA02419428.pdf,data-set-11-files-4,1,email
EFTA02419429.pdf,data-set-11-files-4,1,email
EFTA02419430.pdf,data-set-11-files-4,1,email
EFTA02419431.pdf,data-set-11-files-4,1,email
EFTA02419432.pdf,data-set-11-files-4,1,other
EFTA02419433.pdf,data-set-11-files-4,1,email
EFTA02419434.pdf,data-set-11-files-4,1,other
EFTA02419435.pdf,data-set-11-files-4,1,other
EFTA02419436.pdf,data-set-11-files-4,2,email
EFTA02419438.pdf,data-set-11-files-4,1,other
EFTA02419439.pdf,data-set-11-files-4,1,other
EFTA02419440.pdf,data-set-11-files-4,1,email
EFTA02419441.pdf,data-set-11-files-4,1,email
EFTA02419442.pdf,data-set-11-files-4,2,email
EFTA02419444.pdf,data-set-11-files-4,1,email
EFTA02419445.pdf,data-set-11-files-4,1,other
EFTA02419446.pdf,data-set-11-files-4,1,email
EFTA02419447.pdf,data-set-11-files-4,3,email
EFTA02419450.pdf,data-set-11-files-4,1,email
EFTA02419451.pdf,data-set-11-files-4,1,email
EFTA02419452.pdf,data-set-11-files-4,1,email
EFTA02419453.pdf,data-set-11-files-4,2,email
EFTA02419455.pdf,data-set-11-files-4,1,email
EFTA02419456.pdf,data-set-11-files-4,1,email
EFTA02419457.pdf,data-set-11-files-4,1,other
EFTA02419458.pdf,data-set-11-files-4,2,other
EFTA02419460.pdf,data-set-11-files-4,1,other
EFTA02419461.pdf,data-set-11-files-4,1,other
EFTA02419462.pdf,data-set-11-files-4,1,other
EFTA02419463.pdf,data-set-11-files-4,1,email
EFTA02419464.pdf,data-set-11-files-4,1,email
EFTA02419465.pdf,data-set-11-files-4,2,email
EFTA02419467.pdf,data-set-11-files-4,2,email
EFTA02419469.pdf,data-set-11-files-4,1,email
EFTA02419470.pdf,data-set-11-files-4,1,other
EFTA02419471.pdf,data-set-11-files-4,1,email
EFTA02419472.pdf,data-set-11-files-4,1,email
EFTA02419473.pdf,data-set-11-files-4,2,email
EFTA02419475.pdf,data-set-11-files-4,3,email
EFTA02419478.pdf,data-set-11-files-4,1,email
EFTA02419479.pdf,data-set-11-files-4,2,email
EFTA02419481.pdf,data-set-11-files-4,1,email
EFTA02419482.pdf,data-set-11-files-4,1,other
EFTA02419483.pdf,data-set-11-files-4,1,email
EFTA02419484.pdf,data-set-11-files-4,1,email
EFTA02419485.pdf,data-set-11-files-4,1,email
EFTA02419486.pdf,data-set-11-files-4,1,email
EFTA02419487.pdf,data-set-11-files-4,1,other
EFTA02419488.pdf,data-set-11-files-4,2,email
EFTA02419490.pdf,data-set-11-files-4,1,email
EFTA02419491.pdf,data-set-11-files-4,1,email
EFTA02419492.pdf,data-set-11-files-4,1,email
EFTA02419493.pdf,data-set-11-files-4,1,other
EFTA02419494.pdf,data-set-11-files-4,1,other
EFTA02419495.pdf,data-set-11-files-4,1,email
EFTA02419496.pdf,data-set-11-files-4,1,other
EFTA02419497.pdf,data-set-11-files-4,2,email
EFTA02419499.pdf,data-set-11-files-4,1,email
EFTA02419500.pdf,data-set-11-files-4,1,email
EFTA02419501.pdf,data-set-11-files-4,3,email
EFTA02419504.pdf,data-set-11-files-4,1,other
EFTA02419505.pdf,data-set-11-files-4,1,other
EFTA02419506.pdf,data-set-11-files-4,3,email
EFTA02419509.pdf,data-set-11-files-4,1,email
EFTA02419510.pdf,data-set-11-files-4,2,email
EFTA02419512.pdf,data-set-11-files-4,1,email
EFTA02419513.pdf,data-set-11-files-4,1,email
EFTA02419514.pdf,data-set-11-files-4,3,other
EFTA02419517.pdf,data-set-11-files-4,1,email
EFTA02419518.pdf,data-set-11-files-4,1,other
EFTA02419519.pdf,data-set-11-files-4,1,other
EFTA02419520.pdf,data-set-11-files-4,1,email
EFTA02419521.pdf,data-set-11-files-4,1,email
EFTA02419522.pdf,data-set-11-files-4,1,other
EFTA02419523.pdf,data-set-11-files-4,1,other
EFTA02419524.pdf,data-set-11-files-4,2,email
EFTA02419526.pdf,data-set-11-files-4,1,other
EFTA02419527.pdf,data-set-11-files-4,1,other
EFTA02419528.pdf,data-set-11-files-4,2,email
EFTA02419530.pdf,data-set-11-files-4,3,email
EFTA02419533.pdf,data-set-11-files-4,2,email
EFTA02419535.pdf,data-set-11-files-4,1,email
EFTA02419536.pdf,data-set-11-files-4,1,email
EFTA02419537.pdf,data-set-11-files-4,1,other
EFTA02419538.pdf,data-set-11-files-4,2,email
EFTA02419540.pdf,data-set-11-files-4,1,other
EFTA02419541.pdf,data-set-11-files-4,1,email
EFTA02419542.pdf,data-set-11-files-4,1,email
EFTA02419543.pdf,data-set-11-files-4,1,email
EFTA02419544.pdf,data-set-11-files-4,1,email
EFTA02419545.pdf,data-set-11-files-4,1,other
EFTA02419546.pdf,data-set-11-files-4,1,email
EFTA02419547.pdf,data-set-11-files-4,2,email
EFTA02419549.pdf,data-set-11-files-4,3,email
EFTA02419552.pdf,data-set-11-files-4,2,email
EFTA02419554.pdf,data-set-11-files-4,1,other
EFTA02419555.pdf,data-set-11-files-4,1,other
EFTA02419556.pdf,data-set-11-files-4,2,email
EFTA02419558.pdf,data-set-11-files-4,2,email
EFTA02419560.pdf,data-set-11-files-4,1,email
EFTA02419561.pdf,data-set-11-files-4,1,other
EFTA02419562.pdf,data-set-11-files-4,1,other
EFTA02419563.pdf,data-set-11-files-4,1,email
EFTA02419564.pdf,data-set-11-files-4,1,other
EFTA02419565.pdf,data-set-11-files-4,2,email
EFTA02419567.pdf,data-set-11-files-4,1,other
EFTA02419568.pdf,data-set-11-files-4,1,email
EFTA02419569.pdf,data-set-11-files-4,1,email
EFTA02419570.pdf,data-set-11-files-4,1,other
EFTA02419571.pdf,data-set-11-files-4,1,other
EFTA02419572.pdf,data-set-11-files-4,1,email
EFTA02419573.pdf,data-set-11-files-4,1,email
EFTA02419574.pdf,data-set-11-files-4,1,email
EFTA02419575.pdf,data-set-11-files-4,1,email
EFTA02419576.pdf,data-set-11-files-4,1,email
EFTA02419577.pdf,data-set-11-files-4,1,email
EFTA02419578.pdf,data-set-11-files-4,1,other
EFTA02419579.pdf,data-set-11-files-4,1,email
EFTA02419580.pdf,data-set-11-files-4,1,email
EFTA02419581.pdf,data-set-11-files-4,1,email
EFTA02419582.pdf,data-set-11-files-4,1,other
EFTA02419583.pdf,data-set-11-files-4,1,email
EFTA02419584.pdf,data-set-11-files-4,1,other
EFTA02419585.pdf,data-set-11-files-4,1,email
EFTA02419586.pdf,data-set-11-files-4,2,email
EFTA02419588.pdf,data-set-11-files-4,1,other
EFTA02419589.pdf,data-set-11-files-4,1,other
EFTA02419590.pdf,data-set-11-files-4,1,other
EFTA02419591.pdf,data-set-11-files-4,1,other
EFTA02419592.pdf,data-set-11-files-4,1,other
EFTA02419593.pdf,data-set-11-files-4,1,email
EFTA02419594.pdf,data-set-11-files-4,3,email
EFTA02419597.pdf,data-set-11-files-4,1,other
EFTA02419598.pdf,data-set-11-files-4,1,other
EFTA02419599.pdf,data-set-11-files-4,1,email
EFTA02419600.pdf,data-set-11-files-4,1,email
EFTA02419601.pdf,data-set-11-files-4,1,other
EFTA02419602.pdf,data-set-11-files-4,1,email
EFTA02419603.pdf,data-set-11-files-4,1,other
EFTA02419604.pdf,data-set-11-files-4,1,email
EFTA02419605.pdf,data-set-11-files-4,5,email
EFTA02419610.pdf,data-set-11-files-4,1,email
EFTA02419611.pdf,data-set-11-files-4,1,email
EFTA02419612.pdf,data-set-11-files-4,1,other
EFTA02419613.pdf,data-set-11-files-4,2,email
EFTA02419615.pdf,data-set-11-files-4,1,other
EFTA02419616.pdf,data-set-11-files-4,1,other
EFTA02419617.pdf,data-set-11-files-4,1,email
EFTA02419618.pdf,data-set-11-files-4,3,email
EFTA02419621.pdf,data-set-11-files-4,1,other
EFTA02419622.pdf,data-set-11-files-4,1,other
EFTA02419623.pdf,data-set-11-files-4,1,email
EFTA02419624.pdf,data-set-11-files-4,1,other
EFTA02419625.pdf,data-set-11-files-4,1,other
EFTA02419626.pdf,data-set-11-files-4,2,email
EFTA02419628.pdf,data-set-11-files-4,1,other
EFTA02419629.pdf,data-set-11-files-4,1,email
EFTA02419630.pdf,data-set-11-files-4,1,email
EFTA02419631.pdf,data-set-11-files-4,1,email
EFTA02419632.pdf,data-set-11-files-4,1,other
EFTA02419633.pdf,data-set-11-files-4,1,other
EFTA02419634.pdf,data-set-11-files-4,1,other
EFTA02419635.pdf,data-set-11-files-4,1,email
EFTA02419636.pdf,data-set-11-files-4,2,email
EFTA02419638.pdf,data-set-11-files-4,1,other
EFTA02419639.pdf,data-set-11-files-4,1,other
EFTA02419640.pdf,data-set-11-files-4,1,email
EFTA02419641.pdf,data-set-11-files-4,1,email
EFTA02419642.pdf,data-set-11-files-4,2,email
EFTA02419644.pdf,data-set-11-files-4,2,email
EFTA02419646.pdf,data-set-11-files-4,1,other
EFTA02419647.pdf,data-set-11-files-4,1,email
EFTA02419648.pdf,data-set-11-files-4,1,email
EFTA02419649.pdf,data-set-11-files-4,1,email
EFTA02419650.pdf,data-set-11-files-4,4,email
EFTA02419654.pdf,data-set-11-files-4,1,email
EFTA02419655.pdf,data-set-11-files-4,1,other
EFTA02419656.pdf,data-set-11-files-4,1,email
EFTA02419657.pdf,data-set-11-files-4,1,email
EFTA02419658.pdf,data-set-11-files-4,1,other
EFTA02419659.pdf,data-set-11-files-4,1,email
EFTA02419660.pdf,data-set-11-files-4,1,email
EFTA02419661.pdf,data-set-11-files-4,1,email
EFTA02419662.pdf,data-set-11-files-4,1,email
EFTA02419663.pdf,data-set-11-files-4,1,other
EFTA02419664.pdf,data-set-11-files-4,3,email
EFTA02419667.pdf,data-set-11-files-4,1,other
EFTA02419668.pdf,data-set-11-files-4,1,email
EFTA02419669.pdf,data-set-11-files-4,1,email
EFTA02419670.pdf,data-set-11-files-4,1,email
EFTA02419671.pdf,data-set-11-files-4,2,email
EFTA02419673.pdf,data-set-11-files-4,1,other
EFTA02419674.pdf,data-set-11-files-4,1,other
EFTA02419675.pdf,data-set-11-files-4,2,other
EFTA02419677.pdf,data-set-11-files-4,2,email
EFTA02419679.pdf,data-set-11-files-4,2,email
EFTA02419681.pdf,data-set-11-files-4,1,email
EFTA02419682.pdf,data-set-11-files-4,1,email
EFTA02419683.pdf,data-set-11-files-4,1,email
EFTA02419684.pdf,data-set-11-files-4,1,email
EFTA02419685.pdf,data-set-11-files-4,1,other
EFTA02419686.pdf,data-set-11-files-4,1,email
EFTA02419687.pdf,data-set-11-files-4,2,email
EFTA02419689.pdf,data-set-11-files-4,1,other
EFTA02419690.pdf,data-set-11-files-4,1,other
EFTA02419691.pdf,data-set-11-files-4,2,email
EFTA02419693.pdf,data-set-11-files-4,1,email
EFTA02419694.pdf,data-set-11-files-4,1,other
EFTA02419695.pdf,data-set-11-files-4,1,email
EFTA02419696.pdf,data-set-11-files-4,1,other
EFTA02419697.pdf,data-set-11-files-4,1,email
EFTA02419698.pdf,data-set-11-files-4,1,email
EFTA02419699.pdf,data-set-11-files-4,1,email
EFTA02419700.pdf,data-set-11-files-4,1,other
EFTA02419701.pdf,data-set-11-files-4,1,email
EFTA02419702.pdf,data-set-11-files-4,1,other
EFTA02419703.pdf,data-set-11-files-4,2,email
EFTA02419705.pdf,data-set-11-files-4,3,email
EFTA02419708.pdf,data-set-11-files-4,2,email
EFTA02419710.pdf,data-set-11-files-4,1,other
EFTA02419711.pdf,data-set-11-files-4,1,email
EFTA02419712.pdf,data-set-11-files-4,1,other
EFTA02419713.pdf,data-set-11-files-4,5,email
EFTA02419718.pdf,data-set-11-files-4,1,other
EFTA02419719.pdf,data-set-11-files-4,1,email
EFTA02419720.pdf,data-set-11-files-4,1,other
EFTA02419721.pdf,data-set-11-files-4,1,email
EFTA02419722.pdf,data-set-11-files-4,1,email
EFTA02419723.pdf,data-set-11-files-4,2,other
EFTA02419725.pdf,data-set-11-files-4,1,email
EFTA02419726.pdf,data-set-11-files-4,1,email
EFTA02419727.pdf,data-set-11-files-4,1,email
EFTA02419728.pdf,data-set-11-files-4,2,email
EFTA02419730.pdf,data-set-11-files-4,2,other
EFTA02419732.pdf,data-set-11-files-4,1,other
EFTA02419733.pdf,data-set-11-files-4,1,other
EFTA02419734.pdf,data-set-11-files-4,1,email
EFTA02419735.pdf,data-set-11-files-4,1,other
EFTA02419736.pdf,data-set-11-files-4,1,other
EFTA02419737.pdf,data-set-11-files-4,2,email
EFTA02419739.pdf,data-set-11-files-4,1,other
EFTA02419740.pdf,data-set-11-files-4,1,email
EFTA02419741.pdf,data-set-11-files-4,5,email
EFTA02419746.pdf,data-set-11-files-4,2,other
EFTA02419748.pdf,data-set-11-files-4,1,other
EFTA02419749.pdf,data-set-11-files-4,2,email
EFTA02419751.pdf,data-set-11-files-4,3,email
EFTA02419754.pdf,data-set-11-files-4,1,email
EFTA02419755.pdf,data-set-11-files-4,1,email
EFTA02419756.pdf,data-set-11-files-4,1,email
EFTA02419757.pdf,data-set-11-files-4,1,other
EFTA02419758.pdf,data-set-11-files-4,2,email
EFTA02419760.pdf,data-set-11-files-4,1,other
EFTA02419761.pdf,data-set-11-files-4,3,email
EFTA02419764.pdf,data-set-11-files-4,1,other
EFTA02419765.pdf,data-set-11-files-4,1,other
EFTA02419766.pdf,data-set-11-files-4,1,email
EFTA02419767.pdf,data-set-11-files-4,1,other
EFTA02419768.pdf,data-set-11-files-4,1,other
EFTA02419769.pdf,data-set-11-files-4,1,other
EFTA02419770.pdf,data-set-11-files-4,1,email
EFTA02419771.pdf,data-set-11-files-4,1,email
EFTA02419772.pdf,data-set-11-files-4,2,email
EFTA02419774.pdf,data-set-11-files-4,1,email
EFTA02419775.pdf,data-set-11-files-4,1,email
EFTA02419776.pdf,data-set-11-files-4,2,email
EFTA02419778.pdf,data-set-11-files-4,1,other
EFTA02419779.pdf,data-set-11-files-4,1,other
EFTA02419780.pdf,data-set-11-files-4,1,email
EFTA02419781.pdf,data-set-11-files-4,1,email
EFTA02419782.pdf,data-set-11-files-4,1,email
EFTA02419783.pdf,data-set-11-files-4,1,other
EFTA02419784.pdf,data-set-11-files-4,1,other
EFTA02419785.pdf,data-set-11-files-4,1,email
EFTA02419786.pdf,data-set-11-files-4,2,email
EFTA02419788.pdf,data-set-11-files-4,2,email
EFTA02419790.pdf,data-set-11-files-4,1,email
EFTA02419791.pdf,data-set-11-files-4,1,other
EFTA02419792.pdf,data-set-11-files-4,1,email
EFTA02419793.pdf,data-set-11-files-4,1,other
EFTA02419794.pdf,data-set-11-files-4,1,email
EFTA02419795.pdf,data-set-11-files-4,1,email
EFTA02419796.pdf,data-set-11-files-4,2,other
EFTA02419798.pdf,data-set-11-files-4,1,other
EFTA02419799.pdf,data-set-11-files-4,1,email
EFTA02419800.pdf,data-set-11-files-4,1,other
EFTA02419801.pdf,data-set-11-files-4,1,email
EFTA02419802.pdf,data-set-11-files-4,1,email
EFTA02419803.pdf,data-set-11-files-4,1,other
EFTA02419804.pdf,data-set-11-files-4,1,email
EFTA02419805.pdf,data-set-11-files-4,1,other
EFTA02419806.pdf,data-set-11-files-4,7,email
EFTA02419813.pdf,data-set-11-files-4,5,email
EFTA02419818.pdf,data-set-11-files-4,2,email
EFTA02419820.pdf,data-set-11-files-4,1,email
EFTA02419821.pdf,data-set-11-files-4,1,other
EFTA02419822.pdf,data-set-11-files-4,7,email
EFTA02419829.pdf,data-set-11-files-4,1,email
EFTA02419830.pdf,data-set-11-files-4,1,email
EFTA02419831.pdf,data-set-11-files-4,2,other
EFTA02419833.pdf,data-set-11-files-4,3,email
EFTA02419836.pdf,data-set-11-files-4,1,other
EFTA02419837.pdf,data-set-11-files-4,1,email
EFTA02419838.pdf,data-set-11-files-4,1,email
EFTA02419839.pdf,data-set-11-files-4,1,email
EFTA02419840.pdf,data-set-11-files-4,2,email
EFTA02419842.pdf,data-set-11-files-4,1,other
EFTA02419843.pdf,data-set-11-files-4,1,email
EFTA02419844.pdf,data-set-11-files-4,1,email
EFTA02419845.pdf,data-set-11-files-4,1,email
EFTA02419846.pdf,data-set-11-files-4,1,other
EFTA02419847.pdf,data-set-11-files-4,1,email
EFTA02419848.pdf,data-set-11-files-4,1,email
EFTA02419849.pdf,data-set-11-files-4,1,other
EFTA02419850.pdf,data-set-11-files-4,2,email
EFTA02419852.pdf,data-set-11-files-4,1,other
EFTA02419853.pdf,data-set-11-files-4,1,email
EFTA02419854.pdf,data-set-11-files-4,1,email
EFTA02419855.pdf,data-set-11-files-4,1,email
EFTA02419856.pdf,data-set-11-files-4,1,email
EFTA02419857.pdf,data-set-11-files-4,1,other
EFTA02419858.pdf,data-set-11-files-4,1,email
EFTA02419859.pdf,data-set-11-files-4,1,email
EFTA02419860.pdf,data-set-11-files-4,6,email
EFTA02419866.pdf,data-set-11-files-4,1,email
EFTA02419867.pdf,data-set-11-files-4,1,other
EFTA02419868.pdf,data-set-11-files-4,32,other
EFTA02419900.pdf,data-set-11-files-4,1,email
EFTA02419901.pdf,data-set-11-files-4,1,other
EFTA02419902.pdf,data-set-11-files-4,1,email
EFTA02419903.pdf,data-set-11-files-4,2,other
EFTA02419905.pdf,data-set-11-files-4,2,email
EFTA02419907.pdf,data-set-11-files-4,1,email
EFTA02419908.pdf,data-set-11-files-4,1,other
EFTA02419909.pdf,data-set-11-files-4,1,email
EFTA02419910.pdf,data-set-11-files-4,1,email
EFTA02419911.pdf,data-set-11-files-4,1,email
EFTA02419912.pdf,data-set-11-files-4,1,email
EFTA02419913.pdf,data-set-11-files-4,1,email
EFTA02419914.pdf,data-set-11-files-4,1,email
EFTA02419915.pdf,data-set-11-files-4,1,email
EFTA02419916.pdf,data-set-11-files-4,1,other
EFTA02419917.pdf,data-set-11-files-4,1,other
EFTA02419918.pdf,data-set-11-files-4,1,email
EFTA02419919.pdf,data-set-11-files-4,1,other
EFTA02419920.pdf,data-set-11-files-4,1,email
EFTA02419921.pdf,data-set-11-files-4,4,email
EFTA02419925.pdf,data-set-11-files-4,1,email
EFTA02419926.pdf,data-set-11-files-4,2,email
EFTA02419928.pdf,data-set-11-files-4,1,email
EFTA02419929.pdf,data-set-11-files-4,2,email
EFTA02419931.pdf,data-set-11-files-4,1,email
EFTA02419932.pdf,data-set-11-files-4,1,email
EFTA02419933.pdf,data-set-11-files-4,3,email
EFTA02419936.pdf,data-set-11-files-4,1,other
EFTA02419937.pdf,data-set-11-files-4,1,email
EFTA02419938.pdf,data-set-11-files-4,1,email
EFTA02419939.pdf,data-set-11-files-4,1,email
EFTA02419940.pdf,data-set-11-files-4,1,other
EFTA02419941.pdf,data-set-11-files-4,1,email
EFTA02419942.pdf,data-set-11-files-4,1,other
EFTA02419943.pdf,data-set-11-files-4,3,email
EFTA02419946.pdf,data-set-11-files-4,1,other
EFTA02419947.pdf,data-set-11-files-4,1,email
EFTA02419948.pdf,data-set-11-files-4,1,email
EFTA02419949.pdf,data-set-11-files-4,1,email
EFTA02419950.pdf,data-set-11-files-4,1,email
EFTA02419951.pdf,data-set-11-files-4,1,other
EFTA02419952.pdf,data-set-11-files-4,1,email
EFTA02419953.pdf,data-set-11-files-4,1,other
EFTA02419954.pdf,data-set-11-files-4,1,email
EFTA02419955.pdf,data-set-11-files-4,1,other
EFTA02419956.pdf,data-set-11-files-4,1,other
EFTA02419957.pdf,data-set-11-files-4,1,email
EFTA02419958.pdf,data-set-11-files-4,3,email
EFTA02419961.pdf,data-set-11-files-4,1,other
EFTA02419962.pdf,data-set-11-files-4,1,other
EFTA02419963.pdf,data-set-11-files-4,1,email
EFTA02419964.pdf,data-set-11-files-4,2,email
EFTA02419966.pdf,data-set-11-files-4,1,email
EFTA02419967.pdf,data-set-11-files-4,1,email
EFTA02419968.pdf,data-set-11-files-4,3,email
EFTA02419971.pdf,data-set-11-files-4,1,email
EFTA02419972.pdf,data-set-11-files-4,1,email
EFTA02419973.pdf,data-set-11-files-4,1,other
EFTA02419974.pdf,data-set-11-files-4,1,other
EFTA02419975.pdf,data-set-11-files-4,1,email
EFTA02419976.pdf,data-set-11-files-4,2,email
EFTA02419978.pdf,data-set-11-files-4,1,email
EFTA02419979.pdf,data-set-11-files-4,1,email
EFTA02419980.pdf,data-set-11-files-4,1,email
EFTA02419981.pdf,data-set-11-files-4,1,email
EFTA02419982.pdf,data-set-11-files-4,2,email
EFTA02419984.pdf,data-set-11-files-4,1,other
EFTA02419985.pdf,data-set-11-files-4,1,other
EFTA02419986.pdf,data-set-11-files-4,1,email
EFTA02419987.pdf,data-set-11-files-4,1,other
EFTA02419988.pdf,data-set-11-files-4,1,other
EFTA02419989.pdf,data-set-11-files-4,1,other
EFTA02419990.pdf,data-set-11-files-4,2,other
EFTA02419992.pdf,data-set-11-files-4,1,other
EFTA02419993.pdf,data-set-11-files-4,1,email
EFTA02419994.pdf,data-set-11-files-4,1,email
EFTA02419995.pdf,data-set-11-files-4,1,other
EFTA02419996.pdf,data-set-11-files-4,1,email
EFTA02419997.pdf,data-set-11-files-4,1,email
EFTA02419998.pdf,data-set-11-files-4,1,other
EFTA02419999.pdf,data-set-11-files-4,1,email
EFTA02420000.pdf,data-set-11-files-4,1,other
EFTA02420001.pdf,data-set-11-files-4,1,other
EFTA02420002.pdf,data-set-11-files-4,1,email
EFTA02420003.pdf,data-set-11-files-4,1,other
EFTA02420004.pdf,data-set-11-files-4,1,other
EFTA02420005.pdf,data-set-11-files-4,1,email
EFTA02420006.pdf,data-set-11-files-4,2,email
EFTA02420008.pdf,data-set-11-files-4,1,other
EFTA02420009.pdf,data-set-11-files-4,1,other
EFTA02420010.pdf,data-set-11-files-4,1,email
EFTA02420011.pdf,data-set-11-files-4,1,email
EFTA02420012.pdf,data-set-11-files-4,3,email
EFTA02420015.pdf,data-set-11-files-4,1,other
EFTA02420016.pdf,data-set-11-files-4,1,email
EFTA02420017.pdf,data-set-11-files-4,1,email
EFTA02420018.pdf,data-set-11-files-4,1,other
EFTA02420019.pdf,data-set-11-files-4,2,email
EFTA02420021.pdf,data-set-11-files-4,2,email
EFTA02420023.pdf,data-set-11-files-4,1,other
EFTA02420024.pdf,data-set-11-files-4,1,other
EFTA02420025.pdf,data-set-11-files-4,2,email
EFTA02420027.pdf,data-set-11-files-4,2,email
EFTA02420029.pdf,data-set-11-files-4,1,email
EFTA02420030.pdf,data-set-11-files-4,1,other
EFTA02420031.pdf,data-set-11-files-4,1,email
EFTA02420032.pdf,data-set-11-files-4,1,other
EFTA02420033.pdf,data-set-11-files-4,2,email
EFTA02420035.pdf,data-set-11-files-4,1,email
EFTA02420036.pdf,data-set-11-files-4,1,other
EFTA02420037.pdf,data-set-11-files-4,1,email
EFTA02420038.pdf,data-set-11-files-4,1,email
EFTA02420039.pdf,data-set-11-files-4,1,other
EFTA02420040.pdf,data-set-11-files-4,1,other
EFTA02420041.pdf,data-set-11-files-4,58,email
EFTA02420099.pdf,data-set-11-files-4,1,email
EFTA02420100.pdf,data-set-11-files-4,1,other
EFTA02420101.pdf,data-set-11-files-4,1,other
EFTA02420102.pdf,data-set-11-files-4,1,email
EFTA02420103.pdf,data-set-11-files-4,1,email
EFTA02420104.pdf,data-set-11-files-4,3,email
EFTA02420107.pdf,data-set-11-files-4,1,email
EFTA02420108.pdf,data-set-11-files-4,1,other
EFTA02420109.pdf,data-set-11-files-4,1,other
EFTA02420110.pdf,data-set-11-files-4,1,email
EFTA02420111.pdf,data-set-11-files-4,1,other
EFTA02420112.pdf,data-set-11-files-4,1,other
EFTA02420113.pdf,data-set-11-files-4,1,email
EFTA02420114.pdf,data-set-11-files-4,1,email
EFTA02420115.pdf,data-set-11-files-4,1,other
EFTA02420116.pdf,data-set-11-files-4,5,other
EFTA02420121.pdf,data-set-11-files-4,7,email
EFTA02420128.pdf,data-set-11-files-4,1,other
EFTA02420129.pdf,data-set-11-files-4,1,email
EFTA02420130.pdf,data-set-11-files-4,1,email
EFTA02420131.pdf,data-set-11-files-4,1,other
EFTA02420132.pdf,data-set-11-files-4,1,email
EFTA02420133.pdf,data-set-11-files-4,1,email
EFTA02420134.pdf,data-set-11-files-4,1,other
EFTA02420135.pdf,data-set-11-files-4,1,other
EFTA02420136.pdf,data-set-11-files-4,1,email
EFTA02420137.pdf,data-set-11-files-4,2,email
EFTA02420139.pdf,data-set-11-files-4,1,email
EFTA02420140.pdf,data-set-11-files-4,3,email
EFTA02420143.pdf,data-set-11-files-4,1,email
EFTA02420144.pdf,data-set-11-files-4,1,other
EFTA02420145.pdf,data-set-11-files-4,1,other
EFTA02420146.pdf,data-set-11-files-4,1,email
EFTA02420147.pdf,data-set-11-files-4,1,email
EFTA02420148.pdf,data-set-11-files-4,1,other
EFTA02420149.pdf,data-set-11-files-4,1,email
EFTA02420150.pdf,data-set-11-files-4,1,other
EFTA02420151.pdf,data-set-11-files-4,1,other
EFTA02420152.pdf,data-set-11-files-4,1,other
EFTA02420153.pdf,data-set-11-files-4,2,email
EFTA02420155.pdf,data-set-11-files-4,1,email
EFTA02420156.pdf,data-set-11-files-4,3,email
EFTA02420159.pdf,data-set-11-files-4,1,email
EFTA02420160.pdf,data-set-11-files-4,2,email
EFTA02420162.pdf,data-set-11-files-4,1,email
EFTA02420163.pdf,data-set-11-files-4,1,other
EFTA02420164.pdf,data-set-11-files-4,1,other
EFTA02420165.pdf,data-set-11-files-4,1,other
EFTA02420166.pdf,data-set-11-files-4,4,other
EFTA02420170.pdf,data-set-11-files-4,1,other
EFTA02420171.pdf,data-set-11-files-4,1,other
EFTA02420172.pdf,data-set-11-files-4,1,other
EFTA02420173.pdf,data-set-11-files-4,1,other
EFTA02420174.pdf,data-set-11-files-4,1,email
EFTA02420175.pdf,data-set-11-files-4,2,email
EFTA02420177.pdf,data-set-11-files-4,1,email
EFTA02420178.pdf,data-set-11-files-4,2,email
EFTA02420180.pdf,data-set-11-files-4,5,email
EFTA02420185.pdf,data-set-11-files-4,1,other
EFTA02420186.pdf,data-set-11-files-4,1,email
EFTA02420187.pdf,data-set-11-files-4,1,other
EFTA02420188.pdf,data-set-11-files-4,1,other
EFTA02420189.pdf,data-set-11-files-4,2,email
EFTA02420191.pdf,data-set-11-files-4,1,other
EFTA02420192.pdf,data-set-11-files-4,1,email
EFTA02420193.pdf,data-set-11-files-4,1,email
EFTA02420194.pdf,data-set-11-files-4,1,email
EFTA02420195.pdf,data-set-11-files-4,1,email
EFTA02420196.pdf,data-set-11-files-4,1,other
EFTA02420197.pdf,data-set-11-files-4,1,other
EFTA02420198.pdf,data-set-11-files-4,1,other
EFTA02420199.pdf,data-set-11-files-4,1,other
EFTA02420200.pdf,data-set-11-files-4,1,email
EFTA02420201.pdf,data-set-11-files-4,3,email
EFTA02420204.pdf,data-set-11-files-4,1,email
EFTA02420205.pdf,data-set-11-files-4,1,other
EFTA02420206.pdf,data-set-11-files-4,1,other
EFTA02420207.pdf,data-set-11-files-4,1,email
EFTA02420208.pdf,data-set-11-files-4,1,other
EFTA02420209.pdf,data-set-11-files-4,2,other
EFTA02420211.pdf,data-set-11-files-4,1,email
EFTA02420212.pdf,data-set-11-files-4,1,other
EFTA02420213.pdf,data-set-11-files-4,1,other
EFTA02420214.pdf,data-set-11-files-4,1,other
EFTA02420215.pdf,data-set-11-files-4,2,email
EFTA02420217.pdf,data-set-11-files-4,1,other
EFTA02420218.pdf,data-set-11-files-4,2,email
EFTA02420220.pdf,data-set-11-files-4,4,other
EFTA02420224.pdf,data-set-11-files-4,1,other
EFTA02420225.pdf,data-set-11-files-4,1,email
EFTA02420226.pdf,data-set-11-files-4,1,other
EFTA02420227.pdf,data-set-11-files-4,1,other
EFTA02420228.pdf,data-set-11-files-4,1,email
EFTA02420229.pdf,data-set-11-files-4,1,email
EFTA02420230.pdf,data-set-11-files-4,1,other
EFTA02420231.pdf,data-set-11-files-4,1,email
EFTA02420232.pdf,data-set-11-files-4,1,email
EFTA02420233.pdf,data-set-11-files-4,2,email
EFTA02420235.pdf,data-set-11-files-4,1,email
EFTA02420236.pdf,data-set-11-files-4,1,email
EFTA02420237.pdf,data-set-11-files-4,1,other
EFTA02420238.pdf,data-set-11-files-4,1,other
EFTA02420239.pdf,data-set-11-files-4,1,other
EFTA02420240.pdf,data-set-11-files-4,1,other
EFTA02420241.pdf,data-set-11-files-4,1,other
EFTA02420242.pdf,data-set-11-files-4,1,other
EFTA02420243.pdf,data-set-11-files-4,1,other
EFTA02420244.pdf,data-set-11-files-4,1,other
EFTA02420245.pdf,data-set-11-files-4,1,other
EFTA02420246.pdf,data-set-11-files-4,1,other
EFTA02420247.pdf,data-set-11-files-4,1,other
EFTA02420248.pdf,data-set-11-files-4,1,other
EFTA02420249.pdf,data-set-11-files-4,2,email
EFTA02420251.pdf,data-set-11-files-4,3,email
EFTA02420254.pdf,data-set-11-files-4,1,email
EFTA02420255.pdf,data-set-11-files-4,1,other
EFTA02420256.pdf,data-set-11-files-4,1,email
EFTA02420257.pdf,data-set-11-files-4,2,email
EFTA02420259.pdf,data-set-11-files-4,1,email
EFTA02420260.pdf,data-set-11-files-4,1,other
EFTA02420261.pdf,data-set-11-files-4,1,email
EFTA02420262.pdf,data-set-11-files-4,1,email
EFTA02420263.pdf,data-set-11-files-4,2,email
EFTA02420265.pdf,data-set-11-files-4,1,other
EFTA02420266.pdf,data-set-11-files-4,1,email
EFTA02420267.pdf,data-set-11-files-4,1,email
EFTA02420268.pdf,data-set-11-files-4,1,other
EFTA02420269.pdf,data-set-11-files-4,1,email
EFTA02420270.pdf,data-set-11-files-4,1,email
EFTA02420271.pdf,data-set-11-files-4,1,email
EFTA02420272.pdf,data-set-11-files-4,1,email
EFTA02420273.pdf,data-set-11-files-4,2,email
EFTA02420275.pdf,data-set-11-files-4,1,email
EFTA02420276.pdf,data-set-11-files-4,1,email
EFTA02420277.pdf,data-set-11-files-4,1,email
EFTA02420278.pdf,data-set-11-files-4,1,email
EFTA02420279.pdf,data-set-11-files-4,1,email
EFTA02420280.pdf,data-set-11-files-4,1,other
EFTA02420281.pdf,data-set-11-files-4,1,email
EFTA02420282.pdf,data-set-11-files-4,2,email
EFTA02420284.pdf,data-set-11-files-4,1,other
EFTA02420285.pdf,data-set-11-files-4,1,other
EFTA02420286.pdf,data-set-11-files-4,1,email
EFTA02420287.pdf,data-set-11-files-4,1,email
EFTA02420288.pdf,data-set-11-files-4,2,email
EFTA02420290.pdf,data-set-11-files-4,2,email
EFTA02420292.pdf,data-set-11-files-4,1,other
EFTA02420293.pdf,data-set-11-files-4,5,email
EFTA02420298.pdf,data-set-11-files-4,1,other
EFTA02420299.pdf,data-set-11-files-4,1,other
EFTA02420300.pdf,data-set-11-files-4,1,other
EFTA02420301.pdf,data-set-11-files-4,1,email
EFTA02420302.pdf,data-set-11-files-4,1,other
EFTA02420303.pdf,data-set-11-files-4,1,other
EFTA02420304.pdf,data-set-11-files-4,1,email
EFTA02420305.pdf,data-set-11-files-4,1,email
EFTA02420306.pdf,data-set-11-files-4,1,email
EFTA02420307.pdf,data-set-11-files-4,2,other
EFTA02420309.pdf,data-set-11-files-4,1,email
EFTA02420310.pdf,data-set-11-files-4,4,email
EFTA02420314.pdf,data-set-11-files-4,1,email
EFTA02420315.pdf,data-set-11-files-4,1,email
EFTA02420316.pdf,data-set-11-files-4,1,other
EFTA02420317.pdf,data-set-11-files-4,1,other
EFTA02420318.pdf,data-set-11-files-4,2,email
EFTA02420320.pdf,data-set-11-files-4,1,other
EFTA02420321.pdf,data-set-11-files-4,1,other
EFTA02420322.pdf,data-set-11-files-4,1,email
EFTA02420323.pdf,data-set-11-files-4,1,email
EFTA02420324.pdf,data-set-11-files-4,1,other
EFTA02420325.pdf,data-set-11-files-4,1,other
EFTA02420326.pdf,data-set-11-files-4,3,other
EFTA02420329.pdf,data-set-11-files-4,1,email
EFTA02420330.pdf,data-set-11-files-4,59,email
EFTA02420389.pdf,data-set-11-files-4,3,email
EFTA02420392.pdf,data-set-11-files-4,2,email
EFTA02420394.pdf,data-set-11-files-4,2,email
EFTA02420396.pdf,data-set-11-files-4,1,email
EFTA02420397.pdf,data-set-11-files-4,1,other
EFTA02420398.pdf,data-set-11-files-4,3,email
EFTA02420401.pdf,data-set-11-files-4,1,other
EFTA02420402.pdf,data-set-11-files-4,1,email
EFTA02420403.pdf,data-set-11-files-4,2,email
EFTA02420405.pdf,data-set-11-files-4,1,email
EFTA02420406.pdf,data-set-11-files-4,1,email
EFTA02420407.pdf,data-set-11-files-4,1,other
EFTA02420408.pdf,data-set-11-files-4,1,other
EFTA02420409.pdf,data-set-11-files-4,1,email
EFTA02420410.pdf,data-set-11-files-4,1,email
EFTA02420411.pdf,data-set-11-files-4,1,email
EFTA02420412.pdf,data-set-11-files-4,1,other
EFTA02420413.pdf,data-set-11-files-4,1,email
EFTA02420414.pdf,data-set-11-files-4,2,other
EFTA02420416.pdf,data-set-11-files-4,1,other
EFTA02420417.pdf,data-set-11-files-4,1,email
EFTA02420418.pdf,data-set-11-files-4,1,email
EFTA02420419.pdf,data-set-11-files-4,1,email
EFTA02420420.pdf,data-set-11-files-4,1,email
EFTA02420421.pdf,data-set-11-files-4,1,email
EFTA02420422.pdf,data-set-11-files-4,1,email
EFTA02420423.pdf,data-set-11-files-4,1,email
EFTA02420424.pdf,data-set-11-files-4,2,other
EFTA02420426.pdf,data-set-11-files-4,1,email
EFTA02420427.pdf,data-set-11-files-4,1,other
EFTA02420428.pdf,data-set-11-files-4,3,other
EFTA02420431.pdf,data-set-11-files-4,1,other
EFTA02420432.pdf,data-set-11-files-4,1,email
EFTA02420433.pdf,data-set-11-files-4,2,email
EFTA02420435.pdf,data-set-11-files-4,1,email
EFTA02420436.pdf,data-set-11-files-4,2,email
EFTA02420438.pdf,data-set-11-files-4,1,email
EFTA02420439.pdf,data-set-11-files-4,1,email
EFTA02420440.pdf,data-set-11-files-4,1,other
EFTA02420441.pdf,data-set-11-files-4,1,other
EFTA02420442.pdf,data-set-11-files-4,2,email
EFTA02420444.pdf,data-set-11-files-4,1,other
EFTA02420445.pdf,data-set-11-files-4,2,email
EFTA02420447.pdf,data-set-11-files-4,1,other
EFTA02420448.pdf,data-set-11-files-4,1,email
EFTA02420449.pdf,data-set-11-files-4,1,other
EFTA02420450.pdf,data-set-11-files-4,1,email
EFTA02420451.pdf,data-set-11-files-4,1,email
EFTA02420452.pdf,data-set-11-files-4,1,other
EFTA02420453.pdf,data-set-11-files-4,1,other
EFTA02420454.pdf,data-set-11-files-4,1,email
EFTA02420455.pdf,data-set-11-files-4,1,email
EFTA02420456.pdf,data-set-11-files-4,1,email
EFTA02420457.pdf,data-set-11-files-4,1,email
EFTA02420458.pdf,data-set-11-files-4,1,email
EFTA02420459.pdf,data-set-11-files-4,1,other
EFTA02420460.pdf,data-set-11-files-4,1,other
EFTA02420461.pdf,data-set-11-files-4,7,email
EFTA02420468.pdf,data-set-11-files-4,1,other
EFTA02420469.pdf,data-set-11-files-4,1,email
EFTA02420470.pdf,data-set-11-files-4,1,email
EFTA02420471.pdf,data-set-11-files-4,1,email
EFTA02420472.pdf,data-set-11-files-4,1,other
EFTA02420473.pdf,data-set-11-files-4,1,email
EFTA02420474.pdf,data-set-11-files-4,1,email
EFTA02420475.pdf,data-set-11-files-4,1,email
EFTA02420476.pdf,data-set-11-files-4,2,email
EFTA02420478.pdf,data-set-11-files-4,1,other
EFTA02420479.pdf,data-set-11-files-4,1,other
EFTA02420480.pdf,data-set-11-files-4,1,email
EFTA02420481.pdf,data-set-11-files-4,1,other
EFTA02420482.pdf,data-set-11-files-4,1,email
EFTA02420483.pdf,data-set-11-files-4,1,email
EFTA02420484.pdf,data-set-11-files-4,1,other
EFTA02420485.pdf,data-set-11-files-4,2,other
EFTA02420487.pdf,data-set-11-files-4,1,email
EFTA02420488.pdf,data-set-11-files-4,1,other
EFTA02420489.pdf,data-set-11-files-4,1,email
EFTA02420490.pdf,data-set-11-files-4,1,other
EFTA02420491.pdf,data-set-11-files-4,1,email
EFTA02420492.pdf,data-set-11-files-4,1,email
EFTA02420493.pdf,data-set-11-files-4,1,email
EFTA02420494.pdf,data-set-11-files-4,1,email
EFTA02420495.pdf,data-set-11-files-4,1,other
EFTA02420496.pdf,data-set-11-files-4,1,email
EFTA02420497.pdf,data-set-11-files-4,1,email
EFTA02420498.pdf,data-set-11-files-4,2,email
EFTA02420500.pdf,data-set-11-files-4,1,other
EFTA02420501.pdf,data-set-11-files-4,1,email
EFTA02420502.pdf,data-set-11-files-4,1,email
EFTA02420503.pdf,data-set-11-files-4,1,email
EFTA02420504.pdf,data-set-11-files-4,1,other
EFTA02420505.pdf,data-set-11-files-4,1,other
EFTA02420506.pdf,data-set-11-files-4,1,email
EFTA02420507.pdf,data-set-11-files-4,1,other
EFTA02420508.pdf,data-set-11-files-4,1,other
EFTA02420509.pdf,data-set-11-files-4,1,other
EFTA02420510.pdf,data-set-11-files-4,1,other
EFTA02420511.pdf,data-set-11-files-4,1,email
EFTA02420512.pdf,data-set-11-files-4,1,email
EFTA02420513.pdf,data-set-11-files-4,1,email
EFTA02420514.pdf,data-set-11-files-4,1,other
EFTA02420515.pdf,data-set-11-files-4,1,other
EFTA02420516.pdf,data-set-11-files-4,2,email
EFTA02420518.pdf,data-set-11-files-4,1,other
EFTA02420519.pdf,data-set-11-files-4,6,email
EFTA02420525.pdf,data-set-11-files-4,1,other
EFTA02420526.pdf,data-set-11-files-4,1,email
EFTA02420527.pdf,data-set-11-files-4,1,other
EFTA02420528.pdf,data-set-11-files-4,1,other
EFTA02420529.pdf,data-set-11-files-4,1,other
EFTA02420530.pdf,data-set-11-files-4,2,other
EFTA02420532.pdf,data-set-11-files-4,1,email
EFTA02420533.pdf,data-set-11-files-4,1,email
EFTA02420534.pdf,data-set-11-files-4,1,email
EFTA02420535.pdf,data-set-11-files-4,1,email
EFTA02420536.pdf,data-set-11-files-4,1,email
EFTA02420537.pdf,data-set-11-files-4,1,other
EFTA02420538.pdf,data-set-11-files-4,2,email
EFTA02420540.pdf,data-set-11-files-4,1,email
EFTA02420541.pdf,data-set-11-files-4,1,other
EFTA02420542.pdf,data-set-11-files-4,1,other
EFTA02420543.pdf,data-set-11-files-4,1,email
EFTA02420544.pdf,data-set-11-files-4,1,email
EFTA02420545.pdf,data-set-11-files-4,2,email
EFTA02420547.pdf,data-set-11-files-4,1,email
EFTA02420548.pdf,data-set-11-files-4,1,email
EFTA02420549.pdf,data-set-11-files-4,2,email
EFTA02420551.pdf,data-set-11-files-4,1,email
EFTA02420552.pdf,data-set-11-files-4,1,email
EFTA02420553.pdf,data-set-11-files-4,2,email
EFTA02420555.pdf,data-set-11-files-4,6,email
EFTA02420561.pdf,data-set-11-files-4,1,email
EFTA02420562.pdf,data-set-11-files-4,1,email
EFTA02420563.pdf,data-set-11-files-4,2,email
EFTA02420565.pdf,data-set-11-files-4,1,other
EFTA02420566.pdf,data-set-11-files-4,1,other
EFTA02420567.pdf,data-set-11-files-4,1,email
EFTA02420568.pdf,data-set-11-files-4,1,email
EFTA02420569.pdf,data-set-11-files-4,1,email
EFTA02420570.pdf,data-set-11-files-4,1,email
EFTA02420571.pdf,data-set-11-files-4,9,email
EFTA02420580.pdf,data-set-11-files-4,4,email
EFTA02420584.pdf,data-set-11-files-4,1,email
EFTA02420585.pdf,data-set-11-files-4,1,other
EFTA02420586.pdf,data-set-11-files-4,1,other
EFTA02420587.pdf,data-set-11-files-4,6,email
EFTA02420593.pdf,data-set-11-files-4,1,email
EFTA02420594.pdf,data-set-11-files-4,3,other
EFTA02420597.pdf,data-set-11-files-4,1,email
EFTA02420598.pdf,data-set-11-files-4,1,email
EFTA02420599.pdf,data-set-11-files-4,1,other
EFTA02420600.pdf,data-set-11-files-4,6,email
EFTA02420606.pdf,data-set-11-files-4,1,email
EFTA02420607.pdf,data-set-11-files-4,1,other
EFTA02420608.pdf,data-set-11-files-4,1,email
EFTA02420609.pdf,data-set-11-files-4,1,email
EFTA02420610.pdf,data-set-11-files-4,4,email
EFTA02420614.pdf,data-set-11-files-4,1,email
EFTA02420615.pdf,data-set-11-files-4,1,email
EFTA02420616.pdf,data-set-11-files-4,1,other
EFTA02420617.pdf,data-set-11-files-4,1,email
EFTA02420618.pdf,data-set-11-files-4,1,other
EFTA02420619.pdf,data-set-11-files-4,1,other
EFTA02420620.pdf,data-set-11-files-4,1,email
EFTA02420621.pdf,data-set-11-files-4,2,other
EFTA02420623.pdf,data-set-11-files-4,1,email
EFTA02420624.pdf,data-set-11-files-4,1,email
EFTA02420625.pdf,data-set-11-files-4,1,other
EFTA02420626.pdf,data-set-11-files-4,1,other
EFTA02420627.pdf,data-set-11-files-4,14,other
EFTA02420641.pdf,data-set-11-files-4,2,email
EFTA02420643.pdf,data-set-11-files-4,1,other
EFTA02420644.pdf,data-set-11-files-4,1,email
EFTA02420645.pdf,data-set-11-files-4,1,email
EFTA02420646.pdf,data-set-11-files-4,2,email
EFTA02420648.pdf,data-set-11-files-4,1,email
EFTA02420649.pdf,data-set-11-files-4,1,email
EFTA02420650.pdf,data-set-11-files-4,3,email
EFTA02420653.pdf,data-set-11-files-4,1,email
EFTA02420654.pdf,data-set-11-files-4,1,other
EFTA02420655.pdf,data-set-11-files-4,1,other
EFTA02420656.pdf,data-set-11-files-4,1,email
EFTA02420657.pdf,data-set-11-files-4,1,email
EFTA02420658.pdf,data-set-11-files-4,3,email
EFTA02420661.pdf,data-set-11-files-4,6,email
EFTA02420667.pdf,data-set-11-files-4,1,email
EFTA02420668.pdf,data-set-11-files-4,1,other
EFTA02420669.pdf,data-set-11-files-4,1,email
EFTA02420670.pdf,data-set-11-files-4,1,other
EFTA02420671.pdf,data-set-11-files-4,1,other
EFTA02420672.pdf,data-set-11-files-4,5,email
EFTA02420677.pdf,data-set-11-files-4,1,email
EFTA02420678.pdf,data-set-11-files-4,1,other
EFTA02420679.pdf,data-set-11-files-4,3,email
EFTA02420682.pdf,data-set-11-files-4,6,email
EFTA02420688.pdf,data-set-11-files-4,3,email
EFTA02420691.pdf,data-set-11-files-4,1,email
EFTA02420692.pdf,data-set-11-files-4,3,email
EFTA02420695.pdf,data-set-11-files-4,1,other
EFTA02420696.pdf,data-set-11-files-4,1,other
EFTA02420697.pdf,data-set-11-files-4,1,other
EFTA02420698.pdf,data-set-11-files-4,1,other
EFTA02420699.pdf,data-set-11-files-4,1,email
EFTA02420700.pdf,data-set-11-files-4,3,email
EFTA02420703.pdf,data-set-11-files-4,1,email
EFTA02420704.pdf,data-set-11-files-4,1,email
EFTA02420705.pdf,data-set-11-files-4,1,email
EFTA02420706.pdf,data-set-11-files-4,3,email
EFTA02420709.pdf,data-set-11-files-4,1,other
EFTA02420710.pdf,data-set-11-files-4,1,other
EFTA02420711.pdf,data-set-11-files-4,1,other
EFTA02420712.pdf,data-set-11-files-4,1,other
EFTA02420713.pdf,data-set-11-files-4,1,other
EFTA02420714.pdf,data-set-11-files-4,1,email
EFTA02420715.pdf,data-set-11-files-4,1,email
EFTA02420716.pdf,data-set-11-files-4,1,email
EFTA02420717.pdf,data-set-11-files-4,1,email
EFTA02420718.pdf,data-set-11-files-4,1,email
EFTA02420719.pdf,data-set-11-files-4,1,email
EFTA02420720.pdf,data-set-11-files-4,1,email
EFTA02420721.pdf,data-set-11-files-4,1,other
EFTA02420722.pdf,data-set-11-files-4,1,other
EFTA02420723.pdf,data-set-11-files-4,1,email
EFTA02420724.pdf,data-set-11-files-4,1,other
EFTA02420725.pdf,data-set-11-files-4,1,email
EFTA02420726.pdf,data-set-11-files-4,1,other
EFTA02420727.pdf,data-set-11-files-4,1,other
EFTA02420728.pdf,data-set-11-files-4,1,other
EFTA02420729.pdf,data-set-11-files-4,1,email
EFTA02420730.pdf,data-set-11-files-4,1,email
EFTA02420731.pdf,data-set-11-files-4,1,email
EFTA02420732.pdf,data-set-11-files-4,3,other
EFTA02420735.pdf,data-set-11-files-4,2,email
EFTA02420737.pdf,data-set-11-files-4,1,email
EFTA02420738.pdf,data-set-11-files-4,4,email
EFTA02420742.pdf,data-set-11-files-4,2,email
EFTA02420744.pdf,data-set-11-files-4,9,email
EFTA02420753.pdf,data-set-11-files-4,1,other
EFTA02420754.pdf,data-set-11-files-4,1,email
EFTA02420755.pdf,data-set-11-files-4,1,email
EFTA02420756.pdf,data-set-11-files-4,1,other
EFTA02420757.pdf,data-set-11-files-4,2,email
EFTA02420759.pdf,data-set-11-files-4,1,email
EFTA02420760.pdf,data-set-11-files-4,1,other
EFTA02420761.pdf,data-set-11-files-4,1,email
EFTA02420762.pdf,data-set-11-files-4,2,email
EFTA02420764.pdf,data-set-11-files-4,6,email
EFTA02420770.pdf,data-set-11-files-4,1,other
EFTA02420771.pdf,data-set-11-files-4,1,email
EFTA02420772.pdf,data-set-11-files-4,1,email
EFTA02420773.pdf,data-set-11-files-4,1,email
EFTA02420774.pdf,data-set-11-files-4,1,other
EFTA02420775.pdf,data-set-11-files-4,1,other
EFTA02420776.pdf,data-set-11-files-4,2,email
EFTA02420778.pdf,data-set-11-files-4,1,email
EFTA02420779.pdf,data-set-11-files-4,1,email
EFTA02420780.pdf,data-set-11-files-4,1,other
EFTA02420781.pdf,data-set-11-files-4,1,other
EFTA02420782.pdf,data-set-11-files-4,1,email
EFTA02420783.pdf,data-set-11-files-4,1,email
EFTA02420784.pdf,data-set-11-files-4,1,other
EFTA02420785.pdf,data-set-11-files-4,1,other
EFTA02420786.pdf,data-set-11-files-4,1,email
EFTA02420787.pdf,data-set-11-files-4,1,other
EFTA02420788.pdf,data-set-11-files-4,1,other
EFTA02420789.pdf,data-set-11-files-4,2,email
EFTA02420791.pdf,data-set-11-files-4,1,email
EFTA02420792.pdf,data-set-11-files-4,1,other
EFTA02420793.pdf,data-set-11-files-4,11,email
EFTA02420804.pdf,data-set-11-files-4,1,email
EFTA02420805.pdf,data-set-11-files-4,1,email
EFTA02420806.pdf,data-set-11-files-4,1,other
EFTA02420807.pdf,data-set-11-files-4,1,other
EFTA02420808.pdf,data-set-11-files-4,1,other
EFTA02420809.pdf,data-set-11-files-4,1,other
EFTA02420810.pdf,data-set-11-files-4,1,other
EFTA02420811.pdf,data-set-11-files-4,4,email
EFTA02420815.pdf,data-set-11-files-4,2,email
EFTA02420817.pdf,data-set-11-files-4,2,email
EFTA02420819.pdf,data-set-11-files-4,9,email
EFTA02420828.pdf,data-set-11-files-4,2,email
EFTA02420830.pdf,data-set-11-files-4,1,email
EFTA02420831.pdf,data-set-11-files-4,6,email
EFTA02420837.pdf,data-set-11-files-4,1,other
EFTA02420838.pdf,data-set-11-files-4,1,email
EFTA02420839.pdf,data-set-11-files-4,1,email
EFTA02420840.pdf,data-set-11-files-4,1,other
EFTA02420841.pdf,data-set-11-files-4,2,other
EFTA02420843.pdf,data-set-11-files-4,1,email
EFTA02420844.pdf,data-set-11-files-4,1,email
EFTA02420845.pdf,data-set-11-files-4,2,email
EFTA02420847.pdf,data-set-11-files-4,1,email
EFTA02420848.pdf,data-set-11-files-4,1,email
EFTA02420849.pdf,data-set-11-files-4,1,other
EFTA02420850.pdf,data-set-11-files-4,6,email
EFTA02420856.pdf,data-set-11-files-4,1,email
EFTA02420857.pdf,data-set-11-files-4,1,email
EFTA02420858.pdf,data-set-11-files-4,1,other
EFTA02420859.pdf,data-set-11-files-4,1,other
EFTA02420860.pdf,data-set-11-files-4,1,email
EFTA02420861.pdf,data-set-11-files-4,1,email
EFTA02420862.pdf,data-set-11-files-4,1,other
EFTA02420863.pdf,data-set-11-files-4,1,email
EFTA02420864.pdf,data-set-11-files-4,1,email
EFTA02420865.pdf,data-set-11-files-4,1,email
EFTA02420866.pdf,data-set-11-files-4,8,email
EFTA02420874.pdf,data-set-11-files-4,1,other
EFTA02420875.pdf,data-set-11-files-4,1,other
EFTA02420876.pdf,data-set-11-files-4,1,email
EFTA02420877.pdf,data-set-11-files-4,1,other
EFTA02420878.pdf,data-set-11-files-4,2,other
EFTA02420880.pdf,data-set-11-files-4,1,other
EFTA02420881.pdf,data-set-11-files-4,1,email
EFTA02420882.pdf,data-set-11-files-4,1,email
EFTA02420883.pdf,data-set-11-files-4,3,email
EFTA02420886.pdf,data-set-11-files-4,3,email
EFTA02420889.pdf,data-set-11-files-4,1,other
EFTA02420890.pdf,data-set-11-files-4,1,email
EFTA02420891.pdf,data-set-11-files-4,1,other
EFTA02420892.pdf,data-set-11-files-4,1,other
EFTA02420893.pdf,data-set-11-files-4,1,other
EFTA02420894.pdf,data-set-11-files-4,2,email
EFTA02420896.pdf,data-set-11-files-4,1,email
EFTA02420897.pdf,data-set-11-files-4,1,email
EFTA02420898.pdf,data-set-11-files-4,1,other
EFTA02420899.pdf,data-set-11-files-4,1,email
EFTA02420900.pdf,data-set-11-files-4,1,other
EFTA02420901.pdf,data-set-11-files-4,1,other
EFTA02420902.pdf,data-set-11-files-4,1,email
EFTA02420903.pdf,data-set-11-files-4,1,other
EFTA02420904.pdf,data-set-11-files-4,1,email
EFTA02420905.pdf,data-set-11-files-4,1,email
EFTA02420906.pdf,data-set-11-files-4,1,other
EFTA02420907.pdf,data-set-11-files-4,1,other
EFTA02420908.pdf,data-set-11-files-4,1,email
EFTA02420909.pdf,data-set-11-files-4,1,email
EFTA02420910.pdf,data-set-11-files-4,1,email
EFTA02420911.pdf,data-set-11-files-4,1,other
EFTA02420912.pdf,data-set-11-files-4,1,email
EFTA02420913.pdf,data-set-11-files-4,1,email
EFTA02420914.pdf,data-set-11-files-4,2,email
EFTA02420916.pdf,data-set-11-files-4,1,email
EFTA02420917.pdf,data-set-11-files-4,1,email
EFTA02420918.pdf,data-set-11-files-4,1,other
EFTA02420919.pdf,data-set-11-files-4,1,email
EFTA02420920.pdf,data-set-11-files-4,1,email
EFTA02420921.pdf,data-set-11-files-4,1,other
EFTA02420922.pdf,data-set-11-files-4,1,other
EFTA02420923.pdf,data-set-11-files-4,1,email
EFTA02420924.pdf,data-set-11-files-4,5,email
EFTA02420929.pdf,data-set-11-files-4,1,email
EFTA02420930.pdf,data-set-11-files-4,3,email
EFTA02420933.pdf,data-set-11-files-4,2,email
EFTA02420935.pdf,data-set-11-files-4,1,other
EFTA02420936.pdf,data-set-11-files-4,6,email
EFTA02420942.pdf,data-set-11-files-4,1,email
EFTA02420943.pdf,data-set-11-files-4,1,other
EFTA02420944.pdf,data-set-11-files-4,2,email
EFTA02420946.pdf,data-set-11-files-4,1,other
EFTA02420947.pdf,data-set-11-files-4,1,email
EFTA02420948.pdf,data-set-11-files-4,1,other
EFTA02420949.pdf,data-set-11-files-4,1,email
EFTA02420950.pdf,data-set-11-files-4,1,email
EFTA02420951.pdf,data-set-11-files-4,2,email
EFTA02420953.pdf,data-set-11-files-4,1,other
EFTA02420954.pdf,data-set-11-files-4,1,email
EFTA02420955.pdf,data-set-11-files-4,9,other
EFTA02420964.pdf,data-set-11-files-4,1,other
EFTA02420965.pdf,data-set-11-files-4,1,other
EFTA02420966.pdf,data-set-11-files-4,1,email
EFTA02420967.pdf,data-set-11-files-4,1,email
EFTA02420968.pdf,data-set-11-files-4,1,other
EFTA02420969.pdf,data-set-11-files-4,1,other
EFTA02420970.pdf,data-set-11-files-4,1,email
EFTA02420971.pdf,data-set-11-files-4,1,email
EFTA02420972.pdf,data-set-11-files-4,1,other
EFTA02420973.pdf,data-set-11-files-4,2,email
EFTA02420975.pdf,data-set-11-files-4,1,other
EFTA02420976.pdf,data-set-11-files-4,1,email
EFTA02420977.pdf,data-set-11-files-4,1,email
EFTA02420978.pdf,data-set-11-files-4,1,email
EFTA02420979.pdf,data-set-11-files-4,2,email
EFTA02420981.pdf,data-set-11-files-4,1,other
EFTA02420982.pdf,data-set-11-files-4,1,other
EFTA02420983.pdf,data-set-11-files-4,1,other
EFTA02420984.pdf,data-set-11-files-4,1,other
EFTA02420985.pdf,data-set-11-files-4,1,email
EFTA02420986.pdf,data-set-11-files-4,5,email
EFTA02420991.pdf,data-set-11-files-4,2,email
EFTA02420993.pdf,data-set-11-files-4,1,email
EFTA02420994.pdf,data-set-11-files-4,1,other
EFTA02420995.pdf,data-set-11-files-4,1,other
EFTA02420996.pdf,data-set-11-files-4,1,email
EFTA02420997.pdf,data-set-11-files-4,3,email
EFTA02421000.pdf,data-set-11-files-4,1,email
EFTA02421001.pdf,data-set-11-files-4,1,other
EFTA02421002.pdf,data-set-11-files-4,1,email
EFTA02421003.pdf,data-set-11-files-4,1,email
EFTA02421004.pdf,data-set-11-files-4,1,email
EFTA02421005.pdf,data-set-11-files-4,1,other
EFTA02421006.pdf,data-set-11-files-4,1,other
EFTA02421007.pdf,data-set-11-files-4,2,email
EFTA02421009.pdf,data-set-11-files-4,1,other
EFTA02421010.pdf,data-set-11-files-4,1,email
EFTA02421011.pdf,data-set-11-files-4,1,email
EFTA02421012.pdf,data-set-11-files-4,1,other
EFTA02421013.pdf,data-set-11-files-4,1,email
EFTA02421014.pdf,data-set-11-files-4,1,email
EFTA02421015.pdf,data-set-11-files-4,2,other
EFTA02421017.pdf,data-set-11-files-4,1,email
EFTA02421018.pdf,data-set-11-files-4,1,email
EFTA02421019.pdf,data-set-11-files-4,2,other
EFTA02421021.pdf,data-set-11-files-4,1,email
EFTA02421022.pdf,data-set-11-files-4,1,email
EFTA02421023.pdf,data-set-11-files-4,1,other
EFTA02421024.pdf,data-set-11-files-4,1,email
EFTA02421025.pdf,data-set-11-files-4,1,other
EFTA02421026.pdf,data-set-11-files-4,2,email
EFTA02421028.pdf,data-set-11-files-4,2,email
EFTA02421030.pdf,data-set-11-files-4,1,email
EFTA02421031.pdf,data-set-11-files-4,1,email
EFTA02421032.pdf,data-set-11-files-4,1,email
EFTA02421033.pdf,data-set-11-files-4,4,email
EFTA02421037.pdf,data-set-11-files-4,1,other
EFTA02421038.pdf,data-set-11-files-4,2,email
EFTA02421040.pdf,data-set-11-files-4,1,email
EFTA02421041.pdf,data-set-11-files-4,1,other
EFTA02421042.pdf,data-set-11-files-4,1,other
EFTA02421043.pdf,data-set-11-files-4,1,email
EFTA02421044.pdf,data-set-11-files-4,1,other
EFTA02421045.pdf,data-set-11-files-4,1,other
EFTA02421046.pdf,data-set-11-files-4,1,other
EFTA02421047.pdf,data-set-11-files-4,2,email
EFTA02421049.pdf,data-set-11-files-4,1,email
EFTA02421050.pdf,data-set-11-files-4,1,email
EFTA02421051.pdf,data-set-11-files-4,1,other
EFTA02421052.pdf,data-set-11-files-4,1,other
EFTA02421053.pdf,data-set-11-files-4,1,email
EFTA02421054.pdf,data-set-11-files-4,1,email
EFTA02421055.pdf,data-set-11-files-4,1,email
EFTA02421056.pdf,data-set-11-files-4,1,email
EFTA02421057.pdf,data-set-11-files-4,1,email
EFTA02421058.pdf,data-set-11-files-4,1,email
EFTA02421059.pdf,data-set-11-files-4,1,other
EFTA02421060.pdf,data-set-11-files-4,1,other
EFTA02421061.pdf,data-set-11-files-4,1,other
EFTA02421062.pdf,data-set-11-files-4,1,other
EFTA02421063.pdf,data-set-11-files-4,1,email
EFTA02421064.pdf,data-set-11-files-4,1,other
EFTA02421065.pdf,data-set-11-files-4,3,email
EFTA02421068.pdf,data-set-11-files-4,4,email
EFTA02421072.pdf,data-set-11-files-4,1,email
EFTA02421073.pdf,data-set-11-files-4,1,email
EFTA02421074.pdf,data-set-11-files-4,3,email
EFTA02421077.pdf,data-set-11-files-4,1,email
EFTA02421078.pdf,data-set-11-files-4,1,other
EFTA02421079.pdf,data-set-11-files-4,1,email
EFTA02421080.pdf,data-set-11-files-4,1,email
EFTA02421081.pdf,data-set-11-files-4,2,email
EFTA02421083.pdf,data-set-11-files-4,1,email
EFTA02421084.pdf,data-set-11-files-4,1,email
EFTA02421085.pdf,data-set-11-files-4,1,email
EFTA02421086.pdf,data-set-11-files-4,1,other
EFTA02421087.pdf,data-set-11-files-4,2,other
EFTA02421089.pdf,data-set-11-files-4,1,other
EFTA02421090.pdf,data-set-11-files-4,2,email
EFTA02421092.pdf,data-set-11-files-4,2,email
EFTA02421094.pdf,data-set-11-files-4,1,other
EFTA02421095.pdf,data-set-11-files-4,1,other
EFTA02421096.pdf,data-set-11-files-4,1,other
EFTA02421097.pdf,data-set-11-files-4,1,email
EFTA02421098.pdf,data-set-11-files-4,1,email
EFTA02421099.pdf,data-set-11-files-4,1,email
EFTA02421100.pdf,data-set-11-files-4,1,email
EFTA02421101.pdf,data-set-11-files-4,2,email
EFTA02421103.pdf,data-set-11-files-4,1,other
EFTA02421104.pdf,data-set-11-files-4,2,email
EFTA02421106.pdf,data-set-11-files-4,1,email
EFTA02421107.pdf,data-set-11-files-4,1,other
EFTA02421108.pdf,data-set-11-files-4,3,email
EFTA02421111.pdf,data-set-11-files-4,1,email
EFTA02421112.pdf,data-set-11-files-4,2,email
EFTA02421114.pdf,data-set-11-files-4,3,email
EFTA02421117.pdf,data-set-11-files-4,1,email
EFTA02421118.pdf,data-set-11-files-4,1,email
EFTA02421119.pdf,data-set-11-files-4,2,email
EFTA02421121.pdf,data-set-11-files-4,1,email
EFTA02421122.pdf,data-set-11-files-4,1,other
EFTA02421123.pdf,data-set-11-files-4,2,email
EFTA02421125.pdf,data-set-11-files-4,1,email
EFTA02421126.pdf,data-set-11-files-4,1,email
EFTA02421127.pdf,data-set-11-files-4,1,other
EFTA02421128.pdf,data-set-11-files-4,1,email
EFTA02421129.pdf,data-set-11-files-4,1,email
EFTA02421130.pdf,data-set-11-files-4,1,other
EFTA02421131.pdf,data-set-11-files-4,3,email
EFTA02421134.pdf,data-set-11-files-4,1,email
EFTA02421135.pdf,data-set-11-files-4,1,email
EFTA02421136.pdf,data-set-11-files-4,1,other
EFTA02421137.pdf,data-set-11-files-4,1,other
EFTA02421138.pdf,data-set-11-files-4,1,other
EFTA02421139.pdf,data-set-11-files-4,2,other
EFTA02421141.pdf,data-set-11-files-4,2,email
EFTA02421143.pdf,data-set-11-files-4,1,email
EFTA02421144.pdf,data-set-11-files-4,1,email
EFTA02421145.pdf,data-set-11-files-4,1,email
EFTA02421146.pdf,data-set-11-files-4,1,email
EFTA02421147.pdf,data-set-11-files-4,1,email
EFTA02421148.pdf,data-set-11-files-4,1,other
EFTA02421149.pdf,data-set-11-files-4,2,email
EFTA02421151.pdf,data-set-11-files-4,1,other
EFTA02421152.pdf,data-set-11-files-4,1,email
EFTA02421153.pdf,data-set-11-files-4,1,email
EFTA02421154.pdf,data-set-11-files-4,1,email
EFTA02421155.pdf,data-set-11-files-4,3,email
EFTA02421158.pdf,data-set-11-files-4,1,email
EFTA02421159.pdf,data-set-11-files-4,1,email
EFTA02421160.pdf,data-set-11-files-4,1,email
EFTA02421161.pdf,data-set-11-files-4,1,other
EFTA02421162.pdf,data-set-11-files-4,2,email
EFTA02421164.pdf,data-set-11-files-4,2,email
EFTA02421166.pdf,data-set-11-files-4,2,email
EFTA02421168.pdf,data-set-11-files-4,1,email
EFTA02421169.pdf,data-set-11-files-4,1,other
EFTA02421170.pdf,data-set-11-files-4,1,other
EFTA02421171.pdf,data-set-11-files-4,1,other
EFTA02421172.pdf,data-set-11-files-4,1,email
EFTA02421173.pdf,data-set-11-files-4,2,email
EFTA02421175.pdf,data-set-11-files-4,1,email
EFTA02421176.pdf,data-set-11-files-4,1,email
EFTA02421177.pdf,data-set-11-files-4,4,email
EFTA02421181.pdf,data-set-11-files-4,1,email
EFTA02421182.pdf,data-set-11-files-4,1,other
EFTA02421183.pdf,data-set-11-files-4,1,other
EFTA02421184.pdf,data-set-11-files-4,1,other
EFTA02421185.pdf,data-set-11-files-4,1,other
EFTA02421186.pdf,data-set-11-files-4,2,email
EFTA02421188.pdf,data-set-11-files-4,1,email
EFTA02421189.pdf,data-set-11-files-4,1,email
EFTA02421190.pdf,data-set-11-files-4,1,other
EFTA02421191.pdf,data-set-11-files-4,1,email
EFTA02421192.pdf,data-set-11-files-4,1,email
EFTA02421193.pdf,data-set-11-files-4,1,other
EFTA02421194.pdf,data-set-11-files-4,1,email
EFTA02421195.pdf,data-set-11-files-4,1,email
EFTA02421196.pdf,data-set-11-files-4,1,other
EFTA02421197.pdf,data-set-11-files-4,2,email
EFTA02421199.pdf,data-set-11-files-4,1,email
EFTA02421200.pdf,data-set-11-files-4,1,other
EFTA02421201.pdf,data-set-11-files-4,1,email
EFTA02421202.pdf,data-set-11-files-4,1,email
EFTA02421203.pdf,data-set-11-files-4,1,email
EFTA02421204.pdf,data-set-11-files-4,1,other
EFTA02421205.pdf,data-set-11-files-4,1,email
EFTA02421206.pdf,data-set-11-files-4,1,email
EFTA02421207.pdf,data-set-11-files-4,1,email
EFTA02421208.pdf,data-set-11-files-4,1,other
EFTA02421209.pdf,data-set-11-files-4,1,email
EFTA02421210.pdf,data-set-11-files-4,1,other
EFTA02421211.pdf,data-set-11-files-4,1,email
EFTA02421212.pdf,data-set-11-files-4,1,email
EFTA02421213.pdf,data-set-11-files-4,4,email
EFTA02421217.pdf,data-set-11-files-4,1,email
EFTA02421218.pdf,data-set-11-files-4,1,email
EFTA02421219.pdf,data-set-11-files-4,1,other
EFTA02421220.pdf,data-set-11-files-4,1,email
EFTA02421221.pdf,data-set-11-files-4,1,other
EFTA02421222.pdf,data-set-11-files-4,1,email
EFTA02421223.pdf,data-set-11-files-4,1,email
EFTA02421224.pdf,data-set-11-files-4,1,other
EFTA02421225.pdf,data-set-11-files-4,1,email
EFTA02421226.pdf,data-set-11-files-4,1,other
EFTA02421227.pdf,data-set-11-files-4,1,email
EFTA02421228.pdf,data-set-11-files-4,1,other
EFTA02421229.pdf,data-set-11-files-4,1,email
EFTA02421230.pdf,data-set-11-files-4,1,other
EFTA02421231.pdf,data-set-11-files-4,1,email
EFTA02421232.pdf,data-set-11-files-4,1,other
EFTA02421233.pdf,data-set-11-files-4,2,email
EFTA02421235.pdf,data-set-11-files-4,1,other
EFTA02421236.pdf,data-set-11-files-4,2,other
EFTA02421238.pdf,data-set-11-files-4,1,email
EFTA02421239.pdf,data-set-11-files-4,1,email
EFTA02421240.pdf,data-set-11-files-4,1,email
EFTA02421241.pdf,data-set-11-files-4,1,other
EFTA02421242.pdf,data-set-11-files-4,4,email
EFTA02421246.pdf,data-set-11-files-4,2,other
EFTA02421248.pdf,data-set-11-files-4,2,email
EFTA02421250.pdf,data-set-11-files-4,2,email
EFTA02421252.pdf,data-set-11-files-4,1,other
EFTA02421253.pdf,data-set-11-files-4,1,other
EFTA02421254.pdf,data-set-11-files-4,1,email
EFTA02421255.pdf,data-set-11-files-4,1,other
EFTA02421256.pdf,data-set-11-files-4,1,other
EFTA02421257.pdf,data-set-11-files-4,3,email
EFTA02421260.pdf,data-set-11-files-4,1,email
EFTA02421261.pdf,data-set-11-files-4,1,email
EFTA02421262.pdf,data-set-11-files-4,1,email
EFTA02421263.pdf,data-set-11-files-4,1,other
EFTA02421264.pdf,data-set-11-files-4,2,email
EFTA02421266.pdf,data-set-11-files-4,1,other
EFTA02421267.pdf,data-set-11-files-4,1,other
EFTA02421268.pdf,data-set-11-files-4,1,other
EFTA02421269.pdf,data-set-11-files-4,1,other
EFTA02421270.pdf,data-set-11-files-4,1,other
EFTA02421271.pdf,data-set-11-files-4,1,email
EFTA02421272.pdf,data-set-11-files-4,1,email
EFTA02421273.pdf,data-set-11-files-4,1,other
EFTA02421274.pdf,data-set-11-files-4,2,email
EFTA02421276.pdf,data-set-11-files-4,1,other
EFTA02421277.pdf,data-set-11-files-4,1,email
EFTA02421278.pdf,data-set-11-files-4,4,email
EFTA02421282.pdf,data-set-11-files-4,1,email
EFTA02421283.pdf,data-set-11-files-4,1,email
EFTA02421284.pdf,data-set-11-files-4,2,email
EFTA02421286.pdf,data-set-11-files-4,1,email
EFTA02421287.pdf,data-set-11-files-4,1,other
EFTA02421288.pdf,data-set-11-files-4,1,other
EFTA02421289.pdf,data-set-11-files-4,2,email
EFTA02421291.pdf,data-set-11-files-4,1,email
EFTA02421292.pdf,data-set-11-files-4,1,other
EFTA02421293.pdf,data-set-11-files-4,2,email
EFTA02421295.pdf,data-set-11-files-4,1,email
EFTA02421296.pdf,data-set-11-files-4,6,email
EFTA02421302.pdf,data-set-11-files-4,3,email
EFTA02421305.pdf,data-set-11-files-4,1,email
EFTA02421306.pdf,data-set-11-files-4,1,other
EFTA02421307.pdf,data-set-11-files-4,2,email
EFTA02421309.pdf,data-set-11-files-4,1,other
EFTA02421310.pdf,data-set-11-files-4,1,email
EFTA02421311.pdf,data-set-11-files-4,1,email
EFTA02421312.pdf,data-set-11-files-4,1,other
EFTA02421313.pdf,data-set-11-files-4,1,email
EFTA02421314.pdf,data-set-11-files-4,1,email
EFTA02421315.pdf,data-set-11-files-4,1,email
EFTA02421316.pdf,data-set-11-files-4,1,other
EFTA02421317.pdf,data-set-11-files-4,1,other
EFTA02421318.pdf,data-set-11-files-4,2,email
EFTA02421320.pdf,data-set-11-files-4,3,email
EFTA02421323.pdf,data-set-11-files-4,1,other
EFTA02421324.pdf,data-set-11-files-4,2,email
EFTA02421326.pdf,data-set-11-files-4,1,email
EFTA02421327.pdf,data-set-11-files-4,1,email
EFTA02421328.pdf,data-set-11-files-4,1,email
EFTA02421329.pdf,data-set-11-files-4,1,other
EFTA02421330.pdf,data-set-11-files-4,3,email
EFTA02421333.pdf,data-set-11-files-4,1,other
EFTA02421334.pdf,data-set-11-files-4,2,email
EFTA02421336.pdf,data-set-11-files-4,2,email
EFTA02421338.pdf,data-set-11-files-4,1,email
EFTA02421339.pdf,data-set-11-files-4,1,other
EFTA02421340.pdf,data-set-11-files-4,2,email
EFTA02421342.pdf,data-set-11-files-4,1,email
EFTA02421343.pdf,data-set-11-files-4,1,email
EFTA02421344.pdf,data-set-11-files-4,1,other
EFTA02421345.pdf,data-set-11-files-4,1,other
EFTA02421346.pdf,data-set-11-files-4,1,email
EFTA02421347.pdf,data-set-11-files-4,1,email
EFTA02421348.pdf,data-set-11-files-4,1,email
EFTA02421349.pdf,data-set-11-files-4,1,email
EFTA02421350.pdf,data-set-11-files-4,1,email
EFTA02421351.pdf,data-set-11-files-4,1,email
EFTA02421352.pdf,data-set-11-files-4,1,other
EFTA02421353.pdf,data-set-11-files-4,2,email
EFTA02421355.pdf,data-set-11-files-4,1,other
EFTA02421356.pdf,data-set-11-files-4,1,email
EFTA02421357.pdf,data-set-11-files-4,1,email
EFTA02421358.pdf,data-set-11-files-4,3,email
EFTA02421361.pdf,data-set-11-files-4,1,other
EFTA02421362.pdf,data-set-11-files-4,1,email
EFTA02421363.pdf,data-set-11-files-4,2,email
EFTA02421365.pdf,data-set-11-files-4,1,other
EFTA02421366.pdf,data-set-11-files-4,1,email
EFTA02421367.pdf,data-set-11-files-4,1,email
EFTA02421368.pdf,data-set-11-files-4,1,other
EFTA02421369.pdf,data-set-11-files-4,1,other
EFTA02421370.pdf,data-set-11-files-4,1,other
EFTA02421371.pdf,data-set-11-files-4,1,other
EFTA02421372.pdf,data-set-11-files-4,1,other
EFTA02421373.pdf,data-set-11-files-4,1,email
EFTA02421374.pdf,data-set-11-files-4,1,other
EFTA02421375.pdf,data-set-11-files-4,1,email
EFTA02421376.pdf,data-set-11-files-4,1,email
EFTA02421377.pdf,data-set-11-files-4,4,email
EFTA02421381.pdf,data-set-11-files-4,1,other
EFTA02421382.pdf,data-set-11-files-4,2,email
EFTA02421384.pdf,data-set-11-files-4,2,email
EFTA02421386.pdf,data-set-11-files-4,1,other
EFTA02421387.pdf,data-set-11-files-4,1,other
EFTA02421388.pdf,data-set-11-files-4,1,email
EFTA02421389.pdf,data-set-11-files-4,1,email
EFTA02421390.pdf,data-set-11-files-4,1,other
EFTA02421391.pdf,data-set-11-files-4,1,email
EFTA02421392.pdf,data-set-11-files-4,1,email
EFTA02421393.pdf,data-set-11-files-4,1,other
EFTA02421394.pdf,data-set-11-files-4,4,email
EFTA02421398.pdf,data-set-11-files-4,1,other
EFTA02421399.pdf,data-set-11-files-4,2,email
EFTA02421401.pdf,data-set-11-files-4,1,email
EFTA02421402.pdf,data-set-11-files-4,1,email
EFTA02421403.pdf,data-set-11-files-4,1,email
EFTA02421404.pdf,data-set-11-files-4,1,email
EFTA02421405.pdf,data-set-11-files-4,1,other
EFTA02421406.pdf,data-set-11-files-4,2,other
EFTA02421408.pdf,data-set-11-files-4,1,email
EFTA02421409.pdf,data-set-11-files-4,1,email
EFTA02421410.pdf,data-set-11-files-4,1,email
EFTA02421411.pdf,data-set-11-files-4,1,other
EFTA02421412.pdf,data-set-11-files-4,1,email
EFTA02421413.pdf,data-set-11-files-4,1,email
EFTA02421414.pdf,data-set-11-files-4,1,email
EFTA02421415.pdf,data-set-11-files-4,1,email
EFTA02421416.pdf,data-set-11-files-4,1,other
EFTA02421417.pdf,data-set-11-files-4,1,other
EFTA02421418.pdf,data-set-11-files-4,1,other
EFTA02421419.pdf,data-set-11-files-4,1,other
EFTA02421420.pdf,data-set-11-files-4,2,email
EFTA02421422.pdf,data-set-11-files-4,1,email
EFTA02421423.pdf,data-set-11-files-4,1,email
EFTA02421424.pdf,data-set-11-files-4,2,other
EFTA02421426.pdf,data-set-11-files-4,1,email
EFTA02421427.pdf,data-set-11-files-4,1,email
EFTA02421428.pdf,data-set-11-files-4,1,other
EFTA02421429.pdf,data-set-11-files-4,1,email
EFTA02421430.pdf,data-set-11-files-4,3,email
EFTA02421433.pdf,data-set-11-files-4,1,other
EFTA02421434.pdf,data-set-11-files-4,1,other
EFTA02421435.pdf,data-set-11-files-4,1,other
EFTA02421436.pdf,data-set-11-files-4,3,email
EFTA02421439.pdf,data-set-11-files-4,1,email
EFTA02421440.pdf,data-set-11-files-4,1,other
EFTA02421441.pdf,data-set-11-files-4,1,other
EFTA02421442.pdf,data-set-11-files-4,2,email
EFTA02421444.pdf,data-set-11-files-4,1,other
EFTA02421445.pdf,data-set-11-files-4,1,other
EFTA02421446.pdf,data-set-11-files-4,1,email
EFTA02421447.pdf,data-set-11-files-4,1,email
EFTA02421448.pdf,data-set-11-files-4,1,email
EFTA02421449.pdf,data-set-11-files-4,1,email
EFTA02421450.pdf,data-set-11-files-4,2,email
EFTA02421452.pdf,data-set-11-files-4,1,other
EFTA02421453.pdf,data-set-11-files-4,1,other
EFTA02421454.pdf,data-set-11-files-4,1,other
EFTA02421455.pdf,data-set-11-files-4,2,email
EFTA02421457.pdf,data-set-11-files-4,1,email
EFTA02421458.pdf,data-set-11-files-4,1,email
EFTA02421459.pdf,data-set-11-files-4,1,other
EFTA02421460.pdf,data-set-11-files-4,1,email
EFTA02421461.pdf,data-set-11-files-4,1,other
EFTA02421462.pdf,data-set-11-files-4,1,other
EFTA02421463.pdf,data-set-11-files-4,1,other
EFTA02421464.pdf,data-set-11-files-4,1,email
EFTA02421465.pdf,data-set-11-files-4,1,other
EFTA02421466.pdf,data-set-11-files-4,2,email
EFTA02421468.pdf,data-set-11-files-4,1,other
EFTA02421469.pdf,data-set-11-files-4,2,email
EFTA02421471.pdf,data-set-11-files-4,2,email
EFTA02421473.pdf,data-set-11-files-4,2,email
EFTA02421475.pdf,data-set-11-files-4,2,email
EFTA02421477.pdf,data-set-11-files-4,2,email
EFTA02421479.pdf,data-set-11-files-4,1,other
EFTA02421480.pdf,data-set-11-files-4,1,email
EFTA02421481.pdf,data-set-11-files-4,1,other
EFTA02421482.pdf,data-set-11-files-4,1,email
EFTA02421483.pdf,data-set-11-files-4,1,email
EFTA02421484.pdf,data-set-11-files-4,1,email
EFTA02421485.pdf,data-set-11-files-4,1,other
EFTA02421486.pdf,data-set-11-files-4,1,email
EFTA02421487.pdf,data-set-11-files-4,1,email
EFTA02421488.pdf,data-set-11-files-4,1,email
EFTA02421489.pdf,data-set-11-files-4,1,email
EFTA02421490.pdf,data-set-11-files-4,1,email
EFTA02421491.pdf,data-set-11-files-4,2,email
EFTA02421493.pdf,data-set-11-files-4,1,email
EFTA02421494.pdf,data-set-11-files-4,1,email
EFTA02421495.pdf,data-set-11-files-4,1,other
EFTA02421496.pdf,data-set-11-files-4,1,email
EFTA02421497.pdf,data-set-11-files-4,1,email
EFTA02421498.pdf,data-set-11-files-4,2,email
EFTA02421500.pdf,data-set-11-files-4,1,email
EFTA02421501.pdf,data-set-11-files-4,1,email
EFTA02421502.pdf,data-set-11-files-4,1,other
EFTA02421503.pdf,data-set-11-files-4,1,email
EFTA02421504.pdf,data-set-11-files-4,1,other
EFTA02421505.pdf,data-set-11-files-4,4,email
EFTA02421509.pdf,data-set-11-files-4,1,email
EFTA02421510.pdf,data-set-11-files-4,1,email
EFTA02421511.pdf,data-set-11-files-4,1,email
EFTA02421512.pdf,data-set-11-files-4,1,email
EFTA02421513.pdf,data-set-11-files-4,1,email
EFTA02421514.pdf,data-set-11-files-4,1,email
EFTA02421515.pdf,data-set-11-files-4,2,email
EFTA02421517.pdf,data-set-11-files-4,1,email
EFTA02421518.pdf,data-set-11-files-4,1,other
EFTA02421519.pdf,data-set-11-files-4,2,email
EFTA02421521.pdf,data-set-11-files-4,3,email
EFTA02421524.pdf,data-set-11-files-4,1,email
EFTA02421525.pdf,data-set-11-files-4,1,other
EFTA02421526.pdf,data-set-11-files-4,1,email
EFTA02421527.pdf,data-set-11-files-4,1,email
EFTA02421528.pdf,data-set-11-files-4,1,email
EFTA02421529.pdf,data-set-11-files-4,1,email
EFTA02421530.pdf,data-set-11-files-4,1,other
EFTA02421531.pdf,data-set-11-files-4,1,email
EFTA02421532.pdf,data-set-11-files-4,2,email
EFTA02421534.pdf,data-set-11-files-4,1,other
EFTA02421535.pdf,data-set-11-files-4,1,email
EFTA02421536.pdf,data-set-11-files-4,1,email
EFTA02421537.pdf,data-set-11-files-4,1,email
EFTA02421538.pdf,data-set-11-files-4,3,email
EFTA02421541.pdf,data-set-11-files-4,1,other
EFTA02421542.pdf,data-set-11-files-4,1,other
EFTA02421543.pdf,data-set-11-files-4,1,email
EFTA02421544.pdf,data-set-11-files-4,2,email
EFTA02421546.pdf,data-set-11-files-4,1,email
EFTA02421547.pdf,data-set-11-files-4,1,other
EFTA02421548.pdf,data-set-11-files-4,1,email
EFTA02421549.pdf,data-set-11-files-4,2,email
EFTA02421551.pdf,data-set-11-files-4,2,other
EFTA02421553.pdf,data-set-11-files-4,1,other
EFTA02421554.pdf,data-set-11-files-4,1,email
EFTA02421555.pdf,data-set-11-files-4,2,email
EFTA02421557.pdf,data-set-11-files-4,1,email
EFTA02421558.pdf,data-set-11-files-4,1,email
EFTA02421559.pdf,data-set-11-files-4,2,email
EFTA02421561.pdf,data-set-11-files-4,1,email
EFTA02421562.pdf,data-set-11-files-4,2,email
EFTA02421564.pdf,data-set-11-files-4,1,email
EFTA02421565.pdf,data-set-11-files-4,1,other
EFTA02421566.pdf,data-set-11-files-4,2,email
EFTA02421568.pdf,data-set-11-files-4,1,email
EFTA02421569.pdf,data-set-11-files-4,3,email
EFTA02421572.pdf,data-set-11-files-4,4,email
EFTA02421576.pdf,data-set-11-files-4,2,email
EFTA02421578.pdf,data-set-11-files-4,1,other
EFTA02421579.pdf,data-set-11-files-4,1,email
EFTA02421580.pdf,data-set-11-files-4,3,email
EFTA02421583.pdf,data-set-11-files-4,1,email
EFTA02421584.pdf,data-set-11-files-4,1,other
EFTA02421585.pdf,data-set-11-files-4,2,email
EFTA02421587.pdf,data-set-11-files-4,2,email
EFTA02421589.pdf,data-set-11-files-4,1,email
EFTA02421590.pdf,data-set-11-files-4,1,other
EFTA02421591.pdf,data-set-11-files-4,1,other
EFTA02421592.pdf,data-set-11-files-4,1,email
EFTA02421593.pdf,data-set-11-files-4,1,other
EFTA02421594.pdf,data-set-11-files-4,1,email
EFTA02421595.pdf,data-set-11-files-4,1,other
EFTA02421596.pdf,data-set-11-files-4,1,other
EFTA02421597.pdf,data-set-11-files-4,1,email
EFTA02421598.pdf,data-set-11-files-4,1,other
EFTA02421599.pdf,data-set-11-files-4,1,other
EFTA02421600.pdf,data-set-11-files-4,1,other
EFTA02421601.pdf,data-set-11-files-4,1,other
EFTA02421602.pdf,data-set-11-files-4,2,email
EFTA02421604.pdf,data-set-11-files-4,1,email
EFTA02421605.pdf,data-set-11-files-4,3,email
EFTA02421608.pdf,data-set-11-files-4,1,email
EFTA02421609.pdf,data-set-11-files-4,1,other
EFTA02421610.pdf,data-set-11-files-4,1,email
EFTA02421611.pdf,data-set-11-files-4,2,email
EFTA02421613.pdf,data-set-11-files-4,1,email
EFTA02421614.pdf,data-set-11-files-4,7,other
EFTA02421621.pdf,data-set-11-files-4,2,other
EFTA02421623.pdf,data-set-11-files-4,1,other
EFTA02421624.pdf,data-set-11-files-4,1,email
EFTA02421625.pdf,data-set-11-files-4,1,other
EFTA02421626.pdf,data-set-11-files-4,1,other
EFTA02421627.pdf,data-set-11-files-4,1,email
EFTA02421628.pdf,data-set-11-files-4,1,other
EFTA02421629.pdf,data-set-11-files-4,1,email
EFTA02421630.pdf,data-set-11-files-4,2,email
EFTA02421632.pdf,data-set-11-files-4,1,other
EFTA02421633.pdf,data-set-11-files-4,1,email
EFTA02421634.pdf,data-set-11-files-4,2,email
EFTA02421636.pdf,data-set-11-files-4,1,email
EFTA02421637.pdf,data-set-11-files-4,2,email
EFTA02421639.pdf,data-set-11-files-4,1,email
EFTA02421640.pdf,data-set-11-files-4,1,other
EFTA02421641.pdf,data-set-11-files-4,2,email
EFTA02421643.pdf,data-set-11-files-4,3,email
EFTA02421646.pdf,data-set-11-files-4,1,other
EFTA02421647.pdf,data-set-11-files-4,1,email
EFTA02421648.pdf,data-set-11-files-4,1,other
EFTA02421649.pdf,data-set-11-files-4,1,email
EFTA02421650.pdf,data-set-11-files-4,1,other
EFTA02421651.pdf,data-set-11-files-4,1,other
EFTA02421652.pdf,data-set-11-files-4,1,email
EFTA02421653.pdf,data-set-11-files-4,1,other
EFTA02421654.pdf,data-set-11-files-4,2,email
EFTA02421656.pdf,data-set-11-files-4,1,email
EFTA02421657.pdf,data-set-11-files-4,1,email
EFTA02421658.pdf,data-set-11-files-4,1,other
EFTA02421659.pdf,data-set-11-files-4,1,other
EFTA02421660.pdf,data-set-11-files-4,1,email
EFTA02421661.pdf,data-set-11-files-4,1,other
EFTA02421662.pdf,data-set-11-files-4,1,other
EFTA02421663.pdf,data-set-11-files-4,1,email
EFTA02421664.pdf,data-set-11-files-4,1,email
EFTA02421665.pdf,data-set-11-files-4,1,email
EFTA02421666.pdf,data-set-11-files-4,1,other
EFTA02421667.pdf,data-set-11-files-4,1,other
EFTA02421668.pdf,data-set-11-files-4,1,other
EFTA02421669.pdf,data-set-11-files-4,1,email
EFTA02421670.pdf,data-set-11-files-4,1,email
EFTA02421671.pdf,data-set-11-files-4,1,email
EFTA02421672.pdf,data-set-11-files-4,1,email
EFTA02421673.pdf,data-set-11-files-4,1,email
EFTA02421674.pdf,data-set-11-files-4,1,email
EFTA02421675.pdf,data-set-11-files-4,1,email
EFTA02421676.pdf,data-set-11-files-4,1,other
EFTA02421677.pdf,data-set-11-files-4,1,other
EFTA02421678.pdf,data-set-11-files-4,1,other
EFTA02421679.pdf,data-set-11-files-4,1,email
EFTA02421680.pdf,data-set-11-files-4,1,email
EFTA02421681.pdf,data-set-11-files-4,2,email
EFTA02421683.pdf,data-set-11-files-4,1,email
EFTA02421684.pdf,data-set-11-files-4,1,email
EFTA02421685.pdf,data-set-11-files-4,1,other
EFTA02421686.pdf,data-set-11-files-4,1,email
EFTA02421687.pdf,data-set-11-files-4,1,other
EFTA02421688.pdf,data-set-11-files-4,3,email
EFTA02421691.pdf,data-set-11-files-4,4,email
EFTA02421695.pdf,data-set-11-files-4,1,email
EFTA02421696.pdf,data-set-11-files-4,2,email
EFTA02421698.pdf,data-set-11-files-4,1,email
EFTA02421699.pdf,data-set-11-files-4,1,email
EFTA02421700.pdf,data-set-11-files-4,1,email
EFTA02421701.pdf,data-set-11-files-4,1,email
EFTA02421702.pdf,data-set-11-files-4,3,email
EFTA02421705.pdf,data-set-11-files-4,1,email
EFTA02421706.pdf,data-set-11-files-4,1,email
EFTA02421707.pdf,data-set-11-files-4,1,email
EFTA02421708.pdf,data-set-11-files-4,1,email
EFTA02421709.pdf,data-set-11-files-4,1,email
EFTA02421710.pdf,data-set-11-files-4,1,email
EFTA02421711.pdf,data-set-11-files-4,1,other
EFTA02421712.pdf,data-set-11-files-4,1,email
EFTA02421713.pdf,data-set-11-files-4,1,other
EFTA02421714.pdf,data-set-11-files-4,1,email
EFTA02421715.pdf,data-set-11-files-4,1,other
EFTA02421716.pdf,data-set-11-files-4,1,other
EFTA02421717.pdf,data-set-11-files-4,1,other
EFTA02421718.pdf,data-set-11-files-4,1,email
EFTA02421719.pdf,data-set-11-files-4,3,other
EFTA02421722.pdf,data-set-11-files-4,1,email
EFTA02421723.pdf,data-set-11-files-4,1,email
EFTA02421724.pdf,data-set-11-files-4,2,email
EFTA02421726.pdf,data-set-11-files-4,1,other
EFTA02421727.pdf,data-set-11-files-4,1,other
EFTA02421728.pdf,data-set-11-files-4,1,other
EFTA02421729.pdf,data-set-11-files-4,1,email
EFTA02421730.pdf,data-set-11-files-4,1,other
EFTA02421731.pdf,data-set-11-files-4,1,other
EFTA02421732.pdf,data-set-11-files-4,2,email
EFTA02421734.pdf,data-set-11-files-4,2,email
EFTA02421736.pdf,data-set-11-files-4,2,email
EFTA02421738.pdf,data-set-11-files-4,1,email
EFTA02421739.pdf,data-set-11-files-4,1,other
EFTA02421740.pdf,data-set-11-files-4,1,other
EFTA02421741.pdf,data-set-11-files-4,1,other
EFTA02421742.pdf,data-set-11-files-4,1,other
EFTA02421743.pdf,data-set-11-files-4,1,email
EFTA02421744.pdf,data-set-11-files-4,1,other
EFTA02421745.pdf,data-set-11-files-4,1,other
EFTA02421746.pdf,data-set-11-files-4,1,email
EFTA02421747.pdf,data-set-11-files-4,2,other
EFTA02421749.pdf,data-set-11-files-4,1,email
EFTA02421750.pdf,data-set-11-files-4,1,other
EFTA02421751.pdf,data-set-11-files-4,1,email
EFTA02421752.pdf,data-set-11-files-4,1,email
EFTA02421753.pdf,data-set-11-files-4,2,email
EFTA02421755.pdf,data-set-11-files-4,3,email
EFTA02421758.pdf,data-set-11-files-4,39,email
EFTA02421797.pdf,data-set-11-files-4,1,other
EFTA02421798.pdf,data-set-11-files-4,1,email
EFTA02421799.pdf,data-set-11-files-4,1,other
EFTA02421800.pdf,data-set-11-files-4,1,other
EFTA02421801.pdf,data-set-11-files-4,1,email
EFTA02421802.pdf,data-set-11-files-4,1,other
EFTA02421803.pdf,data-set-11-files-4,2,other
EFTA02421805.pdf,data-set-11-files-4,1,email
EFTA02421806.pdf,data-set-11-files-4,5,email
EFTA02421811.pdf,data-set-11-files-4,2,email
EFTA02421813.pdf,data-set-11-files-4,1,other
EFTA02421814.pdf,data-set-11-files-4,2,other
EFTA02421816.pdf,data-set-11-files-4,1,email
EFTA02421817.pdf,data-set-11-files-4,1,other
EFTA02421818.pdf,data-set-11-files-4,1,other
EFTA02421819.pdf,data-set-11-files-4,3,email
EFTA02421822.pdf,data-set-11-files-4,1,other
EFTA02421823.pdf,data-set-11-files-4,1,email
EFTA02421824.pdf,data-set-11-files-4,1,other
EFTA02421825.pdf,data-set-11-files-4,2,email
EFTA02421827.pdf,data-set-11-files-4,1,other
EFTA02421828.pdf,data-set-11-files-4,1,other
EFTA02421829.pdf,data-set-11-files-4,2,email
EFTA02421831.pdf,data-set-11-files-4,2,email
EFTA02421833.pdf,data-set-11-files-4,1,email
EFTA02421834.pdf,data-set-11-files-4,1,other
EFTA02421835.pdf,data-set-11-files-4,1,other
EFTA02421836.pdf,data-set-11-files-4,1,email
EFTA02421837.pdf,data-set-11-files-4,1,other
EFTA02421838.pdf,data-set-11-files-4,1,other
EFTA02421839.pdf,data-set-11-files-4,1,email
EFTA02421840.pdf,data-set-11-files-4,1,email
EFTA02421841.pdf,data-set-11-files-4,1,email
EFTA02421842.pdf,data-set-11-files-4,1,other
EFTA02421843.pdf,data-set-11-files-4,1,other
EFTA02421844.pdf,data-set-11-files-4,1,other
EFTA02421845.pdf,data-set-11-files-4,1,email
EFTA02421846.pdf,data-set-11-files-4,1,email
EFTA02421847.pdf,data-set-11-files-4,1,other
EFTA02421848.pdf,data-set-11-files-4,1,other
EFTA02421849.pdf,data-set-11-files-4,1,other
EFTA02421850.pdf,data-set-11-files-4,1,other
EFTA02421851.pdf,data-set-11-files-4,1,other
EFTA02421852.pdf,data-set-11-files-4,1,other
EFTA02421853.pdf,data-set-11-files-4,1,other
EFTA02421854.pdf,data-set-11-files-4,1,other
EFTA02421855.pdf,data-set-11-files-4,1,other
EFTA02421856.pdf,data-set-11-files-4,1,email
EFTA02421857.pdf,data-set-11-files-4,3,email
EFTA02421860.pdf,data-set-11-files-4,2,email
EFTA02421862.pdf,data-set-11-files-4,1,email
EFTA02421863.pdf,data-set-11-files-4,1,other
EFTA02421864.pdf,data-set-11-files-4,1,email
EFTA02421865.pdf,data-set-11-files-4,1,other
EFTA02421866.pdf,data-set-11-files-4,1,other
EFTA02421867.pdf,data-set-11-files-4,1,other
EFTA02421868.pdf,data-set-11-files-4,2,email
EFTA02421870.pdf,data-set-11-files-4,2,email
EFTA02421872.pdf,data-set-11-files-4,1,other
EFTA02421873.pdf,data-set-11-files-4,1,other
EFTA02421874.pdf,data-set-11-files-4,1,email
EFTA02421875.pdf,data-set-11-files-4,3,email
EFTA02421878.pdf,data-set-11-files-4,2,email
EFTA02421880.pdf,data-set-11-files-4,1,email
EFTA02421881.pdf,data-set-11-files-4,1,other
EFTA02421882.pdf,data-set-11-files-4,1,email
EFTA02421883.pdf,data-set-11-files-4,1,email
EFTA02421884.pdf,data-set-11-files-4,1,email
EFTA02421885.pdf,data-set-11-files-4,2,email
EFTA02421887.pdf,data-set-11-files-4,2,email
EFTA02421889.pdf,data-set-11-files-4,1,email
EFTA02421890.pdf,data-set-11-files-4,1,other
EFTA02421891.pdf,data-set-11-files-4,1,email
EFTA02421892.pdf,data-set-11-files-4,1,email
EFTA02421893.pdf,data-set-11-files-4,1,email
EFTA02421894.pdf,data-set-11-files-4,1,email
EFTA02421895.pdf,data-set-11-files-4,2,email
EFTA02421897.pdf,data-set-11-files-4,1,other
EFTA02421898.pdf,data-set-11-files-4,1,other
EFTA02421899.pdf,data-set-11-files-4,1,other
EFTA02421900.pdf,data-set-11-files-4,2,email
EFTA02421902.pdf,data-set-11-files-4,1,email
EFTA02421903.pdf,data-set-11-files-4,2,email
EFTA02421905.pdf,data-set-11-files-4,1,other
EFTA02421906.pdf,data-set-11-files-4,1,email
EFTA02421907.pdf,data-set-11-files-4,1,email
EFTA02421908.pdf,data-set-11-files-4,1,other
EFTA02421909.pdf,data-set-11-files-4,1,other
EFTA02421910.pdf,data-set-11-files-4,1,other
EFTA02421911.pdf,data-set-11-files-4,1,email
EFTA02421912.pdf,data-set-11-files-4,1,other
EFTA02421913.pdf,data-set-11-files-4,1,email
EFTA02421914.pdf,data-set-11-files-4,1,other
EFTA02421915.pdf,data-set-11-files-4,1,other
EFTA02421916.pdf,data-set-11-files-4,1,email
EFTA02421917.pdf,data-set-11-files-4,1,other
EFTA02421918.pdf,data-set-11-files-4,4,email
EFTA02421922.pdf,data-set-11-files-4,1,other
EFTA02421923.pdf,data-set-11-files-4,1,email
EFTA02421924.pdf,data-set-11-files-4,1,email
EFTA02421925.pdf,data-set-11-files-4,1,email
EFTA02421926.pdf,data-set-11-files-4,1,email
EFTA02421927.pdf,data-set-11-files-4,4,email
EFTA02421931.pdf,data-set-11-files-4,1,email
EFTA02421932.pdf,data-set-11-files-4,1,email
EFTA02421933.pdf,data-set-11-files-4,1,email
EFTA02421934.pdf,data-set-11-files-4,2,email
EFTA02421936.pdf,data-set-11-files-4,1,other
EFTA02421937.pdf,data-set-11-files-4,1,email
EFTA02421938.pdf,data-set-11-files-4,1,email
EFTA02421939.pdf,data-set-11-files-4,1,email
EFTA02421940.pdf,data-set-11-files-4,1,email
EFTA02421941.pdf,data-set-11-files-4,1,other
EFTA02421942.pdf,data-set-11-files-4,1,email
EFTA02421943.pdf,data-set-11-files-4,2,email
EFTA02421945.pdf,data-set-11-files-4,1,email
EFTA02421946.pdf,data-set-11-files-4,1,email
EFTA02421947.pdf,data-set-11-files-4,2,email
EFTA02421949.pdf,data-set-11-files-4,1,other
EFTA02421950.pdf,data-set-11-files-4,1,email
EFTA02421951.pdf,data-set-11-files-4,1,other
EFTA02421952.pdf,data-set-11-files-4,1,email
EFTA02421953.pdf,data-set-11-files-4,1,other
EFTA02421954.pdf,data-set-11-files-4,1,other
EFTA02421955.pdf,data-set-11-files-4,1,other
EFTA02421956.pdf,data-set-11-files-4,1,other
EFTA02421957.pdf,data-set-11-files-4,1,other
EFTA02421958.pdf,data-set-11-files-4,1,email
EFTA02421959.pdf,data-set-11-files-4,2,other
EFTA02421961.pdf,data-set-11-files-4,1,other
EFTA02421962.pdf,data-set-11-files-4,1,email
EFTA02421963.pdf,data-set-11-files-4,1,email
EFTA02421964.pdf,data-set-11-files-4,1,other
EFTA02421965.pdf,data-set-11-files-4,1,email
EFTA02421966.pdf,data-set-11-files-4,1,email
EFTA02421967.pdf,data-set-11-files-4,1,other
EFTA02421968.pdf,data-set-11-files-4,1,other
EFTA02421969.pdf,data-set-11-files-4,1,email
EFTA02421970.pdf,data-set-11-files-4,1,email
EFTA02421971.pdf,data-set-11-files-4,1,email
EFTA02421972.pdf,data-set-11-files-4,1,other
EFTA02421973.pdf,data-set-11-files-4,2,email
EFTA02421975.pdf,data-set-11-files-4,2,email
EFTA02421977.pdf,data-set-11-files-4,1,email
EFTA02421978.pdf,data-set-11-files-4,1,email
EFTA02421979.pdf,data-set-11-files-4,1,email
EFTA02421980.pdf,data-set-11-files-4,1,email
EFTA02421981.pdf,data-set-11-files-4,1,email
EFTA02421982.pdf,data-set-11-files-4,1,email
EFTA02421983.pdf,data-set-11-files-4,1,other
EFTA02421984.pdf,data-set-11-files-4,1,email
EFTA02421985.pdf,data-set-11-files-4,1,email
EFTA02421986.pdf,data-set-11-files-4,1,email
EFTA02421987.pdf,data-set-11-files-4,1,email
EFTA02421988.pdf,data-set-11-files-4,1,other
EFTA02421989.pdf,data-set-11-files-4,1,other
EFTA02421990.pdf,data-set-11-files-4,1,email
EFTA02421991.pdf,data-set-11-files-4,1,email
EFTA02421992.pdf,data-set-11-files-4,1,other
EFTA02421993.pdf,data-set-11-files-4,1,other
EFTA02421994.pdf,data-set-11-files-4,1,email
EFTA02421995.pdf,data-set-11-files-4,1,other
EFTA02421996.pdf,data-set-11-files-4,1,email
EFTA02421997.pdf,data-set-11-files-4,3,email
EFTA02422000.pdf,data-set-11-files-4,1,other
EFTA02422001.pdf,data-set-11-files-4,1,email
EFTA02422002.pdf,data-set-11-files-4,1,email
EFTA02422003.pdf,data-set-11-files-4,1,email
EFTA02422004.pdf,data-set-11-files-4,1,email
EFTA02422005.pdf,data-set-11-files-4,1,email
EFTA02422006.pdf,data-set-11-files-4,1,email
EFTA02422007.pdf,data-set-11-files-4,1,email
EFTA02422008.pdf,data-set-11-files-4,1,email
EFTA02422009.pdf,data-set-11-files-4,1,other
EFTA02422010.pdf,data-set-11-files-4,2,other
EFTA02422012.pdf,data-set-11-files-4,1,other
EFTA02422013.pdf,data-set-11-files-4,2,other
EFTA02422015.pdf,data-set-11-files-4,1,email
EFTA02422016.pdf,data-set-11-files-4,1,other
EFTA02422017.pdf,data-set-11-files-4,1,other
EFTA02422018.pdf,data-set-11-files-4,1,email
EFTA02422019.pdf,data-set-11-files-4,1,other
EFTA02422020.pdf,data-set-11-files-4,1,email
EFTA02422021.pdf,data-set-11-files-4,1,email
EFTA02422022.pdf,data-set-11-files-4,1,other
EFTA02422023.pdf,data-set-11-files-4,2,email
EFTA02422025.pdf,data-set-11-files-4,2,email
EFTA02422027.pdf,data-set-11-files-4,1,other
EFTA02422028.pdf,data-set-11-files-4,1,email
EFTA02422029.pdf,data-set-11-files-4,1,email
EFTA02422030.pdf,data-set-11-files-4,1,email
EFTA02422031.pdf,data-set-11-files-4,1,email
EFTA02422032.pdf,data-set-11-files-4,2,email
EFTA02422034.pdf,data-set-11-files-4,1,email
EFTA02422035.pdf,data-set-11-files-4,1,email
EFTA02422036.pdf,data-set-11-files-4,1,email
EFTA02422037.pdf,data-set-11-files-4,1,email
EFTA02422038.pdf,data-set-11-files-4,1,email
EFTA02422039.pdf,data-set-11-files-4,1,other
EFTA02422040.pdf,data-set-11-files-4,1,other
EFTA02422041.pdf,data-set-11-files-4,1,email
EFTA02422042.pdf,data-set-11-files-4,2,email
EFTA02422044.pdf,data-set-11-files-4,1,email
EFTA02422045.pdf,data-set-11-files-4,2,email
EFTA02422047.pdf,data-set-11-files-4,1,email
EFTA02422048.pdf,data-set-11-files-4,2,email
EFTA02422050.pdf,data-set-11-files-4,1,email
EFTA02422051.pdf,data-set-11-files-4,1,email
EFTA02422052.pdf,data-set-11-files-4,2,other
EFTA02422054.pdf,data-set-11-files-4,3,email
EFTA02422057.pdf,data-set-11-files-4,1,email
EFTA02422058.pdf,data-set-11-files-4,1,other
EFTA02422059.pdf,data-set-11-files-4,1,email
EFTA02422060.pdf,data-set-11-files-4,4,email
EFTA02422064.pdf,data-set-11-files-4,2,email
EFTA02422066.pdf,data-set-11-files-4,1,other
EFTA02422067.pdf,data-set-11-files-4,2,email
EFTA02422069.pdf,data-set-11-files-4,1,other
EFTA02422070.pdf,data-set-11-files-4,1,email
EFTA02422071.pdf,data-set-11-files-4,1,other
EFTA02422072.pdf,data-set-11-files-4,1,email
EFTA02422073.pdf,data-set-11-files-4,1,email
EFTA02422074.pdf,data-set-11-files-4,1,email
EFTA02422075.pdf,data-set-11-files-4,1,email
EFTA02422076.pdf,data-set-11-files-4,1,other
EFTA02422077.pdf,data-set-11-files-4,1,email
EFTA02422078.pdf,data-set-11-files-4,2,other
EFTA02422080.pdf,data-set-11-files-4,1,other
EFTA02422081.pdf,data-set-11-files-4,1,email
EFTA02422082.pdf,data-set-11-files-4,1,other
EFTA02422083.pdf,data-set-11-files-4,1,email
EFTA02422084.pdf,data-set-11-files-4,1,other
EFTA02422085.pdf,data-set-11-files-4,1,email
EFTA02422086.pdf,data-set-11-files-4,1,email
EFTA02422087.pdf,data-set-11-files-4,1,other
EFTA02422088.pdf,data-set-11-files-4,1,email
EFTA02422089.pdf,data-set-11-files-4,2,email
EFTA02422091.pdf,data-set-11-files-4,1,other
EFTA02422092.pdf,data-set-11-files-4,1,email
EFTA02422093.pdf,data-set-11-files-4,3,email
EFTA02422096.pdf,data-set-11-files-4,1,email
EFTA02422097.pdf,data-set-11-files-4,1,other
EFTA02422098.pdf,data-set-11-files-4,1,email
EFTA02422099.pdf,data-set-11-files-4,2,other
EFTA02422101.pdf,data-set-11-files-4,1,other
EFTA02422102.pdf,data-set-11-files-4,1,other
EFTA02422103.pdf,data-set-11-files-4,2,email
EFTA02422105.pdf,data-set-11-files-4,1,email
EFTA02422106.pdf,data-set-11-files-4,1,other
EFTA02422107.pdf,data-set-11-files-4,1,other
EFTA02422108.pdf,data-set-11-files-4,1,email
EFTA02422109.pdf,data-set-11-files-4,1,email
EFTA02422110.pdf,data-set-11-files-4,1,email
EFTA02422111.pdf,data-set-11-files-4,1,other
EFTA02422112.pdf,data-set-11-files-4,1,email
EFTA02422113.pdf,data-set-11-files-4,2,email
EFTA02422115.pdf,data-set-11-files-4,1,email
EFTA02422116.pdf,data-set-11-files-4,1,other
EFTA02422117.pdf,data-set-11-files-4,1,other
EFTA02422118.pdf,data-set-11-files-4,1,other
EFTA02422119.pdf,data-set-11-files-4,1,other
EFTA02422120.pdf,data-set-11-files-4,1,email
EFTA02422121.pdf,data-set-11-files-4,1,other
EFTA02422122.pdf,data-set-11-files-4,1,other
EFTA02422123.pdf,data-set-11-files-4,1,other
EFTA02422124.pdf,data-set-11-files-4,1,email
EFTA02422125.pdf,data-set-11-files-4,1,other
EFTA02422126.pdf,data-set-11-files-4,1,email
EFTA02422127.pdf,data-set-11-files-4,1,other
EFTA02422128.pdf,data-set-11-files-4,1,email
EFTA02422129.pdf,data-set-11-files-4,1,other
EFTA02422130.pdf,data-set-11-files-4,3,email
EFTA02422133.pdf,data-set-11-files-4,1,other
EFTA02422134.pdf,data-set-11-files-4,1,email
EFTA02422135.pdf,data-set-11-files-4,1,other
EFTA02422136.pdf,data-set-11-files-4,1,email
EFTA02422137.pdf,data-set-11-files-4,1,other
EFTA02422138.pdf,data-set-11-files-4,3,other
EFTA02422141.pdf,data-set-11-files-4,1,email
EFTA02422142.pdf,data-set-11-files-4,1,email
EFTA02422143.pdf,data-set-11-files-4,1,other
EFTA02422144.pdf,data-set-11-files-4,1,email
EFTA02422145.pdf,data-set-11-files-4,1,email
EFTA02422146.pdf,data-set-11-files-4,1,other
EFTA02422147.pdf,data-set-11-files-4,2,email
EFTA02422149.pdf,data-set-11-files-4,1,email
EFTA02422150.pdf,data-set-11-files-4,1,email
EFTA02422151.pdf,data-set-11-files-4,1,other
EFTA02422152.pdf,data-set-11-files-4,1,other
EFTA02422153.pdf,data-set-11-files-4,1,email
EFTA02422154.pdf,data-set-11-files-4,2,email
EFTA02422156.pdf,data-set-11-files-4,2,other
EFTA02422158.pdf,data-set-11-files-4,2,other
EFTA02422160.pdf,data-set-11-files-4,2,other
EFTA02422162.pdf,data-set-11-files-4,1,email
EFTA02422163.pdf,data-set-11-files-4,2,email
EFTA02422165.pdf,data-set-11-files-4,1,other
EFTA02422166.pdf,data-set-11-files-4,1,email
EFTA02422167.pdf,data-set-11-files-4,1,email
EFTA02422168.pdf,data-set-11-files-4,1,other
EFTA02422169.pdf,data-set-11-files-4,1,email
EFTA02422170.pdf,data-set-11-files-4,1,email
EFTA02422171.pdf,data-set-11-files-4,1,email
EFTA02422172.pdf,data-set-11-files-4,1,other
EFTA02422173.pdf,data-set-11-files-4,1,other
EFTA02422174.pdf,data-set-11-files-4,1,email
EFTA02422175.pdf,data-set-11-files-4,1,email
EFTA02422176.pdf,data-set-11-files-4,1,email
EFTA02422177.pdf,data-set-11-files-4,1,other
EFTA02422178.pdf,data-set-11-files-4,1,email
EFTA02422179.pdf,data-set-11-files-4,1,email
EFTA02422180.pdf,data-set-11-files-4,1,email
EFTA02422181.pdf,data-set-11-files-4,2,email
EFTA02422183.pdf,data-set-11-files-4,1,other
EFTA02422184.pdf,data-set-11-files-4,1,other
EFTA02422185.pdf,data-set-11-files-4,1,other
EFTA02422186.pdf,data-set-11-files-4,1,email
EFTA02422187.pdf,data-set-11-files-4,1,email
EFTA02422188.pdf,data-set-11-files-4,1,other
EFTA02422189.pdf,data-set-11-files-4,1,email
EFTA02422190.pdf,data-set-11-files-4,1,other
EFTA02422191.pdf,data-set-11-files-4,1,other
EFTA02422192.pdf,data-set-11-files-4,1,other
EFTA02422193.pdf,data-set-11-files-4,1,email
EFTA02422194.pdf,data-set-11-files-4,1,email
EFTA02422195.pdf,data-set-11-files-4,1,email
EFTA02422196.pdf,data-set-11-files-4,1,email
EFTA02422197.pdf,data-set-11-files-4,1,other
EFTA02422198.pdf,data-set-11-files-4,4,email
EFTA02422202.pdf,data-set-11-files-4,1,email
EFTA02422203.pdf,data-set-11-files-4,1,other
EFTA02422204.pdf,data-set-11-files-4,1,other
EFTA02422205.pdf,data-set-11-files-4,1,email
EFTA02422206.pdf,data-set-11-files-4,1,email
EFTA02422207.pdf,data-set-11-files-4,1,email
EFTA02422208.pdf,data-set-11-files-4,2,email
EFTA02422210.pdf,data-set-11-files-4,1,other
EFTA02422211.pdf,data-set-11-files-4,1,email
EFTA02422212.pdf,data-set-11-files-4,1,email
EFTA02422213.pdf,data-set-11-files-4,3,email
EFTA02422216.pdf,data-set-11-files-4,1,email
EFTA02422217.pdf,data-set-11-files-4,1,other
EFTA02422218.pdf,data-set-11-files-4,1,other
EFTA02422219.pdf,data-set-11-files-4,2,email
EFTA02422221.pdf,data-set-11-files-4,1,other
EFTA02422222.pdf,data-set-11-files-4,1,other
EFTA02422223.pdf,data-set-11-files-4,1,other
EFTA02422224.pdf,data-set-11-files-4,1,email
EFTA02422225.pdf,data-set-11-files-4,1,other
EFTA02422226.pdf,data-set-11-files-4,1,other
EFTA02422227.pdf,data-set-11-files-4,1,other
EFTA02422228.pdf,data-set-11-files-4,1,other
EFTA02422229.pdf,data-set-11-files-4,1,email
EFTA02422230.pdf,data-set-11-files-4,1,other
EFTA02422231.pdf,data-set-11-files-4,1,other
EFTA02422232.pdf,data-set-11-files-4,1,email
EFTA02422233.pdf,data-set-11-files-4,2,email
EFTA02422235.pdf,data-set-11-files-4,3,email
EFTA02422238.pdf,data-set-11-files-4,1,email
EFTA02422239.pdf,data-set-11-files-4,2,email
EFTA02422241.pdf,data-set-11-files-4,3,email
EFTA02422244.pdf,data-set-11-files-4,1,email
EFTA02422245.pdf,data-set-11-files-4,2,email
EFTA02422247.pdf,data-set-11-files-4,1,other
EFTA02422248.pdf,data-set-11-files-4,1,email
EFTA02422249.pdf,data-set-11-files-4,1,other
EFTA02422250.pdf,data-set-11-files-4,2,email
EFTA02422252.pdf,data-set-11-files-4,1,other
EFTA02422253.pdf,data-set-11-files-4,1,other
EFTA02422254.pdf,data-set-11-files-4,1,email
EFTA02422255.pdf,data-set-11-files-4,1,email
EFTA02422256.pdf,data-set-11-files-4,1,other
EFTA02422257.pdf,data-set-11-files-4,1,email
EFTA02422258.pdf,data-set-11-files-4,2,email
EFTA02422260.pdf,data-set-11-files-4,1,other
EFTA02422261.pdf,data-set-11-files-4,1,other
EFTA02422262.pdf,data-set-11-files-4,1,email
EFTA02422263.pdf,data-set-11-files-4,1,email
EFTA02422264.pdf,data-set-11-files-4,1,email
EFTA02422266.pdf,data-set-11-files-4,1,other
EFTA02422267.pdf,data-set-11-files-4,1,other
EFTA02422268.pdf,data-set-11-files-4,1,email
EFTA02422269.pdf,data-set-11-files-4,1,other
EFTA02422270.pdf,data-set-11-files-4,1,email
EFTA02422271.pdf,data-set-11-files-4,1,other
EFTA02422272.pdf,data-set-11-files-4,1,other
EFTA02422273.pdf,data-set-11-files-4,1,other
EFTA02422274.pdf,data-set-11-files-4,1,email
EFTA02422275.pdf,data-set-11-files-4,1,other
EFTA02422276.pdf,data-set-11-files-4,1,other
EFTA02422277.pdf,data-set-11-files-4,1,email
EFTA02422278.pdf,data-set-11-files-4,1,email
EFTA02422279.pdf,data-set-11-files-4,1,email
EFTA02422280.pdf,data-set-11-files-4,1,other
EFTA02422281.pdf,data-set-11-files-4,1,other
EFTA02422282.pdf,data-set-11-files-4,1,other
EFTA02422283.pdf,data-set-11-files-4,1,other
EFTA02422284.pdf,data-set-11-files-4,2,email
EFTA02422286.pdf,data-set-11-files-4,11,email
EFTA02422297.pdf,data-set-11-files-4,1,email
EFTA02422298.pdf,data-set-11-files-4,1,email
EFTA02422299.pdf,data-set-11-files-4,1,email
EFTA02422300.pdf,data-set-11-files-4,1,email
EFTA02422301.pdf,data-set-11-files-4,1,other
EFTA02422302.pdf,data-set-11-files-4,1,other
EFTA02422303.pdf,data-set-11-files-4,2,email
EFTA02422305.pdf,data-set-11-files-4,2,email
EFTA02422307.pdf,data-set-11-files-4,1,other
EFTA02422308.pdf,data-set-11-files-4,1,other
EFTA02422309.pdf,data-set-11-files-4,1,email
EFTA02422310.pdf,data-set-11-files-4,1,other
EFTA02422311.pdf,data-set-11-files-4,2,email
EFTA02422313.pdf,data-set-11-files-4,1,email
EFTA02422314.pdf,data-set-11-files-4,1,email
EFTA02422315.pdf,data-set-11-files-4,1,email
EFTA02422316.pdf,data-set-11-files-4,2,email
EFTA02422318.pdf,data-set-11-files-4,1,other
EFTA02422319.pdf,data-set-11-files-4,1,email
EFTA02422320.pdf,data-set-11-files-4,1,other
EFTA02422321.pdf,data-set-11-files-4,1,other
EFTA02422322.pdf,data-set-11-files-4,2,email
EFTA02422324.pdf,data-set-11-files-4,1,email
EFTA02422325.pdf,data-set-11-files-4,1,email
EFTA02422326.pdf,data-set-11-files-4,1,other
EFTA02422327.pdf,data-set-11-files-4,1,email
EFTA02422328.pdf,data-set-11-files-4,2,other
EFTA02422330.pdf,data-set-11-files-4,4,email
EFTA02422334.pdf,data-set-11-files-4,2,email
EFTA02422336.pdf,data-set-11-files-4,1,other
EFTA02422337.pdf,data-set-11-files-4,1,other
EFTA02422338.pdf,data-set-11-files-4,1,email
EFTA02422339.pdf,data-set-11-files-4,1,email
EFTA02422340.pdf,data-set-11-files-4,3,email
EFTA02422343.pdf,data-set-11-files-4,1,email
EFTA02422344.pdf,data-set-11-files-4,1,email
EFTA02422345.pdf,data-set-11-files-4,1,email
EFTA02422346.pdf,data-set-11-files-4,1,other
EFTA02422347.pdf,data-set-11-files-4,2,other
EFTA02422349.pdf,data-set-11-files-4,2,email
EFTA02422351.pdf,data-set-11-files-4,1,other
EFTA02422352.pdf,data-set-11-files-4,1,other
EFTA02422353.pdf,data-set-11-files-4,2,email
EFTA02422355.pdf,data-set-11-files-4,3,email
EFTA02422358.pdf,data-set-11-files-4,1,email
EFTA02422359.pdf,data-set-11-files-4,1,email
EFTA02422360.pdf,data-set-11-files-4,2,email
EFTA02422362.pdf,data-set-11-files-4,1,other
EFTA02422363.pdf,data-set-11-files-4,1,other
EFTA02422364.pdf,data-set-11-files-4,1,other
EFTA02422365.pdf,data-set-11-files-4,1,email
EFTA02422366.pdf,data-set-11-files-4,6,email
EFTA02422372.pdf,data-set-11-files-4,1,email
EFTA02422373.pdf,data-set-11-files-4,1,other
EFTA02422374.pdf,data-set-11-files-4,1,other
EFTA02422375.pdf,data-set-11-files-4,1,other
EFTA02422376.pdf,data-set-11-files-4,1,email
EFTA02422377.pdf,data-set-11-files-4,1,other
EFTA02422378.pdf,data-set-11-files-4,1,email
EFTA02422379.pdf,data-set-11-files-4,1,email
EFTA02422380.pdf,data-set-11-files-4,1,other
EFTA02422381.pdf,data-set-11-files-4,1,other
EFTA02422382.pdf,data-set-11-files-4,2,email
EFTA02422384.pdf,data-set-11-files-4,1,email
EFTA02422385.pdf,data-set-11-files-4,1,email
EFTA02422386.pdf,data-set-11-files-4,3,other
EFTA02422389.pdf,data-set-11-files-4,2,other
EFTA02422391.pdf,data-set-11-files-4,5,email
EFTA02422396.pdf,data-set-11-files-4,1,other
EFTA02422397.pdf,data-set-11-files-4,1,other
EFTA02422398.pdf,data-set-11-files-4,1,other
EFTA02422399.pdf,data-set-11-files-4,1,other
EFTA02422400.pdf,data-set-11-files-4,1,email
EFTA02422401.pdf,data-set-11-files-4,1,other
EFTA02422402.pdf,data-set-11-files-4,2,email
EFTA02422404.pdf,data-set-11-files-4,1,other
EFTA02422405.pdf,data-set-11-files-4,1,email
EFTA02422406.pdf,data-set-11-files-4,1,email
EFTA02422407.pdf,data-set-11-files-4,1,other
EFTA02422408.pdf,data-set-11-files-4,1,other
EFTA02422409.pdf,data-set-11-files-4,1,email
EFTA02422410.pdf,data-set-11-files-4,1,email
EFTA02422411.pdf,data-set-11-files-4,1,email
EFTA02422412.pdf,data-set-11-files-4,1,other
EFTA02422413.pdf,data-set-11-files-4,1,email
EFTA02422414.pdf,data-set-11-files-4,1,other
EFTA02422415.pdf,data-set-11-files-4,1,email
EFTA02422416.pdf,data-set-11-files-4,2,other
EFTA02422418.pdf,data-set-11-files-4,2,email
EFTA02422420.pdf,data-set-11-files-4,1,other
EFTA02422421.pdf,data-set-11-files-4,2,email
EFTA02422423.pdf,data-set-11-files-4,1,other
EFTA02422424.pdf,data-set-11-files-4,1,other
EFTA02422425.pdf,data-set-11-files-4,1,email
EFTA02422426.pdf,data-set-11-files-4,1,email
EFTA02422427.pdf,data-set-11-files-4,1,other
EFTA02422428.pdf,data-set-11-files-4,1,email
EFTA02422429.pdf,data-set-11-files-4,1,other
EFTA02422430.pdf,data-set-11-files-4,3,email
EFTA02422433.pdf,data-set-11-files-4,1,email
EFTA02422434.pdf,data-set-11-files-4,1,other
EFTA02422435.pdf,data-set-11-files-4,1,other
EFTA02422436.pdf,data-set-11-files-4,1,email
EFTA02422437.pdf,data-set-11-files-4,2,email
EFTA02422439.pdf,data-set-11-files-4,1,other
EFTA02422440.pdf,data-set-11-files-4,1,other
EFTA02422441.pdf,data-set-11-files-4,3,email
EFTA02422444.pdf,data-set-11-files-4,1,other
EFTA02422445.pdf,data-set-11-files-4,1,other
EFTA02422446.pdf,data-set-11-files-4,1,email
EFTA02422447.pdf,data-set-11-files-4,1,other
EFTA02422448.pdf,data-set-11-files-4,1,other
EFTA02422449.pdf,data-set-11-files-4,1,other
EFTA02422450.pdf,data-set-11-files-4,1,other
EFTA02422451.pdf,data-set-11-files-4,3,email
EFTA02422454.pdf,data-set-11-files-4,1,other
EFTA02422455.pdf,data-set-11-files-4,1,email
EFTA02422456.pdf,data-set-11-files-4,1,other
EFTA02422457.pdf,data-set-11-files-4,1,other
EFTA02422458.pdf,data-set-11-files-4,1,other
EFTA02422459.pdf,data-set-11-files-4,1,other
EFTA02422460.pdf,data-set-11-files-4,1,email
EFTA02422461.pdf,data-set-11-files-4,1,email
EFTA02422462.pdf,data-set-11-files-4,2,email
EFTA02422464.pdf,data-set-11-files-4,1,email
EFTA02422465.pdf,data-set-11-files-4,1,other
EFTA02422466.pdf,data-set-11-files-4,1,other
EFTA02422467.pdf,data-set-11-files-4,2,email
EFTA02422469.pdf,data-set-11-files-4,1,other
EFTA02422470.pdf,data-set-11-files-4,1,email
EFTA02422471.pdf,data-set-11-files-4,1,other
EFTA02422472.pdf,data-set-11-files-4,1,other
EFTA02422473.pdf,data-set-11-files-4,1,other
EFTA02422474.pdf,data-set-11-files-4,1,other
EFTA02422475.pdf,data-set-11-files-4,1,email
EFTA02422476.pdf,data-set-11-files-4,2,email
EFTA02422478.pdf,data-set-11-files-4,2,email
EFTA02422480.pdf,data-set-11-files-4,1,other
EFTA02422481.pdf,data-set-11-files-4,1,email
EFTA02422482.pdf,data-set-11-files-4,1,email
EFTA02422483.pdf,data-set-11-files-4,1,email
EFTA02422484.pdf,data-set-11-files-4,1,other
EFTA02422485.pdf,data-set-11-files-4,1,email
EFTA02422486.pdf,data-set-11-files-4,1,email
EFTA02422487.pdf,data-set-11-files-4,1,other
EFTA02422488.pdf,data-set-11-files-4,1,other
EFTA02422489.pdf,data-set-11-files-4,1,other
EFTA02422490.pdf,data-set-11-files-4,1,other
EFTA02422491.pdf,data-set-11-files-4,1,other
EFTA02422492.pdf,data-set-11-files-4,1,other
EFTA02422493.pdf,data-set-11-files-4,1,other
EFTA02422494.pdf,data-set-11-files-4,6,email
EFTA02422500.pdf,data-set-11-files-4,2,email
EFTA02422502.pdf,data-set-11-files-4,1,email
EFTA02422503.pdf,data-set-11-files-4,1,other
EFTA02422504.pdf,data-set-11-files-4,1,email
EFTA02422505.pdf,data-set-11-files-4,1,other
EFTA02422506.pdf,data-set-11-files-4,2,email
EFTA02422508.pdf,data-set-11-files-4,1,other
EFTA02422509.pdf,data-set-11-files-4,1,email
EFTA02422510.pdf,data-set-11-files-4,1,email
EFTA02422511.pdf,data-set-11-files-4,1,other
EFTA02422512.pdf,data-set-11-files-4,1,other
EFTA02422513.pdf,data-set-11-files-4,1,email
EFTA02422514.pdf,data-set-11-files-4,2,email
EFTA02422516.pdf,data-set-11-files-4,1,other
EFTA02422517.pdf,data-set-11-files-4,1,email
EFTA02422518.pdf,data-set-11-files-4,1,email
EFTA02422519.pdf,data-set-11-files-4,1,email
EFTA02422520.pdf,data-set-11-files-4,1,other
EFTA02422521.pdf,data-set-11-files-4,6,email
EFTA02422527.pdf,data-set-11-files-4,1,other
EFTA02422528.pdf,data-set-11-files-4,1,email
EFTA02422529.pdf,data-set-11-files-4,1,other
EFTA02422530.pdf,data-set-11-files-4,1,other
EFTA02422531.pdf,data-set-11-files-4,1,email
EFTA02422532.pdf,data-set-11-files-4,1,email
EFTA02422533.pdf,data-set-11-files-4,2,email
EFTA02422535.pdf,data-set-11-files-4,1,email
EFTA02422536.pdf,data-set-11-files-4,2,other
EFTA02422538.pdf,data-set-11-files-4,1,email
EFTA02422539.pdf,data-set-11-files-4,1,email
EFTA02422540.pdf,data-set-11-files-4,1,email
EFTA02422541.pdf,data-set-11-files-4,1,other
EFTA02422542.pdf,data-set-11-files-4,1,other
EFTA02422543.pdf,data-set-11-files-4,6,email
EFTA02422549.pdf,data-set-11-files-4,1,email
EFTA02422550.pdf,data-set-11-files-4,1,other
EFTA02422551.pdf,data-set-11-files-4,1,email
EFTA02422552.pdf,data-set-11-files-4,1,email
EFTA02422553.pdf,data-set-11-files-4,1,email
EFTA02422554.pdf,data-set-11-files-4,1,email
EFTA02422555.pdf,data-set-11-files-4,1,email
EFTA02422556.pdf,data-set-11-files-4,1,email
EFTA02422557.pdf,data-set-11-files-4,1,email
EFTA02422558.pdf,data-set-11-files-4,1,email
EFTA02422559.pdf,data-set-11-files-4,1,other
EFTA02422560.pdf,data-set-11-files-4,2,email
EFTA02422562.pdf,data-set-11-files-4,1,other
EFTA02422563.pdf,data-set-11-files-4,1,other
EFTA02422564.pdf,data-set-11-files-4,2,email
EFTA02422566.pdf,data-set-11-files-4,1,other
EFTA02422567.pdf,data-set-11-files-4,1,other
EFTA02422568.pdf,data-set-11-files-4,1,email
EFTA02422569.pdf,data-set-11-files-4,1,other
EFTA02422570.pdf,data-set-11-files-4,1,email
EFTA02422571.pdf,data-set-11-files-4,1,email
EFTA02422572.pdf,data-set-11-files-4,1,email
EFTA02422573.pdf,data-set-11-files-4,1,email
EFTA02422574.pdf,data-set-11-files-4,1,email
EFTA02422575.pdf,data-set-11-files-4,1,other
EFTA02422576.pdf,data-set-11-files-4,1,other
EFTA02422577.pdf,data-set-11-files-4,1,other
EFTA02422578.pdf,data-set-11-files-4,1,other
EFTA02422579.pdf,data-set-11-files-4,1,other
EFTA02422580.pdf,data-set-11-files-4,1,email
EFTA02422581.pdf,data-set-11-files-4,1,other
EFTA02422582.pdf,data-set-11-files-4,1,other
EFTA02422583.pdf,data-set-11-files-4,2,email
EFTA02422585.pdf,data-set-11-files-4,2,email
EFTA02422587.pdf,data-set-11-files-4,1,other
EFTA02422588.pdf,data-set-11-files-4,1,email
EFTA02422589.pdf,data-set-11-files-4,1,other
EFTA02422590.pdf,data-set-11-files-4,1,email
EFTA02422591.pdf,data-set-11-files-4,1,email
EFTA02422592.pdf,data-set-11-files-4,1,other
EFTA02422593.pdf,data-set-11-files-4,2,email
EFTA02422595.pdf,data-set-11-files-4,1,other
EFTA02422596.pdf,data-set-11-files-4,1,other
EFTA02422597.pdf,data-set-11-files-4,3,email
EFTA02422600.pdf,data-set-11-files-4,1,email
EFTA02422601.pdf,data-set-11-files-4,1,email
EFTA02422602.pdf,data-set-11-files-4,1,email
EFTA02422603.pdf,data-set-11-files-4,1,email
EFTA02422604.pdf,data-set-11-files-4,1,email
EFTA02422605.pdf,data-set-11-files-4,1,email
EFTA02422606.pdf,data-set-11-files-4,1,other
EFTA02422607.pdf,data-set-11-files-4,1,email
EFTA02422608.pdf,data-set-11-files-4,3,email
EFTA02422611.pdf,data-set-11-files-4,1,other
EFTA02422612.pdf,data-set-11-files-4,1,email
EFTA02422613.pdf,data-set-11-files-4,1,email
EFTA02422614.pdf,data-set-11-files-4,1,email
EFTA02422615.pdf,data-set-11-files-4,1,other
EFTA02422616.pdf,data-set-11-files-4,1,other
EFTA02422617.pdf,data-set-11-files-4,1,email
EFTA02422618.pdf,data-set-11-files-4,1,email
EFTA02422619.pdf,data-set-11-files-4,1,other
EFTA02422620.pdf,data-set-11-files-4,2,email
EFTA02422622.pdf,data-set-11-files-4,2,email
EFTA02422624.pdf,data-set-11-files-4,1,email
EFTA02422625.pdf,data-set-11-files-4,3,email
EFTA02422628.pdf,data-set-11-files-4,1,other
EFTA02422629.pdf,data-set-11-files-4,1,email
EFTA02422630.pdf,data-set-11-files-4,1,email
EFTA02422631.pdf,data-set-11-files-4,3,email
EFTA02422634.pdf,data-set-11-files-4,1,email
EFTA02422635.pdf,data-set-11-files-4,1,email
EFTA02422636.pdf,data-set-11-files-4,3,email
EFTA02422639.pdf,data-set-11-files-4,1,other
EFTA02422640.pdf,data-set-11-files-4,1,email
EFTA02422641.pdf,data-set-11-files-4,2,email
EFTA02422643.pdf,data-set-11-files-4,1,other
EFTA02422644.pdf,data-set-11-files-4,1,email
EFTA02422645.pdf,data-set-11-files-4,1,email
EFTA02422646.pdf,data-set-11-files-4,1,email
EFTA02422647.pdf,data-set-11-files-4,1,other
EFTA02422648.pdf,data-set-11-files-4,1,other
EFTA02422649.pdf,data-set-11-files-4,1,email
EFTA02422650.pdf,data-set-11-files-4,1,other
EFTA02422651.pdf,data-set-11-files-4,1,email
EFTA02422652.pdf,data-set-11-files-4,1,other
EFTA02422653.pdf,data-set-11-files-4,1,other
EFTA02422654.pdf,data-set-11-files-4,1,other
EFTA02422655.pdf,data-set-11-files-4,1,email
EFTA02422656.pdf,data-set-11-files-4,4,email
EFTA02422660.pdf,data-set-11-files-4,1,other
EFTA02422661.pdf,data-set-11-files-4,1,email
EFTA02422662.pdf,data-set-11-files-4,1,other
EFTA02422663.pdf,data-set-11-files-4,1,other
EFTA02422665.pdf,data-set-11-files-4,1,other
EFTA02422666.pdf,data-set-11-files-4,1,other
EFTA02422667.pdf,data-set-11-files-4,2,other
EFTA02422669.pdf,data-set-11-files-4,1,email
EFTA02422670.pdf,data-set-11-files-4,1,email
EFTA02422671.pdf,data-set-11-files-4,1,email
EFTA02422672.pdf,data-set-11-files-4,1,other
EFTA02422673.pdf,data-set-11-files-4,1,other
EFTA02422674.pdf,data-set-11-files-4,4,email
EFTA02422678.pdf,data-set-11-files-4,2,email
EFTA02422680.pdf,data-set-11-files-4,1,other
EFTA02422681.pdf,data-set-11-files-4,1,email
EFTA02422682.pdf,data-set-11-files-4,1,other
EFTA02422683.pdf,data-set-11-files-4,3,email
EFTA02422686.pdf,data-set-11-files-4,1,other
EFTA02422687.pdf,data-set-11-files-4,1,other
EFTA02422688.pdf,data-set-11-files-4,2,email
EFTA02422690.pdf,data-set-11-files-4,1,other
EFTA02422691.pdf,data-set-11-files-4,2,email
EFTA02422693.pdf,data-set-11-files-4,1,email
EFTA02422694.pdf,data-set-11-files-4,1,other
EFTA02422695.pdf,data-set-11-files-4,1,other
EFTA02422696.pdf,data-set-11-files-4,1,other
EFTA02422697.pdf,data-set-11-files-4,1,email
EFTA02422698.pdf,data-set-11-files-4,1,email
EFTA02422699.pdf,data-set-11-files-4,1,other
EFTA02422700.pdf,data-set-11-files-4,1,email
EFTA02422701.pdf,data-set-11-files-4,1,email
EFTA02422702.pdf,data-set-11-files-4,1,email
EFTA02422703.pdf,data-set-11-files-4,1,email
EFTA02422704.pdf,data-set-11-files-4,1,other
EFTA02422705.pdf,data-set-11-files-4,1,other
EFTA02422706.pdf,data-set-11-files-4,2,email
EFTA02422708.pdf,data-set-11-files-4,1,email
EFTA02422709.pdf,data-set-11-files-4,1,email
EFTA02422710.pdf,data-set-11-files-4,1,email
EFTA02422711.pdf,data-set-11-files-4,1,other
EFTA02422712.pdf,data-set-11-files-4,1,email
EFTA02422713.pdf,data-set-11-files-4,1,other
EFTA02422714.pdf,data-set-11-files-4,1,email
EFTA02422715.pdf,data-set-11-files-4,2,email
EFTA02422717.pdf,data-set-11-files-4,1,email
EFTA02422718.pdf,data-set-11-files-4,1,email
EFTA02422719.pdf,data-set-11-files-4,2,email
EFTA02422721.pdf,data-set-11-files-4,1,email
EFTA02422722.pdf,data-set-11-files-4,1,email
EFTA02422723.pdf,data-set-11-files-4,1,email
EFTA02422724.pdf,data-set-11-files-4,1,other
EFTA02422725.pdf,data-set-11-files-4,1,email
EFTA02422726.pdf,data-set-11-files-4,1,email
EFTA02422727.pdf,data-set-11-files-4,1,email
EFTA02422728.pdf,data-set-11-files-4,1,email
EFTA02422729.pdf,data-set-11-files-4,2,email
EFTA02422731.pdf,data-set-11-files-4,1,other
EFTA02422732.pdf,data-set-11-files-4,1,email
EFTA02422733.pdf,data-set-11-files-4,1,other
EFTA02422734.pdf,data-set-11-files-4,1,email
EFTA02422735.pdf,data-set-11-files-4,1,other
EFTA02422736.pdf,data-set-11-files-4,1,email
EFTA02422737.pdf,data-set-11-files-4,1,other
EFTA02422738.pdf,data-set-11-files-4,1,email
EFTA02422739.pdf,data-set-11-files-4,1,email
EFTA02422740.pdf,data-set-11-files-4,1,other
EFTA02422741.pdf,data-set-11-files-4,1,other
EFTA02422742.pdf,data-set-11-files-4,1,email
EFTA02422743.pdf,data-set-11-files-4,1,other
EFTA02422744.pdf,data-set-11-files-4,2,email
EFTA02422746.pdf,data-set-11-files-4,3,email
EFTA02422749.pdf,data-set-11-files-4,1,other
EFTA02422750.pdf,data-set-11-files-4,1,other
EFTA02422751.pdf,data-set-11-files-4,1,email
EFTA02422752.pdf,data-set-11-files-4,1,email
EFTA02422753.pdf,data-set-11-files-4,1,email
EFTA02422754.pdf,data-set-11-files-4,1,email
EFTA02422755.pdf,data-set-11-files-4,2,email
EFTA02422757.pdf,data-set-11-files-4,1,email
EFTA02422758.pdf,data-set-11-files-4,1,other
EFTA02422759.pdf,data-set-11-files-4,1,email
EFTA02422760.pdf,data-set-11-files-4,1,other
EFTA02422761.pdf,data-set-11-files-4,1,email
EFTA02422762.pdf,data-set-11-files-4,1,email
EFTA02422763.pdf,data-set-11-files-4,1,other
EFTA02422764.pdf,data-set-11-files-4,1,other
EFTA02422765.pdf,data-set-11-files-4,1,email
EFTA02422766.pdf,data-set-11-files-4,1,email
EFTA02422767.pdf,data-set-11-files-4,1,other
EFTA02422768.pdf,data-set-11-files-4,1,other
EFTA02422769.pdf,data-set-11-files-4,1,other
EFTA02422770.pdf,data-set-11-files-4,1,email
EFTA02422771.pdf,data-set-11-files-4,2,email
EFTA02422773.pdf,data-set-11-files-4,2,email
EFTA02422775.pdf,data-set-11-files-4,1,email
EFTA02422776.pdf,data-set-11-files-4,1,email
EFTA02422777.pdf,data-set-11-files-4,1,other
EFTA02422778.pdf,data-set-11-files-4,1,email
EFTA02422779.pdf,data-set-11-files-4,1,other
EFTA02422780.pdf,data-set-11-files-4,1,other
EFTA02422781.pdf,data-set-11-files-4,1,email
EFTA02422782.pdf,data-set-11-files-4,1,email
EFTA02422783.pdf,data-set-11-files-4,1,other
EFTA02422784.pdf,data-set-11-files-4,1,email
EFTA02422785.pdf,data-set-11-files-4,1,other
EFTA02422786.pdf,data-set-11-files-4,1,other
EFTA02422787.pdf,data-set-11-files-4,1,other
EFTA02422788.pdf,data-set-11-files-4,1,other
EFTA02422789.pdf,data-set-11-files-4,1,other
EFTA02422790.pdf,data-set-11-files-4,1,email
EFTA02422791.pdf,data-set-11-files-4,1,email
EFTA02422792.pdf,data-set-11-files-4,1,other
EFTA02422793.pdf,data-set-11-files-4,1,email
EFTA02422794.pdf,data-set-11-files-4,2,email
EFTA02422796.pdf,data-set-11-files-4,1,other
EFTA02422797.pdf,data-set-11-files-4,1,other
EFTA02422798.pdf,data-set-11-files-4,1,other
EFTA02422799.pdf,data-set-11-files-4,1,other
EFTA02422800.pdf,data-set-11-files-4,1,email
EFTA02422801.pdf,data-set-11-files-4,1,other
EFTA02422802.pdf,data-set-11-files-4,1,other
EFTA02422803.pdf,data-set-11-files-4,4,email
EFTA02422807.pdf,data-set-11-files-4,1,other
EFTA02422808.pdf,data-set-11-files-4,1,email
EFTA02422809.pdf,data-set-11-files-4,1,email
EFTA02422810.pdf,data-set-11-files-4,1,other
EFTA02422811.pdf,data-set-11-files-4,1,email
EFTA02422812.pdf,data-set-11-files-4,2,email
EFTA02422814.pdf,data-set-11-files-4,1,other
EFTA02422815.pdf,data-set-11-files-4,1,email
EFTA02422816.pdf,data-set-11-files-4,1,other
EFTA02422817.pdf,data-set-11-files-4,1,email
EFTA02422818.pdf,data-set-11-files-4,1,email
EFTA02422819.pdf,data-set-11-files-4,1,email
EFTA02422820.pdf,data-set-11-files-4,1,email
EFTA02422821.pdf,data-set-11-files-4,1,email
EFTA02422822.pdf,data-set-11-files-4,1,other
EFTA02422823.pdf,data-set-11-files-4,2,email
EFTA02422825.pdf,data-set-11-files-4,1,email
EFTA02422826.pdf,data-set-11-files-4,1,email
EFTA02422827.pdf,data-set-11-files-4,3,email
EFTA02422830.pdf,data-set-11-files-4,1,other
EFTA02422831.pdf,data-set-11-files-4,1,other
EFTA02422832.pdf,data-set-11-files-4,1,other
EFTA02422833.pdf,data-set-11-files-4,1,other
EFTA02422834.pdf,data-set-11-files-4,1,email
EFTA02422835.pdf,data-set-11-files-4,1,email
EFTA02422836.pdf,data-set-11-files-4,1,other
EFTA02422837.pdf,data-set-11-files-4,1,email
EFTA02422838.pdf,data-set-11-files-4,1,email
EFTA02422839.pdf,data-set-11-files-4,1,other
EFTA02422840.pdf,data-set-11-files-4,1,email
EFTA02422841.pdf,data-set-11-files-4,1,other
EFTA02422842.pdf,data-set-11-files-4,5,email
EFTA02422847.pdf,data-set-11-files-4,1,email
EFTA02422848.pdf,data-set-11-files-4,1,email
EFTA02422849.pdf,data-set-11-files-4,1,email
EFTA02422850.pdf,data-set-11-files-4,1,email
EFTA02422851.pdf,data-set-11-files-4,1,email
EFTA02422852.pdf,data-set-11-files-4,1,other
EFTA02422853.pdf,data-set-11-files-4,1,email
EFTA02422854.pdf,data-set-11-files-4,1,other
EFTA02422855.pdf,data-set-11-files-4,1,email
EFTA02422856.pdf,data-set-11-files-4,1,email
EFTA02422857.pdf,data-set-11-files-4,1,other
EFTA02422858.pdf,data-set-11-files-4,1,email
EFTA02422859.pdf,data-set-11-files-4,1,email
EFTA02422860.pdf,data-set-11-files-4,4,email
EFTA02422864.pdf,data-set-11-files-4,1,other
EFTA02422865.pdf,data-set-11-files-4,1,other
EFTA02422866.pdf,data-set-11-files-4,1,other
EFTA02422867.pdf,data-set-11-files-4,1,email
EFTA02422868.pdf,data-set-11-files-4,1,other
EFTA02422869.pdf,data-set-11-files-4,1,email
EFTA02422870.pdf,data-set-11-files-4,1,email
EFTA02422871.pdf,data-set-11-files-4,1,email
EFTA02422872.pdf,data-set-11-files-4,1,email
EFTA02422873.pdf,data-set-11-files-4,1,other
EFTA02422874.pdf,data-set-11-files-4,1,email
EFTA02422875.pdf,data-set-11-files-4,1,email
EFTA02422876.pdf,data-set-11-files-4,1,email
EFTA02422877.pdf,data-set-11-files-4,2,email
EFTA02422879.pdf,data-set-11-files-4,1,other
EFTA02422880.pdf,data-set-11-files-4,1,email
EFTA02422881.pdf,data-set-11-files-4,1,email
EFTA02422882.pdf,data-set-11-files-4,1,other
EFTA02422883.pdf,data-set-11-files-4,1,email
EFTA02422884.pdf,data-set-11-files-4,2,email
EFTA02422886.pdf,data-set-11-files-4,5,email
EFTA02422891.pdf,data-set-11-files-4,1,other
EFTA02422892.pdf,data-set-11-files-4,1,email
EFTA02422893.pdf,data-set-11-files-4,1,other
EFTA02422894.pdf,data-set-11-files-4,1,email
EFTA02422895.pdf,data-set-11-files-4,2,email
EFTA02422897.pdf,data-set-11-files-4,1,email
EFTA02422898.pdf,data-set-11-files-4,1,email
EFTA02422899.pdf,data-set-11-files-4,1,email
EFTA02422900.pdf,data-set-11-files-4,1,other
EFTA02422901.pdf,data-set-11-files-4,1,other
EFTA02422902.pdf,data-set-11-files-4,1,email
EFTA02422903.pdf,data-set-11-files-4,1,email
EFTA02422904.pdf,data-set-11-files-4,1,email
EFTA02422905.pdf,data-set-11-files-4,1,other
EFTA02422906.pdf,data-set-11-files-4,2,other
EFTA02422908.pdf,data-set-11-files-4,1,other
EFTA02422909.pdf,data-set-11-files-4,1,email
EFTA02422910.pdf,data-set-11-files-4,1,other
EFTA02422911.pdf,data-set-11-files-4,1,email
EFTA02422912.pdf,data-set-11-files-4,3,email
EFTA02422915.pdf,data-set-11-files-4,1,email
EFTA02422916.pdf,data-set-11-files-4,1,email
EFTA02422917.pdf,data-set-11-files-4,1,other
EFTA02422918.pdf,data-set-11-files-4,1,other
EFTA02422919.pdf,data-set-11-files-4,1,email
EFTA02422920.pdf,data-set-11-files-4,1,email
EFTA02422921.pdf,data-set-11-files-4,1,email
EFTA02422922.pdf,data-set-11-files-4,1,email
EFTA02422923.pdf,data-set-11-files-4,2,email
EFTA02422925.pdf,data-set-11-files-4,1,other
EFTA02422926.pdf,data-set-11-files-4,1,email
EFTA02422927.pdf,data-set-11-files-4,1,email
EFTA02422928.pdf,data-set-11-files-4,1,email
EFTA02422929.pdf,data-set-11-files-4,1,email
EFTA02422930.pdf,data-set-11-files-4,2,email
EFTA02422932.pdf,data-set-11-files-4,1,email
EFTA02422933.pdf,data-set-11-files-4,1,email
EFTA02422934.pdf,data-set-11-files-4,1,email
EFTA02422935.pdf,data-set-11-files-4,1,email
EFTA02422936.pdf,data-set-11-files-4,2,email
EFTA02422938.pdf,data-set-11-files-4,2,email
EFTA02422940.pdf,data-set-11-files-4,1,email
EFTA02422941.pdf,data-set-11-files-4,2,email
EFTA02422943.pdf,data-set-11-files-4,2,email
EFTA02422945.pdf,data-set-11-files-4,1,email
EFTA02422946.pdf,data-set-11-files-4,1,email
EFTA02422947.pdf,data-set-11-files-4,1,email
EFTA02422948.pdf,data-set-11-files-4,2,email
EFTA02422950.pdf,data-set-11-files-4,1,email
EFTA02422951.pdf,data-set-11-files-4,1,other
EFTA02422952.pdf,data-set-11-files-4,2,email
EFTA02422954.pdf,data-set-11-files-4,1,other
EFTA02422955.pdf,data-set-11-files-4,2,email
EFTA02422957.pdf,data-set-11-files-4,1,email
EFTA02422958.pdf,data-set-11-files-4,1,email
EFTA02422959.pdf,data-set-11-files-4,1,email
EFTA02422960.pdf,data-set-11-files-4,1,other
EFTA02422961.pdf,data-set-11-files-4,1,other
EFTA02422962.pdf,data-set-11-files-4,1,email
EFTA02422963.pdf,data-set-11-files-4,1,email
EFTA02422964.pdf,data-set-11-files-4,1,other
EFTA02422965.pdf,data-set-11-files-4,1,email
EFTA02422966.pdf,data-set-11-files-4,1,other
EFTA02422967.pdf,data-set-11-files-4,1,email
EFTA02422968.pdf,data-set-11-files-4,1,other
EFTA02422969.pdf,data-set-11-files-4,1,other
EFTA02422970.pdf,data-set-11-files-4,1,email
EFTA02422971.pdf,data-set-11-files-4,1,other
EFTA02422972.pdf,data-set-11-files-4,1,other
EFTA02422973.pdf,data-set-11-files-4,1,other
EFTA02422974.pdf,data-set-11-files-4,1,other
EFTA02422975.pdf,data-set-11-files-4,1,other
EFTA02422976.pdf,data-set-11-files-4,1,other
EFTA02422977.pdf,data-set-11-files-4,1,other
EFTA02422978.pdf,data-set-11-files-4,1,other
EFTA02422979.pdf,data-set-11-files-4,1,other
EFTA02422980.pdf,data-set-11-files-4,1,email
EFTA02422981.pdf,data-set-11-files-4,1,email
EFTA02422982.pdf,data-set-11-files-4,1,other
EFTA02422983.pdf,data-set-11-files-4,1,other
EFTA02422984.pdf,data-set-11-files-4,1,other
EFTA02422985.pdf,data-set-11-files-4,1,email
EFTA02422986.pdf,data-set-11-files-4,1,email
EFTA02422987.pdf,data-set-11-files-4,1,other
EFTA02422988.pdf,data-set-11-files-4,1,other
EFTA02422989.pdf,data-set-11-files-4,1,other
EFTA02422990.pdf,data-set-11-files-4,1,email
EFTA02422991.pdf,data-set-11-files-4,1,other
EFTA02422992.pdf,data-set-11-files-4,1,other
EFTA02422993.pdf,data-set-11-files-4,1,email
EFTA02422994.pdf,data-set-11-files-4,1,email
EFTA02422995.pdf,data-set-11-files-4,2,email
EFTA02422997.pdf,data-set-11-files-4,1,email
EFTA02422998.pdf,data-set-11-files-4,1,email
EFTA02422999.pdf,data-set-11-files-4,3,email
EFTA02423002.pdf,data-set-11-files-4,2,email
EFTA02423004.pdf,data-set-11-files-4,1,email
EFTA02423005.pdf,data-set-11-files-4,1,email
EFTA02423006.pdf,data-set-11-files-4,1,other
EFTA02423007.pdf,data-set-11-files-4,1,email
EFTA02423008.pdf,data-set-11-files-4,3,email
EFTA02423011.pdf,data-set-11-files-4,1,email
EFTA02423012.pdf,data-set-11-files-4,1,email
EFTA02423013.pdf,data-set-11-files-4,1,other
EFTA02423014.pdf,data-set-11-files-4,1,other
EFTA02423015.pdf,data-set-11-files-4,2,email
EFTA02423017.pdf,data-set-11-files-4,1,other
EFTA02423018.pdf,data-set-11-files-4,1,other
EFTA02423019.pdf,data-set-11-files-4,2,email
EFTA02423021.pdf,data-set-11-files-4,1,email
EFTA02423022.pdf,data-set-11-files-4,1,email
EFTA02423023.pdf,data-set-11-files-4,1,other
EFTA02423024.pdf,data-set-11-files-4,1,email
EFTA02423025.pdf,data-set-11-files-4,1,other
EFTA02423026.pdf,data-set-11-files-4,2,email
EFTA02423028.pdf,data-set-11-files-4,2,other
EFTA02423030.pdf,data-set-11-files-4,1,other
EFTA02423031.pdf,data-set-11-files-4,1,other
EFTA02423032.pdf,data-set-11-files-4,1,other
EFTA02423033.pdf,data-set-11-files-4,1,email
EFTA02423034.pdf,data-set-11-files-4,1,email
EFTA02423035.pdf,data-set-11-files-4,1,other
EFTA02423036.pdf,data-set-11-files-4,1,other
EFTA02423037.pdf,data-set-11-files-4,2,email
EFTA02423039.pdf,data-set-11-files-4,1,other
EFTA02423040.pdf,data-set-11-files-4,1,email
EFTA02423041.pdf,data-set-11-files-4,1,email
EFTA02423042.pdf,data-set-11-files-4,1,other
EFTA02423043.pdf,data-set-11-files-4,1,other
EFTA02423044.pdf,data-set-11-files-4,1,email
EFTA02423045.pdf,data-set-11-files-4,1,email
EFTA02423046.pdf,data-set-11-files-4,1,other
EFTA02423047.pdf,data-set-11-files-4,1,email
EFTA02423048.pdf,data-set-11-files-4,2,other
EFTA02423050.pdf,data-set-11-files-4,6,email
EFTA02423056.pdf,data-set-11-files-4,1,other
EFTA02423057.pdf,data-set-11-files-4,1,other
EFTA02423058.pdf,data-set-11-files-4,1,email
EFTA02423059.pdf,data-set-11-files-4,2,other
EFTA02423061.pdf,data-set-11-files-4,1,other
EFTA02423062.pdf,data-set-11-files-4,4,email
EFTA02423066.pdf,data-set-11-files-4,1,other
EFTA02423067.pdf,data-set-11-files-4,1,other
EFTA02423068.pdf,data-set-11-files-4,1,other
EFTA02423069.pdf,data-set-11-files-4,1,other
EFTA02423070.pdf,data-set-11-files-4,1,other
EFTA02423071.pdf,data-set-11-files-4,1,other
EFTA02423072.pdf,data-set-11-files-4,2,email
EFTA02423074.pdf,data-set-11-files-4,1,email
EFTA02423075.pdf,data-set-11-files-4,1,email
EFTA02423076.pdf,data-set-11-files-4,1,email
EFTA02423077.pdf,data-set-11-files-4,1,email
EFTA02423078.pdf,data-set-11-files-4,1,other
EFTA02423079.pdf,data-set-11-files-4,1,email
EFTA02423080.pdf,data-set-11-files-4,1,email
EFTA02423081.pdf,data-set-11-files-4,1,email
EFTA02423082.pdf,data-set-11-files-4,2,email
EFTA02423084.pdf,data-set-11-files-4,1,email
EFTA02423085.pdf,data-set-11-files-4,1,email
EFTA02423086.pdf,data-set-11-files-4,1,email
EFTA02423087.pdf,data-set-11-files-4,2,email
EFTA02423089.pdf,data-set-11-files-4,2,email
EFTA02423091.pdf,data-set-11-files-4,1,other
EFTA02423092.pdf,data-set-11-files-4,1,email
EFTA02423093.pdf,data-set-11-files-4,1,email
EFTA02423094.pdf,data-set-11-files-4,2,email
EFTA02423096.pdf,data-set-11-files-4,1,email
EFTA02423097.pdf,data-set-11-files-4,1,email
EFTA02423098.pdf,data-set-11-files-4,1,email
EFTA02423099.pdf,data-set-11-files-4,1,email
EFTA02423100.pdf,data-set-11-files-4,1,other
EFTA02423101.pdf,data-set-11-files-4,1,email
EFTA02423102.pdf,data-set-11-files-4,1,other
EFTA02423103.pdf,data-set-11-files-4,1,other
EFTA02423104.pdf,data-set-11-files-4,1,email
EFTA02423105.pdf,data-set-11-files-4,1,other
EFTA02423106.pdf,data-set-11-files-4,1,other
EFTA02423107.pdf,data-set-11-files-4,1,other
EFTA02423108.pdf,data-set-11-files-4,1,email
EFTA02423109.pdf,data-set-11-files-4,1,other
EFTA02423110.pdf,data-set-11-files-4,1,email
EFTA02423111.pdf,data-set-11-files-4,1,other
EFTA02423112.pdf,data-set-11-files-4,1,other
EFTA02423113.pdf,data-set-11-files-4,1,email
EFTA02423114.pdf,data-set-11-files-4,1,email
EFTA02423115.pdf,data-set-11-files-4,2,email
EFTA02423117.pdf,data-set-11-files-4,2,email
EFTA02423119.pdf,data-set-11-files-4,1,email
EFTA02423120.pdf,data-set-11-files-4,1,other
EFTA02423121.pdf,data-set-11-files-4,2,email
EFTA02423123.pdf,data-set-11-files-4,1,other
EFTA02423124.pdf,data-set-11-files-4,1,other
EFTA02423125.pdf,data-set-11-files-4,1,email
EFTA02423126.pdf,data-set-11-files-4,1,other
EFTA02423127.pdf,data-set-11-files-4,1,other
EFTA02423128.pdf,data-set-11-files-4,1,email
EFTA02423129.pdf,data-set-11-files-4,1,other
EFTA02423130.pdf,data-set-11-files-4,1,other
EFTA02423131.pdf,data-set-11-files-4,1,other
EFTA02423132.pdf,data-set-11-files-4,1,other
EFTA02423133.pdf,data-set-11-files-4,3,email
EFTA02423136.pdf,data-set-11-files-4,1,other
EFTA02423137.pdf,data-set-11-files-4,1,other
EFTA02423138.pdf,data-set-11-files-4,2,email
EFTA02423140.pdf,data-set-11-files-4,1,email
EFTA02423141.pdf,data-set-11-files-4,1,other
EFTA02423142.pdf,data-set-11-files-4,1,other
EFTA02423143.pdf,data-set-11-files-4,1,other
EFTA02423144.pdf,data-set-11-files-4,2,email
EFTA02423146.pdf,data-set-11-files-4,1,email
EFTA02423147.pdf,data-set-11-files-4,3,email
EFTA02423150.pdf,data-set-11-files-4,1,other
EFTA02423151.pdf,data-set-11-files-4,1,other
EFTA02423152.pdf,data-set-11-files-4,1,other
EFTA02423154.pdf,data-set-11-files-4,3,email
EFTA02423157.pdf,data-set-11-files-4,1,email
EFTA02423158.pdf,data-set-11-files-4,1,other
EFTA02423159.pdf,data-set-11-files-4,1,email
EFTA02423160.pdf,data-set-11-files-4,1,email
EFTA02423161.pdf,data-set-11-files-4,1,email
EFTA02423162.pdf,data-set-11-files-4,1,email
EFTA02423163.pdf,data-set-11-files-4,1,other
EFTA02423164.pdf,data-set-11-files-4,1,email
EFTA02423165.pdf,data-set-11-files-4,1,email
EFTA02423166.pdf,data-set-11-files-4,1,other
EFTA02423167.pdf,data-set-11-files-4,3,email
EFTA02423170.pdf,data-set-11-files-4,1,email
EFTA02423171.pdf,data-set-11-files-4,2,email
EFTA02423173.pdf,data-set-11-files-4,4,other
EFTA02423177.pdf,data-set-11-files-4,1,other
EFTA02423178.pdf,data-set-11-files-4,1,email
EFTA02423179.pdf,data-set-11-files-4,1,email
EFTA02423180.pdf,data-set-11-files-4,2,email
EFTA02423182.pdf,data-set-11-files-4,1,email
EFTA02423183.pdf,data-set-11-files-4,1,other
EFTA02423184.pdf,data-set-11-files-4,3,email
EFTA02423187.pdf,data-set-11-files-4,1,other
EFTA02423188.pdf,data-set-11-files-4,1,other
EFTA02423189.pdf,data-set-11-files-4,1,email
EFTA02423190.pdf,data-set-11-files-4,2,email
EFTA02423192.pdf,data-set-11-files-4,1,email
EFTA02423193.pdf,data-set-11-files-4,4,email
EFTA02423197.pdf,data-set-11-files-4,1,other
EFTA02423198.pdf,data-set-11-files-4,1,email
EFTA02423199.pdf,data-set-11-files-4,1,email
EFTA02423200.pdf,data-set-11-files-4,3,email
EFTA02423203.pdf,data-set-11-files-4,1,email
EFTA02423204.pdf,data-set-11-files-4,1,email
EFTA02423205.pdf,data-set-11-files-4,3,email
EFTA02423208.pdf,data-set-11-files-4,1,email
EFTA02423209.pdf,data-set-11-files-4,1,other
EFTA02423210.pdf,data-set-11-files-4,1,email
EFTA02423211.pdf,data-set-11-files-4,1,email
EFTA02423212.pdf,data-set-11-files-4,1,other
EFTA02423213.pdf,data-set-11-files-4,1,other
EFTA02423214.pdf,data-set-11-files-4,2,email
EFTA02423216.pdf,data-set-11-files-4,3,email
EFTA02423219.pdf,data-set-11-files-4,2,email
EFTA02423221.pdf,data-set-11-files-4,3,email
EFTA02423224.pdf,data-set-11-files-4,1,email
EFTA02423225.pdf,data-set-11-files-4,1,other
EFTA02423226.pdf,data-set-11-files-4,2,email
EFTA02423228.pdf,data-set-11-files-4,1,other
EFTA02423229.pdf,data-set-11-files-4,5,email
EFTA02423234.pdf,data-set-11-files-4,1,other
EFTA02423235.pdf,data-set-11-files-4,1,other
EFTA02423236.pdf,data-set-11-files-4,1,email
EFTA02423237.pdf,data-set-11-files-4,1,other
EFTA02423238.pdf,data-set-11-files-4,1,other
EFTA02423239.pdf,data-set-11-files-4,1,email
EFTA02423240.pdf,data-set-11-files-4,1,other
EFTA02423241.pdf,data-set-11-files-4,1,email
EFTA02423242.pdf,data-set-11-files-4,2,email
EFTA02423244.pdf,data-set-11-files-4,2,email
EFTA02423246.pdf,data-set-11-files-4,1,email
EFTA02423247.pdf,data-set-11-files-4,1,email
EFTA02423248.pdf,data-set-11-files-4,1,other
EFTA02423249.pdf,data-set-11-files-4,1,other
EFTA02423250.pdf,data-set-11-files-4,1,other
EFTA02423251.pdf,data-set-11-files-4,2,other
EFTA02423253.pdf,data-set-11-files-4,1,email
EFTA02423254.pdf,data-set-11-files-4,1,email
EFTA02423255.pdf,data-set-11-files-4,1,other
EFTA02423256.pdf,data-set-11-files-4,2,email
EFTA02423258.pdf,data-set-11-files-4,1,other
EFTA02423259.pdf,data-set-11-files-4,1,email
EFTA02423260.pdf,data-set-11-files-4,1,email
EFTA02423261.pdf,data-set-11-files-4,2,other
EFTA02423263.pdf,data-set-11-files-4,2,email
EFTA02423265.pdf,data-set-11-files-4,2,email
EFTA02423267.pdf,data-set-11-files-4,1,email
EFTA02423268.pdf,data-set-11-files-4,1,email
EFTA02423269.pdf,data-set-11-files-4,1,email
EFTA02423270.pdf,data-set-11-files-4,3,email
EFTA02423273.pdf,data-set-11-files-4,1,email
EFTA02423274.pdf,data-set-11-files-4,3,email
EFTA02423277.pdf,data-set-11-files-4,1,other
EFTA02423278.pdf,data-set-11-files-4,1,email
EFTA02423279.pdf,data-set-11-files-4,1,other
EFTA02423280.pdf,data-set-11-files-4,1,other
EFTA02423281.pdf,data-set-11-files-4,1,other
EFTA02423282.pdf,data-set-11-files-4,1,email
EFTA02423283.pdf,data-set-11-files-4,1,other
EFTA02423284.pdf,data-set-11-files-4,1,email
EFTA02423285.pdf,data-set-11-files-4,2,email
EFTA02423287.pdf,data-set-11-files-4,1,other
EFTA02423288.pdf,data-set-11-files-4,1,other
EFTA02423289.pdf,data-set-11-files-4,3,email
EFTA02423292.pdf,data-set-11-files-4,1,email
EFTA02423293.pdf,data-set-11-files-4,1,other
EFTA02423294.pdf,data-set-11-files-4,3,email
EFTA02423297.pdf,data-set-11-files-4,1,other
EFTA02423298.pdf,data-set-11-files-4,3,email
EFTA02423301.pdf,data-set-11-files-4,1,other
EFTA02423302.pdf,data-set-11-files-4,5,email
EFTA02423307.pdf,data-set-11-files-4,2,email
EFTA02423309.pdf,data-set-11-files-4,1,email
EFTA02423310.pdf,data-set-11-files-4,1,other
EFTA02423311.pdf,data-set-11-files-4,1,email
EFTA02423312.pdf,data-set-11-files-4,1,other
EFTA02423313.pdf,data-set-11-files-4,1,email
EFTA02423314.pdf,data-set-11-files-4,2,email
EFTA02423316.pdf,data-set-11-files-4,4,email
EFTA02423320.pdf,data-set-11-files-4,1,other
EFTA02423321.pdf,data-set-11-files-4,1,email
EFTA02423322.pdf,data-set-11-files-4,3,email
EFTA02423325.pdf,data-set-11-files-4,1,other
EFTA02423326.pdf,data-set-11-files-4,1,email
EFTA02423327.pdf,data-set-11-files-4,2,email
EFTA02423329.pdf,data-set-11-files-4,1,other
EFTA02423330.pdf,data-set-11-files-4,1,other
EFTA02423331.pdf,data-set-11-files-4,1,email
EFTA02423332.pdf,data-set-11-files-4,1,other
EFTA02423333.pdf,data-set-11-files-4,1,email
EFTA02423334.pdf,data-set-11-files-4,1,other
EFTA02423335.pdf,data-set-11-files-4,1,other
EFTA02423336.pdf,data-set-11-files-4,1,email
EFTA02423337.pdf,data-set-11-files-4,1,other
EFTA02423338.pdf,data-set-11-files-4,1,email
EFTA02423339.pdf,data-set-11-files-4,1,other
EFTA02423340.pdf,data-set-11-files-4,1,email
EFTA02423341.pdf,data-set-11-files-4,1,email
EFTA02423342.pdf,data-set-11-files-4,1,email
EFTA02423343.pdf,data-set-11-files-4,1,email
EFTA02423344.pdf,data-set-11-files-4,2,email
EFTA02423346.pdf,data-set-11-files-4,3,email
EFTA02423349.pdf,data-set-11-files-4,1,email
EFTA02423350.pdf,data-set-11-files-4,1,email
EFTA02423351.pdf,data-set-11-files-4,3,email
EFTA02423354.pdf,data-set-11-files-4,1,other
EFTA02423355.pdf,data-set-11-files-4,1,other
EFTA02423356.pdf,data-set-11-files-4,1,email
EFTA02423357.pdf,data-set-11-files-4,1,other
EFTA02423358.pdf,data-set-11-files-4,3,email
EFTA02423361.pdf,data-set-11-files-4,1,other
EFTA02423362.pdf,data-set-11-files-4,1,email
EFTA02423363.pdf,data-set-11-files-4,1,other
EFTA02423364.pdf,data-set-11-files-4,1,email
EFTA02423365.pdf,data-set-11-files-4,1,email
EFTA02423366.pdf,data-set-11-files-4,1,email
EFTA02423367.pdf,data-set-11-files-4,1,email
EFTA02423368.pdf,data-set-11-files-4,1,email
EFTA02423369.pdf,data-set-11-files-4,1,email
EFTA02423370.pdf,data-set-11-files-4,1,other
EFTA02423371.pdf,data-set-11-files-4,2,email
EFTA02423373.pdf,data-set-11-files-4,3,email
EFTA02423376.pdf,data-set-11-files-4,1,other
EFTA02423377.pdf,data-set-11-files-4,1,other
EFTA02423378.pdf,data-set-11-files-4,1,other
EFTA02423379.pdf,data-set-11-files-4,1,other
EFTA02423380.pdf,data-set-11-files-4,2,other
EFTA02423382.pdf,data-set-11-files-4,1,email
EFTA02423383.pdf,data-set-11-files-4,2,email
EFTA02423385.pdf,data-set-11-files-4,2,email
EFTA02423387.pdf,data-set-11-files-4,2,other
EFTA02423389.pdf,data-set-11-files-4,1,other
EFTA02423390.pdf,data-set-11-files-4,1,other
EFTA02423391.pdf,data-set-11-files-4,1,other
EFTA02423392.pdf,data-set-11-files-4,1,email
EFTA02423393.pdf,data-set-11-files-4,1,other
EFTA02423394.pdf,data-set-11-files-4,2,other
EFTA02423396.pdf,data-set-11-files-4,1,other
EFTA02423397.pdf,data-set-11-files-4,2,email
EFTA02423399.pdf,data-set-11-files-4,1,email
EFTA02423400.pdf,data-set-11-files-4,1,other
EFTA02423401.pdf,data-set-11-files-4,1,other
EFTA02423402.pdf,data-set-11-files-4,3,email
EFTA02423405.pdf,data-set-11-files-4,1,email
EFTA02423406.pdf,data-set-11-files-4,1,other
EFTA02423407.pdf,data-set-11-files-4,2,email
EFTA02423409.pdf,data-set-11-files-4,1,other
EFTA02423410.pdf,data-set-11-files-4,2,other
EFTA02423412.pdf,data-set-11-files-4,1,email
EFTA02423413.pdf,data-set-11-files-4,1,email
EFTA02423414.pdf,data-set-11-files-4,1,email
EFTA02423415.pdf,data-set-11-files-4,1,email
EFTA02423416.pdf,data-set-11-files-4,1,email
EFTA02423417.pdf,data-set-11-files-4,1,other
EFTA02423418.pdf,data-set-11-files-4,1,other
EFTA02423419.pdf,data-set-11-files-4,1,other
EFTA02423420.pdf,data-set-11-files-4,1,email
EFTA02423421.pdf,data-set-11-files-4,1,email
EFTA02423422.pdf,data-set-11-files-4,1,other
EFTA02423423.pdf,data-set-11-files-4,1,email
EFTA02423424.pdf,data-set-11-files-4,1,other
EFTA02423425.pdf,data-set-11-files-4,1,other
EFTA02423426.pdf,data-set-11-files-4,1,email
EFTA02423427.pdf,data-set-11-files-4,2,email
EFTA02423429.pdf,data-set-11-files-4,1,email
EFTA02423430.pdf,data-set-11-files-4,1,other
EFTA02423431.pdf,data-set-11-files-4,1,email
EFTA02423432.pdf,data-set-11-files-4,1,other
EFTA02423433.pdf,data-set-11-files-4,1,email
EFTA02423434.pdf,data-set-11-files-4,1,email
EFTA02423435.pdf,data-set-11-files-4,1,email
EFTA02423436.pdf,data-set-11-files-4,1,email
EFTA02423437.pdf,data-set-11-files-4,2,email
EFTA02423439.pdf,data-set-11-files-4,1,other
EFTA02423440.pdf,data-set-11-files-4,1,email
EFTA02423441.pdf,data-set-11-files-4,1,other
EFTA02423442.pdf,data-set-11-files-4,1,email
EFTA02423443.pdf,data-set-11-files-4,2,email
EFTA02423445.pdf,data-set-11-files-4,1,email
EFTA02423446.pdf,data-set-11-files-4,1,other
EFTA02423447.pdf,data-set-11-files-4,1,email
EFTA02423448.pdf,data-set-11-files-4,1,other
EFTA02423449.pdf,data-set-11-files-4,1,other
EFTA02423450.pdf,data-set-11-files-4,2,email
EFTA02423452.pdf,data-set-11-files-4,1,email
EFTA02423453.pdf,data-set-11-files-4,1,email
EFTA02423454.pdf,data-set-11-files-4,1,other
EFTA02423455.pdf,data-set-11-files-4,2,email
EFTA02423457.pdf,data-set-11-files-4,1,email
EFTA02423458.pdf,data-set-11-files-4,1,other
EFTA02423459.pdf,data-set-11-files-4,1,other
EFTA02423460.pdf,data-set-11-files-4,1,other
EFTA02423461.pdf,data-set-11-files-4,1,other
EFTA02423462.pdf,data-set-11-files-4,1,other
EFTA02423463.pdf,data-set-11-files-4,1,other
EFTA02423464.pdf,data-set-11-files-4,1,other
EFTA02423465.pdf,data-set-11-files-4,1,email
EFTA02423466.pdf,data-set-11-files-4,1,other
EFTA02423467.pdf,data-set-11-files-4,1,other
EFTA02423468.pdf,data-set-11-files-4,1,other
EFTA02423469.pdf,data-set-11-files-4,1,email
EFTA02423470.pdf,data-set-11-files-4,2,email
EFTA02423472.pdf,data-set-11-files-4,1,email
EFTA02423473.pdf,data-set-11-files-4,2,email
EFTA02423475.pdf,data-set-11-files-4,1,email
EFTA02423476.pdf,data-set-11-files-4,1,other
EFTA02423477.pdf,data-set-11-files-4,3,email
EFTA02423480.pdf,data-set-11-files-4,2,email
EFTA02423482.pdf,data-set-11-files-4,1,email
EFTA02423483.pdf,data-set-11-files-4,1,email
EFTA02423484.pdf,data-set-11-files-4,2,email
EFTA02423486.pdf,data-set-11-files-4,1,email
EFTA02423487.pdf,data-set-11-files-4,1,email
EFTA02423488.pdf,data-set-11-files-4,1,other
EFTA02423489.pdf,data-set-11-files-4,1,email
EFTA02423490.pdf,data-set-11-files-4,2,email
EFTA02423492.pdf,data-set-11-files-4,1,other
EFTA02423493.pdf,data-set-11-files-4,1,email
EFTA02423494.pdf,data-set-11-files-4,2,other
EFTA02423496.pdf,data-set-11-files-4,1,other
EFTA02423497.pdf,data-set-11-files-4,1,other
EFTA02423498.pdf,data-set-11-files-4,1,email
EFTA02423499.pdf,data-set-11-files-4,1,email
EFTA02423500.pdf,data-set-11-files-4,1,email
EFTA02423501.pdf,data-set-11-files-4,1,other
EFTA02423502.pdf,data-set-11-files-4,2,email
EFTA02423504.pdf,data-set-11-files-4,1,email
EFTA02423505.pdf,data-set-11-files-4,1,other
EFTA02423506.pdf,data-set-11-files-4,2,email
EFTA02423508.pdf,data-set-11-files-4,2,email
EFTA02423510.pdf,data-set-11-files-4,1,email
EFTA02423511.pdf,data-set-11-files-4,1,email
EFTA02423512.pdf,data-set-11-files-4,1,email
EFTA02423513.pdf,data-set-11-files-4,1,other
EFTA02423514.pdf,data-set-11-files-4,1,other
EFTA02423515.pdf,data-set-11-files-4,1,other
EFTA02423516.pdf,data-set-11-files-4,2,other
EFTA02423518.pdf,data-set-11-files-4,2,email
EFTA02423520.pdf,data-set-11-files-4,1,other
EFTA02423521.pdf,data-set-11-files-4,1,other
EFTA02423522.pdf,data-set-11-files-4,1,other
EFTA02423523.pdf,data-set-11-files-4,1,other
EFTA02423524.pdf,data-set-11-files-4,1,email
EFTA02423525.pdf,data-set-11-files-4,1,email
EFTA02423526.pdf,data-set-11-files-4,1,other
EFTA02423527.pdf,data-set-11-files-4,1,other
EFTA02423528.pdf,data-set-11-files-4,1,other
EFTA02423529.pdf,data-set-11-files-4,1,email
EFTA02423530.pdf,data-set-11-files-4,1,email
EFTA02423531.pdf,data-set-11-files-4,3,email
EFTA02423534.pdf,data-set-11-files-4,1,other
EFTA02423535.pdf,data-set-11-files-4,1,other
EFTA02423536.pdf,data-set-11-files-4,2,other
EFTA02423538.pdf,data-set-11-files-4,1,other
EFTA02423539.pdf,data-set-11-files-4,1,email
EFTA02423540.pdf,data-set-11-files-4,1,other
EFTA02423541.pdf,data-set-11-files-4,4,email
EFTA02423545.pdf,data-set-11-files-4,1,other
EFTA02423546.pdf,data-set-11-files-4,1,other
EFTA02423547.pdf,data-set-11-files-4,1,email
EFTA02423548.pdf,data-set-11-files-4,1,other
EFTA02423549.pdf,data-set-11-files-4,1,email
EFTA02423550.pdf,data-set-11-files-4,1,email
EFTA02423551.pdf,data-set-11-files-4,1,other
EFTA02423552.pdf,data-set-11-files-4,1,other
EFTA02423553.pdf,data-set-11-files-4,1,other
EFTA02423554.pdf,data-set-11-files-4,1,other
EFTA02423555.pdf,data-set-11-files-4,1,email
EFTA02423556.pdf,data-set-11-files-4,1,other
EFTA02423557.pdf,data-set-11-files-4,1,email
EFTA02423558.pdf,data-set-11-files-4,1,email
EFTA02423559.pdf,data-set-11-files-4,1,other
EFTA02423560.pdf,data-set-11-files-4,2,email
EFTA02423562.pdf,data-set-11-files-4,3,email
EFTA02423565.pdf,data-set-11-files-4,1,other
EFTA02423566.pdf,data-set-11-files-4,1,other
EFTA02423567.pdf,data-set-11-files-4,3,email
EFTA02423570.pdf,data-set-11-files-4,1,email
EFTA02423571.pdf,data-set-11-files-4,1,email
EFTA02423572.pdf,data-set-11-files-4,1,email
EFTA02423573.pdf,data-set-11-files-4,1,other
EFTA02423574.pdf,data-set-11-files-4,1,email
EFTA02423575.pdf,data-set-11-files-4,1,other
EFTA02423576.pdf,data-set-11-files-4,1,other
EFTA02423577.pdf,data-set-11-files-4,2,other
EFTA02423579.pdf,data-set-11-files-4,1,email
EFTA02423580.pdf,data-set-11-files-4,2,other
EFTA02423582.pdf,data-set-11-files-4,2,email
EFTA02423584.pdf,data-set-11-files-4,1,email
EFTA02423585.pdf,data-set-11-files-4,1,email
EFTA02423586.pdf,data-set-11-files-4,1,other
EFTA02423587.pdf,data-set-11-files-4,3,email
EFTA02423590.pdf,data-set-11-files-4,3,email
EFTA02423593.pdf,data-set-11-files-4,1,email
EFTA02423594.pdf,data-set-11-files-4,1,email
EFTA02423595.pdf,data-set-11-files-4,2,email
EFTA02423597.pdf,data-set-11-files-4,1,other
EFTA02423598.pdf,data-set-11-files-4,1,other
EFTA02423599.pdf,data-set-11-files-4,2,email
EFTA02423601.pdf,data-set-11-files-4,1,email
EFTA02423602.pdf,data-set-11-files-4,2,email
EFTA02423604.pdf,data-set-11-files-4,1,email
EFTA02423605.pdf,data-set-11-files-4,2,email
EFTA02423607.pdf,data-set-11-files-4,1,email
EFTA02423608.pdf,data-set-11-files-4,1,email
EFTA02423609.pdf,data-set-11-files-4,1,other
EFTA02423610.pdf,data-set-11-files-4,1,email
EFTA02423611.pdf,data-set-11-files-4,1,email
EFTA02423612.pdf,data-set-11-files-4,2,email
EFTA02423614.pdf,data-set-11-files-4,2,email
EFTA02423616.pdf,data-set-11-files-4,1,email
EFTA02423617.pdf,data-set-11-files-4,1,other
EFTA02423618.pdf,data-set-11-files-4,2,email
EFTA02423620.pdf,data-set-11-files-4,1,other
EFTA02423621.pdf,data-set-11-files-4,1,email
EFTA02423622.pdf,data-set-11-files-4,1,email
EFTA02423623.pdf,data-set-11-files-4,3,email
EFTA02423626.pdf,data-set-11-files-4,1,email
EFTA02423627.pdf,data-set-11-files-4,1,other
EFTA02423628.pdf,data-set-11-files-4,1,other
EFTA02423629.pdf,data-set-11-files-4,2,email
EFTA02423631.pdf,data-set-11-files-4,2,email
EFTA02423633.pdf,data-set-11-files-4,2,email
EFTA02423635.pdf,data-set-11-files-4,1,email
EFTA02423636.pdf,data-set-11-files-4,2,email
EFTA02423638.pdf,data-set-11-files-4,1,email
EFTA02423639.pdf,data-set-11-files-4,1,other
EFTA02423640.pdf,data-set-11-files-4,2,email
EFTA02423642.pdf,data-set-11-files-4,1,other
EFTA02423643.pdf,data-set-11-files-4,1,email
EFTA02423644.pdf,data-set-11-files-4,1,email
EFTA02423645.pdf,data-set-11-files-4,1,email
EFTA02423646.pdf,data-set-11-files-4,1,other
EFTA02423647.pdf,data-set-11-files-4,1,other
EFTA02423648.pdf,data-set-11-files-4,1,email
EFTA02423649.pdf,data-set-11-files-4,1,email
EFTA02423650.pdf,data-set-11-files-4,1,email
EFTA02423651.pdf,data-set-11-files-4,1,email
EFTA02423652.pdf,data-set-11-files-4,1,email
EFTA02423653.pdf,data-set-11-files-4,1,other
EFTA02423654.pdf,data-set-11-files-4,1,email
EFTA02423655.pdf,data-set-11-files-4,1,email
EFTA02423656.pdf,data-set-11-files-4,3,email
EFTA02423659.pdf,data-set-11-files-4,2,email
EFTA02423661.pdf,data-set-11-files-4,1,other
EFTA02423662.pdf,data-set-11-files-4,1,other
EFTA02423663.pdf,data-set-11-files-4,2,email
EFTA02423665.pdf,data-set-11-files-4,3,email
EFTA02423668.pdf,data-set-11-files-4,2,other
EFTA02423670.pdf,data-set-11-files-4,2,other
EFTA02423672.pdf,data-set-11-files-4,1,other
EFTA02423673.pdf,data-set-11-files-4,1,other
EFTA02423674.pdf,data-set-11-files-4,1,email
EFTA02423675.pdf,data-set-11-files-4,1,email
EFTA02423676.pdf,data-set-11-files-4,5,other
EFTA02423681.pdf,data-set-11-files-4,1,email
EFTA02423682.pdf,data-set-11-files-4,1,other
EFTA02423683.pdf,data-set-11-files-4,1,email
EFTA02423684.pdf,data-set-11-files-4,1,email
EFTA02423685.pdf,data-set-11-files-4,1,email
EFTA02423686.pdf,data-set-11-files-4,2,email
EFTA02423688.pdf,data-set-11-files-4,1,email
EFTA02423689.pdf,data-set-11-files-4,1,email
EFTA02423690.pdf,data-set-11-files-4,1,email
EFTA02423691.pdf,data-set-11-files-4,1,email
EFTA02423692.pdf,data-set-11-files-4,1,email
EFTA02423693.pdf,data-set-11-files-4,2,email
EFTA02423695.pdf,data-set-11-files-4,1,other
EFTA02423696.pdf,data-set-11-files-4,5,email
EFTA02423701.pdf,data-set-11-files-4,1,other
EFTA02423702.pdf,data-set-11-files-4,2,email
EFTA02423704.pdf,data-set-11-files-4,1,email
EFTA02423705.pdf,data-set-11-files-4,1,email
EFTA02423706.pdf,data-set-11-files-4,1,other
EFTA02423707.pdf,data-set-11-files-4,1,email
EFTA02423708.pdf,data-set-11-files-4,1,email
EFTA02423709.pdf,data-set-11-files-4,2,email
EFTA02423711.pdf,data-set-11-files-4,1,email
EFTA02423712.pdf,data-set-11-files-4,1,other
EFTA02423713.pdf,data-set-11-files-4,1,other
EFTA02423714.pdf,data-set-11-files-4,4,email
EFTA02423718.pdf,data-set-11-files-4,1,other
EFTA02423719.pdf,data-set-11-files-4,1,email
EFTA02423720.pdf,data-set-11-files-4,1,email
EFTA02423721.pdf,data-set-11-files-4,3,email
EFTA02423724.pdf,data-set-11-files-4,3,email
EFTA02423727.pdf,data-set-11-files-4,2,email
EFTA02423729.pdf,data-set-11-files-4,1,email
EFTA02423730.pdf,data-set-11-files-4,1,email
EFTA02423731.pdf,data-set-11-files-4,1,email
EFTA02423732.pdf,data-set-11-files-4,2,email
EFTA02423734.pdf,data-set-11-files-4,1,other
EFTA02423735.pdf,data-set-11-files-4,1,email
EFTA02423736.pdf,data-set-11-files-4,1,other
EFTA02423737.pdf,data-set-11-files-4,1,email
EFTA02423738.pdf,data-set-11-files-4,1,email
EFTA02423739.pdf,data-set-11-files-4,3,email
EFTA02423742.pdf,data-set-11-files-4,1,email
EFTA02423743.pdf,data-set-11-files-4,2,other
EFTA02423745.pdf,data-set-11-files-4,1,other
EFTA02423746.pdf,data-set-11-files-4,1,other
EFTA02423747.pdf,data-set-11-files-4,2,email
EFTA02423749.pdf,data-set-11-files-4,3,email
EFTA02423752.pdf,data-set-11-files-4,2,email
EFTA02423754.pdf,data-set-11-files-4,1,other
EFTA02423755.pdf,data-set-11-files-4,1,other
EFTA02423756.pdf,data-set-11-files-4,1,email
EFTA02423757.pdf,data-set-11-files-4,1,email
EFTA02423758.pdf,data-set-11-files-4,1,other
EFTA02423759.pdf,data-set-11-files-4,1,email
EFTA02423760.pdf,data-set-11-files-4,2,email
EFTA02423762.pdf,data-set-11-files-4,1,email
EFTA02423763.pdf,data-set-11-files-4,1,email
EFTA02423764.pdf,data-set-11-files-4,1,email
EFTA02423765.pdf,data-set-11-files-4,1,other
EFTA02423766.pdf,data-set-11-files-4,1,email
EFTA02423767.pdf,data-set-11-files-4,1,email
EFTA02423768.pdf,data-set-11-files-4,1,email
EFTA02423769.pdf,data-set-11-files-4,2,email
EFTA02423771.pdf,data-set-11-files-4,1,email
EFTA02423772.pdf,data-set-11-files-4,1,email
EFTA02423773.pdf,data-set-11-files-4,1,other
EFTA02423774.pdf,data-set-11-files-4,1,email
EFTA02423775.pdf,data-set-11-files-4,2,email
EFTA02423777.pdf,data-set-11-files-4,1,email
EFTA02423778.pdf,data-set-11-files-4,1,email
EFTA02423779.pdf,data-set-11-files-4,1,email
EFTA02423780.pdf,data-set-11-files-4,2,email
EFTA02423782.pdf,data-set-11-files-4,1,other
EFTA02423783.pdf,data-set-11-files-4,2,email
EFTA02423785.pdf,data-set-11-files-4,2,email
EFTA02423787.pdf,data-set-11-files-4,1,other
EFTA02423788.pdf,data-set-11-files-4,1,other
EFTA02423789.pdf,data-set-11-files-4,1,other
EFTA02423790.pdf,data-set-11-files-4,2,email
EFTA02423792.pdf,data-set-11-files-4,1,other
EFTA02423793.pdf,data-set-11-files-4,1,other
EFTA02423794.pdf,data-set-11-files-4,1,other
EFTA02423795.pdf,data-set-11-files-4,1,email
EFTA02423796.pdf,data-set-11-files-4,1,email
EFTA02423797.pdf,data-set-11-files-4,2,email
EFTA02423799.pdf,data-set-11-files-4,2,email
EFTA02423801.pdf,data-set-11-files-4,1,email
EFTA02423802.pdf,data-set-11-files-4,1,email
EFTA02423803.pdf,data-set-11-files-4,1,email
EFTA02423804.pdf,data-set-11-files-4,1,other
EFTA02423805.pdf,data-set-11-files-4,1,other
EFTA02423806.pdf,data-set-11-files-4,2,email
EFTA02423808.pdf,data-set-11-files-4,1,other
EFTA02423809.pdf,data-set-11-files-4,3,email
EFTA02423812.pdf,data-set-11-files-4,1,email
EFTA02423813.pdf,data-set-11-files-4,1,other
EFTA02423814.pdf,data-set-11-files-4,2,email
EFTA02423816.pdf,data-set-11-files-4,1,email
EFTA02423817.pdf,data-set-11-files-4,1,email
EFTA02423818.pdf,data-set-11-files-4,3,email
EFTA02423821.pdf,data-set-11-files-4,1,other
EFTA02423822.pdf,data-set-11-files-4,2,email
EFTA02423824.pdf,data-set-11-files-4,1,email
EFTA02423825.pdf,data-set-11-files-4,1,other
EFTA02423826.pdf,data-set-11-files-4,1,other
EFTA02423827.pdf,data-set-11-files-4,1,email
EFTA02423828.pdf,data-set-11-files-4,1,other
EFTA02423829.pdf,data-set-11-files-4,2,email
EFTA02423831.pdf,data-set-11-files-4,1,email
EFTA02423832.pdf,data-set-11-files-4,1,other
EFTA02423833.pdf,data-set-11-files-4,1,email
EFTA02423834.pdf,data-set-11-files-4,1,email
EFTA02423835.pdf,data-set-11-files-4,1,other
EFTA02423836.pdf,data-set-11-files-4,1,other
EFTA02423837.pdf,data-set-11-files-4,1,other
EFTA02423838.pdf,data-set-11-files-4,1,email
EFTA02423839.pdf,data-set-11-files-4,1,email
EFTA02423840.pdf,data-set-11-files-4,1,email
EFTA02423841.pdf,data-set-11-files-4,1,email
EFTA02423842.pdf,data-set-11-files-4,1,email
EFTA02423843.pdf,data-set-11-files-4,1,other
EFTA02423844.pdf,data-set-11-files-4,1,other
EFTA02423845.pdf,data-set-11-files-4,1,other
EFTA02423846.pdf,data-set-11-files-4,2,email
EFTA02423848.pdf,data-set-11-files-4,1,email
EFTA02423849.pdf,data-set-11-files-4,1,other
EFTA02423850.pdf,data-set-11-files-4,2,email
EFTA02423852.pdf,data-set-11-files-4,3,email
EFTA02423855.pdf,data-set-11-files-4,1,other
EFTA02423856.pdf,data-set-11-files-4,1,email
EFTA02423857.pdf,data-set-11-files-4,1,other
EFTA02423858.pdf,data-set-11-files-4,1,email
EFTA02423859.pdf,data-set-11-files-4,1,email
EFTA02423860.pdf,data-set-11-files-4,1,email
EFTA02423861.pdf,data-set-11-files-4,1,other
EFTA02423862.pdf,data-set-11-files-4,3,email
EFTA02423865.pdf,data-set-11-files-4,2,email
EFTA02423867.pdf,data-set-11-files-4,3,other
EFTA02423870.pdf,data-set-11-files-4,3,email
EFTA02423873.pdf,data-set-11-files-4,1,email
EFTA02423874.pdf,data-set-11-files-4,1,other
EFTA02423875.pdf,data-set-11-files-4,1,email
EFTA02423876.pdf,data-set-11-files-4,1,email
EFTA02423877.pdf,data-set-11-files-4,1,email
EFTA02423878.pdf,data-set-11-files-4,1,other
EFTA02423879.pdf,data-set-11-files-4,1,email
EFTA02423880.pdf,data-set-11-files-4,1,other
EFTA02423881.pdf,data-set-11-files-4,1,email
EFTA02423882.pdf,data-set-11-files-4,1,other
EFTA02423883.pdf,data-set-11-files-4,2,email
EFTA02423885.pdf,data-set-11-files-4,1,other
EFTA02423886.pdf,data-set-11-files-4,2,email
EFTA02423888.pdf,data-set-11-files-4,1,email
EFTA02423889.pdf,data-set-11-files-4,1,other
EFTA02423890.pdf,data-set-11-files-4,1,other
EFTA02423891.pdf,data-set-11-files-4,1,other
EFTA02423892.pdf,data-set-11-files-4,3,email
EFTA02423895.pdf,data-set-11-files-4,1,email
EFTA02423896.pdf,data-set-11-files-4,1,other
EFTA02423897.pdf,data-set-11-files-4,1,email
EFTA02423898.pdf,data-set-11-files-4,1,other
EFTA02423899.pdf,data-set-11-files-4,1,email
EFTA02423900.pdf,data-set-11-files-4,2,email
EFTA02423902.pdf,data-set-11-files-4,1,email
EFTA02423903.pdf,data-set-11-files-4,1,email
EFTA02423904.pdf,data-set-11-files-4,1,email
EFTA02423905.pdf,data-set-11-files-4,1,email
EFTA02423906.pdf,data-set-11-files-4,1,email
EFTA02423907.pdf,data-set-11-files-4,1,other
EFTA02423908.pdf,data-set-11-files-4,2,email
EFTA02423910.pdf,data-set-11-files-4,1,email
EFTA02423911.pdf,data-set-11-files-4,1,other
EFTA02423912.pdf,data-set-11-files-4,3,email
EFTA02423915.pdf,data-set-11-files-4,1,email
EFTA02423916.pdf,data-set-11-files-4,1,other
EFTA02423917.pdf,data-set-11-files-4,1,other
EFTA02423918.pdf,data-set-11-files-4,1,other
EFTA02423919.pdf,data-set-11-files-4,2,email
EFTA02423921.pdf,data-set-11-files-4,1,other
EFTA02423922.pdf,data-set-11-files-4,2,email
EFTA02423924.pdf,data-set-11-files-4,2,email
EFTA02423926.pdf,data-set-11-files-4,1,email
EFTA02423927.pdf,data-set-11-files-4,1,email
EFTA02423928.pdf,data-set-11-files-4,1,email
EFTA02423929.pdf,data-set-11-files-4,1,email
EFTA02423930.pdf,data-set-11-files-4,2,email
EFTA02423932.pdf,data-set-11-files-4,2,email
EFTA02423934.pdf,data-set-11-files-4,3,email
EFTA02423937.pdf,data-set-11-files-4,1,other
EFTA02423938.pdf,data-set-11-files-4,4,email
EFTA02423942.pdf,data-set-11-files-4,1,other
EFTA02423943.pdf,data-set-11-files-4,4,email
EFTA02423947.pdf,data-set-11-files-4,1,email
EFTA02423948.pdf,data-set-11-files-4,1,email
EFTA02423949.pdf,data-set-11-files-4,1,email
EFTA02423950.pdf,data-set-11-files-4,1,other
EFTA02423951.pdf,data-set-11-files-4,1,email
EFTA02423952.pdf,data-set-11-files-4,1,other
EFTA02423953.pdf,data-set-11-files-4,1,other
EFTA02423954.pdf,data-set-11-files-4,1,other
EFTA02423955.pdf,data-set-11-files-4,1,email
EFTA02423956.pdf,data-set-11-files-4,1,email
EFTA02423957.pdf,data-set-11-files-4,1,other
EFTA02423958.pdf,data-set-11-files-4,1,email
EFTA02423959.pdf,data-set-11-files-4,1,other
EFTA02423960.pdf,data-set-11-files-4,2,other
EFTA02423962.pdf,data-set-11-files-4,1,other
EFTA02423963.pdf,data-set-11-files-4,2,email
EFTA02423965.pdf,data-set-11-files-4,1,other
EFTA02423966.pdf,data-set-11-files-4,2,email
EFTA02423968.pdf,data-set-11-files-4,1,email
EFTA02423969.pdf,data-set-11-files-4,1,email
EFTA02423970.pdf,data-set-11-files-4,1,email
EFTA02423971.pdf,data-set-11-files-4,1,other
EFTA02423972.pdf,data-set-11-files-4,2,email
EFTA02423974.pdf,data-set-11-files-4,2,other
EFTA02423976.pdf,data-set-11-files-4,3,email
EFTA02423979.pdf,data-set-11-files-4,1,other
EFTA02423980.pdf,data-set-11-files-4,4,email
EFTA02423984.pdf,data-set-11-files-4,2,email
EFTA02423986.pdf,data-set-11-files-4,1,email
EFTA02423987.pdf,data-set-11-files-4,2,email
EFTA02423989.pdf,data-set-11-files-4,1,other
EFTA02423990.pdf,data-set-11-files-4,1,email
EFTA02423991.pdf,data-set-11-files-4,1,other
EFTA02423992.pdf,data-set-11-files-4,1,email
EFTA02423993.pdf,data-set-11-files-4,9,email
EFTA02424002.pdf,data-set-11-files-4,1,other
EFTA02424003.pdf,data-set-11-files-4,5,email
EFTA02424008.pdf,data-set-11-files-4,1,email
EFTA02424009.pdf,data-set-11-files-4,1,other
EFTA02424010.pdf,data-set-11-files-4,1,other
EFTA02424011.pdf,data-set-11-files-4,1,email
EFTA02424012.pdf,data-set-11-files-4,1,other
EFTA02424013.pdf,data-set-11-files-4,1,email
EFTA02424014.pdf,data-set-11-files-4,1,other
EFTA02424015.pdf,data-set-11-files-4,2,email
EFTA02424017.pdf,data-set-11-files-4,1,email
EFTA02424018.pdf,data-set-11-files-4,1,email
EFTA02424019.pdf,data-set-11-files-4,1,other
EFTA02424020.pdf,data-set-11-files-4,1,email
EFTA02424021.pdf,data-set-11-files-4,1,email
EFTA02424022.pdf,data-set-11-files-4,1,other
EFTA02424023.pdf,data-set-11-files-4,1,email
EFTA02424024.pdf,data-set-11-files-4,2,email
EFTA02424026.pdf,data-set-11-files-4,2,other
EFTA02424028.pdf,data-set-11-files-4,1,email
EFTA02424029.pdf,data-set-11-files-4,1,other
EFTA02424030.pdf,data-set-11-files-4,2,email
EFTA02424032.pdf,data-set-11-files-4,1,email
EFTA02424033.pdf,data-set-11-files-4,3,email
EFTA02424036.pdf,data-set-11-files-4,1,email
EFTA02424037.pdf,data-set-11-files-4,1,other
EFTA02424038.pdf,data-set-11-files-4,2,email
EFTA02424040.pdf,data-set-11-files-4,7,email
EFTA02424047.pdf,data-set-11-files-4,2,email
EFTA02424049.pdf,data-set-11-files-4,1,other
EFTA02424050.pdf,data-set-11-files-4,5,email
EFTA02424055.pdf,data-set-11-files-4,1,other
EFTA02424056.pdf,data-set-11-files-4,2,email
EFTA02424058.pdf,data-set-11-files-4,1,other
EFTA02424059.pdf,data-set-11-files-4,1,email
EFTA02424060.pdf,data-set-11-files-4,6,email
EFTA02424066.pdf,data-set-11-files-4,1,email
EFTA02424067.pdf,data-set-11-files-4,1,email
EFTA02424068.pdf,data-set-11-files-4,2,email
EFTA02424070.pdf,data-set-11-files-4,2,other
EFTA02424072.pdf,data-set-11-files-4,1,email
EFTA02424073.pdf,data-set-11-files-4,1,email
EFTA02424074.pdf,data-set-11-files-4,1,other
EFTA02424075.pdf,data-set-11-files-4,1,email
EFTA02424076.pdf,data-set-11-files-4,1,email
EFTA02424077.pdf,data-set-11-files-4,1,email
EFTA02424078.pdf,data-set-11-files-4,1,other
EFTA02424079.pdf,data-set-11-files-4,1,other
EFTA02424080.pdf,data-set-11-files-4,2,email
EFTA02424082.pdf,data-set-11-files-4,1,email
EFTA02424083.pdf,data-set-11-files-4,3,email
EFTA02424086.pdf,data-set-11-files-4,1,email
EFTA02424087.pdf,data-set-11-files-4,1,other
EFTA02424088.pdf,data-set-11-files-4,1,email
EFTA02424089.pdf,data-set-11-files-4,2,email
EFTA02424091.pdf,data-set-11-files-4,1,email
EFTA02424092.pdf,data-set-11-files-4,1,email
EFTA02424093.pdf,data-set-11-files-4,1,email
EFTA02424094.pdf,data-set-11-files-4,1,other
EFTA02424095.pdf,data-set-11-files-4,1,email
EFTA02424096.pdf,data-set-11-files-4,1,other
EFTA02424097.pdf,data-set-11-files-4,1,other
EFTA02424098.pdf,data-set-11-files-4,2,email
EFTA02424100.pdf,data-set-11-files-4,1,email
EFTA02424101.pdf,data-set-11-files-4,1,other
EFTA02424102.pdf,data-set-11-files-4,2,email
EFTA02424104.pdf,data-set-11-files-4,1,email
EFTA02424105.pdf,data-set-11-files-4,1,other
EFTA02424106.pdf,data-set-11-files-4,2,email
EFTA02424108.pdf,data-set-11-files-4,1,other
EFTA02424109.pdf,data-set-11-files-4,1,other
EFTA02424110.pdf,data-set-11-files-4,2,email
EFTA02424112.pdf,data-set-11-files-4,2,email
EFTA02424114.pdf,data-set-11-files-4,1,email
EFTA02424115.pdf,data-set-11-files-4,1,email
EFTA02424116.pdf,data-set-11-files-4,1,other
EFTA02424117.pdf,data-set-11-files-4,1,other
EFTA02424118.pdf,data-set-11-files-4,1,email
EFTA02424119.pdf,data-set-11-files-4,1,other
EFTA02424120.pdf,data-set-11-files-4,1,other
EFTA02424121.pdf,data-set-11-files-4,3,email
EFTA02424124.pdf,data-set-11-files-4,2,email
EFTA02424126.pdf,data-set-11-files-4,8,other
EFTA02424134.pdf,data-set-11-files-4,1,email
EFTA02424135.pdf,data-set-11-files-4,1,other
EFTA02424136.pdf,data-set-11-files-4,1,email
EFTA02424137.pdf,data-set-11-files-4,1,email
EFTA02424138.pdf,data-set-11-files-4,1,email
EFTA02424139.pdf,data-set-11-files-4,1,other
EFTA02424140.pdf,data-set-11-files-4,1,other
EFTA02424141.pdf,data-set-11-files-4,1,other
EFTA02424142.pdf,data-set-11-files-4,1,email
EFTA02424143.pdf,data-set-11-files-4,1,other
EFTA02424144.pdf,data-set-11-files-4,2,email
EFTA02424146.pdf,data-set-11-files-4,2,email
EFTA02424148.pdf,data-set-11-files-4,1,email
EFTA02424149.pdf,data-set-11-files-4,1,other
EFTA02424150.pdf,data-set-11-files-4,1,email
EFTA02424151.pdf,data-set-11-files-4,2,email
EFTA02424153.pdf,data-set-11-files-4,2,email
EFTA02424155.pdf,data-set-11-files-4,1,email
EFTA02424156.pdf,data-set-11-files-4,4,email
EFTA02424160.pdf,data-set-11-files-4,4,email
EFTA02424164.pdf,data-set-11-files-4,1,other
EFTA02424165.pdf,data-set-11-files-4,1,other
EFTA02424166.pdf,data-set-11-files-4,1,email
EFTA02424167.pdf,data-set-11-files-4,1,other
EFTA02424168.pdf,data-set-11-files-4,1,other
EFTA02424169.pdf,data-set-11-files-4,1,other
EFTA02424170.pdf,data-set-11-files-4,1,other
EFTA02424171.pdf,data-set-11-files-4,1,email
EFTA02424172.pdf,data-set-11-files-4,2,email
EFTA02424174.pdf,data-set-11-files-4,1,email
EFTA02424175.pdf,data-set-11-files-4,3,email
EFTA02424178.pdf,data-set-11-files-4,1,other
EFTA02424179.pdf,data-set-11-files-4,3,email
EFTA02424182.pdf,data-set-11-files-4,1,email
EFTA02424183.pdf,data-set-11-files-4,1,email
EFTA02424184.pdf,data-set-11-files-4,1,other
EFTA02424185.pdf,data-set-11-files-4,1,other
EFTA02424186.pdf,data-set-11-files-4,1,other
EFTA02424187.pdf,data-set-11-files-4,1,email
EFTA02424188.pdf,data-set-11-files-4,2,other
EFTA02424190.pdf,data-set-11-files-4,2,email
EFTA02424192.pdf,data-set-11-files-4,1,other
EFTA02424193.pdf,data-set-11-files-4,1,other
EFTA02424194.pdf,data-set-11-files-4,1,email
EFTA02424195.pdf,data-set-11-files-4,1,other
EFTA02424196.pdf,data-set-11-files-4,1,other
EFTA02424197.pdf,data-set-11-files-4,1,email
EFTA02424198.pdf,data-set-11-files-4,1,other
EFTA02424199.pdf,data-set-11-files-4,1,other
EFTA02424200.pdf,data-set-11-files-4,1,email
EFTA02424201.pdf,data-set-11-files-4,1,other
EFTA02424202.pdf,data-set-11-files-4,1,other
EFTA02424203.pdf,data-set-11-files-4,1,other
EFTA02424204.pdf,data-set-11-files-4,1,other
EFTA02424205.pdf,data-set-11-files-4,1,other
EFTA02424206.pdf,data-set-11-files-4,1,email
EFTA02424207.pdf,data-set-11-files-4,2,email
EFTA02424209.pdf,data-set-11-files-4,1,email
EFTA02424210.pdf,data-set-11-files-4,2,email
EFTA02424212.pdf,data-set-11-files-4,1,other
EFTA02424213.pdf,data-set-11-files-4,1,other
EFTA02424214.pdf,data-set-11-files-4,1,email
EFTA02424215.pdf,data-set-11-files-4,1,email
EFTA02424216.pdf,data-set-11-files-4,1,email
EFTA02424217.pdf,data-set-11-files-4,1,email
EFTA02424218.pdf,data-set-11-files-4,1,email
EFTA02424219.pdf,data-set-11-files-4,2,email
EFTA02424221.pdf,data-set-11-files-4,1,other
EFTA02424222.pdf,data-set-11-files-4,1,other
EFTA02424223.pdf,data-set-11-files-4,1,other
EFTA02424224.pdf,data-set-11-files-4,1,other
EFTA02424225.pdf,data-set-11-files-4,1,email
EFTA02424226.pdf,data-set-11-files-4,1,other
EFTA02424227.pdf,data-set-11-files-4,1,other
EFTA02424228.pdf,data-set-11-files-4,1,other
EFTA02424229.pdf,data-set-11-files-4,1,other
EFTA02424230.pdf,data-set-11-files-4,1,other
EFTA02424231.pdf,data-set-11-files-4,1,other
EFTA02424232.pdf,data-set-11-files-4,1,other
EFTA02424233.pdf,data-set-11-files-4,1,email
EFTA02424234.pdf,data-set-11-files-4,1,email
EFTA02424235.pdf,data-set-11-files-4,1,other
EFTA02424236.pdf,data-set-11-files-4,1,other
EFTA02424237.pdf,data-set-11-files-4,2,email
EFTA02424239.pdf,data-set-11-files-4,2,email
EFTA02424241.pdf,data-set-11-files-4,2,email
EFTA02424243.pdf,data-set-11-files-4,1,other
EFTA02424244.pdf,data-set-11-files-4,1,email
EFTA02424245.pdf,data-set-11-files-4,1,email
EFTA02424246.pdf,data-set-11-files-4,1,other
EFTA02424247.pdf,data-set-11-files-4,1,email
EFTA02424248.pdf,data-set-11-files-4,1,email
EFTA02424249.pdf,data-set-11-files-4,1,email
EFTA02424250.pdf,data-set-11-files-4,1,other
EFTA02424251.pdf,data-set-11-files-4,1,email
EFTA02424252.pdf,data-set-11-files-4,3,email
EFTA02424255.pdf,data-set-11-files-4,1,other
EFTA02424256.pdf,data-set-11-files-4,1,email
EFTA02424257.pdf,data-set-11-files-4,1,email
EFTA02424258.pdf,data-set-11-files-4,1,email
EFTA02424259.pdf,data-set-11-files-4,1,email
EFTA02424260.pdf,data-set-11-files-4,1,other
EFTA02424261.pdf,data-set-11-files-4,1,other
EFTA02424262.pdf,data-set-11-files-4,1,other
EFTA02424263.pdf,data-set-11-files-4,1,email
EFTA02424264.pdf,data-set-11-files-4,5,email
EFTA02424269.pdf,data-set-11-files-4,1,email
EFTA02424270.pdf,data-set-11-files-4,1,email
EFTA02424271.pdf,data-set-11-files-4,1,email
EFTA02424272.pdf,data-set-11-files-4,1,other
EFTA02424273.pdf,data-set-11-files-4,1,email
EFTA02424274.pdf,data-set-11-files-4,1,email
EFTA02424275.pdf,data-set-11-files-4,1,email
EFTA02424276.pdf,data-set-11-files-4,8,email
EFTA02424284.pdf,data-set-11-files-4,1,other
EFTA02424285.pdf,data-set-11-files-4,1,other
EFTA02424286.pdf,data-set-11-files-4,1,other
EFTA02424287.pdf,data-set-11-files-4,2,email
EFTA02424289.pdf,data-set-11-files-4,1,email
EFTA02424290.pdf,data-set-11-files-4,1,other
EFTA02424291.pdf,data-set-11-files-4,2,email
EFTA02424293.pdf,data-set-11-files-4,1,other
EFTA02424294.pdf,data-set-11-files-4,1,email
EFTA02424295.pdf,data-set-11-files-4,1,email
EFTA02424296.pdf,data-set-11-files-4,1,email
EFTA02424297.pdf,data-set-11-files-4,1,email
EFTA02424298.pdf,data-set-11-files-4,2,email
EFTA02424300.pdf,data-set-11-files-4,1,email
EFTA02424301.pdf,data-set-11-files-4,1,other
EFTA02424302.pdf,data-set-11-files-4,1,email
EFTA02424303.pdf,data-set-11-files-4,1,email
EFTA02424304.pdf,data-set-11-files-4,1,email
EFTA02424305.pdf,data-set-11-files-4,1,other
EFTA02424306.pdf,data-set-11-files-4,2,email
EFTA02424308.pdf,data-set-11-files-4,1,other
EFTA02424309.pdf,data-set-11-files-4,1,other
EFTA02424310.pdf,data-set-11-files-4,1,other
EFTA02424311.pdf,data-set-11-files-4,5,email
EFTA02424316.pdf,data-set-11-files-4,2,email
EFTA02424318.pdf,data-set-11-files-4,1,other
EFTA02424319.pdf,data-set-11-files-4,1,email
EFTA02424320.pdf,data-set-11-files-4,1,other
EFTA02424321.pdf,data-set-11-files-4,1,other
EFTA02424322.pdf,data-set-11-files-4,1,other
EFTA02424323.pdf,data-set-11-files-4,1,other
EFTA02424324.pdf,data-set-11-files-4,1,email
EFTA02424325.pdf,data-set-11-files-4,1,other
EFTA02424326.pdf,data-set-11-files-4,2,email
EFTA02424328.pdf,data-set-11-files-4,2,email
EFTA02424330.pdf,data-set-11-files-4,1,other
EFTA02424331.pdf,data-set-11-files-4,1,other
EFTA02424332.pdf,data-set-11-files-4,1,other
EFTA02424333.pdf,data-set-11-files-4,1,email
EFTA02424334.pdf,data-set-11-files-4,1,email
EFTA02424335.pdf,data-set-11-files-4,1,other
EFTA02424336.pdf,data-set-11-files-4,1,email
EFTA02424337.pdf,data-set-11-files-4,2,email
EFTA02424339.pdf,data-set-11-files-4,1,other
EFTA02424340.pdf,data-set-11-files-4,1,email
EFTA02424341.pdf,data-set-11-files-4,1,email
EFTA02424342.pdf,data-set-11-files-4,5,email
EFTA02424347.pdf,data-set-11-files-4,3,email
EFTA02424350.pdf,data-set-11-files-4,1,other
EFTA02424351.pdf,data-set-11-files-4,1,other
EFTA02424352.pdf,data-set-11-files-4,1,other
EFTA02424353.pdf,data-set-11-files-4,1,email
EFTA02424354.pdf,data-set-11-files-4,1,email
EFTA02424355.pdf,data-set-11-files-4,2,email
EFTA02424357.pdf,data-set-11-files-4,1,email
EFTA02424358.pdf,data-set-11-files-4,1,other
EFTA02424359.pdf,data-set-11-files-4,1,email
EFTA02424360.pdf,data-set-11-files-4,1,other
EFTA02424361.pdf,data-set-11-files-4,1,other
EFTA02424362.pdf,data-set-11-files-4,1,other
EFTA02424363.pdf,data-set-11-files-4,1,email
EFTA02424364.pdf,data-set-11-files-4,1,other
EFTA02424365.pdf,data-set-11-files-4,2,email
EFTA02424367.pdf,data-set-11-files-4,3,email
EFTA02424370.pdf,data-set-11-files-4,1,email
EFTA02424371.pdf,data-set-11-files-4,1,other
EFTA02424372.pdf,data-set-11-files-4,2,email
EFTA02424374.pdf,data-set-11-files-4,1,other
EFTA02424375.pdf,data-set-11-files-4,1,email
EFTA02424376.pdf,data-set-11-files-4,1,email
EFTA02424377.pdf,data-set-11-files-4,2,email
EFTA02424379.pdf,data-set-11-files-4,1,other
EFTA02424380.pdf,data-set-11-files-4,2,email
EFTA02424382.pdf,data-set-11-files-4,1,email
EFTA02424383.pdf,data-set-11-files-4,1,email
EFTA02424384.pdf,data-set-11-files-4,1,email
EFTA02424385.pdf,data-set-11-files-4,3,email
EFTA02424388.pdf,data-set-11-files-4,1,email
EFTA02424389.pdf,data-set-11-files-4,1,email
EFTA02424390.pdf,data-set-11-files-4,1,email
EFTA02424391.pdf,data-set-11-files-4,2,other
EFTA02424393.pdf,data-set-11-files-4,2,other
EFTA02424395.pdf,data-set-11-files-4,1,other
EFTA02424396.pdf,data-set-11-files-4,1,other
EFTA02424397.pdf,data-set-11-files-4,1,email
EFTA02424398.pdf,data-set-11-files-4,1,other
EFTA02424399.pdf,data-set-11-files-4,1,other
EFTA02424400.pdf,data-set-11-files-4,1,email
EFTA02424401.pdf,data-set-11-files-4,1,email
EFTA02424402.pdf,data-set-11-files-4,1,other
EFTA02424403.pdf,data-set-11-files-4,1,email
EFTA02424404.pdf,data-set-11-files-4,3,email
EFTA02424407.pdf,data-set-11-files-4,1,other
EFTA02424408.pdf,data-set-11-files-4,1,email
EFTA02424409.pdf,data-set-11-files-4,2,email
EFTA02424411.pdf,data-set-11-files-4,1,other
EFTA02424412.pdf,data-set-11-files-4,1,other
EFTA02424413.pdf,data-set-11-files-4,1,email
EFTA02424414.pdf,data-set-11-files-4,1,email
EFTA02424415.pdf,data-set-11-files-4,1,email
EFTA02424416.pdf,data-set-11-files-4,4,email
EFTA02424420.pdf,data-set-11-files-4,1,email
EFTA02424421.pdf,data-set-11-files-4,1,other
EFTA02424422.pdf,data-set-11-files-4,2,other
EFTA02424424.pdf,data-set-11-files-4,1,email
EFTA02424425.pdf,data-set-11-files-4,1,email
EFTA02424426.pdf,data-set-11-files-4,2,email
EFTA02424428.pdf,data-set-11-files-4,1,email
EFTA02424429.pdf,data-set-11-files-4,1,email
EFTA02424430.pdf,data-set-11-files-4,1,email
EFTA02424431.pdf,data-set-11-files-4,1,email
EFTA02424432.pdf,data-set-11-files-4,1,email
EFTA02424433.pdf,data-set-11-files-4,1,other
EFTA02424434.pdf,data-set-11-files-4,1,email
EFTA02424435.pdf,data-set-11-files-4,1,other
EFTA02424436.pdf,data-set-11-files-4,1,other
EFTA02424437.pdf,data-set-11-files-4,1,email
EFTA02424438.pdf,data-set-11-files-4,1,email
EFTA02424439.pdf,data-set-11-files-4,1,email
EFTA02424440.pdf,data-set-11-files-4,1,other
EFTA02424441.pdf,data-set-11-files-4,1,other
EFTA02424442.pdf,data-set-11-files-4,1,email
EFTA02424443.pdf,data-set-11-files-4,1,other
EFTA02424444.pdf,data-set-11-files-4,1,other
EFTA02424445.pdf,data-set-11-files-4,1,email
EFTA02424446.pdf,data-set-11-files-4,1,email
EFTA02424447.pdf,data-set-11-files-4,1,other
EFTA02424448.pdf,data-set-11-files-4,1,other
EFTA02424449.pdf,data-set-11-files-4,1,other
EFTA02424450.pdf,data-set-11-files-4,1,other
EFTA02424451.pdf,data-set-11-files-4,1,other
EFTA02424452.pdf,data-set-11-files-4,1,email
EFTA02424453.pdf,data-set-11-files-4,1,email
EFTA02424454.pdf,data-set-11-files-4,2,email
EFTA02424456.pdf,data-set-11-files-4,2,email
EFTA02424458.pdf,data-set-11-files-4,1,email
EFTA02424459.pdf,data-set-11-files-4,1,other
EFTA02424460.pdf,data-set-11-files-4,1,email
EFTA02424461.pdf,data-set-11-files-4,1,other
EFTA02424462.pdf,data-set-11-files-4,1,email
EFTA02424463.pdf,data-set-11-files-4,1,email
EFTA02424464.pdf,data-set-11-files-4,1,other
EFTA02424465.pdf,data-set-11-files-4,1,other
EFTA02424466.pdf,data-set-11-files-4,1,email
EFTA02424467.pdf,data-set-11-files-4,1,other
EFTA02424468.pdf,data-set-11-files-4,1,other
EFTA02424469.pdf,data-set-11-files-4,1,email
EFTA02424470.pdf,data-set-11-files-4,1,other
EFTA02424471.pdf,data-set-11-files-4,1,email
EFTA02424472.pdf,data-set-11-files-4,1,email
EFTA02424473.pdf,data-set-11-files-4,1,email
EFTA02424474.pdf,data-set-11-files-4,1,other
EFTA02424475.pdf,data-set-11-files-4,1,email
EFTA02424476.pdf,data-set-11-files-4,2,email
EFTA02424478.pdf,data-set-11-files-4,1,email
EFTA02424479.pdf,data-set-11-files-4,1,other
EFTA02424480.pdf,data-set-11-files-4,1,email
EFTA02424481.pdf,data-set-11-files-4,1,email
EFTA02424482.pdf,data-set-11-files-4,1,email
EFTA02424483.pdf,data-set-11-files-4,1,email
EFTA02424484.pdf,data-set-11-files-4,1,other
EFTA02424485.pdf,data-set-11-files-4,1,email
EFTA02424486.pdf,data-set-11-files-4,1,email
EFTA02424487.pdf,data-set-11-files-4,1,other
EFTA02424488.pdf,data-set-11-files-4,2,email
EFTA02424490.pdf,data-set-11-files-4,1,other
EFTA02424491.pdf,data-set-11-files-4,1,email
EFTA02424492.pdf,data-set-11-files-4,1,other
EFTA02424493.pdf,data-set-11-files-4,1,other
EFTA02424494.pdf,data-set-11-files-4,1,other
EFTA02424495.pdf,data-set-11-files-4,1,other
EFTA02424496.pdf,data-set-11-files-4,1,other
EFTA02424497.pdf,data-set-11-files-4,1,other
EFTA02424498.pdf,data-set-11-files-4,1,email
EFTA02424499.pdf,data-set-11-files-4,1,other
EFTA02424500.pdf,data-set-11-files-4,1,other
EFTA02424501.pdf,data-set-11-files-4,1,other
EFTA02424502.pdf,data-set-11-files-4,1,other
EFTA02424503.pdf,data-set-11-files-4,1,other
EFTA02424504.pdf,data-set-11-files-4,1,email
EFTA02424505.pdf,data-set-11-files-4,1,other
EFTA02424506.pdf,data-set-11-files-4,3,email
EFTA02424509.pdf,data-set-11-files-4,2,email
EFTA02424511.pdf,data-set-11-files-4,2,other
EFTA02424513.pdf,data-set-11-files-4,1,email
EFTA02424514.pdf,data-set-11-files-4,1,email
EFTA02424515.pdf,data-set-11-files-4,1,other
EFTA02424516.pdf,data-set-11-files-4,1,email
EFTA02424517.pdf,data-set-11-files-4,2,email
EFTA02424519.pdf,data-set-11-files-4,1,email
EFTA02424520.pdf,data-set-11-files-4,1,email
EFTA02424521.pdf,data-set-11-files-4,1,other
EFTA02424522.pdf,data-set-11-files-4,1,email
EFTA02424523.pdf,data-set-11-files-4,1,email
EFTA02424524.pdf,data-set-11-files-4,1,other
EFTA02424525.pdf,data-set-11-files-4,1,email
EFTA02424526.pdf,data-set-11-files-4,1,photo
EFTA02424527.pdf,data-set-11-files-4,1,email
EFTA02424528.pdf,data-set-11-files-4,1,other
EFTA02424529.pdf,data-set-11-files-4,1,email
EFTA02424530.pdf,data-set-11-files-4,1,other
EFTA02424531.pdf,data-set-11-files-4,2,email
EFTA02424533.pdf,data-set-11-files-4,1,other
EFTA02424534.pdf,data-set-11-files-4,1,other
EFTA02424535.pdf,data-set-11-files-4,1,email
EFTA02424536.pdf,data-set-11-files-4,1,other
EFTA02424537.pdf,data-set-11-files-4,1,email
EFTA02424538.pdf,data-set-11-files-4,1,other
EFTA02424539.pdf,data-set-11-files-4,1,other
EFTA02424540.pdf,data-set-11-files-4,1,other
EFTA02424541.pdf,data-set-11-files-4,1,email
EFTA02424542.pdf,data-set-11-files-4,1,other
EFTA02424543.pdf,data-set-11-files-4,1,email
EFTA02424544.pdf,data-set-11-files-4,1,email
EFTA02424545.pdf,data-set-11-files-4,2,email
EFTA02424547.pdf,data-set-11-files-4,1,email
EFTA02424548.pdf,data-set-11-files-4,1,email
EFTA02424549.pdf,data-set-11-files-4,1,email
EFTA02424550.pdf,data-set-11-files-4,1,other
EFTA02424551.pdf,data-set-11-files-4,1,other
EFTA02424552.pdf,data-set-11-files-4,1,other
EFTA02424553.pdf,data-set-11-files-4,2,other
EFTA02424555.pdf,data-set-11-files-4,1,other
EFTA02424556.pdf,data-set-11-files-4,1,other
EFTA02424557.pdf,data-set-11-files-4,2,email
EFTA02424559.pdf,data-set-11-files-4,1,other
EFTA02424560.pdf,data-set-11-files-4,1,email
EFTA02424561.pdf,data-set-11-files-4,1,email
EFTA02424562.pdf,data-set-11-files-4,1,email
EFTA02424563.pdf,data-set-11-files-4,1,other
EFTA02424564.pdf,data-set-11-files-4,2,email
EFTA02424566.pdf,data-set-11-files-4,1,email
EFTA02424567.pdf,data-set-11-files-4,1,email
EFTA02424568.pdf,data-set-11-files-4,1,other
EFTA02424569.pdf,data-set-11-files-4,1,email
EFTA02424570.pdf,data-set-11-files-4,1,email
EFTA02424571.pdf,data-set-11-files-4,1,other
EFTA02424572.pdf,data-set-11-files-4,2,email
EFTA02424574.pdf,data-set-11-files-4,1,email
EFTA02424575.pdf,data-set-11-files-4,1,email
EFTA02424576.pdf,data-set-11-files-4,2,email
EFTA02424578.pdf,data-set-11-files-4,1,other
EFTA02424579.pdf,data-set-11-files-4,1,email
EFTA02424580.pdf,data-set-11-files-4,3,email
EFTA02424583.pdf,data-set-11-files-4,1,other
EFTA02424584.pdf,data-set-11-files-4,1,other
EFTA02424585.pdf,data-set-11-files-4,1,email
EFTA02424586.pdf,data-set-11-files-4,1,other
EFTA02424587.pdf,data-set-11-files-4,1,email
EFTA02424588.pdf,data-set-11-files-4,1,email
EFTA02424589.pdf,data-set-11-files-4,1,other
EFTA02424590.pdf,data-set-11-files-4,1,email
EFTA02424591.pdf,data-set-11-files-4,1,other
EFTA02424592.pdf,data-set-11-files-4,2,email
EFTA02424594.pdf,data-set-11-files-4,2,email
EFTA02424596.pdf,data-set-11-files-4,1,other
EFTA02424597.pdf,data-set-11-files-4,1,email
EFTA02424598.pdf,data-set-11-files-4,1,other
EFTA02424599.pdf,data-set-11-files-4,1,email
EFTA02424600.pdf,data-set-11-files-4,1,other
EFTA02424601.pdf,data-set-11-files-4,1,other
EFTA02424602.pdf,data-set-11-files-4,1,other
EFTA02424603.pdf,data-set-11-files-4,1,email
EFTA02424604.pdf,data-set-11-files-4,2,email
EFTA02424606.pdf,data-set-11-files-4,1,other
EFTA02424607.pdf,data-set-11-files-4,1,other
EFTA02424608.pdf,data-set-11-files-4,1,other
EFTA02424609.pdf,data-set-11-files-4,3,other
EFTA02424612.pdf,data-set-11-files-4,1,email
EFTA02424613.pdf,data-set-11-files-4,1,email
EFTA02424614.pdf,data-set-11-files-4,2,email
EFTA02424616.pdf,data-set-11-files-4,1,email
EFTA02424617.pdf,data-set-11-files-4,2,other
EFTA02424619.pdf,data-set-11-files-4,1,other
EFTA02424620.pdf,data-set-11-files-4,1,email
EFTA02424621.pdf,data-set-11-files-4,1,other
EFTA02424622.pdf,data-set-11-files-4,1,email
EFTA02424623.pdf,data-set-11-files-4,1,email
EFTA02424624.pdf,data-set-11-files-4,1,other
EFTA02424625.pdf,data-set-11-files-4,1,other
EFTA02424626.pdf,data-set-11-files-4,1,other
EFTA02424627.pdf,data-set-11-files-4,2,email
EFTA02424629.pdf,data-set-11-files-4,1,email
EFTA02424630.pdf,data-set-11-files-4,1,email
EFTA02424631.pdf,data-set-11-files-4,1,other
EFTA02424632.pdf,data-set-11-files-4,1,email
EFTA02424633.pdf,data-set-11-files-4,1,email
EFTA02424634.pdf,data-set-11-files-4,1,other
EFTA02424635.pdf,data-set-11-files-4,1,other
EFTA02424636.pdf,data-set-11-files-4,1,other
EFTA02424637.pdf,data-set-11-files-4,3,email
EFTA02424640.pdf,data-set-11-files-4,4,email
EFTA02424644.pdf,data-set-11-files-4,1,other
EFTA02424645.pdf,data-set-11-files-4,1,email
EFTA02424646.pdf,data-set-11-files-4,1,other
EFTA02424647.pdf,data-set-11-files-4,8,email
EFTA02424655.pdf,data-set-11-files-4,1,other
EFTA02424656.pdf,data-set-11-files-4,1,email
EFTA02424657.pdf,data-set-11-files-4,2,other
EFTA02424659.pdf,data-set-11-files-4,2,other
EFTA02424661.pdf,data-set-11-files-4,1,other
EFTA02424662.pdf,data-set-11-files-4,1,other
EFTA02424663.pdf,data-set-11-files-4,1,email
EFTA02424664.pdf,data-set-11-files-4,1,email
EFTA02424665.pdf,data-set-11-files-4,1,other
EFTA02424666.pdf,data-set-11-files-4,1,email
EFTA02424667.pdf,data-set-11-files-4,1,email
EFTA02424668.pdf,data-set-11-files-4,1,other
EFTA02424669.pdf,data-set-11-files-4,1,email
EFTA02424670.pdf,data-set-11-files-4,1,email
EFTA02424671.pdf,data-set-11-files-4,1,email
EFTA02424672.pdf,data-set-11-files-4,4,email
EFTA02424676.pdf,data-set-11-files-4,1,other
EFTA02424677.pdf,data-set-11-files-4,1,other
EFTA02424678.pdf,data-set-11-files-4,1,email
EFTA02424679.pdf,data-set-11-files-4,1,email
EFTA02424680.pdf,data-set-11-files-4,3,email
EFTA02424683.pdf,data-set-11-files-4,1,other
EFTA02424684.pdf,data-set-11-files-4,2,email
EFTA02424686.pdf,data-set-11-files-4,1,other
EFTA02424687.pdf,data-set-11-files-4,1,email
EFTA02424688.pdf,data-set-11-files-4,1,email
EFTA02424689.pdf,data-set-11-files-4,1,other
EFTA02424690.pdf,data-set-11-files-4,1,other
EFTA02424691.pdf,data-set-11-files-4,3,other
EFTA02424694.pdf,data-set-11-files-4,1,email
EFTA02424695.pdf,data-set-11-files-4,1,email
EFTA02424696.pdf,data-set-11-files-4,4,email
EFTA02424700.pdf,data-set-11-files-4,1,other
EFTA02424701.pdf,data-set-11-files-4,1,other
EFTA02424702.pdf,data-set-11-files-4,1,other
EFTA02424703.pdf,data-set-11-files-4,1,other
EFTA02424704.pdf,data-set-11-files-4,1,other
EFTA02424705.pdf,data-set-11-files-4,1,other
EFTA02424706.pdf,data-set-11-files-4,1,email
EFTA02424707.pdf,data-set-11-files-4,1,email
EFTA02424708.pdf,data-set-11-files-4,2,email
EFTA02424710.pdf,data-set-11-files-4,1,other
EFTA02424711.pdf,data-set-11-files-4,1,other
EFTA02424712.pdf,data-set-11-files-4,1,email
EFTA02424713.pdf,data-set-11-files-4,1,email
EFTA02424714.pdf,data-set-11-files-4,1,email
EFTA02424715.pdf,data-set-11-files-4,2,email
EFTA02424717.pdf,data-set-11-files-4,1,email
EFTA02424718.pdf,data-set-11-files-4,1,other
EFTA02424719.pdf,data-set-11-files-4,1,other
EFTA02424720.pdf,data-set-11-files-4,2,email
EFTA02424722.pdf,data-set-11-files-4,1,other
EFTA02424723.pdf,data-set-11-files-4,1,email
EFTA02424724.pdf,data-set-11-files-4,1,other
EFTA02424725.pdf,data-set-11-files-4,1,other
EFTA02424726.pdf,data-set-11-files-4,2,email
EFTA02424728.pdf,data-set-11-files-4,1,other
EFTA02424729.pdf,data-set-11-files-4,1,email
EFTA02424730.pdf,data-set-11-files-4,1,other
EFTA02424731.pdf,data-set-11-files-4,1,email
EFTA02424732.pdf,data-set-11-files-4,1,other
EFTA02424733.pdf,data-set-11-files-4,1,other
EFTA02424734.pdf,data-set-11-files-4,1,email
EFTA02424735.pdf,data-set-11-files-4,1,other
EFTA02424736.pdf,data-set-11-files-4,1,email
EFTA02424737.pdf,data-set-11-files-4,1,email
EFTA02424738.pdf,data-set-11-files-4,4,email
EFTA02424742.pdf,data-set-11-files-4,1,other
EFTA02424743.pdf,data-set-11-files-4,1,other
EFTA02424744.pdf,data-set-11-files-4,1,other
EFTA02424745.pdf,data-set-11-files-4,1,email
EFTA02424746.pdf,data-set-11-files-4,1,email
EFTA02424747.pdf,data-set-11-files-4,1,email
EFTA02424748.pdf,data-set-11-files-4,1,other
EFTA02424749.pdf,data-set-11-files-4,1,other
EFTA02424750.pdf,data-set-11-files-4,1,other
EFTA02424751.pdf,data-set-11-files-4,2,other
EFTA02424753.pdf,data-set-11-files-4,1,other
EFTA02424754.pdf,data-set-11-files-4,1,email
EFTA02424755.pdf,data-set-11-files-4,1,other
EFTA02424756.pdf,data-set-11-files-4,4,email
EFTA02424760.pdf,data-set-11-files-4,1,other
EFTA02424761.pdf,data-set-11-files-4,2,other
EFTA02424763.pdf,data-set-11-files-4,1,email
EFTA02424764.pdf,data-set-11-files-4,1,other
EFTA02424765.pdf,data-set-11-files-4,1,email
EFTA02424766.pdf,data-set-11-files-4,1,other
EFTA02424767.pdf,data-set-11-files-4,1,other
EFTA02424768.pdf,data-set-11-files-4,1,other
EFTA02424769.pdf,data-set-11-files-4,5,email
EFTA02424774.pdf,data-set-11-files-4,1,email
EFTA02424775.pdf,data-set-11-files-4,1,other
EFTA02424776.pdf,data-set-11-files-4,2,other
EFTA02424778.pdf,data-set-11-files-4,1,email
EFTA02424788.pdf,data-set-11-files-4,4,email
EFTA02424792.pdf,data-set-11-files-4,1,email
EFTA02424793.pdf,data-set-11-files-4,2,email
EFTA02424795.pdf,data-set-11-files-4,1,other
EFTA02424796.pdf,data-set-11-files-4,1,other
EFTA02424797.pdf,data-set-11-files-4,1,other
EFTA02424798.pdf,data-set-11-files-4,1,other
EFTA02424799.pdf,data-set-11-files-4,1,email
EFTA02424800.pdf,data-set-11-files-4,1,other
EFTA02424801.pdf,data-set-11-files-4,6,email
EFTA02424807.pdf,data-set-11-files-4,1,email
EFTA02424808.pdf,data-set-11-files-4,1,email
EFTA02424809.pdf,data-set-11-files-4,1,email
EFTA02424810.pdf,data-set-11-files-4,1,other
EFTA02424811.pdf,data-set-11-files-4,1,other
EFTA02424812.pdf,data-set-11-files-4,1,email
EFTA02424813.pdf,data-set-11-files-4,1,email
EFTA02424814.pdf,data-set-11-files-4,2,email
EFTA02424816.pdf,data-set-11-files-4,1,other
EFTA02424817.pdf,data-set-11-files-4,1,other
EFTA02424818.pdf,data-set-11-files-4,1,other
EFTA02424819.pdf,data-set-11-files-4,4,email
EFTA02424823.pdf,data-set-11-files-4,1,other
EFTA02424824.pdf,data-set-11-files-4,6,email
EFTA02424830.pdf,data-set-11-files-4,2,email
EFTA02424832.pdf,data-set-11-files-4,1,email
EFTA02424833.pdf,data-set-11-files-4,1,other
EFTA02424834.pdf,data-set-11-files-4,1,other
EFTA02424835.pdf,data-set-11-files-4,3,email
EFTA02424838.pdf,data-set-11-files-4,1,other
EFTA02424839.pdf,data-set-11-files-4,2,email
EFTA02424841.pdf,data-set-11-files-4,2,email
EFTA02424843.pdf,data-set-11-files-4,2,email
EFTA02424845.pdf,data-set-11-files-4,1,email
EFTA02424846.pdf,data-set-11-files-4,1,other
EFTA02424847.pdf,data-set-11-files-4,1,email
EFTA02424848.pdf,data-set-11-files-4,6,email
EFTA02424854.pdf,data-set-11-files-4,1,other
EFTA02424855.pdf,data-set-11-files-4,1,email
EFTA02424856.pdf,data-set-11-files-4,1,other
EFTA02424857.pdf,data-set-11-files-4,2,other
EFTA02424859.pdf,data-set-11-files-4,1,other
EFTA02424860.pdf,data-set-11-files-4,1,email
EFTA02424861.pdf,data-set-11-files-4,1,email
EFTA02424862.pdf,data-set-11-files-4,1,other
EFTA02424863.pdf,data-set-11-files-4,1,other
EFTA02424864.pdf,data-set-11-files-4,1,other
EFTA02424865.pdf,data-set-11-files-4,1,other
EFTA02424866.pdf,data-set-11-files-4,1,other
EFTA02424867.pdf,data-set-11-files-4,1,email
EFTA02424868.pdf,data-set-11-files-4,1,email
EFTA02424869.pdf,data-set-11-files-4,1,email
EFTA02424870.pdf,data-set-11-files-4,1,other
EFTA02424871.pdf,data-set-11-files-4,1,email
EFTA02424872.pdf,data-set-11-files-4,3,email
EFTA02424875.pdf,data-set-11-files-4,1,email
EFTA02424876.pdf,data-set-11-files-4,1,other
EFTA02424877.pdf,data-set-11-files-4,1,other
EFTA02424878.pdf,data-set-11-files-4,1,other
EFTA02424879.pdf,data-set-11-files-4,1,other
EFTA02424880.pdf,data-set-11-files-4,1,other
EFTA02424881.pdf,data-set-11-files-4,1,email
EFTA02424882.pdf,data-set-11-files-4,1,other
EFTA02424883.pdf,data-set-11-files-4,1,other
EFTA02424884.pdf,data-set-11-files-4,2,email
EFTA02424886.pdf,data-set-11-files-4,1,email
EFTA02424887.pdf,data-set-11-files-4,1,email
EFTA02424888.pdf,data-set-11-files-4,1,other
EFTA02424889.pdf,data-set-11-files-4,1,other
EFTA02424890.pdf,data-set-11-files-4,1,other
EFTA02424891.pdf,data-set-11-files-4,1,email
EFTA02424892.pdf,data-set-11-files-4,1,other
EFTA02424893.pdf,data-set-11-files-4,1,email
EFTA02424894.pdf,data-set-11-files-4,1,other
EFTA02424895.pdf,data-set-11-files-4,1,other
EFTA02424896.pdf,data-set-11-files-4,1,email
EFTA02424897.pdf,data-set-11-files-4,1,other
EFTA02424898.pdf,data-set-11-files-4,1,email
EFTA02424899.pdf,data-set-11-files-4,1,email
EFTA02424900.pdf,data-set-11-files-4,1,email
EFTA02424901.pdf,data-set-11-files-4,1,email
EFTA02424902.pdf,data-set-11-files-4,1,email
EFTA02424903.pdf,data-set-11-files-4,1,email
EFTA02424904.pdf,data-set-11-files-4,1,email
EFTA02424905.pdf,data-set-11-files-4,1,email
EFTA02424906.pdf,data-set-11-files-4,1,other
EFTA02424907.pdf,data-set-11-files-4,1,email
EFTA02424908.pdf,data-set-11-files-4,1,email
EFTA02424909.pdf,data-set-11-files-4,1,other
EFTA02424910.pdf,data-set-11-files-4,1,email
EFTA02424911.pdf,data-set-11-files-4,1,other
EFTA02424912.pdf,data-set-11-files-4,1,other
EFTA02424913.pdf,data-set-11-files-4,1,other
EFTA02424914.pdf,data-set-11-files-4,1,email
EFTA02424915.pdf,data-set-11-files-4,1,other
EFTA02424916.pdf,data-set-11-files-4,1,other
EFTA02424917.pdf,data-set-11-files-4,1,other
EFTA02424918.pdf,data-set-11-files-4,1,email
EFTA02424919.pdf,data-set-11-files-4,1,other
EFTA02424920.pdf,data-set-11-files-4,1,other
EFTA02424921.pdf,data-set-11-files-4,1,other
EFTA02424922.pdf,data-set-11-files-4,1,other
EFTA02424923.pdf,data-set-11-files-4,1,other
EFTA02424924.pdf,data-set-11-files-4,2,email
EFTA02424926.pdf,data-set-11-files-4,1,other
EFTA02424927.pdf,data-set-11-files-4,1,other
EFTA02424928.pdf,data-set-11-files-4,1,other
EFTA02424929.pdf,data-set-11-files-4,1,email
EFTA02424930.pdf,data-set-11-files-4,2,email
EFTA02424932.pdf,data-set-11-files-4,2,email
EFTA02424934.pdf,data-set-11-files-4,1,email
EFTA02424935.pdf,data-set-11-files-4,1,email
EFTA02424936.pdf,data-set-11-files-4,2,email
EFTA02424938.pdf,data-set-11-files-4,1,other
EFTA02424939.pdf,data-set-11-files-4,1,other
EFTA02424940.pdf,data-set-11-files-4,1,email
EFTA02424941.pdf,data-set-11-files-4,1,other
EFTA02424942.pdf,data-set-11-files-4,1,email
EFTA02424943.pdf,data-set-11-files-4,2,email
EFTA02424945.pdf,data-set-11-files-4,1,email
EFTA02424946.pdf,data-set-11-files-4,1,other
EFTA02424947.pdf,data-set-11-files-4,1,email
EFTA02424948.pdf,data-set-11-files-4,1,other
EFTA02424949.pdf,data-set-11-files-4,1,other
EFTA02424950.pdf,data-set-11-files-4,1,email
EFTA02424951.pdf,data-set-11-files-4,1,email
EFTA02424952.pdf,data-set-11-files-4,1,other
EFTA02424953.pdf,data-set-11-files-4,1,email
EFTA02424954.pdf,data-set-11-files-4,1,email
EFTA02424955.pdf,data-set-11-files-4,4,email
EFTA02424959.pdf,data-set-11-files-4,1,other
EFTA02424960.pdf,data-set-11-files-4,1,email
EFTA02424961.pdf,data-set-11-files-4,1,other
EFTA02424962.pdf,data-set-11-files-4,1,email
EFTA02424963.pdf,data-set-11-files-4,1,email
EFTA02424964.pdf,data-set-11-files-4,1,email
EFTA02424965.pdf,data-set-11-files-4,1,other
EFTA02424966.pdf,data-set-11-files-4,1,other
EFTA02424967.pdf,data-set-11-files-4,1,other
EFTA02424968.pdf,data-set-11-files-4,1,email
EFTA02424969.pdf,data-set-11-files-4,1,email
EFTA02424970.pdf,data-set-11-files-4,1,other
EFTA02424971.pdf,data-set-11-files-4,1,email
EFTA02424972.pdf,data-set-11-files-4,1,other
EFTA02424973.pdf,data-set-11-files-4,1,email
EFTA02424974.pdf,data-set-11-files-4,1,other
EFTA02424975.pdf,data-set-11-files-4,1,other
EFTA02424976.pdf,data-set-11-files-4,1,other
EFTA02424977.pdf,data-set-11-files-4,1,other
EFTA02424978.pdf,data-set-11-files-4,1,email
EFTA02424979.pdf,data-set-11-files-4,1,other
EFTA02424980.pdf,data-set-11-files-4,2,email
EFTA02424982.pdf,data-set-11-files-4,1,email
EFTA02424983.pdf,data-set-11-files-4,1,other
EFTA02424984.pdf,data-set-11-files-4,1,other
EFTA02424985.pdf,data-set-11-files-4,1,other
EFTA02424986.pdf,data-set-11-files-4,1,email
EFTA02424987.pdf,data-set-11-files-4,1,email
EFTA02424988.pdf,data-set-11-files-4,1,other
EFTA02424989.pdf,data-set-11-files-4,1,email
EFTA02424990.pdf,data-set-11-files-4,1,email
EFTA02424991.pdf,data-set-11-files-4,1,other
EFTA02424992.pdf,data-set-11-files-4,2,email
EFTA02424994.pdf,data-set-11-files-4,2,email
EFTA02424996.pdf,data-set-11-files-4,1,other
EFTA02424997.pdf,data-set-11-files-4,1,email
EFTA02424998.pdf,data-set-11-files-4,1,email
EFTA02424999.pdf,data-set-11-files-4,1,email
EFTA02425000.pdf,data-set-11-files-4,1,other
EFTA02425001.pdf,data-set-11-files-4,1,email
EFTA02425002.pdf,data-set-11-files-4,1,email
EFTA02425003.pdf,data-set-11-files-4,1,email
EFTA02425004.pdf,data-set-11-files-4,1,other
EFTA02425005.pdf,data-set-11-files-4,1,email
EFTA02425006.pdf,data-set-11-files-4,1,email
EFTA02425007.pdf,data-set-11-files-4,1,email
EFTA02425008.pdf,data-set-11-files-4,1,email
EFTA02425009.pdf,data-set-11-files-4,1,email
EFTA02425010.pdf,data-set-11-files-4,1,email
EFTA02425011.pdf,data-set-11-files-4,2,email
EFTA02425013.pdf,data-set-11-files-4,1,email
EFTA02425014.pdf,data-set-11-files-4,3,email
EFTA02425017.pdf,data-set-11-files-4,1,email
EFTA02425018.pdf,data-set-11-files-4,2,email
EFTA02425020.pdf,data-set-11-files-4,1,other
EFTA02425021.pdf,data-set-11-files-4,1,other
EFTA02425022.pdf,data-set-11-files-4,1,email
EFTA02425023.pdf,data-set-11-files-4,1,email
EFTA02425024.pdf,data-set-11-files-4,1,other
EFTA02425025.pdf,data-set-11-files-4,1,email
EFTA02425026.pdf,data-set-11-files-4,1,other
EFTA02425027.pdf,data-set-11-files-4,1,other
EFTA02425028.pdf,data-set-11-files-4,1,other
EFTA02425029.pdf,data-set-11-files-4,1,email
EFTA02425030.pdf,data-set-11-files-4,1,email
EFTA02425031.pdf,data-set-11-files-4,4,email
EFTA02425035.pdf,data-set-11-files-4,2,email
EFTA02425037.pdf,data-set-11-files-4,1,email
EFTA02425038.pdf,data-set-11-files-4,1,other
EFTA02425039.pdf,data-set-11-files-4,1,other
EFTA02425040.pdf,data-set-11-files-4,1,other
EFTA02425041.pdf,data-set-11-files-4,1,other
EFTA02425042.pdf,data-set-11-files-4,1,other
EFTA02425043.pdf,data-set-11-files-4,2,email
EFTA02425045.pdf,data-set-11-files-4,1,other
EFTA02425046.pdf,data-set-11-files-4,1,email
EFTA02425047.pdf,data-set-11-files-4,1,email
EFTA02425048.pdf,data-set-11-files-4,2,email
EFTA02425050.pdf,data-set-11-files-4,1,other
EFTA02425051.pdf,data-set-11-files-4,2,email
EFTA02425053.pdf,data-set-11-files-4,1,email
EFTA02425054.pdf,data-set-11-files-4,1,other
EFTA02425055.pdf,data-set-11-files-4,1,email
EFTA02425056.pdf,data-set-11-files-4,1,other
EFTA02425057.pdf,data-set-11-files-4,1,other
EFTA02425058.pdf,data-set-11-files-4,1,email
EFTA02425059.pdf,data-set-11-files-4,2,email
EFTA02425061.pdf,data-set-11-files-4,1,email
EFTA02425062.pdf,data-set-11-files-4,1,email
EFTA02425063.pdf,data-set-11-files-4,1,email
EFTA02425064.pdf,data-set-11-files-4,7,email
EFTA02425071.pdf,data-set-11-files-4,1,email
EFTA02425072.pdf,data-set-11-files-4,1,email
EFTA02425073.pdf,data-set-11-files-4,2,email
EFTA02425075.pdf,data-set-11-files-4,1,email
EFTA02425076.pdf,data-set-11-files-4,1,other
EFTA02425077.pdf,data-set-11-files-4,7,email
EFTA02425084.pdf,data-set-11-files-4,2,email
EFTA02425086.pdf,data-set-11-files-4,1,email
EFTA02425087.pdf,data-set-11-files-4,3,email
EFTA02425090.pdf,data-set-11-files-4,1,email
EFTA02425091.pdf,data-set-11-files-4,1,email
EFTA02425092.pdf,data-set-11-files-4,3,email
EFTA02425095.pdf,data-set-11-files-4,2,email
EFTA02425097.pdf,data-set-11-files-4,1,email
EFTA02425098.pdf,data-set-11-files-4,1,email
EFTA02425099.pdf,data-set-11-files-4,1,email
EFTA02425100.pdf,data-set-11-files-4,1,email
EFTA02425101.pdf,data-set-11-files-4,2,email
EFTA02425103.pdf,data-set-11-files-4,1,email
EFTA02425104.pdf,data-set-11-files-4,1,email
EFTA02425105.pdf,data-set-11-files-4,1,email
EFTA02425106.pdf,data-set-11-files-4,2,email
EFTA02425108.pdf,data-set-11-files-4,1,email
EFTA02425109.pdf,data-set-11-files-4,1,email
EFTA02425110.pdf,data-set-11-files-4,3,email
EFTA02425113.pdf,data-set-11-files-4,1,email
EFTA02425114.pdf,data-set-11-files-4,1,other
EFTA02425115.pdf,data-set-11-files-4,1,other
EFTA02425116.pdf,data-set-11-files-4,1,other
EFTA02425117.pdf,data-set-11-files-4,1,other
EFTA02425118.pdf,data-set-11-files-4,1,other
EFTA02425119.pdf,data-set-11-files-4,1,email
EFTA02425120.pdf,data-set-11-files-4,1,other
EFTA02425121.pdf,data-set-11-files-4,1,other
EFTA02425122.pdf,data-set-11-files-4,1,other
EFTA02425123.pdf,data-set-11-files-4,1,email
EFTA02425124.pdf,data-set-11-files-4,2,email
EFTA02425126.pdf,data-set-11-files-4,1,email
EFTA02425127.pdf,data-set-11-files-4,1,other
EFTA02425128.pdf,data-set-11-files-4,1,email
EFTA02425129.pdf,data-set-11-files-4,2,email
EFTA02425131.pdf,data-set-11-files-4,1,email
EFTA02425132.pdf,data-set-11-files-4,1,email
EFTA02425133.pdf,data-set-11-files-4,1,other
EFTA02425134.pdf,data-set-11-files-4,1,other
EFTA02425135.pdf,data-set-11-files-4,1,email
EFTA02425136.pdf,data-set-11-files-4,1,other
EFTA02425137.pdf,data-set-11-files-4,1,email
EFTA02425138.pdf,data-set-11-files-4,1,other
EFTA02425139.pdf,data-set-11-files-4,3,email
EFTA02425142.pdf,data-set-11-files-4,5,email
EFTA02425147.pdf,data-set-11-files-4,1,other
EFTA02425148.pdf,data-set-11-files-4,2,email
EFTA02425150.pdf,data-set-11-files-4,1,email
EFTA02425151.pdf,data-set-11-files-4,1,other
EFTA02425152.pdf,data-set-11-files-4,1,email
EFTA02425153.pdf,data-set-11-files-4,2,other
EFTA02425155.pdf,data-set-11-files-4,2,email
EFTA02425157.pdf,data-set-11-files-4,1,other
EFTA02425158.pdf,data-set-11-files-4,1,email
EFTA02425159.pdf,data-set-11-files-4,5,email
EFTA02425164.pdf,data-set-11-files-4,1,email
EFTA02425165.pdf,data-set-11-files-4,2,email
EFTA02425167.pdf,data-set-11-files-4,1,email
EFTA02425168.pdf,data-set-11-files-4,1,email
EFTA02425169.pdf,data-set-11-files-4,1,other
EFTA02425170.pdf,data-set-11-files-4,1,other
EFTA02425171.pdf,data-set-11-files-4,1,other
EFTA02425172.pdf,data-set-11-files-4,1,other
EFTA02425173.pdf,data-set-11-files-4,1,other
EFTA02425174.pdf,data-set-11-files-4,2,email
EFTA02425176.pdf,data-set-11-files-4,1,other
EFTA02425177.pdf,data-set-11-files-4,1,other
EFTA02425178.pdf,data-set-11-files-4,1,email
EFTA02425179.pdf,data-set-11-files-4,1,email
EFTA02425180.pdf,data-set-11-files-4,1,other
EFTA02425181.pdf,data-set-11-files-4,2,email
EFTA02425183.pdf,data-set-11-files-4,1,email
EFTA02425184.pdf,data-set-11-files-4,1,other
EFTA02425185.pdf,data-set-11-files-4,1,email
EFTA02425186.pdf,data-set-11-files-4,1,email
EFTA02425187.pdf,data-set-11-files-4,4,email
EFTA02425191.pdf,data-set-11-files-4,2,email
EFTA02425193.pdf,data-set-11-files-4,1,other
EFTA02425194.pdf,data-set-11-files-4,1,other
EFTA02425195.pdf,data-set-11-files-4,1,email
EFTA02425196.pdf,data-set-11-files-4,1,other
EFTA02425197.pdf,data-set-11-files-4,1,email
EFTA02425198.pdf,data-set-11-files-4,1,other
EFTA02425199.pdf,data-set-11-files-4,4,email
EFTA02425203.pdf,data-set-11-files-4,1,email
EFTA02425204.pdf,data-set-11-files-4,1,other
EFTA02425205.pdf,data-set-11-files-4,1,other
EFTA02425206.pdf,data-set-11-files-4,1,email
EFTA02425207.pdf,data-set-11-files-4,2,email
EFTA02425209.pdf,data-set-11-files-4,1,email
EFTA02425210.pdf,data-set-11-files-4,1,email
EFTA02425211.pdf,data-set-11-files-4,1,email
EFTA02425212.pdf,data-set-11-files-4,1,email
EFTA02425213.pdf,data-set-11-files-4,2,email
EFTA02425215.pdf,data-set-11-files-4,1,other
EFTA02425216.pdf,data-set-11-files-4,7,email
EFTA02425223.pdf,data-set-11-files-4,1,email
EFTA02425224.pdf,data-set-11-files-4,1,other
EFTA02425225.pdf,data-set-11-files-4,1,email
EFTA02425226.pdf,data-set-11-files-4,1,other
EFTA02425227.pdf,data-set-11-files-4,1,other
EFTA02425228.pdf,data-set-11-files-4,1,email
EFTA02425229.pdf,data-set-11-files-4,1,email
EFTA02425230.pdf,data-set-11-files-4,1,email
EFTA02425231.pdf,data-set-11-files-4,2,email
EFTA02425233.pdf,data-set-11-files-4,2,email
EFTA02425235.pdf,data-set-11-files-4,1,email
EFTA02425236.pdf,data-set-11-files-4,2,email
EFTA02425238.pdf,data-set-11-files-4,1,email
EFTA02425239.pdf,data-set-11-files-4,3,email
EFTA02425242.pdf,data-set-11-files-4,2,email
EFTA02425244.pdf,data-set-11-files-4,1,email
EFTA02425245.pdf,data-set-11-files-4,1,other
EFTA02425246.pdf,data-set-11-files-4,2,email
EFTA02425248.pdf,data-set-11-files-4,1,email
EFTA02425249.pdf,data-set-11-files-4,1,email
EFTA02425250.pdf,data-set-11-files-4,1,other
EFTA02425251.pdf,data-set-11-files-4,1,other
EFTA02425252.pdf,data-set-11-files-4,3,email
EFTA02425255.pdf,data-set-11-files-4,1,email
EFTA02425256.pdf,data-set-11-files-4,1,email
EFTA02425257.pdf,data-set-11-files-4,1,email
EFTA02425258.pdf,data-set-11-files-4,1,email
EFTA02425259.pdf,data-set-11-files-4,1,email
EFTA02425260.pdf,data-set-11-files-4,1,other
EFTA02425261.pdf,data-set-11-files-4,1,email
EFTA02425262.pdf,data-set-11-files-4,3,email
EFTA02425265.pdf,data-set-11-files-4,1,other
EFTA02425266.pdf,data-set-11-files-4,1,email
EFTA02425267.pdf,data-set-11-files-4,1,email
EFTA02425268.pdf,data-set-11-files-4,1,email
EFTA02425269.pdf,data-set-11-files-4,1,other
EFTA02425270.pdf,data-set-11-files-4,1,email
EFTA02425271.pdf,data-set-11-files-4,1,email
EFTA02425272.pdf,data-set-11-files-4,1,other
EFTA02425273.pdf,data-set-11-files-4,4,email
EFTA02425277.pdf,data-set-11-files-4,1,other
EFTA02425278.pdf,data-set-11-files-4,1,email
EFTA02425279.pdf,data-set-11-files-4,2,other
EFTA02425281.pdf,data-set-11-files-4,2,email
EFTA02425283.pdf,data-set-11-files-4,1,other
EFTA02425284.pdf,data-set-11-files-4,1,other
EFTA02425285.pdf,data-set-11-files-4,2,email
EFTA02425287.pdf,data-set-11-files-4,2,email
EFTA02425289.pdf,data-set-11-files-4,3,email
EFTA02425292.pdf,data-set-11-files-4,1,email
EFTA02425293.pdf,data-set-11-files-4,1,other
EFTA02425294.pdf,data-set-11-files-4,1,other
EFTA02425295.pdf,data-set-11-files-4,1,email
EFTA02425296.pdf,data-set-11-files-4,1,email
EFTA02425297.pdf,data-set-11-files-4,1,email
EFTA02425298.pdf,data-set-11-files-4,1,other
EFTA02425299.pdf,data-set-11-files-4,3,email
EFTA02425302.pdf,data-set-11-files-4,1,email
EFTA02425303.pdf,data-set-11-files-4,1,email
EFTA02425304.pdf,data-set-11-files-4,1,other
EFTA02425305.pdf,data-set-11-files-4,2,email
EFTA02425307.pdf,data-set-11-files-4,2,email
EFTA02425309.pdf,data-set-11-files-4,2,email
EFTA02425311.pdf,data-set-11-files-4,1,email
EFTA02425312.pdf,data-set-11-files-4,1,other
EFTA02425313.pdf,data-set-11-files-4,1,email
EFTA02425314.pdf,data-set-11-files-4,1,email
EFTA02425315.pdf,data-set-11-files-4,1,email
EFTA02425316.pdf,data-set-11-files-4,3,email
EFTA02425319.pdf,data-set-11-files-4,1,email
EFTA02425320.pdf,data-set-11-files-4,1,email
EFTA02425321.pdf,data-set-11-files-4,1,email
EFTA02425322.pdf,data-set-11-files-4,1,email
EFTA02425323.pdf,data-set-11-files-4,3,email
EFTA02425326.pdf,data-set-11-files-4,1,email
EFTA02425327.pdf,data-set-11-files-4,2,email
EFTA02425329.pdf,data-set-11-files-4,1,email
EFTA02425330.pdf,data-set-11-files-4,2,email
EFTA02425332.pdf,data-set-11-files-4,1,other
EFTA02425333.pdf,data-set-11-files-4,1,other
EFTA02425334.pdf,data-set-11-files-4,1,email
EFTA02425335.pdf,data-set-11-files-4,1,other
EFTA02425336.pdf,data-set-11-files-4,1,email
EFTA02425337.pdf,data-set-11-files-4,1,other
EFTA02425338.pdf,data-set-11-files-4,1,email
EFTA02425339.pdf,data-set-11-files-4,1,email
EFTA02425340.pdf,data-set-11-files-4,2,email
EFTA02425342.pdf,data-set-11-files-4,1,other
EFTA02425343.pdf,data-set-11-files-4,1,other
EFTA02425344.pdf,data-set-11-files-4,1,other
EFTA02425345.pdf,data-set-11-files-4,3,email
EFTA02425348.pdf,data-set-11-files-4,1,other
EFTA02425349.pdf,data-set-11-files-4,1,other
EFTA02425350.pdf,data-set-11-files-4,1,other
EFTA02425351.pdf,data-set-11-files-4,1,email
EFTA02425352.pdf,data-set-11-files-4,1,email
EFTA02425353.pdf,data-set-11-files-4,1,email
EFTA02425354.pdf,data-set-11-files-4,1,other
EFTA02425355.pdf,data-set-11-files-4,1,other
EFTA02425356.pdf,data-set-11-files-4,1,other
EFTA02425357.pdf,data-set-11-files-4,2,email
EFTA02425359.pdf,data-set-11-files-4,1,email
EFTA02425360.pdf,data-set-11-files-4,2,other
EFTA02425362.pdf,data-set-11-files-4,1,other
EFTA02425363.pdf,data-set-11-files-4,2,email
EFTA02425365.pdf,data-set-11-files-4,1,other
EFTA02425366.pdf,data-set-11-files-4,1,other
EFTA02425367.pdf,data-set-11-files-4,1,other
EFTA02425368.pdf,data-set-11-files-4,1,other
EFTA02425369.pdf,data-set-11-files-4,2,email
EFTA02425371.pdf,data-set-11-files-4,1,other
EFTA02425372.pdf,data-set-11-files-4,1,other
EFTA02425373.pdf,data-set-11-files-4,1,email
EFTA02425374.pdf,data-set-11-files-4,2,email
EFTA02425376.pdf,data-set-11-files-4,1,other
EFTA02425377.pdf,data-set-11-files-4,2,email
EFTA02425379.pdf,data-set-11-files-4,1,other
EFTA02425380.pdf,data-set-11-files-4,1,email
EFTA02425381.pdf,data-set-11-files-4,1,other
EFTA02425382.pdf,data-set-11-files-4,1,email
EFTA02425383.pdf,data-set-11-files-4,1,other
EFTA02425384.pdf,data-set-11-files-4,2,email
EFTA02425386.pdf,data-set-11-files-4,2,email
EFTA02425388.pdf,data-set-11-files-4,1,email
EFTA02425389.pdf,data-set-11-files-4,1,other
EFTA02425390.pdf,data-set-11-files-4,1,email
EFTA02425391.pdf,data-set-11-files-4,1,email
EFTA02425393.pdf,data-set-11-files-4,1,email
EFTA02425394.pdf,data-set-11-files-4,1,email
EFTA02425395.pdf,data-set-11-files-4,1,email
EFTA02425396.pdf,data-set-11-files-4,1,email
EFTA02425397.pdf,data-set-11-files-4,1,other
EFTA02425398.pdf,data-set-11-files-4,1,email
EFTA02425399.pdf,data-set-11-files-4,1,other
EFTA02425400.pdf,data-set-11-files-4,1,email
EFTA02425401.pdf,data-set-11-files-4,2,email
EFTA02425403.pdf,data-set-11-files-4,1,other
EFTA02425404.pdf,data-set-11-files-4,1,other
EFTA02425405.pdf,data-set-11-files-4,1,email
EFTA02425406.pdf,data-set-11-files-4,1,other
EFTA02425407.pdf,data-set-11-files-4,1,other
EFTA02425408.pdf,data-set-11-files-4,1,other
EFTA02425409.pdf,data-set-11-files-4,1,email
EFTA02425410.pdf,data-set-11-files-4,2,email
EFTA02425412.pdf,data-set-11-files-4,1,email
EFTA02425413.pdf,data-set-11-files-4,1,other
EFTA02425414.pdf,data-set-11-files-4,1,email
EFTA02425415.pdf,data-set-11-files-4,1,other
EFTA02425416.pdf,data-set-11-files-4,1,email
EFTA02425417.pdf,data-set-11-files-4,1,email
EFTA02425418.pdf,data-set-11-files-4,1,other
EFTA02425419.pdf,data-set-11-files-4,1,email
EFTA02425420.pdf,data-set-11-files-4,1,email
EFTA02425421.pdf,data-set-11-files-4,1,email
EFTA02425422.pdf,data-set-11-files-4,1,other
EFTA02425423.pdf,data-set-11-files-4,1,other
EFTA02425424.pdf,data-set-11-files-4,1,email
EFTA02425425.pdf,data-set-11-files-4,1,other
EFTA02425426.pdf,data-set-11-files-4,1,other
EFTA02425427.pdf,data-set-11-files-4,1,email
EFTA02425428.pdf,data-set-11-files-4,1,email
EFTA02425429.pdf,data-set-11-files-4,1,other
EFTA02425430.pdf,data-set-11-files-4,1,email
EFTA02425431.pdf,data-set-11-files-4,1,other
EFTA02425432.pdf,data-set-11-files-4,1,other
EFTA02425433.pdf,data-set-11-files-4,2,email
EFTA02425435.pdf,data-set-11-files-4,1,other
EFTA02425436.pdf,data-set-11-files-4,1,other
EFTA02425437.pdf,data-set-11-files-4,1,email
EFTA02425438.pdf,data-set-11-files-4,1,other
EFTA02425439.pdf,data-set-11-files-4,2,email
EFTA02425441.pdf,data-set-11-files-4,1,other
EFTA02425442.pdf,data-set-11-files-4,1,other
EFTA02425443.pdf,data-set-11-files-4,1,email
EFTA02425444.pdf,data-set-11-files-4,1,email
EFTA02425445.pdf,data-set-11-files-4,1,other
EFTA02425446.pdf,data-set-11-files-4,2,email
EFTA02425449.pdf,data-set-11-files-4,1,other
EFTA02425450.pdf,data-set-11-files-4,1,email
EFTA02425451.pdf,data-set-11-files-4,1,email
EFTA02425452.pdf,data-set-11-files-4,1,email
EFTA02425453.pdf,data-set-11-files-4,4,email
EFTA02425457.pdf,data-set-11-files-4,1,other
EFTA02425458.pdf,data-set-11-files-4,1,other
EFTA02425459.pdf,data-set-11-files-4,1,other
EFTA02425460.pdf,data-set-11-files-4,1,other
EFTA02425461.pdf,data-set-11-files-4,1,email
EFTA02425462.pdf,data-set-11-files-4,5,email
EFTA02425467.pdf,data-set-11-files-4,2,email
EFTA02425469.pdf,data-set-11-files-4,1,email
EFTA02425470.pdf,data-set-11-files-4,1,other
EFTA02425471.pdf,data-set-11-files-4,1,email
EFTA02425472.pdf,data-set-11-files-4,1,other
EFTA02425473.pdf,data-set-11-files-4,1,email
EFTA02425474.pdf,data-set-11-files-4,1,email
EFTA02425475.pdf,data-set-11-files-4,1,email
EFTA02425476.pdf,data-set-11-files-4,2,other
EFTA02425478.pdf,data-set-11-files-4,1,other
EFTA02425479.pdf,data-set-11-files-4,1,other
EFTA02425480.pdf,data-set-11-files-4,1,other
EFTA02425481.pdf,data-set-11-files-4,3,email
EFTA02425484.pdf,data-set-11-files-4,1,email
EFTA02425485.pdf,data-set-11-files-4,1,email
EFTA02425486.pdf,data-set-11-files-4,3,other
EFTA02425489.pdf,data-set-11-files-4,3,email
EFTA02425492.pdf,data-set-11-files-4,1,email
EFTA02425493.pdf,data-set-11-files-4,2,email
EFTA02425495.pdf,data-set-11-files-4,1,other
EFTA02425496.pdf,data-set-11-files-4,1,email
EFTA02425497.pdf,data-set-11-files-4,1,other
EFTA02425498.pdf,data-set-11-files-4,1,email
EFTA02425499.pdf,data-set-11-files-4,1,other
EFTA02425500.pdf,data-set-11-files-4,2,email
EFTA02425502.pdf,data-set-11-files-4,1,other
EFTA02425503.pdf,data-set-11-files-4,1,email
EFTA02425504.pdf,data-set-11-files-4,2,other
EFTA02425506.pdf,data-set-11-files-4,1,email
EFTA02425507.pdf,data-set-11-files-4,1,email
EFTA02425508.pdf,data-set-11-files-4,1,other
EFTA02425509.pdf,data-set-11-files-4,2,other
EFTA02425511.pdf,data-set-11-files-4,1,email
EFTA02425512.pdf,data-set-11-files-4,1,other
EFTA02425513.pdf,data-set-11-files-4,1,other
EFTA02425514.pdf,data-set-11-files-4,1,email
EFTA02425515.pdf,data-set-11-files-4,1,email
EFTA02425516.pdf,data-set-11-files-4,1,email
EFTA02425517.pdf,data-set-11-files-4,1,other
EFTA02425518.pdf,data-set-11-files-4,1,email
EFTA02425519.pdf,data-set-11-files-4,2,email
EFTA02425521.pdf,data-set-11-files-4,1,email
EFTA02425522.pdf,data-set-11-files-4,1,email
EFTA02425523.pdf,data-set-11-files-4,2,email
EFTA02425525.pdf,data-set-11-files-4,2,email
EFTA02425527.pdf,data-set-11-files-4,1,email
EFTA02425528.pdf,data-set-11-files-4,2,email
EFTA02425530.pdf,data-set-11-files-4,1,other
EFTA02425531.pdf,data-set-11-files-4,1,email
EFTA02425532.pdf,data-set-11-files-4,1,email
EFTA02425533.pdf,data-set-11-files-4,1,other
EFTA02425534.pdf,data-set-11-files-4,1,other
EFTA02425535.pdf,data-set-11-files-4,1,email
EFTA02425536.pdf,data-set-11-files-4,1,email
EFTA02425537.pdf,data-set-11-files-4,1,other
EFTA02425538.pdf,data-set-11-files-4,1,other
EFTA02425539.pdf,data-set-11-files-4,2,email
EFTA02425541.pdf,data-set-11-files-4,2,email
EFTA02425543.pdf,data-set-11-files-4,1,email
EFTA02425544.pdf,data-set-11-files-4,1,other
EFTA02425545.pdf,data-set-11-files-4,1,email
EFTA02425546.pdf,data-set-11-files-4,1,other
EFTA02425547.pdf,data-set-11-files-4,1,email
EFTA02425548.pdf,data-set-11-files-4,1,other
EFTA02425549.pdf,data-set-11-files-4,1,email
EFTA02425550.pdf,data-set-11-files-4,1,email
EFTA02425551.pdf,data-set-11-files-4,1,email
EFTA02425552.pdf,data-set-11-files-4,1,email
EFTA02425553.pdf,data-set-11-files-4,2,email
EFTA02425555.pdf,data-set-11-files-4,2,email
EFTA02425557.pdf,data-set-11-files-4,2,other
EFTA02425559.pdf,data-set-11-files-4,2,email
EFTA02425561.pdf,data-set-11-files-4,1,email
EFTA02425562.pdf,data-set-11-files-4,1,email
EFTA02425563.pdf,data-set-11-files-4,1,email
EFTA02425564.pdf,data-set-11-files-4,1,email
EFTA02425565.pdf,data-set-11-files-4,2,email
EFTA02425567.pdf,data-set-11-files-4,1,other
EFTA02425568.pdf,data-set-11-files-4,1,other
EFTA02425569.pdf,data-set-11-files-4,1,email
EFTA02425570.pdf,data-set-11-files-4,1,email
EFTA02425571.pdf,data-set-11-files-4,2,other
EFTA02425573.pdf,data-set-11-files-4,2,email
EFTA02425575.pdf,data-set-11-files-4,1,other
EFTA02425576.pdf,data-set-11-files-4,1,email
EFTA02425577.pdf,data-set-11-files-4,1,email
EFTA02425578.pdf,data-set-11-files-4,1,other
EFTA02425579.pdf,data-set-11-files-4,1,email
EFTA02425580.pdf,data-set-11-files-4,1,email
EFTA02425581.pdf,data-set-11-files-4,2,email
EFTA02425583.pdf,data-set-11-files-4,1,other
EFTA02425584.pdf,data-set-11-files-4,1,email
EFTA02425585.pdf,data-set-11-files-4,2,email
EFTA02425587.pdf,data-set-11-files-4,1,other
EFTA02425588.pdf,data-set-11-files-4,1,email
EFTA02425589.pdf,data-set-11-files-4,1,email
EFTA02425590.pdf,data-set-11-files-4,1,other
EFTA02425591.pdf,data-set-11-files-4,3,email
EFTA02425594.pdf,data-set-11-files-4,1,other
EFTA02425595.pdf,data-set-11-files-4,1,other
EFTA02425596.pdf,data-set-11-files-4,1,other
EFTA02425597.pdf,data-set-11-files-4,1,other
EFTA02425598.pdf,data-set-11-files-4,1,email
EFTA02425599.pdf,data-set-11-files-4,1,email
EFTA02425600.pdf,data-set-11-files-4,2,email
EFTA02425602.pdf,data-set-11-files-4,1,other
EFTA02425603.pdf,data-set-11-files-4,1,other
EFTA02425604.pdf,data-set-11-files-4,1,other
EFTA02425605.pdf,data-set-11-files-4,1,other
EFTA02425606.pdf,data-set-11-files-4,1,email
EFTA02425607.pdf,data-set-11-files-4,1,email
EFTA02425608.pdf,data-set-11-files-4,2,email
EFTA02425610.pdf,data-set-11-files-4,1,other
EFTA02425611.pdf,data-set-11-files-4,2,email
EFTA02425613.pdf,data-set-11-files-4,1,other
EFTA02425614.pdf,data-set-11-files-4,2,email
EFTA02425616.pdf,data-set-11-files-4,2,email
EFTA02425618.pdf,data-set-11-files-4,2,email
EFTA02425620.pdf,data-set-11-files-4,2,other
EFTA02425622.pdf,data-set-11-files-4,1,email
EFTA02425623.pdf,data-set-11-files-4,1,other
EFTA02425624.pdf,data-set-11-files-4,1,email
EFTA02425625.pdf,data-set-11-files-4,1,email
EFTA02425626.pdf,data-set-11-files-4,1,email
EFTA02425627.pdf,data-set-11-files-4,1,other
EFTA02425628.pdf,data-set-11-files-4,1,email
EFTA02425629.pdf,data-set-11-files-4,1,email
EFTA02425630.pdf,data-set-11-files-4,1,other
EFTA02425631.pdf,data-set-11-files-4,1,email
EFTA02425632.pdf,data-set-11-files-4,1,other
EFTA02425633.pdf,data-set-11-files-4,1,other
EFTA02425634.pdf,data-set-11-files-4,1,other
EFTA02425635.pdf,data-set-11-files-4,1,other
EFTA02425636.pdf,data-set-11-files-4,1,email
EFTA02425637.pdf,data-set-11-files-4,2,email
EFTA02425639.pdf,data-set-11-files-4,1,email
EFTA02425640.pdf,data-set-11-files-4,3,email
EFTA02425643.pdf,data-set-11-files-4,1,other
EFTA02425644.pdf,data-set-11-files-4,1,other
EFTA02425645.pdf,data-set-11-files-4,1,other
EFTA02425646.pdf,data-set-11-files-4,1,other
EFTA02425647.pdf,data-set-11-files-4,4,email
EFTA02425651.pdf,data-set-11-files-4,1,email
EFTA02425652.pdf,data-set-11-files-4,1,other
EFTA02425653.pdf,data-set-11-files-4,1,email
EFTA02425654.pdf,data-set-11-files-4,1,other
EFTA02425655.pdf,data-set-11-files-4,1,other
EFTA02425656.pdf,data-set-11-files-4,2,email
EFTA02425658.pdf,data-set-11-files-4,2,other
EFTA02425660.pdf,data-set-11-files-4,3,email
EFTA02425663.pdf,data-set-11-files-4,2,email
EFTA02425665.pdf,data-set-11-files-4,1,email
EFTA02425666.pdf,data-set-11-files-4,1,other
EFTA02425667.pdf,data-set-11-files-4,1,email
EFTA02425668.pdf,data-set-11-files-4,1,email
EFTA02425669.pdf,data-set-11-files-4,1,other
EFTA02425670.pdf,data-set-11-files-4,1,other
EFTA02425671.pdf,data-set-11-files-4,1,email
EFTA02425672.pdf,data-set-11-files-4,2,email
EFTA02425674.pdf,data-set-11-files-4,1,other
EFTA02425675.pdf,data-set-11-files-4,1,other
EFTA02425676.pdf,data-set-11-files-4,6,email
EFTA02425682.pdf,data-set-11-files-4,2,email
EFTA02425684.pdf,data-set-11-files-4,1,other
EFTA02425685.pdf,data-set-11-files-4,1,email
EFTA02425686.pdf,data-set-11-files-4,1,other
EFTA02425687.pdf,data-set-11-files-4,2,email
EFTA02425689.pdf,data-set-11-files-4,1,email
EFTA02425690.pdf,data-set-11-files-4,1,other
EFTA02425691.pdf,data-set-11-files-4,1,email
EFTA02425692.pdf,data-set-11-files-4,2,email
EFTA02425694.pdf,data-set-11-files-4,1,other
EFTA02425695.pdf,data-set-11-files-4,1,email
EFTA02425696.pdf,data-set-11-files-4,1,email
EFTA02425697.pdf,data-set-11-files-4,1,other
EFTA02425698.pdf,data-set-11-files-4,4,email
EFTA02425702.pdf,data-set-11-files-4,1,other
EFTA02425703.pdf,data-set-11-files-4,1,other
EFTA02425704.pdf,data-set-11-files-4,2,email
EFTA02425706.pdf,data-set-11-files-4,2,email
EFTA02425708.pdf,data-set-11-files-4,1,other
EFTA02425709.pdf,data-set-11-files-4,1,other
EFTA02425710.pdf,data-set-11-files-4,1,other
EFTA02425711.pdf,data-set-11-files-4,1,other
EFTA02425712.pdf,data-set-11-files-4,1,email
EFTA02425713.pdf,data-set-11-files-4,1,email
EFTA02425714.pdf,data-set-11-files-4,1,email
EFTA02425715.pdf,data-set-11-files-4,1,email
EFTA02425716.pdf,data-set-11-files-4,1,other
EFTA02425717.pdf,data-set-11-files-4,1,other
EFTA02425718.pdf,data-set-11-files-4,1,other
EFTA02425719.pdf,data-set-11-files-4,2,email
EFTA02425721.pdf,data-set-11-files-4,1,other
EFTA02425722.pdf,data-set-11-files-4,1,email
EFTA02425723.pdf,data-set-11-files-4,1,other
EFTA02425724.pdf,data-set-11-files-4,1,other
EFTA02425725.pdf,data-set-11-files-4,1,email
EFTA02425726.pdf,data-set-11-files-4,1,email
EFTA02425727.pdf,data-set-11-files-4,1,email
EFTA02425728.pdf,data-set-11-files-4,1,other
EFTA02425729.pdf,data-set-11-files-4,1,email
EFTA02425730.pdf,data-set-11-files-4,1,email
EFTA02425731.pdf,data-set-11-files-4,1,other
EFTA02425732.pdf,data-set-11-files-4,1,email
EFTA02425733.pdf,data-set-11-files-4,4,email
EFTA02425737.pdf,data-set-11-files-4,1,email
EFTA02425738.pdf,data-set-11-files-4,1,email
EFTA02425739.pdf,data-set-11-files-4,1,email
EFTA02425740.pdf,data-set-11-files-4,1,email
EFTA02425741.pdf,data-set-11-files-4,4,email
EFTA02425745.pdf,data-set-11-files-4,2,email
EFTA02425747.pdf,data-set-11-files-4,3,email
EFTA02425750.pdf,data-set-11-files-4,1,other
EFTA02425751.pdf,data-set-11-files-4,1,email
EFTA02425752.pdf,data-set-11-files-4,1,other
EFTA02425753.pdf,data-set-11-files-4,1,other
EFTA02425754.pdf,data-set-11-files-4,1,other
EFTA02425755.pdf,data-set-11-files-4,1,other
EFTA02425756.pdf,data-set-11-files-4,4,email
EFTA02425760.pdf,data-set-11-files-4,2,other
EFTA02425762.pdf,data-set-11-files-4,2,email
EFTA02425764.pdf,data-set-11-files-4,2,email
EFTA02425766.pdf,data-set-11-files-4,2,email
EFTA02425768.pdf,data-set-11-files-4,1,email
EFTA02425769.pdf,data-set-11-files-4,1,other
EFTA02425770.pdf,data-set-11-files-4,2,email
EFTA02425772.pdf,data-set-11-files-4,1,other
EFTA02425773.pdf,data-set-11-files-4,1,other
EFTA02425774.pdf,data-set-11-files-4,3,email
EFTA02425777.pdf,data-set-11-files-4,1,email
EFTA02425778.pdf,data-set-11-files-4,1,other
EFTA02425779.pdf,data-set-11-files-4,1,other
EFTA02425780.pdf,data-set-11-files-4,1,other
EFTA02425781.pdf,data-set-11-files-4,1,other
EFTA02425782.pdf,data-set-11-files-4,1,email
EFTA02425783.pdf,data-set-11-files-4,1,email
EFTA02425784.pdf,data-set-11-files-4,1,other
EFTA02425785.pdf,data-set-11-files-4,1,other
EFTA02425786.pdf,data-set-11-files-4,1,other
EFTA02425787.pdf,data-set-11-files-4,1,email
EFTA02425788.pdf,data-set-11-files-4,1,other
EFTA02425789.pdf,data-set-11-files-4,1,other
EFTA02425790.pdf,data-set-11-files-4,1,other
EFTA02425791.pdf,data-set-11-files-4,1,other
EFTA02425792.pdf,data-set-11-files-4,1,other
EFTA02425793.pdf,data-set-11-files-4,1,other
EFTA02425794.pdf,data-set-11-files-4,2,email
EFTA02425796.pdf,data-set-11-files-4,1,email
EFTA02425797.pdf,data-set-11-files-4,1,email
EFTA02425798.pdf,data-set-11-files-4,3,email
EFTA02425801.pdf,data-set-11-files-4,1,other
EFTA02425802.pdf,data-set-11-files-4,1,email
EFTA02425803.pdf,data-set-11-files-4,1,other
EFTA02425804.pdf,data-set-11-files-4,1,email
EFTA02425805.pdf,data-set-11-files-4,1,other
EFTA02425806.pdf,data-set-11-files-4,1,email
EFTA02425807.pdf,data-set-11-files-4,1,email
EFTA02425808.pdf,data-set-11-files-4,1,email
EFTA02425809.pdf,data-set-11-files-4,1,email
EFTA02425810.pdf,data-set-11-files-4,1,other
EFTA02425811.pdf,data-set-11-files-4,1,email
EFTA02425812.pdf,data-set-11-files-4,1,other
EFTA02425813.pdf,data-set-11-files-4,1,other
EFTA02425814.pdf,data-set-11-files-4,1,email
EFTA02425815.pdf,data-set-11-files-4,1,other
EFTA02425816.pdf,data-set-11-files-4,2,email
EFTA02425818.pdf,data-set-11-files-4,1,other
EFTA02425819.pdf,data-set-11-files-4,2,other
EFTA02425821.pdf,data-set-11-files-4,2,other
EFTA02425823.pdf,data-set-11-files-4,1,other
EFTA02425824.pdf,data-set-11-files-4,1,other
EFTA02425825.pdf,data-set-11-files-4,3,email
EFTA02425828.pdf,data-set-11-files-4,1,email
EFTA02425829.pdf,data-set-11-files-4,1,other
EFTA02425830.pdf,data-set-11-files-4,1,email
EFTA02425831.pdf,data-set-11-files-4,1,other
EFTA02425832.pdf,data-set-11-files-4,1,other
EFTA02425833.pdf,data-set-11-files-4,1,email
EFTA02425834.pdf,data-set-11-files-4,1,email
EFTA02425835.pdf,data-set-11-files-4,1,other
EFTA02425836.pdf,data-set-11-files-4,1,email
EFTA02425837.pdf,data-set-11-files-4,1,other
EFTA02425838.pdf,data-set-11-files-4,1,email
EFTA02425839.pdf,data-set-11-files-4,2,email
EFTA02425841.pdf,data-set-11-files-4,1,email
EFTA02425842.pdf,data-set-11-files-4,1,other
EFTA02425843.pdf,data-set-11-files-4,1,other
EFTA02425844.pdf,data-set-11-files-4,1,other
EFTA02425845.pdf,data-set-11-files-4,2,email
EFTA02425848.pdf,data-set-11-files-4,3,email
EFTA02425851.pdf,data-set-11-files-4,1,other
EFTA02425852.pdf,data-set-11-files-4,1,email
EFTA02425853.pdf,data-set-11-files-4,3,email
EFTA02425856.pdf,data-set-11-files-4,1,other
EFTA02425857.pdf,data-set-11-files-4,2,email
EFTA02425859.pdf,data-set-11-files-4,1,email
EFTA02425860.pdf,data-set-11-files-4,1,email
EFTA02425861.pdf,data-set-11-files-4,1,email
EFTA02425862.pdf,data-set-11-files-4,1,email
EFTA02425863.pdf,data-set-11-files-4,2,email
EFTA02425865.pdf,data-set-11-files-4,1,other
EFTA02425866.pdf,data-set-11-files-4,1,other
EFTA02425867.pdf,data-set-11-files-4,1,email
EFTA02425868.pdf,data-set-11-files-4,1,email
EFTA02425869.pdf,data-set-11-files-4,1,other
EFTA02425870.pdf,data-set-11-files-4,1,other
EFTA02425871.pdf,data-set-11-files-4,2,other
EFTA02425873.pdf,data-set-11-files-4,1,other
EFTA02425874.pdf,data-set-11-files-4,1,other
EFTA02425875.pdf,data-set-11-files-4,1,email
EFTA02425876.pdf,data-set-11-files-4,1,email
EFTA02425877.pdf,data-set-11-files-4,1,email
EFTA02425878.pdf,data-set-11-files-4,2,other
EFTA02425880.pdf,data-set-11-files-4,1,email
EFTA02425881.pdf,data-set-11-files-4,2,email
EFTA02425883.pdf,data-set-11-files-4,1,email
EFTA02425884.pdf,data-set-11-files-4,1,other
EFTA02425885.pdf,data-set-11-files-4,1,other
EFTA02425886.pdf,data-set-11-files-4,1,email
EFTA02425887.pdf,data-set-11-files-4,2,email
EFTA02425889.pdf,data-set-11-files-4,2,email
EFTA02425891.pdf,data-set-11-files-4,1,other
EFTA02425892.pdf,data-set-11-files-4,1,email
EFTA02425893.pdf,data-set-11-files-4,1,other
EFTA02425894.pdf,data-set-11-files-4,2,email
EFTA02425896.pdf,data-set-11-files-4,2,email
EFTA02425898.pdf,data-set-11-files-4,2,email
EFTA02425900.pdf,data-set-11-files-4,1,other
EFTA02425901.pdf,data-set-11-files-4,2,email
EFTA02425903.pdf,data-set-11-files-4,1,other
EFTA02425904.pdf,data-set-11-files-4,1,email
EFTA02425905.pdf,data-set-11-files-4,1,email
EFTA02425906.pdf,data-set-11-files-4,2,other
EFTA02425908.pdf,data-set-11-files-4,1,email
EFTA02425909.pdf,data-set-11-files-4,1,email
EFTA02425910.pdf,data-set-11-files-4,1,email
EFTA02425911.pdf,data-set-11-files-4,1,email
EFTA02425912.pdf,data-set-11-files-4,1,other
EFTA02425913.pdf,data-set-11-files-4,1,email
EFTA02425914.pdf,data-set-11-files-4,2,other
EFTA02425916.pdf,data-set-11-files-4,1,other
EFTA02425917.pdf,data-set-11-files-4,1,email
EFTA02425918.pdf,data-set-11-files-4,2,other
EFTA02425920.pdf,data-set-11-files-4,1,email
EFTA02425921.pdf,data-set-11-files-4,1,email
EFTA02425922.pdf,data-set-11-files-4,1,other
EFTA02425923.pdf,data-set-11-files-4,1,email
EFTA02425924.pdf,data-set-11-files-4,1,other
EFTA02425925.pdf,data-set-11-files-4,1,other
EFTA02425926.pdf,data-set-11-files-4,1,email
EFTA02425927.pdf,data-set-11-files-4,1,email
EFTA02425928.pdf,data-set-11-files-4,1,email
EFTA02425929.pdf,data-set-11-files-4,1,email
EFTA02425930.pdf,data-set-11-files-4,1,other
EFTA02425931.pdf,data-set-11-files-4,1,other
EFTA02425932.pdf,data-set-11-files-4,1,other
EFTA02425933.pdf,data-set-11-files-4,1,email
EFTA02425934.pdf,data-set-11-files-4,1,other
EFTA02425935.pdf,data-set-11-files-4,1,email
EFTA02425936.pdf,data-set-11-files-4,1,email
EFTA02425937.pdf,data-set-11-files-4,1,email
EFTA02425938.pdf,data-set-11-files-4,1,email
EFTA02425939.pdf,data-set-11-files-4,1,other
EFTA02425940.pdf,data-set-11-files-4,1,other
EFTA02425941.pdf,data-set-11-files-4,1,email
EFTA02425942.pdf,data-set-11-files-4,2,email
EFTA02425944.pdf,data-set-11-files-4,1,other
EFTA02425945.pdf,data-set-11-files-4,2,email
EFTA02425947.pdf,data-set-11-files-4,1,other
EFTA02425948.pdf,data-set-11-files-4,1,other
EFTA02425949.pdf,data-set-11-files-4,1,email
EFTA02425950.pdf,data-set-11-files-4,2,other
EFTA02425952.pdf,data-set-11-files-4,1,other
EFTA02425953.pdf,data-set-11-files-4,1,other
EFTA02425954.pdf,data-set-11-files-4,1,email
EFTA02425955.pdf,data-set-11-files-4,1,other
EFTA02425956.pdf,data-set-11-files-4,1,email
EFTA02425957.pdf,data-set-11-files-4,1,email
EFTA02425958.pdf,data-set-11-files-4,3,email
EFTA02425961.pdf,data-set-11-files-4,1,other
EFTA02425962.pdf,data-set-11-files-4,1,other
EFTA02425963.pdf,data-set-11-files-4,1,email
EFTA02425964.pdf,data-set-11-files-4,2,other
EFTA02425966.pdf,data-set-11-files-4,1,other
EFTA02425967.pdf,data-set-11-files-4,1,email
EFTA02425968.pdf,data-set-11-files-4,2,email
EFTA02425970.pdf,data-set-11-files-4,1,email
EFTA02425971.pdf,data-set-11-files-4,2,email
EFTA02425973.pdf,data-set-11-files-4,2,email
EFTA02425975.pdf,data-set-11-files-4,1,email
EFTA02425976.pdf,data-set-11-files-4,2,email
EFTA02425978.pdf,data-set-11-files-4,1,other
EFTA02425979.pdf,data-set-11-files-4,1,email
EFTA02425980.pdf,data-set-11-files-4,1,other
EFTA02425981.pdf,data-set-11-files-4,1,email
EFTA02425982.pdf,data-set-11-files-4,1,email
EFTA02425983.pdf,data-set-11-files-4,1,other
EFTA02425984.pdf,data-set-11-files-4,2,email
EFTA02425986.pdf,data-set-11-files-4,2,email
EFTA02425988.pdf,data-set-11-files-4,1,email
EFTA02425989.pdf,data-set-11-files-4,1,other
EFTA02425990.pdf,data-set-11-files-4,1,email
EFTA02425991.pdf,data-set-11-files-4,2,other
EFTA02425993.pdf,data-set-11-files-4,1,email
EFTA02425994.pdf,data-set-11-files-4,1,email
EFTA02425995.pdf,data-set-11-files-4,2,email
EFTA02425997.pdf,data-set-11-files-4,1,email
EFTA02425998.pdf,data-set-11-files-4,2,email
EFTA02426000.pdf,data-set-11-files-4,1,email
EFTA02426001.pdf,data-set-11-files-4,1,email
EFTA02426002.pdf,data-set-11-files-4,1,email
EFTA02426003.pdf,data-set-11-files-4,2,email
EFTA02426005.pdf,data-set-11-files-4,1,email
EFTA02426006.pdf,data-set-11-files-4,2,email
EFTA02426008.pdf,data-set-11-files-4,1,other
EFTA02426009.pdf,data-set-11-files-4,1,email
EFTA02426010.pdf,data-set-11-files-4,1,email
EFTA02426011.pdf,data-set-11-files-4,1,email
EFTA02426012.pdf,data-set-11-files-4,1,other
EFTA02426013.pdf,data-set-11-files-4,1,email
EFTA02426014.pdf,data-set-11-files-4,1,email
EFTA02426015.pdf,data-set-11-files-4,1,email
EFTA02426016.pdf,data-set-11-files-4,1,email
EFTA02426017.pdf,data-set-11-files-4,1,other
EFTA02426018.pdf,data-set-11-files-4,1,other
EFTA02426019.pdf,data-set-11-files-4,1,other
EFTA02426020.pdf,data-set-11-files-4,1,other
EFTA02426021.pdf,data-set-11-files-4,1,email
EFTA02426022.pdf,data-set-11-files-4,1,other
EFTA02426023.pdf,data-set-11-files-4,1,other
EFTA02426024.pdf,data-set-11-files-4,1,email
EFTA02426025.pdf,data-set-11-files-4,2,email
EFTA02426027.pdf,data-set-11-files-4,1,email
EFTA02426028.pdf,data-set-11-files-4,1,other
EFTA02426029.pdf,data-set-11-files-4,1,other
EFTA02426030.pdf,data-set-11-files-4,1,email
EFTA02426031.pdf,data-set-11-files-4,2,email
EFTA02426033.pdf,data-set-11-files-4,1,email
EFTA02426034.pdf,data-set-11-files-4,1,email
EFTA02426035.pdf,data-set-11-files-4,2,email
EFTA02426037.pdf,data-set-11-files-4,1,other
EFTA02426038.pdf,data-set-11-files-4,1,other
EFTA02426039.pdf,data-set-11-files-4,1,email
EFTA02426040.pdf,data-set-11-files-4,1,other
EFTA02426041.pdf,data-set-11-files-4,1,other
EFTA02426042.pdf,data-set-11-files-4,1,email
EFTA02426043.pdf,data-set-11-files-4,1,email
EFTA02426044.pdf,data-set-11-files-4,1,email
EFTA02426045.pdf,data-set-11-files-4,1,email
EFTA02426046.pdf,data-set-11-files-4,1,email
EFTA02426047.pdf,data-set-11-files-4,2,email
EFTA02426049.pdf,data-set-11-files-4,1,email
EFTA02426050.pdf,data-set-11-files-4,1,email
EFTA02426051.pdf,data-set-11-files-4,2,other
EFTA02426053.pdf,data-set-11-files-4,1,email
EFTA02426054.pdf,data-set-11-files-4,1,email
EFTA02426055.pdf,data-set-11-files-4,1,email
EFTA02426056.pdf,data-set-11-files-4,2,email
EFTA02426058.pdf,data-set-11-files-4,1,email
EFTA02426059.pdf,data-set-11-files-4,2,email
EFTA02426061.pdf,data-set-11-files-4,1,other
EFTA02426062.pdf,data-set-11-files-4,1,email
EFTA02426063.pdf,data-set-11-files-4,2,other
EFTA02426065.pdf,data-set-11-files-4,2,email
EFTA02426067.pdf,data-set-11-files-4,1,other
EFTA02426068.pdf,data-set-11-files-4,5,email
EFTA02426073.pdf,data-set-11-files-4,2,email
EFTA02426075.pdf,data-set-11-files-4,1,email
EFTA02426076.pdf,data-set-11-files-4,2,email
EFTA02426078.pdf,data-set-11-files-4,1,email
EFTA02426079.pdf,data-set-11-files-4,1,other
EFTA02426080.pdf,data-set-11-files-4,4,email
EFTA02426084.pdf,data-set-11-files-4,1,email
EFTA02426085.pdf,data-set-11-files-4,2,other
EFTA02426087.pdf,data-set-11-files-4,1,email
EFTA02426088.pdf,data-set-11-files-4,1,other
EFTA02426089.pdf,data-set-11-files-4,3,email
EFTA02426092.pdf,data-set-11-files-4,1,email
EFTA02426093.pdf,data-set-11-files-4,2,other
EFTA02426095.pdf,data-set-11-files-4,1,email
EFTA02426096.pdf,data-set-11-files-4,1,email
EFTA02426097.pdf,data-set-11-files-4,1,email
EFTA02426098.pdf,data-set-11-files-4,1,email
EFTA02426099.pdf,data-set-11-files-4,2,email
EFTA02426101.pdf,data-set-11-files-4,1,email
EFTA02426102.pdf,data-set-11-files-4,2,email
EFTA02426104.pdf,data-set-11-files-4,1,email
EFTA02426105.pdf,data-set-11-files-4,1,other
EFTA02426106.pdf,data-set-11-files-4,1,other
EFTA02426107.pdf,data-set-11-files-4,2,email
EFTA02426109.pdf,data-set-11-files-4,1,email
EFTA02426110.pdf,data-set-11-files-4,1,email
EFTA02426111.pdf,data-set-11-files-4,1,email
EFTA02426112.pdf,data-set-11-files-4,1,other
EFTA02426113.pdf,data-set-11-files-4,2,email
EFTA02426115.pdf,data-set-11-files-4,1,other
EFTA02426116.pdf,data-set-11-files-4,1,email
EFTA02426117.pdf,data-set-11-files-4,1,email
EFTA02426118.pdf,data-set-11-files-4,3,email
EFTA02426121.pdf,data-set-11-files-4,1,email
EFTA02426122.pdf,data-set-11-files-4,1,email
EFTA02426123.pdf,data-set-11-files-4,1,other
EFTA02426124.pdf,data-set-11-files-4,2,email
EFTA02426126.pdf,data-set-11-files-4,1,email
EFTA02426127.pdf,data-set-11-files-4,2,email
EFTA02426129.pdf,data-set-11-files-4,1,email
EFTA02426130.pdf,data-set-11-files-4,1,email
EFTA02426131.pdf,data-set-11-files-4,1,email
EFTA02426132.pdf,data-set-11-files-4,1,email
EFTA02426133.pdf,data-set-11-files-4,1,email
EFTA02426134.pdf,data-set-11-files-4,2,other
EFTA02426136.pdf,data-set-11-files-4,1,email
EFTA02426137.pdf,data-set-11-files-4,1,email
EFTA02426138.pdf,data-set-11-files-4,1,other
EFTA02426139.pdf,data-set-11-files-4,1,other
EFTA02426140.pdf,data-set-11-files-4,2,other
EFTA02426142.pdf,data-set-11-files-4,1,other
EFTA02426143.pdf,data-set-11-files-4,1,other
EFTA02426144.pdf,data-set-11-files-4,2,email
EFTA02426146.pdf,data-set-11-files-4,2,email
EFTA02426148.pdf,data-set-11-files-4,1,other
EFTA02426149.pdf,data-set-11-files-4,1,other
EFTA02426150.pdf,data-set-11-files-4,1,other
EFTA02426151.pdf,data-set-11-files-4,1,other
EFTA02426152.pdf,data-set-11-files-4,2,email
EFTA02426154.pdf,data-set-11-files-4,1,email
EFTA02426155.pdf,data-set-11-files-4,1,other
EFTA02426156.pdf,data-set-11-files-4,1,email
EFTA02426157.pdf,data-set-11-files-4,2,email
EFTA02426159.pdf,data-set-11-files-4,1,other
EFTA02426160.pdf,data-set-11-files-4,1,email
EFTA02426161.pdf,data-set-11-files-4,1,email
EFTA02426162.pdf,data-set-11-files-4,1,email
EFTA02426163.pdf,data-set-11-files-4,1,email
EFTA02426164.pdf,data-set-11-files-4,1,other
EFTA02426165.pdf,data-set-11-files-4,1,email
EFTA02426166.pdf,data-set-11-files-4,1,other
EFTA02426167.pdf,data-set-11-files-4,1,email
EFTA02426168.pdf,data-set-11-files-4,1,other
EFTA02426169.pdf,data-set-11-files-4,1,other
EFTA02426170.pdf,data-set-11-files-4,1,other
EFTA02426171.pdf,data-set-11-files-4,1,email
EFTA02426172.pdf,data-set-11-files-4,1,other
EFTA02426173.pdf,data-set-11-files-4,1,email
EFTA02426174.pdf,data-set-11-files-4,2,email
EFTA02426176.pdf,data-set-11-files-4,1,email
EFTA02426177.pdf,data-set-11-files-4,1,email
EFTA02426178.pdf,data-set-11-files-4,1,other
EFTA02426179.pdf,data-set-11-files-4,1,email
EFTA02426180.pdf,data-set-11-files-4,1,email
EFTA02426181.pdf,data-set-11-files-4,1,other
EFTA02426182.pdf,data-set-11-files-4,1,email
EFTA02426183.pdf,data-set-11-files-4,1,other
EFTA02426184.pdf,data-set-11-files-4,1,other
EFTA02426185.pdf,data-set-11-files-4,1,other
EFTA02426186.pdf,data-set-11-files-4,1,other
EFTA02426187.pdf,data-set-11-files-4,1,email
EFTA02426188.pdf,data-set-11-files-4,1,email
EFTA02426189.pdf,data-set-11-files-4,1,email
EFTA02426190.pdf,data-set-11-files-4,1,email
EFTA02426191.pdf,data-set-11-files-4,2,email
EFTA02426193.pdf,data-set-11-files-4,1,other
EFTA02426194.pdf,data-set-11-files-4,1,email
EFTA02426195.pdf,data-set-11-files-4,1,other
EFTA02426196.pdf,data-set-11-files-4,1,other
EFTA02426197.pdf,data-set-11-files-4,1,email
EFTA02426198.pdf,data-set-11-files-4,1,email
EFTA02426199.pdf,data-set-11-files-4,1,other
EFTA02426200.pdf,data-set-11-files-4,1,email
EFTA02426201.pdf,data-set-11-files-4,1,email
EFTA02426202.pdf,data-set-11-files-4,1,other
EFTA02426203.pdf,data-set-11-files-4,1,other
EFTA02426204.pdf,data-set-11-files-4,3,email
EFTA02426207.pdf,data-set-11-files-4,1,email
EFTA02426208.pdf,data-set-11-files-4,1,other
EFTA02426209.pdf,data-set-11-files-4,3,email
EFTA02426212.pdf,data-set-11-files-4,1,email
EFTA02426213.pdf,data-set-11-files-4,1,other
EFTA02426214.pdf,data-set-11-files-4,1,other
EFTA02426215.pdf,data-set-11-files-4,1,email
EFTA02426216.pdf,data-set-11-files-4,1,other
EFTA02426217.pdf,data-set-11-files-4,2,email
EFTA02426219.pdf,data-set-11-files-4,1,email
EFTA02426220.pdf,data-set-11-files-4,2,email
EFTA02426222.pdf,data-set-11-files-4,1,email
EFTA02426223.pdf,data-set-11-files-4,1,email
EFTA02426224.pdf,data-set-11-files-4,2,email
EFTA02426226.pdf,data-set-11-files-4,2,email
EFTA02426228.pdf,data-set-11-files-4,1,email
EFTA02426229.pdf,data-set-11-files-4,1,other
EFTA02426230.pdf,data-set-11-files-4,1,email
EFTA02426231.pdf,data-set-11-files-4,1,email
EFTA02426232.pdf,data-set-11-files-4,1,email
EFTA02426233.pdf,data-set-11-files-4,1,other
EFTA02426234.pdf,data-set-11-files-4,2,email
EFTA02426236.pdf,data-set-11-files-4,1,other
EFTA02426237.pdf,data-set-11-files-4,1,email
EFTA02426238.pdf,data-set-11-files-4,1,email
EFTA02426239.pdf,data-set-11-files-4,1,email
EFTA02426240.pdf,data-set-11-files-4,1,email
EFTA02426241.pdf,data-set-11-files-4,2,email
EFTA02426243.pdf,data-set-11-files-4,1,other
EFTA02426244.pdf,data-set-11-files-4,1,other
EFTA02426245.pdf,data-set-11-files-4,1,email
EFTA02426246.pdf,data-set-11-files-4,1,other
EFTA02426247.pdf,data-set-11-files-4,1,email
EFTA02426248.pdf,data-set-11-files-4,1,other
EFTA02426249.pdf,data-set-11-files-4,1,email
EFTA02426250.pdf,data-set-11-files-4,1,email
EFTA02426251.pdf,data-set-11-files-4,1,email
EFTA02426252.pdf,data-set-11-files-4,1,email
EFTA02426253.pdf,data-set-11-files-4,1,email
EFTA02426254.pdf,data-set-11-files-4,1,email
EFTA02426255.pdf,data-set-11-files-4,2,email
EFTA02426257.pdf,data-set-11-files-4,1,email
EFTA02426258.pdf,data-set-11-files-4,1,email
EFTA02426259.pdf,data-set-11-files-4,1,other
EFTA02426260.pdf,data-set-11-files-4,1,other
EFTA02426261.pdf,data-set-11-files-4,1,other
EFTA02426262.pdf,data-set-11-files-4,1,other
EFTA02426263.pdf,data-set-11-files-4,1,other
EFTA02426264.pdf,data-set-11-files-4,1,other
EFTA02426265.pdf,data-set-11-files-4,1,email
EFTA02426266.pdf,data-set-11-files-4,1,email
EFTA02426267.pdf,data-set-11-files-4,1,email
EFTA02426268.pdf,data-set-11-files-4,1,email
EFTA02426269.pdf,data-set-11-files-4,1,email
EFTA02426270.pdf,data-set-11-files-4,1,email
EFTA02426271.pdf,data-set-11-files-4,1,email
EFTA02426272.pdf,data-set-11-files-4,1,other
EFTA02426273.pdf,data-set-11-files-4,1,other
EFTA02426274.pdf,data-set-11-files-4,1,other
EFTA02426275.pdf,data-set-11-files-4,2,email
EFTA02426277.pdf,data-set-11-files-4,2,email
EFTA02426279.pdf,data-set-11-files-4,2,email
EFTA02426281.pdf,data-set-11-files-4,2,email
EFTA02426283.pdf,data-set-11-files-4,1,email
EFTA02426284.pdf,data-set-11-files-4,1,email
EFTA02426285.pdf,data-set-11-files-4,2,email
EFTA02426287.pdf,data-set-11-files-4,1,email
EFTA02426288.pdf,data-set-11-files-4,3,email
EFTA02426291.pdf,data-set-11-files-4,1,email
EFTA02426292.pdf,data-set-11-files-4,2,email
EFTA02426294.pdf,data-set-11-files-4,1,other
EFTA02426295.pdf,data-set-11-files-4,1,other
EFTA02426296.pdf,data-set-11-files-4,2,other
EFTA02426298.pdf,data-set-11-files-4,1,other
EFTA02426299.pdf,data-set-11-files-4,1,email
EFTA02426300.pdf,data-set-11-files-4,2,email
EFTA02426302.pdf,data-set-11-files-4,1,other
EFTA02426303.pdf,data-set-11-files-4,2,email
EFTA02426305.pdf,data-set-11-files-4,1,email
EFTA02426306.pdf,data-set-11-files-4,3,email
EFTA02426309.pdf,data-set-11-files-4,2,other
EFTA02426311.pdf,data-set-11-files-4,1,email
EFTA02426312.pdf,data-set-11-files-4,1,other
EFTA02426313.pdf,data-set-11-files-4,1,other
EFTA02426314.pdf,data-set-11-files-4,1,email
EFTA02426315.pdf,data-set-11-files-4,2,email
EFTA02426317.pdf,data-set-11-files-4,1,email
EFTA02426318.pdf,data-set-11-files-4,1,email
EFTA02426319.pdf,data-set-11-files-4,1,other
EFTA02426320.pdf,data-set-11-files-4,1,other
EFTA02426321.pdf,data-set-11-files-4,1,other
EFTA02426322.pdf,data-set-11-files-4,1,other
EFTA02426323.pdf,data-set-11-files-4,1,email
EFTA02426324.pdf,data-set-11-files-4,1,email
EFTA02426325.pdf,data-set-11-files-4,1,other
EFTA02426326.pdf,data-set-11-files-4,1,email
EFTA02426327.pdf,data-set-11-files-4,1,other
EFTA02426328.pdf,data-set-11-files-4,2,email
EFTA02426330.pdf,data-set-11-files-4,1,email
EFTA02426331.pdf,data-set-11-files-4,2,email
EFTA02426333.pdf,data-set-11-files-4,2,email
EFTA02426335.pdf,data-set-11-files-4,3,email
EFTA02426338.pdf,data-set-11-files-4,1,email
EFTA02426339.pdf,data-set-11-files-4,1,email
EFTA02426340.pdf,data-set-11-files-4,1,email
EFTA02426341.pdf,data-set-11-files-4,1,other
EFTA02426342.pdf,data-set-11-files-4,1,email
EFTA02426343.pdf,data-set-11-files-4,2,email
EFTA02426345.pdf,data-set-11-files-4,1,email
EFTA02426346.pdf,data-set-11-files-4,2,email
EFTA02426348.pdf,data-set-11-files-4,1,email
EFTA02426349.pdf,data-set-11-files-4,1,email
EFTA02426350.pdf,data-set-11-files-4,1,other
EFTA02426351.pdf,data-set-11-files-4,2,email
EFTA02426353.pdf,data-set-11-files-4,1,email
EFTA02426354.pdf,data-set-11-files-4,1,email
EFTA02426355.pdf,data-set-11-files-4,1,email
EFTA02426356.pdf,data-set-11-files-4,1,other
EFTA02426357.pdf,data-set-11-files-4,3,email
EFTA02426360.pdf,data-set-11-files-4,1,other
EFTA02426361.pdf,data-set-11-files-4,2,email
EFTA02426363.pdf,data-set-11-files-4,1,email
EFTA02426364.pdf,data-set-11-files-4,1,email
EFTA02426365.pdf,data-set-11-files-4,1,email
EFTA02426366.pdf,data-set-11-files-4,1,other
EFTA02426367.pdf,data-set-11-files-4,2,email
EFTA02426369.pdf,data-set-11-files-4,1,other
EFTA02426370.pdf,data-set-11-files-4,1,email
EFTA02426371.pdf,data-set-11-files-4,1,email
EFTA02426372.pdf,data-set-11-files-4,1,email
EFTA02426373.pdf,data-set-11-files-4,1,email
EFTA02426374.pdf,data-set-11-files-4,1,email
EFTA02426375.pdf,data-set-11-files-4,3,email
EFTA02426378.pdf,data-set-11-files-4,1,email
EFTA02426379.pdf,data-set-11-files-4,1,email
EFTA02426380.pdf,data-set-11-files-4,1,other
EFTA02426381.pdf,data-set-11-files-4,1,other
EFTA02426382.pdf,data-set-11-files-4,2,other
EFTA02426384.pdf,data-set-11-files-4,1,other
EFTA02426385.pdf,data-set-11-files-4,3,email
EFTA02426388.pdf,data-set-11-files-4,1,email
EFTA02426389.pdf,data-set-11-files-4,1,email
EFTA02426390.pdf,data-set-11-files-4,1,email
EFTA02426391.pdf,data-set-11-files-4,2,other
EFTA02426393.pdf,data-set-11-files-4,9,email
EFTA02426402.pdf,data-set-11-files-4,1,email
EFTA02426403.pdf,data-set-11-files-4,1,other
EFTA02426404.pdf,data-set-11-files-4,2,email
EFTA02426406.pdf,data-set-11-files-4,1,email
EFTA02426407.pdf,data-set-11-files-4,1,email
EFTA02426408.pdf,data-set-11-files-4,1,other
EFTA02426409.pdf,data-set-11-files-4,1,other
EFTA02426410.pdf,data-set-11-files-4,1,email
EFTA02426411.pdf,data-set-11-files-4,1,email
EFTA02426412.pdf,data-set-11-files-4,1,email
EFTA02426413.pdf,data-set-11-files-4,1,email
EFTA02426414.pdf,data-set-11-files-4,1,email
EFTA02426415.pdf,data-set-11-files-4,1,email
EFTA02426416.pdf,data-set-11-files-4,1,email
EFTA02426417.pdf,data-set-11-files-4,1,other
EFTA02426418.pdf,data-set-11-files-4,1,email
EFTA02426419.pdf,data-set-11-files-4,1,email
EFTA02426420.pdf,data-set-11-files-4,1,other
EFTA02426421.pdf,data-set-11-files-4,1,other
EFTA02426422.pdf,data-set-11-files-4,1,other
EFTA02426423.pdf,data-set-11-files-4,1,email
EFTA02426424.pdf,data-set-11-files-4,1,email
EFTA02426425.pdf,data-set-11-files-4,1,email
EFTA02426426.pdf,data-set-11-files-4,1,other
EFTA02426427.pdf,data-set-11-files-4,2,email
EFTA02426429.pdf,data-set-11-files-4,1,other
EFTA02426430.pdf,data-set-11-files-4,1,email
EFTA02426431.pdf,data-set-11-files-4,1,other
EFTA02426432.pdf,data-set-11-files-4,1,other
EFTA02426433.pdf,data-set-11-files-4,1,other
EFTA02426434.pdf,data-set-11-files-4,1,other
EFTA02426435.pdf,data-set-11-files-4,1,other
EFTA02426436.pdf,data-set-11-files-4,1,email
EFTA02426437.pdf,data-set-11-files-4,1,other
EFTA02426438.pdf,data-set-11-files-4,1,email
EFTA02426439.pdf,data-set-11-files-4,1,other
EFTA02426440.pdf,data-set-11-files-4,1,email
EFTA02426441.pdf,data-set-11-files-4,2,email
EFTA02426443.pdf,data-set-11-files-4,1,other
EFTA02426444.pdf,data-set-11-files-4,1,other
EFTA02426445.pdf,data-set-11-files-4,4,email
EFTA02426449.pdf,data-set-11-files-4,1,other
EFTA02426450.pdf,data-set-11-files-4,1,email
EFTA02426451.pdf,data-set-11-files-4,1,email
EFTA02426452.pdf,data-set-11-files-4,1,other
EFTA02426453.pdf,data-set-11-files-4,1,email
EFTA02426454.pdf,data-set-11-files-4,1,email
EFTA02426455.pdf,data-set-11-files-4,1,email
EFTA02426456.pdf,data-set-11-files-4,1,email
EFTA02426457.pdf,data-set-11-files-4,1,email
EFTA02426458.pdf,data-set-11-files-4,4,email
EFTA02426462.pdf,data-set-11-files-4,2,email
EFTA02426464.pdf,data-set-11-files-4,2,email
EFTA02426466.pdf,data-set-11-files-4,1,email
EFTA02426467.pdf,data-set-11-files-4,1,other
EFTA02426468.pdf,data-set-11-files-4,1,email
EFTA02426469.pdf,data-set-11-files-4,1,other
EFTA02426470.pdf,data-set-11-files-4,3,email
EFTA02426473.pdf,data-set-11-files-4,1,other
EFTA02426474.pdf,data-set-11-files-4,1,other
EFTA02426475.pdf,data-set-11-files-4,1,email
EFTA02426476.pdf,data-set-11-files-4,1,email
EFTA02426477.pdf,data-set-11-files-4,1,other
EFTA02426478.pdf,data-set-11-files-4,2,email
EFTA02426480.pdf,data-set-11-files-4,2,email
EFTA02426482.pdf,data-set-11-files-4,1,other
EFTA02426483.pdf,data-set-11-files-4,2,email
EFTA02426485.pdf,data-set-11-files-4,1,other
EFTA02426486.pdf,data-set-11-files-4,1,email
EFTA02426487.pdf,data-set-11-files-4,2,email
EFTA02426489.pdf,data-set-11-files-4,1,email
EFTA02426490.pdf,data-set-11-files-4,1,other
EFTA02426491.pdf,data-set-11-files-4,1,email
EFTA02426492.pdf,data-set-11-files-4,2,email
EFTA02426494.pdf,data-set-11-files-4,1,other
EFTA02426495.pdf,data-set-11-files-4,1,other
EFTA02426496.pdf,data-set-11-files-4,1,email
EFTA02426497.pdf,data-set-11-files-4,1,email
EFTA02426498.pdf,data-set-11-files-4,1,other
EFTA02426499.pdf,data-set-11-files-4,1,email
EFTA02426500.pdf,data-set-11-files-4,1,other
EFTA02426501.pdf,data-set-11-files-4,2,other
EFTA02426503.pdf,data-set-11-files-4,1,email
EFTA02426504.pdf,data-set-11-files-4,1,other
EFTA02426505.pdf,data-set-11-files-4,1,email
EFTA02426506.pdf,data-set-11-files-4,1,email
EFTA02426507.pdf,data-set-11-files-4,1,email
EFTA02426508.pdf,data-set-11-files-4,1,email
EFTA02426509.pdf,data-set-11-files-4,2,email
EFTA02426511.pdf,data-set-11-files-4,1,email
EFTA02426512.pdf,data-set-11-files-4,1,other
EFTA02426513.pdf,data-set-11-files-4,1,email
EFTA02426514.pdf,data-set-11-files-4,1,email
EFTA02426515.pdf,data-set-11-files-4,3,other
EFTA02426518.pdf,data-set-11-files-4,1,other
EFTA02426519.pdf,data-set-11-files-4,1,email
EFTA02426520.pdf,data-set-11-files-4,1,other
EFTA02426521.pdf,data-set-11-files-4,1,email
EFTA02426522.pdf,data-set-11-files-4,1,other
EFTA02426523.pdf,data-set-11-files-4,2,email
EFTA02426525.pdf,data-set-11-files-4,1,email
EFTA02426526.pdf,data-set-11-files-4,1,email
EFTA02426527.pdf,data-set-11-files-4,1,other
EFTA02426528.pdf,data-set-11-files-4,1,email
EFTA02426529.pdf,data-set-11-files-4,1,email
EFTA02426530.pdf,data-set-11-files-4,1,email
EFTA02426531.pdf,data-set-11-files-4,1,other
EFTA02426532.pdf,data-set-11-files-4,1,email
EFTA02426533.pdf,data-set-11-files-4,16,other
EFTA02426549.pdf,data-set-11-files-4,2,email
EFTA02426551.pdf,data-set-11-files-4,2,other
EFTA02426553.pdf,data-set-11-files-4,1,other
EFTA02426554.pdf,data-set-11-files-4,1,other
EFTA02426555.pdf,data-set-11-files-4,2,email
EFTA02426557.pdf,data-set-11-files-4,1,email
EFTA02426558.pdf,data-set-11-files-4,1,other
EFTA02426559.pdf,data-set-11-files-4,1,other
EFTA02426560.pdf,data-set-11-files-4,1,other
EFTA02426561.pdf,data-set-11-files-4,1,email
EFTA02426562.pdf,data-set-11-files-4,2,email
EFTA02426564.pdf,data-set-11-files-4,3,email
EFTA02426567.pdf,data-set-11-files-4,1,email
EFTA02426568.pdf,data-set-11-files-4,6,other
EFTA02426574.pdf,data-set-11-files-4,1,other
EFTA02426575.pdf,data-set-11-files-4,1,email
EFTA02426576.pdf,data-set-11-files-4,1,other
EFTA02426577.pdf,data-set-11-files-4,2,email
EFTA02426579.pdf,data-set-11-files-4,3,email
EFTA02426582.pdf,data-set-11-files-4,1,email
EFTA02426583.pdf,data-set-11-files-4,2,email
EFTA02426585.pdf,data-set-11-files-4,1,other
EFTA02426586.pdf,data-set-11-files-4,4,email
EFTA02426590.pdf,data-set-11-files-4,1,email
EFTA02426591.pdf,data-set-11-files-4,1,email
EFTA02426592.pdf,data-set-11-files-4,1,email
EFTA02426593.pdf,data-set-11-files-4,1,other
EFTA02426594.pdf,data-set-11-files-4,1,email
EFTA02426595.pdf,data-set-11-files-4,3,email
EFTA02426598.pdf,data-set-11-files-4,6,other
EFTA02426604.pdf,data-set-11-files-4,3,other
EFTA02426607.pdf,data-set-11-files-4,1,email
EFTA02426608.pdf,data-set-11-files-4,1,email
EFTA02426609.pdf,data-set-11-files-4,1,other
EFTA02426610.pdf,data-set-11-files-4,1,email
EFTA02426611.pdf,data-set-11-files-4,1,other
EFTA02426612.pdf,data-set-11-files-4,1,email
EFTA02426613.pdf,data-set-11-files-4,1,email
EFTA02426614.pdf,data-set-11-files-4,1,email
EFTA02426615.pdf,data-set-11-files-4,1,email
EFTA02426616.pdf,data-set-11-files-4,1,other
EFTA02426617.pdf,data-set-11-files-4,1,email
EFTA02426618.pdf,data-set-11-files-4,1,email
EFTA02426619.pdf,data-set-11-files-4,1,other
EFTA02426620.pdf,data-set-11-files-4,1,other
EFTA02426621.pdf,data-set-11-files-4,1,email
EFTA02426622.pdf,data-set-11-files-4,1,other
EFTA02426623.pdf,data-set-11-files-4,2,email
EFTA02426625.pdf,data-set-11-files-4,1,other
EFTA02426626.pdf,data-set-11-files-4,5,other
EFTA02426631.pdf,data-set-11-files-4,1,email
EFTA02426632.pdf,data-set-11-files-4,1,other
EFTA02426633.pdf,data-set-11-files-4,1,email
EFTA02426634.pdf,data-set-11-files-4,1,email
EFTA02426635.pdf,data-set-11-files-4,1,other
EFTA02426636.pdf,data-set-11-files-4,1,email
EFTA02426637.pdf,data-set-11-files-4,1,email
EFTA02426638.pdf,data-set-11-files-4,1,email
EFTA02426639.pdf,data-set-11-files-4,1,email
EFTA02426640.pdf,data-set-11-files-4,1,email
EFTA02426641.pdf,data-set-11-files-4,1,email
EFTA02426642.pdf,data-set-11-files-4,4,other
EFTA02426646.pdf,data-set-11-files-4,1,email
EFTA02426647.pdf,data-set-11-files-4,2,other
EFTA02426649.pdf,data-set-11-files-4,1,other
EFTA02426650.pdf,data-set-11-files-4,1,email
EFTA02426651.pdf,data-set-11-files-4,2,email
EFTA02426653.pdf,data-set-11-files-4,1,email
EFTA02426654.pdf,data-set-11-files-4,2,email
EFTA02426656.pdf,data-set-11-files-4,1,other
EFTA02426657.pdf,data-set-11-files-4,1,email
EFTA02426658.pdf,data-set-11-files-4,1,email
EFTA02426659.pdf,data-set-11-files-4,1,email
EFTA02426660.pdf,data-set-11-files-4,1,other
EFTA02426661.pdf,data-set-11-files-4,2,email
EFTA02426663.pdf,data-set-11-files-4,1,email
EFTA02426664.pdf,data-set-11-files-4,1,other
EFTA02426665.pdf,data-set-11-files-4,1,other
EFTA02426666.pdf,data-set-11-files-4,1,email
EFTA02426667.pdf,data-set-11-files-4,1,email
EFTA02426668.pdf,data-set-11-files-4,1,other
EFTA02426669.pdf,data-set-11-files-4,1,email
EFTA02426670.pdf,data-set-11-files-4,1,email
EFTA02426671.pdf,data-set-11-files-4,1,email
EFTA02426672.pdf,data-set-11-files-4,3,other
EFTA02426675.pdf,data-set-11-files-4,3,email
EFTA02426678.pdf,data-set-11-files-4,1,other
EFTA02426679.pdf,data-set-11-files-4,1,email
EFTA02426680.pdf,data-set-11-files-4,1,email
EFTA02426681.pdf,data-set-11-files-4,3,email
EFTA02426684.pdf,data-set-11-files-4,1,other
EFTA02426685.pdf,data-set-11-files-4,2,other
EFTA02426687.pdf,data-set-11-files-4,2,other
EFTA02426689.pdf,data-set-11-files-4,1,other
EFTA02426690.pdf,data-set-11-files-4,2,email
EFTA02426692.pdf,data-set-11-files-4,1,other
EFTA02426693.pdf,data-set-11-files-4,1,other
EFTA02426694.pdf,data-set-11-files-4,1,email
EFTA02426695.pdf,data-set-11-files-4,2,email
EFTA02426697.pdf,data-set-11-files-4,1,other
EFTA02426698.pdf,data-set-11-files-4,1,other
EFTA02426699.pdf,data-set-11-files-4,1,email
EFTA02426700.pdf,data-set-11-files-4,2,other
EFTA02426702.pdf,data-set-11-files-4,1,other
EFTA02426703.pdf,data-set-11-files-4,3,other
EFTA02426706.pdf,data-set-11-files-4,1,other
EFTA02426707.pdf,data-set-11-files-4,3,email
EFTA02426710.pdf,data-set-11-files-4,1,email
EFTA02426711.pdf,data-set-11-files-4,2,email
EFTA02426713.pdf,data-set-11-files-4,1,email
EFTA02426714.pdf,data-set-11-files-4,1,other
EFTA02426715.pdf,data-set-11-files-4,1,email
EFTA02426716.pdf,data-set-11-files-4,1,email
EFTA02426717.pdf,data-set-11-files-4,1,other
EFTA02426718.pdf,data-set-11-files-4,1,other
EFTA02426719.pdf,data-set-11-files-4,1,other
EFTA02426720.pdf,data-set-11-files-4,1,email
EFTA02426721.pdf,data-set-11-files-4,2,email
EFTA02426723.pdf,data-set-11-files-4,1,email
EFTA02426724.pdf,data-set-11-files-4,1,email
EFTA02426725.pdf,data-set-11-files-4,1,email
EFTA02426726.pdf,data-set-11-files-4,1,other
EFTA02426727.pdf,data-set-11-files-4,1,other
EFTA02426728.pdf,data-set-11-files-4,1,other
EFTA02426729.pdf,data-set-11-files-4,1,other
EFTA02426730.pdf,data-set-11-files-4,1,email
EFTA02426731.pdf,data-set-11-files-4,1,email
EFTA02426732.pdf,data-set-11-files-4,1,other
EFTA02426733.pdf,data-set-11-files-4,2,email
EFTA02426735.pdf,data-set-11-files-4,1,email
EFTA02426736.pdf,data-set-11-files-4,2,email
EFTA02426738.pdf,data-set-11-files-4,1,email
EFTA02426739.pdf,data-set-11-files-4,1,other
EFTA02426740.pdf,data-set-11-files-4,3,other
EFTA02426743.pdf,data-set-11-files-4,1,email
EFTA02426744.pdf,data-set-11-files-4,1,email
EFTA02426745.pdf,data-set-11-files-4,1,email
EFTA02426746.pdf,data-set-11-files-4,1,other
EFTA02426747.pdf,data-set-11-files-4,1,email
EFTA02426748.pdf,data-set-11-files-4,3,email
EFTA02426751.pdf,data-set-11-files-4,1,email
EFTA02426752.pdf,data-set-11-files-4,2,other
EFTA02426754.pdf,data-set-11-files-4,1,other
EFTA02426755.pdf,data-set-11-files-4,1,other
EFTA02426756.pdf,data-set-11-files-4,1,email
EFTA02426757.pdf,data-set-11-files-4,1,email
EFTA02426758.pdf,data-set-11-files-4,1,email
EFTA02426759.pdf,data-set-11-files-4,1,email
EFTA02426760.pdf,data-set-11-files-4,2,email
EFTA02426762.pdf,data-set-11-files-4,1,email
EFTA02426763.pdf,data-set-11-files-4,1,email
EFTA02426764.pdf,data-set-11-files-4,1,other
EFTA02426765.pdf,data-set-11-files-4,2,email
EFTA02426767.pdf,data-set-11-files-4,1,other
EFTA02426768.pdf,data-set-11-files-4,1,email
EFTA02426769.pdf,data-set-11-files-4,1,other
EFTA02426770.pdf,data-set-11-files-4,2,other
EFTA02426772.pdf,data-set-11-files-4,3,email
EFTA02426775.pdf,data-set-11-files-4,1,email
EFTA02426776.pdf,data-set-11-files-4,1,email
EFTA02426777.pdf,data-set-11-files-4,2,other
EFTA02426779.pdf,data-set-11-files-4,1,other
EFTA02426780.pdf,data-set-11-files-4,1,email
EFTA02426781.pdf,data-set-11-files-4,1,email
EFTA02426782.pdf,data-set-11-files-4,2,email
EFTA02426784.pdf,data-set-11-files-4,1,email
EFTA02426785.pdf,data-set-11-files-4,1,other
EFTA02426786.pdf,data-set-11-files-4,1,email
EFTA02426787.pdf,data-set-11-files-4,1,email
EFTA02426788.pdf,data-set-11-files-4,2,other
EFTA02426790.pdf,data-set-11-files-4,1,other
EFTA02426791.pdf,data-set-11-files-4,4,email
EFTA02426795.pdf,data-set-11-files-4,1,email
EFTA02426796.pdf,data-set-11-files-4,1,other
EFTA02426797.pdf,data-set-11-files-4,1,email
EFTA02426798.pdf,data-set-11-files-4,4,email
EFTA02426802.pdf,data-set-11-files-4,1,email
EFTA02426803.pdf,data-set-11-files-4,1,other
EFTA02426804.pdf,data-set-11-files-4,1,email
EFTA02426805.pdf,data-set-11-files-4,1,email
EFTA02426806.pdf,data-set-11-files-4,2,email
EFTA02426808.pdf,data-set-11-files-4,1,email
EFTA02426809.pdf,data-set-11-files-4,1,other
EFTA02426810.pdf,data-set-11-files-4,1,other
EFTA02426811.pdf,data-set-11-files-4,1,email
EFTA02426812.pdf,data-set-11-files-4,1,email
EFTA02426813.pdf,data-set-11-files-4,3,email
EFTA02426816.pdf,data-set-11-files-4,1,other
EFTA02426817.pdf,data-set-11-files-4,1,other
EFTA02426818.pdf,data-set-11-files-4,1,email
EFTA02426819.pdf,data-set-11-files-4,1,other
EFTA02426820.pdf,data-set-11-files-4,1,other
EFTA02426821.pdf,data-set-11-files-4,1,other
EFTA02426822.pdf,data-set-11-files-4,1,email
EFTA02426823.pdf,data-set-11-files-4,1,email
EFTA02426824.pdf,data-set-11-files-4,1,other
EFTA02426825.pdf,data-set-11-files-4,1,email
EFTA02426826.pdf,data-set-11-files-4,1,other
EFTA02426827.pdf,data-set-11-files-4,3,email
EFTA02426830.pdf,data-set-11-files-4,1,other
EFTA02426831.pdf,data-set-11-files-4,1,other
EFTA02426832.pdf,data-set-11-files-4,1,other
EFTA02426833.pdf,data-set-11-files-4,1,email
EFTA02426834.pdf,data-set-11-files-4,2,email
EFTA02426836.pdf,data-set-11-files-4,3,email
EFTA02426839.pdf,data-set-11-files-4,1,other
EFTA02426840.pdf,data-set-11-files-4,1,other
EFTA02426841.pdf,data-set-11-files-4,1,email
EFTA02426842.pdf,data-set-11-files-4,1,other
EFTA02426843.pdf,data-set-11-files-4,3,email
EFTA02426846.pdf,data-set-11-files-4,1,other
EFTA02426847.pdf,data-set-11-files-4,1,email
EFTA02426848.pdf,data-set-11-files-4,1,email
EFTA02426849.pdf,data-set-11-files-4,1,email
EFTA02426850.pdf,data-set-11-files-4,1,email
EFTA02426851.pdf,data-set-11-files-4,1,email
EFTA02426852.pdf,data-set-11-files-4,1,other
EFTA02426853.pdf,data-set-11-files-4,1,email
EFTA02426854.pdf,data-set-11-files-4,1,other
EFTA02426855.pdf,data-set-11-files-4,2,email
EFTA02426857.pdf,data-set-11-files-4,1,email
EFTA02426858.pdf,data-set-11-files-4,3,email
EFTA02426861.pdf,data-set-11-files-4,1,email
EFTA02426862.pdf,data-set-11-files-4,1,email
EFTA02426863.pdf,data-set-11-files-4,3,other
EFTA02426866.pdf,data-set-11-files-4,1,other
EFTA02426867.pdf,data-set-11-files-4,1,email
EFTA02426868.pdf,data-set-11-files-4,1,other
EFTA02426869.pdf,data-set-11-files-4,1,other
EFTA02426870.pdf,data-set-11-files-4,1,other
EFTA02426871.pdf,data-set-11-files-4,3,email
EFTA02426874.pdf,data-set-11-files-4,1,other
EFTA02426875.pdf,data-set-11-files-4,2,other
EFTA02426877.pdf,data-set-11-files-4,1,other
EFTA02426878.pdf,data-set-11-files-4,1,other
EFTA02426879.pdf,data-set-11-files-4,1,other
EFTA02426880.pdf,data-set-11-files-4,1,email
EFTA02426881.pdf,data-set-11-files-4,1,email
EFTA02426882.pdf,data-set-11-files-4,1,email
EFTA02426883.pdf,data-set-11-files-4,1,other
EFTA02426884.pdf,data-set-11-files-4,1,email
EFTA02426885.pdf,data-set-11-files-4,1,other
EFTA02426886.pdf,data-set-11-files-4,3,email
EFTA02426889.pdf,data-set-11-files-4,2,email
EFTA02426891.pdf,data-set-11-files-4,2,email
EFTA02426893.pdf,data-set-11-files-4,1,email
EFTA02426894.pdf,data-set-11-files-4,1,email
EFTA02426895.pdf,data-set-11-files-4,2,other
EFTA02426897.pdf,data-set-11-files-4,1,email
EFTA02426898.pdf,data-set-11-files-4,1,other
EFTA02426899.pdf,data-set-11-files-4,2,email
EFTA02426901.pdf,data-set-11-files-4,2,email
EFTA02426903.pdf,data-set-11-files-4,1,email
EFTA02426904.pdf,data-set-11-files-4,1,other
EFTA02426905.pdf,data-set-11-files-4,3,email
EFTA02426908.pdf,data-set-11-files-4,1,other
EFTA02426909.pdf,data-set-11-files-4,1,other
EFTA02426910.pdf,data-set-11-files-4,1,other
EFTA02426911.pdf,data-set-11-files-4,1,other
EFTA02426912.pdf,data-set-11-files-4,1,email
EFTA02426913.pdf,data-set-11-files-4,1,email
EFTA02426914.pdf,data-set-11-files-4,1,email
EFTA02426915.pdf,data-set-11-files-4,1,other
EFTA02426916.pdf,data-set-11-files-4,1,email
EFTA02426917.pdf,data-set-11-files-4,1,email
EFTA02426918.pdf,data-set-11-files-4,1,email
EFTA02426919.pdf,data-set-11-files-4,2,other
EFTA02426921.pdf,data-set-11-files-4,1,email
EFTA02426922.pdf,data-set-11-files-4,1,other
EFTA02426923.pdf,data-set-11-files-4,2,email
EFTA02426925.pdf,data-set-11-files-4,1,email
EFTA02426926.pdf,data-set-11-files-4,2,email
EFTA02426928.pdf,data-set-11-files-4,1,email
EFTA02426929.pdf,data-set-11-files-4,1,email
EFTA02426930.pdf,data-set-11-files-4,1,other
EFTA02426931.pdf,data-set-11-files-4,1,email
EFTA02426932.pdf,data-set-11-files-4,1,other
EFTA02426933.pdf,data-set-11-files-4,1,other
EFTA02426934.pdf,data-set-11-files-4,1,email
EFTA02426935.pdf,data-set-11-files-4,1,email
EFTA02426936.pdf,data-set-11-files-4,1,other
EFTA02426937.pdf,data-set-11-files-4,1,other
EFTA02426938.pdf,data-set-11-files-4,1,email
EFTA02426939.pdf,data-set-11-files-4,1,email
EFTA02426940.pdf,data-set-11-files-4,2,email
EFTA02426942.pdf,data-set-11-files-4,1,email
EFTA02426943.pdf,data-set-11-files-4,2,email
EFTA02426945.pdf,data-set-11-files-4,3,email
EFTA02426948.pdf,data-set-11-files-4,1,other
EFTA02426949.pdf,data-set-11-files-4,1,email
EFTA02426950.pdf,data-set-11-files-4,1,other
EFTA02426951.pdf,data-set-11-files-4,2,other
EFTA02426953.pdf,data-set-11-files-4,1,other
EFTA02426954.pdf,data-set-11-files-4,1,other
EFTA02426955.pdf,data-set-11-files-4,1,other
EFTA02426956.pdf,data-set-11-files-4,1,email
EFTA02426957.pdf,data-set-11-files-4,1,other
EFTA02426958.pdf,data-set-11-files-4,1,email
EFTA02426959.pdf,data-set-11-files-4,1,email
EFTA02426960.pdf,data-set-11-files-4,1,other
EFTA02426961.pdf,data-set-11-files-4,1,email
EFTA02426962.pdf,data-set-11-files-4,1,other
EFTA02426963.pdf,data-set-11-files-4,2,email
EFTA02426965.pdf,data-set-11-files-4,1,email
EFTA02426966.pdf,data-set-11-files-4,1,email
EFTA02426967.pdf,data-set-11-files-4,1,other
EFTA02426968.pdf,data-set-11-files-4,1,email
EFTA02426969.pdf,data-set-11-files-4,1,other
EFTA02426970.pdf,data-set-11-files-4,3,other
EFTA02426973.pdf,data-set-11-files-4,1,other
EFTA02426974.pdf,data-set-11-files-4,1,email
EFTA02426975.pdf,data-set-11-files-4,2,other
EFTA02426980.pdf,data-set-11-files-4,1,other
EFTA02426981.pdf,data-set-11-files-4,1,other
EFTA02426982.pdf,data-set-11-files-4,1,other
EFTA02426983.pdf,data-set-11-files-4,1,email
EFTA02426984.pdf,data-set-11-files-4,2,other
EFTA02426986.pdf,data-set-11-files-4,1,email
EFTA02426987.pdf,data-set-11-files-4,2,other
EFTA02426989.pdf,data-set-11-files-4,2,email
EFTA02426991.pdf,data-set-11-files-4,1,email
EFTA02426992.pdf,data-set-11-files-4,1,other
EFTA02426993.pdf,data-set-11-files-4,1,email
EFTA02426994.pdf,data-set-11-files-4,1,other
EFTA02426995.pdf,data-set-11-files-4,2,email
EFTA02426997.pdf,data-set-11-files-4,1,email
EFTA02426998.pdf,data-set-11-files-4,1,email
EFTA02426999.pdf,data-set-11-files-4,1,other
EFTA02427000.pdf,data-set-11-files-4,2,email
EFTA02427002.pdf,data-set-11-files-4,2,email
EFTA02427004.pdf,data-set-11-files-4,1,other
EFTA02427005.pdf,data-set-11-files-4,2,email
EFTA02427007.pdf,data-set-11-files-4,1,other
EFTA02427008.pdf,data-set-11-files-4,1,email
EFTA02427009.pdf,data-set-11-files-4,1,email
EFTA02427010.pdf,data-set-11-files-4,2,email
EFTA02427012.pdf,data-set-11-files-4,1,email
EFTA02427013.pdf,data-set-11-files-4,1,email
EFTA02427014.pdf,data-set-11-files-4,1,email
EFTA02427015.pdf,data-set-11-files-4,1,other
EFTA02427016.pdf,data-set-11-files-4,1,email
EFTA02427017.pdf,data-set-11-files-4,1,email
EFTA02427018.pdf,data-set-11-files-4,1,email
EFTA02427019.pdf,data-set-11-files-4,1,other
EFTA02427020.pdf,data-set-11-files-4,1,email
EFTA02427021.pdf,data-set-11-files-4,1,email
EFTA02427022.pdf,data-set-11-files-4,1,other
EFTA02427023.pdf,data-set-11-files-4,1,email
EFTA02427024.pdf,data-set-11-files-4,1,email
EFTA02427025.pdf,data-set-11-files-4,1,other
EFTA02427026.pdf,data-set-11-files-4,1,email
EFTA02427027.pdf,data-set-11-files-4,2,email
EFTA02427029.pdf,data-set-11-files-4,1,other
EFTA02427030.pdf,data-set-11-files-4,1,email
EFTA02427031.pdf,data-set-11-files-4,1,other
EFTA02427032.pdf,data-set-11-files-4,3,email
EFTA02427035.pdf,data-set-11-files-4,1,other
EFTA02427036.pdf,data-set-11-files-4,1,other
EFTA02427037.pdf,data-set-11-files-4,2,other
EFTA02427039.pdf,data-set-11-files-4,1,email
EFTA02427040.pdf,data-set-11-files-4,1,other
EFTA02427041.pdf,data-set-11-files-4,1,email
EFTA02427042.pdf,data-set-11-files-4,1,email
EFTA02427043.pdf,data-set-11-files-4,1,other
EFTA02427044.pdf,data-set-11-files-4,1,other
EFTA02427045.pdf,data-set-11-files-4,1,other
EFTA02427046.pdf,data-set-11-files-4,1,email
EFTA02427047.pdf,data-set-11-files-4,1,email
EFTA02427048.pdf,data-set-11-files-4,1,email
EFTA02427049.pdf,data-set-11-files-4,1,email
EFTA02427050.pdf,data-set-11-files-4,2,other
EFTA02427052.pdf,data-set-11-files-4,2,other
EFTA02427054.pdf,data-set-11-files-4,1,other
EFTA02427055.pdf,data-set-11-files-4,1,email
EFTA02427056.pdf,data-set-11-files-4,2,other
EFTA02427058.pdf,data-set-11-files-4,1,email
EFTA02427059.pdf,data-set-11-files-4,1,other
EFTA02427060.pdf,data-set-11-files-4,1,email
EFTA02427061.pdf,data-set-11-files-4,1,other
EFTA02427062.pdf,data-set-11-files-4,1,email
EFTA02427063.pdf,data-set-11-files-4,1,email
EFTA02427064.pdf,data-set-11-files-4,1,other
EFTA02427065.pdf,data-set-11-files-4,2,other
EFTA02427067.pdf,data-set-11-files-4,1,other
EFTA02427068.pdf,data-set-11-files-4,1,other
EFTA02427069.pdf,data-set-11-files-4,1,email
EFTA02427070.pdf,data-set-11-files-4,1,other
EFTA02427071.pdf,data-set-11-files-4,2,other
EFTA02427073.pdf,data-set-11-files-4,1,other
EFTA02427074.pdf,data-set-11-files-4,1,email
EFTA02427075.pdf,data-set-11-files-4,1,other
EFTA02427076.pdf,data-set-11-files-4,1,other
EFTA02427077.pdf,data-set-11-files-4,1,email
EFTA02427078.pdf,data-set-11-files-4,1,email
EFTA02427079.pdf,data-set-11-files-4,1,email
EFTA02427080.pdf,data-set-11-files-4,1,other
EFTA02427081.pdf,data-set-11-files-4,1,email
EFTA02427082.pdf,data-set-11-files-4,1,other
EFTA02427083.pdf,data-set-11-files-4,1,email
EFTA02427084.pdf,data-set-11-files-4,1,email
EFTA02427085.pdf,data-set-11-files-4,1,other
EFTA02427086.pdf,data-set-11-files-4,1,email
EFTA02427087.pdf,data-set-11-files-4,1,email
EFTA02427088.pdf,data-set-11-files-4,5,email
EFTA02427093.pdf,data-set-11-files-4,1,email
EFTA02427094.pdf,data-set-11-files-4,1,other
EFTA02427095.pdf,data-set-11-files-4,1,email
EFTA02427096.pdf,data-set-11-files-4,1,other
EFTA02427097.pdf,data-set-11-files-4,1,other
EFTA02427098.pdf,data-set-11-files-4,1,other
EFTA02427099.pdf,data-set-11-files-4,1,email
EFTA02427100.pdf,data-set-11-files-4,2,other
EFTA02427102.pdf,data-set-11-files-4,1,other
EFTA02427103.pdf,data-set-11-files-4,1,other
EFTA02427104.pdf,data-set-11-files-4,2,other
EFTA02427106.pdf,data-set-11-files-4,1,email
EFTA02427107.pdf,data-set-11-files-4,1,other
EFTA02427108.pdf,data-set-11-files-4,1,other
EFTA02427109.pdf,data-set-11-files-4,1,other
EFTA02427110.pdf,data-set-11-files-4,1,email
EFTA02427111.pdf,data-set-11-files-4,1,other
EFTA02427112.pdf,data-set-11-files-4,1,email
EFTA02427113.pdf,data-set-11-files-4,1,other
EFTA02427114.pdf,data-set-11-files-4,1,email
EFTA02427115.pdf,data-set-11-files-4,1,other
EFTA02427116.pdf,data-set-11-files-4,4,email
EFTA02427120.pdf,data-set-11-files-4,1,other
EFTA02427121.pdf,data-set-11-files-4,1,other
EFTA02427122.pdf,data-set-11-files-4,1,email
EFTA02427123.pdf,data-set-11-files-4,1,other
EFTA02427124.pdf,data-set-11-files-4,1,email
EFTA02427125.pdf,data-set-11-files-4,1,other
EFTA02427126.pdf,data-set-11-files-4,1,email
EFTA02427127.pdf,data-set-11-files-4,1,other
EFTA02427128.pdf,data-set-11-files-4,1,other
EFTA02427129.pdf,data-set-11-files-4,1,other
EFTA02427130.pdf,data-set-11-files-4,2,email
EFTA02427132.pdf,data-set-11-files-4,2,other
EFTA02427134.pdf,data-set-11-files-4,1,other
EFTA02427135.pdf,data-set-11-files-4,2,email
EFTA02427137.pdf,data-set-11-files-4,1,other
EFTA02427138.pdf,data-set-11-files-4,1,other
EFTA02427139.pdf,data-set-11-files-4,1,other
EFTA02427140.pdf,data-set-11-files-4,1,other
EFTA02427141.pdf,data-set-11-files-4,1,other
EFTA02427142.pdf,data-set-11-files-4,1,email
EFTA02427143.pdf,data-set-11-files-4,1,email
EFTA02427144.pdf,data-set-11-files-4,1,email
EFTA02427145.pdf,data-set-11-files-4,1,email
EFTA02427146.pdf,data-set-11-files-4,1,email
EFTA02427147.pdf,data-set-11-files-4,1,email
EFTA02427148.pdf,data-set-11-files-4,1,other
EFTA02427149.pdf,data-set-11-files-4,3,email
EFTA02427152.pdf,data-set-11-files-4,1,email
EFTA02427153.pdf,data-set-11-files-4,1,email
EFTA02427154.pdf,data-set-11-files-4,1,other
EFTA02427155.pdf,data-set-11-files-4,2,other
EFTA02427157.pdf,data-set-11-files-4,1,email
EFTA02427158.pdf,data-set-11-files-4,3,email
EFTA02427161.pdf,data-set-11-files-4,1,email
EFTA02427162.pdf,data-set-11-files-4,2,email
EFTA02427164.pdf,data-set-11-files-4,1,other
EFTA02427165.pdf,data-set-11-files-4,1,other
EFTA02427166.pdf,data-set-11-files-4,1,email
EFTA02427167.pdf,data-set-11-files-4,1,other
EFTA02427168.pdf,data-set-11-files-4,1,email
EFTA02427169.pdf,data-set-11-files-4,1,other
EFTA02427170.pdf,data-set-11-files-4,2,email
EFTA02427172.pdf,data-set-11-files-4,1,email
EFTA02427173.pdf,data-set-11-files-4,1,email
EFTA02427174.pdf,data-set-11-files-4,1,email
EFTA02427175.pdf,data-set-11-files-4,1,other
EFTA02427176.pdf,data-set-11-files-4,3,email
EFTA02427179.pdf,data-set-11-files-4,1,other
EFTA02427180.pdf,data-set-11-files-4,2,email
EFTA02427182.pdf,data-set-11-files-4,1,other
EFTA02427183.pdf,data-set-11-files-4,2,other
EFTA02427185.pdf,data-set-11-files-4,2,email
EFTA02427187.pdf,data-set-11-files-4,3,email
EFTA02427190.pdf,data-set-11-files-4,1,other
EFTA02427191.pdf,data-set-11-files-4,1,email
EFTA02427192.pdf,data-set-11-files-4,1,email
EFTA02427193.pdf,data-set-11-files-4,1,other
EFTA02427194.pdf,data-set-11-files-4,1,email
EFTA02427195.pdf,data-set-11-files-4,1,email
EFTA02427196.pdf,data-set-11-files-4,1,other
EFTA02427197.pdf,data-set-11-files-4,4,email
EFTA02427201.pdf,data-set-11-files-4,1,other
EFTA02427202.pdf,data-set-11-files-4,1,email
EFTA02427203.pdf,data-set-11-files-4,1,email
EFTA02427204.pdf,data-set-11-files-4,1,email
EFTA02427205.pdf,data-set-11-files-4,1,other
EFTA02427206.pdf,data-set-11-files-4,1,email
EFTA02427207.pdf,data-set-11-files-4,3,email
EFTA02427210.pdf,data-set-11-files-4,1,email
EFTA02427211.pdf,data-set-11-files-4,1,other
EFTA02427212.pdf,data-set-11-files-4,1,email
EFTA02427213.pdf,data-set-11-files-4,2,email
EFTA02427215.pdf,data-set-11-files-4,1,email
EFTA02427216.pdf,data-set-11-files-4,1,email
EFTA02427217.pdf,data-set-11-files-4,1,email
EFTA02427218.pdf,data-set-11-files-4,1,other
EFTA02427219.pdf,data-set-11-files-4,2,email
EFTA02427221.pdf,data-set-11-files-4,3,email
EFTA02427224.pdf,data-set-11-files-4,1,email
EFTA02427225.pdf,data-set-11-files-4,1,other
EFTA02427226.pdf,data-set-11-files-4,1,email
EFTA02427227.pdf,data-set-11-files-4,2,email
EFTA02427229.pdf,data-set-11-files-4,1,email
EFTA02427230.pdf,data-set-11-files-4,1,email
EFTA02427231.pdf,data-set-11-files-4,1,other
EFTA02427232.pdf,data-set-11-files-4,1,other
EFTA02427233.pdf,data-set-11-files-4,3,other
EFTA02427236.pdf,data-set-11-files-4,1,email
EFTA02427237.pdf,data-set-11-files-4,3,email
EFTA02427240.pdf,data-set-11-files-4,2,email
EFTA02427242.pdf,data-set-11-files-4,2,email
EFTA02427244.pdf,data-set-11-files-4,1,other
EFTA02427245.pdf,data-set-11-files-4,1,other
EFTA02427246.pdf,data-set-11-files-4,2,email
EFTA02427248.pdf,data-set-11-files-4,1,email
EFTA02427249.pdf,data-set-11-files-4,2,email
EFTA02427251.pdf,data-set-11-files-4,1,other
EFTA02427252.pdf,data-set-11-files-4,1,other
EFTA02427253.pdf,data-set-11-files-4,1,email
EFTA02427254.pdf,data-set-11-files-4,1,email
EFTA02427255.pdf,data-set-11-files-4,1,other
EFTA02427256.pdf,data-set-11-files-4,1,email
EFTA02427257.pdf,data-set-11-files-4,1,email
EFTA02427258.pdf,data-set-11-files-4,1,other
EFTA02427259.pdf,data-set-11-files-4,2,email
EFTA02427261.pdf,data-set-11-files-4,1,other
EFTA02427262.pdf,data-set-11-files-4,1,other
EFTA02427263.pdf,data-set-11-files-4,1,email
EFTA02427264.pdf,data-set-11-files-4,1,email
EFTA02427265.pdf,data-set-11-files-4,3,email
EFTA02427268.pdf,data-set-11-files-4,2,email
EFTA02427270.pdf,data-set-11-files-4,1,other
EFTA02427271.pdf,data-set-11-files-4,1,email
EFTA02427272.pdf,data-set-11-files-4,1,other
EFTA02427273.pdf,data-set-11-files-4,1,email
EFTA02427274.pdf,data-set-11-files-4,1,other
EFTA02427275.pdf,data-set-11-files-4,1,other
EFTA02427276.pdf,data-set-11-files-4,1,other
EFTA02427277.pdf,data-set-11-files-4,2,email
EFTA02427279.pdf,data-set-11-files-4,2,email
EFTA02427281.pdf,data-set-11-files-4,1,other
EFTA02427282.pdf,data-set-11-files-4,1,email
EFTA02427283.pdf,data-set-11-files-4,1,email
EFTA02427284.pdf,data-set-11-files-4,1,email
EFTA02427285.pdf,data-set-11-files-4,2,other
EFTA02427287.pdf,data-set-11-files-4,1,email
EFTA02427288.pdf,data-set-11-files-4,3,email
EFTA02427291.pdf,data-set-11-files-4,1,email
EFTA02427292.pdf,data-set-11-files-4,1,email
EFTA02427293.pdf,data-set-11-files-4,1,email
EFTA02427294.pdf,data-set-11-files-4,1,email
EFTA02427295.pdf,data-set-11-files-4,1,email
EFTA02427296.pdf,data-set-11-files-4,1,email
EFTA02427297.pdf,data-set-11-files-4,1,other
EFTA02427298.pdf,data-set-11-files-4,2,email
EFTA02427300.pdf,data-set-11-files-4,1,other
EFTA02427301.pdf,data-set-11-files-4,1,email
EFTA02427302.pdf,data-set-11-files-4,1,other
EFTA02427303.pdf,data-set-11-files-4,1,email
EFTA02427304.pdf,data-set-11-files-4,1,email
EFTA02427305.pdf,data-set-11-files-4,2,email
EFTA02427307.pdf,data-set-11-files-4,1,other
EFTA02427308.pdf,data-set-11-files-4,2,email
EFTA02427310.pdf,data-set-11-files-4,1,other
EFTA02427311.pdf,data-set-11-files-4,2,other
EFTA02427313.pdf,data-set-11-files-4,1,email
EFTA02427314.pdf,data-set-11-files-4,5,email
EFTA02427319.pdf,data-set-11-files-4,1,other
EFTA02427320.pdf,data-set-11-files-4,1,email
EFTA02427321.pdf,data-set-11-files-4,2,email
EFTA02427323.pdf,data-set-11-files-4,1,other
EFTA02427324.pdf,data-set-11-files-4,1,other
EFTA02427325.pdf,data-set-11-files-4,1,other
EFTA02427326.pdf,data-set-11-files-4,2,other
EFTA02427328.pdf,data-set-11-files-4,1,email
EFTA02427329.pdf,data-set-11-files-4,1,email
EFTA02427330.pdf,data-set-11-files-4,1,email
EFTA02427331.pdf,data-set-11-files-4,1,email
EFTA02427332.pdf,data-set-11-files-4,1,other
EFTA02427333.pdf,data-set-11-files-4,1,email
EFTA02427334.pdf,data-set-11-files-4,1,other
EFTA02427335.pdf,data-set-11-files-4,1,other
EFTA02427336.pdf,data-set-11-files-4,1,other
EFTA02427337.pdf,data-set-11-files-4,1,email
EFTA02427338.pdf,data-set-11-files-4,1,other
EFTA02427339.pdf,data-set-11-files-4,1,email
EFTA02427340.pdf,data-set-11-files-4,1,other
EFTA02427341.pdf,data-set-11-files-4,1,other
EFTA02427342.pdf,data-set-11-files-4,1,email
EFTA02427343.pdf,data-set-11-files-4,3,email
EFTA02427346.pdf,data-set-11-files-4,2,email
EFTA02427348.pdf,data-set-11-files-4,1,other
EFTA02427349.pdf,data-set-11-files-4,1,email
EFTA02427350.pdf,data-set-11-files-4,1,email
EFTA02427351.pdf,data-set-11-files-4,1,email
EFTA02427352.pdf,data-set-11-files-4,1,other
EFTA02427353.pdf,data-set-11-files-4,1,other
EFTA02427354.pdf,data-set-11-files-4,1,other
EFTA02427355.pdf,data-set-11-files-4,1,email
EFTA02427356.pdf,data-set-11-files-4,1,email
EFTA02427357.pdf,data-set-11-files-4,1,other
EFTA02427358.pdf,data-set-11-files-4,1,email
EFTA02427359.pdf,data-set-11-files-4,1,email
EFTA02427360.pdf,data-set-11-files-4,1,other
EFTA02427361.pdf,data-set-11-files-4,1,email
EFTA02427362.pdf,data-set-11-files-4,1,email
EFTA02427363.pdf,data-set-11-files-4,2,email
EFTA02427365.pdf,data-set-11-files-4,5,other
EFTA02427370.pdf,data-set-11-files-4,1,email
EFTA02427371.pdf,data-set-11-files-4,1,other
EFTA02427372.pdf,data-set-11-files-4,1,email
EFTA02427373.pdf,data-set-11-files-4,1,email
EFTA02427374.pdf,data-set-11-files-4,1,email
EFTA02427375.pdf,data-set-11-files-4,1,email
EFTA02427376.pdf,data-set-11-files-4,3,email
EFTA02427379.pdf,data-set-11-files-4,4,email
EFTA02427383.pdf,data-set-11-files-4,1,other
EFTA02427384.pdf,data-set-11-files-4,1,email
EFTA02427385.pdf,data-set-11-files-4,1,email
EFTA02427386.pdf,data-set-11-files-4,1,email
EFTA02427387.pdf,data-set-11-files-4,1,email
EFTA02427388.pdf,data-set-11-files-4,1,other
EFTA02427389.pdf,data-set-11-files-4,1,other
EFTA02427390.pdf,data-set-11-files-4,1,email
EFTA02427391.pdf,data-set-11-files-4,1,email
EFTA02427392.pdf,data-set-11-files-4,1,email
EFTA02427393.pdf,data-set-11-files-4,2,email
EFTA02427395.pdf,data-set-11-files-4,1,email
EFTA02427396.pdf,data-set-11-files-4,1,email
EFTA02427397.pdf,data-set-11-files-4,1,email
EFTA02427398.pdf,data-set-11-files-4,2,other
EFTA02427400.pdf,data-set-11-files-4,2,email
EFTA02427402.pdf,data-set-11-files-4,1,email
EFTA02427403.pdf,data-set-11-files-4,1,other
EFTA02427404.pdf,data-set-11-files-4,2,email
EFTA02427406.pdf,data-set-11-files-4,4,email
EFTA02427410.pdf,data-set-11-files-4,1,email
EFTA02427411.pdf,data-set-11-files-4,1,email
EFTA02427412.pdf,data-set-11-files-4,1,other
EFTA02427413.pdf,data-set-11-files-4,1,other
EFTA02427414.pdf,data-set-11-files-4,1,other
EFTA02427415.pdf,data-set-11-files-4,1,email
EFTA02427416.pdf,data-set-11-files-4,1,other
EFTA02427417.pdf,data-set-11-files-4,1,other
EFTA02427418.pdf,data-set-11-files-4,1,email
EFTA02427419.pdf,data-set-11-files-4,1,email
EFTA02427420.pdf,data-set-11-files-4,1,other
EFTA02427421.pdf,data-set-11-files-4,1,email
EFTA02427422.pdf,data-set-11-files-4,1,email
EFTA02427423.pdf,data-set-11-files-4,2,other
EFTA02427425.pdf,data-set-11-files-4,1,other
EFTA02427426.pdf,data-set-11-files-4,1,email
EFTA02427427.pdf,data-set-11-files-4,1,other
EFTA02427428.pdf,data-set-11-files-4,1,email
EFTA02427429.pdf,data-set-11-files-4,1,email
EFTA02427430.pdf,data-set-11-files-4,1,email
EFTA02427431.pdf,data-set-11-files-4,1,other
EFTA02427432.pdf,data-set-11-files-4,1,email
EFTA02427433.pdf,data-set-11-files-4,2,email
EFTA02427435.pdf,data-set-11-files-4,1,email
EFTA02427436.pdf,data-set-11-files-4,4,email
EFTA02427440.pdf,data-set-11-files-4,1,email
EFTA02427441.pdf,data-set-11-files-4,3,email
EFTA02427444.pdf,data-set-11-files-4,1,other
EFTA02427445.pdf,data-set-11-files-4,1,email
EFTA02427446.pdf,data-set-11-files-4,2,email
EFTA02427448.pdf,data-set-11-files-4,1,other
EFTA02427449.pdf,data-set-11-files-4,1,other
EFTA02427450.pdf,data-set-11-files-4,1,other
EFTA02427451.pdf,data-set-11-files-4,6,email
EFTA02427457.pdf,data-set-11-files-4,1,other
EFTA02427458.pdf,data-set-11-files-4,1,other
EFTA02427459.pdf,data-set-11-files-4,1,other
EFTA02427460.pdf,data-set-11-files-4,1,other
EFTA02427461.pdf,data-set-11-files-4,2,email
EFTA02427463.pdf,data-set-11-files-4,1,other
EFTA02427464.pdf,data-set-11-files-4,3,email
EFTA02427467.pdf,data-set-11-files-4,1,other
EFTA02427468.pdf,data-set-11-files-4,1,email
EFTA02427469.pdf,data-set-11-files-4,1,other
EFTA02427470.pdf,data-set-11-files-4,1,other
EFTA02427471.pdf,data-set-11-files-4,2,email
EFTA02427473.pdf,data-set-11-files-4,1,other
EFTA02427474.pdf,data-set-11-files-4,1,other
EFTA02427475.pdf,data-set-11-files-4,1,email
EFTA02427476.pdf,data-set-11-files-4,5,email
EFTA02427481.pdf,data-set-11-files-4,2,email
EFTA02427483.pdf,data-set-11-files-4,1,other
EFTA02427484.pdf,data-set-11-files-4,1,email
EFTA02427485.pdf,data-set-11-files-4,1,other
EFTA02427486.pdf,data-set-11-files-4,1,email
EFTA02427487.pdf,data-set-11-files-4,1,other
EFTA02427488.pdf,data-set-11-files-4,1,other
EFTA02427489.pdf,data-set-11-files-4,2,email
EFTA02427491.pdf,data-set-11-files-4,1,email
EFTA02427492.pdf,data-set-11-files-4,1,other
EFTA02427493.pdf,data-set-11-files-4,4,email
EFTA02427497.pdf,data-set-11-files-4,1,other
EFTA02427498.pdf,data-set-11-files-4,1,other
EFTA02427499.pdf,data-set-11-files-4,1,email
EFTA02427500.pdf,data-set-11-files-4,1,other
EFTA02427501.pdf,data-set-11-files-4,3,email
EFTA02427504.pdf,data-set-11-files-4,1,email
EFTA02427505.pdf,data-set-11-files-4,2,email
EFTA02427507.pdf,data-set-11-files-4,1,email
EFTA02427508.pdf,data-set-11-files-4,1,email
EFTA02427513.pdf,data-set-11-files-4,1,other
EFTA02427514.pdf,data-set-11-files-4,1,email
EFTA02427515.pdf,data-set-11-files-4,2,email
EFTA02427517.pdf,data-set-11-files-4,1,other
EFTA02427518.pdf,data-set-11-files-4,3,other
EFTA02427521.pdf,data-set-11-files-4,1,email
EFTA02427522.pdf,data-set-11-files-4,2,email
EFTA02427524.pdf,data-set-11-files-4,3,email
EFTA02427527.pdf,data-set-11-files-4,1,email
EFTA02427528.pdf,data-set-11-files-4,1,email
EFTA02427529.pdf,data-set-11-files-4,3,email
EFTA02427532.pdf,data-set-11-files-4,1,email
EFTA02427533.pdf,data-set-11-files-4,1,email
EFTA02427534.pdf,data-set-11-files-4,1,email
EFTA02427535.pdf,data-set-11-files-4,1,other
EFTA02427536.pdf,data-set-11-files-4,1,other
EFTA02427537.pdf,data-set-11-files-4,1,other
EFTA02427538.pdf,data-set-11-files-4,3,email
EFTA02427541.pdf,data-set-11-files-4,1,email
EFTA02427542.pdf,data-set-11-files-4,1,other
EFTA02427543.pdf,data-set-11-files-4,1,email
EFTA02427544.pdf,data-set-11-files-4,1,email
EFTA02427545.pdf,data-set-11-files-4,2,email
EFTA02427547.pdf,data-set-11-files-4,1,other
EFTA02427548.pdf,data-set-11-files-4,2,email
EFTA02427550.pdf,data-set-11-files-4,1,email
EFTA02427551.pdf,data-set-11-files-4,3,email
EFTA02427554.pdf,data-set-11-files-4,1,email
EFTA02427555.pdf,data-set-11-files-4,4,other
EFTA02427559.pdf,data-set-11-files-4,1,email
EFTA02427560.pdf,data-set-11-files-4,2,email
EFTA02427562.pdf,data-set-11-files-4,1,other
EFTA02427563.pdf,data-set-11-files-4,1,other
EFTA02427564.pdf,data-set-11-files-4,1,email
EFTA02427565.pdf,data-set-11-files-4,3,email
EFTA02427568.pdf,data-set-11-files-4,2,other
EFTA02427570.pdf,data-set-11-files-4,1,other
EFTA02427571.pdf,data-set-11-files-4,1,other
EFTA02427572.pdf,data-set-11-files-4,5,email
EFTA02427577.pdf,data-set-11-files-4,1,email
EFTA02427578.pdf,data-set-11-files-4,1,other
EFTA02427579.pdf,data-set-11-files-4,1,other
EFTA02427580.pdf,data-set-11-files-4,1,email
EFTA02427581.pdf,data-set-11-files-4,2,email
EFTA02427583.pdf,data-set-11-files-4,3,email
EFTA02427586.pdf,data-set-11-files-4,3,other
EFTA02427589.pdf,data-set-11-files-4,2,other
EFTA02427591.pdf,data-set-11-files-4,1,other
EFTA02427592.pdf,data-set-11-files-4,1,other
EFTA02427593.pdf,data-set-11-files-4,1,other
EFTA02427596.pdf,data-set-11-files-4,1,email
EFTA02427597.pdf,data-set-11-files-4,1,other
EFTA02427598.pdf,data-set-11-files-4,1,email
EFTA02427599.pdf,data-set-11-files-4,3,email
EFTA02427602.pdf,data-set-11-files-4,1,email
EFTA02427603.pdf,data-set-11-files-4,1,email
EFTA02427604.pdf,data-set-11-files-4,1,other
EFTA02427605.pdf,data-set-11-files-4,1,email
EFTA02427606.pdf,data-set-11-files-4,1,other
EFTA02427607.pdf,data-set-11-files-4,1,email
EFTA02427608.pdf,data-set-11-files-4,1,other
EFTA02427609.pdf,data-set-11-files-4,1,email
EFTA02427610.pdf,data-set-11-files-4,1,email
EFTA02427611.pdf,data-set-11-files-4,1,email
EFTA02427612.pdf,data-set-11-files-4,1,other
EFTA02427613.pdf,data-set-11-files-4,1,other
EFTA02427614.pdf,data-set-11-files-4,1,email
EFTA02427615.pdf,data-set-11-files-4,2,email
EFTA02427617.pdf,data-set-11-files-4,1,email
EFTA02427618.pdf,data-set-11-files-4,6,other
EFTA02427624.pdf,data-set-11-files-4,1,other
EFTA02427625.pdf,data-set-11-files-4,2,email
EFTA02427627.pdf,data-set-11-files-4,1,email
EFTA02427628.pdf,data-set-11-files-4,1,email
EFTA02427629.pdf,data-set-11-files-4,1,other
EFTA02427630.pdf,data-set-11-files-4,1,email
EFTA02427631.pdf,data-set-11-files-4,2,email
EFTA02427633.pdf,data-set-11-files-4,1,email
EFTA02427634.pdf,data-set-11-files-4,6,email
EFTA02427640.pdf,data-set-11-files-4,1,email
EFTA02427641.pdf,data-set-11-files-4,1,other
EFTA02427642.pdf,data-set-11-files-4,1,email
EFTA02427643.pdf,data-set-11-files-4,3,email
EFTA02427646.pdf,data-set-11-files-4,3,email
EFTA02427649.pdf,data-set-11-files-4,2,email
EFTA02427651.pdf,data-set-11-files-4,2,other
EFTA02427653.pdf,data-set-11-files-4,1,other
EFTA02427654.pdf,data-set-11-files-4,2,email
EFTA02427656.pdf,data-set-11-files-4,1,email
EFTA02427657.pdf,data-set-11-files-4,1,email
EFTA02427658.pdf,data-set-11-files-4,1,email
EFTA02427659.pdf,data-set-11-files-4,2,email
EFTA02427661.pdf,data-set-11-files-4,1,email
EFTA02427662.pdf,data-set-11-files-4,1,email
EFTA02427663.pdf,data-set-11-files-4,1,email
EFTA02427664.pdf,data-set-11-files-4,1,email
EFTA02427665.pdf,data-set-11-files-4,5,email
EFTA02427670.pdf,data-set-11-files-4,2,other
EFTA02427672.pdf,data-set-11-files-4,1,email
EFTA02427673.pdf,data-set-11-files-4,1,email
EFTA02427674.pdf,data-set-11-files-4,1,email
EFTA02427675.pdf,data-set-11-files-4,1,other
EFTA02427676.pdf,data-set-11-files-4,6,other
EFTA02427682.pdf,data-set-11-files-4,2,email
EFTA02427684.pdf,data-set-11-files-4,1,other
EFTA02427685.pdf,data-set-11-files-4,1,other
EFTA02427686.pdf,data-set-11-files-4,1,email
EFTA02427687.pdf,data-set-11-files-4,2,other
EFTA02427689.pdf,data-set-11-files-4,1,other
EFTA02427690.pdf,data-set-11-files-4,1,other
EFTA02427691.pdf,data-set-11-files-4,1,email
EFTA02427692.pdf,data-set-11-files-4,1,other
EFTA02427693.pdf,data-set-11-files-4,3,email
EFTA02427696.pdf,data-set-11-files-4,2,email
EFTA02427698.pdf,data-set-11-files-4,4,email
EFTA02427702.pdf,data-set-11-files-4,1,other
EFTA02427703.pdf,data-set-11-files-4,1,other
EFTA02427704.pdf,data-set-11-files-4,1,other
EFTA02427705.pdf,data-set-11-files-4,1,other
EFTA02427706.pdf,data-set-11-files-4,1,other
EFTA02427707.pdf,data-set-11-files-4,1,other
EFTA02427708.pdf,data-set-11-files-4,1,email
EFTA02427709.pdf,data-set-11-files-4,1,other
EFTA02427710.pdf,data-set-11-files-4,2,email
EFTA02427712.pdf,data-set-11-files-4,1,email
EFTA02427713.pdf,data-set-11-files-4,1,email
EFTA02427714.pdf,data-set-11-files-4,1,email
EFTA02427715.pdf,data-set-11-files-4,1,other
EFTA02427716.pdf,data-set-11-files-4,1,other
EFTA02427717.pdf,data-set-11-files-4,1,email
EFTA02427718.pdf,data-set-11-files-4,1,other
EFTA02427719.pdf,data-set-11-files-4,4,email
EFTA02427723.pdf,data-set-11-files-4,2,other
EFTA02427725.pdf,data-set-11-files-4,1,email
EFTA02427726.pdf,data-set-11-files-4,1,other
EFTA02427727.pdf,data-set-11-files-4,1,other
EFTA02427728.pdf,data-set-11-files-4,1,other
EFTA02427729.pdf,data-set-11-files-4,1,email
EFTA02427730.pdf,data-set-11-files-4,1,email
EFTA02427731.pdf,data-set-11-files-4,1,email
EFTA02427732.pdf,data-set-11-files-4,1,email
EFTA02427733.pdf,data-set-11-files-4,1,email
EFTA02427734.pdf,data-set-11-files-4,1,other
EFTA02427735.pdf,data-set-11-files-4,1,email
EFTA02427736.pdf,data-set-11-files-4,2,email
EFTA02427738.pdf,data-set-11-files-4,1,email
EFTA02427739.pdf,data-set-11-files-4,1,email
EFTA02427740.pdf,data-set-11-files-4,1,other
EFTA02427741.pdf,data-set-11-files-4,1,other
EFTA02427742.pdf,data-set-11-files-4,1,email
EFTA02427743.pdf,data-set-11-files-4,1,email
EFTA02427744.pdf,data-set-11-files-4,1,other
EFTA02427745.pdf,data-set-11-files-4,2,email
EFTA02427747.pdf,data-set-11-files-4,1,email
EFTA02427748.pdf,data-set-11-files-4,1,email
EFTA02427749.pdf,data-set-11-files-4,1,other
EFTA02427750.pdf,data-set-11-files-4,1,other
EFTA02427751.pdf,data-set-11-files-4,1,email
EFTA02427752.pdf,data-set-11-files-4,2,other
EFTA02427754.pdf,data-set-11-files-4,1,other
EFTA02427755.pdf,data-set-11-files-4,1,email
EFTA02427756.pdf,data-set-11-files-4,1,other
EFTA02427757.pdf,data-set-11-files-4,1,other
EFTA02427758.pdf,data-set-11-files-4,1,other
EFTA02427759.pdf,data-set-11-files-4,1,other
EFTA02427760.pdf,data-set-11-files-4,1,email
EFTA02427761.pdf,data-set-11-files-4,1,other
EFTA02427762.pdf,data-set-11-files-4,1,email
EFTA02427763.pdf,data-set-11-files-4,1,other
EFTA02427764.pdf,data-set-11-files-4,2,email
EFTA02427766.pdf,data-set-11-files-4,1,other
EFTA02427767.pdf,data-set-11-files-4,1,other
EFTA02427768.pdf,data-set-11-files-4,1,email
EFTA02427769.pdf,data-set-11-files-4,2,email
EFTA02427771.pdf,data-set-11-files-4,1,other
EFTA02427772.pdf,data-set-11-files-4,2,other
EFTA02427774.pdf,data-set-11-files-4,1,email
EFTA02427775.pdf,data-set-11-files-4,7,email
EFTA02427782.pdf,data-set-11-files-4,1,email
EFTA02427783.pdf,data-set-11-files-4,2,email
EFTA02427785.pdf,data-set-11-files-4,1,other
EFTA02427786.pdf,data-set-11-files-4,1,other
EFTA02427787.pdf,data-set-11-files-4,1,other
EFTA02427788.pdf,data-set-11-files-4,1,other
EFTA02427789.pdf,data-set-11-files-4,1,other
EFTA02427790.pdf,data-set-11-files-4,2,email
EFTA02427792.pdf,data-set-11-files-4,1,email
EFTA02427793.pdf,data-set-11-files-4,1,email
EFTA02427794.pdf,data-set-11-files-4,1,email
EFTA02427795.pdf,data-set-11-files-4,1,email
EFTA02427796.pdf,data-set-11-files-4,1,email
EFTA02427797.pdf,data-set-11-files-4,1,other
EFTA02427798.pdf,data-set-11-files-4,1,email
EFTA02427799.pdf,data-set-11-files-4,1,other
EFTA02427800.pdf,data-set-11-files-4,1,email
EFTA02427801.pdf,data-set-11-files-4,1,other
EFTA02427802.pdf,data-set-11-files-4,1,email
EFTA02427803.pdf,data-set-11-files-4,1,email
EFTA02427804.pdf,data-set-11-files-4,1,other
EFTA02427805.pdf,data-set-11-files-4,2,email
EFTA02427807.pdf,data-set-11-files-4,1,email
EFTA02427808.pdf,data-set-11-files-4,1,email
EFTA02427809.pdf,data-set-11-files-4,1,other
EFTA02427810.pdf,data-set-11-files-4,1,email
EFTA02427811.pdf,data-set-11-files-4,1,other
EFTA02427812.pdf,data-set-11-files-4,1,other
EFTA02427813.pdf,data-set-11-files-4,1,email
EFTA02427814.pdf,data-set-11-files-4,1,email
EFTA02427815.pdf,data-set-11-files-4,1,other
EFTA02427816.pdf,data-set-11-files-4,1,other
EFTA02427817.pdf,data-set-11-files-4,1,email
EFTA02427818.pdf,data-set-11-files-4,1,email
EFTA02427819.pdf,data-set-11-files-4,2,email
EFTA02427821.pdf,data-set-11-files-4,1,email
EFTA02427822.pdf,data-set-11-files-4,3,email
EFTA02427825.pdf,data-set-11-files-4,1,other
EFTA02427826.pdf,data-set-11-files-4,1,other
EFTA02427827.pdf,data-set-11-files-4,1,other
EFTA02427828.pdf,data-set-11-files-4,1,other
EFTA02427829.pdf,data-set-11-files-4,4,other
EFTA02427833.pdf,data-set-11-files-4,2,email
EFTA02427835.pdf,data-set-11-files-4,1,other
EFTA02427836.pdf,data-set-11-files-4,2,email
EFTA02427838.pdf,data-set-11-files-4,1,other
EFTA02427839.pdf,data-set-11-files-4,2,other
EFTA02427841.pdf,data-set-11-files-4,1,other
EFTA02427842.pdf,data-set-11-files-4,1,other
EFTA02427843.pdf,data-set-11-files-4,1,email
EFTA02427844.pdf,data-set-11-files-4,2,email
EFTA02427846.pdf,data-set-11-files-4,1,other
EFTA02427847.pdf,data-set-11-files-4,1,email
EFTA02427848.pdf,data-set-11-files-4,1,email
EFTA02427849.pdf,data-set-11-files-4,3,other
EFTA02427852.pdf,data-set-11-files-4,2,email
EFTA02427854.pdf,data-set-11-files-4,1,email
EFTA02427855.pdf,data-set-11-files-4,1,other
EFTA02427856.pdf,data-set-11-files-4,1,email
EFTA02427857.pdf,data-set-11-files-4,1,other
EFTA02427858.pdf,data-set-11-files-4,1,other
EFTA02427859.pdf,data-set-11-files-4,1,other
EFTA02427860.pdf,data-set-11-files-4,1,email
EFTA02427861.pdf,data-set-11-files-4,1,other
EFTA02427862.pdf,data-set-11-files-4,1,email
EFTA02427863.pdf,data-set-11-files-4,1,email
EFTA02427864.pdf,data-set-11-files-4,2,email
EFTA02427866.pdf,data-set-11-files-4,3,other
EFTA02427869.pdf,data-set-11-files-4,1,other
EFTA02427870.pdf,data-set-11-files-4,2,email
EFTA02427872.pdf,data-set-11-files-4,1,other
EFTA02427873.pdf,data-set-11-files-4,3,email
EFTA02427876.pdf,data-set-11-files-4,1,email
EFTA02427877.pdf,data-set-11-files-4,1,email
EFTA02427878.pdf,data-set-11-files-4,1,other
EFTA02427879.pdf,data-set-11-files-4,1,other
EFTA02427880.pdf,data-set-11-files-4,2,other
EFTA02427882.pdf,data-set-11-files-4,1,other
EFTA02427883.pdf,data-set-11-files-4,1,other
EFTA02427884.pdf,data-set-11-files-4,1,other
EFTA02427885.pdf,data-set-11-files-4,1,other
EFTA02427886.pdf,data-set-11-files-4,1,email
EFTA02427887.pdf,data-set-11-files-4,2,email
EFTA02427889.pdf,data-set-11-files-4,2,email
EFTA02427891.pdf,data-set-11-files-4,3,other
EFTA02427894.pdf,data-set-11-files-4,2,email
EFTA02427896.pdf,data-set-11-files-4,1,email
EFTA02427897.pdf,data-set-11-files-4,1,email
EFTA02427898.pdf,data-set-11-files-4,1,email
EFTA02427899.pdf,data-set-11-files-4,1,email
EFTA02427900.pdf,data-set-11-files-4,1,other
EFTA02427901.pdf,data-set-11-files-4,1,other
EFTA02427902.pdf,data-set-11-files-4,1,other
EFTA02427903.pdf,data-set-11-files-4,1,other
EFTA02427904.pdf,data-set-11-files-4,1,email
EFTA02427905.pdf,data-set-11-files-4,1,other
EFTA02427906.pdf,data-set-11-files-4,1,other
EFTA02427907.pdf,data-set-11-files-4,3,email
EFTA02427910.pdf,data-set-11-files-4,2,email
EFTA02427912.pdf,data-set-11-files-4,2,other
EFTA02427914.pdf,data-set-11-files-4,2,other
EFTA02427916.pdf,data-set-11-files-4,1,email
EFTA02427917.pdf,data-set-11-files-4,1,other
EFTA02427918.pdf,data-set-11-files-4,1,email
EFTA02427919.pdf,data-set-11-files-4,1,other
EFTA02427920.pdf,data-set-11-files-4,2,email
EFTA02427922.pdf,data-set-11-files-4,1,email
EFTA02427923.pdf,data-set-11-files-4,2,email
EFTA02427925.pdf,data-set-11-files-4,1,other
EFTA02427926.pdf,data-set-11-files-4,1,email
EFTA02427927.pdf,data-set-11-files-4,2,email
EFTA02427929.pdf,data-set-11-files-4,1,other
EFTA02427930.pdf,data-set-11-files-4,2,other
EFTA02427932.pdf,data-set-11-files-4,1,other
EFTA02427933.pdf,data-set-11-files-4,1,other
EFTA02427934.pdf,data-set-11-files-4,1,other
EFTA02427935.pdf,data-set-11-files-4,1,email
EFTA02427936.pdf,data-set-11-files-4,1,other
EFTA02427937.pdf,data-set-11-files-4,1,email
EFTA02427938.pdf,data-set-11-files-4,1,other
EFTA02427939.pdf,data-set-11-files-4,3,email
EFTA02427942.pdf,data-set-11-files-4,1,email
EFTA02427943.pdf,data-set-11-files-4,1,email
EFTA02427944.pdf,data-set-11-files-4,2,email
EFTA02427946.pdf,data-set-11-files-4,1,other
EFTA02427947.pdf,data-set-11-files-4,1,other
EFTA02427948.pdf,data-set-11-files-4,1,email
EFTA02427949.pdf,data-set-11-files-4,1,other
EFTA02427950.pdf,data-set-11-files-4,3,email
EFTA02427953.pdf,data-set-11-files-4,2,email
EFTA02427955.pdf,data-set-11-files-4,1,other
EFTA02427956.pdf,data-set-11-files-4,1,email
EFTA02427957.pdf,data-set-11-files-4,1,email
EFTA02427958.pdf,data-set-11-files-4,1,other
EFTA02427959.pdf,data-set-11-files-4,3,email
EFTA02427962.pdf,data-set-11-files-4,1,other
EFTA02427963.pdf,data-set-11-files-4,1,other
EFTA02427964.pdf,data-set-11-files-4,1,other
EFTA02427965.pdf,data-set-11-files-4,1,email
EFTA02427966.pdf,data-set-11-files-4,1,email
EFTA02427967.pdf,data-set-11-files-4,2,email
EFTA02427969.pdf,data-set-11-files-4,1,other
EFTA02427970.pdf,data-set-11-files-4,3,email
EFTA02427973.pdf,data-set-11-files-4,1,other
EFTA02427974.pdf,data-set-11-files-4,1,email
EFTA02427975.pdf,data-set-11-files-4,3,email
EFTA02427978.pdf,data-set-11-files-4,1,email
EFTA02427979.pdf,data-set-11-files-4,1,email
EFTA02427980.pdf,data-set-11-files-4,1,email
EFTA02427981.pdf,data-set-11-files-4,1,email
EFTA02427982.pdf,data-set-11-files-4,1,email
EFTA02427983.pdf,data-set-11-files-4,3,email
EFTA02427986.pdf,data-set-11-files-4,3,email
EFTA02427989.pdf,data-set-11-files-4,1,other
EFTA02427990.pdf,data-set-11-files-4,1,email
EFTA02427991.pdf,data-set-11-files-4,1,other
EFTA02427992.pdf,data-set-11-files-4,1,other
EFTA02427993.pdf,data-set-11-files-4,1,other
EFTA02427994.pdf,data-set-11-files-4,2,email
EFTA02427996.pdf,data-set-11-files-4,1,other
EFTA02427997.pdf,data-set-11-files-4,1,other
EFTA02427998.pdf,data-set-11-files-4,1,other
EFTA02427999.pdf,data-set-11-files-4,1,email
EFTA02428000.pdf,data-set-11-files-4,2,email
EFTA02428002.pdf,data-set-11-files-4,1,other
EFTA02428003.pdf,data-set-11-files-4,2,email
EFTA02428005.pdf,data-set-11-files-4,1,other
EFTA02428006.pdf,data-set-11-files-4,2,email
EFTA02428008.pdf,data-set-11-files-4,2,email
EFTA02428010.pdf,data-set-11-files-4,1,email
EFTA02428011.pdf,data-set-11-files-4,1,email
EFTA02428012.pdf,data-set-11-files-4,2,email
EFTA02428014.pdf,data-set-11-files-4,2,email
EFTA02428016.pdf,data-set-11-files-4,1,email
EFTA02428017.pdf,data-set-11-files-4,2,email
EFTA02428019.pdf,data-set-11-files-4,1,email
EFTA02428020.pdf,data-set-11-files-4,3,email
EFTA02428023.pdf,data-set-11-files-4,2,email
EFTA02428025.pdf,data-set-11-files-4,1,email
EFTA02428026.pdf,data-set-11-files-4,1,other
EFTA02428027.pdf,data-set-11-files-4,2,email
EFTA02428029.pdf,data-set-11-files-4,2,email
EFTA02428031.pdf,data-set-11-files-4,1,other
EFTA02428032.pdf,data-set-11-files-4,1,other
EFTA02428033.pdf,data-set-11-files-4,2,email
EFTA02428035.pdf,data-set-11-files-4,1,other
EFTA02428036.pdf,data-set-11-files-4,1,email
EFTA02428037.pdf,data-set-11-files-4,1,email
EFTA02428038.pdf,data-set-11-files-4,2,email
EFTA02428040.pdf,data-set-11-files-4,3,email
EFTA02428043.pdf,data-set-11-files-4,1,other
EFTA02428044.pdf,data-set-11-files-4,1,other
EFTA02428045.pdf,data-set-11-files-4,1,email
EFTA02428046.pdf,data-set-11-files-4,2,email
EFTA02428048.pdf,data-set-11-files-4,1,other
EFTA02428049.pdf,data-set-11-files-4,1,other
EFTA02428050.pdf,data-set-11-files-4,1,email
EFTA02428051.pdf,data-set-11-files-4,2,email
EFTA02428053.pdf,data-set-11-files-4,1,other
EFTA02428054.pdf,data-set-11-files-4,2,email
EFTA02428056.pdf,data-set-11-files-4,1,email
EFTA02428057.pdf,data-set-11-files-4,1,email
EFTA02428058.pdf,data-set-11-files-4,4,email
EFTA02428062.pdf,data-set-11-files-4,1,other
EFTA02428063.pdf,data-set-11-files-4,1,other
EFTA02428064.pdf,data-set-11-files-4,2,email
EFTA02428066.pdf,data-set-11-files-4,1,other
EFTA02428067.pdf,data-set-11-files-4,2,email
EFTA02428069.pdf,data-set-11-files-4,1,other
EFTA02428070.pdf,data-set-11-files-4,1,other
EFTA02428071.pdf,data-set-11-files-4,1,email
EFTA02428072.pdf,data-set-11-files-4,1,email
EFTA02428073.pdf,data-set-11-files-4,2,other
EFTA02428075.pdf,data-set-11-files-4,1,email
EFTA02428076.pdf,data-set-11-files-4,1,email
EFTA02428077.pdf,data-set-11-files-4,2,email
EFTA02428079.pdf,data-set-11-files-4,1,email
EFTA02428080.pdf,data-set-11-files-4,3,email
EFTA02428083.pdf,data-set-11-files-4,1,email
EFTA02428084.pdf,data-set-11-files-4,1,email
EFTA02428085.pdf,data-set-11-files-4,1,email
EFTA02428086.pdf,data-set-11-files-4,2,email
EFTA02428088.pdf,data-set-11-files-4,1,other
EFTA02428089.pdf,data-set-11-files-4,1,email
EFTA02428090.pdf,data-set-11-files-4,1,email
EFTA02428091.pdf,data-set-11-files-4,1,other
EFTA02428092.pdf,data-set-11-files-4,1,other
EFTA02428093.pdf,data-set-11-files-4,1,email
EFTA02428094.pdf,data-set-11-files-4,1,email
EFTA02428095.pdf,data-set-11-files-4,2,email
EFTA02428097.pdf,data-set-11-files-4,2,other
EFTA02428099.pdf,data-set-11-files-4,1,other
EFTA02428100.pdf,data-set-11-files-4,1,email
EFTA02428101.pdf,data-set-11-files-4,2,email
EFTA02428103.pdf,data-set-11-files-4,1,email
EFTA02428104.pdf,data-set-11-files-4,2,email
EFTA02428106.pdf,data-set-11-files-4,2,email
EFTA02428108.pdf,data-set-11-files-4,1,email
EFTA02428109.pdf,data-set-11-files-4,1,email
EFTA02428110.pdf,data-set-11-files-4,1,other
EFTA02428111.pdf,data-set-11-files-4,1,email
EFTA02428112.pdf,data-set-11-files-4,1,other
EFTA02428113.pdf,data-set-11-files-4,1,email
EFTA02428114.pdf,data-set-11-files-4,1,email
EFTA02428115.pdf,data-set-11-files-4,2,email
EFTA02428117.pdf,data-set-11-files-4,1,other
EFTA02428118.pdf,data-set-11-files-4,1,email
EFTA02428119.pdf,data-set-11-files-4,1,email
EFTA02428120.pdf,data-set-11-files-4,2,email
EFTA02428122.pdf,data-set-11-files-4,1,other
EFTA02428123.pdf,data-set-11-files-4,1,email
EFTA02428124.pdf,data-set-11-files-4,1,other
EFTA02428125.pdf,data-set-11-files-4,1,other
EFTA02428126.pdf,data-set-11-files-4,1,email
EFTA02428127.pdf,data-set-11-files-4,1,other
EFTA02428128.pdf,data-set-11-files-4,1,email
EFTA02428129.pdf,data-set-11-files-4,2,email
EFTA02428131.pdf,data-set-11-files-4,1,email
EFTA02428132.pdf,data-set-11-files-4,1,email
EFTA02428133.pdf,data-set-11-files-4,1,email
EFTA02428134.pdf,data-set-11-files-4,1,email
EFTA02428135.pdf,data-set-11-files-4,1,email
EFTA02428136.pdf,data-set-11-files-4,1,email
EFTA02428137.pdf,data-set-11-files-4,1,other
EFTA02428138.pdf,data-set-11-files-4,2,email
EFTA02428140.pdf,data-set-11-files-4,1,email
EFTA02428141.pdf,data-set-11-files-4,1,email
EFTA02428142.pdf,data-set-11-files-4,2,email
EFTA02428144.pdf,data-set-11-files-4,3,email
EFTA02428147.pdf,data-set-11-files-4,1,email
EFTA02428148.pdf,data-set-11-files-4,1,email
EFTA02428149.pdf,data-set-11-files-4,1,email
EFTA02428150.pdf,data-set-11-files-4,1,other
EFTA02428151.pdf,data-set-11-files-4,1,email
EFTA02428152.pdf,data-set-11-files-4,1,other
EFTA02428153.pdf,data-set-11-files-4,1,other
EFTA02428154.pdf,data-set-11-files-4,1,email
EFTA02428155.pdf,data-set-11-files-4,4,email
EFTA02428159.pdf,data-set-11-files-4,2,other
EFTA02428161.pdf,data-set-11-files-4,1,email
EFTA02428162.pdf,data-set-11-files-4,1,email
EFTA02428163.pdf,data-set-11-files-4,2,email
EFTA02428165.pdf,data-set-11-files-4,1,other
EFTA02428166.pdf,data-set-11-files-4,3,email
EFTA02428169.pdf,data-set-11-files-4,1,email
EFTA02428170.pdf,data-set-11-files-4,1,email
EFTA02428171.pdf,data-set-11-files-4,2,other
EFTA02428173.pdf,data-set-11-files-4,1,email
EFTA02428174.pdf,data-set-11-files-4,2,email
EFTA02428176.pdf,data-set-11-files-4,1,other
EFTA02428177.pdf,data-set-11-files-4,1,email
EFTA02428178.pdf,data-set-11-files-4,1,other
EFTA02428179.pdf,data-set-11-files-4,1,other
EFTA02428180.pdf,data-set-11-files-4,1,email
EFTA02428181.pdf,data-set-11-files-4,1,other
EFTA02428182.pdf,data-set-11-files-4,1,email
EFTA02428183.pdf,data-set-11-files-4,1,other
EFTA02428184.pdf,data-set-11-files-4,2,email
EFTA02428186.pdf,data-set-11-files-4,1,email
EFTA02428187.pdf,data-set-11-files-4,1,email
EFTA02428188.pdf,data-set-11-files-4,1,other
EFTA02428189.pdf,data-set-11-files-4,1,other
EFTA02428190.pdf,data-set-11-files-4,2,other
EFTA02428192.pdf,data-set-11-files-4,1,email
EFTA02428193.pdf,data-set-11-files-4,1,other
EFTA02428194.pdf,data-set-11-files-4,1,other
EFTA02428195.pdf,data-set-11-files-4,1,email
EFTA02428196.pdf,data-set-11-files-4,1,email
EFTA02428197.pdf,data-set-11-files-4,2,email
EFTA02428199.pdf,data-set-11-files-4,1,email
EFTA02428200.pdf,data-set-11-files-4,1,other
EFTA02428201.pdf,data-set-11-files-4,2,email
EFTA02428203.pdf,data-set-11-files-4,1,email
EFTA02428204.pdf,data-set-11-files-4,1,other
EFTA02428205.pdf,data-set-11-files-4,2,other
EFTA02428207.pdf,data-set-11-files-4,1,email
EFTA02428208.pdf,data-set-11-files-4,1,email
EFTA02428209.pdf,data-set-11-files-4,1,email
EFTA02428210.pdf,data-set-11-files-4,2,other
EFTA02428212.pdf,data-set-11-files-4,1,email
EFTA02428213.pdf,data-set-11-files-4,1,email
EFTA02428214.pdf,data-set-11-files-4,1,other
EFTA02428215.pdf,data-set-11-files-4,1,email
EFTA02428216.pdf,data-set-11-files-4,1,other
EFTA02428217.pdf,data-set-11-files-4,2,email
EFTA02428219.pdf,data-set-11-files-4,1,other
EFTA02428220.pdf,data-set-11-files-4,1,email
EFTA02428221.pdf,data-set-11-files-4,1,other
EFTA02428222.pdf,data-set-11-files-4,1,email
EFTA02428223.pdf,data-set-11-files-4,1,email
EFTA02428224.pdf,data-set-11-files-4,1,email
EFTA02428225.pdf,data-set-11-files-4,1,email
EFTA02428226.pdf,data-set-11-files-4,1,other
EFTA02428227.pdf,data-set-11-files-4,1,other
EFTA02428228.pdf,data-set-11-files-4,1,other
EFTA02428229.pdf,data-set-11-files-4,1,email
EFTA02428230.pdf,data-set-11-files-4,1,email
EFTA02428231.pdf,data-set-11-files-4,1,other
EFTA02428232.pdf,data-set-11-files-4,1,email
EFTA02428233.pdf,data-set-11-files-4,1,email
EFTA02428234.pdf,data-set-11-files-4,1,email
EFTA02428235.pdf,data-set-11-files-4,1,other
EFTA02428236.pdf,data-set-11-files-4,1,email
EFTA02428237.pdf,data-set-11-files-4,1,email
EFTA02428238.pdf,data-set-11-files-4,1,email
EFTA02428239.pdf,data-set-11-files-4,1,other
EFTA02428240.pdf,data-set-11-files-4,1,email
EFTA02428241.pdf,data-set-11-files-4,1,email
EFTA02428242.pdf,data-set-11-files-4,1,other
EFTA02428243.pdf,data-set-11-files-4,1,email
EFTA02428244.pdf,data-set-11-files-4,1,other
EFTA02428245.pdf,data-set-11-files-4,1,email
EFTA02428246.pdf,data-set-11-files-4,6,email
EFTA02428252.pdf,data-set-11-files-4,1,email
EFTA02428253.pdf,data-set-11-files-4,1,other
EFTA02428254.pdf,data-set-11-files-4,1,other
EFTA02428255.pdf,data-set-11-files-4,2,email
EFTA02428257.pdf,data-set-11-files-4,2,email
EFTA02428259.pdf,data-set-11-files-4,1,other
EFTA02428260.pdf,data-set-11-files-4,1,other
EFTA02428261.pdf,data-set-11-files-4,1,other
EFTA02428262.pdf,data-set-11-files-4,1,email
EFTA02428263.pdf,data-set-11-files-4,2,email
EFTA02428265.pdf,data-set-11-files-4,4,email
EFTA02428269.pdf,data-set-11-files-4,1,email
EFTA02428270.pdf,data-set-11-files-4,1,email
EFTA02428271.pdf,data-set-11-files-4,2,email
EFTA02428273.pdf,data-set-11-files-4,1,email
EFTA02428274.pdf,data-set-11-files-4,1,other
EFTA02428275.pdf,data-set-11-files-4,1,other
EFTA02428276.pdf,data-set-11-files-4,1,email
EFTA02428277.pdf,data-set-11-files-4,1,email
EFTA02428278.pdf,data-set-11-files-4,1,other
EFTA02428279.pdf,data-set-11-files-4,1,email
EFTA02428280.pdf,data-set-11-files-4,1,email
EFTA02428281.pdf,data-set-11-files-4,1,email
EFTA02428282.pdf,data-set-11-files-4,1,email
EFTA02428283.pdf,data-set-11-files-4,1,other
EFTA02428284.pdf,data-set-11-files-4,1,other
EFTA02428285.pdf,data-set-11-files-4,1,email
EFTA02428286.pdf,data-set-11-files-4,2,email
EFTA02428288.pdf,data-set-11-files-4,1,email
EFTA02428289.pdf,data-set-11-files-4,1,other
EFTA02428290.pdf,data-set-11-files-4,3,email
EFTA02428293.pdf,data-set-11-files-4,1,email
EFTA02428294.pdf,data-set-11-files-4,1,email
EFTA02428295.pdf,data-set-11-files-4,1,email
EFTA02428296.pdf,data-set-11-files-4,2,email
EFTA02428298.pdf,data-set-11-files-4,2,email
EFTA02428300.pdf,data-set-11-files-4,1,other
EFTA02428301.pdf,data-set-11-files-4,1,other
EFTA02428302.pdf,data-set-11-files-4,1,email
EFTA02428303.pdf,data-set-11-files-4,1,other
EFTA02428304.pdf,data-set-11-files-4,1,email
EFTA02428305.pdf,data-set-11-files-4,2,email
EFTA02428307.pdf,data-set-11-files-4,1,email
EFTA02428308.pdf,data-set-11-files-4,1,email
EFTA02428309.pdf,data-set-11-files-4,1,other
EFTA02428310.pdf,data-set-11-files-4,1,other
EFTA02428311.pdf,data-set-11-files-4,1,email
EFTA02428312.pdf,data-set-11-files-4,1,email
EFTA02428313.pdf,data-set-11-files-4,1,other
EFTA02428314.pdf,data-set-11-files-4,1,email
EFTA02428315.pdf,data-set-11-files-4,1,email
EFTA02428316.pdf,data-set-11-files-4,1,email
EFTA02428317.pdf,data-set-11-files-4,1,email
EFTA02428318.pdf,data-set-11-files-4,1,other
EFTA02428319.pdf,data-set-11-files-4,2,other
EFTA02428321.pdf,data-set-11-files-4,1,email
EFTA02428322.pdf,data-set-11-files-4,2,email
EFTA02428324.pdf,data-set-11-files-4,2,email
EFTA02428326.pdf,data-set-11-files-4,4,email
EFTA02428330.pdf,data-set-11-files-4,1,other
EFTA02428331.pdf,data-set-11-files-4,1,email
EFTA02428332.pdf,data-set-11-files-4,1,other
EFTA02428333.pdf,data-set-11-files-4,3,email
EFTA02428336.pdf,data-set-11-files-4,1,other
EFTA02428337.pdf,data-set-11-files-4,2,email
EFTA02428339.pdf,data-set-11-files-4,1,other
EFTA02428340.pdf,data-set-11-files-4,1,other
EFTA02428341.pdf,data-set-11-files-4,1,email
EFTA02428342.pdf,data-set-11-files-4,1,other
EFTA02428343.pdf,data-set-11-files-4,2,email
EFTA02428345.pdf,data-set-11-files-4,1,email
EFTA02428346.pdf,data-set-11-files-4,1,email
EFTA02428347.pdf,data-set-11-files-4,1,other
EFTA02428348.pdf,data-set-11-files-4,1,other
EFTA02428349.pdf,data-set-11-files-4,1,other
EFTA02428350.pdf,data-set-11-files-4,1,email
EFTA02428351.pdf,data-set-11-files-4,1,email
EFTA02428352.pdf,data-set-11-files-4,1,other
EFTA02428353.pdf,data-set-11-files-4,2,email
EFTA02428355.pdf,data-set-11-files-4,1,other
EFTA02428356.pdf,data-set-11-files-4,1,email
EFTA02428357.pdf,data-set-11-files-4,1,email
EFTA02428358.pdf,data-set-11-files-4,1,email
EFTA02428359.pdf,data-set-11-files-4,1,other
EFTA02428360.pdf,data-set-11-files-4,1,email
EFTA02428361.pdf,data-set-11-files-4,3,email
EFTA02428364.pdf,data-set-11-files-4,1,other
EFTA02428365.pdf,data-set-11-files-4,2,other
EFTA02428367.pdf,data-set-11-files-4,1,other
EFTA02428368.pdf,data-set-11-files-4,1,other
EFTA02428369.pdf,data-set-11-files-4,1,email
EFTA02428370.pdf,data-set-11-files-4,1,other
EFTA02428371.pdf,data-set-11-files-4,1,other
EFTA02428372.pdf,data-set-11-files-4,1,email
EFTA02428373.pdf,data-set-11-files-4,2,other
EFTA02428375.pdf,data-set-11-files-4,1,other
EFTA02428376.pdf,data-set-11-files-4,3,email
EFTA02428379.pdf,data-set-11-files-4,1,other
EFTA02428380.pdf,data-set-11-files-4,1,other
EFTA02428381.pdf,data-set-11-files-4,1,other
EFTA02428382.pdf,data-set-11-files-4,1,email
EFTA02428383.pdf,data-set-11-files-4,1,email
EFTA02428384.pdf,data-set-11-files-4,2,email
EFTA02428386.pdf,data-set-11-files-4,1,email
EFTA02428387.pdf,data-set-11-files-4,2,other
EFTA02428389.pdf,data-set-11-files-4,1,other
EFTA02428390.pdf,data-set-11-files-4,1,other
EFTA02428391.pdf,data-set-11-files-4,1,email
EFTA02428392.pdf,data-set-11-files-4,1,email
EFTA02428393.pdf,data-set-11-files-4,2,email
EFTA02428395.pdf,data-set-11-files-4,1,email
EFTA02428396.pdf,data-set-11-files-4,1,other
EFTA02428397.pdf,data-set-11-files-4,1,other
EFTA02428398.pdf,data-set-11-files-4,2,email
EFTA02428400.pdf,data-set-11-files-4,1,other
EFTA02428401.pdf,data-set-11-files-4,1,other
EFTA02428402.pdf,data-set-11-files-4,1,other
EFTA02428403.pdf,data-set-11-files-4,1,other
EFTA02428404.pdf,data-set-11-files-4,1,other
EFTA02428405.pdf,data-set-11-files-4,1,other
EFTA02428406.pdf,data-set-11-files-4,1,email
EFTA02428407.pdf,data-set-11-files-4,1,other
EFTA02428408.pdf,data-set-11-files-4,1,email
EFTA02428409.pdf,data-set-11-files-4,1,other
EFTA02428410.pdf,data-set-11-files-4,1,other
EFTA02428411.pdf,data-set-11-files-4,2,email
EFTA02428413.pdf,data-set-11-files-4,1,email
EFTA02428414.pdf,data-set-11-files-4,1,email
EFTA02428415.pdf,data-set-11-files-4,1,other
EFTA02428416.pdf,data-set-11-files-4,1,email
EFTA02428417.pdf,data-set-11-files-4,5,email
EFTA02428422.pdf,data-set-11-files-4,2,email
EFTA02428424.pdf,data-set-11-files-4,2,email
EFTA02428426.pdf,data-set-11-files-4,1,other
EFTA02428427.pdf,data-set-11-files-4,1,other
EFTA02428428.pdf,data-set-11-files-4,1,email
EFTA02428429.pdf,data-set-11-files-4,1,email
EFTA02428430.pdf,data-set-11-files-4,1,other
EFTA02428431.pdf,data-set-11-files-4,1,other
EFTA02428432.pdf,data-set-11-files-4,1,other
EFTA02428433.pdf,data-set-11-files-4,1,email
EFTA02428434.pdf,data-set-11-files-4,1,email
EFTA02428435.pdf,data-set-11-files-4,1,other
EFTA02428436.pdf,data-set-11-files-4,1,email
EFTA02428437.pdf,data-set-11-files-4,2,email
EFTA02428439.pdf,data-set-11-files-4,1,other
EFTA02428440.pdf,data-set-11-files-4,2,email
EFTA02428442.pdf,data-set-11-files-4,1,email
EFTA02428443.pdf,data-set-11-files-4,1,other
EFTA02428444.pdf,data-set-11-files-4,1,email
EFTA02428445.pdf,data-set-11-files-4,1,email
EFTA02428446.pdf,data-set-11-files-4,1,email
EFTA02428447.pdf,data-set-11-files-4,1,email
EFTA02428448.pdf,data-set-11-files-4,1,email
EFTA02428449.pdf,data-set-11-files-4,1,other
EFTA02428450.pdf,data-set-11-files-4,1,other
EFTA02428451.pdf,data-set-11-files-4,1,other
EFTA02428452.pdf,data-set-11-files-4,1,email
EFTA02428453.pdf,data-set-11-files-4,1,email
EFTA02428454.pdf,data-set-11-files-4,1,other
EFTA02428455.pdf,data-set-11-files-4,1,email
EFTA02428456.pdf,data-set-11-files-4,1,other
EFTA02428457.pdf,data-set-11-files-4,2,other
EFTA02428459.pdf,data-set-11-files-4,1,other
EFTA02428460.pdf,data-set-11-files-4,1,email
EFTA02428461.pdf,data-set-11-files-4,1,email
EFTA02428462.pdf,data-set-11-files-4,1,email
EFTA02428463.pdf,data-set-11-files-4,1,email
EFTA02428464.pdf,data-set-11-files-4,2,email
EFTA02428466.pdf,data-set-11-files-4,1,email
EFTA02428467.pdf,data-set-11-files-4,1,email
EFTA02428468.pdf,data-set-11-files-4,2,email
EFTA02428470.pdf,data-set-11-files-4,2,email
EFTA02428472.pdf,data-set-11-files-4,1,other
EFTA02428473.pdf,data-set-11-files-4,2,other
EFTA02428475.pdf,data-set-11-files-4,1,other
EFTA02428476.pdf,data-set-11-files-4,1,email
EFTA02428477.pdf,data-set-11-files-4,2,email
EFTA02428479.pdf,data-set-11-files-4,2,email
EFTA02428481.pdf,data-set-11-files-4,2,other
EFTA02428483.pdf,data-set-11-files-4,1,email
EFTA02428484.pdf,data-set-11-files-4,2,other
EFTA02428486.pdf,data-set-11-files-4,1,email
EFTA02428487.pdf,data-set-11-files-4,1,other
EFTA02428488.pdf,data-set-11-files-4,4,email
EFTA02428492.pdf,data-set-11-files-4,1,email
EFTA02428493.pdf,data-set-11-files-4,1,email
EFTA02428494.pdf,data-set-11-files-4,2,other
EFTA02428496.pdf,data-set-11-files-4,4,email
EFTA02428500.pdf,data-set-11-files-4,1,other
EFTA02428501.pdf,data-set-11-files-4,1,email
EFTA02428502.pdf,data-set-11-files-4,1,email
EFTA02428503.pdf,data-set-11-files-4,1,email
EFTA02428504.pdf,data-set-11-files-4,1,other
EFTA02428505.pdf,data-set-11-files-4,1,email
EFTA02428506.pdf,data-set-11-files-4,1,email
EFTA02428507.pdf,data-set-11-files-4,1,email
EFTA02428508.pdf,data-set-11-files-4,3,email
EFTA02428511.pdf,data-set-11-files-4,1,other
EFTA02428512.pdf,data-set-11-files-4,1,email
EFTA02428513.pdf,data-set-11-files-4,2,email
EFTA02428515.pdf,data-set-11-files-4,1,other
EFTA02428516.pdf,data-set-11-files-4,1,email
EFTA02428517.pdf,data-set-11-files-4,1,email
EFTA02428518.pdf,data-set-11-files-4,2,email
EFTA02428520.pdf,data-set-11-files-4,1,email
EFTA02428521.pdf,data-set-11-files-4,2,email
EFTA02428523.pdf,data-set-11-files-4,1,other
EFTA02428524.pdf,data-set-11-files-4,1,email
EFTA02428525.pdf,data-set-11-files-4,1,email
EFTA02428526.pdf,data-set-11-files-4,2,email
EFTA02428528.pdf,data-set-11-files-4,1,other
EFTA02428529.pdf,data-set-11-files-4,2,email
EFTA02428531.pdf,data-set-11-files-4,1,other
EFTA02428532.pdf,data-set-11-files-4,1,email
EFTA02428533.pdf,data-set-11-files-4,2,other
EFTA02428535.pdf,data-set-11-files-4,1,other
EFTA02428536.pdf,data-set-11-files-4,1,email
EFTA02428537.pdf,data-set-11-files-4,2,email
EFTA02428539.pdf,data-set-11-files-4,1,email
EFTA02428540.pdf,data-set-11-files-4,1,other
EFTA02428541.pdf,data-set-11-files-4,2,email
EFTA02428543.pdf,data-set-11-files-4,2,email
EFTA02428545.pdf,data-set-11-files-4,1,email
EFTA02428546.pdf,data-set-11-files-4,2,email
EFTA02428548.pdf,data-set-11-files-4,1,other
EFTA02428549.pdf,data-set-11-files-4,2,email
EFTA02428551.pdf,data-set-11-files-4,1,email
EFTA02428552.pdf,data-set-11-files-4,1,email
EFTA02428553.pdf,data-set-11-files-4,2,email
EFTA02428555.pdf,data-set-11-files-4,1,other
EFTA02428556.pdf,data-set-11-files-4,1,email
EFTA02428557.pdf,data-set-11-files-4,1,email
EFTA02428558.pdf,data-set-11-files-4,1,email
EFTA02428559.pdf,data-set-11-files-4,1,other
EFTA02428560.pdf,data-set-11-files-4,1,other
EFTA02428561.pdf,data-set-11-files-4,1,email
EFTA02428562.pdf,data-set-11-files-4,1,other
EFTA02428563.pdf,data-set-11-files-4,2,email
EFTA02428565.pdf,data-set-11-files-4,2,email
EFTA02428567.pdf,data-set-11-files-4,1,other
EFTA02428568.pdf,data-set-11-files-4,1,other
EFTA02428569.pdf,data-set-11-files-4,1,email
EFTA02428570.pdf,data-set-11-files-4,1,other
EFTA02428571.pdf,data-set-11-files-4,1,other
EFTA02428572.pdf,data-set-11-files-4,2,email
EFTA02428574.pdf,data-set-11-files-4,1,email
EFTA02428575.pdf,data-set-11-files-4,1,other
EFTA02428576.pdf,data-set-11-files-4,1,email
EFTA02428577.pdf,data-set-11-files-4,1,email
EFTA02428578.pdf,data-set-11-files-4,2,email
EFTA02428580.pdf,data-set-11-files-4,3,email
EFTA02428583.pdf,data-set-11-files-4,2,email
EFTA02428585.pdf,data-set-11-files-4,2,email
EFTA02428587.pdf,data-set-11-files-4,1,other
EFTA02428588.pdf,data-set-11-files-4,1,other
EFTA02428589.pdf,data-set-11-files-4,1,other
EFTA02428590.pdf,data-set-11-files-4,1,other
EFTA02428591.pdf,data-set-11-files-4,1,email
EFTA02428592.pdf,data-set-11-files-4,1,email
EFTA02428593.pdf,data-set-11-files-4,2,other
EFTA02428595.pdf,data-set-11-files-4,1,email
EFTA02428596.pdf,data-set-11-files-4,1,email
EFTA02428597.pdf,data-set-11-files-4,1,other
EFTA02428598.pdf,data-set-11-files-4,1,other
EFTA02428599.pdf,data-set-11-files-4,1,email
EFTA02428600.pdf,data-set-11-files-4,1,email
EFTA02428601.pdf,data-set-11-files-4,2,email
EFTA02428603.pdf,data-set-11-files-4,1,other
EFTA02428604.pdf,data-set-11-files-4,1,email
EFTA02428605.pdf,data-set-11-files-4,1,email
EFTA02428606.pdf,data-set-11-files-4,1,email
EFTA02428607.pdf,data-set-11-files-4,3,email
EFTA02428610.pdf,data-set-11-files-4,1,email
EFTA02428611.pdf,data-set-11-files-4,1,email
EFTA02428612.pdf,data-set-11-files-4,1,other
EFTA02428613.pdf,data-set-11-files-4,2,email
EFTA02428615.pdf,data-set-11-files-4,2,email
EFTA02428617.pdf,data-set-11-files-4,1,email
EFTA02428618.pdf,data-set-11-files-4,2,email
EFTA02428620.pdf,data-set-11-files-4,1,email
EFTA02428621.pdf,data-set-11-files-4,1,email
EFTA02428622.pdf,data-set-11-files-4,1,email
EFTA02428623.pdf,data-set-11-files-4,1,email
EFTA02428624.pdf,data-set-11-files-4,2,email
EFTA02428626.pdf,data-set-11-files-4,1,email
EFTA02428627.pdf,data-set-11-files-4,1,email
EFTA02428628.pdf,data-set-11-files-4,1,other
EFTA02428629.pdf,data-set-11-files-4,1,other
EFTA02428630.pdf,data-set-11-files-4,1,other
EFTA02428631.pdf,data-set-11-files-4,1,email
EFTA02428632.pdf,data-set-11-files-4,2,other
EFTA02428634.pdf,data-set-11-files-4,2,email
EFTA02428636.pdf,data-set-11-files-4,1,email
EFTA02428637.pdf,data-set-11-files-4,1,other
EFTA02428638.pdf,data-set-11-files-4,1,other
EFTA02428639.pdf,data-set-11-files-4,2,email
EFTA02428641.pdf,data-set-11-files-4,1,other
EFTA02428642.pdf,data-set-11-files-4,1,other
EFTA02428643.pdf,data-set-11-files-4,1,other
EFTA02428644.pdf,data-set-11-files-4,1,email
EFTA02428645.pdf,data-set-11-files-4,2,other
EFTA02428647.pdf,data-set-11-files-4,1,email
EFTA02428648.pdf,data-set-11-files-4,1,other
EFTA02428649.pdf,data-set-11-files-4,1,email
EFTA02428650.pdf,data-set-11-files-4,1,other
EFTA02428651.pdf,data-set-11-files-4,1,email
EFTA02428652.pdf,data-set-11-files-4,1,email
EFTA02428653.pdf,data-set-11-files-4,1,email
EFTA02428654.pdf,data-set-11-files-4,2,other
EFTA02428656.pdf,data-set-11-files-4,1,email
EFTA02428657.pdf,data-set-11-files-4,1,other
EFTA02428658.pdf,data-set-11-files-4,1,other
EFTA02428659.pdf,data-set-11-files-4,1,other
EFTA02428660.pdf,data-set-11-files-4,1,email
EFTA02428661.pdf,data-set-11-files-4,1,other
EFTA02428662.pdf,data-set-11-files-4,1,email
EFTA02428663.pdf,data-set-11-files-4,1,other
EFTA02428664.pdf,data-set-11-files-4,1,other
EFTA02428665.pdf,data-set-11-files-4,2,email
EFTA02428667.pdf,data-set-11-files-4,1,other
EFTA02428668.pdf,data-set-11-files-4,1,email
EFTA02428669.pdf,data-set-11-files-4,1,other
EFTA02428670.pdf,data-set-11-files-4,1,other
EFTA02428671.pdf,data-set-11-files-4,1,other
EFTA02428672.pdf,data-set-11-files-4,2,other
EFTA02428674.pdf,data-set-11-files-4,1,email
EFTA02428675.pdf,data-set-11-files-4,1,other
EFTA02428676.pdf,data-set-11-files-4,1,email
EFTA02428677.pdf,data-set-11-files-4,1,other
EFTA02428678.pdf,data-set-11-files-4,2,email
EFTA02428680.pdf,data-set-11-files-4,1,email
EFTA02428681.pdf,data-set-11-files-4,1,email
EFTA02428682.pdf,data-set-11-files-4,1,other
EFTA02428683.pdf,data-set-11-files-4,1,other
EFTA02428684.pdf,data-set-11-files-4,3,email
EFTA02428687.pdf,data-set-11-files-4,1,email
EFTA02428688.pdf,data-set-11-files-4,1,email
EFTA02428689.pdf,data-set-11-files-4,2,email
EFTA02428691.pdf,data-set-11-files-4,1,other
EFTA02428692.pdf,data-set-11-files-4,1,email
EFTA02428693.pdf,data-set-11-files-4,1,email
EFTA02428694.pdf,data-set-11-files-4,2,other
EFTA02428696.pdf,data-set-11-files-4,1,email
EFTA02428697.pdf,data-set-11-files-4,1,email
EFTA02428698.pdf,data-set-11-files-4,2,email
EFTA02428700.pdf,data-set-11-files-4,1,email
EFTA02428701.pdf,data-set-11-files-4,1,other
EFTA02428702.pdf,data-set-11-files-4,2,other
EFTA02428704.pdf,data-set-11-files-4,1,other
EFTA02428705.pdf,data-set-11-files-4,2,email
EFTA02428707.pdf,data-set-11-files-4,1,other
EFTA02428708.pdf,data-set-11-files-4,1,email
EFTA02428709.pdf,data-set-11-files-4,1,other
EFTA02428710.pdf,data-set-11-files-4,1,email
EFTA02428711.pdf,data-set-11-files-4,1,other
EFTA02428712.pdf,data-set-11-files-4,1,email
EFTA02428713.pdf,data-set-11-files-4,3,email
EFTA02428716.pdf,data-set-11-files-4,1,email
EFTA02428717.pdf,data-set-11-files-4,1,email
EFTA02428718.pdf,data-set-11-files-4,1,other
EFTA02428719.pdf,data-set-11-files-4,2,other
EFTA02428721.pdf,data-set-11-files-4,2,email
EFTA02428723.pdf,data-set-11-files-4,1,other
EFTA02428724.pdf,data-set-11-files-4,1,other
EFTA02428725.pdf,data-set-11-files-4,1,email
EFTA02428726.pdf,data-set-11-files-4,3,email
EFTA02428729.pdf,data-set-11-files-4,4,email
EFTA02428733.pdf,data-set-11-files-4,1,email
EFTA02428734.pdf,data-set-11-files-4,1,email
EFTA02428735.pdf,data-set-11-files-4,1,other
EFTA02428736.pdf,data-set-11-files-4,1,other
EFTA02428737.pdf,data-set-11-files-4,1,other
EFTA02428738.pdf,data-set-11-files-4,1,email
EFTA02428739.pdf,data-set-11-files-4,1,other
EFTA02428740.pdf,data-set-11-files-4,1,other
EFTA02428741.pdf,data-set-11-files-4,1,email
EFTA02428742.pdf,data-set-11-files-4,1,email
EFTA02428743.pdf,data-set-11-files-4,1,other
EFTA02428744.pdf,data-set-11-files-4,2,email
EFTA02428746.pdf,data-set-11-files-4,1,other
EFTA02428747.pdf,data-set-11-files-4,1,other
EFTA02428748.pdf,data-set-11-files-4,2,other
EFTA02428750.pdf,data-set-11-files-4,1,email
EFTA02428751.pdf,data-set-11-files-4,1,email
EFTA02428752.pdf,data-set-11-files-4,1,other
EFTA02428753.pdf,data-set-11-files-4,1,email
EFTA02428754.pdf,data-set-11-files-4,1,email
EFTA02428755.pdf,data-set-11-files-4,1,other
EFTA02428756.pdf,data-set-11-files-4,1,email
EFTA02428757.pdf,data-set-11-files-4,1,email
EFTA02428758.pdf,data-set-11-files-4,1,email
EFTA02428759.pdf,data-set-11-files-4,2,email
EFTA02428761.pdf,data-set-11-files-4,1,other
EFTA02428762.pdf,data-set-11-files-4,1,email
EFTA02428763.pdf,data-set-11-files-4,1,other
EFTA02428764.pdf,data-set-11-files-4,2,email
EFTA02428766.pdf,data-set-11-files-4,1,other
EFTA02428767.pdf,data-set-11-files-4,1,other
EFTA02428768.pdf,data-set-11-files-4,3,email
EFTA02428771.pdf,data-set-11-files-4,1,email
EFTA02428772.pdf,data-set-11-files-4,1,email
EFTA02428773.pdf,data-set-11-files-4,2,email
EFTA02428775.pdf,data-set-11-files-4,1,other
EFTA02428776.pdf,data-set-11-files-4,1,email
EFTA02428777.pdf,data-set-11-files-4,1,other
EFTA02428778.pdf,data-set-11-files-4,2,email
EFTA02428780.pdf,data-set-11-files-4,1,other
EFTA02428781.pdf,data-set-11-files-4,1,other
EFTA02428782.pdf,data-set-11-files-4,1,other
EFTA02428783.pdf,data-set-11-files-4,2,email
EFTA02428785.pdf,data-set-11-files-4,1,email
EFTA02428786.pdf,data-set-11-files-4,1,email
EFTA02428787.pdf,data-set-11-files-4,1,email
EFTA02428788.pdf,data-set-11-files-4,1,other
EFTA02428789.pdf,data-set-11-files-4,3,email
EFTA02428792.pdf,data-set-11-files-4,1,other
EFTA02428793.pdf,data-set-11-files-4,1,other
EFTA02428794.pdf,data-set-11-files-4,1,other
EFTA02428795.pdf,data-set-11-files-4,1,email
EFTA02428796.pdf,data-set-11-files-4,1,email
EFTA02428797.pdf,data-set-11-files-4,1,email
EFTA02428798.pdf,data-set-11-files-4,1,email
EFTA02428799.pdf,data-set-11-files-4,3,email
EFTA02428802.pdf,data-set-11-files-4,1,other
EFTA02428803.pdf,data-set-11-files-4,1,email
EFTA02428804.pdf,data-set-11-files-4,1,other
EFTA02428805.pdf,data-set-11-files-4,1,other
EFTA02428806.pdf,data-set-11-files-4,1,email
EFTA02428807.pdf,data-set-11-files-4,1,email
EFTA02428808.pdf,data-set-11-files-4,1,other
EFTA02428809.pdf,data-set-11-files-4,1,email
EFTA02428810.pdf,data-set-11-files-4,1,email
EFTA02428811.pdf,data-set-11-files-4,2,email
EFTA02428813.pdf,data-set-11-files-4,1,email
EFTA02428814.pdf,data-set-11-files-4,2,email
EFTA02428816.pdf,data-set-11-files-4,1,other
EFTA02428817.pdf,data-set-11-files-4,1,other
EFTA02428818.pdf,data-set-11-files-4,1,other
EFTA02428819.pdf,data-set-11-files-4,2,email
EFTA02428821.pdf,data-set-11-files-4,1,other
EFTA02428822.pdf,data-set-11-files-4,2,email
EFTA02428824.pdf,data-set-11-files-4,1,other
EFTA02428825.pdf,data-set-11-files-4,1,email
EFTA02428826.pdf,data-set-11-files-4,1,other
EFTA02428827.pdf,data-set-11-files-4,2,email
EFTA02428829.pdf,data-set-11-files-4,1,other
EFTA02428830.pdf,data-set-11-files-4,1,email
EFTA02428831.pdf,data-set-11-files-4,1,email
EFTA02428832.pdf,data-set-11-files-4,1,email
EFTA02428833.pdf,data-set-11-files-4,1,email
EFTA02428834.pdf,data-set-11-files-4,1,other
EFTA02428835.pdf,data-set-11-files-4,1,email
EFTA02428836.pdf,data-set-11-files-4,1,email
EFTA02428837.pdf,data-set-11-files-4,1,other
EFTA02428838.pdf,data-set-11-files-4,1,email
EFTA02428839.pdf,data-set-11-files-4,1,other
EFTA02428840.pdf,data-set-11-files-4,1,other
EFTA02428841.pdf,data-set-11-files-4,1,other
EFTA02428842.pdf,data-set-11-files-4,1,email
EFTA02428843.pdf,data-set-11-files-4,1,email
EFTA02428844.pdf,data-set-11-files-4,1,email
EFTA02428845.pdf,data-set-11-files-4,1,email
EFTA02428846.pdf,data-set-11-files-4,1,email
EFTA02428847.pdf,data-set-11-files-4,1,other
EFTA02428848.pdf,data-set-11-files-4,1,email
EFTA02428849.pdf,data-set-11-files-4,1,email
EFTA02428850.pdf,data-set-11-files-4,1,other
EFTA02428851.pdf,data-set-11-files-4,1,other
EFTA02428852.pdf,data-set-11-files-4,1,other
EFTA02428853.pdf,data-set-11-files-4,1,other
EFTA02428854.pdf,data-set-11-files-4,1,email
EFTA02428855.pdf,data-set-11-files-4,1,email
EFTA02428856.pdf,data-set-11-files-4,2,other
EFTA02428858.pdf,data-set-11-files-4,1,other
EFTA02428859.pdf,data-set-11-files-4,2,email
EFTA02428861.pdf,data-set-11-files-4,1,other
EFTA02428862.pdf,data-set-11-files-4,1,email
EFTA02428863.pdf,data-set-11-files-4,2,email
EFTA02428865.pdf,data-set-11-files-4,1,other
EFTA02428866.pdf,data-set-11-files-4,1,other
EFTA02428867.pdf,data-set-11-files-4,1,other
EFTA02428868.pdf,data-set-11-files-4,1,other
EFTA02428869.pdf,data-set-11-files-4,1,email
EFTA02428870.pdf,data-set-11-files-4,1,email
EFTA02428871.pdf,data-set-11-files-4,1,email
EFTA02428872.pdf,data-set-11-files-4,1,other
EFTA02428873.pdf,data-set-11-files-4,1,email
EFTA02428874.pdf,data-set-11-files-4,1,email
EFTA02428875.pdf,data-set-11-files-4,1,email
EFTA02428876.pdf,data-set-11-files-4,1,email
EFTA02428877.pdf,data-set-11-files-4,1,other
EFTA02428878.pdf,data-set-11-files-4,1,email
EFTA02428879.pdf,data-set-11-files-4,1,other
EFTA02428880.pdf,data-set-11-files-4,1,other
EFTA02428881.pdf,data-set-11-files-4,1,email
EFTA02428882.pdf,data-set-11-files-4,1,email
EFTA02428883.pdf,data-set-11-files-4,1,other
EFTA02428884.pdf,data-set-11-files-4,3,email
EFTA02428887.pdf,data-set-11-files-4,4,email
EFTA02428891.pdf,data-set-11-files-4,1,email
EFTA02428892.pdf,data-set-11-files-4,1,email
EFTA02428893.pdf,data-set-11-files-4,3,email
EFTA02428896.pdf,data-set-11-files-4,1,other
EFTA02428897.pdf,data-set-11-files-4,1,other
EFTA02428898.pdf,data-set-11-files-4,1,email
EFTA02428899.pdf,data-set-11-files-4,1,other
EFTA02428900.pdf,data-set-11-files-4,1,email
EFTA02428901.pdf,data-set-11-files-4,1,email
EFTA02428902.pdf,data-set-11-files-4,1,email
EFTA02428903.pdf,data-set-11-files-4,3,email
EFTA02428906.pdf,data-set-11-files-4,1,email
EFTA02428907.pdf,data-set-11-files-4,1,email
EFTA02428908.pdf,data-set-11-files-4,1,email
EFTA02428909.pdf,data-set-11-files-4,1,email
EFTA02428910.pdf,data-set-11-files-4,1,email
EFTA02428911.pdf,data-set-11-files-4,1,other
EFTA02428912.pdf,data-set-11-files-4,2,other
EFTA02428914.pdf,data-set-11-files-4,1,other
EFTA02428915.pdf,data-set-11-files-4,1,other
EFTA02428916.pdf,data-set-11-files-4,1,other
EFTA02428917.pdf,data-set-11-files-4,1,email
EFTA02428918.pdf,data-set-11-files-4,3,email
EFTA02428921.pdf,data-set-11-files-4,1,email
EFTA02428922.pdf,data-set-11-files-4,2,email
EFTA02428924.pdf,data-set-11-files-4,3,email
EFTA02428927.pdf,data-set-11-files-4,2,email
EFTA02428929.pdf,data-set-11-files-4,1,email
EFTA02428930.pdf,data-set-11-files-4,1,other
EFTA02428931.pdf,data-set-11-files-4,1,email
EFTA02428932.pdf,data-set-11-files-4,1,email
EFTA02428933.pdf,data-set-11-files-4,1,email
EFTA02428934.pdf,data-set-11-files-4,1,email
EFTA02428935.pdf,data-set-11-files-4,1,email
EFTA02428936.pdf,data-set-11-files-4,2,email
EFTA02428938.pdf,data-set-11-files-4,1,other
EFTA02428939.pdf,data-set-11-files-4,1,email
EFTA02428940.pdf,data-set-11-files-4,1,email
EFTA02428941.pdf,data-set-11-files-4,2,email
EFTA02428943.pdf,data-set-11-files-4,2,other
EFTA02428945.pdf,data-set-11-files-4,2,email
EFTA02428947.pdf,data-set-11-files-4,1,other
EFTA02428948.pdf,data-set-11-files-4,1,other
EFTA02428949.pdf,data-set-11-files-4,1,other
EFTA02428950.pdf,data-set-11-files-4,1,email
EFTA02428951.pdf,data-set-11-files-4,1,email
EFTA02428952.pdf,data-set-11-files-4,1,other
EFTA02428953.pdf,data-set-11-files-4,1,other
EFTA02428954.pdf,data-set-11-files-4,1,email
EFTA02428955.pdf,data-set-11-files-4,3,email
EFTA02428958.pdf,data-set-11-files-4,1,other
EFTA02428959.pdf,data-set-11-files-4,1,email
EFTA02428960.pdf,data-set-11-files-4,2,email
EFTA02428962.pdf,data-set-11-files-4,1,other
EFTA02428963.pdf,data-set-11-files-4,3,email
EFTA02428966.pdf,data-set-11-files-4,1,other
EFTA02428967.pdf,data-set-11-files-4,2,email
EFTA02428969.pdf,data-set-11-files-4,1,email
EFTA02428970.pdf,data-set-11-files-4,2,other
EFTA02428972.pdf,data-set-11-files-4,1,email
EFTA02428973.pdf,data-set-11-files-4,1,email
EFTA02428974.pdf,data-set-11-files-4,1,email
EFTA02428975.pdf,data-set-11-files-4,1,email
EFTA02428976.pdf,data-set-11-files-4,1,other
EFTA02428977.pdf,data-set-11-files-4,1,email
EFTA02428978.pdf,data-set-11-files-4,1,other
EFTA02428979.pdf,data-set-11-files-4,1,other
EFTA02428980.pdf,data-set-11-files-4,2,other
EFTA02428982.pdf,data-set-11-files-4,1,other
EFTA02428983.pdf,data-set-11-files-4,1,email
EFTA02428984.pdf,data-set-11-files-4,1,email
EFTA02428985.pdf,data-set-11-files-4,1,email
EFTA02428986.pdf,data-set-11-files-4,1,email
EFTA02428987.pdf,data-set-11-files-4,1,email
EFTA02428988.pdf,data-set-11-files-4,1,email
EFTA02428989.pdf,data-set-11-files-4,3,other
EFTA02428992.pdf,data-set-11-files-4,1,email
EFTA02428993.pdf,data-set-11-files-4,2,email
EFTA02428995.pdf,data-set-11-files-4,2,email
EFTA02428997.pdf,data-set-11-files-4,2,email
EFTA02428999.pdf,data-set-11-files-4,1,email
EFTA02429000.pdf,data-set-11-files-4,4,email
EFTA02429004.pdf,data-set-11-files-4,1,email
EFTA02429005.pdf,data-set-11-files-4,1,email
EFTA02429006.pdf,data-set-11-files-4,1,email
EFTA02429007.pdf,data-set-11-files-4,1,other
EFTA02429008.pdf,data-set-11-files-4,1,email
EFTA02429009.pdf,data-set-11-files-4,1,other
EFTA02429010.pdf,data-set-11-files-4,1,other
EFTA02429011.pdf,data-set-11-files-4,1,email
EFTA02429012.pdf,data-set-11-files-4,2,email
EFTA02429014.pdf,data-set-11-files-4,1,email
EFTA02429015.pdf,data-set-11-files-4,2,email
EFTA02429017.pdf,data-set-11-files-4,1,email
EFTA02429018.pdf,data-set-11-files-4,1,email
EFTA02429019.pdf,data-set-11-files-4,1,email
EFTA02429020.pdf,data-set-11-files-4,1,other
EFTA02429021.pdf,data-set-11-files-4,1,email
EFTA02429022.pdf,data-set-11-files-4,1,email
EFTA02429023.pdf,data-set-11-files-4,2,other
EFTA02429025.pdf,data-set-11-files-4,1,other
EFTA02429026.pdf,data-set-11-files-4,3,other
EFTA02429029.pdf,data-set-11-files-4,1,other
EFTA02429030.pdf,data-set-11-files-4,2,email
EFTA02429032.pdf,data-set-11-files-4,2,other
EFTA02429034.pdf,data-set-11-files-4,3,email
EFTA02429037.pdf,data-set-11-files-4,1,email
EFTA02429038.pdf,data-set-11-files-4,2,email
EFTA02429040.pdf,data-set-11-files-4,2,email
EFTA02429042.pdf,data-set-11-files-4,1,email
EFTA02429043.pdf,data-set-11-files-4,1,other
EFTA02429044.pdf,data-set-11-files-4,1,other
EFTA02429045.pdf,data-set-11-files-4,1,other
EFTA02429046.pdf,data-set-11-files-4,1,email
EFTA02429047.pdf,data-set-11-files-4,1,other
EFTA02429048.pdf,data-set-11-files-4,1,other
EFTA02429049.pdf,data-set-11-files-4,1,email
EFTA02429050.pdf,data-set-11-files-4,2,email
EFTA02429052.pdf,data-set-11-files-4,1,email
EFTA02429053.pdf,data-set-11-files-4,2,email
EFTA02429055.pdf,data-set-11-files-4,1,email
EFTA02429056.pdf,data-set-11-files-4,1,other
EFTA02429057.pdf,data-set-11-files-4,1,email
EFTA02429058.pdf,data-set-11-files-4,1,email
EFTA02429059.pdf,data-set-11-files-4,2,email
EFTA02429061.pdf,data-set-11-files-4,1,email
EFTA02429062.pdf,data-set-11-files-4,1,other
EFTA02429063.pdf,data-set-11-files-4,2,email
EFTA02429065.pdf,data-set-11-files-4,1,email
EFTA02429066.pdf,data-set-11-files-4,1,email
EFTA02429067.pdf,data-set-11-files-4,1,email
EFTA02429068.pdf,data-set-11-files-4,1,email
EFTA02429069.pdf,data-set-11-files-4,1,other
EFTA02429070.pdf,data-set-11-files-4,1,other
EFTA02429071.pdf,data-set-11-files-4,1,email
EFTA02429072.pdf,data-set-11-files-4,1,email
EFTA02429073.pdf,data-set-11-files-4,1,other
EFTA02429074.pdf,data-set-11-files-4,1,other
EFTA02429075.pdf,data-set-11-files-4,1,other
EFTA02429076.pdf,data-set-11-files-4,1,email
EFTA02429077.pdf,data-set-11-files-4,1,other
EFTA02429078.pdf,data-set-11-files-4,1,email
EFTA02429079.pdf,data-set-11-files-4,2,email
EFTA02429081.pdf,data-set-11-files-4,1,other
EFTA02429082.pdf,data-set-11-files-4,1,other
EFTA02429083.pdf,data-set-11-files-4,1,email
EFTA02429084.pdf,data-set-11-files-4,1,email
EFTA02429085.pdf,data-set-11-files-4,1,email
EFTA02429086.pdf,data-set-11-files-4,1,other
EFTA02429087.pdf,data-set-11-files-4,1,other
EFTA02429088.pdf,data-set-11-files-4,2,email
EFTA02429090.pdf,data-set-11-files-4,2,email
EFTA02429092.pdf,data-set-11-files-4,1,email
EFTA02429093.pdf,data-set-11-files-4,1,email
EFTA02429094.pdf,data-set-11-files-4,2,email
EFTA02429096.pdf,data-set-11-files-4,2,email
EFTA02429098.pdf,data-set-11-files-4,4,email
EFTA02429102.pdf,data-set-11-files-4,2,email
EFTA02429104.pdf,data-set-11-files-4,1,other
EFTA02429105.pdf,data-set-11-files-4,1,email
EFTA02429106.pdf,data-set-11-files-4,1,email
EFTA02429107.pdf,data-set-11-files-4,2,email
EFTA02429109.pdf,data-set-11-files-4,1,other
EFTA02429110.pdf,data-set-11-files-4,1,email
EFTA02429111.pdf,data-set-11-files-4,1,other
EFTA02429112.pdf,data-set-11-files-4,1,email
EFTA02429113.pdf,data-set-11-files-4,4,email
EFTA02429117.pdf,data-set-11-files-4,1,email
EFTA02429118.pdf,data-set-11-files-4,2,email
EFTA02429120.pdf,data-set-11-files-4,1,other
EFTA02429121.pdf,data-set-11-files-4,1,email
EFTA02429122.pdf,data-set-11-files-4,1,other
EFTA02429123.pdf,data-set-11-files-4,2,email
EFTA02429125.pdf,data-set-11-files-4,1,email
EFTA02429126.pdf,data-set-11-files-4,1,other
EFTA02429127.pdf,data-set-11-files-4,1,email
EFTA02429128.pdf,data-set-11-files-4,1,email
EFTA02429129.pdf,data-set-11-files-4,1,email
EFTA02429130.pdf,data-set-11-files-4,1,email
EFTA02429131.pdf,data-set-11-files-4,1,email
EFTA02429132.pdf,data-set-11-files-4,1,email
EFTA02429133.pdf,data-set-11-files-4,2,email
EFTA02429135.pdf,data-set-11-files-4,1,email
EFTA02429136.pdf,data-set-11-files-4,1,other
EFTA02429137.pdf,data-set-11-files-4,1,email
EFTA02429138.pdf,data-set-11-files-4,1,other
EFTA02429139.pdf,data-set-11-files-4,1,email
EFTA02429140.pdf,data-set-11-files-4,1,other
EFTA02429141.pdf,data-set-11-files-4,1,email
EFTA02429142.pdf,data-set-11-files-4,2,email
EFTA02429144.pdf,data-set-11-files-4,1,other
EFTA02429145.pdf,data-set-11-files-4,1,other
EFTA02429146.pdf,data-set-11-files-4,1,email
EFTA02429147.pdf,data-set-11-files-4,1,email
EFTA02429148.pdf,data-set-11-files-4,1,email
EFTA02429149.pdf,data-set-11-files-4,3,email
EFTA02429152.pdf,data-set-11-files-4,1,email
EFTA02429153.pdf,data-set-11-files-4,1,email
EFTA02429154.pdf,data-set-11-files-4,1,email
EFTA02429155.pdf,data-set-11-files-4,1,email
EFTA02429156.pdf,data-set-11-files-4,1,email
EFTA02429157.pdf,data-set-11-files-4,1,email
EFTA02429158.pdf,data-set-11-files-4,1,email
EFTA02429159.pdf,data-set-11-files-4,1,other
EFTA02429160.pdf,data-set-11-files-4,2,other
EFTA02429162.pdf,data-set-11-files-4,1,other
EFTA02429163.pdf,data-set-11-files-4,1,other
EFTA02429164.pdf,data-set-11-files-4,1,other
EFTA02429165.pdf,data-set-11-files-4,2,email
EFTA02429167.pdf,data-set-11-files-4,2,email
EFTA02429169.pdf,data-set-11-files-4,1,other
EFTA02429170.pdf,data-set-11-files-4,1,email
EFTA02429171.pdf,data-set-11-files-4,1,other
EFTA02429172.pdf,data-set-11-files-4,1,email
EFTA02429173.pdf,data-set-11-files-4,1,other
EFTA02429174.pdf,data-set-11-files-4,1,email
EFTA02429175.pdf,data-set-11-files-4,2,email
EFTA02429177.pdf,data-set-11-files-4,1,email
EFTA02429178.pdf,data-set-11-files-4,1,email
EFTA02429179.pdf,data-set-11-files-4,2,email
EFTA02429181.pdf,data-set-11-files-4,1,email
EFTA02429182.pdf,data-set-11-files-4,1,other
EFTA02429183.pdf,data-set-11-files-4,1,email
EFTA02429184.pdf,data-set-11-files-4,1,other
EFTA02429185.pdf,data-set-11-files-4,1,other
EFTA02429186.pdf,data-set-11-files-4,1,email
EFTA02429187.pdf,data-set-11-files-4,1,other
EFTA02429188.pdf,data-set-11-files-4,1,email
EFTA02429189.pdf,data-set-11-files-4,1,email
EFTA02429190.pdf,data-set-11-files-4,1,email
EFTA02429191.pdf,data-set-11-files-4,1,other
EFTA02429192.pdf,data-set-11-files-4,1,email
EFTA02429193.pdf,data-set-11-files-4,1,email
EFTA02429194.pdf,data-set-11-files-4,1,email
EFTA02429195.pdf,data-set-11-files-4,1,email
EFTA02429196.pdf,data-set-11-files-4,1,other
EFTA02429197.pdf,data-set-11-files-4,1,email
EFTA02429198.pdf,data-set-11-files-4,1,email
EFTA02429199.pdf,data-set-11-files-4,1,email
EFTA02429200.pdf,data-set-11-files-4,1,email
EFTA02429201.pdf,data-set-11-files-4,1,other
EFTA02429202.pdf,data-set-11-files-4,1,other
EFTA02429203.pdf,data-set-11-files-4,1,email
EFTA02429204.pdf,data-set-11-files-4,1,email
EFTA02429205.pdf,data-set-11-files-4,1,other
EFTA02429206.pdf,data-set-11-files-4,1,email
EFTA02429207.pdf,data-set-11-files-4,2,other
EFTA02429209.pdf,data-set-11-files-4,1,other
EFTA02429210.pdf,data-set-11-files-4,1,email
EFTA02429211.pdf,data-set-11-files-4,1,email
EFTA02429212.pdf,data-set-11-files-4,1,other
EFTA02429213.pdf,data-set-11-files-4,2,email
EFTA02429215.pdf,data-set-11-files-4,1,other
EFTA02429216.pdf,data-set-11-files-4,1,email
EFTA02429217.pdf,data-set-11-files-4,2,email
EFTA02429219.pdf,data-set-11-files-4,3,email
EFTA02429222.pdf,data-set-11-files-4,1,other
EFTA02429223.pdf,data-set-11-files-4,1,other
EFTA02429224.pdf,data-set-11-files-4,1,other
EFTA02429225.pdf,data-set-11-files-4,1,email
EFTA02429226.pdf,data-set-11-files-4,2,other
EFTA02429228.pdf,data-set-11-files-4,1,other
EFTA02429229.pdf,data-set-11-files-4,1,email
EFTA02429230.pdf,data-set-11-files-4,1,email
EFTA02429231.pdf,data-set-11-files-4,1,other
EFTA02429232.pdf,data-set-11-files-4,1,email
EFTA02429233.pdf,data-set-11-files-4,3,other
EFTA02429236.pdf,data-set-11-files-4,3,email
EFTA02429239.pdf,data-set-11-files-4,1,email
EFTA02429240.pdf,data-set-11-files-4,1,other
EFTA02429241.pdf,data-set-11-files-4,1,other
EFTA02429242.pdf,data-set-11-files-4,1,other
EFTA02429243.pdf,data-set-11-files-4,1,other
EFTA02429244.pdf,data-set-11-files-4,2,email
EFTA02429246.pdf,data-set-11-files-4,1,email
EFTA02429247.pdf,data-set-11-files-4,1,email
EFTA02429248.pdf,data-set-11-files-4,1,email
EFTA02429249.pdf,data-set-11-files-4,4,email
EFTA02429253.pdf,data-set-11-files-4,1,other
EFTA02429254.pdf,data-set-11-files-4,2,email
EFTA02429256.pdf,data-set-11-files-4,2,email
EFTA02429258.pdf,data-set-11-files-4,1,email
EFTA02429259.pdf,data-set-11-files-4,1,email
EFTA02429260.pdf,data-set-11-files-4,1,other
EFTA02429261.pdf,data-set-11-files-4,2,email
EFTA02429263.pdf,data-set-11-files-4,1,other
EFTA02429264.pdf,data-set-11-files-4,1,other
EFTA02429265.pdf,data-set-11-files-4,1,other
EFTA02429266.pdf,data-set-11-files-4,1,other
EFTA02429267.pdf,data-set-11-files-4,2,email
EFTA02429269.pdf,data-set-11-files-4,1,other
EFTA02429270.pdf,data-set-11-files-4,1,other
EFTA02429271.pdf,data-set-11-files-4,1,email
EFTA02429272.pdf,data-set-11-files-4,1,email
EFTA02429273.pdf,data-set-11-files-4,1,other
EFTA02429274.pdf,data-set-11-files-4,1,other
EFTA02429275.pdf,data-set-11-files-4,1,email
EFTA02429276.pdf,data-set-11-files-4,1,other
EFTA02429277.pdf,data-set-11-files-4,1,email
EFTA02429278.pdf,data-set-11-files-4,2,email
EFTA02429280.pdf,data-set-11-files-4,1,other
EFTA02429281.pdf,data-set-11-files-4,1,email
EFTA02429282.pdf,data-set-11-files-4,1,other
EFTA02429283.pdf,data-set-11-files-4,1,email
EFTA02429284.pdf,data-set-11-files-4,1,email
EFTA02429285.pdf,data-set-11-files-4,1,email
EFTA02429286.pdf,data-set-11-files-4,1,other
EFTA02429287.pdf,data-set-11-files-4,1,email
EFTA02429288.pdf,data-set-11-files-4,1,other
EFTA02429289.pdf,data-set-11-files-4,1,other
EFTA02429290.pdf,data-set-11-files-4,1,email
EFTA02429291.pdf,data-set-11-files-4,2,email
EFTA02429293.pdf,data-set-11-files-4,1,email
EFTA02429294.pdf,data-set-11-files-4,2,email
EFTA02429296.pdf,data-set-11-files-4,1,other
EFTA02429297.pdf,data-set-11-files-4,1,email
EFTA02429298.pdf,data-set-11-files-4,1,other
EFTA02429299.pdf,data-set-11-files-4,1,email
EFTA02429300.pdf,data-set-11-files-4,1,other
EFTA02429301.pdf,data-set-11-files-4,1,email
EFTA02429302.pdf,data-set-11-files-4,1,other
EFTA02429303.pdf,data-set-11-files-4,1,other
EFTA02429304.pdf,data-set-11-files-4,1,email
EFTA02429305.pdf,data-set-11-files-4,1,email
EFTA02429306.pdf,data-set-11-files-4,1,other
EFTA02429307.pdf,data-set-11-files-4,1,email
EFTA02429308.pdf,data-set-11-files-4,2,email
EFTA02429310.pdf,data-set-11-files-4,1,other
EFTA02429311.pdf,data-set-11-files-4,1,email
EFTA02429312.pdf,data-set-11-files-4,1,other
EFTA02429313.pdf,data-set-11-files-4,2,email
EFTA02429315.pdf,data-set-11-files-4,3,email
EFTA02429318.pdf,data-set-11-files-4,2,email
EFTA02429320.pdf,data-set-11-files-4,1,other
EFTA02429321.pdf,data-set-11-files-4,1,email
EFTA02429322.pdf,data-set-11-files-4,2,email
EFTA02429324.pdf,data-set-11-files-4,1,email
EFTA02429325.pdf,data-set-11-files-4,1,email
EFTA02429326.pdf,data-set-11-files-4,1,other
EFTA02429327.pdf,data-set-11-files-4,1,email
EFTA02429328.pdf,data-set-11-files-4,1,email
EFTA02429329.pdf,data-set-11-files-4,1,email
EFTA02429330.pdf,data-set-11-files-4,1,email
EFTA02429331.pdf,data-set-11-files-4,1,email
EFTA02429332.pdf,data-set-11-files-4,1,email
EFTA02429333.pdf,data-set-11-files-4,1,other
EFTA02429334.pdf,data-set-11-files-4,1,email
EFTA02429335.pdf,data-set-11-files-4,1,email
EFTA02429336.pdf,data-set-11-files-4,1,email
EFTA02429337.pdf,data-set-11-files-4,2,email
EFTA02429339.pdf,data-set-11-files-4,1,email
EFTA02429340.pdf,data-set-11-files-4,1,other
EFTA02429341.pdf,data-set-11-files-4,1,email
EFTA02429342.pdf,data-set-11-files-4,1,other
EFTA02429343.pdf,data-set-11-files-4,1,other
EFTA02429344.pdf,data-set-11-files-4,1,email
EFTA02429345.pdf,data-set-11-files-4,1,email
EFTA02429346.pdf,data-set-11-files-4,1,other
EFTA02429347.pdf,data-set-11-files-4,1,email
EFTA02429348.pdf,data-set-11-files-4,1,email
EFTA02429349.pdf,data-set-11-files-4,2,other
EFTA02429351.pdf,data-set-11-files-4,1,email
EFTA02429352.pdf,data-set-11-files-4,1,email
EFTA02429353.pdf,data-set-11-files-4,1,other
EFTA02429354.pdf,data-set-11-files-4,1,email
EFTA02429355.pdf,data-set-11-files-4,2,other
EFTA02429357.pdf,data-set-11-files-4,1,email
EFTA02429358.pdf,data-set-11-files-4,1,email
EFTA02429359.pdf,data-set-11-files-4,1,other
EFTA02429360.pdf,data-set-11-files-4,3,email
EFTA02429363.pdf,data-set-11-files-4,1,email
EFTA02429364.pdf,data-set-11-files-4,1,email
EFTA02429365.pdf,data-set-11-files-4,1,other
EFTA02429366.pdf,data-set-11-files-4,1,other
EFTA02429367.pdf,data-set-11-files-4,1,other
EFTA02429368.pdf,data-set-11-files-4,1,other
EFTA02429369.pdf,data-set-11-files-4,1,other
EFTA02429370.pdf,data-set-11-files-4,2,other
EFTA02429372.pdf,data-set-11-files-4,1,email
EFTA02429373.pdf,data-set-11-files-4,1,email
EFTA02429374.pdf,data-set-11-files-4,1,other
EFTA02429375.pdf,data-set-11-files-4,1,other
EFTA02429376.pdf,data-set-11-files-4,1,other
EFTA02429377.pdf,data-set-11-files-4,2,email
EFTA02429379.pdf,data-set-11-files-4,1,email
EFTA02429380.pdf,data-set-11-files-4,1,other
EFTA02429381.pdf,data-set-11-files-4,1,email
EFTA02429382.pdf,data-set-11-files-4,1,other
EFTA02429383.pdf,data-set-11-files-4,1,other
EFTA02429384.pdf,data-set-11-files-4,1,other
EFTA02429385.pdf,data-set-11-files-4,2,email
EFTA02429387.pdf,data-set-11-files-4,1,email
EFTA02429388.pdf,data-set-11-files-4,1,email
EFTA02429389.pdf,data-set-11-files-4,2,email
EFTA02429391.pdf,data-set-11-files-4,1,email
EFTA02429392.pdf,data-set-11-files-4,1,other
EFTA02429393.pdf,data-set-11-files-4,2,email
EFTA02429395.pdf,data-set-11-files-4,1,email
EFTA02429396.pdf,data-set-11-files-4,2,email
EFTA02429398.pdf,data-set-11-files-4,1,email
EFTA02429399.pdf,data-set-11-files-4,1,other
EFTA02429400.pdf,data-set-11-files-4,1,email
EFTA02429401.pdf,data-set-11-files-4,3,email
EFTA02429404.pdf,data-set-11-files-4,1,email
EFTA02429405.pdf,data-set-11-files-4,1,email
EFTA02429406.pdf,data-set-11-files-4,1,other
EFTA02429407.pdf,data-set-11-files-4,2,email
EFTA02429409.pdf,data-set-11-files-4,1,email
EFTA02429410.pdf,data-set-11-files-4,1,other
EFTA02429411.pdf,data-set-11-files-4,1,other
EFTA02429412.pdf,data-set-11-files-4,1,other
EFTA02429413.pdf,data-set-11-files-4,1,email
EFTA02429414.pdf,data-set-11-files-4,1,other
EFTA02429415.pdf,data-set-11-files-4,1,email
EFTA02429416.pdf,data-set-11-files-4,1,email
EFTA02429417.pdf,data-set-11-files-4,1,other
EFTA02429418.pdf,data-set-11-files-4,1,email
EFTA02429419.pdf,data-set-11-files-4,1,email
EFTA02429420.pdf,data-set-11-files-4,2,email
EFTA02429422.pdf,data-set-11-files-4,2,other
EFTA02429424.pdf,data-set-11-files-4,3,email
EFTA02429427.pdf,data-set-11-files-4,2,email
EFTA02429429.pdf,data-set-11-files-4,3,email
EFTA02429432.pdf,data-set-11-files-4,3,other
EFTA02429435.pdf,data-set-11-files-4,1,email
EFTA02429436.pdf,data-set-11-files-4,1,email
EFTA02429437.pdf,data-set-11-files-4,1,email
EFTA02429438.pdf,data-set-11-files-4,2,email
EFTA02429440.pdf,data-set-11-files-4,1,email
EFTA02429441.pdf,data-set-11-files-4,2,email
EFTA02429443.pdf,data-set-11-files-4,1,other
EFTA02429444.pdf,data-set-11-files-4,2,email
EFTA02429446.pdf,data-set-11-files-4,1,email
EFTA02429447.pdf,data-set-11-files-4,1,email
EFTA02429448.pdf,data-set-11-files-4,2,email
EFTA02429450.pdf,data-set-11-files-4,1,email
EFTA02429451.pdf,data-set-11-files-4,1,email
EFTA02429452.pdf,data-set-11-files-4,1,other
EFTA02429453.pdf,data-set-11-files-4,1,other
EFTA02429454.pdf,data-set-11-files-4,3,other
EFTA02429457.pdf,data-set-11-files-4,2,other
EFTA02429459.pdf,data-set-11-files-4,1,email
EFTA02429460.pdf,data-set-11-files-4,1,other
EFTA02429461.pdf,data-set-11-files-4,1,other
EFTA02429462.pdf,data-set-11-files-4,2,email
EFTA02429464.pdf,data-set-11-files-4,3,email
EFTA02429467.pdf,data-set-11-files-4,1,email
EFTA02429468.pdf,data-set-11-files-4,2,email
EFTA02429470.pdf,data-set-11-files-4,2,email
EFTA02429472.pdf,data-set-11-files-4,1,email
EFTA02429473.pdf,data-set-11-files-4,1,email
EFTA02429474.pdf,data-set-11-files-4,1,email
EFTA02429475.pdf,data-set-11-files-4,1,other
EFTA02429476.pdf,data-set-11-files-4,1,email
EFTA02429477.pdf,data-set-11-files-4,1,other
EFTA02429478.pdf,data-set-11-files-4,1,email
EFTA02429479.pdf,data-set-11-files-4,1,other
EFTA02429480.pdf,data-set-11-files-4,1,email
EFTA02429481.pdf,data-set-11-files-4,2,email
EFTA02429483.pdf,data-set-11-files-4,1,other
EFTA02429484.pdf,data-set-11-files-4,1,email
EFTA02429485.pdf,data-set-11-files-4,2,other
EFTA02429487.pdf,data-set-11-files-4,2,email
EFTA02429489.pdf,data-set-11-files-4,1,email
EFTA02429490.pdf,data-set-11-files-4,1,email
EFTA02429491.pdf,data-set-11-files-4,1,email
EFTA02429492.pdf,data-set-11-files-4,1,email
EFTA02429493.pdf,data-set-11-files-4,1,email
EFTA02429494.pdf,data-set-11-files-4,1,other
EFTA02429495.pdf,data-set-11-files-4,4,email
EFTA02429499.pdf,data-set-11-files-4,1,email
EFTA02429500.pdf,data-set-11-files-4,1,other
EFTA02429501.pdf,data-set-11-files-4,1,other
EFTA02429502.pdf,data-set-11-files-4,1,email
EFTA02429503.pdf,data-set-11-files-4,1,email
EFTA02429504.pdf,data-set-11-files-4,1,email
EFTA02429505.pdf,data-set-11-files-4,1,email
EFTA02429506.pdf,data-set-11-files-4,1,other
EFTA02429507.pdf,data-set-11-files-4,3,email
EFTA02429510.pdf,data-set-11-files-4,1,email
EFTA02429511.pdf,data-set-11-files-4,1,other
EFTA02429512.pdf,data-set-11-files-4,1,other
EFTA02429513.pdf,data-set-11-files-4,1,email
EFTA02429514.pdf,data-set-11-files-4,1,email
EFTA02429515.pdf,data-set-11-files-4,2,email
EFTA02429517.pdf,data-set-11-files-4,1,email
EFTA02429518.pdf,data-set-11-files-4,3,email
EFTA02429521.pdf,data-set-11-files-4,1,email
EFTA02429522.pdf,data-set-11-files-4,3,email
EFTA02429525.pdf,data-set-11-files-4,1,other
EFTA02429526.pdf,data-set-11-files-4,4,email
EFTA02429530.pdf,data-set-11-files-4,1,email
EFTA02429531.pdf,data-set-11-files-4,1,email
EFTA02429532.pdf,data-set-11-files-4,3,email
EFTA02429535.pdf,data-set-11-files-4,1,other
EFTA02429536.pdf,data-set-11-files-4,1,email
EFTA02429537.pdf,data-set-11-files-4,2,email
EFTA02429539.pdf,data-set-11-files-4,1,other
EFTA02429540.pdf,data-set-11-files-4,1,other
EFTA02429541.pdf,data-set-11-files-4,1,email
EFTA02429542.pdf,data-set-11-files-4,2,email
EFTA02429544.pdf,data-set-11-files-4,2,email
EFTA02429546.pdf,data-set-11-files-4,1,other
EFTA02429547.pdf,data-set-11-files-4,2,email
EFTA02429549.pdf,data-set-11-files-4,1,email
EFTA02429550.pdf,data-set-11-files-4,1,email
EFTA02429551.pdf,data-set-11-files-4,1,email
EFTA02429552.pdf,data-set-11-files-4,1,email
EFTA02429553.pdf,data-set-11-files-4,1,email
EFTA02429554.pdf,data-set-11-files-4,1,other
EFTA02429555.pdf,data-set-11-files-4,1,email
EFTA02429556.pdf,data-set-11-files-4,1,other
EFTA02429557.pdf,data-set-11-files-4,1,email
EFTA02429558.pdf,data-set-11-files-4,3,email
EFTA02429561.pdf,data-set-11-files-4,1,email
EFTA02429562.pdf,data-set-11-files-4,1,other
EFTA02429563.pdf,data-set-11-files-4,1,email
EFTA02429564.pdf,data-set-11-files-4,2,email
EFTA02429566.pdf,data-set-11-files-4,1,other
EFTA02429567.pdf,data-set-11-files-4,1,other
EFTA02429568.pdf,data-set-11-files-4,3,email
EFTA02429571.pdf,data-set-11-files-4,4,email
EFTA02429575.pdf,data-set-11-files-4,1,email
EFTA02429576.pdf,data-set-11-files-4,1,other
EFTA02429577.pdf,data-set-11-files-4,1,email
EFTA02429578.pdf,data-set-11-files-4,1,email
EFTA02429579.pdf,data-set-11-files-4,1,email
EFTA02429580.pdf,data-set-11-files-4,1,email
EFTA02429581.pdf,data-set-11-files-4,2,email
EFTA02429583.pdf,data-set-11-files-4,1,email
EFTA02429584.pdf,data-set-11-files-4,1,email
EFTA02429585.pdf,data-set-11-files-4,1,other
EFTA02429586.pdf,data-set-11-files-4,2,email
EFTA02429588.pdf,data-set-11-files-4,1,other
EFTA02429589.pdf,data-set-11-files-4,1,email
EFTA02429590.pdf,data-set-11-files-4,1,email
EFTA02429591.pdf,data-set-11-files-4,1,email
EFTA02429592.pdf,data-set-11-files-4,1,other
EFTA02429593.pdf,data-set-11-files-4,1,email
EFTA02429594.pdf,data-set-11-files-4,1,other
EFTA02429595.pdf,data-set-11-files-4,1,other
EFTA02429596.pdf,data-set-11-files-4,2,email
EFTA02429598.pdf,data-set-11-files-4,1,email
EFTA02429599.pdf,data-set-11-files-4,1,email
EFTA02429600.pdf,data-set-11-files-4,9,email
EFTA02429609.pdf,data-set-11-files-4,1,other
EFTA02429610.pdf,data-set-11-files-4,1,other
EFTA02429611.pdf,data-set-11-files-4,1,email
EFTA02429612.pdf,data-set-11-files-4,1,other
EFTA02429613.pdf,data-set-11-files-4,1,other
EFTA02429614.pdf,data-set-11-files-4,1,email
EFTA02429615.pdf,data-set-11-files-4,1,other
EFTA02429616.pdf,data-set-11-files-4,1,email
EFTA02429617.pdf,data-set-11-files-4,1,email
EFTA02429618.pdf,data-set-11-files-4,1,email
EFTA02429619.pdf,data-set-11-files-4,1,email
EFTA02429620.pdf,data-set-11-files-4,1,other
EFTA02429621.pdf,data-set-11-files-4,1,email
EFTA02429622.pdf,data-set-11-files-4,1,email
EFTA02429623.pdf,data-set-11-files-4,1,email
EFTA02429624.pdf,data-set-11-files-4,1,email
EFTA02429625.pdf,data-set-11-files-4,1,other
EFTA02429626.pdf,data-set-11-files-4,2,other
EFTA02429628.pdf,data-set-11-files-4,1,other
EFTA02429629.pdf,data-set-11-files-4,1,other
EFTA02429630.pdf,data-set-11-files-4,1,email
EFTA02429631.pdf,data-set-11-files-4,1,email
EFTA02429632.pdf,data-set-11-files-4,2,email
EFTA02429634.pdf,data-set-11-files-4,1,email
EFTA02429635.pdf,data-set-11-files-4,1,email
EFTA02429636.pdf,data-set-11-files-4,2,email
EFTA02429638.pdf,data-set-11-files-4,1,other
EFTA02429639.pdf,data-set-11-files-4,1,other
EFTA02429640.pdf,data-set-11-files-4,1,email
EFTA02429641.pdf,data-set-11-files-4,3,email
EFTA02429644.pdf,data-set-11-files-4,1,email
EFTA02429645.pdf,data-set-11-files-4,1,other
EFTA02429646.pdf,data-set-11-files-4,1,email
EFTA02429647.pdf,data-set-11-files-4,1,other
EFTA02429648.pdf,data-set-11-files-4,1,other
EFTA02429649.pdf,data-set-11-files-4,2,email
EFTA02429651.pdf,data-set-11-files-4,1,email
EFTA02429652.pdf,data-set-11-files-4,1,other
EFTA02429653.pdf,data-set-11-files-4,1,email
EFTA02429654.pdf,data-set-11-files-4,1,other
EFTA02429655.pdf,data-set-11-files-4,1,email
EFTA02429656.pdf,data-set-11-files-4,1,email
EFTA02429657.pdf,data-set-11-files-4,1,other
EFTA02429658.pdf,data-set-11-files-4,1,other
EFTA02429659.pdf,data-set-11-files-4,1,other
EFTA02429660.pdf,data-set-11-files-4,1,other
EFTA02429661.pdf,data-set-11-files-4,1,other
EFTA02429662.pdf,data-set-11-files-4,1,email
EFTA02429663.pdf,data-set-11-files-4,1,email
EFTA02429664.pdf,data-set-11-files-4,1,email
EFTA02429665.pdf,data-set-11-files-4,1,email
EFTA02429666.pdf,data-set-11-files-4,1,other
EFTA02429667.pdf,data-set-11-files-4,1,other
EFTA02429668.pdf,data-set-11-files-4,1,email
EFTA02429669.pdf,data-set-11-files-4,1,other
EFTA02429670.pdf,data-set-11-files-4,2,email
EFTA02429672.pdf,data-set-11-files-4,1,email
EFTA02429673.pdf,data-set-11-files-4,1,email
EFTA02429674.pdf,data-set-11-files-4,1,email
EFTA02429675.pdf,data-set-11-files-4,1,other
EFTA02429676.pdf,data-set-11-files-4,1,email
EFTA02429677.pdf,data-set-11-files-4,5,other
EFTA02429682.pdf,data-set-11-files-4,1,other
EFTA02429683.pdf,data-set-11-files-4,2,email
EFTA02429685.pdf,data-set-11-files-4,1,email
EFTA02429686.pdf,data-set-11-files-4,1,email
EFTA02429687.pdf,data-set-11-files-4,1,email
EFTA02429688.pdf,data-set-11-files-4,4,other
EFTA02429692.pdf,data-set-11-files-4,1,email
EFTA02429693.pdf,data-set-11-files-4,1,email
EFTA02429694.pdf,data-set-11-files-4,1,email
EFTA02429695.pdf,data-set-11-files-4,4,other
EFTA02429699.pdf,data-set-11-files-4,1,other
EFTA02429700.pdf,data-set-11-files-4,1,other
EFTA02429702.pdf,data-set-11-files-4,1,other
EFTA02429703.pdf,data-set-11-files-4,2,email
EFTA02429705.pdf,data-set-11-files-4,3,other
EFTA02429708.pdf,data-set-11-files-4,1,email
EFTA02429709.pdf,data-set-11-files-4,1,other
EFTA02429710.pdf,data-set-11-files-4,1,other
EFTA02429711.pdf,data-set-11-files-4,1,email
EFTA02429712.pdf,data-set-11-files-4,3,other
EFTA02429715.pdf,data-set-11-files-4,1,other
EFTA02429716.pdf,data-set-11-files-4,2,other
EFTA02429718.pdf,data-set-11-files-4,1,email
EFTA02429719.pdf,data-set-11-files-4,1,email
EFTA02429720.pdf,data-set-11-files-4,1,other
EFTA02429721.pdf,data-set-11-files-4,1,email
EFTA02429722.pdf,data-set-11-files-4,1,email
EFTA02429723.pdf,data-set-11-files-4,1,other
EFTA02429724.pdf,data-set-11-files-4,2,email
EFTA02429726.pdf,data-set-11-files-4,1,email
EFTA02429727.pdf,data-set-11-files-4,1,email
EFTA02429728.pdf,data-set-11-files-4,1,email
EFTA02429729.pdf,data-set-11-files-4,1,email
EFTA02429730.pdf,data-set-11-files-4,1,email
EFTA02429731.pdf,data-set-11-files-4,1,other
EFTA02429732.pdf,data-set-11-files-4,1,other
EFTA02429733.pdf,data-set-11-files-4,1,email
EFTA02429734.pdf,data-set-11-files-4,1,email
EFTA02429735.pdf,data-set-11-files-4,1,email
EFTA02429736.pdf,data-set-11-files-4,1,email
EFTA02429737.pdf,data-set-11-files-4,1,other
EFTA02429738.pdf,data-set-11-files-4,2,email
EFTA02429740.pdf,data-set-11-files-4,1,other
EFTA02429741.pdf,data-set-11-files-4,1,email
EFTA02429742.pdf,data-set-11-files-4,1,email
EFTA02429743.pdf,data-set-11-files-4,1,other
EFTA02429744.pdf,data-set-11-files-4,1,other
EFTA02429745.pdf,data-set-11-files-4,2,email
EFTA02429747.pdf,data-set-11-files-4,1,other
EFTA02429748.pdf,data-set-11-files-4,1,other
EFTA02429749.pdf,data-set-11-files-4,1,email
EFTA02429750.pdf,data-set-11-files-4,1,email
EFTA02429751.pdf,data-set-11-files-4,1,email
EFTA02429752.pdf,data-set-11-files-4,1,email
EFTA02429753.pdf,data-set-11-files-4,1,email
EFTA02429754.pdf,data-set-11-files-4,1,email
EFTA02429755.pdf,data-set-11-files-4,2,other
EFTA02429757.pdf,data-set-11-files-4,1,email
EFTA02429758.pdf,data-set-11-files-4,1,email
EFTA02429759.pdf,data-set-11-files-4,1,other
EFTA02429760.pdf,data-set-11-files-4,1,other
EFTA02429761.pdf,data-set-11-files-4,2,email
EFTA02429769.pdf,data-set-11-files-4,1,email
EFTA02429770.pdf,data-set-11-files-4,2,other
EFTA02429772.pdf,data-set-11-files-4,1,email
EFTA02429773.pdf,data-set-11-files-4,1,email
EFTA02429774.pdf,data-set-11-files-4,1,email
EFTA02429775.pdf,data-set-11-files-4,1,email
EFTA02429776.pdf,data-set-11-files-4,2,other
EFTA02429778.pdf,data-set-11-files-4,1,email
EFTA02429779.pdf,data-set-11-files-4,1,email
EFTA02429780.pdf,data-set-11-files-4,1,email
EFTA02429781.pdf,data-set-11-files-4,1,other
EFTA02429782.pdf,data-set-11-files-4,1,other
EFTA02429783.pdf,data-set-11-files-4,1,email
EFTA02429784.pdf,data-set-11-files-4,1,email
EFTA02429785.pdf,data-set-11-files-4,1,other
EFTA02429786.pdf,data-set-11-files-4,1,email
EFTA02429787.pdf,data-set-11-files-4,1,other
EFTA02429788.pdf,data-set-11-files-4,1,email
EFTA02429789.pdf,data-set-11-files-4,1,email
EFTA02429790.pdf,data-set-11-files-4,1,email
EFTA02429791.pdf,data-set-11-files-4,1,other
EFTA02429792.pdf,data-set-11-files-4,1,email
EFTA02429793.pdf,data-set-11-files-4,1,email
EFTA02429794.pdf,data-set-11-files-4,1,email
EFTA02429795.pdf,data-set-11-files-4,1,other
EFTA02429796.pdf,data-set-11-files-4,1,email
EFTA02429797.pdf,data-set-11-files-4,2,email
EFTA02429799.pdf,data-set-11-files-4,1,other
EFTA02429800.pdf,data-set-11-files-4,3,email
EFTA02429803.pdf,data-set-11-files-4,1,email
EFTA02429804.pdf,data-set-11-files-4,2,email
EFTA02429806.pdf,data-set-11-files-4,1,other
EFTA02429807.pdf,data-set-11-files-4,1,other
EFTA02429808.pdf,data-set-11-files-4,2,email
EFTA02429810.pdf,data-set-11-files-4,1,email
EFTA02429811.pdf,data-set-11-files-4,1,email
EFTA02429812.pdf,data-set-11-files-4,1,email
EFTA02429813.pdf,data-set-11-files-4,3,email
EFTA02429816.pdf,data-set-11-files-4,1,email
EFTA02429817.pdf,data-set-11-files-4,1,other
EFTA02429818.pdf,data-set-11-files-4,5,email
EFTA02429823.pdf,data-set-11-files-4,2,email
EFTA02429825.pdf,data-set-11-files-4,3,email
EFTA02429828.pdf,data-set-11-files-4,1,other
EFTA02429829.pdf,data-set-11-files-4,1,email
EFTA02429830.pdf,data-set-11-files-4,1,email
EFTA02429831.pdf,data-set-11-files-4,4,email
EFTA02429835.pdf,data-set-11-files-4,1,other
EFTA02429836.pdf,data-set-11-files-4,1,other
EFTA02429837.pdf,data-set-11-files-4,1,email
EFTA02429838.pdf,data-set-11-files-4,2,email
EFTA02429840.pdf,data-set-11-files-4,1,email
EFTA02429841.pdf,data-set-11-files-4,1,other
EFTA02429842.pdf,data-set-11-files-4,1,email
EFTA02429843.pdf,data-set-11-files-4,1,other
EFTA02429844.pdf,data-set-11-files-4,3,email
EFTA02429847.pdf,data-set-11-files-4,1,email
EFTA02429848.pdf,data-set-11-files-4,4,email
EFTA02429852.pdf,data-set-11-files-4,2,email
EFTA02429854.pdf,data-set-11-files-4,1,other
EFTA02429855.pdf,data-set-11-files-4,1,email
EFTA02429856.pdf,data-set-11-files-4,6,other
EFTA02429862.pdf,data-set-11-files-4,1,email
EFTA02429863.pdf,data-set-11-files-4,1,email
EFTA02429864.pdf,data-set-11-files-4,1,email
EFTA02429865.pdf,data-set-11-files-4,1,other
EFTA02429866.pdf,data-set-11-files-4,1,email
EFTA02429867.pdf,data-set-11-files-4,1,other
EFTA02429868.pdf,data-set-11-files-4,1,email
EFTA02429869.pdf,data-set-11-files-4,1,other
EFTA02429870.pdf,data-set-11-files-4,1,email
EFTA02429871.pdf,data-set-11-files-4,1,email
EFTA02429872.pdf,data-set-11-files-4,2,email
EFTA02429874.pdf,data-set-11-files-4,1,other
EFTA02429875.pdf,data-set-11-files-4,3,email
EFTA02429878.pdf,data-set-11-files-4,1,email
EFTA02429879.pdf,data-set-11-files-4,1,other
EFTA02429880.pdf,data-set-11-files-4,2,email
EFTA02429882.pdf,data-set-11-files-4,1,email
EFTA02429883.pdf,data-set-11-files-4,1,other
EFTA02429884.pdf,data-set-11-files-4,1,other
EFTA02429885.pdf,data-set-11-files-4,3,email
EFTA02429888.pdf,data-set-11-files-4,2,email
EFTA02429890.pdf,data-set-11-files-4,1,other
EFTA02429891.pdf,data-set-11-files-4,1,email
EFTA02429892.pdf,data-set-11-files-4,2,other
EFTA02429894.pdf,data-set-11-files-4,1,email
EFTA02429895.pdf,data-set-11-files-4,4,email
EFTA02429899.pdf,data-set-11-files-4,1,other
EFTA02429900.pdf,data-set-11-files-4,1,email
EFTA02429901.pdf,data-set-11-files-4,1,email
EFTA02429902.pdf,data-set-11-files-4,1,email
EFTA02429903.pdf,data-set-11-files-4,1,other
EFTA02429904.pdf,data-set-11-files-4,1,email
EFTA02429905.pdf,data-set-11-files-4,1,other
EFTA02429906.pdf,data-set-11-files-4,1,email
EFTA02429907.pdf,data-set-11-files-4,1,email
EFTA02429908.pdf,data-set-11-files-4,1,email
EFTA02429909.pdf,data-set-11-files-4,1,email
EFTA02429910.pdf,data-set-11-files-4,1,other
EFTA02429911.pdf,data-set-11-files-4,1,email
EFTA02429912.pdf,data-set-11-files-4,1,email
EFTA02429913.pdf,data-set-11-files-4,2,other
EFTA02429915.pdf,data-set-11-files-4,1,email
EFTA02429916.pdf,data-set-11-files-4,1,email
EFTA02429917.pdf,data-set-11-files-4,3,email
EFTA02429920.pdf,data-set-11-files-4,3,email
EFTA02429923.pdf,data-set-11-files-4,1,other
EFTA02429924.pdf,data-set-11-files-4,1,other
EFTA02429925.pdf,data-set-11-files-4,1,other
EFTA02429926.pdf,data-set-11-files-4,1,email
EFTA02429927.pdf,data-set-11-files-4,1,email
EFTA02429928.pdf,data-set-11-files-4,1,other
EFTA02429929.pdf,data-set-11-files-4,1,email
EFTA02429930.pdf,data-set-11-files-4,1,other
EFTA02429931.pdf,data-set-11-files-4,1,other
EFTA02429932.pdf,data-set-11-files-4,1,other
EFTA02429933.pdf,data-set-11-files-4,2,email
EFTA02429935.pdf,data-set-11-files-4,1,email
EFTA02429936.pdf,data-set-11-files-4,1,email
EFTA02429937.pdf,data-set-11-files-4,1,other
EFTA02429938.pdf,data-set-11-files-4,1,other
EFTA02429939.pdf,data-set-11-files-4,3,email
EFTA02429942.pdf,data-set-11-files-4,1,email
EFTA02429943.pdf,data-set-11-files-4,1,other
EFTA02429944.pdf,data-set-11-files-4,1,email
EFTA02429945.pdf,data-set-11-files-4,1,other
EFTA02429946.pdf,data-set-11-files-4,1,other
EFTA02429947.pdf,data-set-11-files-4,1,other
EFTA02429948.pdf,data-set-11-files-4,1,other
EFTA02429949.pdf,data-set-11-files-4,1,email
EFTA02429950.pdf,data-set-11-files-4,1,other
EFTA02429951.pdf,data-set-11-files-4,1,other
EFTA02429952.pdf,data-set-11-files-4,1,email
EFTA02429953.pdf,data-set-11-files-4,1,email
EFTA02429954.pdf,data-set-11-files-4,1,email
EFTA02429955.pdf,data-set-11-files-4,1,other
EFTA02429956.pdf,data-set-11-files-4,1,email
EFTA02429957.pdf,data-set-11-files-4,1,other
EFTA02429958.pdf,data-set-11-files-4,1,email
EFTA02429959.pdf,data-set-11-files-4,1,email
EFTA02429960.pdf,data-set-11-files-4,1,other
EFTA02429961.pdf,data-set-11-files-4,1,email
EFTA02429962.pdf,data-set-11-files-4,2,other
EFTA02429964.pdf,data-set-11-files-4,1,email
EFTA02429965.pdf,data-set-11-files-4,1,email
EFTA02429966.pdf,data-set-11-files-4,1,email
EFTA02429967.pdf,data-set-11-files-4,2,email
EFTA02429969.pdf,data-set-11-files-4,2,email
EFTA02429971.pdf,data-set-11-files-4,1,other
EFTA02429972.pdf,data-set-11-files-4,1,other
EFTA02429973.pdf,data-set-11-files-4,1,other
EFTA02429974.pdf,data-set-11-files-4,3,email
EFTA02429977.pdf,data-set-11-files-4,1,other
EFTA02429978.pdf,data-set-11-files-4,1,other
EFTA02429979.pdf,data-set-11-files-4,1,other
EFTA02429980.pdf,data-set-11-files-4,1,other
EFTA02429981.pdf,data-set-11-files-4,1,other
EFTA02429982.pdf,data-set-11-files-4,1,email
EFTA02429983.pdf,data-set-11-files-4,1,other
EFTA02429984.pdf,data-set-11-files-4,1,email
EFTA02429985.pdf,data-set-11-files-4,1,other
EFTA02429986.pdf,data-set-11-files-4,1,email
EFTA02429987.pdf,data-set-11-files-4,2,email
EFTA02429989.pdf,data-set-11-files-4,1,other
EFTA02429990.pdf,data-set-11-files-4,1,email
EFTA02429991.pdf,data-set-11-files-4,3,email
EFTA02429994.pdf,data-set-11-files-4,2,email
EFTA02429996.pdf,data-set-11-files-4,1,other
EFTA02429997.pdf,data-set-11-files-4,1,other
EFTA02429998.pdf,data-set-11-files-4,2,other
EFTA02430000.pdf,data-set-11-files-4,1,email
EFTA02430001.pdf,data-set-11-files-4,2,email
EFTA02430003.pdf,data-set-11-files-4,1,other
EFTA02430004.pdf,data-set-11-files-4,1,other
EFTA02430005.pdf,data-set-11-files-4,2,email
EFTA02430007.pdf,data-set-11-files-4,1,email
EFTA02430008.pdf,data-set-11-files-4,1,other
EFTA02430009.pdf,data-set-11-files-4,3,email
EFTA02430012.pdf,data-set-11-files-4,1,email
EFTA02430013.pdf,data-set-11-files-4,1,email
EFTA02430014.pdf,data-set-11-files-4,1,other
EFTA02430015.pdf,data-set-11-files-4,1,other
EFTA02430016.pdf,data-set-11-files-4,1,other
EFTA02430017.pdf,data-set-11-files-4,1,other
EFTA02430018.pdf,data-set-11-files-4,1,other
EFTA02430019.pdf,data-set-11-files-4,1,email
EFTA02430020.pdf,data-set-11-files-4,1,other
EFTA02430021.pdf,data-set-11-files-4,1,email
EFTA02430022.pdf,data-set-11-files-4,2,email
EFTA02430024.pdf,data-set-11-files-4,1,other
EFTA02430025.pdf,data-set-11-files-4,1,other
EFTA02430026.pdf,data-set-11-files-4,1,other
EFTA02430027.pdf,data-set-11-files-4,1,email
EFTA02430028.pdf,data-set-11-files-4,1,email
EFTA02430029.pdf,data-set-11-files-4,1,email
EFTA02430030.pdf,data-set-11-files-4,2,email
EFTA02430032.pdf,data-set-11-files-4,1,email
EFTA02430033.pdf,data-set-11-files-4,1,email
EFTA02430034.pdf,data-set-11-files-4,1,other
EFTA02430035.pdf,data-set-11-files-4,1,other
EFTA02430036.pdf,data-set-11-files-4,1,other
EFTA02430037.pdf,data-set-11-files-4,1,other
EFTA02430038.pdf,data-set-11-files-4,2,email
EFTA02430040.pdf,data-set-11-files-4,1,other
EFTA02430041.pdf,data-set-11-files-4,1,email
EFTA02430042.pdf,data-set-11-files-4,2,email
EFTA02430044.pdf,data-set-11-files-4,1,email
EFTA02430045.pdf,data-set-11-files-4,1,other
EFTA02430046.pdf,data-set-11-files-4,2,email
EFTA02430048.pdf,data-set-11-files-4,1,email
EFTA02430049.pdf,data-set-11-files-4,1,other
EFTA02430050.pdf,data-set-11-files-4,1,other
EFTA02430051.pdf,data-set-11-files-4,2,email
EFTA02430053.pdf,data-set-11-files-4,1,other
EFTA02430054.pdf,data-set-11-files-4,3,email
EFTA02430057.pdf,data-set-11-files-4,1,email
EFTA02430058.pdf,data-set-11-files-4,1,email
EFTA02430059.pdf,data-set-11-files-4,1,other
EFTA02430060.pdf,data-set-11-files-4,1,email
EFTA02430061.pdf,data-set-11-files-4,1,email
EFTA02430062.pdf,data-set-11-files-4,1,email
EFTA02430063.pdf,data-set-11-files-4,1,email
EFTA02430064.pdf,data-set-11-files-4,1,email
EFTA02430065.pdf,data-set-11-files-4,1,email
EFTA02430066.pdf,data-set-11-files-4,1,email
EFTA02430067.pdf,data-set-11-files-4,1,other
EFTA02430068.pdf,data-set-11-files-4,1,email
EFTA02430069.pdf,data-set-11-files-4,3,email
EFTA02430072.pdf,data-set-11-files-4,1,email
EFTA02430073.pdf,data-set-11-files-4,5,other
EFTA02430078.pdf,data-set-11-files-4,1,email
EFTA02430079.pdf,data-set-11-files-4,1,email
EFTA02430080.pdf,data-set-11-files-4,2,email
EFTA02430082.pdf,data-set-11-files-4,2,other
EFTA02430084.pdf,data-set-11-files-4,1,email
EFTA02430085.pdf,data-set-11-files-4,3,email
EFTA02430088.pdf,data-set-11-files-4,3,email
EFTA02430091.pdf,data-set-11-files-4,1,other
EFTA02430092.pdf,data-set-11-files-4,1,other
EFTA02430093.pdf,data-set-11-files-4,1,email
EFTA02430094.pdf,data-set-11-files-4,1,other
EFTA02430095.pdf,data-set-11-files-4,2,email
EFTA02430097.pdf,data-set-11-files-4,2,email
EFTA02430099.pdf,data-set-11-files-4,1,email
EFTA02430100.pdf,data-set-11-files-4,1,email
EFTA02430101.pdf,data-set-11-files-4,1,email
EFTA02430102.pdf,data-set-11-files-4,1,other
EFTA02430103.pdf,data-set-11-files-4,1,email
EFTA02430104.pdf,data-set-11-files-4,2,email
EFTA02430106.pdf,data-set-11-files-4,1,other
EFTA02430107.pdf,data-set-11-files-4,1,email
EFTA02430108.pdf,data-set-11-files-4,2,email
EFTA02430110.pdf,data-set-11-files-4,1,other
EFTA02430111.pdf,data-set-11-files-4,1,email
EFTA02430112.pdf,data-set-11-files-4,1,email
EFTA02430113.pdf,data-set-11-files-4,1,other
EFTA02430114.pdf,data-set-11-files-4,1,other
EFTA02430115.pdf,data-set-11-files-4,1,email
EFTA02430116.pdf,data-set-11-files-4,1,other
EFTA02430117.pdf,data-set-11-files-4,4,email
EFTA02430121.pdf,data-set-11-files-4,1,email
EFTA02430122.pdf,data-set-11-files-4,1,other
EFTA02430123.pdf,data-set-11-files-4,1,email
EFTA02430124.pdf,data-set-11-files-4,1,email
EFTA02430125.pdf,data-set-11-files-4,2,other
EFTA02430127.pdf,data-set-11-files-4,1,email
EFTA02430128.pdf,data-set-11-files-4,1,other
EFTA02430129.pdf,data-set-11-files-4,2,email
EFTA02430131.pdf,data-set-11-files-4,1,email
EFTA02430132.pdf,data-set-11-files-4,1,email
EFTA02430133.pdf,data-set-11-files-4,1,email
EFTA02430134.pdf,data-set-11-files-4,1,email
EFTA02430135.pdf,data-set-11-files-4,1,email
EFTA02430136.pdf,data-set-11-files-4,1,email
EFTA02430137.pdf,data-set-11-files-4,1,email
EFTA02430138.pdf,data-set-11-files-4,1,other
EFTA02430139.pdf,data-set-11-files-4,3,email
EFTA02430142.pdf,data-set-11-files-4,1,other
EFTA02430143.pdf,data-set-11-files-4,3,email
EFTA02430146.pdf,data-set-11-files-4,1,email
EFTA02430147.pdf,data-set-11-files-4,1,other
EFTA02430148.pdf,data-set-11-files-4,2,email
EFTA02430150.pdf,data-set-11-files-4,1,other
EFTA02430151.pdf,data-set-11-files-4,1,email
EFTA02430152.pdf,data-set-11-files-4,2,email
EFTA02430154.pdf,data-set-11-files-4,1,other
EFTA02430155.pdf,data-set-11-files-4,1,email
EFTA02430156.pdf,data-set-11-files-4,1,other
EFTA02430157.pdf,data-set-11-files-4,1,other
EFTA02430158.pdf,data-set-11-files-4,1,email
EFTA02430159.pdf,data-set-11-files-4,1,other
EFTA02430160.pdf,data-set-11-files-4,1,email
EFTA02430161.pdf,data-set-11-files-4,1,email
EFTA02430162.pdf,data-set-11-files-4,1,other
EFTA02430163.pdf,data-set-11-files-4,1,email
EFTA02430164.pdf,data-set-11-files-4,1,other
EFTA02430165.pdf,data-set-11-files-4,1,email
EFTA02430166.pdf,data-set-11-files-4,3,email
EFTA02430169.pdf,data-set-11-files-4,1,email
EFTA02430170.pdf,data-set-11-files-4,1,email
EFTA02430171.pdf,data-set-11-files-4,1,email
EFTA02430172.pdf,data-set-11-files-4,1,other
EFTA02430173.pdf,data-set-11-files-4,1,other
EFTA02430174.pdf,data-set-11-files-4,1,email
EFTA02430175.pdf,data-set-11-files-4,1,other
EFTA02430176.pdf,data-set-11-files-4,1,other
EFTA02430177.pdf,data-set-11-files-4,2,email
EFTA02430179.pdf,data-set-11-files-4,1,other
EFTA02430180.pdf,data-set-11-files-4,1,other
EFTA02430181.pdf,data-set-11-files-4,1,email
EFTA02430182.pdf,data-set-11-files-4,1,email
EFTA02430183.pdf,data-set-11-files-4,1,email
EFTA02430184.pdf,data-set-11-files-4,2,email
EFTA02430186.pdf,data-set-11-files-4,6,email
EFTA02430192.pdf,data-set-11-files-4,1,other
EFTA02430193.pdf,data-set-11-files-4,1,email
EFTA02430194.pdf,data-set-11-files-4,1,other
EFTA02430195.pdf,data-set-11-files-4,1,email
EFTA02430196.pdf,data-set-11-files-4,1,other
EFTA02430197.pdf,data-set-11-files-4,1,other
EFTA02430198.pdf,data-set-11-files-4,1,other
EFTA02430199.pdf,data-set-11-files-4,2,email
EFTA02430201.pdf,data-set-11-files-4,1,other
EFTA02430202.pdf,data-set-11-files-4,1,other
EFTA02430203.pdf,data-set-11-files-4,1,email
EFTA02430204.pdf,data-set-11-files-4,1,other
EFTA02430205.pdf,data-set-11-files-4,1,other
EFTA02430206.pdf,data-set-11-files-4,3,other
EFTA02430209.pdf,data-set-11-files-4,1,other
EFTA02430210.pdf,data-set-11-files-4,2,email
EFTA02430212.pdf,data-set-11-files-4,1,other
EFTA02430213.pdf,data-set-11-files-4,1,email
EFTA02430214.pdf,data-set-11-files-4,1,other
EFTA02430215.pdf,data-set-11-files-4,1,email
EFTA02430216.pdf,data-set-11-files-4,3,other
EFTA02430219.pdf,data-set-11-files-4,2,email
EFTA02430221.pdf,data-set-11-files-4,1,other
EFTA02430222.pdf,data-set-11-files-4,1,other
EFTA02430223.pdf,data-set-11-files-4,1,email
EFTA02430224.pdf,data-set-11-files-4,2,email
EFTA02430226.pdf,data-set-11-files-4,1,other
EFTA02430227.pdf,data-set-11-files-4,1,other
EFTA02430228.pdf,data-set-11-files-4,1,email
EFTA02430229.pdf,data-set-11-files-4,1,other
EFTA02430230.pdf,data-set-11-files-4,1,email
EFTA02430231.pdf,data-set-11-files-4,3,email
EFTA02430234.pdf,data-set-11-files-4,1,email
EFTA02430235.pdf,data-set-11-files-4,1,email
EFTA02430236.pdf,data-set-11-files-4,1,other
EFTA02430237.pdf,data-set-11-files-4,1,other
EFTA02430238.pdf,data-set-11-files-4,2,other
EFTA02430240.pdf,data-set-11-files-4,1,other
EFTA02430241.pdf,data-set-11-files-4,3,email
EFTA02430244.pdf,data-set-11-files-4,1,email
EFTA02430245.pdf,data-set-11-files-4,1,other
EFTA02430246.pdf,data-set-11-files-4,1,other
EFTA02430247.pdf,data-set-11-files-4,1,other
EFTA02430248.pdf,data-set-11-files-4,2,email
EFTA02430250.pdf,data-set-11-files-4,1,email
EFTA02430251.pdf,data-set-11-files-4,1,other
EFTA02430252.pdf,data-set-11-files-4,1,other
EFTA02430253.pdf,data-set-11-files-4,3,other
EFTA02430256.pdf,data-set-11-files-4,1,other
EFTA02430257.pdf,data-set-11-files-4,1,other
EFTA02430258.pdf,data-set-11-files-4,1,email
EFTA02430259.pdf,data-set-11-files-4,1,email
EFTA02430260.pdf,data-set-11-files-4,1,email
EFTA02430261.pdf,data-set-11-files-4,1,email
EFTA02430262.pdf,data-set-11-files-4,2,other
EFTA02430264.pdf,data-set-11-files-4,1,other
EFTA02430265.pdf,data-set-11-files-4,1,email
EFTA02430266.pdf,data-set-11-files-4,3,other
EFTA02430269.pdf,data-set-11-files-4,1,other
EFTA02430270.pdf,data-set-11-files-4,2,email
EFTA02430272.pdf,data-set-11-files-4,1,other
EFTA02430273.pdf,data-set-11-files-4,1,other
EFTA02430274.pdf,data-set-11-files-4,2,email
EFTA02430276.pdf,data-set-11-files-4,1,email
EFTA02430277.pdf,data-set-11-files-4,1,other
EFTA02430278.pdf,data-set-11-files-4,1,other
EFTA02430279.pdf,data-set-11-files-4,1,other
EFTA02430280.pdf,data-set-11-files-4,2,email
EFTA02430282.pdf,data-set-11-files-4,1,other
EFTA02430283.pdf,data-set-11-files-4,1,email
EFTA02430284.pdf,data-set-11-files-4,2,email
EFTA02430286.pdf,data-set-11-files-4,1,other
EFTA02430287.pdf,data-set-11-files-4,1,other
EFTA02430288.pdf,data-set-11-files-4,1,other
EFTA02430289.pdf,data-set-11-files-4,1,email
EFTA02430290.pdf,data-set-11-files-4,1,email
EFTA02430291.pdf,data-set-11-files-4,1,email
EFTA02430292.pdf,data-set-11-files-4,1,email
EFTA02430293.pdf,data-set-11-files-4,1,email
EFTA02430294.pdf,data-set-11-files-4,1,other
EFTA02430295.pdf,data-set-11-files-4,1,email
EFTA02430296.pdf,data-set-11-files-4,1,other
EFTA02430297.pdf,data-set-11-files-4,1,other
EFTA02430298.pdf,data-set-11-files-4,2,other
EFTA02430300.pdf,data-set-11-files-4,1,other
