file_name,file_origin,file_length,file_type
EFTA00364272.pdf,data-set-9-files-27,1,email
EFTA00364273.pdf,data-set-9-files-27,1,email
EFTA00364274.pdf,data-set-9-files-27,1,email
EFTA00364275.pdf,data-set-9-files-27,1,email
EFTA00706889.pdf,data-set-9-files-27,2,email
EFTA00706891.pdf,data-set-9-files-27,1,email
EFTA00706892.pdf,data-set-9-files-27,1,email
EFTA00706893.pdf,data-set-9-files-27,2,email
EFTA00706895.pdf,data-set-9-files-27,1,email
EFTA00706896.pdf,data-set-9-files-27,1,email
EFTA00706897.pdf,data-set-9-files-27,1,email
EFTA00706898.pdf,data-set-9-files-27,2,email
EFTA00706900.pdf,data-set-9-files-27,1,email
EFTA00706901.pdf,data-set-9-files-27,1,email
EFTA00706902.pdf,data-set-9-files-27,1,email
EFTA00706903.pdf,data-set-9-files-27,1,email
EFTA00706904.pdf,data-set-9-files-27,1,email
EFTA00706905.pdf,data-set-9-files-27,2,email
EFTA00706907.pdf,data-set-9-files-27,1,email
EFTA00706908.pdf,data-set-9-files-27,1,other
EFTA00706909.pdf,data-set-9-files-27,8,email
EFTA00706917.pdf,data-set-9-files-27,1,email
EFTA00706918.pdf,data-set-9-files-27,1,email
EFTA00706919.pdf,data-set-9-files-27,1,email
EFTA00706920.pdf,data-set-9-files-27,1,email
EFTA00706921.pdf,data-set-9-files-27,1,email
EFTA00706922.pdf,data-set-9-files-27,1,email
EFTA00706923.pdf,data-set-9-files-27,1,email
EFTA00706924.pdf,data-set-9-files-27,1,other
EFTA00706925.pdf,data-set-9-files-27,1,email
EFTA00706926.pdf,data-set-9-files-27,2,email
EFTA00706928.pdf,data-set-9-files-27,1,email
EFTA00706929.pdf,data-set-9-files-27,1,email
EFTA00706930.pdf,data-set-9-files-27,1,email
EFTA00706931.pdf,data-set-9-files-27,1,email
EFTA00706932.pdf,data-set-9-files-27,1,email
EFTA00706933.pdf,data-set-9-files-27,2,email
EFTA00706935.pdf,data-set-9-files-27,1,email
EFTA00706936.pdf,data-set-9-files-27,1,email
EFTA00706937.pdf,data-set-9-files-27,1,email
EFTA00706938.pdf,data-set-9-files-27,2,email
EFTA00706940.pdf,data-set-9-files-27,2,email
EFTA00706942.pdf,data-set-9-files-27,1,email
EFTA00706943.pdf,data-set-9-files-27,1,email
EFTA00706944.pdf,data-set-9-files-27,1,email
EFTA00706945.pdf,data-set-9-files-27,1,email
EFTA00706946.pdf,data-set-9-files-27,1,email
EFTA00706947.pdf,data-set-9-files-27,1,email
EFTA00706948.pdf,data-set-9-files-27,1,email
EFTA00706949.pdf,data-set-9-files-27,1,email
EFTA00706950.pdf,data-set-9-files-27,1,email
EFTA00706951.pdf,data-set-9-files-27,2,email
EFTA00706953.pdf,data-set-9-files-27,2,email
EFTA00706955.pdf,data-set-9-files-27,1,email
EFTA00706956.pdf,data-set-9-files-27,2,email
EFTA00706958.pdf,data-set-9-files-27,1,email
EFTA00706959.pdf,data-set-9-files-27,1,email
EFTA00706960.pdf,data-set-9-files-27,1,email
EFTA00706961.pdf,data-set-9-files-27,2,email
EFTA00706963.pdf,data-set-9-files-27,1,email
EFTA00706964.pdf,data-set-9-files-27,1,email
EFTA00706965.pdf,data-set-9-files-27,2,email
EFTA00706967.pdf,data-set-9-files-27,1,email
EFTA00706968.pdf,data-set-9-files-27,1,email
EFTA00706969.pdf,data-set-9-files-27,21,email
EFTA00706990.pdf,data-set-9-files-27,2,email
EFTA00706992.pdf,data-set-9-files-27,1,email
EFTA00706993.pdf,data-set-9-files-27,1,email
EFTA00706994.pdf,data-set-9-files-27,2,email
EFTA00706996.pdf,data-set-9-files-27,1,email
EFTA00706997.pdf,data-set-9-files-27,1,other
EFTA00706998.pdf,data-set-9-files-27,1,other
EFTA00706999.pdf,data-set-9-files-27,1,email
EFTA00707000.pdf,data-set-9-files-27,1,email
EFTA00707001.pdf,data-set-9-files-27,1,email
EFTA00707002.pdf,data-set-9-files-27,1,email
EFTA00707003.pdf,data-set-9-files-27,2,email
EFTA00707005.pdf,data-set-9-files-27,1,email
EFTA00707006.pdf,data-set-9-files-27,1,email
EFTA00707007.pdf,data-set-9-files-27,1,email
EFTA00707008.pdf,data-set-9-files-27,1,other
EFTA00707009.pdf,data-set-9-files-27,1,email
EFTA00707010.pdf,data-set-9-files-27,1,email
EFTA00707011.pdf,data-set-9-files-27,4,email
EFTA00707015.pdf,data-set-9-files-27,1,email
EFTA00707016.pdf,data-set-9-files-27,4,email
EFTA00707020.pdf,data-set-9-files-27,4,email
EFTA00707024.pdf,data-set-9-files-27,1,email
EFTA00707025.pdf,data-set-9-files-27,2,email
EFTA00707027.pdf,data-set-9-files-27,2,email
EFTA00707029.pdf,data-set-9-files-27,2,email
EFTA00707031.pdf,data-set-9-files-27,1,email
EFTA00707032.pdf,data-set-9-files-27,1,email
EFTA00707033.pdf,data-set-9-files-27,5,other
EFTA00707038.pdf,data-set-9-files-27,4,email
EFTA00707042.pdf,data-set-9-files-27,2,email
EFTA00707044.pdf,data-set-9-files-27,1,email
EFTA00707045.pdf,data-set-9-files-27,1,email
EFTA00707046.pdf,data-set-9-files-27,1,email
EFTA00707047.pdf,data-set-9-files-27,5,email
EFTA00707052.pdf,data-set-9-files-27,1,other
EFTA00707053.pdf,data-set-9-files-27,1,other
EFTA00707054.pdf,data-set-9-files-27,3,email
EFTA00707057.pdf,data-set-9-files-27,3,email
EFTA00707060.pdf,data-set-9-files-27,1,email
EFTA00707061.pdf,data-set-9-files-27,1,email
EFTA00707062.pdf,data-set-9-files-27,2,email
EFTA00707064.pdf,data-set-9-files-27,2,email
EFTA00707066.pdf,data-set-9-files-27,3,email
EFTA00707069.pdf,data-set-9-files-27,1,email
EFTA00707070.pdf,data-set-9-files-27,1,email
EFTA00707071.pdf,data-set-9-files-27,3,email
EFTA00707074.pdf,data-set-9-files-27,24,email
EFTA00707098.pdf,data-set-9-files-27,3,email
EFTA00707101.pdf,data-set-9-files-27,4,email
EFTA00707105.pdf,data-set-9-files-27,22,email
EFTA00707127.pdf,data-set-9-files-27,2,email
EFTA00707129.pdf,data-set-9-files-27,8,other
EFTA00707137.pdf,data-set-9-files-27,3,email
EFTA00707140.pdf,data-set-9-files-27,1,email
EFTA00707141.pdf,data-set-9-files-27,1,email
EFTA00707142.pdf,data-set-9-files-27,3,email
EFTA00707145.pdf,data-set-9-files-27,1,email
EFTA00707146.pdf,data-set-9-files-27,3,email
EFTA00707149.pdf,data-set-9-files-27,6,email
EFTA00707155.pdf,data-set-9-files-27,2,email
EFTA00707157.pdf,data-set-9-files-27,2,email
EFTA00707159.pdf,data-set-9-files-27,3,email
EFTA00707162.pdf,data-set-9-files-27,1,email
EFTA00707163.pdf,data-set-9-files-27,1,email
EFTA00707164.pdf,data-set-9-files-27,1,email
EFTA00707165.pdf,data-set-9-files-27,1,email
EFTA00707166.pdf,data-set-9-files-27,1,email
EFTA00707167.pdf,data-set-9-files-27,2,email
EFTA00707169.pdf,data-set-9-files-27,1,email
EFTA00707170.pdf,data-set-9-files-27,2,email
EFTA00707172.pdf,data-set-9-files-27,1,email
EFTA00707173.pdf,data-set-9-files-27,3,email
EFTA00707176.pdf,data-set-9-files-27,1,email
EFTA00707177.pdf,data-set-9-files-27,30,email
EFTA00707207.pdf,data-set-9-files-27,2,email
EFTA00707209.pdf,data-set-9-files-27,2,email
EFTA00707211.pdf,data-set-9-files-27,8,email
EFTA00707219.pdf,data-set-9-files-27,1,email
EFTA00707220.pdf,data-set-9-files-27,1,photo
EFTA00707221.pdf,data-set-9-files-27,1,email
EFTA00707222.pdf,data-set-9-files-27,3,email
EFTA00707225.pdf,data-set-9-files-27,1,email
EFTA00707226.pdf,data-set-9-files-27,4,email
EFTA00707230.pdf,data-set-9-files-27,4,email
EFTA00707234.pdf,data-set-9-files-27,1,email
EFTA00707235.pdf,data-set-9-files-27,1,email
EFTA00707236.pdf,data-set-9-files-27,1,email
EFTA00707237.pdf,data-set-9-files-27,1,email
EFTA00707238.pdf,data-set-9-files-27,1,other
EFTA00707239.pdf,data-set-9-files-27,1,email
EFTA00707240.pdf,data-set-9-files-27,1,email
EFTA00707241.pdf,data-set-9-files-27,1,email
EFTA00707242.pdf,data-set-9-files-27,1,email
EFTA00707243.pdf,data-set-9-files-27,2,email
EFTA00707245.pdf,data-set-9-files-27,1,other
EFTA00707246.pdf,data-set-9-files-27,2,email
EFTA00707248.pdf,data-set-9-files-27,1,email
EFTA00707249.pdf,data-set-9-files-27,1,email
EFTA00707250.pdf,data-set-9-files-27,1,email
EFTA00707251.pdf,data-set-9-files-27,1,email
EFTA00707252.pdf,data-set-9-files-27,2,email
EFTA00707254.pdf,data-set-9-files-27,4,email
EFTA00707258.pdf,data-set-9-files-27,4,email
EFTA00707262.pdf,data-set-9-files-27,1,email
EFTA00707263.pdf,data-set-9-files-27,2,email
EFTA00707265.pdf,data-set-9-files-27,3,email
EFTA00707268.pdf,data-set-9-files-27,2,email
EFTA00707270.pdf,data-set-9-files-27,1,email
EFTA00707271.pdf,data-set-9-files-27,1,email
EFTA00707272.pdf,data-set-9-files-27,1,email
EFTA00707273.pdf,data-set-9-files-27,1,other
EFTA00707274.pdf,data-set-9-files-27,1,other
EFTA00707275.pdf,data-set-9-files-27,1,other
EFTA00707276.pdf,data-set-9-files-27,1,other
EFTA00707277.pdf,data-set-9-files-27,2,email
EFTA00707279.pdf,data-set-9-files-27,1,email
EFTA00707280.pdf,data-set-9-files-27,2,email
EFTA00707282.pdf,data-set-9-files-27,1,photo
EFTA00707283.pdf,data-set-9-files-27,1,photo
EFTA00707284.pdf,data-set-9-files-27,1,other
EFTA00707285.pdf,data-set-9-files-27,1,other
EFTA00707286.pdf,data-set-9-files-27,1,photo
EFTA00707287.pdf,data-set-9-files-27,1,photo
EFTA00707288.pdf,data-set-9-files-27,1,email
EFTA00707289.pdf,data-set-9-files-27,1,email
EFTA00707290.pdf,data-set-9-files-27,1,email
EFTA00707291.pdf,data-set-9-files-27,1,other
EFTA00707292.pdf,data-set-9-files-27,4,email
EFTA00707296.pdf,data-set-9-files-27,1,email
EFTA00707297.pdf,data-set-9-files-27,1,email
EFTA00707298.pdf,data-set-9-files-27,1,email
EFTA00707299.pdf,data-set-9-files-27,2,email
EFTA00707301.pdf,data-set-9-files-27,1,email
EFTA00707302.pdf,data-set-9-files-27,2,email
EFTA00707304.pdf,data-set-9-files-27,2,email
EFTA00707306.pdf,data-set-9-files-27,1,email
EFTA00707307.pdf,data-set-9-files-27,2,email
EFTA00707309.pdf,data-set-9-files-27,1,other
EFTA00707310.pdf,data-set-9-files-27,1,email
EFTA00707311.pdf,data-set-9-files-27,2,email
EFTA00707313.pdf,data-set-9-files-27,2,email
EFTA00707315.pdf,data-set-9-files-27,3,email
EFTA00707318.pdf,data-set-9-files-27,2,email
EFTA00707320.pdf,data-set-9-files-27,1,email
EFTA00707321.pdf,data-set-9-files-27,1,other
EFTA00707322.pdf,data-set-9-files-27,1,email
EFTA00707323.pdf,data-set-9-files-27,1,email
EFTA00707324.pdf,data-set-9-files-27,1,email
EFTA00707325.pdf,data-set-9-files-27,1,email
EFTA00707326.pdf,data-set-9-files-27,2,email
EFTA00707328.pdf,data-set-9-files-27,2,email
EFTA00707330.pdf,data-set-9-files-27,1,email
EFTA00707331.pdf,data-set-9-files-27,1,email
EFTA00707332.pdf,data-set-9-files-27,1,email
EFTA00707333.pdf,data-set-9-files-27,1,email
EFTA00707334.pdf,data-set-9-files-27,1,email
EFTA00707335.pdf,data-set-9-files-27,1,email
EFTA00707336.pdf,data-set-9-files-27,1,email
EFTA00707337.pdf,data-set-9-files-27,1,email
EFTA00707338.pdf,data-set-9-files-27,2,email
EFTA00707340.pdf,data-set-9-files-27,1,email
EFTA00707341.pdf,data-set-9-files-27,1,email
EFTA00707342.pdf,data-set-9-files-27,1,email
EFTA00707343.pdf,data-set-9-files-27,1,email
EFTA00707344.pdf,data-set-9-files-27,1,email
EFTA00707345.pdf,data-set-9-files-27,4,email
EFTA00707349.pdf,data-set-9-files-27,1,email
EFTA00707350.pdf,data-set-9-files-27,1,email
EFTA00707351.pdf,data-set-9-files-27,1,email
EFTA00707352.pdf,data-set-9-files-27,2,email
EFTA00707354.pdf,data-set-9-files-27,1,email
EFTA00707355.pdf,data-set-9-files-27,1,email
EFTA00707356.pdf,data-set-9-files-27,1,email
EFTA00707357.pdf,data-set-9-files-27,1,email
EFTA00707358.pdf,data-set-9-files-27,1,email
EFTA00707359.pdf,data-set-9-files-27,2,email
EFTA00707361.pdf,data-set-9-files-27,2,email
EFTA00707363.pdf,data-set-9-files-27,1,email
EFTA00707364.pdf,data-set-9-files-27,2,email
EFTA00707366.pdf,data-set-9-files-27,1,email
EFTA00707367.pdf,data-set-9-files-27,3,email
EFTA00707370.pdf,data-set-9-files-27,1,email
EFTA00707371.pdf,data-set-9-files-27,1,email
EFTA00707372.pdf,data-set-9-files-27,1,other
EFTA00707373.pdf,data-set-9-files-27,1,other
EFTA00707374.pdf,data-set-9-files-27,1,email
EFTA00707375.pdf,data-set-9-files-27,1,email
EFTA00707376.pdf,data-set-9-files-27,1,email
EFTA00707377.pdf,data-set-9-files-27,1,email
EFTA00707378.pdf,data-set-9-files-27,1,email
EFTA00707379.pdf,data-set-9-files-27,2,email
EFTA00707381.pdf,data-set-9-files-27,1,email
EFTA00707382.pdf,data-set-9-files-27,1,email
EFTA00707383.pdf,data-set-9-files-27,1,email
EFTA00707384.pdf,data-set-9-files-27,1,email
EFTA00707385.pdf,data-set-9-files-27,2,email
EFTA00707387.pdf,data-set-9-files-27,2,email
EFTA00707389.pdf,data-set-9-files-27,4,email
EFTA00707393.pdf,data-set-9-files-27,1,email
EFTA00707394.pdf,data-set-9-files-27,3,email
EFTA00707397.pdf,data-set-9-files-27,3,email
EFTA00707400.pdf,data-set-9-files-27,1,email
EFTA00707401.pdf,data-set-9-files-27,1,email
EFTA00707402.pdf,data-set-9-files-27,1,other
EFTA00707403.pdf,data-set-9-files-27,2,email
EFTA00707405.pdf,data-set-9-files-27,2,email
EFTA00707407.pdf,data-set-9-files-27,1,email
EFTA00707408.pdf,data-set-9-files-27,2,email
EFTA00707410.pdf,data-set-9-files-27,2,email
EFTA00707412.pdf,data-set-9-files-27,1,email
EFTA00707413.pdf,data-set-9-files-27,1,email
EFTA00707414.pdf,data-set-9-files-27,1,email
EFTA00707415.pdf,data-set-9-files-27,1,email
EFTA00707416.pdf,data-set-9-files-27,2,email
EFTA00707418.pdf,data-set-9-files-27,1,email
EFTA00707419.pdf,data-set-9-files-27,2,email
EFTA00707421.pdf,data-set-9-files-27,1,email
EFTA00707422.pdf,data-set-9-files-27,3,email
EFTA00707425.pdf,data-set-9-files-27,1,email
EFTA00707426.pdf,data-set-9-files-27,1,email
EFTA00707427.pdf,data-set-9-files-27,1,email
EFTA00707428.pdf,data-set-9-files-27,1,email
EFTA00707429.pdf,data-set-9-files-27,1,other
EFTA00707430.pdf,data-set-9-files-27,1,email
EFTA00707431.pdf,data-set-9-files-27,3,email
EFTA00707434.pdf,data-set-9-files-27,1,email
EFTA00707435.pdf,data-set-9-files-27,2,email
EFTA00707437.pdf,data-set-9-files-27,1,other
EFTA00707438.pdf,data-set-9-files-27,2,email
EFTA00707440.pdf,data-set-9-files-27,1,other
EFTA00707441.pdf,data-set-9-files-27,1,email
EFTA00707442.pdf,data-set-9-files-27,3,email
EFTA00707445.pdf,data-set-9-files-27,1,other
EFTA00707446.pdf,data-set-9-files-27,1,other
EFTA00707447.pdf,data-set-9-files-27,1,email
EFTA00707448.pdf,data-set-9-files-27,1,email
EFTA00707449.pdf,data-set-9-files-27,1,email
EFTA00707450.pdf,data-set-9-files-27,1,email
EFTA00707451.pdf,data-set-9-files-27,1,email
EFTA00707452.pdf,data-set-9-files-27,1,email
EFTA00707453.pdf,data-set-9-files-27,1,email
EFTA00707454.pdf,data-set-9-files-27,1,other
EFTA00707455.pdf,data-set-9-files-27,1,email
EFTA00707456.pdf,data-set-9-files-27,2,email
EFTA00707458.pdf,data-set-9-files-27,1,email
EFTA00707459.pdf,data-set-9-files-27,1,email
EFTA00707460.pdf,data-set-9-files-27,1,email
EFTA00707461.pdf,data-set-9-files-27,1,email
EFTA00707462.pdf,data-set-9-files-27,1,email
EFTA00707463.pdf,data-set-9-files-27,3,email
EFTA00707466.pdf,data-set-9-files-27,1,email
EFTA00707467.pdf,data-set-9-files-27,1,email
EFTA00707468.pdf,data-set-9-files-27,1,email
EFTA00707469.pdf,data-set-9-files-27,1,other
EFTA00707470.pdf,data-set-9-files-27,1,other
EFTA00707471.pdf,data-set-9-files-27,1,email
EFTA00707472.pdf,data-set-9-files-27,1,email
EFTA00707473.pdf,data-set-9-files-27,2,email
EFTA00707475.pdf,data-set-9-files-27,1,email
EFTA00707476.pdf,data-set-9-files-27,1,other
EFTA00707477.pdf,data-set-9-files-27,1,email
EFTA00707478.pdf,data-set-9-files-27,1,other
EFTA00707479.pdf,data-set-9-files-27,1,email
EFTA00707480.pdf,data-set-9-files-27,2,email
EFTA00707482.pdf,data-set-9-files-27,1,email
EFTA00707483.pdf,data-set-9-files-27,1,email
EFTA00707484.pdf,data-set-9-files-27,2,email
EFTA00707486.pdf,data-set-9-files-27,1,email
EFTA00707487.pdf,data-set-9-files-27,2,email
EFTA00707489.pdf,data-set-9-files-27,2,email
EFTA00707491.pdf,data-set-9-files-27,1,email
EFTA00707492.pdf,data-set-9-files-27,2,email
EFTA00707494.pdf,data-set-9-files-27,1,other
EFTA00707495.pdf,data-set-9-files-27,1,email
EFTA00707496.pdf,data-set-9-files-27,1,email
EFTA00707497.pdf,data-set-9-files-27,1,email
EFTA00707498.pdf,data-set-9-files-27,1,email
EFTA00707499.pdf,data-set-9-files-27,1,email
EFTA00707500.pdf,data-set-9-files-27,2,email
EFTA00707502.pdf,data-set-9-files-27,2,email
EFTA00707504.pdf,data-set-9-files-27,1,email
EFTA00707505.pdf,data-set-9-files-27,1,email
EFTA00707506.pdf,data-set-9-files-27,1,email
EFTA00707507.pdf,data-set-9-files-27,1,email
EFTA00707508.pdf,data-set-9-files-27,1,email
EFTA00707509.pdf,data-set-9-files-27,3,email
EFTA00707512.pdf,data-set-9-files-27,1,email
EFTA00707513.pdf,data-set-9-files-27,1,email
EFTA00707514.pdf,data-set-9-files-27,4,email
EFTA00707518.pdf,data-set-9-files-27,1,email
EFTA00707519.pdf,data-set-9-files-27,1,email
EFTA00707520.pdf,data-set-9-files-27,1,email
EFTA00707521.pdf,data-set-9-files-27,2,email
EFTA00707523.pdf,data-set-9-files-27,2,email
EFTA00707525.pdf,data-set-9-files-27,3,email
EFTA00707528.pdf,data-set-9-files-27,1,email
EFTA00707529.pdf,data-set-9-files-27,1,email
EFTA00707530.pdf,data-set-9-files-27,2,email
EFTA00707532.pdf,data-set-9-files-27,2,email
EFTA00707534.pdf,data-set-9-files-27,1,email
EFTA00707535.pdf,data-set-9-files-27,2,other
EFTA00707537.pdf,data-set-9-files-27,1,other
EFTA00707538.pdf,data-set-9-files-27,1,email
EFTA00707539.pdf,data-set-9-files-27,1,email
EFTA00707540.pdf,data-set-9-files-27,1,other
EFTA00707541.pdf,data-set-9-files-27,1,email
EFTA00707542.pdf,data-set-9-files-27,1,other
EFTA00707543.pdf,data-set-9-files-27,2,email
EFTA00707545.pdf,data-set-9-files-27,2,email
EFTA00707547.pdf,data-set-9-files-27,2,email
EFTA00707549.pdf,data-set-9-files-27,2,email
EFTA00707551.pdf,data-set-9-files-27,1,email
EFTA00707552.pdf,data-set-9-files-27,2,email
EFTA00707554.pdf,data-set-9-files-27,2,email
EFTA00707556.pdf,data-set-9-files-27,4,email
EFTA00707560.pdf,data-set-9-files-27,1,other
EFTA00707561.pdf,data-set-9-files-27,4,email
EFTA00707565.pdf,data-set-9-files-27,1,email
EFTA00707566.pdf,data-set-9-files-27,2,email
EFTA00707568.pdf,data-set-9-files-27,1,email
EFTA00707569.pdf,data-set-9-files-27,1,email
EFTA00707570.pdf,data-set-9-files-27,1,other
EFTA00707571.pdf,data-set-9-files-27,1,email
EFTA00707572.pdf,data-set-9-files-27,1,email
EFTA00707573.pdf,data-set-9-files-27,1,photo
EFTA00707574.pdf,data-set-9-files-27,1,email
EFTA00707575.pdf,data-set-9-files-27,2,email
EFTA00707577.pdf,data-set-9-files-27,2,email
EFTA00707579.pdf,data-set-9-files-27,1,email
EFTA00707580.pdf,data-set-9-files-27,1,email
EFTA00707581.pdf,data-set-9-files-27,2,email
EFTA00707583.pdf,data-set-9-files-27,1,email
EFTA00707584.pdf,data-set-9-files-27,1,email
EFTA00707585.pdf,data-set-9-files-27,1,email
EFTA00707586.pdf,data-set-9-files-27,1,email
EFTA00707587.pdf,data-set-9-files-27,1,other
EFTA00707588.pdf,data-set-9-files-27,1,email
EFTA00707589.pdf,data-set-9-files-27,1,email
EFTA00707590.pdf,data-set-9-files-27,2,other
EFTA00707592.pdf,data-set-9-files-27,1,email
EFTA00707593.pdf,data-set-9-files-27,1,email
EFTA00707594.pdf,data-set-9-files-27,1,email
EFTA00707595.pdf,data-set-9-files-27,1,email
EFTA00707596.pdf,data-set-9-files-27,1,email
EFTA00707597.pdf,data-set-9-files-27,2,email
EFTA00707599.pdf,data-set-9-files-27,2,email
EFTA00707601.pdf,data-set-9-files-27,1,email
EFTA00707602.pdf,data-set-9-files-27,2,email
EFTA00707604.pdf,data-set-9-files-27,5,email
EFTA00707609.pdf,data-set-9-files-27,2,email
EFTA00707611.pdf,data-set-9-files-27,3,email
EFTA00707614.pdf,data-set-9-files-27,1,email
EFTA00707615.pdf,data-set-9-files-27,1,email
EFTA00707616.pdf,data-set-9-files-27,2,email
EFTA00707618.pdf,data-set-9-files-27,1,email
EFTA00707619.pdf,data-set-9-files-27,8,email
EFTA00707627.pdf,data-set-9-files-27,3,email
EFTA00707630.pdf,data-set-9-files-27,3,email
EFTA00707633.pdf,data-set-9-files-27,1,email
EFTA00707634.pdf,data-set-9-files-27,2,email
EFTA00707636.pdf,data-set-9-files-27,1,email
EFTA00707637.pdf,data-set-9-files-27,1,email
EFTA00707638.pdf,data-set-9-files-27,2,email
EFTA00707640.pdf,data-set-9-files-27,1,email
EFTA00707641.pdf,data-set-9-files-27,24,email
EFTA00707665.pdf,data-set-9-files-27,1,email
EFTA00707666.pdf,data-set-9-files-27,1,email
EFTA00707667.pdf,data-set-9-files-27,2,email
EFTA00707669.pdf,data-set-9-files-27,1,other
EFTA00707670.pdf,data-set-9-files-27,2,email
EFTA00707672.pdf,data-set-9-files-27,2,email
EFTA00707674.pdf,data-set-9-files-27,1,email
EFTA00707675.pdf,data-set-9-files-27,2,email
EFTA00707677.pdf,data-set-9-files-27,1,email
EFTA00707678.pdf,data-set-9-files-27,9,email
EFTA00707687.pdf,data-set-9-files-27,14,email
EFTA00707701.pdf,data-set-9-files-27,2,email
EFTA00707703.pdf,data-set-9-files-27,3,email
EFTA00707706.pdf,data-set-9-files-27,1,email
EFTA00707707.pdf,data-set-9-files-27,2,email
EFTA00707709.pdf,data-set-9-files-27,4,email
EFTA00707713.pdf,data-set-9-files-27,2,email
EFTA00707715.pdf,data-set-9-files-27,2,email
EFTA00707717.pdf,data-set-9-files-27,7,email
EFTA00707724.pdf,data-set-9-files-27,1,email
EFTA00707725.pdf,data-set-9-files-27,1,other
EFTA00707726.pdf,data-set-9-files-27,1,email
EFTA00707727.pdf,data-set-9-files-27,1,email
EFTA00707728.pdf,data-set-9-files-27,2,email
EFTA00707730.pdf,data-set-9-files-27,2,email
EFTA00707732.pdf,data-set-9-files-27,1,email
EFTA00707733.pdf,data-set-9-files-27,1,email
EFTA00707734.pdf,data-set-9-files-27,1,email
EFTA00707735.pdf,data-set-9-files-27,1,email
EFTA00707736.pdf,data-set-9-files-27,2,email
EFTA00707738.pdf,data-set-9-files-27,1,other
EFTA00707739.pdf,data-set-9-files-27,1,email
EFTA00707740.pdf,data-set-9-files-27,1,email
EFTA00707741.pdf,data-set-9-files-27,1,email
EFTA00707742.pdf,data-set-9-files-27,1,email
EFTA00707743.pdf,data-set-9-files-27,1,email
EFTA00707744.pdf,data-set-9-files-27,1,email
EFTA00707745.pdf,data-set-9-files-27,1,email
EFTA00707746.pdf,data-set-9-files-27,1,email
EFTA00707747.pdf,data-set-9-files-27,1,email
EFTA00707748.pdf,data-set-9-files-27,1,other
EFTA00707749.pdf,data-set-9-files-27,1,email
EFTA00707750.pdf,data-set-9-files-27,1,email
EFTA00707751.pdf,data-set-9-files-27,1,photo
EFTA00707752.pdf,data-set-9-files-27,1,email
EFTA00707753.pdf,data-set-9-files-27,2,email
EFTA00707755.pdf,data-set-9-files-27,3,email
EFTA00707758.pdf,data-set-9-files-27,1,email
EFTA00707759.pdf,data-set-9-files-27,1,email
EFTA00707760.pdf,data-set-9-files-27,1,email
EFTA00707761.pdf,data-set-9-files-27,1,email
EFTA00707762.pdf,data-set-9-files-27,2,email
EFTA00707764.pdf,data-set-9-files-27,1,email
EFTA00707765.pdf,data-set-9-files-27,1,email
EFTA00707766.pdf,data-set-9-files-27,2,email
EFTA00707768.pdf,data-set-9-files-27,1,email
EFTA00707769.pdf,data-set-9-files-27,1,other
EFTA00707770.pdf,data-set-9-files-27,1,email
EFTA00707771.pdf,data-set-9-files-27,1,email
EFTA00707772.pdf,data-set-9-files-27,1,email
EFTA00707773.pdf,data-set-9-files-27,1,email
EFTA00707774.pdf,data-set-9-files-27,1,email
EFTA00707775.pdf,data-set-9-files-27,3,email
EFTA00707778.pdf,data-set-9-files-27,2,email
EFTA00707780.pdf,data-set-9-files-27,2,email
EFTA00707782.pdf,data-set-9-files-27,1,other
EFTA00707783.pdf,data-set-9-files-27,2,email
EFTA00707785.pdf,data-set-9-files-27,1,other
EFTA00707786.pdf,data-set-9-files-27,1,other
EFTA00707787.pdf,data-set-9-files-27,1,other
EFTA00707788.pdf,data-set-9-files-27,1,email
EFTA00707789.pdf,data-set-9-files-27,1,email
EFTA00707790.pdf,data-set-9-files-27,1,email
EFTA00707791.pdf,data-set-9-files-27,1,email
EFTA00707792.pdf,data-set-9-files-27,1,email
EFTA00707793.pdf,data-set-9-files-27,3,email
EFTA00707796.pdf,data-set-9-files-27,2,email
EFTA00707798.pdf,data-set-9-files-27,4,email
EFTA00707802.pdf,data-set-9-files-27,1,email
EFTA00707803.pdf,data-set-9-files-27,1,other
EFTA00707804.pdf,data-set-9-files-27,1,email
EFTA00707805.pdf,data-set-9-files-27,1,email
EFTA00707806.pdf,data-set-9-files-27,1,email
EFTA00707807.pdf,data-set-9-files-27,1,email
EFTA00707808.pdf,data-set-9-files-27,1,email
EFTA00707809.pdf,data-set-9-files-27,2,email
EFTA00707811.pdf,data-set-9-files-27,1,email
EFTA00707812.pdf,data-set-9-files-27,3,email
EFTA00707815.pdf,data-set-9-files-27,2,email
EFTA00707817.pdf,data-set-9-files-27,1,other
EFTA00707818.pdf,data-set-9-files-27,4,email
EFTA00707822.pdf,data-set-9-files-27,2,email
EFTA00707824.pdf,data-set-9-files-27,2,email
EFTA00707826.pdf,data-set-9-files-27,1,email
EFTA00707827.pdf,data-set-9-files-27,2,email
EFTA00707829.pdf,data-set-9-files-27,1,email
EFTA00707830.pdf,data-set-9-files-27,2,email
EFTA00707832.pdf,data-set-9-files-27,2,email
EFTA00707834.pdf,data-set-9-files-27,1,email
EFTA00707835.pdf,data-set-9-files-27,2,email
EFTA00707837.pdf,data-set-9-files-27,1,email
EFTA00707838.pdf,data-set-9-files-27,2,email
EFTA00707840.pdf,data-set-9-files-27,1,email
EFTA00707841.pdf,data-set-9-files-27,1,email
EFTA00707842.pdf,data-set-9-files-27,1,email
EFTA00707843.pdf,data-set-9-files-27,1,email
EFTA00707844.pdf,data-set-9-files-27,1,other
EFTA00707845.pdf,data-set-9-files-27,1,email
EFTA00707846.pdf,data-set-9-files-27,1,photo
EFTA00707847.pdf,data-set-9-files-27,2,email
EFTA00707849.pdf,data-set-9-files-27,3,email
EFTA00707852.pdf,data-set-9-files-27,2,email
EFTA00707854.pdf,data-set-9-files-27,1,email
EFTA00707855.pdf,data-set-9-files-27,1,email
EFTA00707856.pdf,data-set-9-files-27,1,other
EFTA00707857.pdf,data-set-9-files-27,1,email
EFTA00707858.pdf,data-set-9-files-27,3,email
EFTA00707861.pdf,data-set-9-files-27,1,email
EFTA00707862.pdf,data-set-9-files-27,1,email
EFTA00707863.pdf,data-set-9-files-27,1,other
EFTA00707864.pdf,data-set-9-files-27,2,email
EFTA00707866.pdf,data-set-9-files-27,1,email
EFTA00707867.pdf,data-set-9-files-27,1,email
EFTA00707868.pdf,data-set-9-files-27,1,email
EFTA00707869.pdf,data-set-9-files-27,1,email
EFTA00707870.pdf,data-set-9-files-27,1,other
EFTA00707871.pdf,data-set-9-files-27,2,email
EFTA00707873.pdf,data-set-9-files-27,1,email
EFTA00707874.pdf,data-set-9-files-27,1,email
EFTA00707875.pdf,data-set-9-files-27,1,photo
EFTA00707876.pdf,data-set-9-files-27,1,email
EFTA00707877.pdf,data-set-9-files-27,1,email
EFTA00707878.pdf,data-set-9-files-27,1,email
EFTA00707879.pdf,data-set-9-files-27,2,email
EFTA00707881.pdf,data-set-9-files-27,1,email
EFTA00707882.pdf,data-set-9-files-27,1,email
EFTA00707883.pdf,data-set-9-files-27,2,email
EFTA00707885.pdf,data-set-9-files-27,1,email
EFTA00707886.pdf,data-set-9-files-27,2,email
EFTA00707888.pdf,data-set-9-files-27,1,email
EFTA00707889.pdf,data-set-9-files-27,1,email
EFTA00707890.pdf,data-set-9-files-27,1,email
EFTA00707891.pdf,data-set-9-files-27,1,email
EFTA00707892.pdf,data-set-9-files-27,2,email
EFTA00707894.pdf,data-set-9-files-27,1,email
EFTA00707895.pdf,data-set-9-files-27,1,email
EFTA00707896.pdf,data-set-9-files-27,1,email
EFTA00707897.pdf,data-set-9-files-27,1,email
EFTA00707898.pdf,data-set-9-files-27,1,email
EFTA00707899.pdf,data-set-9-files-27,1,email
EFTA00707900.pdf,data-set-9-files-27,1,email
EFTA00707901.pdf,data-set-9-files-27,1,email
EFTA00707902.pdf,data-set-9-files-27,3,email
EFTA00707905.pdf,data-set-9-files-27,1,email
EFTA00707906.pdf,data-set-9-files-27,1,email
EFTA00707907.pdf,data-set-9-files-27,1,email
EFTA00707908.pdf,data-set-9-files-27,1,email
EFTA00707909.pdf,data-set-9-files-27,2,email
EFTA00707911.pdf,data-set-9-files-27,1,email
EFTA00707912.pdf,data-set-9-files-27,1,email
EFTA00707913.pdf,data-set-9-files-27,1,email
EFTA00707914.pdf,data-set-9-files-27,1,email
EFTA00707915.pdf,data-set-9-files-27,2,email
EFTA00707917.pdf,data-set-9-files-27,1,email
EFTA00707918.pdf,data-set-9-files-27,3,email
EFTA00707921.pdf,data-set-9-files-27,5,email
EFTA00707926.pdf,data-set-9-files-27,1,email
EFTA00707927.pdf,data-set-9-files-27,1,email
EFTA00707928.pdf,data-set-9-files-27,1,other
EFTA00707929.pdf,data-set-9-files-27,1,email
EFTA00707930.pdf,data-set-9-files-27,1,email
EFTA00707931.pdf,data-set-9-files-27,1,email
EFTA00707932.pdf,data-set-9-files-27,4,email
EFTA00707936.pdf,data-set-9-files-27,1,other
EFTA00707937.pdf,data-set-9-files-27,2,email
EFTA00707939.pdf,data-set-9-files-27,2,email
EFTA00707941.pdf,data-set-9-files-27,1,email
EFTA00707942.pdf,data-set-9-files-27,1,email
EFTA00707943.pdf,data-set-9-files-27,1,email
EFTA00707944.pdf,data-set-9-files-27,3,email
EFTA00707947.pdf,data-set-9-files-27,1,email
EFTA00707948.pdf,data-set-9-files-27,1,email
EFTA00707949.pdf,data-set-9-files-27,1,other
EFTA00707950.pdf,data-set-9-files-27,1,email
EFTA00707951.pdf,data-set-9-files-27,1,email
EFTA00707952.pdf,data-set-9-files-27,1,email
EFTA00707953.pdf,data-set-9-files-27,1,other
EFTA00707954.pdf,data-set-9-files-27,2,email
EFTA00707956.pdf,data-set-9-files-27,1,email
EFTA00707957.pdf,data-set-9-files-27,3,email
EFTA00707960.pdf,data-set-9-files-27,1,email
EFTA00707961.pdf,data-set-9-files-27,1,email
EFTA00707962.pdf,data-set-9-files-27,1,other
EFTA00707963.pdf,data-set-9-files-27,1,email
EFTA00707964.pdf,data-set-9-files-27,3,email
EFTA00707967.pdf,data-set-9-files-27,1,other
EFTA00707968.pdf,data-set-9-files-27,1,email
EFTA00707969.pdf,data-set-9-files-27,1,email
EFTA00707970.pdf,data-set-9-files-27,1,email
EFTA00707971.pdf,data-set-9-files-27,2,email
EFTA00707973.pdf,data-set-9-files-27,2,email
EFTA00707975.pdf,data-set-9-files-27,1,email
EFTA00707976.pdf,data-set-9-files-27,1,other
EFTA00707977.pdf,data-set-9-files-27,2,email
EFTA00707979.pdf,data-set-9-files-27,1,email
EFTA00707980.pdf,data-set-9-files-27,1,email
EFTA00707981.pdf,data-set-9-files-27,1,email
EFTA00707982.pdf,data-set-9-files-27,1,email
EFTA00707983.pdf,data-set-9-files-27,1,email
EFTA00707984.pdf,data-set-9-files-27,2,email
EFTA00707986.pdf,data-set-9-files-27,2,email
EFTA00707988.pdf,data-set-9-files-27,1,other
EFTA00707989.pdf,data-set-9-files-27,7,email
EFTA00707996.pdf,data-set-9-files-27,3,email
EFTA00707999.pdf,data-set-9-files-27,1,email
EFTA00708000.pdf,data-set-9-files-27,2,email
EFTA00708002.pdf,data-set-9-files-27,1,email
EFTA00708003.pdf,data-set-9-files-27,1,email
EFTA00708004.pdf,data-set-9-files-27,2,email
EFTA00708006.pdf,data-set-9-files-27,1,email
EFTA00708007.pdf,data-set-9-files-27,1,email
EFTA00708008.pdf,data-set-9-files-27,2,email
EFTA00708010.pdf,data-set-9-files-27,1,email
EFTA00708011.pdf,data-set-9-files-27,1,email
EFTA00708012.pdf,data-set-9-files-27,4,email
EFTA00708016.pdf,data-set-9-files-27,1,email
EFTA00708017.pdf,data-set-9-files-27,2,email
EFTA00708019.pdf,data-set-9-files-27,2,email
EFTA00708021.pdf,data-set-9-files-27,1,email
EFTA00708022.pdf,data-set-9-files-27,1,email
EFTA00708023.pdf,data-set-9-files-27,1,email
EFTA00708024.pdf,data-set-9-files-27,1,email
EFTA00708025.pdf,data-set-9-files-27,1,email
EFTA00708026.pdf,data-set-9-files-27,2,email
EFTA00708028.pdf,data-set-9-files-27,4,email
EFTA00708032.pdf,data-set-9-files-27,4,email
EFTA00708036.pdf,data-set-9-files-27,1,email
EFTA00708037.pdf,data-set-9-files-27,2,email
EFTA00708039.pdf,data-set-9-files-27,1,email
EFTA00708040.pdf,data-set-9-files-27,9,email
EFTA00708049.pdf,data-set-9-files-27,1,email
EFTA00708050.pdf,data-set-9-files-27,1,email
EFTA00708051.pdf,data-set-9-files-27,4,email
EFTA00708055.pdf,data-set-9-files-27,3,email
EFTA00708058.pdf,data-set-9-files-27,1,email
EFTA00708059.pdf,data-set-9-files-27,2,email
EFTA00708061.pdf,data-set-9-files-27,1,email
EFTA00708062.pdf,data-set-9-files-27,1,other
EFTA00708063.pdf,data-set-9-files-27,1,email
EFTA00708064.pdf,data-set-9-files-27,1,email
EFTA00708065.pdf,data-set-9-files-27,2,email
EFTA00708067.pdf,data-set-9-files-27,3,email
EFTA00708070.pdf,data-set-9-files-27,1,email
EFTA00708071.pdf,data-set-9-files-27,1,email
EFTA00708072.pdf,data-set-9-files-27,1,email
EFTA00708073.pdf,data-set-9-files-27,1,email
EFTA00708074.pdf,data-set-9-files-27,1,email
EFTA00708075.pdf,data-set-9-files-27,1,email
EFTA00708076.pdf,data-set-9-files-27,1,email
EFTA00708077.pdf,data-set-9-files-27,1,other
EFTA00708078.pdf,data-set-9-files-27,3,email
EFTA00708081.pdf,data-set-9-files-27,2,email
EFTA00708083.pdf,data-set-9-files-27,1,email
EFTA00708084.pdf,data-set-9-files-27,1,email
EFTA00708085.pdf,data-set-9-files-27,2,other
EFTA00708087.pdf,data-set-9-files-27,1,email
EFTA00708088.pdf,data-set-9-files-27,1,email
EFTA00708089.pdf,data-set-9-files-27,1,email
EFTA00708090.pdf,data-set-9-files-27,7,email
EFTA00708097.pdf,data-set-9-files-27,2,email
EFTA00708099.pdf,data-set-9-files-27,1,other
EFTA00708100.pdf,data-set-9-files-27,1,email
EFTA00708101.pdf,data-set-9-files-27,1,email
EFTA00708102.pdf,data-set-9-files-27,4,email
EFTA00708106.pdf,data-set-9-files-27,4,email
EFTA00708110.pdf,data-set-9-files-27,3,email
EFTA00708113.pdf,data-set-9-files-27,2,email
EFTA00708115.pdf,data-set-9-files-27,1,email
EFTA00708116.pdf,data-set-9-files-27,4,email
EFTA00708120.pdf,data-set-9-files-27,1,other
EFTA00708121.pdf,data-set-9-files-27,1,email
EFTA00708122.pdf,data-set-9-files-27,1,email
EFTA00708123.pdf,data-set-9-files-27,1,email
EFTA00708124.pdf,data-set-9-files-27,1,email
EFTA00708125.pdf,data-set-9-files-27,2,email
EFTA00708127.pdf,data-set-9-files-27,1,email
EFTA00708128.pdf,data-set-9-files-27,2,email
EFTA00708130.pdf,data-set-9-files-27,1,email
EFTA00708131.pdf,data-set-9-files-27,2,email
EFTA00708133.pdf,data-set-9-files-27,1,email
EFTA00708134.pdf,data-set-9-files-27,1,email
EFTA00708135.pdf,data-set-9-files-27,1,email
EFTA00708136.pdf,data-set-9-files-27,1,email
EFTA00708137.pdf,data-set-9-files-27,1,email
EFTA00708138.pdf,data-set-9-files-27,1,email
EFTA00708139.pdf,data-set-9-files-27,2,email
EFTA00708141.pdf,data-set-9-files-27,1,email
EFTA00708142.pdf,data-set-9-files-27,2,email
EFTA00708144.pdf,data-set-9-files-27,2,email
EFTA00708146.pdf,data-set-9-files-27,2,email
EFTA00708148.pdf,data-set-9-files-27,1,email
EFTA00708149.pdf,data-set-9-files-27,1,email
EFTA00708150.pdf,data-set-9-files-27,1,email
EFTA00708151.pdf,data-set-9-files-27,1,email
EFTA00708152.pdf,data-set-9-files-27,1,email
EFTA00708153.pdf,data-set-9-files-27,1,email
EFTA00708154.pdf,data-set-9-files-27,1,email
EFTA00708155.pdf,data-set-9-files-27,1,email
EFTA00708156.pdf,data-set-9-files-27,1,email
EFTA00708157.pdf,data-set-9-files-27,1,email
EFTA00708158.pdf,data-set-9-files-27,1,other
EFTA00708159.pdf,data-set-9-files-27,1,email
EFTA00708160.pdf,data-set-9-files-27,1,other
EFTA00708161.pdf,data-set-9-files-27,1,email
EFTA00708162.pdf,data-set-9-files-27,1,email
EFTA00708163.pdf,data-set-9-files-27,1,email
EFTA00708164.pdf,data-set-9-files-27,1,other
EFTA00708165.pdf,data-set-9-files-27,1,email
EFTA00708166.pdf,data-set-9-files-27,1,email
EFTA00708167.pdf,data-set-9-files-27,1,email
EFTA00708168.pdf,data-set-9-files-27,1,other
EFTA00708169.pdf,data-set-9-files-27,1,other
EFTA00708170.pdf,data-set-9-files-27,1,email
EFTA00708171.pdf,data-set-9-files-27,1,email
EFTA00708172.pdf,data-set-9-files-27,1,email
EFTA00708173.pdf,data-set-9-files-27,1,email
EFTA00708174.pdf,data-set-9-files-27,1,email
EFTA00708175.pdf,data-set-9-files-27,1,email
EFTA00708176.pdf,data-set-9-files-27,1,email
EFTA00708177.pdf,data-set-9-files-27,1,other
EFTA00708178.pdf,data-set-9-files-27,1,email
EFTA00708179.pdf,data-set-9-files-27,1,email
EFTA00708180.pdf,data-set-9-files-27,2,email
EFTA00708182.pdf,data-set-9-files-27,2,email
EFTA00708184.pdf,data-set-9-files-27,2,email
EFTA00708186.pdf,data-set-9-files-27,1,other
EFTA00708187.pdf,data-set-9-files-27,2,email
EFTA00708189.pdf,data-set-9-files-27,2,email
EFTA00708191.pdf,data-set-9-files-27,1,other
EFTA00708192.pdf,data-set-9-files-27,1,email
EFTA00708193.pdf,data-set-9-files-27,1,email
EFTA00708194.pdf,data-set-9-files-27,1,email
EFTA00708195.pdf,data-set-9-files-27,3,email
EFTA00708198.pdf,data-set-9-files-27,1,other
EFTA00708199.pdf,data-set-9-files-27,6,email
EFTA00708205.pdf,data-set-9-files-27,3,email
EFTA00708208.pdf,data-set-9-files-27,2,email
EFTA00708210.pdf,data-set-9-files-27,1,email
EFTA00708211.pdf,data-set-9-files-27,1,email
EFTA00708212.pdf,data-set-9-files-27,1,email
EFTA00708213.pdf,data-set-9-files-27,1,email
EFTA00708214.pdf,data-set-9-files-27,1,email
EFTA00708215.pdf,data-set-9-files-27,1,email
EFTA00708216.pdf,data-set-9-files-27,1,email
EFTA00708217.pdf,data-set-9-files-27,1,email
EFTA00708218.pdf,data-set-9-files-27,2,email
EFTA00708220.pdf,data-set-9-files-27,2,email
EFTA00708222.pdf,data-set-9-files-27,1,email
EFTA00708223.pdf,data-set-9-files-27,1,email
EFTA00708224.pdf,data-set-9-files-27,1,email
EFTA00708225.pdf,data-set-9-files-27,5,email
EFTA00708230.pdf,data-set-9-files-27,1,email
EFTA00708231.pdf,data-set-9-files-27,4,email
EFTA00708235.pdf,data-set-9-files-27,4,email
EFTA00708239.pdf,data-set-9-files-27,2,email
EFTA00708241.pdf,data-set-9-files-27,3,email
EFTA00708244.pdf,data-set-9-files-27,1,other
EFTA00708245.pdf,data-set-9-files-27,1,other
EFTA00708246.pdf,data-set-9-files-27,1,email
EFTA00708247.pdf,data-set-9-files-27,1,email
EFTA00708248.pdf,data-set-9-files-27,1,email
EFTA00708249.pdf,data-set-9-files-27,2,email
EFTA00708251.pdf,data-set-9-files-27,1,email
EFTA00708252.pdf,data-set-9-files-27,1,email
EFTA00708253.pdf,data-set-9-files-27,1,email
EFTA00708254.pdf,data-set-9-files-27,1,email
EFTA00708255.pdf,data-set-9-files-27,1,email
EFTA00708256.pdf,data-set-9-files-27,1,email
EFTA00708257.pdf,data-set-9-files-27,2,email
EFTA00708259.pdf,data-set-9-files-27,2,email
EFTA00708261.pdf,data-set-9-files-27,2,email
EFTA00708263.pdf,data-set-9-files-27,1,email
EFTA00708264.pdf,data-set-9-files-27,1,email
EFTA00708265.pdf,data-set-9-files-27,2,email
EFTA00708267.pdf,data-set-9-files-27,1,other
EFTA00708268.pdf,data-set-9-files-27,2,email
EFTA00708270.pdf,data-set-9-files-27,1,email
EFTA00708271.pdf,data-set-9-files-27,1,email
EFTA00708272.pdf,data-set-9-files-27,1,email
EFTA00708273.pdf,data-set-9-files-27,1,email
EFTA00708274.pdf,data-set-9-files-27,1,email
EFTA00708275.pdf,data-set-9-files-27,1,email
EFTA00708276.pdf,data-set-9-files-27,1,email
EFTA00708277.pdf,data-set-9-files-27,1,email
EFTA00708278.pdf,data-set-9-files-27,1,email
EFTA00708279.pdf,data-set-9-files-27,1,email
EFTA00708280.pdf,data-set-9-files-27,2,email
EFTA00708282.pdf,data-set-9-files-27,1,email
EFTA00708283.pdf,data-set-9-files-27,1,email
EFTA00708284.pdf,data-set-9-files-27,1,email
EFTA00708285.pdf,data-set-9-files-27,1,email
EFTA00708286.pdf,data-set-9-files-27,1,email
EFTA00708287.pdf,data-set-9-files-27,1,email
EFTA00708288.pdf,data-set-9-files-27,1,other
EFTA00708289.pdf,data-set-9-files-27,1,email
EFTA00708290.pdf,data-set-9-files-27,1,email
EFTA00708291.pdf,data-set-9-files-27,1,email
EFTA00708292.pdf,data-set-9-files-27,1,email
EFTA00708293.pdf,data-set-9-files-27,23,other
EFTA00708316.pdf,data-set-9-files-27,1,email
EFTA00708317.pdf,data-set-9-files-27,1,email
EFTA00708318.pdf,data-set-9-files-27,1,email
EFTA00708319.pdf,data-set-9-files-27,1,email
EFTA00708320.pdf,data-set-9-files-27,5,email
EFTA00708325.pdf,data-set-9-files-27,2,email
EFTA00708327.pdf,data-set-9-files-27,2,email
EFTA00708329.pdf,data-set-9-files-27,2,email
EFTA00708331.pdf,data-set-9-files-27,1,email
EFTA00708332.pdf,data-set-9-files-27,1,email
EFTA00708333.pdf,data-set-9-files-27,2,email
EFTA00708335.pdf,data-set-9-files-27,1,email
EFTA00708336.pdf,data-set-9-files-27,1,email
EFTA00708337.pdf,data-set-9-files-27,1,email
EFTA00708338.pdf,data-set-9-files-27,1,email
EFTA00708339.pdf,data-set-9-files-27,1,email
EFTA00708340.pdf,data-set-9-files-27,1,email
EFTA00708341.pdf,data-set-9-files-27,1,email
EFTA00708342.pdf,data-set-9-files-27,1,other
EFTA00708343.pdf,data-set-9-files-27,2,email
EFTA00708345.pdf,data-set-9-files-27,1,email
EFTA00708346.pdf,data-set-9-files-27,1,email
EFTA00708347.pdf,data-set-9-files-27,1,other
EFTA00708348.pdf,data-set-9-files-27,1,email
EFTA00708349.pdf,data-set-9-files-27,1,email
EFTA00708350.pdf,data-set-9-files-27,1,email
EFTA00708351.pdf,data-set-9-files-27,1,email
EFTA00708352.pdf,data-set-9-files-27,1,email
EFTA00708353.pdf,data-set-9-files-27,2,email
EFTA00708355.pdf,data-set-9-files-27,1,email
EFTA00708356.pdf,data-set-9-files-27,2,photo
EFTA00708358.pdf,data-set-9-files-27,1,email
EFTA00708359.pdf,data-set-9-files-27,1,email
EFTA00708360.pdf,data-set-9-files-27,2,email
EFTA00708362.pdf,data-set-9-files-27,2,email
EFTA00708364.pdf,data-set-9-files-27,1,other
EFTA00708365.pdf,data-set-9-files-27,1,email
EFTA00708366.pdf,data-set-9-files-27,1,email
EFTA00708367.pdf,data-set-9-files-27,1,email
EFTA00708368.pdf,data-set-9-files-27,1,email
EFTA00708369.pdf,data-set-9-files-27,1,email
EFTA00708370.pdf,data-set-9-files-27,1,email
EFTA00708371.pdf,data-set-9-files-27,1,email
EFTA00708372.pdf,data-set-9-files-27,5,email
EFTA00708377.pdf,data-set-9-files-27,1,email
EFTA00708378.pdf,data-set-9-files-27,2,email
EFTA00708380.pdf,data-set-9-files-27,2,email
EFTA00708382.pdf,data-set-9-files-27,3,email
EFTA00708385.pdf,data-set-9-files-27,1,email
EFTA00708386.pdf,data-set-9-files-27,1,email
EFTA00708387.pdf,data-set-9-files-27,1,email
EFTA00708388.pdf,data-set-9-files-27,1,email
EFTA00708389.pdf,data-set-9-files-27,2,email
EFTA00708391.pdf,data-set-9-files-27,5,email
EFTA00708396.pdf,data-set-9-files-27,1,email
EFTA00708397.pdf,data-set-9-files-27,2,email
EFTA00708399.pdf,data-set-9-files-27,2,email
EFTA00708401.pdf,data-set-9-files-27,1,email
EFTA00708402.pdf,data-set-9-files-27,3,email
EFTA00708405.pdf,data-set-9-files-27,2,email
EFTA00708407.pdf,data-set-9-files-27,1,email
EFTA00708408.pdf,data-set-9-files-27,3,email
EFTA00708411.pdf,data-set-9-files-27,1,email
EFTA00708412.pdf,data-set-9-files-27,2,email
EFTA00708414.pdf,data-set-9-files-27,7,email
EFTA00708421.pdf,data-set-9-files-27,5,email
EFTA00708426.pdf,data-set-9-files-27,1,email
EFTA00708427.pdf,data-set-9-files-27,1,email
EFTA00708428.pdf,data-set-9-files-27,2,email
EFTA00708430.pdf,data-set-9-files-27,2,email
EFTA00708432.pdf,data-set-9-files-27,1,email
EFTA00708433.pdf,data-set-9-files-27,1,email
EFTA00708434.pdf,data-set-9-files-27,2,email
EFTA00708436.pdf,data-set-9-files-27,1,email
EFTA00708437.pdf,data-set-9-files-27,1,email
EFTA00708438.pdf,data-set-9-files-27,1,email
EFTA00708439.pdf,data-set-9-files-27,1,email
EFTA00708440.pdf,data-set-9-files-27,1,email
EFTA00708441.pdf,data-set-9-files-27,4,email
EFTA00708445.pdf,data-set-9-files-27,3,email
EFTA00708448.pdf,data-set-9-files-27,1,email
EFTA00708449.pdf,data-set-9-files-27,1,other
EFTA00708450.pdf,data-set-9-files-27,1,email
EFTA00708451.pdf,data-set-9-files-27,1,email
EFTA00708452.pdf,data-set-9-files-27,1,email
EFTA00708453.pdf,data-set-9-files-27,2,email
EFTA00708455.pdf,data-set-9-files-27,1,email
EFTA00708456.pdf,data-set-9-files-27,1,other
EFTA00708457.pdf,data-set-9-files-27,3,email
EFTA00708460.pdf,data-set-9-files-27,2,email
EFTA00708462.pdf,data-set-9-files-27,6,email
EFTA00708468.pdf,data-set-9-files-27,1,email
EFTA00708469.pdf,data-set-9-files-27,1,email
EFTA00708470.pdf,data-set-9-files-27,1,email
EFTA00708471.pdf,data-set-9-files-27,1,email
EFTA00708472.pdf,data-set-9-files-27,1,email
EFTA00708473.pdf,data-set-9-files-27,2,email
EFTA00708475.pdf,data-set-9-files-27,1,email
EFTA00708476.pdf,data-set-9-files-27,5,email
EFTA00708481.pdf,data-set-9-files-27,3,email
EFTA00708484.pdf,data-set-9-files-27,1,email
EFTA00708485.pdf,data-set-9-files-27,1,email
EFTA00708486.pdf,data-set-9-files-27,3,email
EFTA00708489.pdf,data-set-9-files-27,3,email
EFTA00708492.pdf,data-set-9-files-27,1,email
EFTA00708493.pdf,data-set-9-files-27,3,email
EFTA00708496.pdf,data-set-9-files-27,1,email
EFTA00708497.pdf,data-set-9-files-27,2,email
EFTA00708499.pdf,data-set-9-files-27,2,email
EFTA00708501.pdf,data-set-9-files-27,1,email
EFTA00708502.pdf,data-set-9-files-27,1,email
EFTA00708503.pdf,data-set-9-files-27,1,other
EFTA00708504.pdf,data-set-9-files-27,1,email
EFTA00708505.pdf,data-set-9-files-27,1,email
EFTA00708506.pdf,data-set-9-files-27,2,email
EFTA00708508.pdf,data-set-9-files-27,1,email
EFTA00708509.pdf,data-set-9-files-27,1,email
EFTA00708510.pdf,data-set-9-files-27,2,email
EFTA00708512.pdf,data-set-9-files-27,1,email
EFTA00708513.pdf,data-set-9-files-27,2,email
EFTA00708515.pdf,data-set-9-files-27,4,email
EFTA00708519.pdf,data-set-9-files-27,2,email
EFTA00708521.pdf,data-set-9-files-27,2,email
EFTA00708523.pdf,data-set-9-files-27,4,email
EFTA00708527.pdf,data-set-9-files-27,1,other
EFTA00708528.pdf,data-set-9-files-27,3,email
EFTA00708531.pdf,data-set-9-files-27,1,email
EFTA00708532.pdf,data-set-9-files-27,2,email
EFTA00708534.pdf,data-set-9-files-27,1,email
EFTA00708535.pdf,data-set-9-files-27,11,email
EFTA00708546.pdf,data-set-9-files-27,1,email
EFTA00708547.pdf,data-set-9-files-27,1,email
EFTA00708548.pdf,data-set-9-files-27,3,email
EFTA00708551.pdf,data-set-9-files-27,1,email
EFTA00708552.pdf,data-set-9-files-27,2,email
EFTA00708554.pdf,data-set-9-files-27,14,other
EFTA00708568.pdf,data-set-9-files-27,1,email
EFTA00708569.pdf,data-set-9-files-27,2,email
EFTA00708571.pdf,data-set-9-files-27,3,email
EFTA00708574.pdf,data-set-9-files-27,2,email
EFTA00708576.pdf,data-set-9-files-27,1,email
EFTA00708577.pdf,data-set-9-files-27,1,email
EFTA00708578.pdf,data-set-9-files-27,2,email
EFTA00708580.pdf,data-set-9-files-27,1,email
EFTA00708581.pdf,data-set-9-files-27,1,email
EFTA00708582.pdf,data-set-9-files-27,1,email
EFTA00708583.pdf,data-set-9-files-27,1,email
EFTA00708584.pdf,data-set-9-files-27,2,email
EFTA00708586.pdf,data-set-9-files-27,10,email
EFTA00708596.pdf,data-set-9-files-27,1,email
EFTA00708597.pdf,data-set-9-files-27,5,email
EFTA00708602.pdf,data-set-9-files-27,1,email
EFTA00708603.pdf,data-set-9-files-27,1,email
EFTA00708604.pdf,data-set-9-files-27,1,email
EFTA00708605.pdf,data-set-9-files-27,1,email
EFTA00708606.pdf,data-set-9-files-27,2,email
EFTA00708608.pdf,data-set-9-files-27,2,email
EFTA00708610.pdf,data-set-9-files-27,1,email
EFTA00708611.pdf,data-set-9-files-27,1,email
EFTA00708612.pdf,data-set-9-files-27,1,email
EFTA00708613.pdf,data-set-9-files-27,2,email
EFTA00708615.pdf,data-set-9-files-27,1,email
EFTA00708616.pdf,data-set-9-files-27,1,email
EFTA00708617.pdf,data-set-9-files-27,1,other
EFTA00708618.pdf,data-set-9-files-27,1,photo
EFTA00708619.pdf,data-set-9-files-27,1,email
EFTA00708620.pdf,data-set-9-files-27,1,email
EFTA00708621.pdf,data-set-9-files-27,1,email
EFTA00708622.pdf,data-set-9-files-27,2,email
EFTA00708624.pdf,data-set-9-files-27,2,email
EFTA00708626.pdf,data-set-9-files-27,1,email
EFTA00708627.pdf,data-set-9-files-27,1,email
EFTA00708628.pdf,data-set-9-files-27,3,email
EFTA00708631.pdf,data-set-9-files-27,1,email
EFTA00708632.pdf,data-set-9-files-27,1,email
EFTA00708633.pdf,data-set-9-files-27,1,email
EFTA00708634.pdf,data-set-9-files-27,1,email
EFTA00708635.pdf,data-set-9-files-27,1,email
EFTA00708636.pdf,data-set-9-files-27,1,email
EFTA00708637.pdf,data-set-9-files-27,2,email
EFTA00708639.pdf,data-set-9-files-27,2,email
EFTA00708641.pdf,data-set-9-files-27,1,email
EFTA00708642.pdf,data-set-9-files-27,4,email
EFTA00708646.pdf,data-set-9-files-27,1,email
EFTA00708647.pdf,data-set-9-files-27,1,email
EFTA00708648.pdf,data-set-9-files-27,1,email
EFTA00708649.pdf,data-set-9-files-27,6,email
EFTA00708655.pdf,data-set-9-files-27,3,email
EFTA00708658.pdf,data-set-9-files-27,1,email
EFTA00708659.pdf,data-set-9-files-27,2,email
EFTA00708661.pdf,data-set-9-files-27,1,email
EFTA00708662.pdf,data-set-9-files-27,1,email
EFTA00708663.pdf,data-set-9-files-27,1,email
EFTA00708664.pdf,data-set-9-files-27,1,other
EFTA00708665.pdf,data-set-9-files-27,1,email
EFTA00708666.pdf,data-set-9-files-27,1,email
EFTA00708667.pdf,data-set-9-files-27,1,email
EFTA00708668.pdf,data-set-9-files-27,1,email
EFTA00708669.pdf,data-set-9-files-27,1,email
EFTA00708670.pdf,data-set-9-files-27,2,email
EFTA00708672.pdf,data-set-9-files-27,1,email
EFTA00708673.pdf,data-set-9-files-27,1,email
EFTA00708674.pdf,data-set-9-files-27,1,email
EFTA00708675.pdf,data-set-9-files-27,1,email
EFTA00708676.pdf,data-set-9-files-27,1,email
EFTA00708677.pdf,data-set-9-files-27,1,email
EFTA00708678.pdf,data-set-9-files-27,1,email
EFTA00708679.pdf,data-set-9-files-27,2,email
EFTA00708681.pdf,data-set-9-files-27,1,email
EFTA00708682.pdf,data-set-9-files-27,1,other
EFTA00708683.pdf,data-set-9-files-27,1,other
EFTA00708684.pdf,data-set-9-files-27,1,email
EFTA00708685.pdf,data-set-9-files-27,1,email
EFTA00708686.pdf,data-set-9-files-27,1,email
EFTA00708687.pdf,data-set-9-files-27,1,email
EFTA00708688.pdf,data-set-9-files-27,1,email
EFTA00708689.pdf,data-set-9-files-27,1,email
EFTA00708690.pdf,data-set-9-files-27,3,email
EFTA00708693.pdf,data-set-9-files-27,1,email
EFTA00708694.pdf,data-set-9-files-27,1,email
EFTA00708695.pdf,data-set-9-files-27,1,email
EFTA00708696.pdf,data-set-9-files-27,1,other
EFTA00708697.pdf,data-set-9-files-27,1,email
EFTA00708698.pdf,data-set-9-files-27,1,email
EFTA00708699.pdf,data-set-9-files-27,1,email
EFTA00708700.pdf,data-set-9-files-27,1,email
EFTA00708701.pdf,data-set-9-files-27,2,email
EFTA00708703.pdf,data-set-9-files-27,1,email
EFTA00708704.pdf,data-set-9-files-27,1,email
EFTA00708705.pdf,data-set-9-files-27,3,email
EFTA00708708.pdf,data-set-9-files-27,2,email
EFTA00708710.pdf,data-set-9-files-27,1,email
EFTA00708711.pdf,data-set-9-files-27,2,email
EFTA00708713.pdf,data-set-9-files-27,1,email
EFTA00708714.pdf,data-set-9-files-27,1,email
EFTA00708715.pdf,data-set-9-files-27,1,email
EFTA00708716.pdf,data-set-9-files-27,1,email
EFTA00708717.pdf,data-set-9-files-27,1,other
EFTA00708718.pdf,data-set-9-files-27,1,email
EFTA00708719.pdf,data-set-9-files-27,2,email
EFTA00708721.pdf,data-set-9-files-27,1,email
EFTA00708722.pdf,data-set-9-files-27,2,email
EFTA00708724.pdf,data-set-9-files-27,1,email
EFTA00708725.pdf,data-set-9-files-27,1,email
EFTA00708726.pdf,data-set-9-files-27,1,email
EFTA00708727.pdf,data-set-9-files-27,1,other
EFTA00708728.pdf,data-set-9-files-27,1,email
EFTA00708729.pdf,data-set-9-files-27,1,other
EFTA00708730.pdf,data-set-9-files-27,1,email
EFTA00708731.pdf,data-set-9-files-27,2,email
EFTA00708733.pdf,data-set-9-files-27,2,email
EFTA00708735.pdf,data-set-9-files-27,1,email
EFTA00708736.pdf,data-set-9-files-27,2,email
EFTA00708738.pdf,data-set-9-files-27,2,email
EFTA00708740.pdf,data-set-9-files-27,1,other
EFTA00708741.pdf,data-set-9-files-27,1,other
EFTA00708742.pdf,data-set-9-files-27,3,email
EFTA00708745.pdf,data-set-9-files-27,1,email
EFTA00708746.pdf,data-set-9-files-27,1,email
EFTA00708747.pdf,data-set-9-files-27,1,email
EFTA00708748.pdf,data-set-9-files-27,1,email
EFTA00708749.pdf,data-set-9-files-27,1,email
EFTA00708750.pdf,data-set-9-files-27,1,email
EFTA00708751.pdf,data-set-9-files-27,2,email
EFTA00708753.pdf,data-set-9-files-27,1,email
EFTA00708754.pdf,data-set-9-files-27,1,email
EFTA00708755.pdf,data-set-9-files-27,1,email
EFTA00708756.pdf,data-set-9-files-27,1,email
EFTA00708757.pdf,data-set-9-files-27,2,email
EFTA00708759.pdf,data-set-9-files-27,2,email
EFTA00708761.pdf,data-set-9-files-27,1,email
EFTA00708762.pdf,data-set-9-files-27,1,email
EFTA00708763.pdf,data-set-9-files-27,2,email
EFTA00708765.pdf,data-set-9-files-27,1,email
EFTA00708766.pdf,data-set-9-files-27,2,email
EFTA00708768.pdf,data-set-9-files-27,1,email
EFTA00708769.pdf,data-set-9-files-27,2,email
EFTA00708771.pdf,data-set-9-files-27,1,email
EFTA00708772.pdf,data-set-9-files-27,2,email
EFTA00708774.pdf,data-set-9-files-27,1,email
EFTA00708775.pdf,data-set-9-files-27,1,email
EFTA00708776.pdf,data-set-9-files-27,2,email
EFTA00708778.pdf,data-set-9-files-27,1,email
EFTA00708779.pdf,data-set-9-files-27,3,email
EFTA00708782.pdf,data-set-9-files-27,1,email
EFTA00708783.pdf,data-set-9-files-27,1,email
EFTA00708784.pdf,data-set-9-files-27,1,email
EFTA00708785.pdf,data-set-9-files-27,1,email
EFTA00708786.pdf,data-set-9-files-27,1,email
EFTA00708787.pdf,data-set-9-files-27,1,email
EFTA00708788.pdf,data-set-9-files-27,1,email
EFTA00708789.pdf,data-set-9-files-27,2,email
EFTA00708791.pdf,data-set-9-files-27,2,email
EFTA00708793.pdf,data-set-9-files-27,2,email
EFTA00708795.pdf,data-set-9-files-27,2,email
EFTA00708797.pdf,data-set-9-files-27,1,email
EFTA00708798.pdf,data-set-9-files-27,1,photo
EFTA00708799.pdf,data-set-9-files-27,1,email
EFTA00708800.pdf,data-set-9-files-27,1,other
EFTA00708801.pdf,data-set-9-files-27,1,email
EFTA00708802.pdf,data-set-9-files-27,2,other
EFTA00708804.pdf,data-set-9-files-27,2,email
EFTA00708806.pdf,data-set-9-files-27,1,email
EFTA00708807.pdf,data-set-9-files-27,1,email
EFTA00708808.pdf,data-set-9-files-27,1,email
EFTA00708809.pdf,data-set-9-files-27,2,email
EFTA00708811.pdf,data-set-9-files-27,1,other
EFTA00708812.pdf,data-set-9-files-27,1,email
EFTA00708813.pdf,data-set-9-files-27,1,other
EFTA00708814.pdf,data-set-9-files-27,1,email
EFTA00708815.pdf,data-set-9-files-27,1,email
EFTA00708816.pdf,data-set-9-files-27,1,email
EFTA00708817.pdf,data-set-9-files-27,1,email
EFTA00708818.pdf,data-set-9-files-27,1,email
EFTA00708819.pdf,data-set-9-files-27,3,email
EFTA00708822.pdf,data-set-9-files-27,1,email
EFTA00708823.pdf,data-set-9-files-27,1,email
EFTA00708824.pdf,data-set-9-files-27,1,email
EFTA00708825.pdf,data-set-9-files-27,2,email
EFTA00708827.pdf,data-set-9-files-27,2,email
EFTA00708829.pdf,data-set-9-files-27,1,email
EFTA00708830.pdf,data-set-9-files-27,1,email
EFTA00708831.pdf,data-set-9-files-27,2,email
EFTA00708833.pdf,data-set-9-files-27,1,email
EFTA00708834.pdf,data-set-9-files-27,1,email
EFTA00708835.pdf,data-set-9-files-27,3,other
EFTA00708838.pdf,data-set-9-files-27,2,other
EFTA00708840.pdf,data-set-9-files-27,1,other
EFTA00708841.pdf,data-set-9-files-27,1,email
EFTA00708842.pdf,data-set-9-files-27,6,email
EFTA00708848.pdf,data-set-9-files-27,1,email
EFTA00708849.pdf,data-set-9-files-27,1,email
EFTA00708850.pdf,data-set-9-files-27,1,other
EFTA00708851.pdf,data-set-9-files-27,1,email
EFTA00708852.pdf,data-set-9-files-27,1,email
EFTA00708853.pdf,data-set-9-files-27,1,email
EFTA00708854.pdf,data-set-9-files-27,7,email
EFTA00708861.pdf,data-set-9-files-27,2,email
EFTA00708863.pdf,data-set-9-files-27,1,email
EFTA00708864.pdf,data-set-9-files-27,2,email
EFTA00708866.pdf,data-set-9-files-27,2,email
EFTA00708868.pdf,data-set-9-files-27,1,other
EFTA00708869.pdf,data-set-9-files-27,1,email
EFTA00708870.pdf,data-set-9-files-27,1,email
EFTA00708871.pdf,data-set-9-files-27,2,email
EFTA00708873.pdf,data-set-9-files-27,1,email
EFTA00708874.pdf,data-set-9-files-27,1,email
EFTA00708875.pdf,data-set-9-files-27,1,email
EFTA00708876.pdf,data-set-9-files-27,1,email
EFTA00708877.pdf,data-set-9-files-27,2,email
EFTA00708879.pdf,data-set-9-files-27,2,email
EFTA00708881.pdf,data-set-9-files-27,1,email
EFTA00708882.pdf,data-set-9-files-27,1,email
EFTA00708883.pdf,data-set-9-files-27,1,email
EFTA00708884.pdf,data-set-9-files-27,1,email
EFTA00708885.pdf,data-set-9-files-27,1,email
EFTA00708886.pdf,data-set-9-files-27,1,email
EFTA00708887.pdf,data-set-9-files-27,1,email
EFTA00708888.pdf,data-set-9-files-27,1,email
EFTA00708889.pdf,data-set-9-files-27,1,email
EFTA00708890.pdf,data-set-9-files-27,2,email
EFTA00708892.pdf,data-set-9-files-27,3,email
EFTA00708895.pdf,data-set-9-files-27,3,email
EFTA00708898.pdf,data-set-9-files-27,1,email
EFTA00708899.pdf,data-set-9-files-27,2,email
EFTA00708901.pdf,data-set-9-files-27,2,email
EFTA00708903.pdf,data-set-9-files-27,1,email
EFTA00708904.pdf,data-set-9-files-27,2,email
EFTA00708906.pdf,data-set-9-files-27,1,email
EFTA00708907.pdf,data-set-9-files-27,1,email
EFTA00708908.pdf,data-set-9-files-27,1,other
EFTA00708909.pdf,data-set-9-files-27,1,email
EFTA00708910.pdf,data-set-9-files-27,2,email
EFTA00708912.pdf,data-set-9-files-27,1,email
EFTA00708913.pdf,data-set-9-files-27,1,email
EFTA00708914.pdf,data-set-9-files-27,1,email
EFTA00708915.pdf,data-set-9-files-27,1,email
EFTA00708916.pdf,data-set-9-files-27,1,email
EFTA00708917.pdf,data-set-9-files-27,1,email
EFTA00708918.pdf,data-set-9-files-27,2,email
EFTA00708920.pdf,data-set-9-files-27,1,email
EFTA00708921.pdf,data-set-9-files-27,1,email
EFTA00708922.pdf,data-set-9-files-27,1,email
EFTA00708923.pdf,data-set-9-files-27,1,email
EFTA00708924.pdf,data-set-9-files-27,1,other
EFTA00708925.pdf,data-set-9-files-27,1,email
EFTA00708926.pdf,data-set-9-files-27,1,email
EFTA00708927.pdf,data-set-9-files-27,3,email
EFTA00708930.pdf,data-set-9-files-27,1,email
EFTA00708931.pdf,data-set-9-files-27,1,email
EFTA00708932.pdf,data-set-9-files-27,1,email
EFTA00708933.pdf,data-set-9-files-27,1,email
EFTA00708934.pdf,data-set-9-files-27,1,email
EFTA00708935.pdf,data-set-9-files-27,2,email
EFTA00708937.pdf,data-set-9-files-27,2,email
EFTA00708939.pdf,data-set-9-files-27,1,email
EFTA00708940.pdf,data-set-9-files-27,1,email
EFTA00708941.pdf,data-set-9-files-27,1,email
EFTA00708942.pdf,data-set-9-files-27,1,email
EFTA00708943.pdf,data-set-9-files-27,1,email
EFTA00708944.pdf,data-set-9-files-27,3,email
EFTA00708947.pdf,data-set-9-files-27,5,email
EFTA00708952.pdf,data-set-9-files-27,1,email
EFTA00708953.pdf,data-set-9-files-27,2,email
EFTA00708955.pdf,data-set-9-files-27,2,email
EFTA00708957.pdf,data-set-9-files-27,1,email
EFTA00708958.pdf,data-set-9-files-27,1,email
EFTA00708959.pdf,data-set-9-files-27,1,other
EFTA00708960.pdf,data-set-9-files-27,2,email
EFTA00708962.pdf,data-set-9-files-27,1,email
EFTA00708963.pdf,data-set-9-files-27,2,email
EFTA00708965.pdf,data-set-9-files-27,1,other
EFTA00708966.pdf,data-set-9-files-27,2,email
EFTA00708968.pdf,data-set-9-files-27,1,email
EFTA00708969.pdf,data-set-9-files-27,1,email
EFTA00708970.pdf,data-set-9-files-27,2,email
EFTA00708972.pdf,data-set-9-files-27,13,email
EFTA00708985.pdf,data-set-9-files-27,1,email
EFTA00708986.pdf,data-set-9-files-27,1,email
EFTA00708987.pdf,data-set-9-files-27,2,email
EFTA00708989.pdf,data-set-9-files-27,1,email
EFTA00708990.pdf,data-set-9-files-27,1,email
EFTA00708991.pdf,data-set-9-files-27,3,email
EFTA00708994.pdf,data-set-9-files-27,3,email
EFTA00708997.pdf,data-set-9-files-27,1,email
EFTA00708998.pdf,data-set-9-files-27,1,email
EFTA00708999.pdf,data-set-9-files-27,5,email
EFTA00709004.pdf,data-set-9-files-27,1,email
EFTA00709005.pdf,data-set-9-files-27,1,email
EFTA00709006.pdf,data-set-9-files-27,1,email
EFTA00709007.pdf,data-set-9-files-27,1,email
EFTA00709008.pdf,data-set-9-files-27,1,email
EFTA00709009.pdf,data-set-9-files-27,2,email
EFTA00709011.pdf,data-set-9-files-27,4,email
EFTA00709015.pdf,data-set-9-files-27,1,email
EFTA00709016.pdf,data-set-9-files-27,1,email
EFTA00709017.pdf,data-set-9-files-27,1,email
EFTA00709018.pdf,data-set-9-files-27,1,email
EFTA00709019.pdf,data-set-9-files-27,4,email
EFTA00709023.pdf,data-set-9-files-27,2,email
EFTA00709025.pdf,data-set-9-files-27,1,email
EFTA00709026.pdf,data-set-9-files-27,1,email
EFTA00709027.pdf,data-set-9-files-27,1,email
EFTA00709028.pdf,data-set-9-files-27,3,email
EFTA00709031.pdf,data-set-9-files-27,1,email
EFTA00709032.pdf,data-set-9-files-27,1,email
EFTA00709033.pdf,data-set-9-files-27,6,email
EFTA00709039.pdf,data-set-9-files-27,1,email
EFTA00709040.pdf,data-set-9-files-27,1,email
EFTA00709041.pdf,data-set-9-files-27,1,photo
EFTA00709042.pdf,data-set-9-files-27,1,photo
EFTA00709043.pdf,data-set-9-files-27,1,email
EFTA00709044.pdf,data-set-9-files-27,1,email
EFTA00709045.pdf,data-set-9-files-27,2,email
EFTA00709047.pdf,data-set-9-files-27,1,email
EFTA00709048.pdf,data-set-9-files-27,1,email
EFTA00709049.pdf,data-set-9-files-27,2,email
EFTA00709051.pdf,data-set-9-files-27,1,email
EFTA00709052.pdf,data-set-9-files-27,1,email
EFTA00709053.pdf,data-set-9-files-27,1,email
EFTA00709054.pdf,data-set-9-files-27,3,email
EFTA00709057.pdf,data-set-9-files-27,1,other
EFTA00709058.pdf,data-set-9-files-27,1,email
EFTA00709059.pdf,data-set-9-files-27,1,email
EFTA00709060.pdf,data-set-9-files-27,1,email
EFTA00709061.pdf,data-set-9-files-27,1,email
EFTA00709062.pdf,data-set-9-files-27,1,email
EFTA00709063.pdf,data-set-9-files-27,1,email
EFTA00709064.pdf,data-set-9-files-27,7,email
EFTA00709071.pdf,data-set-9-files-27,1,email
EFTA00709072.pdf,data-set-9-files-27,1,other
EFTA00709073.pdf,data-set-9-files-27,2,email
EFTA00709075.pdf,data-set-9-files-27,2,email
EFTA00709077.pdf,data-set-9-files-27,1,email
EFTA00709078.pdf,data-set-9-files-27,1,email
EFTA00709079.pdf,data-set-9-files-27,1,email
EFTA00709080.pdf,data-set-9-files-27,1,email
EFTA00709081.pdf,data-set-9-files-27,2,email
EFTA00709083.pdf,data-set-9-files-27,10,email
EFTA00709093.pdf,data-set-9-files-27,1,email
EFTA00709094.pdf,data-set-9-files-27,1,email
EFTA00709095.pdf,data-set-9-files-27,2,email
EFTA00709097.pdf,data-set-9-files-27,1,other
EFTA00709098.pdf,data-set-9-files-27,1,email
EFTA00709099.pdf,data-set-9-files-27,1,email
EFTA00709100.pdf,data-set-9-files-27,2,email
EFTA00709102.pdf,data-set-9-files-27,1,email
EFTA00709103.pdf,data-set-9-files-27,1,email
EFTA00709104.pdf,data-set-9-files-27,1,email
EFTA00709105.pdf,data-set-9-files-27,17,other
EFTA00709122.pdf,data-set-9-files-27,2,email
EFTA00709124.pdf,data-set-9-files-27,1,email
EFTA00709125.pdf,data-set-9-files-27,1,email
EFTA00709126.pdf,data-set-9-files-27,1,email
EFTA00709127.pdf,data-set-9-files-27,1,email
EFTA00709128.pdf,data-set-9-files-27,1,email
EFTA00709129.pdf,data-set-9-files-27,1,email
EFTA00709130.pdf,data-set-9-files-27,1,email
EFTA00709131.pdf,data-set-9-files-27,1,email
EFTA00709132.pdf,data-set-9-files-27,1,email
EFTA00709133.pdf,data-set-9-files-27,3,email
EFTA00709136.pdf,data-set-9-files-27,3,email
EFTA00709139.pdf,data-set-9-files-27,1,email
EFTA00709140.pdf,data-set-9-files-27,1,email
EFTA00709141.pdf,data-set-9-files-27,1,email
EFTA00709142.pdf,data-set-9-files-27,2,email
EFTA00709144.pdf,data-set-9-files-27,1,email
EFTA00709145.pdf,data-set-9-files-27,2,email
EFTA00709147.pdf,data-set-9-files-27,1,email
EFTA00709148.pdf,data-set-9-files-27,1,email
EFTA00709149.pdf,data-set-9-files-27,1,email
EFTA00709150.pdf,data-set-9-files-27,1,email
EFTA00709151.pdf,data-set-9-files-27,1,email
EFTA00709152.pdf,data-set-9-files-27,1,email
EFTA00709153.pdf,data-set-9-files-27,1,email
EFTA00709154.pdf,data-set-9-files-27,1,email
EFTA00709155.pdf,data-set-9-files-27,1,email
EFTA00709156.pdf,data-set-9-files-27,1,email
EFTA00709157.pdf,data-set-9-files-27,1,email
EFTA00709158.pdf,data-set-9-files-27,1,email
EFTA00709159.pdf,data-set-9-files-27,1,email
EFTA00709160.pdf,data-set-9-files-27,1,email
EFTA00709161.pdf,data-set-9-files-27,1,other
EFTA00709162.pdf,data-set-9-files-27,1,email
EFTA00709163.pdf,data-set-9-files-27,1,email
EFTA00709164.pdf,data-set-9-files-27,1,email
EFTA00709165.pdf,data-set-9-files-27,1,email
EFTA00709166.pdf,data-set-9-files-27,1,email
EFTA00709167.pdf,data-set-9-files-27,2,email
EFTA00709169.pdf,data-set-9-files-27,2,email
EFTA00709171.pdf,data-set-9-files-27,1,other
EFTA00709172.pdf,data-set-9-files-27,1,email
EFTA00709173.pdf,data-set-9-files-27,1,email
EFTA00709174.pdf,data-set-9-files-27,1,other
EFTA00709175.pdf,data-set-9-files-27,1,other
EFTA00709176.pdf,data-set-9-files-27,1,email
EFTA00709177.pdf,data-set-9-files-27,1,email
EFTA00709178.pdf,data-set-9-files-27,1,email
EFTA00709179.pdf,data-set-9-files-27,1,email
EFTA00709180.pdf,data-set-9-files-27,1,other
EFTA00709181.pdf,data-set-9-files-27,2,email
EFTA00709183.pdf,data-set-9-files-27,1,email
EFTA00709184.pdf,data-set-9-files-27,1,photo
EFTA00709185.pdf,data-set-9-files-27,1,photo
EFTA00709186.pdf,data-set-9-files-27,1,photo
EFTA00709187.pdf,data-set-9-files-27,1,photo
EFTA00709188.pdf,data-set-9-files-27,1,photo
EFTA00709189.pdf,data-set-9-files-27,1,email
EFTA00709190.pdf,data-set-9-files-27,1,email
EFTA00709191.pdf,data-set-9-files-27,1,email
EFTA00709192.pdf,data-set-9-files-27,1,other
EFTA00709193.pdf,data-set-9-files-27,1,email
EFTA00709194.pdf,data-set-9-files-27,1,email
EFTA00709195.pdf,data-set-9-files-27,1,other
EFTA00709196.pdf,data-set-9-files-27,2,email
EFTA00709198.pdf,data-set-9-files-27,1,email
EFTA00709199.pdf,data-set-9-files-27,2,email
EFTA00709201.pdf,data-set-9-files-27,2,email
EFTA00709203.pdf,data-set-9-files-27,1,email
EFTA00709204.pdf,data-set-9-files-27,1,photo
EFTA00709205.pdf,data-set-9-files-27,1,photo
EFTA00709206.pdf,data-set-9-files-27,1,photo
EFTA00709207.pdf,data-set-9-files-27,1,photo
EFTA00709208.pdf,data-set-9-files-27,1,photo
EFTA00709209.pdf,data-set-9-files-27,1,photo
EFTA00709210.pdf,data-set-9-files-27,1,photo
EFTA00709211.pdf,data-set-9-files-27,1,photo
EFTA00709212.pdf,data-set-9-files-27,1,photo
EFTA00709213.pdf,data-set-9-files-27,1,photo
EFTA00709214.pdf,data-set-9-files-27,1,photo
EFTA00709215.pdf,data-set-9-files-27,1,email
EFTA00709216.pdf,data-set-9-files-27,1,other
EFTA00709217.pdf,data-set-9-files-27,1,email
EFTA00709218.pdf,data-set-9-files-27,1,email
EFTA00709219.pdf,data-set-9-files-27,1,photo
EFTA00709220.pdf,data-set-9-files-27,1,other
EFTA00709221.pdf,data-set-9-files-27,1,email
EFTA00709222.pdf,data-set-9-files-27,1,email
EFTA00709223.pdf,data-set-9-files-27,2,other
EFTA00709225.pdf,data-set-9-files-27,1,email
EFTA00709226.pdf,data-set-9-files-27,1,email
EFTA00709227.pdf,data-set-9-files-27,1,email
EFTA00709228.pdf,data-set-9-files-27,1,email
EFTA00709229.pdf,data-set-9-files-27,2,email
EFTA00709231.pdf,data-set-9-files-27,1,email
EFTA00709232.pdf,data-set-9-files-27,1,email
EFTA00709233.pdf,data-set-9-files-27,2,email
EFTA00709235.pdf,data-set-9-files-27,1,photo
EFTA00709236.pdf,data-set-9-files-27,1,email
EFTA00709237.pdf,data-set-9-files-27,2,email
EFTA00709239.pdf,data-set-9-files-27,2,email
EFTA00709241.pdf,data-set-9-files-27,1,other
EFTA00709242.pdf,data-set-9-files-27,2,email
EFTA00709244.pdf,data-set-9-files-27,1,other
EFTA00709245.pdf,data-set-9-files-27,2,email
EFTA00709247.pdf,data-set-9-files-27,2,email
EFTA00709249.pdf,data-set-9-files-27,1,other
EFTA00709250.pdf,data-set-9-files-27,2,email
EFTA00709252.pdf,data-set-9-files-27,3,email
EFTA00709255.pdf,data-set-9-files-27,2,email
EFTA00709257.pdf,data-set-9-files-27,2,email
EFTA00709259.pdf,data-set-9-files-27,1,email
EFTA00709260.pdf,data-set-9-files-27,2,email
EFTA00709262.pdf,data-set-9-files-27,2,email
EFTA00709264.pdf,data-set-9-files-27,1,email
EFTA00709265.pdf,data-set-9-files-27,2,email
EFTA00709267.pdf,data-set-9-files-27,1,email
EFTA00709268.pdf,data-set-9-files-27,1,email
EFTA00709269.pdf,data-set-9-files-27,3,email
EFTA00709272.pdf,data-set-9-files-27,1,email
EFTA00709273.pdf,data-set-9-files-27,1,email
EFTA00709274.pdf,data-set-9-files-27,2,email
EFTA00709276.pdf,data-set-9-files-27,3,email
EFTA00709279.pdf,data-set-9-files-27,4,email
EFTA00709283.pdf,data-set-9-files-27,2,email
EFTA00709285.pdf,data-set-9-files-27,1,other
EFTA00709286.pdf,data-set-9-files-27,1,email
EFTA00709287.pdf,data-set-9-files-27,2,email
EFTA00709289.pdf,data-set-9-files-27,1,email
EFTA00709290.pdf,data-set-9-files-27,1,email
EFTA00709291.pdf,data-set-9-files-27,2,email
EFTA00709293.pdf,data-set-9-files-27,1,email
EFTA00709294.pdf,data-set-9-files-27,3,email
EFTA00709297.pdf,data-set-9-files-27,1,email
EFTA00709298.pdf,data-set-9-files-27,1,email
EFTA00709299.pdf,data-set-9-files-27,5,email
EFTA00709304.pdf,data-set-9-files-27,5,email
EFTA00709309.pdf,data-set-9-files-27,1,email
EFTA00709310.pdf,data-set-9-files-27,2,email
EFTA00709312.pdf,data-set-9-files-27,1,email
EFTA00709313.pdf,data-set-9-files-27,2,email
EFTA00709315.pdf,data-set-9-files-27,1,other
EFTA00709316.pdf,data-set-9-files-27,2,email
EFTA00709318.pdf,data-set-9-files-27,1,email
EFTA00709319.pdf,data-set-9-files-27,1,email
EFTA00709320.pdf,data-set-9-files-27,1,email
EFTA00709321.pdf,data-set-9-files-27,1,other
EFTA00709322.pdf,data-set-9-files-27,1,email
EFTA00709323.pdf,data-set-9-files-27,1,email
EFTA00709324.pdf,data-set-9-files-27,1,email
EFTA00709325.pdf,data-set-9-files-27,1,email
EFTA00709326.pdf,data-set-9-files-27,1,other
EFTA00709327.pdf,data-set-9-files-27,1,email
EFTA00709328.pdf,data-set-9-files-27,1,email
EFTA00709329.pdf,data-set-9-files-27,3,email
EFTA00709332.pdf,data-set-9-files-27,4,email
EFTA00709336.pdf,data-set-9-files-27,1,email
EFTA00709337.pdf,data-set-9-files-27,2,email
EFTA00709339.pdf,data-set-9-files-27,1,other
EFTA00709340.pdf,data-set-9-files-27,1,email
EFTA00709341.pdf,data-set-9-files-27,1,email
EFTA00709342.pdf,data-set-9-files-27,2,email
EFTA00709344.pdf,data-set-9-files-27,1,email
EFTA00709345.pdf,data-set-9-files-27,4,email
EFTA00709349.pdf,data-set-9-files-27,1,email
EFTA00709350.pdf,data-set-9-files-27,1,email
EFTA00709351.pdf,data-set-9-files-27,1,email
EFTA00709352.pdf,data-set-9-files-27,4,email
EFTA00709356.pdf,data-set-9-files-27,1,email
EFTA00709357.pdf,data-set-9-files-27,3,email
EFTA00709360.pdf,data-set-9-files-27,1,email
EFTA00709361.pdf,data-set-9-files-27,1,email
EFTA00709362.pdf,data-set-9-files-27,2,email
EFTA00709364.pdf,data-set-9-files-27,1,other
EFTA00709365.pdf,data-set-9-files-27,1,email
EFTA00709366.pdf,data-set-9-files-27,1,email
EFTA00709367.pdf,data-set-9-files-27,1,email
EFTA00709368.pdf,data-set-9-files-27,1,email
EFTA00709369.pdf,data-set-9-files-27,1,email
EFTA00709370.pdf,data-set-9-files-27,2,email
EFTA00709372.pdf,data-set-9-files-27,1,email
EFTA00709373.pdf,data-set-9-files-27,1,other
EFTA00709374.pdf,data-set-9-files-27,6,email
EFTA00709380.pdf,data-set-9-files-27,1,email
EFTA00709381.pdf,data-set-9-files-27,1,email
EFTA00709382.pdf,data-set-9-files-27,1,email
EFTA00709383.pdf,data-set-9-files-27,2,email
EFTA00709385.pdf,data-set-9-files-27,2,email
EFTA00709387.pdf,data-set-9-files-27,1,email
EFTA00709388.pdf,data-set-9-files-27,2,email
EFTA00709390.pdf,data-set-9-files-27,2,email
EFTA00709392.pdf,data-set-9-files-27,2,email
EFTA00709394.pdf,data-set-9-files-27,1,email
EFTA00709395.pdf,data-set-9-files-27,3,email
EFTA00709398.pdf,data-set-9-files-27,6,email
EFTA00709404.pdf,data-set-9-files-27,1,email
EFTA00709405.pdf,data-set-9-files-27,1,email
EFTA00709406.pdf,data-set-9-files-27,1,email
EFTA00709407.pdf,data-set-9-files-27,1,email
EFTA00709408.pdf,data-set-9-files-27,1,email
EFTA00709409.pdf,data-set-9-files-27,1,email
EFTA00709410.pdf,data-set-9-files-27,2,email
EFTA00709412.pdf,data-set-9-files-27,2,email
EFTA00709414.pdf,data-set-9-files-27,1,email
EFTA00709415.pdf,data-set-9-files-27,1,email
EFTA00709416.pdf,data-set-9-files-27,2,email
EFTA00709418.pdf,data-set-9-files-27,1,email
EFTA00709419.pdf,data-set-9-files-27,1,email
EFTA00709420.pdf,data-set-9-files-27,2,email
EFTA00709422.pdf,data-set-9-files-27,2,email
EFTA00709424.pdf,data-set-9-files-27,1,email
EFTA00709425.pdf,data-set-9-files-27,1,email
EFTA00709426.pdf,data-set-9-files-27,1,email
EFTA00709427.pdf,data-set-9-files-27,3,email
EFTA00709430.pdf,data-set-9-files-27,3,email
EFTA00709433.pdf,data-set-9-files-27,1,email
EFTA00709434.pdf,data-set-9-files-27,1,email
EFTA00709435.pdf,data-set-9-files-27,1,email
EFTA00709436.pdf,data-set-9-files-27,1,email
EFTA00709437.pdf,data-set-9-files-27,5,email
EFTA00709442.pdf,data-set-9-files-27,1,email
EFTA00709443.pdf,data-set-9-files-27,3,email
EFTA00709446.pdf,data-set-9-files-27,1,email
EFTA00709447.pdf,data-set-9-files-27,2,email
EFTA00709449.pdf,data-set-9-files-27,2,email
EFTA00709451.pdf,data-set-9-files-27,3,email
EFTA00709454.pdf,data-set-9-files-27,5,email
EFTA00709459.pdf,data-set-9-files-27,16,email
EFTA00709475.pdf,data-set-9-files-27,1,email
EFTA00709476.pdf,data-set-9-files-27,1,email
EFTA00709477.pdf,data-set-9-files-27,2,email
EFTA00709479.pdf,data-set-9-files-27,1,email
EFTA00709480.pdf,data-set-9-files-27,1,email
EFTA00709481.pdf,data-set-9-files-27,2,email
EFTA00709483.pdf,data-set-9-files-27,2,email
EFTA00709485.pdf,data-set-9-files-27,2,email
EFTA00709487.pdf,data-set-9-files-27,1,email
EFTA00709488.pdf,data-set-9-files-27,1,other
EFTA00709489.pdf,data-set-9-files-27,1,email
EFTA00709490.pdf,data-set-9-files-27,2,email
EFTA00709492.pdf,data-set-9-files-27,1,email
EFTA00709493.pdf,data-set-9-files-27,2,email
EFTA00709495.pdf,data-set-9-files-27,1,email
EFTA00709496.pdf,data-set-9-files-27,2,email
EFTA00709498.pdf,data-set-9-files-27,1,email
EFTA00709499.pdf,data-set-9-files-27,1,email
EFTA00709500.pdf,data-set-9-files-27,2,email
EFTA00709502.pdf,data-set-9-files-27,1,email
EFTA00709503.pdf,data-set-9-files-27,1,email
EFTA00709504.pdf,data-set-9-files-27,1,email
EFTA00709505.pdf,data-set-9-files-27,1,email
EFTA00709506.pdf,data-set-9-files-27,1,email
EFTA00709507.pdf,data-set-9-files-27,1,email
EFTA00709508.pdf,data-set-9-files-27,2,email
EFTA00709510.pdf,data-set-9-files-27,1,email
EFTA00709511.pdf,data-set-9-files-27,2,email
EFTA00709513.pdf,data-set-9-files-27,1,email
EFTA00709514.pdf,data-set-9-files-27,2,email
EFTA00709516.pdf,data-set-9-files-27,1,email
EFTA00709517.pdf,data-set-9-files-27,4,email
EFTA00709521.pdf,data-set-9-files-27,2,email
EFTA00709523.pdf,data-set-9-files-27,2,email
EFTA00709525.pdf,data-set-9-files-27,1,other
EFTA00709526.pdf,data-set-9-files-27,1,email
EFTA00709527.pdf,data-set-9-files-27,1,email
EFTA00709528.pdf,data-set-9-files-27,2,email
EFTA00709530.pdf,data-set-9-files-27,2,email
EFTA00709532.pdf,data-set-9-files-27,1,email
EFTA00709533.pdf,data-set-9-files-27,3,email
EFTA00709536.pdf,data-set-9-files-27,1,email
EFTA00709537.pdf,data-set-9-files-27,2,email
EFTA00709539.pdf,data-set-9-files-27,1,email
EFTA00709540.pdf,data-set-9-files-27,1,email
EFTA00709541.pdf,data-set-9-files-27,2,email
EFTA00709543.pdf,data-set-9-files-27,2,email
EFTA00709545.pdf,data-set-9-files-27,1,email
EFTA00709546.pdf,data-set-9-files-27,2,email
EFTA00709548.pdf,data-set-9-files-27,2,email
EFTA00709550.pdf,data-set-9-files-27,1,email
EFTA00709551.pdf,data-set-9-files-27,1,email
EFTA00709552.pdf,data-set-9-files-27,1,email
EFTA00709553.pdf,data-set-9-files-27,1,email
EFTA00709554.pdf,data-set-9-files-27,4,email
EFTA00709558.pdf,data-set-9-files-27,1,email
EFTA00709559.pdf,data-set-9-files-27,2,email
EFTA00709561.pdf,data-set-9-files-27,1,email
EFTA00709562.pdf,data-set-9-files-27,1,email
EFTA00709563.pdf,data-set-9-files-27,1,email
EFTA00709564.pdf,data-set-9-files-27,2,email
EFTA00709566.pdf,data-set-9-files-27,1,email
EFTA00709567.pdf,data-set-9-files-27,1,email
EFTA00709568.pdf,data-set-9-files-27,1,photo
EFTA00709569.pdf,data-set-9-files-27,1,photo
EFTA00709570.pdf,data-set-9-files-27,1,photo
EFTA00709571.pdf,data-set-9-files-27,1,photo
EFTA00709572.pdf,data-set-9-files-27,2,email
EFTA00709574.pdf,data-set-9-files-27,1,email
EFTA00709575.pdf,data-set-9-files-27,2,email
EFTA00709577.pdf,data-set-9-files-27,1,other
EFTA00709578.pdf,data-set-9-files-27,1,email
EFTA00709579.pdf,data-set-9-files-27,1,email
EFTA00709580.pdf,data-set-9-files-27,1,email
EFTA00709581.pdf,data-set-9-files-27,1,other
EFTA00709582.pdf,data-set-9-files-27,2,email
EFTA00709584.pdf,data-set-9-files-27,1,other
EFTA00709585.pdf,data-set-9-files-27,1,email
EFTA00709586.pdf,data-set-9-files-27,1,email
EFTA00709587.pdf,data-set-9-files-27,1,email
EFTA00709588.pdf,data-set-9-files-27,1,email
EFTA00709589.pdf,data-set-9-files-27,1,other
EFTA00709590.pdf,data-set-9-files-27,1,email
EFTA00709591.pdf,data-set-9-files-27,1,email
EFTA00709592.pdf,data-set-9-files-27,1,email
EFTA00709593.pdf,data-set-9-files-27,2,email
EFTA00709595.pdf,data-set-9-files-27,1,email
EFTA00709596.pdf,data-set-9-files-27,1,email
EFTA00709597.pdf,data-set-9-files-27,2,email
EFTA00709599.pdf,data-set-9-files-27,1,email
EFTA00709600.pdf,data-set-9-files-27,2,email
EFTA00709602.pdf,data-set-9-files-27,2,email
EFTA00709604.pdf,data-set-9-files-27,1,email
EFTA00709605.pdf,data-set-9-files-27,1,other
EFTA00709606.pdf,data-set-9-files-27,1,email
EFTA00709607.pdf,data-set-9-files-27,2,email
EFTA00709609.pdf,data-set-9-files-27,1,other
EFTA00709610.pdf,data-set-9-files-27,1,email
EFTA00709611.pdf,data-set-9-files-27,1,email
EFTA00709612.pdf,data-set-9-files-27,1,other
EFTA00709613.pdf,data-set-9-files-27,1,email
EFTA00709614.pdf,data-set-9-files-27,1,email
EFTA00709615.pdf,data-set-9-files-27,1,email
EFTA00709616.pdf,data-set-9-files-27,1,email
EFTA00709617.pdf,data-set-9-files-27,1,email
EFTA00709618.pdf,data-set-9-files-27,1,email
EFTA00709619.pdf,data-set-9-files-27,1,email
EFTA00709620.pdf,data-set-9-files-27,1,other
EFTA00709621.pdf,data-set-9-files-27,1,email
EFTA00709622.pdf,data-set-9-files-27,1,email
EFTA00709623.pdf,data-set-9-files-27,1,email
EFTA00709624.pdf,data-set-9-files-27,1,email
EFTA00709625.pdf,data-set-9-files-27,1,email
EFTA00709626.pdf,data-set-9-files-27,1,email
EFTA00709627.pdf,data-set-9-files-27,1,email
EFTA00709628.pdf,data-set-9-files-27,1,email
EFTA00709629.pdf,data-set-9-files-27,1,email
EFTA00709630.pdf,data-set-9-files-27,1,email
EFTA00709631.pdf,data-set-9-files-27,1,email
EFTA00709632.pdf,data-set-9-files-27,2,email
EFTA00709634.pdf,data-set-9-files-27,1,email
EFTA00709635.pdf,data-set-9-files-27,2,email
EFTA00709637.pdf,data-set-9-files-27,1,email
EFTA00709638.pdf,data-set-9-files-27,1,email
EFTA00709639.pdf,data-set-9-files-27,1,email
EFTA00709640.pdf,data-set-9-files-27,2,email
EFTA00709642.pdf,data-set-9-files-27,1,email
EFTA00709643.pdf,data-set-9-files-27,1,email
EFTA00709644.pdf,data-set-9-files-27,2,email
EFTA00709646.pdf,data-set-9-files-27,1,email
EFTA00709647.pdf,data-set-9-files-27,1,email
EFTA00709648.pdf,data-set-9-files-27,1,email
EFTA00709649.pdf,data-set-9-files-27,1,email
EFTA00709650.pdf,data-set-9-files-27,1,email
EFTA00709651.pdf,data-set-9-files-27,2,email
EFTA00709653.pdf,data-set-9-files-27,1,other
EFTA00709654.pdf,data-set-9-files-27,1,email
EFTA00709655.pdf,data-set-9-files-27,1,email
EFTA00709656.pdf,data-set-9-files-27,1,email
EFTA00709657.pdf,data-set-9-files-27,1,email
EFTA00709658.pdf,data-set-9-files-27,1,email
EFTA00709659.pdf,data-set-9-files-27,2,email
EFTA00709661.pdf,data-set-9-files-27,1,email
EFTA00709662.pdf,data-set-9-files-27,1,email
EFTA00709663.pdf,data-set-9-files-27,1,email
EFTA00709664.pdf,data-set-9-files-27,1,email
EFTA00709665.pdf,data-set-9-files-27,1,email
EFTA00709666.pdf,data-set-9-files-27,1,email
EFTA00709667.pdf,data-set-9-files-27,1,email
EFTA00709668.pdf,data-set-9-files-27,1,email
EFTA00709669.pdf,data-set-9-files-27,1,email
EFTA00709670.pdf,data-set-9-files-27,1,other
EFTA00709671.pdf,data-set-9-files-27,1,email
EFTA00709672.pdf,data-set-9-files-27,1,email
EFTA00709673.pdf,data-set-9-files-27,1,other
EFTA00709674.pdf,data-set-9-files-27,2,email
EFTA00709676.pdf,data-set-9-files-27,1,email
EFTA00709677.pdf,data-set-9-files-27,1,other
EFTA00709678.pdf,data-set-9-files-27,1,email
EFTA00709679.pdf,data-set-9-files-27,1,other
EFTA00709680.pdf,data-set-9-files-27,1,email
EFTA00709681.pdf,data-set-9-files-27,2,email
EFTA00709683.pdf,data-set-9-files-27,1,email
EFTA00709684.pdf,data-set-9-files-27,1,email
EFTA00709685.pdf,data-set-9-files-27,1,other
EFTA00709686.pdf,data-set-9-files-27,1,email
EFTA00709687.pdf,data-set-9-files-27,1,email
EFTA00709688.pdf,data-set-9-files-27,1,email
EFTA00709689.pdf,data-set-9-files-27,1,email
EFTA00709690.pdf,data-set-9-files-27,1,other
EFTA00709691.pdf,data-set-9-files-27,1,email
EFTA00709692.pdf,data-set-9-files-27,1,email
EFTA00709693.pdf,data-set-9-files-27,1,other
EFTA00709694.pdf,data-set-9-files-27,1,email
EFTA00709695.pdf,data-set-9-files-27,1,email
EFTA00709696.pdf,data-set-9-files-27,1,email
EFTA00709697.pdf,data-set-9-files-27,1,email
EFTA00709698.pdf,data-set-9-files-27,1,email
EFTA00709699.pdf,data-set-9-files-27,1,email
EFTA00709700.pdf,data-set-9-files-27,1,email
EFTA00709701.pdf,data-set-9-files-27,1,email
EFTA00709702.pdf,data-set-9-files-27,1,email
EFTA00709703.pdf,data-set-9-files-27,1,email
EFTA00709704.pdf,data-set-9-files-27,1,email
EFTA00709705.pdf,data-set-9-files-27,1,email
EFTA00709706.pdf,data-set-9-files-27,1,other
EFTA00709707.pdf,data-set-9-files-27,1,email
EFTA00709708.pdf,data-set-9-files-27,1,email
EFTA00709709.pdf,data-set-9-files-27,1,email
EFTA00709710.pdf,data-set-9-files-27,1,email
EFTA00709711.pdf,data-set-9-files-27,1,other
EFTA00709712.pdf,data-set-9-files-27,1,other
EFTA00709713.pdf,data-set-9-files-27,1,email
EFTA00709714.pdf,data-set-9-files-27,1,other
EFTA00709715.pdf,data-set-9-files-27,2,email
EFTA00709717.pdf,data-set-9-files-27,1,email
EFTA00709718.pdf,data-set-9-files-27,1,email
EFTA00709719.pdf,data-set-9-files-27,1,email
EFTA00709720.pdf,data-set-9-files-27,1,email
EFTA00709721.pdf,data-set-9-files-27,1,email
EFTA00709722.pdf,data-set-9-files-27,2,email
EFTA00709724.pdf,data-set-9-files-27,2,email
EFTA00709726.pdf,data-set-9-files-27,1,email
EFTA00709727.pdf,data-set-9-files-27,1,email
EFTA00709728.pdf,data-set-9-files-27,2,email
EFTA00709730.pdf,data-set-9-files-27,1,email
EFTA00709731.pdf,data-set-9-files-27,1,email
EFTA00709732.pdf,data-set-9-files-27,1,email
EFTA00709733.pdf,data-set-9-files-27,1,email
EFTA00709734.pdf,data-set-9-files-27,1,email
EFTA00709735.pdf,data-set-9-files-27,1,email
EFTA00709736.pdf,data-set-9-files-27,2,email
EFTA00709738.pdf,data-set-9-files-27,1,email
EFTA00709739.pdf,data-set-9-files-27,1,email
EFTA00709740.pdf,data-set-9-files-27,1,email
EFTA00709741.pdf,data-set-9-files-27,1,email
EFTA00709742.pdf,data-set-9-files-27,1,email
EFTA00709743.pdf,data-set-9-files-27,2,email
EFTA00709745.pdf,data-set-9-files-27,1,email
EFTA00709746.pdf,data-set-9-files-27,3,email
EFTA00709749.pdf,data-set-9-files-27,1,email
EFTA00709750.pdf,data-set-9-files-27,1,email
EFTA00709751.pdf,data-set-9-files-27,1,email
EFTA00709752.pdf,data-set-9-files-27,1,email
EFTA00709753.pdf,data-set-9-files-27,1,email
EFTA00709754.pdf,data-set-9-files-27,1,email
EFTA00709755.pdf,data-set-9-files-27,1,email
EFTA00709756.pdf,data-set-9-files-27,1,email
EFTA00709757.pdf,data-set-9-files-27,2,email
EFTA00709759.pdf,data-set-9-files-27,1,email
EFTA00709760.pdf,data-set-9-files-27,1,email
EFTA00709761.pdf,data-set-9-files-27,1,email
EFTA00709762.pdf,data-set-9-files-27,2,other
EFTA00709764.pdf,data-set-9-files-27,1,email
EFTA00709765.pdf,data-set-9-files-27,1,email
EFTA00709766.pdf,data-set-9-files-27,3,email
EFTA00709769.pdf,data-set-9-files-27,1,email
EFTA00709770.pdf,data-set-9-files-27,1,email
EFTA00709771.pdf,data-set-9-files-27,1,email
EFTA00709772.pdf,data-set-9-files-27,1,other
EFTA00709773.pdf,data-set-9-files-27,1,other
EFTA00709774.pdf,data-set-9-files-27,1,other
EFTA00709775.pdf,data-set-9-files-27,1,email
EFTA00709776.pdf,data-set-9-files-27,1,email
EFTA00709777.pdf,data-set-9-files-27,1,email
EFTA00709778.pdf,data-set-9-files-27,2,email
EFTA00709780.pdf,data-set-9-files-27,2,email
EFTA00709782.pdf,data-set-9-files-27,1,email
EFTA00709783.pdf,data-set-9-files-27,1,email
EFTA00709784.pdf,data-set-9-files-27,2,email
EFTA00709786.pdf,data-set-9-files-27,1,email
EFTA00709787.pdf,data-set-9-files-27,1,email
EFTA00709788.pdf,data-set-9-files-27,1,email
EFTA00709789.pdf,data-set-9-files-27,1,other
EFTA00709790.pdf,data-set-9-files-27,1,email
EFTA00709791.pdf,data-set-9-files-27,1,email
EFTA00709792.pdf,data-set-9-files-27,1,email
EFTA00709793.pdf,data-set-9-files-27,1,email
EFTA00709794.pdf,data-set-9-files-27,1,email
EFTA00709795.pdf,data-set-9-files-27,1,email
EFTA00709796.pdf,data-set-9-files-27,2,email
EFTA00709798.pdf,data-set-9-files-27,2,email
EFTA00709800.pdf,data-set-9-files-27,1,email
EFTA00709801.pdf,data-set-9-files-27,1,email
EFTA00709802.pdf,data-set-9-files-27,2,email
EFTA00709808.pdf,data-set-9-files-27,1,email
EFTA00709809.pdf,data-set-9-files-27,1,email
EFTA00709810.pdf,data-set-9-files-27,3,email
EFTA00709813.pdf,data-set-9-files-27,1,email
EFTA00709814.pdf,data-set-9-files-27,2,email
EFTA00709816.pdf,data-set-9-files-27,1,other
EFTA00709817.pdf,data-set-9-files-27,1,other
EFTA00709818.pdf,data-set-9-files-27,2,email
EFTA00709820.pdf,data-set-9-files-27,1,email
EFTA00709821.pdf,data-set-9-files-27,1,email
EFTA00709822.pdf,data-set-9-files-27,1,email
EFTA00709823.pdf,data-set-9-files-27,1,email
EFTA00709824.pdf,data-set-9-files-27,1,email
EFTA00709825.pdf,data-set-9-files-27,1,email
EFTA00709826.pdf,data-set-9-files-27,1,email
EFTA00709827.pdf,data-set-9-files-27,1,email
EFTA00709828.pdf,data-set-9-files-27,1,email
EFTA00709829.pdf,data-set-9-files-27,1,email
EFTA00709830.pdf,data-set-9-files-27,1,email
EFTA00709831.pdf,data-set-9-files-27,1,email
EFTA00709832.pdf,data-set-9-files-27,1,email
EFTA00709833.pdf,data-set-9-files-27,1,email
EFTA00709834.pdf,data-set-9-files-27,1,email
EFTA00709835.pdf,data-set-9-files-27,1,other
EFTA00709836.pdf,data-set-9-files-27,1,email
EFTA00709837.pdf,data-set-9-files-27,1,email
EFTA00709838.pdf,data-set-9-files-27,1,email
EFTA00709839.pdf,data-set-9-files-27,1,email
EFTA00709840.pdf,data-set-9-files-27,1,email
EFTA00709841.pdf,data-set-9-files-27,2,email
EFTA00709843.pdf,data-set-9-files-27,1,email
EFTA00709844.pdf,data-set-9-files-27,1,email
EFTA00709845.pdf,data-set-9-files-27,1,email
EFTA00709846.pdf,data-set-9-files-27,1,email
EFTA00709847.pdf,data-set-9-files-27,1,email
EFTA00709848.pdf,data-set-9-files-27,1,email
EFTA00709849.pdf,data-set-9-files-27,1,email
EFTA00709850.pdf,data-set-9-files-27,2,email
EFTA00709852.pdf,data-set-9-files-27,1,other
EFTA00709853.pdf,data-set-9-files-27,1,email
EFTA00709854.pdf,data-set-9-files-27,2,email
EFTA00709856.pdf,data-set-9-files-27,1,email
EFTA00709857.pdf,data-set-9-files-27,1,email
EFTA00709858.pdf,data-set-9-files-27,1,email
EFTA00709859.pdf,data-set-9-files-27,2,email
EFTA00709861.pdf,data-set-9-files-27,3,email
EFTA00709864.pdf,data-set-9-files-27,1,email
EFTA00709865.pdf,data-set-9-files-27,1,email
EFTA00709866.pdf,data-set-9-files-27,1,email
EFTA00709867.pdf,data-set-9-files-27,1,email
EFTA00709868.pdf,data-set-9-files-27,1,email
EFTA00709869.pdf,data-set-9-files-27,1,email
EFTA00709870.pdf,data-set-9-files-27,1,other
EFTA00709871.pdf,data-set-9-files-27,2,email
EFTA00709873.pdf,data-set-9-files-27,1,email
EFTA00709874.pdf,data-set-9-files-27,1,email
EFTA00709875.pdf,data-set-9-files-27,1,email
EFTA00709876.pdf,data-set-9-files-27,2,email
EFTA00709878.pdf,data-set-9-files-27,5,email
EFTA00709883.pdf,data-set-9-files-27,1,email
EFTA00709884.pdf,data-set-9-files-27,1,other
EFTA00709885.pdf,data-set-9-files-27,1,email
EFTA00709886.pdf,data-set-9-files-27,1,other
EFTA00709887.pdf,data-set-9-files-27,2,email
EFTA00709889.pdf,data-set-9-files-27,1,other
EFTA00709890.pdf,data-set-9-files-27,1,email
EFTA00709891.pdf,data-set-9-files-27,1,email
EFTA00709892.pdf,data-set-9-files-27,1,other
EFTA00709893.pdf,data-set-9-files-27,2,email
EFTA00709895.pdf,data-set-9-files-27,1,email
EFTA00709896.pdf,data-set-9-files-27,1,email
EFTA00709897.pdf,data-set-9-files-27,2,email
EFTA00709899.pdf,data-set-9-files-27,2,email
EFTA00709901.pdf,data-set-9-files-27,1,email
EFTA00709902.pdf,data-set-9-files-27,1,email
EFTA00709903.pdf,data-set-9-files-27,2,email
EFTA00709905.pdf,data-set-9-files-27,1,email
EFTA00709906.pdf,data-set-9-files-27,1,other
EFTA00709907.pdf,data-set-9-files-27,1,email
EFTA00709908.pdf,data-set-9-files-27,1,email
EFTA00709909.pdf,data-set-9-files-27,2,email
EFTA00709911.pdf,data-set-9-files-27,1,email
EFTA00709912.pdf,data-set-9-files-27,1,other
EFTA00709913.pdf,data-set-9-files-27,1,email
EFTA00709914.pdf,data-set-9-files-27,2,email
EFTA00709916.pdf,data-set-9-files-27,2,email
EFTA00709918.pdf,data-set-9-files-27,1,other
EFTA00709919.pdf,data-set-9-files-27,1,email
EFTA00709920.pdf,data-set-9-files-27,2,email
EFTA00709922.pdf,data-set-9-files-27,1,email
EFTA00709923.pdf,data-set-9-files-27,4,email
EFTA00709927.pdf,data-set-9-files-27,2,email
EFTA00709929.pdf,data-set-9-files-27,1,email
EFTA00709930.pdf,data-set-9-files-27,1,email
EFTA00709931.pdf,data-set-9-files-27,2,email
EFTA00709933.pdf,data-set-9-files-27,3,email
EFTA00709936.pdf,data-set-9-files-27,1,other
EFTA00709937.pdf,data-set-9-files-27,1,email
EFTA00709938.pdf,data-set-9-files-27,1,other
EFTA00709939.pdf,data-set-9-files-27,1,email
EFTA00709940.pdf,data-set-9-files-27,1,email
EFTA00709941.pdf,data-set-9-files-27,1,email
EFTA00709942.pdf,data-set-9-files-27,1,email
EFTA00709943.pdf,data-set-9-files-27,2,email
EFTA00709945.pdf,data-set-9-files-27,1,email
EFTA00709946.pdf,data-set-9-files-27,1,email
EFTA00709947.pdf,data-set-9-files-27,1,email
EFTA00709948.pdf,data-set-9-files-27,1,other
EFTA00709949.pdf,data-set-9-files-27,1,email
EFTA00709950.pdf,data-set-9-files-27,1,email
EFTA00709951.pdf,data-set-9-files-27,1,other
EFTA00709952.pdf,data-set-9-files-27,1,email
EFTA00709953.pdf,data-set-9-files-27,1,email
EFTA00709954.pdf,data-set-9-files-27,1,email
EFTA00709955.pdf,data-set-9-files-27,2,email
EFTA00709957.pdf,data-set-9-files-27,1,other
EFTA00709958.pdf,data-set-9-files-27,2,email
EFTA00709960.pdf,data-set-9-files-27,1,email
EFTA00709961.pdf,data-set-9-files-27,1,email
EFTA00709962.pdf,data-set-9-files-27,1,other
EFTA00709963.pdf,data-set-9-files-27,1,email
EFTA00709964.pdf,data-set-9-files-27,1,email
EFTA00709965.pdf,data-set-9-files-27,2,email
EFTA00709967.pdf,data-set-9-files-27,2,email
EFTA00709969.pdf,data-set-9-files-27,3,other
EFTA00709972.pdf,data-set-9-files-27,1,email
EFTA00709973.pdf,data-set-9-files-27,2,email
EFTA00709975.pdf,data-set-9-files-27,1,email
EFTA00709976.pdf,data-set-9-files-27,1,email
EFTA00709977.pdf,data-set-9-files-27,1,email
EFTA00709978.pdf,data-set-9-files-27,1,email
EFTA00709979.pdf,data-set-9-files-27,2,email
EFTA00709981.pdf,data-set-9-files-27,1,email
EFTA00709982.pdf,data-set-9-files-27,1,email
EFTA00709983.pdf,data-set-9-files-27,5,email
EFTA00709988.pdf,data-set-9-files-27,1,email
EFTA00709989.pdf,data-set-9-files-27,1,email
EFTA00709990.pdf,data-set-9-files-27,1,email
EFTA00709991.pdf,data-set-9-files-27,3,email
EFTA00709994.pdf,data-set-9-files-27,1,email
EFTA00709995.pdf,data-set-9-files-27,1,email
EFTA00709996.pdf,data-set-9-files-27,1,other
EFTA00709997.pdf,data-set-9-files-27,2,email
EFTA00709999.pdf,data-set-9-files-27,1,other
EFTA00710000.pdf,data-set-9-files-27,2,email
EFTA00710002.pdf,data-set-9-files-27,1,email
EFTA00710003.pdf,data-set-9-files-27,1,email
EFTA00710004.pdf,data-set-9-files-27,1,email
EFTA00710005.pdf,data-set-9-files-27,1,email
EFTA00710006.pdf,data-set-9-files-27,1,other
EFTA00710007.pdf,data-set-9-files-27,1,other
EFTA00710008.pdf,data-set-9-files-27,1,email
EFTA00710009.pdf,data-set-9-files-27,1,email
EFTA00710010.pdf,data-set-9-files-27,1,email
EFTA00710011.pdf,data-set-9-files-27,1,email
EFTA00710012.pdf,data-set-9-files-27,1,email
EFTA00710013.pdf,data-set-9-files-27,1,other
EFTA00710014.pdf,data-set-9-files-27,2,email
EFTA00710016.pdf,data-set-9-files-27,1,email
EFTA00710017.pdf,data-set-9-files-27,1,email
EFTA00710018.pdf,data-set-9-files-27,1,email
EFTA00710019.pdf,data-set-9-files-27,2,email
EFTA00710021.pdf,data-set-9-files-27,1,email
EFTA00710022.pdf,data-set-9-files-27,1,email
EFTA00710023.pdf,data-set-9-files-27,1,email
EFTA00710024.pdf,data-set-9-files-27,2,email
EFTA00710026.pdf,data-set-9-files-27,1,email
EFTA00710027.pdf,data-set-9-files-27,1,email
EFTA00710028.pdf,data-set-9-files-27,2,email
EFTA00710030.pdf,data-set-9-files-27,1,email
EFTA00710031.pdf,data-set-9-files-27,2,email
EFTA00710033.pdf,data-set-9-files-27,1,email
EFTA00710034.pdf,data-set-9-files-27,1,email
EFTA00710035.pdf,data-set-9-files-27,1,email
EFTA00710036.pdf,data-set-9-files-27,1,email
EFTA00710037.pdf,data-set-9-files-27,1,email
EFTA00710038.pdf,data-set-9-files-27,4,email
EFTA00710042.pdf,data-set-9-files-27,5,email
EFTA00710047.pdf,data-set-9-files-27,1,email
EFTA00710048.pdf,data-set-9-files-27,2,email
EFTA00710050.pdf,data-set-9-files-27,1,email
EFTA00710051.pdf,data-set-9-files-27,2,email
EFTA00710053.pdf,data-set-9-files-27,7,email
EFTA00710060.pdf,data-set-9-files-27,3,email
EFTA00710063.pdf,data-set-9-files-27,1,email
EFTA00710064.pdf,data-set-9-files-27,2,email
EFTA00710066.pdf,data-set-9-files-27,2,email
EFTA00710068.pdf,data-set-9-files-27,1,email
EFTA00710069.pdf,data-set-9-files-27,2,email
EFTA00710071.pdf,data-set-9-files-27,1,email
EFTA00710072.pdf,data-set-9-files-27,1,email
EFTA00710073.pdf,data-set-9-files-27,2,email
EFTA00710075.pdf,data-set-9-files-27,1,email
EFTA00710076.pdf,data-set-9-files-27,1,email
EFTA00710077.pdf,data-set-9-files-27,2,email
EFTA00710079.pdf,data-set-9-files-27,2,email
EFTA00710081.pdf,data-set-9-files-27,2,email
EFTA00710083.pdf,data-set-9-files-27,1,email
EFTA00710084.pdf,data-set-9-files-27,1,email
EFTA00710085.pdf,data-set-9-files-27,1,email
EFTA00710086.pdf,data-set-9-files-27,1,email
EFTA00710087.pdf,data-set-9-files-27,1,email
EFTA00710088.pdf,data-set-9-files-27,1,email
EFTA00710089.pdf,data-set-9-files-27,1,email
EFTA00710090.pdf,data-set-9-files-27,1,email
EFTA00710091.pdf,data-set-9-files-27,1,email
EFTA00710092.pdf,data-set-9-files-27,2,email
EFTA00710094.pdf,data-set-9-files-27,1,other
EFTA00710095.pdf,data-set-9-files-27,1,email
EFTA00710096.pdf,data-set-9-files-27,1,email
EFTA00710097.pdf,data-set-9-files-27,1,email
EFTA00710098.pdf,data-set-9-files-27,1,email
EFTA00710099.pdf,data-set-9-files-27,1,other
EFTA00710100.pdf,data-set-9-files-27,1,email
EFTA00710101.pdf,data-set-9-files-27,2,email
EFTA00710103.pdf,data-set-9-files-27,1,email
EFTA00710104.pdf,data-set-9-files-27,1,email
EFTA00710105.pdf,data-set-9-files-27,1,email
EFTA00710106.pdf,data-set-9-files-27,1,email
EFTA00710107.pdf,data-set-9-files-27,2,email
EFTA00710109.pdf,data-set-9-files-27,1,email
EFTA00710110.pdf,data-set-9-files-27,1,email
EFTA00710111.pdf,data-set-9-files-27,2,email
EFTA00710113.pdf,data-set-9-files-27,1,email
EFTA00710114.pdf,data-set-9-files-27,1,email
EFTA00710115.pdf,data-set-9-files-27,1,email
EFTA00710116.pdf,data-set-9-files-27,1,email
EFTA00710117.pdf,data-set-9-files-27,2,email
EFTA00710119.pdf,data-set-9-files-27,1,email
EFTA00710120.pdf,data-set-9-files-27,1,email
EFTA00710121.pdf,data-set-9-files-27,1,email
EFTA00710122.pdf,data-set-9-files-27,1,email
EFTA00710123.pdf,data-set-9-files-27,1,other
EFTA00710124.pdf,data-set-9-files-27,1,email
EFTA00710125.pdf,data-set-9-files-27,1,email
EFTA00710126.pdf,data-set-9-files-27,1,email
EFTA00710127.pdf,data-set-9-files-27,2,email
EFTA00710129.pdf,data-set-9-files-27,1,email
EFTA00710130.pdf,data-set-9-files-27,1,email
EFTA00710131.pdf,data-set-9-files-27,2,email
EFTA00710133.pdf,data-set-9-files-27,1,email
EFTA00710134.pdf,data-set-9-files-27,2,email
EFTA00710136.pdf,data-set-9-files-27,1,email
EFTA00710137.pdf,data-set-9-files-27,1,email
EFTA00710138.pdf,data-set-9-files-27,1,email
EFTA00710139.pdf,data-set-9-files-27,1,email
EFTA00710140.pdf,data-set-9-files-27,1,email
EFTA00710141.pdf,data-set-9-files-27,1,email
EFTA00710142.pdf,data-set-9-files-27,2,email
EFTA00710144.pdf,data-set-9-files-27,3,email
EFTA00710147.pdf,data-set-9-files-27,1,email
EFTA00710148.pdf,data-set-9-files-27,1,email
EFTA00710149.pdf,data-set-9-files-27,1,other
EFTA00710150.pdf,data-set-9-files-27,1,email
EFTA00710151.pdf,data-set-9-files-27,1,other
EFTA00710152.pdf,data-set-9-files-27,1,email
EFTA00710153.pdf,data-set-9-files-27,1,email
EFTA00710154.pdf,data-set-9-files-27,1,other
EFTA00710155.pdf,data-set-9-files-27,1,email
EFTA00710156.pdf,data-set-9-files-27,2,email
EFTA00710158.pdf,data-set-9-files-27,1,email
EFTA00710159.pdf,data-set-9-files-27,1,email
EFTA00710160.pdf,data-set-9-files-27,1,email
EFTA00710161.pdf,data-set-9-files-27,1,email
EFTA00710162.pdf,data-set-9-files-27,1,other
EFTA00710163.pdf,data-set-9-files-27,1,email
EFTA00710164.pdf,data-set-9-files-27,1,email
EFTA00710165.pdf,data-set-9-files-27,1,email
EFTA00710166.pdf,data-set-9-files-27,1,email
EFTA00710167.pdf,data-set-9-files-27,3,email
EFTA00710170.pdf,data-set-9-files-27,2,email
EFTA00710172.pdf,data-set-9-files-27,1,email
EFTA00710173.pdf,data-set-9-files-27,1,email
EFTA00710174.pdf,data-set-9-files-27,3,email
EFTA00710177.pdf,data-set-9-files-27,1,email
EFTA00710178.pdf,data-set-9-files-27,1,email
EFTA00710179.pdf,data-set-9-files-27,1,email
EFTA00710180.pdf,data-set-9-files-27,1,email
EFTA00710181.pdf,data-set-9-files-27,2,email
EFTA00710183.pdf,data-set-9-files-27,1,email
EFTA00710184.pdf,data-set-9-files-27,5,email
EFTA00710189.pdf,data-set-9-files-27,1,email
EFTA00710190.pdf,data-set-9-files-27,1,email
EFTA00710191.pdf,data-set-9-files-27,1,email
EFTA00710192.pdf,data-set-9-files-27,4,email
EFTA00710196.pdf,data-set-9-files-27,1,email
EFTA00710197.pdf,data-set-9-files-27,1,email
EFTA00710198.pdf,data-set-9-files-27,1,email
EFTA00710199.pdf,data-set-9-files-27,2,email
EFTA00710201.pdf,data-set-9-files-27,1,email
EFTA00710202.pdf,data-set-9-files-27,1,email
EFTA00710203.pdf,data-set-9-files-27,2,email
EFTA00710205.pdf,data-set-9-files-27,1,email
EFTA00710206.pdf,data-set-9-files-27,1,email
EFTA00710207.pdf,data-set-9-files-27,1,email
EFTA00710208.pdf,data-set-9-files-27,2,email
EFTA00710210.pdf,data-set-9-files-27,1,other
EFTA00710211.pdf,data-set-9-files-27,3,email
EFTA00710214.pdf,data-set-9-files-27,1,email
EFTA00710215.pdf,data-set-9-files-27,1,other
EFTA00710216.pdf,data-set-9-files-27,1,other
EFTA00710217.pdf,data-set-9-files-27,1,email
EFTA00710218.pdf,data-set-9-files-27,1,email
EFTA00710219.pdf,data-set-9-files-27,1,email
EFTA00710220.pdf,data-set-9-files-27,1,email
EFTA00710221.pdf,data-set-9-files-27,2,email
EFTA00710223.pdf,data-set-9-files-27,1,email
EFTA00710224.pdf,data-set-9-files-27,1,email
EFTA00710225.pdf,data-set-9-files-27,1,email
EFTA00710226.pdf,data-set-9-files-27,1,email
EFTA00710227.pdf,data-set-9-files-27,1,email
EFTA00710228.pdf,data-set-9-files-27,2,email
EFTA00710230.pdf,data-set-9-files-27,1,other
EFTA00710231.pdf,data-set-9-files-27,1,email
EFTA00710232.pdf,data-set-9-files-27,1,email
EFTA00710233.pdf,data-set-9-files-27,1,email
EFTA00710234.pdf,data-set-9-files-27,1,email
EFTA00710235.pdf,data-set-9-files-27,1,email
EFTA00710236.pdf,data-set-9-files-27,1,email
EFTA00710237.pdf,data-set-9-files-27,1,email
EFTA00710238.pdf,data-set-9-files-27,1,email
EFTA00710239.pdf,data-set-9-files-27,1,email
EFTA00710240.pdf,data-set-9-files-27,1,email
EFTA00710241.pdf,data-set-9-files-27,1,email
EFTA00710242.pdf,data-set-9-files-27,1,email
EFTA00710243.pdf,data-set-9-files-27,2,email
EFTA00710245.pdf,data-set-9-files-27,1,email
EFTA00710246.pdf,data-set-9-files-27,2,email
EFTA00710248.pdf,data-set-9-files-27,1,email
EFTA00710249.pdf,data-set-9-files-27,1,email
EFTA00710250.pdf,data-set-9-files-27,1,email
EFTA00710251.pdf,data-set-9-files-27,2,email
EFTA00710253.pdf,data-set-9-files-27,1,email
EFTA00710254.pdf,data-set-9-files-27,1,email
EFTA00710255.pdf,data-set-9-files-27,1,other
EFTA00710256.pdf,data-set-9-files-27,1,email
EFTA00710257.pdf,data-set-9-files-27,2,email
EFTA00710259.pdf,data-set-9-files-27,1,email
EFTA00710260.pdf,data-set-9-files-27,2,email
EFTA00710262.pdf,data-set-9-files-27,2,email
EFTA00710264.pdf,data-set-9-files-27,1,email
EFTA00710265.pdf,data-set-9-files-27,1,other
EFTA00710266.pdf,data-set-9-files-27,1,other
EFTA00710267.pdf,data-set-9-files-27,1,email
EFTA00710268.pdf,data-set-9-files-27,1,email
EFTA00710269.pdf,data-set-9-files-27,1,email
EFTA00710270.pdf,data-set-9-files-27,1,other
EFTA00710271.pdf,data-set-9-files-27,1,email
EFTA00710272.pdf,data-set-9-files-27,1,email
EFTA00710273.pdf,data-set-9-files-27,1,email
EFTA00710274.pdf,data-set-9-files-27,1,other
EFTA00710275.pdf,data-set-9-files-27,1,email
EFTA00710276.pdf,data-set-9-files-27,1,email
EFTA00710277.pdf,data-set-9-files-27,2,email
EFTA00710279.pdf,data-set-9-files-27,1,email
EFTA00710280.pdf,data-set-9-files-27,1,email
EFTA00710281.pdf,data-set-9-files-27,4,email
EFTA00710285.pdf,data-set-9-files-27,2,email
EFTA00710287.pdf,data-set-9-files-27,1,email
EFTA00710288.pdf,data-set-9-files-27,2,email
EFTA00710290.pdf,data-set-9-files-27,1,email
EFTA00710291.pdf,data-set-9-files-27,1,email
EFTA00710292.pdf,data-set-9-files-27,2,email
EFTA00710294.pdf,data-set-9-files-27,1,email
EFTA00710295.pdf,data-set-9-files-27,1,email
EFTA00710296.pdf,data-set-9-files-27,1,email
EFTA00710297.pdf,data-set-9-files-27,2,email
EFTA00710299.pdf,data-set-9-files-27,1,email
EFTA00710300.pdf,data-set-9-files-27,1,other
EFTA00710301.pdf,data-set-9-files-27,1,email
EFTA00710302.pdf,data-set-9-files-27,1,email
EFTA00710303.pdf,data-set-9-files-27,1,email
EFTA00710304.pdf,data-set-9-files-27,1,email
EFTA00710305.pdf,data-set-9-files-27,1,email
EFTA00710306.pdf,data-set-9-files-27,1,email
EFTA00710307.pdf,data-set-9-files-27,2,email
EFTA00710309.pdf,data-set-9-files-27,1,email
EFTA00710310.pdf,data-set-9-files-27,1,email
EFTA00710311.pdf,data-set-9-files-27,1,email
EFTA00710312.pdf,data-set-9-files-27,1,email
EFTA00710313.pdf,data-set-9-files-27,1,email
EFTA00710314.pdf,data-set-9-files-27,2,email
EFTA00710316.pdf,data-set-9-files-27,1,email
EFTA00710317.pdf,data-set-9-files-27,1,email
EFTA00710318.pdf,data-set-9-files-27,1,other
EFTA00710319.pdf,data-set-9-files-27,1,email
EFTA00710320.pdf,data-set-9-files-27,1,email
EFTA00710321.pdf,data-set-9-files-27,2,email
EFTA00710323.pdf,data-set-9-files-27,2,email
EFTA00710325.pdf,data-set-9-files-27,1,email
EFTA00710326.pdf,data-set-9-files-27,2,email
EFTA00710328.pdf,data-set-9-files-27,1,email
EFTA00710329.pdf,data-set-9-files-27,1,email
EFTA00710330.pdf,data-set-9-files-27,1,email
EFTA00710331.pdf,data-set-9-files-27,2,email
EFTA00710333.pdf,data-set-9-files-27,2,email
EFTA00710335.pdf,data-set-9-files-27,1,email
EFTA00710336.pdf,data-set-9-files-27,1,email
EFTA00710337.pdf,data-set-9-files-27,1,email
EFTA00710338.pdf,data-set-9-files-27,1,email
EFTA00710339.pdf,data-set-9-files-27,2,email
EFTA00710341.pdf,data-set-9-files-27,1,other
EFTA00710342.pdf,data-set-9-files-27,1,email
EFTA00710343.pdf,data-set-9-files-27,1,email
EFTA00710344.pdf,data-set-9-files-27,1,email
EFTA00710345.pdf,data-set-9-files-27,1,email
EFTA00710346.pdf,data-set-9-files-27,3,email
EFTA00710349.pdf,data-set-9-files-27,1,email
EFTA00710350.pdf,data-set-9-files-27,3,email
EFTA00710353.pdf,data-set-9-files-27,1,email
EFTA00710354.pdf,data-set-9-files-27,1,email
EFTA00710355.pdf,data-set-9-files-27,1,email
EFTA00710356.pdf,data-set-9-files-27,1,email
EFTA00710357.pdf,data-set-9-files-27,1,email
EFTA00710358.pdf,data-set-9-files-27,1,email
EFTA00710359.pdf,data-set-9-files-27,1,email
EFTA00710360.pdf,data-set-9-files-27,3,email
EFTA00710363.pdf,data-set-9-files-27,2,email
EFTA00710365.pdf,data-set-9-files-27,2,email
EFTA00710367.pdf,data-set-9-files-27,1,email
EFTA00710368.pdf,data-set-9-files-27,2,email
EFTA00710370.pdf,data-set-9-files-27,1,email
EFTA00710371.pdf,data-set-9-files-27,1,email
EFTA00710372.pdf,data-set-9-files-27,4,email
EFTA00710376.pdf,data-set-9-files-27,2,email
EFTA00710378.pdf,data-set-9-files-27,2,email
EFTA00710380.pdf,data-set-9-files-27,1,email
EFTA00710381.pdf,data-set-9-files-27,1,email
EFTA00710382.pdf,data-set-9-files-27,1,email
EFTA00710383.pdf,data-set-9-files-27,2,email
EFTA00710385.pdf,data-set-9-files-27,1,email
EFTA00710386.pdf,data-set-9-files-27,1,other
EFTA00710387.pdf,data-set-9-files-27,2,email
EFTA00710389.pdf,data-set-9-files-27,5,email
EFTA00710394.pdf,data-set-9-files-27,1,email
EFTA00710395.pdf,data-set-9-files-27,2,email
EFTA00710397.pdf,data-set-9-files-27,1,email
EFTA00710398.pdf,data-set-9-files-27,1,email
EFTA00710399.pdf,data-set-9-files-27,3,email
EFTA00710402.pdf,data-set-9-files-27,1,email
EFTA00710403.pdf,data-set-9-files-27,2,email
EFTA00710405.pdf,data-set-9-files-27,2,email
EFTA00710407.pdf,data-set-9-files-27,2,email
EFTA00710409.pdf,data-set-9-files-27,1,email
EFTA00710410.pdf,data-set-9-files-27,2,email
EFTA00710412.pdf,data-set-9-files-27,1,email
EFTA00710413.pdf,data-set-9-files-27,1,email
EFTA00710414.pdf,data-set-9-files-27,1,email
EFTA00710415.pdf,data-set-9-files-27,1,email
EFTA00710416.pdf,data-set-9-files-27,3,email
EFTA00710419.pdf,data-set-9-files-27,2,email
EFTA00710421.pdf,data-set-9-files-27,1,email
EFTA00710422.pdf,data-set-9-files-27,1,other
EFTA00710423.pdf,data-set-9-files-27,1,other
EFTA00710424.pdf,data-set-9-files-27,1,email
EFTA00710425.pdf,data-set-9-files-27,1,other
EFTA00710426.pdf,data-set-9-files-27,1,other
EFTA00710427.pdf,data-set-9-files-27,3,email
EFTA00710430.pdf,data-set-9-files-27,1,email
EFTA00710431.pdf,data-set-9-files-27,1,email
EFTA00710432.pdf,data-set-9-files-27,1,email
EFTA00710433.pdf,data-set-9-files-27,1,email
EFTA00710434.pdf,data-set-9-files-27,1,email
EFTA00710435.pdf,data-set-9-files-27,13,email
EFTA00710448.pdf,data-set-9-files-27,21,email
EFTA00710469.pdf,data-set-9-files-27,2,email
EFTA00710471.pdf,data-set-9-files-27,1,email
EFTA00710472.pdf,data-set-9-files-27,2,email
EFTA00710474.pdf,data-set-9-files-27,2,email
EFTA00710476.pdf,data-set-9-files-27,1,email
EFTA00710477.pdf,data-set-9-files-27,2,email
EFTA00710479.pdf,data-set-9-files-27,7,email
EFTA00710486.pdf,data-set-9-files-27,1,email
EFTA00710487.pdf,data-set-9-files-27,1,email
EFTA00710488.pdf,data-set-9-files-27,1,other
EFTA00710489.pdf,data-set-9-files-27,3,email
EFTA00710492.pdf,data-set-9-files-27,2,email
EFTA00710494.pdf,data-set-9-files-27,1,email
EFTA00710495.pdf,data-set-9-files-27,1,other
EFTA00710496.pdf,data-set-9-files-27,1,other
EFTA00710497.pdf,data-set-9-files-27,1,email
EFTA00710498.pdf,data-set-9-files-27,1,other
EFTA00710499.pdf,data-set-9-files-27,1,email
EFTA00710500.pdf,data-set-9-files-27,1,email
EFTA00710501.pdf,data-set-9-files-27,2,email
EFTA00710503.pdf,data-set-9-files-27,1,email
EFTA00710504.pdf,data-set-9-files-27,1,email
EFTA00710505.pdf,data-set-9-files-27,1,email
EFTA00710506.pdf,data-set-9-files-27,1,email
EFTA00710507.pdf,data-set-9-files-27,1,email
EFTA00710508.pdf,data-set-9-files-27,2,email
EFTA00710510.pdf,data-set-9-files-27,1,email
EFTA00710511.pdf,data-set-9-files-27,2,email
EFTA00710513.pdf,data-set-9-files-27,1,email
EFTA00710514.pdf,data-set-9-files-27,1,other
EFTA00710515.pdf,data-set-9-files-27,1,email
EFTA00710516.pdf,data-set-9-files-27,1,email
EFTA00710517.pdf,data-set-9-files-27,1,email
EFTA00710518.pdf,data-set-9-files-27,1,email
EFTA00710519.pdf,data-set-9-files-27,1,email
EFTA00710520.pdf,data-set-9-files-27,1,email
EFTA00710521.pdf,data-set-9-files-27,1,email
EFTA00710522.pdf,data-set-9-files-27,2,email
EFTA00710524.pdf,data-set-9-files-27,1,email
EFTA00710525.pdf,data-set-9-files-27,3,email
EFTA00710528.pdf,data-set-9-files-27,1,other
EFTA00710529.pdf,data-set-9-files-27,1,email
EFTA00710530.pdf,data-set-9-files-27,1,email
EFTA00710531.pdf,data-set-9-files-27,1,email
EFTA00710532.pdf,data-set-9-files-27,1,email
EFTA00710533.pdf,data-set-9-files-27,1,email
EFTA00710534.pdf,data-set-9-files-27,1,email
EFTA00710535.pdf,data-set-9-files-27,2,email
EFTA00710537.pdf,data-set-9-files-27,1,email
EFTA00710538.pdf,data-set-9-files-27,2,email
EFTA00710540.pdf,data-set-9-files-27,2,email
EFTA00710542.pdf,data-set-9-files-27,1,email
EFTA00710543.pdf,data-set-9-files-27,1,email
EFTA00710544.pdf,data-set-9-files-27,1,email
EFTA00710545.pdf,data-set-9-files-27,2,email
EFTA00710547.pdf,data-set-9-files-27,2,email
EFTA00710549.pdf,data-set-9-files-27,2,email
EFTA00710551.pdf,data-set-9-files-27,6,email
EFTA00710557.pdf,data-set-9-files-27,1,other
EFTA00710558.pdf,data-set-9-files-27,1,email
EFTA00710559.pdf,data-set-9-files-27,1,email
EFTA00710560.pdf,data-set-9-files-27,2,email
EFTA00710562.pdf,data-set-9-files-27,1,email
EFTA00710563.pdf,data-set-9-files-27,1,email
EFTA00710564.pdf,data-set-9-files-27,1,email
EFTA00710565.pdf,data-set-9-files-27,1,email
EFTA00710566.pdf,data-set-9-files-27,2,email
EFTA00710568.pdf,data-set-9-files-27,1,email
EFTA00710569.pdf,data-set-9-files-27,1,email
EFTA00710570.pdf,data-set-9-files-27,2,email
EFTA00710572.pdf,data-set-9-files-27,1,email
EFTA00710573.pdf,data-set-9-files-27,1,email
EFTA00710574.pdf,data-set-9-files-27,1,other
EFTA00710575.pdf,data-set-9-files-27,1,email
EFTA00710576.pdf,data-set-9-files-27,2,email
EFTA00710578.pdf,data-set-9-files-27,2,email
EFTA00710580.pdf,data-set-9-files-27,1,other
EFTA00710581.pdf,data-set-9-files-27,3,email
EFTA00710584.pdf,data-set-9-files-27,2,email
EFTA00710586.pdf,data-set-9-files-27,1,email
EFTA00710587.pdf,data-set-9-files-27,1,email
EFTA00710588.pdf,data-set-9-files-27,2,email
EFTA00710590.pdf,data-set-9-files-27,1,email
EFTA00710591.pdf,data-set-9-files-27,2,email
EFTA00710593.pdf,data-set-9-files-27,1,email
EFTA00710594.pdf,data-set-9-files-27,2,email
EFTA00710596.pdf,data-set-9-files-27,2,email
EFTA00710598.pdf,data-set-9-files-27,1,email
EFTA00710599.pdf,data-set-9-files-27,1,email
EFTA00710600.pdf,data-set-9-files-27,1,email
EFTA00710601.pdf,data-set-9-files-27,1,email
EFTA00710602.pdf,data-set-9-files-27,1,email
EFTA00710603.pdf,data-set-9-files-27,1,other
EFTA00710604.pdf,data-set-9-files-27,1,email
EFTA00710605.pdf,data-set-9-files-27,1,email
EFTA00710606.pdf,data-set-9-files-27,1,email
EFTA00710607.pdf,data-set-9-files-27,1,email
EFTA00710608.pdf,data-set-9-files-27,1,email
EFTA00710609.pdf,data-set-9-files-27,4,email
EFTA00710613.pdf,data-set-9-files-27,1,email
EFTA00710614.pdf,data-set-9-files-27,1,other
EFTA00710615.pdf,data-set-9-files-27,1,email
EFTA00710616.pdf,data-set-9-files-27,1,email
EFTA00710617.pdf,data-set-9-files-27,1,email
EFTA00710618.pdf,data-set-9-files-27,2,email
EFTA00710620.pdf,data-set-9-files-27,1,email
EFTA00710621.pdf,data-set-9-files-27,1,email
EFTA00710622.pdf,data-set-9-files-27,1,email
EFTA00710623.pdf,data-set-9-files-27,1,email
EFTA00710624.pdf,data-set-9-files-27,1,email
EFTA00710625.pdf,data-set-9-files-27,4,email
EFTA00710629.pdf,data-set-9-files-27,1,email
EFTA00710630.pdf,data-set-9-files-27,3,email
EFTA00710633.pdf,data-set-9-files-27,1,email
EFTA00710634.pdf,data-set-9-files-27,1,email
EFTA00710635.pdf,data-set-9-files-27,2,email
EFTA00710637.pdf,data-set-9-files-27,1,email
EFTA00710638.pdf,data-set-9-files-27,1,email
EFTA00710639.pdf,data-set-9-files-27,1,email
EFTA00710640.pdf,data-set-9-files-27,2,email
EFTA00710642.pdf,data-set-9-files-27,1,other
EFTA00710643.pdf,data-set-9-files-27,1,email
EFTA00710644.pdf,data-set-9-files-27,2,email
EFTA00710646.pdf,data-set-9-files-27,1,email
EFTA00710647.pdf,data-set-9-files-27,2,email
EFTA00710649.pdf,data-set-9-files-27,2,email
EFTA00710651.pdf,data-set-9-files-27,1,email
EFTA00710652.pdf,data-set-9-files-27,1,email
EFTA00710653.pdf,data-set-9-files-27,4,email
EFTA00710657.pdf,data-set-9-files-27,1,email
EFTA00710658.pdf,data-set-9-files-27,2,email
EFTA00710660.pdf,data-set-9-files-27,2,email
EFTA00710662.pdf,data-set-9-files-27,1,email
EFTA00710663.pdf,data-set-9-files-27,1,email
EFTA00710664.pdf,data-set-9-files-27,1,email
EFTA00710665.pdf,data-set-9-files-27,1,email
EFTA00710666.pdf,data-set-9-files-27,2,email
EFTA00710668.pdf,data-set-9-files-27,1,email
EFTA00710669.pdf,data-set-9-files-27,1,email
EFTA00710670.pdf,data-set-9-files-27,1,email
EFTA00710671.pdf,data-set-9-files-27,2,email
EFTA00710673.pdf,data-set-9-files-27,1,email
EFTA00710674.pdf,data-set-9-files-27,2,email
EFTA00710676.pdf,data-set-9-files-27,1,email
EFTA00710677.pdf,data-set-9-files-27,1,email
EFTA00710678.pdf,data-set-9-files-27,1,email
EFTA00710679.pdf,data-set-9-files-27,1,other
EFTA00710680.pdf,data-set-9-files-27,1,email
EFTA00710681.pdf,data-set-9-files-27,2,email
EFTA00710683.pdf,data-set-9-files-27,2,email
EFTA00710685.pdf,data-set-9-files-27,1,email
EFTA00710686.pdf,data-set-9-files-27,2,email
EFTA00710688.pdf,data-set-9-files-27,4,email
EFTA00710692.pdf,data-set-9-files-27,1,email
EFTA00710693.pdf,data-set-9-files-27,2,email
EFTA00710695.pdf,data-set-9-files-27,1,email
EFTA00710696.pdf,data-set-9-files-27,1,email
EFTA00710697.pdf,data-set-9-files-27,1,email
EFTA00710698.pdf,data-set-9-files-27,1,email
EFTA00710699.pdf,data-set-9-files-27,1,email
EFTA00710700.pdf,data-set-9-files-27,1,email
EFTA00710701.pdf,data-set-9-files-27,3,email
EFTA00710704.pdf,data-set-9-files-27,3,email
EFTA00710707.pdf,data-set-9-files-27,1,other
EFTA00710708.pdf,data-set-9-files-27,7,email
EFTA00710715.pdf,data-set-9-files-27,1,email
EFTA00710716.pdf,data-set-9-files-27,3,email
EFTA00710719.pdf,data-set-9-files-27,2,email
EFTA00710721.pdf,data-set-9-files-27,1,email
EFTA00710722.pdf,data-set-9-files-27,2,email
EFTA00710724.pdf,data-set-9-files-27,1,email
EFTA00710725.pdf,data-set-9-files-27,3,email
EFTA00710728.pdf,data-set-9-files-27,1,email
EFTA00710729.pdf,data-set-9-files-27,4,email
EFTA00710733.pdf,data-set-9-files-27,1,email
EFTA00710734.pdf,data-set-9-files-27,2,email
EFTA00710736.pdf,data-set-9-files-27,1,other
EFTA00710737.pdf,data-set-9-files-27,1,email
EFTA00710738.pdf,data-set-9-files-27,1,other
EFTA00710739.pdf,data-set-9-files-27,1,email
EFTA00710740.pdf,data-set-9-files-27,2,email
EFTA00710742.pdf,data-set-9-files-27,3,email
EFTA00710745.pdf,data-set-9-files-27,2,email
EFTA00710747.pdf,data-set-9-files-27,1,email
EFTA00710748.pdf,data-set-9-files-27,1,email
EFTA00710749.pdf,data-set-9-files-27,2,email
EFTA00710751.pdf,data-set-9-files-27,1,email
EFTA00710752.pdf,data-set-9-files-27,4,email
EFTA00710756.pdf,data-set-9-files-27,1,email
EFTA00710757.pdf,data-set-9-files-27,1,email
EFTA00710758.pdf,data-set-9-files-27,1,email
EFTA00710759.pdf,data-set-9-files-27,1,email
EFTA00710760.pdf,data-set-9-files-27,1,email
EFTA00710761.pdf,data-set-9-files-27,2,email
EFTA00710763.pdf,data-set-9-files-27,1,email
EFTA00710764.pdf,data-set-9-files-27,1,email
EFTA00710765.pdf,data-set-9-files-27,1,email
EFTA00710766.pdf,data-set-9-files-27,1,email
EFTA00710767.pdf,data-set-9-files-27,1,other
EFTA00710768.pdf,data-set-9-files-27,1,email
EFTA00710769.pdf,data-set-9-files-27,2,email
EFTA00710771.pdf,data-set-9-files-27,2,email
EFTA00710773.pdf,data-set-9-files-27,2,email
EFTA00710775.pdf,data-set-9-files-27,1,email
EFTA00710776.pdf,data-set-9-files-27,1,photo
EFTA00710777.pdf,data-set-9-files-27,1,email
EFTA00710778.pdf,data-set-9-files-27,2,email
EFTA00710780.pdf,data-set-9-files-27,2,email
EFTA00710782.pdf,data-set-9-files-27,1,email
EFTA00710783.pdf,data-set-9-files-27,1,email
EFTA00710784.pdf,data-set-9-files-27,1,email
EFTA00710785.pdf,data-set-9-files-27,1,email
EFTA00710786.pdf,data-set-9-files-27,3,email
EFTA00710789.pdf,data-set-9-files-27,2,email
EFTA00710791.pdf,data-set-9-files-27,1,email
EFTA00710792.pdf,data-set-9-files-27,2,email
EFTA00710794.pdf,data-set-9-files-27,1,email
EFTA00710795.pdf,data-set-9-files-27,3,email
EFTA00710798.pdf,data-set-9-files-27,1,email
EFTA00710799.pdf,data-set-9-files-27,4,email
EFTA00710803.pdf,data-set-9-files-27,3,email
EFTA00710806.pdf,data-set-9-files-27,2,email
EFTA00710808.pdf,data-set-9-files-27,2,email
EFTA00710810.pdf,data-set-9-files-27,2,email
EFTA00710812.pdf,data-set-9-files-27,2,email
EFTA00710814.pdf,data-set-9-files-27,1,email
EFTA00710815.pdf,data-set-9-files-27,3,email
EFTA00710818.pdf,data-set-9-files-27,4,email
EFTA00710822.pdf,data-set-9-files-27,1,email
EFTA00710823.pdf,data-set-9-files-27,1,other
EFTA00710824.pdf,data-set-9-files-27,4,email
EFTA00710828.pdf,data-set-9-files-27,1,email
EFTA00710829.pdf,data-set-9-files-27,1,email
EFTA00710830.pdf,data-set-9-files-27,1,other
EFTA00710831.pdf,data-set-9-files-27,1,email
EFTA00710832.pdf,data-set-9-files-27,1,photo
EFTA00710833.pdf,data-set-9-files-27,1,photo
EFTA00710834.pdf,data-set-9-files-27,1,photo
EFTA00710835.pdf,data-set-9-files-27,1,photo
EFTA00710836.pdf,data-set-9-files-27,1,photo
EFTA00710837.pdf,data-set-9-files-27,1,email
EFTA00710838.pdf,data-set-9-files-27,1,email
EFTA00710839.pdf,data-set-9-files-27,1,email
EFTA00710840.pdf,data-set-9-files-27,1,email
EFTA00710841.pdf,data-set-9-files-27,3,other
EFTA00710844.pdf,data-set-9-files-27,1,email
EFTA00710845.pdf,data-set-9-files-27,1,photo
EFTA00710846.pdf,data-set-9-files-27,1,photo
EFTA00710847.pdf,data-set-9-files-27,1,photo
EFTA00710848.pdf,data-set-9-files-27,1,other
EFTA00710849.pdf,data-set-9-files-27,1,photo
EFTA00710850.pdf,data-set-9-files-27,1,photo
EFTA00710851.pdf,data-set-9-files-27,1,photo
EFTA00710852.pdf,data-set-9-files-27,1,photo
EFTA00710853.pdf,data-set-9-files-27,1,photo
EFTA00710854.pdf,data-set-9-files-27,1,photo
EFTA00710855.pdf,data-set-9-files-27,1,photo
EFTA00710856.pdf,data-set-9-files-27,1,photo
EFTA00710857.pdf,data-set-9-files-27,1,email
EFTA00710858.pdf,data-set-9-files-27,2,email
EFTA00710860.pdf,data-set-9-files-27,1,email
EFTA00710861.pdf,data-set-9-files-27,2,email
EFTA00710863.pdf,data-set-9-files-27,1,email
EFTA00710864.pdf,data-set-9-files-27,1,email
EFTA00710865.pdf,data-set-9-files-27,1,email
EFTA00710866.pdf,data-set-9-files-27,2,email
EFTA00710868.pdf,data-set-9-files-27,1,email
EFTA00710869.pdf,data-set-9-files-27,1,photo
EFTA00710870.pdf,data-set-9-files-27,1,email
EFTA00710871.pdf,data-set-9-files-27,1,email
EFTA00710872.pdf,data-set-9-files-27,1,email
EFTA00710873.pdf,data-set-9-files-27,1,email
EFTA00710874.pdf,data-set-9-files-27,1,email
EFTA00710875.pdf,data-set-9-files-27,1,email
EFTA00710876.pdf,data-set-9-files-27,1,email
EFTA00710877.pdf,data-set-9-files-27,1,email
EFTA00710878.pdf,data-set-9-files-27,2,email
EFTA00710880.pdf,data-set-9-files-27,2,email
EFTA00710882.pdf,data-set-9-files-27,2,email
EFTA00710884.pdf,data-set-9-files-27,1,email
EFTA00710885.pdf,data-set-9-files-27,2,email
EFTA00710887.pdf,data-set-9-files-27,2,email
EFTA00710889.pdf,data-set-9-files-27,2,email
EFTA00710891.pdf,data-set-9-files-27,2,email
EFTA00710893.pdf,data-set-9-files-27,1,email
EFTA00710894.pdf,data-set-9-files-27,1,other
EFTA00710895.pdf,data-set-9-files-27,2,email
EFTA00710897.pdf,data-set-9-files-27,2,email
EFTA00710899.pdf,data-set-9-files-27,2,email
EFTA00710901.pdf,data-set-9-files-27,3,email
EFTA00710904.pdf,data-set-9-files-27,1,email
EFTA00710905.pdf,data-set-9-files-27,1,email
EFTA00710906.pdf,data-set-9-files-27,2,email
EFTA00710908.pdf,data-set-9-files-27,1,email
EFTA00710909.pdf,data-set-9-files-27,1,email
EFTA00710910.pdf,data-set-9-files-27,1,email
EFTA00710911.pdf,data-set-9-files-27,3,email
EFTA00710914.pdf,data-set-9-files-27,2,email
EFTA00710916.pdf,data-set-9-files-27,1,email
EFTA00710917.pdf,data-set-9-files-27,1,email
EFTA00710918.pdf,data-set-9-files-27,2,email
EFTA00710920.pdf,data-set-9-files-27,3,email
EFTA00710923.pdf,data-set-9-files-27,1,email
EFTA00710924.pdf,data-set-9-files-27,3,email
EFTA00710927.pdf,data-set-9-files-27,1,email
EFTA00710928.pdf,data-set-9-files-27,1,email
EFTA00710929.pdf,data-set-9-files-27,1,email
EFTA00710930.pdf,data-set-9-files-27,2,email
EFTA00710932.pdf,data-set-9-files-27,1,email
EFTA00710933.pdf,data-set-9-files-27,1,email
EFTA00710934.pdf,data-set-9-files-27,1,email
EFTA00710935.pdf,data-set-9-files-27,1,email
EFTA00710936.pdf,data-set-9-files-27,1,email
EFTA00710937.pdf,data-set-9-files-27,1,email
EFTA00710938.pdf,data-set-9-files-27,1,email
EFTA00710939.pdf,data-set-9-files-27,2,email
EFTA00710941.pdf,data-set-9-files-27,1,email
EFTA00710942.pdf,data-set-9-files-27,1,email
EFTA00710943.pdf,data-set-9-files-27,1,other
EFTA00710944.pdf,data-set-9-files-27,1,email
EFTA00710945.pdf,data-set-9-files-27,1,email
EFTA00710946.pdf,data-set-9-files-27,1,email
EFTA00710947.pdf,data-set-9-files-27,1,email
EFTA00710948.pdf,data-set-9-files-27,4,other
EFTA00710952.pdf,data-set-9-files-27,1,email
EFTA00710953.pdf,data-set-9-files-27,1,email
EFTA00710954.pdf,data-set-9-files-27,1,email
EFTA00710955.pdf,data-set-9-files-27,2,other
EFTA00710957.pdf,data-set-9-files-27,1,email
EFTA00710958.pdf,data-set-9-files-27,1,email
EFTA00710959.pdf,data-set-9-files-27,1,email
EFTA00710960.pdf,data-set-9-files-27,3,email
EFTA00710963.pdf,data-set-9-files-27,2,email
EFTA00710965.pdf,data-set-9-files-27,1,email
EFTA00710966.pdf,data-set-9-files-27,1,other
EFTA00710967.pdf,data-set-9-files-27,1,other
EFTA00710968.pdf,data-set-9-files-27,2,email
EFTA00710970.pdf,data-set-9-files-27,2,email
EFTA00710972.pdf,data-set-9-files-27,1,email
EFTA00710973.pdf,data-set-9-files-27,1,other
EFTA00710974.pdf,data-set-9-files-27,1,email
EFTA00710975.pdf,data-set-9-files-27,1,other
EFTA00710976.pdf,data-set-9-files-27,5,email
EFTA00710981.pdf,data-set-9-files-27,1,email
EFTA00710982.pdf,data-set-9-files-27,1,email
EFTA00710983.pdf,data-set-9-files-27,2,email
EFTA00710985.pdf,data-set-9-files-27,2,email
EFTA00710987.pdf,data-set-9-files-27,3,email
EFTA00710990.pdf,data-set-9-files-27,1,email
EFTA00710991.pdf,data-set-9-files-27,3,email
EFTA00710994.pdf,data-set-9-files-27,1,email
EFTA00710995.pdf,data-set-9-files-27,1,email
EFTA00710996.pdf,data-set-9-files-27,1,email
EFTA00710997.pdf,data-set-9-files-27,1,other
EFTA00710998.pdf,data-set-9-files-27,1,email
EFTA00710999.pdf,data-set-9-files-27,2,email
EFTA00711001.pdf,data-set-9-files-27,1,email
EFTA00711002.pdf,data-set-9-files-27,1,email
EFTA00711003.pdf,data-set-9-files-27,1,email
EFTA00711004.pdf,data-set-9-files-27,4,email
EFTA00711008.pdf,data-set-9-files-27,1,email
EFTA00711009.pdf,data-set-9-files-27,1,other
EFTA00711010.pdf,data-set-9-files-27,2,email
EFTA00711012.pdf,data-set-9-files-27,4,email
EFTA00711016.pdf,data-set-9-files-27,1,email
EFTA00711017.pdf,data-set-9-files-27,1,email
EFTA00711018.pdf,data-set-9-files-27,2,email
EFTA00711020.pdf,data-set-9-files-27,4,email
EFTA00711024.pdf,data-set-9-files-27,1,email
EFTA00711025.pdf,data-set-9-files-27,1,email
EFTA00711026.pdf,data-set-9-files-27,1,email
EFTA00711027.pdf,data-set-9-files-27,1,email
EFTA00711028.pdf,data-set-9-files-27,2,email
EFTA00711030.pdf,data-set-9-files-27,2,email
EFTA00711032.pdf,data-set-9-files-27,1,email
EFTA00711033.pdf,data-set-9-files-27,1,email
EFTA00711034.pdf,data-set-9-files-27,1,email
EFTA00711035.pdf,data-set-9-files-27,1,email
EFTA00711036.pdf,data-set-9-files-27,1,email
EFTA00711037.pdf,data-set-9-files-27,1,email
EFTA00711038.pdf,data-set-9-files-27,1,email
EFTA00711039.pdf,data-set-9-files-27,1,email
EFTA00711040.pdf,data-set-9-files-27,1,email
EFTA00711041.pdf,data-set-9-files-27,1,email
EFTA00711042.pdf,data-set-9-files-27,1,email
EFTA00711043.pdf,data-set-9-files-27,1,email
EFTA00711044.pdf,data-set-9-files-27,1,email
EFTA00711045.pdf,data-set-9-files-27,1,email
EFTA00711046.pdf,data-set-9-files-27,1,email
EFTA00711047.pdf,data-set-9-files-27,3,email
EFTA00711050.pdf,data-set-9-files-27,1,email
EFTA00711051.pdf,data-set-9-files-27,1,email
EFTA00711052.pdf,data-set-9-files-27,1,other
EFTA00711053.pdf,data-set-9-files-27,1,email
EFTA00711054.pdf,data-set-9-files-27,1,email
EFTA00711055.pdf,data-set-9-files-27,1,email
EFTA00711056.pdf,data-set-9-files-27,2,email
EFTA00711058.pdf,data-set-9-files-27,4,email
EFTA00711062.pdf,data-set-9-files-27,5,email
EFTA00711067.pdf,data-set-9-files-27,2,email
EFTA00711069.pdf,data-set-9-files-27,3,email
EFTA00711072.pdf,data-set-9-files-27,3,email
EFTA00711075.pdf,data-set-9-files-27,4,email
EFTA00711079.pdf,data-set-9-files-27,1,email
EFTA00711080.pdf,data-set-9-files-27,2,email
EFTA00711082.pdf,data-set-9-files-27,1,email
EFTA00711083.pdf,data-set-9-files-27,1,email
EFTA00711084.pdf,data-set-9-files-27,2,email
EFTA00711086.pdf,data-set-9-files-27,1,email
EFTA00711087.pdf,data-set-9-files-27,1,email
EFTA00711088.pdf,data-set-9-files-27,1,email
EFTA00711089.pdf,data-set-9-files-27,2,email
EFTA00711091.pdf,data-set-9-files-27,2,email
EFTA00711093.pdf,data-set-9-files-27,2,email
EFTA00711095.pdf,data-set-9-files-27,1,email
EFTA00711096.pdf,data-set-9-files-27,2,email
EFTA00711098.pdf,data-set-9-files-27,1,email
EFTA00711099.pdf,data-set-9-files-27,1,email
EFTA00711100.pdf,data-set-9-files-27,1,email
EFTA00711101.pdf,data-set-9-files-27,3,email
EFTA00711104.pdf,data-set-9-files-27,1,email
EFTA00711105.pdf,data-set-9-files-27,1,email
EFTA00711106.pdf,data-set-9-files-27,1,email
EFTA00711107.pdf,data-set-9-files-27,1,email
EFTA00711108.pdf,data-set-9-files-27,3,email
EFTA00711111.pdf,data-set-9-files-27,1,email
EFTA00711112.pdf,data-set-9-files-27,2,email
EFTA00711114.pdf,data-set-9-files-27,5,email
EFTA00711119.pdf,data-set-9-files-27,3,email
EFTA00711122.pdf,data-set-9-files-27,1,email
EFTA00711123.pdf,data-set-9-files-27,3,email
EFTA00711126.pdf,data-set-9-files-27,1,email
EFTA00711127.pdf,data-set-9-files-27,1,email
EFTA00711128.pdf,data-set-9-files-27,3,email
EFTA00711131.pdf,data-set-9-files-27,1,email
EFTA00711132.pdf,data-set-9-files-27,1,email
EFTA00711133.pdf,data-set-9-files-27,5,email
EFTA00711138.pdf,data-set-9-files-27,1,email
EFTA00711139.pdf,data-set-9-files-27,1,email
EFTA00711140.pdf,data-set-9-files-27,1,email
EFTA00711141.pdf,data-set-9-files-27,1,email
EFTA00711142.pdf,data-set-9-files-27,2,email
EFTA00711144.pdf,data-set-9-files-27,1,email
EFTA00711145.pdf,data-set-9-files-27,1,other
EFTA00711146.pdf,data-set-9-files-27,1,email
EFTA00711147.pdf,data-set-9-files-27,1,email
EFTA00711148.pdf,data-set-9-files-27,1,other
EFTA00711149.pdf,data-set-9-files-27,2,email
EFTA00711151.pdf,data-set-9-files-27,6,email
EFTA00711157.pdf,data-set-9-files-27,1,other
EFTA00711158.pdf,data-set-9-files-27,2,email
EFTA00711160.pdf,data-set-9-files-27,2,email
EFTA00711162.pdf,data-set-9-files-27,1,email
EFTA00711163.pdf,data-set-9-files-27,1,email
EFTA00711164.pdf,data-set-9-files-27,1,email
EFTA00711165.pdf,data-set-9-files-27,1,email
EFTA00711166.pdf,data-set-9-files-27,2,email
EFTA00711168.pdf,data-set-9-files-27,1,email
EFTA00711169.pdf,data-set-9-files-27,1,email
EFTA00711170.pdf,data-set-9-files-27,1,email
EFTA00711171.pdf,data-set-9-files-27,3,email
EFTA00711174.pdf,data-set-9-files-27,1,email
EFTA00711175.pdf,data-set-9-files-27,2,email
EFTA00711177.pdf,data-set-9-files-27,1,email
EFTA00711178.pdf,data-set-9-files-27,1,email
EFTA00711179.pdf,data-set-9-files-27,1,email
EFTA00711180.pdf,data-set-9-files-27,1,email
EFTA00711181.pdf,data-set-9-files-27,1,email
EFTA00711182.pdf,data-set-9-files-27,1,email
EFTA00711183.pdf,data-set-9-files-27,2,email
EFTA00711185.pdf,data-set-9-files-27,1,email
EFTA00711186.pdf,data-set-9-files-27,1,email
EFTA00711187.pdf,data-set-9-files-27,1,email
EFTA00711188.pdf,data-set-9-files-27,1,email
EFTA00711189.pdf,data-set-9-files-27,3,email
EFTA00711192.pdf,data-set-9-files-27,1,email
EFTA00711193.pdf,data-set-9-files-27,2,email
EFTA00711195.pdf,data-set-9-files-27,1,email
EFTA00711196.pdf,data-set-9-files-27,1,email
EFTA00711197.pdf,data-set-9-files-27,1,email
EFTA00711198.pdf,data-set-9-files-27,1,email
EFTA00711199.pdf,data-set-9-files-27,1,email
EFTA00711200.pdf,data-set-9-files-27,2,email
EFTA00711202.pdf,data-set-9-files-27,2,email
EFTA00711204.pdf,data-set-9-files-27,3,email
EFTA00711207.pdf,data-set-9-files-27,1,email
EFTA00711208.pdf,data-set-9-files-27,1,email
EFTA00711209.pdf,data-set-9-files-27,1,email
EFTA00711210.pdf,data-set-9-files-27,1,email
EFTA00711211.pdf,data-set-9-files-27,2,email
EFTA00711213.pdf,data-set-9-files-27,1,email
EFTA00711214.pdf,data-set-9-files-27,2,email
EFTA00711216.pdf,data-set-9-files-27,1,email
EFTA00711217.pdf,data-set-9-files-27,3,email
EFTA00711220.pdf,data-set-9-files-27,4,email
EFTA00711224.pdf,data-set-9-files-27,3,email
EFTA00711227.pdf,data-set-9-files-27,3,email
EFTA00711230.pdf,data-set-9-files-27,1,email
EFTA00711231.pdf,data-set-9-files-27,1,email
EFTA00711232.pdf,data-set-9-files-27,3,email
EFTA00711235.pdf,data-set-9-files-27,4,email
EFTA00711239.pdf,data-set-9-files-27,1,email
EFTA00711240.pdf,data-set-9-files-27,1,email
EFTA00711241.pdf,data-set-9-files-27,1,email
EFTA00711242.pdf,data-set-9-files-27,1,other
EFTA00711243.pdf,data-set-9-files-27,3,email
EFTA00711246.pdf,data-set-9-files-27,2,email
EFTA00711248.pdf,data-set-9-files-27,1,email
EFTA00711249.pdf,data-set-9-files-27,1,email
EFTA00711250.pdf,data-set-9-files-27,2,email
EFTA00711252.pdf,data-set-9-files-27,1,email
EFTA00711253.pdf,data-set-9-files-27,1,email
EFTA00711254.pdf,data-set-9-files-27,1,email
EFTA00711255.pdf,data-set-9-files-27,1,email
EFTA00711256.pdf,data-set-9-files-27,1,email
EFTA00711257.pdf,data-set-9-files-27,2,email
EFTA00711259.pdf,data-set-9-files-27,1,email
EFTA00711260.pdf,data-set-9-files-27,2,email
EFTA00711262.pdf,data-set-9-files-27,4,email
EFTA00711266.pdf,data-set-9-files-27,1,other
EFTA00711267.pdf,data-set-9-files-27,1,email
EFTA00711268.pdf,data-set-9-files-27,1,other
EFTA00711269.pdf,data-set-9-files-27,1,email
EFTA00711270.pdf,data-set-9-files-27,2,email
EFTA00711272.pdf,data-set-9-files-27,1,other
EFTA00711273.pdf,data-set-9-files-27,1,email
EFTA00711274.pdf,data-set-9-files-27,3,email
EFTA00711277.pdf,data-set-9-files-27,1,email
EFTA00711278.pdf,data-set-9-files-27,1,email
EFTA00711279.pdf,data-set-9-files-27,1,email
EFTA00711280.pdf,data-set-9-files-27,2,email
EFTA00711282.pdf,data-set-9-files-27,1,email
EFTA00711283.pdf,data-set-9-files-27,1,email
EFTA00711284.pdf,data-set-9-files-27,1,email
EFTA00711285.pdf,data-set-9-files-27,1,email
EFTA00711286.pdf,data-set-9-files-27,2,email
EFTA00711288.pdf,data-set-9-files-27,1,email
EFTA00711289.pdf,data-set-9-files-27,1,email
EFTA00711290.pdf,data-set-9-files-27,1,email
EFTA00711291.pdf,data-set-9-files-27,1,email
EFTA00711292.pdf,data-set-9-files-27,1,other
EFTA00711293.pdf,data-set-9-files-27,1,email
EFTA00711294.pdf,data-set-9-files-27,1,email
EFTA00711295.pdf,data-set-9-files-27,2,email
EFTA00711297.pdf,data-set-9-files-27,1,other
EFTA00711298.pdf,data-set-9-files-27,1,other
EFTA00711299.pdf,data-set-9-files-27,1,other
EFTA00711300.pdf,data-set-9-files-27,1,other
EFTA00711301.pdf,data-set-9-files-27,2,email
EFTA00711303.pdf,data-set-9-files-27,2,email
EFTA00711305.pdf,data-set-9-files-27,13,email
EFTA00711318.pdf,data-set-9-files-27,1,email
EFTA00711319.pdf,data-set-9-files-27,1,email
EFTA00711320.pdf,data-set-9-files-27,1,email
EFTA00711321.pdf,data-set-9-files-27,1,email
EFTA00711322.pdf,data-set-9-files-27,1,email
EFTA00711323.pdf,data-set-9-files-27,1,email
EFTA00711324.pdf,data-set-9-files-27,1,email
EFTA00711325.pdf,data-set-9-files-27,3,email
EFTA00711328.pdf,data-set-9-files-27,2,email
EFTA00711330.pdf,data-set-9-files-27,1,email
EFTA00711331.pdf,data-set-9-files-27,4,email
EFTA00711335.pdf,data-set-9-files-27,3,email
EFTA00711338.pdf,data-set-9-files-27,1,email
EFTA00711339.pdf,data-set-9-files-27,1,email
EFTA00711340.pdf,data-set-9-files-27,1,email
EFTA00711341.pdf,data-set-9-files-27,3,email
EFTA00711344.pdf,data-set-9-files-27,1,email
EFTA00711345.pdf,data-set-9-files-27,1,other
EFTA00711346.pdf,data-set-9-files-27,2,email
EFTA00711348.pdf,data-set-9-files-27,1,email
EFTA00711349.pdf,data-set-9-files-27,1,email
EFTA00711350.pdf,data-set-9-files-27,1,email
EFTA00711351.pdf,data-set-9-files-27,2,email
EFTA00711353.pdf,data-set-9-files-27,3,email
EFTA00711356.pdf,data-set-9-files-27,3,email
EFTA00711359.pdf,data-set-9-files-27,3,email
EFTA00711362.pdf,data-set-9-files-27,1,email
EFTA00711363.pdf,data-set-9-files-27,1,email
EFTA00711364.pdf,data-set-9-files-27,1,email
EFTA00711365.pdf,data-set-9-files-27,1,email
EFTA00711366.pdf,data-set-9-files-27,1,email
EFTA00711367.pdf,data-set-9-files-27,2,email
EFTA00711369.pdf,data-set-9-files-27,1,email
EFTA00711370.pdf,data-set-9-files-27,1,email
EFTA00711371.pdf,data-set-9-files-27,1,email
EFTA00711372.pdf,data-set-9-files-27,2,email
EFTA00711374.pdf,data-set-9-files-27,2,email
EFTA00711376.pdf,data-set-9-files-27,2,email
EFTA00711378.pdf,data-set-9-files-27,1,email
EFTA00711379.pdf,data-set-9-files-27,1,email
EFTA00711380.pdf,data-set-9-files-27,1,email
EFTA00711381.pdf,data-set-9-files-27,27,email
EFTA00711408.pdf,data-set-9-files-27,1,email
EFTA00711409.pdf,data-set-9-files-27,2,email
EFTA00711411.pdf,data-set-9-files-27,1,email
EFTA00711412.pdf,data-set-9-files-27,2,email
EFTA00711414.pdf,data-set-9-files-27,1,email
EFTA00711415.pdf,data-set-9-files-27,1,email
EFTA00711416.pdf,data-set-9-files-27,1,email
EFTA00711417.pdf,data-set-9-files-27,1,email
EFTA00711418.pdf,data-set-9-files-27,1,email
EFTA00711419.pdf,data-set-9-files-27,1,email
EFTA00711420.pdf,data-set-9-files-27,1,email
EFTA00711421.pdf,data-set-9-files-27,1,email
EFTA00711422.pdf,data-set-9-files-27,1,email
EFTA00711423.pdf,data-set-9-files-27,1,email
EFTA00711424.pdf,data-set-9-files-27,1,email
EFTA00711425.pdf,data-set-9-files-27,3,email
EFTA00711428.pdf,data-set-9-files-27,2,email
EFTA00711430.pdf,data-set-9-files-27,2,email
EFTA00711432.pdf,data-set-9-files-27,1,email
EFTA00711433.pdf,data-set-9-files-27,1,email
EFTA00711434.pdf,data-set-9-files-27,1,email
EFTA00711435.pdf,data-set-9-files-27,1,email
EFTA00711436.pdf,data-set-9-files-27,1,email
EFTA00711437.pdf,data-set-9-files-27,1,email
EFTA00711438.pdf,data-set-9-files-27,2,email
EFTA00711440.pdf,data-set-9-files-27,15,email
EFTA00711455.pdf,data-set-9-files-27,2,email
EFTA00711457.pdf,data-set-9-files-27,2,email
EFTA00711459.pdf,data-set-9-files-27,2,email
EFTA00711461.pdf,data-set-9-files-27,3,email
EFTA00711464.pdf,data-set-9-files-27,1,email
EFTA00711465.pdf,data-set-9-files-27,2,email
EFTA00711467.pdf,data-set-9-files-27,1,email
EFTA00711468.pdf,data-set-9-files-27,1,email
EFTA00711469.pdf,data-set-9-files-27,2,email
EFTA00711471.pdf,data-set-9-files-27,2,email
EFTA00711473.pdf,data-set-9-files-27,1,email
EFTA00711474.pdf,data-set-9-files-27,1,email
EFTA00711475.pdf,data-set-9-files-27,2,email
EFTA00711477.pdf,data-set-9-files-27,5,email
EFTA00711482.pdf,data-set-9-files-27,3,email
EFTA00711485.pdf,data-set-9-files-27,5,email
EFTA00711490.pdf,data-set-9-files-27,1,email
EFTA00711491.pdf,data-set-9-files-27,3,email
EFTA00711494.pdf,data-set-9-files-27,2,email
EFTA00711496.pdf,data-set-9-files-27,3,email
EFTA00711499.pdf,data-set-9-files-27,1,email
EFTA00711500.pdf,data-set-9-files-27,1,email
EFTA00711501.pdf,data-set-9-files-27,2,email
EFTA00711503.pdf,data-set-9-files-27,1,email
EFTA00711504.pdf,data-set-9-files-27,1,email
EFTA00711505.pdf,data-set-9-files-27,5,email
EFTA00711510.pdf,data-set-9-files-27,2,email
EFTA00711512.pdf,data-set-9-files-27,3,email
EFTA00711515.pdf,data-set-9-files-27,1,other
EFTA00711516.pdf,data-set-9-files-27,1,other
EFTA00711517.pdf,data-set-9-files-27,1,other
EFTA00711518.pdf,data-set-9-files-27,1,other
EFTA00711519.pdf,data-set-9-files-27,2,email
EFTA00711521.pdf,data-set-9-files-27,1,email
EFTA00711522.pdf,data-set-9-files-27,1,email
EFTA00711523.pdf,data-set-9-files-27,1,photo
EFTA00711524.pdf,data-set-9-files-27,1,photo
EFTA00711525.pdf,data-set-9-files-27,1,photo
EFTA00711526.pdf,data-set-9-files-27,1,photo
EFTA00711527.pdf,data-set-9-files-27,1,photo
EFTA00711528.pdf,data-set-9-files-27,1,photo
EFTA00711529.pdf,data-set-9-files-27,1,photo
EFTA00711530.pdf,data-set-9-files-27,1,photo
EFTA00711531.pdf,data-set-9-files-27,1,photo
EFTA00711532.pdf,data-set-9-files-27,1,photo
EFTA00711533.pdf,data-set-9-files-27,1,photo
EFTA00711534.pdf,data-set-9-files-27,1,photo
EFTA00711535.pdf,data-set-9-files-27,1,photo
EFTA00711536.pdf,data-set-9-files-27,1,photo
EFTA00711537.pdf,data-set-9-files-27,1,photo
EFTA00711538.pdf,data-set-9-files-27,1,photo
EFTA00711539.pdf,data-set-9-files-27,1,photo
EFTA00711540.pdf,data-set-9-files-27,1,photo
EFTA00711541.pdf,data-set-9-files-27,1,photo
EFTA00711542.pdf,data-set-9-files-27,1,photo
EFTA00711543.pdf,data-set-9-files-27,1,photo
EFTA00711544.pdf,data-set-9-files-27,1,photo
EFTA00711545.pdf,data-set-9-files-27,1,photo
EFTA00711546.pdf,data-set-9-files-27,1,photo
EFTA00711547.pdf,data-set-9-files-27,1,photo
EFTA00711548.pdf,data-set-9-files-27,1,photo
EFTA00711549.pdf,data-set-9-files-27,1,other
EFTA00711550.pdf,data-set-9-files-27,1,photo
EFTA00711551.pdf,data-set-9-files-27,1,photo
EFTA00711552.pdf,data-set-9-files-27,1,photo
EFTA00711553.pdf,data-set-9-files-27,1,photo
EFTA00711554.pdf,data-set-9-files-27,1,photo
EFTA00711555.pdf,data-set-9-files-27,1,photo
EFTA00711556.pdf,data-set-9-files-27,1,photo
EFTA00711557.pdf,data-set-9-files-27,1,photo
EFTA00711558.pdf,data-set-9-files-27,1,photo
EFTA00711559.pdf,data-set-9-files-27,1,photo
EFTA00711560.pdf,data-set-9-files-27,1,photo
EFTA00711561.pdf,data-set-9-files-27,1,photo
EFTA00711562.pdf,data-set-9-files-27,1,photo
EFTA00711563.pdf,data-set-9-files-27,1,photo
EFTA00711564.pdf,data-set-9-files-27,1,other
EFTA00711565.pdf,data-set-9-files-27,1,photo
EFTA00711566.pdf,data-set-9-files-27,1,photo
EFTA00711567.pdf,data-set-9-files-27,1,photo
EFTA00711568.pdf,data-set-9-files-27,1,photo
EFTA00711569.pdf,data-set-9-files-27,1,photo
EFTA00711570.pdf,data-set-9-files-27,1,photo
EFTA00711571.pdf,data-set-9-files-27,1,photo
EFTA00711572.pdf,data-set-9-files-27,1,photo
EFTA00711573.pdf,data-set-9-files-27,1,photo
EFTA00711574.pdf,data-set-9-files-27,1,other
EFTA00711575.pdf,data-set-9-files-27,2,email
EFTA00711577.pdf,data-set-9-files-27,1,email
EFTA00711578.pdf,data-set-9-files-27,1,email
EFTA00711579.pdf,data-set-9-files-27,1,email
EFTA00711580.pdf,data-set-9-files-27,1,email
EFTA00711581.pdf,data-set-9-files-27,1,email
EFTA00711582.pdf,data-set-9-files-27,1,email
EFTA00711583.pdf,data-set-9-files-27,1,email
EFTA00711584.pdf,data-set-9-files-27,1,other
EFTA00711585.pdf,data-set-9-files-27,1,email
EFTA00711586.pdf,data-set-9-files-27,1,email
EFTA00711587.pdf,data-set-9-files-27,2,email
EFTA00711589.pdf,data-set-9-files-27,1,email
EFTA00711590.pdf,data-set-9-files-27,1,email
EFTA00711591.pdf,data-set-9-files-27,1,other
EFTA00711592.pdf,data-set-9-files-27,1,email
EFTA00711593.pdf,data-set-9-files-27,2,email
EFTA00711595.pdf,data-set-9-files-27,1,other
EFTA00711596.pdf,data-set-9-files-27,2,email
EFTA00711598.pdf,data-set-9-files-27,2,email
EFTA00711600.pdf,data-set-9-files-27,1,email
EFTA00711601.pdf,data-set-9-files-27,1,other
EFTA00711602.pdf,data-set-9-files-27,1,email
EFTA00711603.pdf,data-set-9-files-27,1,email
EFTA00711604.pdf,data-set-9-files-27,2,email
EFTA00711606.pdf,data-set-9-files-27,1,email
EFTA00711607.pdf,data-set-9-files-27,2,email
EFTA00711609.pdf,data-set-9-files-27,1,email
EFTA00711610.pdf,data-set-9-files-27,3,email
EFTA00711613.pdf,data-set-9-files-27,1,email
EFTA00711614.pdf,data-set-9-files-27,1,email
EFTA00711615.pdf,data-set-9-files-27,1,email
EFTA00711616.pdf,data-set-9-files-27,1,email
EFTA00711617.pdf,data-set-9-files-27,1,email
EFTA00711618.pdf,data-set-9-files-27,1,email
EFTA00711619.pdf,data-set-9-files-27,2,email
EFTA00711621.pdf,data-set-9-files-27,2,email
EFTA00711623.pdf,data-set-9-files-27,1,email
EFTA00711624.pdf,data-set-9-files-27,1,email
EFTA00711625.pdf,data-set-9-files-27,1,email
EFTA00711626.pdf,data-set-9-files-27,1,email
EFTA00711627.pdf,data-set-9-files-27,1,email
EFTA00711628.pdf,data-set-9-files-27,1,email
EFTA00711629.pdf,data-set-9-files-27,3,email
EFTA00711632.pdf,data-set-9-files-27,1,email
EFTA00711633.pdf,data-set-9-files-27,1,email
EFTA00711634.pdf,data-set-9-files-27,1,email
EFTA00711635.pdf,data-set-9-files-27,1,email
EFTA00711636.pdf,data-set-9-files-27,1,email
EFTA00711637.pdf,data-set-9-files-27,1,email
EFTA00711638.pdf,data-set-9-files-27,1,email
EFTA00711639.pdf,data-set-9-files-27,2,email
EFTA00711641.pdf,data-set-9-files-27,1,email
EFTA00711642.pdf,data-set-9-files-27,7,email
EFTA00711649.pdf,data-set-9-files-27,4,email
EFTA00711653.pdf,data-set-9-files-27,1,email
EFTA00711654.pdf,data-set-9-files-27,3,email
EFTA00711657.pdf,data-set-9-files-27,2,email
EFTA00711659.pdf,data-set-9-files-27,1,email
EFTA00711660.pdf,data-set-9-files-27,1,email
EFTA00711661.pdf,data-set-9-files-27,2,email
EFTA00711663.pdf,data-set-9-files-27,4,email
EFTA00711667.pdf,data-set-9-files-27,1,email
EFTA00711668.pdf,data-set-9-files-27,1,email
EFTA00711669.pdf,data-set-9-files-27,1,email
EFTA00711670.pdf,data-set-9-files-27,1,email
EFTA00711671.pdf,data-set-9-files-27,1,email
EFTA00711672.pdf,data-set-9-files-27,1,email
EFTA00711673.pdf,data-set-9-files-27,1,email
EFTA00711674.pdf,data-set-9-files-27,1,email
EFTA00711675.pdf,data-set-9-files-27,1,email
EFTA00711676.pdf,data-set-9-files-27,3,email
EFTA00711679.pdf,data-set-9-files-27,1,email
EFTA00711680.pdf,data-set-9-files-27,1,email
EFTA00711681.pdf,data-set-9-files-27,3,email
EFTA00711684.pdf,data-set-9-files-27,1,email
EFTA00711685.pdf,data-set-9-files-27,5,email
EFTA00711690.pdf,data-set-9-files-27,1,email
EFTA00711691.pdf,data-set-9-files-27,1,email
EFTA00711692.pdf,data-set-9-files-27,1,email
EFTA00711693.pdf,data-set-9-files-27,1,email
EFTA00711694.pdf,data-set-9-files-27,1,email
EFTA00711695.pdf,data-set-9-files-27,3,email
EFTA00711698.pdf,data-set-9-files-27,3,email
EFTA00711701.pdf,data-set-9-files-27,2,email
EFTA00711703.pdf,data-set-9-files-27,7,email
EFTA00711710.pdf,data-set-9-files-27,43,email
EFTA00711753.pdf,data-set-9-files-27,1,email
EFTA00711754.pdf,data-set-9-files-27,7,email
EFTA00711761.pdf,data-set-9-files-27,1,email
EFTA00711762.pdf,data-set-9-files-27,1,email
EFTA00711763.pdf,data-set-9-files-27,4,email
EFTA00711767.pdf,data-set-9-files-27,1,email
EFTA00711768.pdf,data-set-9-files-27,1,email
EFTA00711769.pdf,data-set-9-files-27,1,email
EFTA00711770.pdf,data-set-9-files-27,2,email
EFTA00711772.pdf,data-set-9-files-27,1,email
EFTA00711773.pdf,data-set-9-files-27,2,email
EFTA00711775.pdf,data-set-9-files-27,1,email
EFTA00711776.pdf,data-set-9-files-27,1,email
EFTA00711777.pdf,data-set-9-files-27,2,email
EFTA00711779.pdf,data-set-9-files-27,1,email
EFTA00711780.pdf,data-set-9-files-27,1,other
EFTA00711781.pdf,data-set-9-files-27,1,email
EFTA00711782.pdf,data-set-9-files-27,2,email
EFTA00711784.pdf,data-set-9-files-27,1,email
EFTA00711785.pdf,data-set-9-files-27,1,email
EFTA00711786.pdf,data-set-9-files-27,1,email
EFTA00711787.pdf,data-set-9-files-27,1,email
EFTA00711788.pdf,data-set-9-files-27,1,email
EFTA00711789.pdf,data-set-9-files-27,1,email
EFTA00711790.pdf,data-set-9-files-27,1,email
EFTA00711791.pdf,data-set-9-files-27,1,email
EFTA00711792.pdf,data-set-9-files-27,2,email
EFTA00711794.pdf,data-set-9-files-27,2,email
EFTA00711796.pdf,data-set-9-files-27,1,email
EFTA00711797.pdf,data-set-9-files-27,3,email
EFTA00711800.pdf,data-set-9-files-27,1,email
EFTA00711801.pdf,data-set-9-files-27,2,email
EFTA00711803.pdf,data-set-9-files-27,1,email
EFTA00711804.pdf,data-set-9-files-27,2,email
EFTA00711806.pdf,data-set-9-files-27,1,email
EFTA00711807.pdf,data-set-9-files-27,1,email
EFTA00711808.pdf,data-set-9-files-27,1,email
EFTA00711809.pdf,data-set-9-files-27,1,other
EFTA00711810.pdf,data-set-9-files-27,1,email
EFTA00711811.pdf,data-set-9-files-27,1,other
EFTA00711812.pdf,data-set-9-files-27,1,email
EFTA00711813.pdf,data-set-9-files-27,1,email
EFTA00711814.pdf,data-set-9-files-27,6,email
EFTA00711820.pdf,data-set-9-files-27,1,other
EFTA00711821.pdf,data-set-9-files-27,1,email
EFTA00711822.pdf,data-set-9-files-27,1,email
EFTA00711823.pdf,data-set-9-files-27,1,email
EFTA00711824.pdf,data-set-9-files-27,1,email
EFTA00711825.pdf,data-set-9-files-27,1,email
EFTA00711826.pdf,data-set-9-files-27,1,email
EFTA00711827.pdf,data-set-9-files-27,2,email
EFTA00711829.pdf,data-set-9-files-27,1,email
EFTA00711830.pdf,data-set-9-files-27,1,email
EFTA00711831.pdf,data-set-9-files-27,3,email
EFTA00711834.pdf,data-set-9-files-27,1,email
EFTA00711835.pdf,data-set-9-files-27,1,email
EFTA00711836.pdf,data-set-9-files-27,2,email
EFTA00711838.pdf,data-set-9-files-27,1,email
EFTA00711839.pdf,data-set-9-files-27,1,email
EFTA00711840.pdf,data-set-9-files-27,2,email
EFTA00711842.pdf,data-set-9-files-27,1,email
EFTA00711843.pdf,data-set-9-files-27,1,email
EFTA00711844.pdf,data-set-9-files-27,2,email
EFTA00711846.pdf,data-set-9-files-27,1,email
EFTA00711847.pdf,data-set-9-files-27,1,email
EFTA00711848.pdf,data-set-9-files-27,2,email
EFTA00711850.pdf,data-set-9-files-27,1,email
EFTA00711851.pdf,data-set-9-files-27,1,email
EFTA00711852.pdf,data-set-9-files-27,1,email
EFTA00711853.pdf,data-set-9-files-27,1,email
EFTA00711854.pdf,data-set-9-files-27,1,email
EFTA00711855.pdf,data-set-9-files-27,1,email
EFTA00711856.pdf,data-set-9-files-27,1,email
EFTA00711857.pdf,data-set-9-files-27,2,email
EFTA00711859.pdf,data-set-9-files-27,3,email
EFTA00711862.pdf,data-set-9-files-27,1,email
EFTA00711863.pdf,data-set-9-files-27,1,email
EFTA00711864.pdf,data-set-9-files-27,1,other
EFTA00711865.pdf,data-set-9-files-27,1,email
EFTA00711866.pdf,data-set-9-files-27,1,email
EFTA00711867.pdf,data-set-9-files-27,1,email
EFTA00711868.pdf,data-set-9-files-27,1,email
EFTA00711869.pdf,data-set-9-files-27,1,email
EFTA00711870.pdf,data-set-9-files-27,2,email
EFTA00711872.pdf,data-set-9-files-27,18,email
EFTA00711890.pdf,data-set-9-files-27,1,email
EFTA00711891.pdf,data-set-9-files-27,1,email
EFTA00711892.pdf,data-set-9-files-27,2,email
EFTA00711894.pdf,data-set-9-files-27,2,email
EFTA00711896.pdf,data-set-9-files-27,5,email
EFTA00711901.pdf,data-set-9-files-27,1,email
EFTA00711902.pdf,data-set-9-files-27,1,email
EFTA00711903.pdf,data-set-9-files-27,2,email
EFTA00711905.pdf,data-set-9-files-27,2,email
EFTA00711907.pdf,data-set-9-files-27,9,email
EFTA00711916.pdf,data-set-9-files-27,2,email
EFTA00711918.pdf,data-set-9-files-27,6,email
EFTA00711924.pdf,data-set-9-files-27,3,email
EFTA00711927.pdf,data-set-9-files-27,1,email
EFTA00711928.pdf,data-set-9-files-27,18,email
EFTA00711946.pdf,data-set-9-files-27,30,email
EFTA00711976.pdf,data-set-9-files-27,21,email
EFTA00711997.pdf,data-set-9-files-27,1,email
EFTA00711998.pdf,data-set-9-files-27,2,email
EFTA00712000.pdf,data-set-9-files-27,1,email
EFTA00712001.pdf,data-set-9-files-27,3,email
EFTA00712004.pdf,data-set-9-files-27,2,email
EFTA00712006.pdf,data-set-9-files-27,1,email
EFTA00712007.pdf,data-set-9-files-27,2,email
EFTA00712009.pdf,data-set-9-files-27,3,email
EFTA00712012.pdf,data-set-9-files-27,1,email
EFTA00712013.pdf,data-set-9-files-27,1,email
EFTA00712014.pdf,data-set-9-files-27,2,email
EFTA00712016.pdf,data-set-9-files-27,1,email
EFTA00712017.pdf,data-set-9-files-27,3,email
EFTA00712020.pdf,data-set-9-files-27,1,other
EFTA00712021.pdf,data-set-9-files-27,2,email
EFTA00712023.pdf,data-set-9-files-27,1,other
EFTA00712024.pdf,data-set-9-files-27,2,email
EFTA00712026.pdf,data-set-9-files-27,1,email
EFTA00712027.pdf,data-set-9-files-27,1,email
EFTA00712028.pdf,data-set-9-files-27,1,email
EFTA00712029.pdf,data-set-9-files-27,1,email
EFTA00712030.pdf,data-set-9-files-27,1,email
EFTA00712031.pdf,data-set-9-files-27,1,email
EFTA00712032.pdf,data-set-9-files-27,2,email
EFTA00712034.pdf,data-set-9-files-27,1,email
EFTA00712035.pdf,data-set-9-files-27,2,email
EFTA00712037.pdf,data-set-9-files-27,2,email
EFTA00712039.pdf,data-set-9-files-27,2,email
EFTA00712041.pdf,data-set-9-files-27,1,other
EFTA00712042.pdf,data-set-9-files-27,4,email
EFTA00712046.pdf,data-set-9-files-27,1,email
EFTA00712047.pdf,data-set-9-files-27,1,other
EFTA00712048.pdf,data-set-9-files-27,1,other
EFTA00712049.pdf,data-set-9-files-27,1,email
EFTA00712050.pdf,data-set-9-files-27,2,email
EFTA00712052.pdf,data-set-9-files-27,1,other
EFTA00712053.pdf,data-set-9-files-27,1,email
EFTA00712054.pdf,data-set-9-files-27,1,email
EFTA00712055.pdf,data-set-9-files-27,1,email
EFTA00712056.pdf,data-set-9-files-27,1,email
EFTA00712057.pdf,data-set-9-files-27,2,email
EFTA00712059.pdf,data-set-9-files-27,1,email
EFTA00712060.pdf,data-set-9-files-27,1,other
EFTA00712061.pdf,data-set-9-files-27,1,email
EFTA00712062.pdf,data-set-9-files-27,2,email
EFTA00712064.pdf,data-set-9-files-27,1,email
EFTA00712065.pdf,data-set-9-files-27,1,email
EFTA00712066.pdf,data-set-9-files-27,1,email
EFTA00712067.pdf,data-set-9-files-27,2,email
EFTA00712069.pdf,data-set-9-files-27,1,email
EFTA00712070.pdf,data-set-9-files-27,1,email
EFTA00712071.pdf,data-set-9-files-27,2,email
EFTA00712073.pdf,data-set-9-files-27,1,email
EFTA00712074.pdf,data-set-9-files-27,1,email
EFTA00712075.pdf,data-set-9-files-27,2,email
EFTA00712077.pdf,data-set-9-files-27,1,email
EFTA00712078.pdf,data-set-9-files-27,1,email
EFTA00712079.pdf,data-set-9-files-27,1,email
EFTA00712080.pdf,data-set-9-files-27,1,email
EFTA00712081.pdf,data-set-9-files-27,1,email
EFTA00712082.pdf,data-set-9-files-27,1,email
EFTA00712083.pdf,data-set-9-files-27,1,email
EFTA00712084.pdf,data-set-9-files-27,3,email
EFTA00712087.pdf,data-set-9-files-27,1,email
EFTA00712088.pdf,data-set-9-files-27,1,email
EFTA00712089.pdf,data-set-9-files-27,4,email
EFTA00712093.pdf,data-set-9-files-27,1,other
EFTA00712094.pdf,data-set-9-files-27,1,email
EFTA00712095.pdf,data-set-9-files-27,1,email
EFTA00712096.pdf,data-set-9-files-27,1,email
EFTA00712097.pdf,data-set-9-files-27,2,email
EFTA00712099.pdf,data-set-9-files-27,1,email
EFTA00712100.pdf,data-set-9-files-27,2,email
EFTA00712102.pdf,data-set-9-files-27,1,email
EFTA00712103.pdf,data-set-9-files-27,1,email
EFTA00712104.pdf,data-set-9-files-27,1,email
EFTA00712105.pdf,data-set-9-files-27,1,email
EFTA00712106.pdf,data-set-9-files-27,1,email
EFTA00712107.pdf,data-set-9-files-27,1,email
EFTA00712108.pdf,data-set-9-files-27,1,email
EFTA00712109.pdf,data-set-9-files-27,1,email
EFTA00712110.pdf,data-set-9-files-27,1,email
EFTA00712111.pdf,data-set-9-files-27,1,email
EFTA00712112.pdf,data-set-9-files-27,2,email
EFTA00712114.pdf,data-set-9-files-27,1,email
EFTA00712115.pdf,data-set-9-files-27,4,email
EFTA00712119.pdf,data-set-9-files-27,1,email
EFTA00712120.pdf,data-set-9-files-27,1,email
EFTA00712121.pdf,data-set-9-files-27,1,email
EFTA00712122.pdf,data-set-9-files-27,1,email
EFTA00712123.pdf,data-set-9-files-27,1,email
EFTA00712124.pdf,data-set-9-files-27,1,email
EFTA00712125.pdf,data-set-9-files-27,1,email
EFTA00712126.pdf,data-set-9-files-27,1,email
EFTA00712127.pdf,data-set-9-files-27,1,other
EFTA00712128.pdf,data-set-9-files-27,3,email
EFTA00712131.pdf,data-set-9-files-27,4,email
EFTA00712135.pdf,data-set-9-files-27,1,email
EFTA00712136.pdf,data-set-9-files-27,1,email
EFTA00712137.pdf,data-set-9-files-27,1,other
EFTA00712138.pdf,data-set-9-files-27,2,email
EFTA00712140.pdf,data-set-9-files-27,2,email
EFTA00712142.pdf,data-set-9-files-27,4,email
EFTA00712146.pdf,data-set-9-files-27,1,email
EFTA00712147.pdf,data-set-9-files-27,2,email
EFTA00712149.pdf,data-set-9-files-27,2,email
EFTA00712151.pdf,data-set-9-files-27,1,email
EFTA00712152.pdf,data-set-9-files-27,3,email
EFTA00712155.pdf,data-set-9-files-27,3,email
EFTA00712158.pdf,data-set-9-files-27,2,email
EFTA00712160.pdf,data-set-9-files-27,5,email
EFTA00712165.pdf,data-set-9-files-27,4,email
EFTA00712169.pdf,data-set-9-files-27,4,email
EFTA00712173.pdf,data-set-9-files-27,4,email
EFTA00712177.pdf,data-set-9-files-27,4,email
EFTA00712181.pdf,data-set-9-files-27,1,other
EFTA00712182.pdf,data-set-9-files-27,1,email
EFTA00712183.pdf,data-set-9-files-27,4,email
EFTA00712187.pdf,data-set-9-files-27,1,other
EFTA00712188.pdf,data-set-9-files-27,1,email
EFTA00712189.pdf,data-set-9-files-27,1,other
EFTA00712190.pdf,data-set-9-files-27,1,email
EFTA00712191.pdf,data-set-9-files-27,1,email
EFTA00712192.pdf,data-set-9-files-27,3,email
EFTA00712195.pdf,data-set-9-files-27,3,email
EFTA00712198.pdf,data-set-9-files-27,12,email
EFTA00712210.pdf,data-set-9-files-27,1,other
EFTA00712211.pdf,data-set-9-files-27,3,email
EFTA00712214.pdf,data-set-9-files-27,2,email
EFTA00712216.pdf,data-set-9-files-27,1,email
EFTA00712217.pdf,data-set-9-files-27,1,email
EFTA00712218.pdf,data-set-9-files-27,1,other
EFTA00712219.pdf,data-set-9-files-27,1,other
EFTA00712220.pdf,data-set-9-files-27,1,other
EFTA00712221.pdf,data-set-9-files-27,2,email
EFTA00712223.pdf,data-set-9-files-27,3,email
EFTA00712226.pdf,data-set-9-files-27,1,email
EFTA00712227.pdf,data-set-9-files-27,1,other
EFTA00712228.pdf,data-set-9-files-27,1,email
EFTA00712229.pdf,data-set-9-files-27,3,email
EFTA00712232.pdf,data-set-9-files-27,1,email
EFTA00712233.pdf,data-set-9-files-27,1,email
EFTA00712234.pdf,data-set-9-files-27,1,email
EFTA00712235.pdf,data-set-9-files-27,1,email
EFTA00712236.pdf,data-set-9-files-27,1,email
EFTA00712237.pdf,data-set-9-files-27,1,email
EFTA00712238.pdf,data-set-9-files-27,1,email
EFTA00712239.pdf,data-set-9-files-27,1,email
EFTA00712240.pdf,data-set-9-files-27,1,email
EFTA00712241.pdf,data-set-9-files-27,2,email
EFTA00712243.pdf,data-set-9-files-27,1,email
EFTA00712244.pdf,data-set-9-files-27,1,email
EFTA00712245.pdf,data-set-9-files-27,1,email
EFTA00712246.pdf,data-set-9-files-27,1,email
EFTA00712247.pdf,data-set-9-files-27,1,email
EFTA00712248.pdf,data-set-9-files-27,1,email
EFTA00712249.pdf,data-set-9-files-27,2,email
EFTA00712251.pdf,data-set-9-files-27,1,other
EFTA00712252.pdf,data-set-9-files-27,1,email
EFTA00712253.pdf,data-set-9-files-27,1,email
EFTA00712254.pdf,data-set-9-files-27,1,email
EFTA00712255.pdf,data-set-9-files-27,1,email
EFTA00712256.pdf,data-set-9-files-27,2,email
EFTA00712258.pdf,data-set-9-files-27,1,email
EFTA00712259.pdf,data-set-9-files-27,2,email
EFTA00712261.pdf,data-set-9-files-27,1,email
EFTA00712262.pdf,data-set-9-files-27,1,email
EFTA00712263.pdf,data-set-9-files-27,1,email
EFTA00712264.pdf,data-set-9-files-27,3,email
EFTA00712267.pdf,data-set-9-files-27,1,email
EFTA00712268.pdf,data-set-9-files-27,1,email
EFTA00712269.pdf,data-set-9-files-27,1,email
EFTA00712270.pdf,data-set-9-files-27,1,other
EFTA00712271.pdf,data-set-9-files-27,1,email
EFTA00712272.pdf,data-set-9-files-27,1,email
EFTA00712273.pdf,data-set-9-files-27,1,email
EFTA00712274.pdf,data-set-9-files-27,1,email
EFTA00712275.pdf,data-set-9-files-27,2,email
EFTA00712277.pdf,data-set-9-files-27,2,email
EFTA00712279.pdf,data-set-9-files-27,1,email
EFTA00712280.pdf,data-set-9-files-27,1,email
EFTA00712281.pdf,data-set-9-files-27,2,email
EFTA00712283.pdf,data-set-9-files-27,1,email
EFTA00712284.pdf,data-set-9-files-27,1,email
EFTA00712285.pdf,data-set-9-files-27,3,email
EFTA00712288.pdf,data-set-9-files-27,7,email
EFTA00712295.pdf,data-set-9-files-27,2,email
EFTA00712297.pdf,data-set-9-files-27,1,email
EFTA00712298.pdf,data-set-9-files-27,1,email
EFTA00712299.pdf,data-set-9-files-27,1,email
EFTA00712300.pdf,data-set-9-files-27,4,other
EFTA00712304.pdf,data-set-9-files-27,1,email
EFTA00712305.pdf,data-set-9-files-27,1,email
EFTA00712306.pdf,data-set-9-files-27,1,email
EFTA00712307.pdf,data-set-9-files-27,1,email
EFTA00712308.pdf,data-set-9-files-27,1,email
EFTA00712309.pdf,data-set-9-files-27,1,email
EFTA00712310.pdf,data-set-9-files-27,1,email
EFTA00712311.pdf,data-set-9-files-27,2,email
EFTA00712313.pdf,data-set-9-files-27,2,email
EFTA00712315.pdf,data-set-9-files-27,1,email
EFTA00712316.pdf,data-set-9-files-27,2,email
EFTA00712318.pdf,data-set-9-files-27,2,email
EFTA00712320.pdf,data-set-9-files-27,2,email
EFTA00712322.pdf,data-set-9-files-27,1,email
EFTA00712323.pdf,data-set-9-files-27,1,email
EFTA00712324.pdf,data-set-9-files-27,1,email
EFTA00712325.pdf,data-set-9-files-27,2,email
EFTA00712327.pdf,data-set-9-files-27,1,email
EFTA00712328.pdf,data-set-9-files-27,1,other
EFTA00712329.pdf,data-set-9-files-27,1,other
EFTA00712330.pdf,data-set-9-files-27,1,email
EFTA00712331.pdf,data-set-9-files-27,1,email
EFTA00712332.pdf,data-set-9-files-27,1,email
EFTA00712333.pdf,data-set-9-files-27,1,email
EFTA00712334.pdf,data-set-9-files-27,1,email
EFTA00712335.pdf,data-set-9-files-27,1,email
EFTA00712336.pdf,data-set-9-files-27,1,email
EFTA00712337.pdf,data-set-9-files-27,2,email
EFTA00712339.pdf,data-set-9-files-27,1,email
EFTA00712340.pdf,data-set-9-files-27,2,email
EFTA00712342.pdf,data-set-9-files-27,1,other
EFTA00712343.pdf,data-set-9-files-27,2,email
EFTA00712345.pdf,data-set-9-files-27,2,email
EFTA00712347.pdf,data-set-9-files-27,1,email
EFTA00712348.pdf,data-set-9-files-27,1,email
EFTA00712349.pdf,data-set-9-files-27,3,email
EFTA00712352.pdf,data-set-9-files-27,5,email
EFTA00712357.pdf,data-set-9-files-27,1,email
EFTA00712358.pdf,data-set-9-files-27,2,email
EFTA00712360.pdf,data-set-9-files-27,2,email
EFTA00712362.pdf,data-set-9-files-27,1,email
EFTA00712363.pdf,data-set-9-files-27,2,email
EFTA00712365.pdf,data-set-9-files-27,1,other
EFTA00712366.pdf,data-set-9-files-27,1,email
EFTA00712367.pdf,data-set-9-files-27,1,email
EFTA00712368.pdf,data-set-9-files-27,3,email
EFTA00712371.pdf,data-set-9-files-27,26,email
EFTA00712397.pdf,data-set-9-files-27,1,other
EFTA00712398.pdf,data-set-9-files-27,1,email
EFTA00712399.pdf,data-set-9-files-27,1,email
EFTA00712400.pdf,data-set-9-files-27,2,email
EFTA00712402.pdf,data-set-9-files-27,1,other
EFTA00712403.pdf,data-set-9-files-27,2,email
EFTA00712405.pdf,data-set-9-files-27,1,email
EFTA00712406.pdf,data-set-9-files-27,1,email
EFTA00712407.pdf,data-set-9-files-27,2,email
EFTA00712409.pdf,data-set-9-files-27,1,email
EFTA00712410.pdf,data-set-9-files-27,1,other
EFTA00712411.pdf,data-set-9-files-27,1,email
EFTA00712412.pdf,data-set-9-files-27,2,email
EFTA00712414.pdf,data-set-9-files-27,4,email
EFTA00712418.pdf,data-set-9-files-27,1,email
EFTA00712419.pdf,data-set-9-files-27,2,email
EFTA00712421.pdf,data-set-9-files-27,1,other
EFTA00712422.pdf,data-set-9-files-27,2,email
EFTA00712424.pdf,data-set-9-files-27,1,email
EFTA00712425.pdf,data-set-9-files-27,1,email
EFTA00712426.pdf,data-set-9-files-27,2,email
EFTA00712428.pdf,data-set-9-files-27,1,email
EFTA00712429.pdf,data-set-9-files-27,1,email
EFTA00712430.pdf,data-set-9-files-27,1,email
EFTA00712431.pdf,data-set-9-files-27,1,email
EFTA00712432.pdf,data-set-9-files-27,1,email
EFTA00712433.pdf,data-set-9-files-27,2,email
EFTA00712435.pdf,data-set-9-files-27,1,email
EFTA00712436.pdf,data-set-9-files-27,1,email
EFTA00712437.pdf,data-set-9-files-27,1,email
EFTA00712438.pdf,data-set-9-files-27,2,email
EFTA00712440.pdf,data-set-9-files-27,1,email
EFTA00712441.pdf,data-set-9-files-27,3,email
EFTA00712444.pdf,data-set-9-files-27,1,email
EFTA00712445.pdf,data-set-9-files-27,3,email
EFTA00712448.pdf,data-set-9-files-27,1,email
EFTA00712449.pdf,data-set-9-files-27,1,email
EFTA00712450.pdf,data-set-9-files-27,2,other
EFTA00712452.pdf,data-set-9-files-27,1,email
EFTA00712453.pdf,data-set-9-files-27,1,email
EFTA00712454.pdf,data-set-9-files-27,1,email
EFTA00712455.pdf,data-set-9-files-27,2,email
EFTA00712457.pdf,data-set-9-files-27,2,email
EFTA00712459.pdf,data-set-9-files-27,3,email
EFTA00712462.pdf,data-set-9-files-27,3,email
EFTA00712465.pdf,data-set-9-files-27,1,email
EFTA00712466.pdf,data-set-9-files-27,6,email
EFTA00712472.pdf,data-set-9-files-27,1,other
EFTA00712473.pdf,data-set-9-files-27,1,email
EFTA00712474.pdf,data-set-9-files-27,1,email
EFTA00712475.pdf,data-set-9-files-27,1,email
EFTA00712476.pdf,data-set-9-files-27,1,email
EFTA00712477.pdf,data-set-9-files-27,1,email
EFTA00712478.pdf,data-set-9-files-27,1,email
EFTA00712479.pdf,data-set-9-files-27,2,email
EFTA00712481.pdf,data-set-9-files-27,2,email
EFTA00712483.pdf,data-set-9-files-27,2,email
EFTA00712485.pdf,data-set-9-files-27,1,email
EFTA00712486.pdf,data-set-9-files-27,4,email
EFTA00712490.pdf,data-set-9-files-27,1,email
EFTA00712491.pdf,data-set-9-files-27,1,email
EFTA00712492.pdf,data-set-9-files-27,2,email
EFTA00712494.pdf,data-set-9-files-27,1,email
EFTA00712495.pdf,data-set-9-files-27,1,email
EFTA00712496.pdf,data-set-9-files-27,1,email
EFTA00712497.pdf,data-set-9-files-27,1,email
EFTA00712498.pdf,data-set-9-files-27,1,email
EFTA00712499.pdf,data-set-9-files-27,1,email
EFTA00712500.pdf,data-set-9-files-27,2,email
EFTA00712502.pdf,data-set-9-files-27,2,email
EFTA00712504.pdf,data-set-9-files-27,1,email
EFTA00712505.pdf,data-set-9-files-27,1,other
EFTA00712506.pdf,data-set-9-files-27,2,email
EFTA00712508.pdf,data-set-9-files-27,1,other
EFTA00712509.pdf,data-set-9-files-27,4,email
EFTA00712513.pdf,data-set-9-files-27,1,email
EFTA00712514.pdf,data-set-9-files-27,2,email
EFTA00712516.pdf,data-set-9-files-27,1,email
EFTA00712517.pdf,data-set-9-files-27,1,email
EFTA00712518.pdf,data-set-9-files-27,2,email
EFTA00712520.pdf,data-set-9-files-27,19,email
EFTA00712539.pdf,data-set-9-files-27,3,email
EFTA00712542.pdf,data-set-9-files-27,1,email
EFTA00712543.pdf,data-set-9-files-27,1,email
EFTA00712544.pdf,data-set-9-files-27,2,email
EFTA00712546.pdf,data-set-9-files-27,1,email
EFTA00712547.pdf,data-set-9-files-27,2,email
EFTA00712549.pdf,data-set-9-files-27,1,email
EFTA00712550.pdf,data-set-9-files-27,1,email
EFTA00712551.pdf,data-set-9-files-27,1,email
EFTA00712552.pdf,data-set-9-files-27,1,email
EFTA00712553.pdf,data-set-9-files-27,1,email
EFTA00712554.pdf,data-set-9-files-27,1,email
EFTA00712555.pdf,data-set-9-files-27,1,email
EFTA00712556.pdf,data-set-9-files-27,1,email
EFTA00712557.pdf,data-set-9-files-27,2,email
EFTA00712559.pdf,data-set-9-files-27,2,email
EFTA00712561.pdf,data-set-9-files-27,1,email
EFTA00712562.pdf,data-set-9-files-27,2,email
EFTA00712564.pdf,data-set-9-files-27,1,email
EFTA00712565.pdf,data-set-9-files-27,1,email
EFTA00712566.pdf,data-set-9-files-27,1,email
EFTA00712567.pdf,data-set-9-files-27,1,email
EFTA00712568.pdf,data-set-9-files-27,1,email
EFTA00712569.pdf,data-set-9-files-27,1,other
EFTA00712570.pdf,data-set-9-files-27,2,email
EFTA00712572.pdf,data-set-9-files-27,1,email
EFTA00712573.pdf,data-set-9-files-27,1,email
EFTA00712574.pdf,data-set-9-files-27,1,email
EFTA00712575.pdf,data-set-9-files-27,21,email
EFTA00712596.pdf,data-set-9-files-27,29,email
EFTA00712625.pdf,data-set-9-files-27,1,email
EFTA00712626.pdf,data-set-9-files-27,1,email
EFTA00712627.pdf,data-set-9-files-27,1,other
EFTA00712628.pdf,data-set-9-files-27,1,other
EFTA00712629.pdf,data-set-9-files-27,1,email
EFTA00712630.pdf,data-set-9-files-27,1,email
EFTA00712631.pdf,data-set-9-files-27,1,email
EFTA00712632.pdf,data-set-9-files-27,1,other
EFTA00712633.pdf,data-set-9-files-27,1,email
EFTA00712634.pdf,data-set-9-files-27,6,email
EFTA00712640.pdf,data-set-9-files-27,1,email
EFTA00712641.pdf,data-set-9-files-27,1,email
EFTA00712642.pdf,data-set-9-files-27,1,email
EFTA00712643.pdf,data-set-9-files-27,2,email
EFTA00712645.pdf,data-set-9-files-27,2,email
EFTA00712647.pdf,data-set-9-files-27,3,email
EFTA00712650.pdf,data-set-9-files-27,1,email
EFTA00712651.pdf,data-set-9-files-27,1,email
EFTA00712652.pdf,data-set-9-files-27,1,other
EFTA00712653.pdf,data-set-9-files-27,1,other
EFTA00712654.pdf,data-set-9-files-27,1,other
EFTA00712655.pdf,data-set-9-files-27,1,email
EFTA00712656.pdf,data-set-9-files-27,1,email
EFTA00712657.pdf,data-set-9-files-27,1,email
EFTA00712658.pdf,data-set-9-files-27,2,email
EFTA00712660.pdf,data-set-9-files-27,1,other
EFTA00712661.pdf,data-set-9-files-27,2,email
EFTA00712663.pdf,data-set-9-files-27,2,email
EFTA00712665.pdf,data-set-9-files-27,1,email
EFTA00712666.pdf,data-set-9-files-27,2,email
EFTA00712668.pdf,data-set-9-files-27,1,email
EFTA00712669.pdf,data-set-9-files-27,1,email
EFTA00712670.pdf,data-set-9-files-27,1,email
EFTA00712671.pdf,data-set-9-files-27,1,other
EFTA00712672.pdf,data-set-9-files-27,2,email
EFTA00712674.pdf,data-set-9-files-27,2,email
EFTA00712676.pdf,data-set-9-files-27,2,email
EFTA00712678.pdf,data-set-9-files-27,2,email
EFTA00712680.pdf,data-set-9-files-27,1,email
EFTA00712681.pdf,data-set-9-files-27,1,other
EFTA00712682.pdf,data-set-9-files-27,1,email
EFTA00712683.pdf,data-set-9-files-27,1,email
EFTA00712684.pdf,data-set-9-files-27,1,email
EFTA00712685.pdf,data-set-9-files-27,2,email
EFTA00712687.pdf,data-set-9-files-27,1,email
EFTA00712688.pdf,data-set-9-files-27,1,email
EFTA00712689.pdf,data-set-9-files-27,1,email
EFTA00712690.pdf,data-set-9-files-27,1,email
EFTA00712691.pdf,data-set-9-files-27,1,email
EFTA00712692.pdf,data-set-9-files-27,1,email
EFTA00712693.pdf,data-set-9-files-27,1,email
EFTA00712694.pdf,data-set-9-files-27,1,email
EFTA00712695.pdf,data-set-9-files-27,1,email
EFTA00712696.pdf,data-set-9-files-27,1,email
EFTA00712697.pdf,data-set-9-files-27,2,email
EFTA00712699.pdf,data-set-9-files-27,1,email
EFTA00712700.pdf,data-set-9-files-27,1,email
EFTA00712701.pdf,data-set-9-files-27,1,other
EFTA00712702.pdf,data-set-9-files-27,1,email
EFTA00712703.pdf,data-set-9-files-27,1,email
EFTA00712704.pdf,data-set-9-files-27,2,email
EFTA00712706.pdf,data-set-9-files-27,1,email
EFTA00712707.pdf,data-set-9-files-27,1,email
EFTA00712708.pdf,data-set-9-files-27,1,email
EFTA00712709.pdf,data-set-9-files-27,2,email
EFTA00712711.pdf,data-set-9-files-27,1,email
EFTA00712712.pdf,data-set-9-files-27,1,email
EFTA00712713.pdf,data-set-9-files-27,2,email
EFTA00712715.pdf,data-set-9-files-27,1,email
EFTA00712716.pdf,data-set-9-files-27,1,email
EFTA00712717.pdf,data-set-9-files-27,1,email
EFTA00712718.pdf,data-set-9-files-27,2,email
EFTA00712720.pdf,data-set-9-files-27,2,email
EFTA00712722.pdf,data-set-9-files-27,2,email
EFTA00712724.pdf,data-set-9-files-27,2,email
EFTA00712726.pdf,data-set-9-files-27,2,email
EFTA00712728.pdf,data-set-9-files-27,1,email
EFTA00712729.pdf,data-set-9-files-27,2,email
EFTA00712731.pdf,data-set-9-files-27,2,email
EFTA00712733.pdf,data-set-9-files-27,1,email
EFTA00712734.pdf,data-set-9-files-27,1,email
EFTA00712735.pdf,data-set-9-files-27,1,email
EFTA00712736.pdf,data-set-9-files-27,1,email
EFTA00712737.pdf,data-set-9-files-27,1,other
EFTA00712738.pdf,data-set-9-files-27,1,email
EFTA00712739.pdf,data-set-9-files-27,1,email
EFTA00712740.pdf,data-set-9-files-27,3,email
EFTA00712743.pdf,data-set-9-files-27,2,email
EFTA00712745.pdf,data-set-9-files-27,1,email
EFTA00712746.pdf,data-set-9-files-27,1,email
EFTA00712747.pdf,data-set-9-files-27,2,email
EFTA00712749.pdf,data-set-9-files-27,50,email
EFTA00712799.pdf,data-set-9-files-27,1,email
EFTA00712800.pdf,data-set-9-files-27,1,email
EFTA00712801.pdf,data-set-9-files-27,2,email
EFTA00712803.pdf,data-set-9-files-27,1,email
EFTA00712804.pdf,data-set-9-files-27,1,other
EFTA00712805.pdf,data-set-9-files-27,1,email
EFTA00712806.pdf,data-set-9-files-27,1,email
EFTA00712807.pdf,data-set-9-files-27,1,email
EFTA00712808.pdf,data-set-9-files-27,1,email
EFTA00712809.pdf,data-set-9-files-27,1,email
EFTA00712810.pdf,data-set-9-files-27,1,email
EFTA00712811.pdf,data-set-9-files-27,1,other
EFTA00712812.pdf,data-set-9-files-27,1,email
EFTA00712813.pdf,data-set-9-files-27,4,email
EFTA00712817.pdf,data-set-9-files-27,1,email
EFTA00712818.pdf,data-set-9-files-27,2,email
EFTA00712820.pdf,data-set-9-files-27,2,email
EFTA00712822.pdf,data-set-9-files-27,1,email
EFTA00712823.pdf,data-set-9-files-27,1,email
EFTA00712824.pdf,data-set-9-files-27,2,email
EFTA00712826.pdf,data-set-9-files-27,1,email
EFTA00712827.pdf,data-set-9-files-27,1,email
EFTA00712828.pdf,data-set-9-files-27,2,email
EFTA00712830.pdf,data-set-9-files-27,1,email
EFTA00712831.pdf,data-set-9-files-27,1,email
EFTA00712832.pdf,data-set-9-files-27,1,email
EFTA00712833.pdf,data-set-9-files-27,2,email
EFTA00712835.pdf,data-set-9-files-27,1,email
EFTA00712836.pdf,data-set-9-files-27,1,email
EFTA00712837.pdf,data-set-9-files-27,1,email
EFTA00712838.pdf,data-set-9-files-27,2,email
EFTA00712840.pdf,data-set-9-files-27,1,email
EFTA00712841.pdf,data-set-9-files-27,1,email
EFTA00712842.pdf,data-set-9-files-27,1,email
EFTA00712843.pdf,data-set-9-files-27,2,email
EFTA00712845.pdf,data-set-9-files-27,1,other
EFTA00712846.pdf,data-set-9-files-27,1,email
EFTA00712847.pdf,data-set-9-files-27,1,email
EFTA00712848.pdf,data-set-9-files-27,1,email
EFTA00712849.pdf,data-set-9-files-27,4,email
EFTA00712853.pdf,data-set-9-files-27,1,email
EFTA00712854.pdf,data-set-9-files-27,4,email
EFTA00712858.pdf,data-set-9-files-27,3,email
EFTA00712861.pdf,data-set-9-files-27,1,email
EFTA00712862.pdf,data-set-9-files-27,1,email
EFTA00712863.pdf,data-set-9-files-27,5,email
EFTA00712868.pdf,data-set-9-files-27,1,email
EFTA00712869.pdf,data-set-9-files-27,1,other
EFTA00712870.pdf,data-set-9-files-27,1,email
EFTA00712871.pdf,data-set-9-files-27,1,email
EFTA00712872.pdf,data-set-9-files-27,1,email
EFTA00712873.pdf,data-set-9-files-27,1,email
EFTA00712874.pdf,data-set-9-files-27,1,email
EFTA00712875.pdf,data-set-9-files-27,1,email
EFTA00712876.pdf,data-set-9-files-27,2,email
EFTA00712878.pdf,data-set-9-files-27,1,email
EFTA00712879.pdf,data-set-9-files-27,1,email
EFTA00712880.pdf,data-set-9-files-27,1,email
EFTA00712881.pdf,data-set-9-files-27,1,email
EFTA00712882.pdf,data-set-9-files-27,1,email
EFTA00712883.pdf,data-set-9-files-27,1,email
EFTA00712884.pdf,data-set-9-files-27,2,email
EFTA00712886.pdf,data-set-9-files-27,1,email
EFTA00712887.pdf,data-set-9-files-27,1,email
EFTA00712888.pdf,data-set-9-files-27,1,email
EFTA00712889.pdf,data-set-9-files-27,1,email
EFTA00712890.pdf,data-set-9-files-27,1,email
EFTA00712891.pdf,data-set-9-files-27,1,email
EFTA00712892.pdf,data-set-9-files-27,1,photo
EFTA00712893.pdf,data-set-9-files-27,1,other
EFTA00712894.pdf,data-set-9-files-27,29,email
EFTA00712923.pdf,data-set-9-files-27,2,email
EFTA00712925.pdf,data-set-9-files-27,2,email
EFTA00712927.pdf,data-set-9-files-27,1,email
EFTA00712928.pdf,data-set-9-files-27,1,other
EFTA00712929.pdf,data-set-9-files-27,1,email
EFTA00712930.pdf,data-set-9-files-27,3,email
EFTA00712933.pdf,data-set-9-files-27,1,email
EFTA00712934.pdf,data-set-9-files-27,2,email
EFTA00712936.pdf,data-set-9-files-27,1,email
EFTA00712937.pdf,data-set-9-files-27,1,email
EFTA00712938.pdf,data-set-9-files-27,1,email
EFTA00712939.pdf,data-set-9-files-27,1,email
EFTA00712940.pdf,data-set-9-files-27,2,email
EFTA00712942.pdf,data-set-9-files-27,1,email
EFTA00712943.pdf,data-set-9-files-27,28,email
EFTA00712971.pdf,data-set-9-files-27,1,other
EFTA00712972.pdf,data-set-9-files-27,2,email
EFTA00712974.pdf,data-set-9-files-27,2,email
EFTA00712976.pdf,data-set-9-files-27,1,email
EFTA00712977.pdf,data-set-9-files-27,2,email
EFTA00712979.pdf,data-set-9-files-27,1,email
EFTA00712980.pdf,data-set-9-files-27,1,email
EFTA00712981.pdf,data-set-9-files-27,1,email
EFTA00712982.pdf,data-set-9-files-27,1,email
EFTA00712983.pdf,data-set-9-files-27,1,other
EFTA00712984.pdf,data-set-9-files-27,3,email
EFTA00712987.pdf,data-set-9-files-27,1,email
EFTA00712988.pdf,data-set-9-files-27,1,email
EFTA00712989.pdf,data-set-9-files-27,1,other
EFTA00712990.pdf,data-set-9-files-27,1,other
EFTA00712991.pdf,data-set-9-files-27,2,email
EFTA00712993.pdf,data-set-9-files-27,1,other
EFTA00712994.pdf,data-set-9-files-27,1,other
EFTA00712995.pdf,data-set-9-files-27,1,email
EFTA00712996.pdf,data-set-9-files-27,1,other
EFTA00712997.pdf,data-set-9-files-27,1,other
EFTA00712998.pdf,data-set-9-files-27,1,other
EFTA00712999.pdf,data-set-9-files-27,3,email
EFTA00713002.pdf,data-set-9-files-27,1,other
EFTA00713003.pdf,data-set-9-files-27,1,other
EFTA00713004.pdf,data-set-9-files-27,1,email
EFTA00713005.pdf,data-set-9-files-27,1,email
EFTA00713006.pdf,data-set-9-files-27,1,other
EFTA00713007.pdf,data-set-9-files-27,2,email
EFTA00713009.pdf,data-set-9-files-27,1,other
EFTA00713010.pdf,data-set-9-files-27,1,email
EFTA00713011.pdf,data-set-9-files-27,1,other
EFTA00713012.pdf,data-set-9-files-27,1,other
EFTA00713013.pdf,data-set-9-files-27,2,email
EFTA00713015.pdf,data-set-9-files-27,1,other
EFTA00713016.pdf,data-set-9-files-27,1,email
EFTA00713017.pdf,data-set-9-files-27,1,email
EFTA00713018.pdf,data-set-9-files-27,2,email
EFTA00713020.pdf,data-set-9-files-27,1,email
EFTA00713021.pdf,data-set-9-files-27,1,email
EFTA00713022.pdf,data-set-9-files-27,1,email
EFTA00713023.pdf,data-set-9-files-27,1,email
EFTA00713024.pdf,data-set-9-files-27,2,email
EFTA00713026.pdf,data-set-9-files-27,1,email
EFTA00713027.pdf,data-set-9-files-27,1,email
EFTA00713028.pdf,data-set-9-files-27,1,email
EFTA00713029.pdf,data-set-9-files-27,1,email
EFTA00713030.pdf,data-set-9-files-27,1,other
EFTA00713031.pdf,data-set-9-files-27,1,email
EFTA00713032.pdf,data-set-9-files-27,1,other
EFTA00713033.pdf,data-set-9-files-27,1,other
EFTA00713034.pdf,data-set-9-files-27,1,email
EFTA00713035.pdf,data-set-9-files-27,1,email
EFTA00713036.pdf,data-set-9-files-27,1,email
EFTA00713037.pdf,data-set-9-files-27,1,email
EFTA00713038.pdf,data-set-9-files-27,2,email
EFTA00713040.pdf,data-set-9-files-27,1,email
EFTA00713041.pdf,data-set-9-files-27,1,email
EFTA00713042.pdf,data-set-9-files-27,1,email
EFTA00713043.pdf,data-set-9-files-27,1,email
EFTA00713044.pdf,data-set-9-files-27,1,email
EFTA00713045.pdf,data-set-9-files-27,1,email
EFTA00713046.pdf,data-set-9-files-27,1,email
EFTA00713047.pdf,data-set-9-files-27,1,email
EFTA00713048.pdf,data-set-9-files-27,1,email
EFTA00713049.pdf,data-set-9-files-27,1,other
EFTA00713050.pdf,data-set-9-files-27,2,email
EFTA00713052.pdf,data-set-9-files-27,1,other
EFTA00713053.pdf,data-set-9-files-27,1,email
EFTA00713054.pdf,data-set-9-files-27,6,email
EFTA00713060.pdf,data-set-9-files-27,2,email
EFTA00713062.pdf,data-set-9-files-27,4,email
EFTA00713066.pdf,data-set-9-files-27,2,email
EFTA00713068.pdf,data-set-9-files-27,1,email
EFTA00713069.pdf,data-set-9-files-27,2,email
EFTA00713071.pdf,data-set-9-files-27,1,other
EFTA00713072.pdf,data-set-9-files-27,1,email
EFTA00713073.pdf,data-set-9-files-27,3,email
EFTA00713076.pdf,data-set-9-files-27,1,email
EFTA00713077.pdf,data-set-9-files-27,1,email
EFTA00713078.pdf,data-set-9-files-27,1,other
EFTA00713079.pdf,data-set-9-files-27,1,email
EFTA00713080.pdf,data-set-9-files-27,1,email
EFTA00713081.pdf,data-set-9-files-27,1,email
EFTA00713082.pdf,data-set-9-files-27,2,email
EFTA00713084.pdf,data-set-9-files-27,1,email
EFTA00713085.pdf,data-set-9-files-27,1,email
EFTA00713086.pdf,data-set-9-files-27,2,email
EFTA00713088.pdf,data-set-9-files-27,1,email
EFTA00713089.pdf,data-set-9-files-27,3,email
EFTA00713092.pdf,data-set-9-files-27,1,email
EFTA00713093.pdf,data-set-9-files-27,1,email
EFTA00713094.pdf,data-set-9-files-27,1,email
EFTA00713095.pdf,data-set-9-files-27,1,other
EFTA00713096.pdf,data-set-9-files-27,1,email
EFTA00713097.pdf,data-set-9-files-27,3,email
EFTA00713100.pdf,data-set-9-files-27,1,email
EFTA00713101.pdf,data-set-9-files-27,2,email
EFTA00713103.pdf,data-set-9-files-27,1,email
EFTA00713104.pdf,data-set-9-files-27,2,email
EFTA00713106.pdf,data-set-9-files-27,1,email
EFTA00713107.pdf,data-set-9-files-27,1,email
EFTA00713108.pdf,data-set-9-files-27,1,email
EFTA00713109.pdf,data-set-9-files-27,1,email
EFTA00713110.pdf,data-set-9-files-27,1,email
EFTA00713111.pdf,data-set-9-files-27,1,other
EFTA00713112.pdf,data-set-9-files-27,1,email
EFTA00713113.pdf,data-set-9-files-27,1,email
EFTA00713114.pdf,data-set-9-files-27,1,other
EFTA00713115.pdf,data-set-9-files-27,2,email
EFTA00713117.pdf,data-set-9-files-27,1,email
EFTA00713118.pdf,data-set-9-files-27,1,email
EFTA00713119.pdf,data-set-9-files-27,2,email
EFTA00713121.pdf,data-set-9-files-27,1,email
EFTA00713122.pdf,data-set-9-files-27,1,email
EFTA00713123.pdf,data-set-9-files-27,1,email
EFTA00713124.pdf,data-set-9-files-27,1,other
EFTA00713125.pdf,data-set-9-files-27,1,email
EFTA00713126.pdf,data-set-9-files-27,3,email
EFTA00713129.pdf,data-set-9-files-27,1,email
EFTA00713130.pdf,data-set-9-files-27,1,email
EFTA00713131.pdf,data-set-9-files-27,1,other
EFTA00713132.pdf,data-set-9-files-27,1,email
EFTA00713133.pdf,data-set-9-files-27,1,other
EFTA00713134.pdf,data-set-9-files-27,1,email
EFTA00713135.pdf,data-set-9-files-27,4,email
EFTA00713139.pdf,data-set-9-files-27,2,email
EFTA00713141.pdf,data-set-9-files-27,2,email
EFTA00713143.pdf,data-set-9-files-27,2,email
EFTA00713145.pdf,data-set-9-files-27,7,email
EFTA00713152.pdf,data-set-9-files-27,3,email
EFTA00713155.pdf,data-set-9-files-27,1,email
EFTA00713156.pdf,data-set-9-files-27,1,email
EFTA00713157.pdf,data-set-9-files-27,2,email
EFTA00713159.pdf,data-set-9-files-27,2,email
EFTA00713161.pdf,data-set-9-files-27,1,email
EFTA00713162.pdf,data-set-9-files-27,2,email
EFTA00713164.pdf,data-set-9-files-27,2,email
EFTA00713166.pdf,data-set-9-files-27,1,email
EFTA00713167.pdf,data-set-9-files-27,1,email
EFTA00713168.pdf,data-set-9-files-27,1,email
EFTA00713169.pdf,data-set-9-files-27,1,email
EFTA00713170.pdf,data-set-9-files-27,1,other
EFTA00713171.pdf,data-set-9-files-27,1,email
EFTA00713172.pdf,data-set-9-files-27,1,email
EFTA00713173.pdf,data-set-9-files-27,1,email
EFTA00713174.pdf,data-set-9-files-27,1,email
EFTA00713175.pdf,data-set-9-files-27,1,email
EFTA00713176.pdf,data-set-9-files-27,1,email
EFTA00713177.pdf,data-set-9-files-27,2,email
EFTA00713179.pdf,data-set-9-files-27,1,email
EFTA00713180.pdf,data-set-9-files-27,1,email
EFTA00713181.pdf,data-set-9-files-27,1,email
EFTA00713182.pdf,data-set-9-files-27,1,other
EFTA00713183.pdf,data-set-9-files-27,1,email
EFTA00713184.pdf,data-set-9-files-27,2,email
EFTA00713186.pdf,data-set-9-files-27,1,email
EFTA00713187.pdf,data-set-9-files-27,3,email
EFTA00713190.pdf,data-set-9-files-27,2,email
EFTA00713192.pdf,data-set-9-files-27,1,email
EFTA00713193.pdf,data-set-9-files-27,1,email
EFTA00713194.pdf,data-set-9-files-27,2,email
EFTA00713196.pdf,data-set-9-files-27,1,email
EFTA00713197.pdf,data-set-9-files-27,1,email
EFTA00713198.pdf,data-set-9-files-27,5,email
EFTA00713203.pdf,data-set-9-files-27,1,email
EFTA00713204.pdf,data-set-9-files-27,1,email
EFTA00713205.pdf,data-set-9-files-27,1,email
EFTA00713206.pdf,data-set-9-files-27,2,email
EFTA00713208.pdf,data-set-9-files-27,1,other
EFTA00713209.pdf,data-set-9-files-27,2,email
EFTA00713211.pdf,data-set-9-files-27,1,email
EFTA00713212.pdf,data-set-9-files-27,1,email
EFTA00713213.pdf,data-set-9-files-27,2,email
EFTA00713215.pdf,data-set-9-files-27,3,email
EFTA00713218.pdf,data-set-9-files-27,1,email
EFTA00713219.pdf,data-set-9-files-27,1,other
EFTA00713220.pdf,data-set-9-files-27,1,email
EFTA00713221.pdf,data-set-9-files-27,2,email
EFTA00713223.pdf,data-set-9-files-27,1,email
EFTA00713224.pdf,data-set-9-files-27,1,email
EFTA00713225.pdf,data-set-9-files-27,1,email
EFTA00713226.pdf,data-set-9-files-27,3,email
EFTA00713229.pdf,data-set-9-files-27,2,email
EFTA00713231.pdf,data-set-9-files-27,2,email
EFTA00713233.pdf,data-set-9-files-27,1,email
EFTA00713234.pdf,data-set-9-files-27,1,email
EFTA00713235.pdf,data-set-9-files-27,3,email
EFTA00713238.pdf,data-set-9-files-27,1,email
EFTA00713239.pdf,data-set-9-files-27,1,email
EFTA00713240.pdf,data-set-9-files-27,3,email
EFTA00713243.pdf,data-set-9-files-27,1,email
EFTA00713244.pdf,data-set-9-files-27,1,email
EFTA00713245.pdf,data-set-9-files-27,1,email
EFTA00713246.pdf,data-set-9-files-27,1,email
EFTA00713247.pdf,data-set-9-files-27,1,email
EFTA00713248.pdf,data-set-9-files-27,1,other
EFTA00713249.pdf,data-set-9-files-27,2,email
EFTA00713251.pdf,data-set-9-files-27,1,email
EFTA00713252.pdf,data-set-9-files-27,1,email
EFTA00713253.pdf,data-set-9-files-27,1,email
EFTA00713254.pdf,data-set-9-files-27,1,email
EFTA00713255.pdf,data-set-9-files-27,2,email
EFTA00713257.pdf,data-set-9-files-27,1,email
EFTA00713258.pdf,data-set-9-files-27,2,email
EFTA00713260.pdf,data-set-9-files-27,4,email
EFTA00713264.pdf,data-set-9-files-27,2,email
EFTA00713266.pdf,data-set-9-files-27,2,email
EFTA00713268.pdf,data-set-9-files-27,1,email
EFTA00713269.pdf,data-set-9-files-27,1,other
EFTA00713270.pdf,data-set-9-files-27,1,email
EFTA00713271.pdf,data-set-9-files-27,1,email
EFTA00713272.pdf,data-set-9-files-27,1,email
EFTA00713273.pdf,data-set-9-files-27,1,email
EFTA00713274.pdf,data-set-9-files-27,1,email
EFTA00713275.pdf,data-set-9-files-27,1,email
EFTA00713276.pdf,data-set-9-files-27,2,email
EFTA00713278.pdf,data-set-9-files-27,1,email
EFTA00713279.pdf,data-set-9-files-27,1,email
EFTA00713280.pdf,data-set-9-files-27,1,email
EFTA00713281.pdf,data-set-9-files-27,1,other
EFTA00713282.pdf,data-set-9-files-27,1,email
EFTA00713283.pdf,data-set-9-files-27,1,email
EFTA00713284.pdf,data-set-9-files-27,1,email
EFTA00713285.pdf,data-set-9-files-27,1,email
EFTA00713286.pdf,data-set-9-files-27,1,email
EFTA00713287.pdf,data-set-9-files-27,4,email
EFTA00713291.pdf,data-set-9-files-27,2,email
EFTA00713293.pdf,data-set-9-files-27,5,email
EFTA00713298.pdf,data-set-9-files-27,1,email
EFTA00713299.pdf,data-set-9-files-27,1,email
EFTA00713300.pdf,data-set-9-files-27,1,email
EFTA00713301.pdf,data-set-9-files-27,1,email
EFTA00713302.pdf,data-set-9-files-27,1,email
EFTA00713303.pdf,data-set-9-files-27,2,email
EFTA00713305.pdf,data-set-9-files-27,2,email
EFTA00713307.pdf,data-set-9-files-27,1,email
EFTA00713308.pdf,data-set-9-files-27,1,email
EFTA00713309.pdf,data-set-9-files-27,1,email
EFTA00713310.pdf,data-set-9-files-27,1,email
EFTA00713311.pdf,data-set-9-files-27,1,email
EFTA00713312.pdf,data-set-9-files-27,1,email
EFTA00713313.pdf,data-set-9-files-27,1,email
EFTA00713314.pdf,data-set-9-files-27,1,email
EFTA00713315.pdf,data-set-9-files-27,1,email
EFTA00713316.pdf,data-set-9-files-27,2,email
EFTA00713318.pdf,data-set-9-files-27,3,email
EFTA00713321.pdf,data-set-9-files-27,17,email
EFTA00713338.pdf,data-set-9-files-27,21,email
EFTA00713359.pdf,data-set-9-files-27,2,email
EFTA00713361.pdf,data-set-9-files-27,1,email
EFTA00713362.pdf,data-set-9-files-27,1,email
EFTA00713363.pdf,data-set-9-files-27,1,email
EFTA00713364.pdf,data-set-9-files-27,1,email
EFTA00713365.pdf,data-set-9-files-27,1,email
EFTA00713366.pdf,data-set-9-files-27,1,email
EFTA00713367.pdf,data-set-9-files-27,2,email
EFTA00713369.pdf,data-set-9-files-27,1,email
EFTA00713370.pdf,data-set-9-files-27,1,email
EFTA00713371.pdf,data-set-9-files-27,1,email
EFTA00713372.pdf,data-set-9-files-27,1,email
EFTA00713373.pdf,data-set-9-files-27,1,email
EFTA00713374.pdf,data-set-9-files-27,1,email
EFTA00713375.pdf,data-set-9-files-27,3,email
EFTA00713378.pdf,data-set-9-files-27,1,email
EFTA00713379.pdf,data-set-9-files-27,1,email
EFTA00713380.pdf,data-set-9-files-27,1,email
EFTA00713381.pdf,data-set-9-files-27,1,email
EFTA00713382.pdf,data-set-9-files-27,1,email
EFTA00713383.pdf,data-set-9-files-27,2,email
EFTA00713385.pdf,data-set-9-files-27,1,email
EFTA00713386.pdf,data-set-9-files-27,1,email
EFTA00713387.pdf,data-set-9-files-27,1,email
EFTA00713388.pdf,data-set-9-files-27,1,email
EFTA00713389.pdf,data-set-9-files-27,1,email
EFTA00713390.pdf,data-set-9-files-27,1,email
EFTA00713391.pdf,data-set-9-files-27,1,other
EFTA00713392.pdf,data-set-9-files-27,1,email
EFTA00713393.pdf,data-set-9-files-27,1,email
EFTA00713394.pdf,data-set-9-files-27,1,email
EFTA00713395.pdf,data-set-9-files-27,2,email
EFTA00713397.pdf,data-set-9-files-27,4,email
EFTA00713401.pdf,data-set-9-files-27,1,email
EFTA00713402.pdf,data-set-9-files-27,1,email
EFTA00713403.pdf,data-set-9-files-27,1,email
EFTA00713404.pdf,data-set-9-files-27,2,email
EFTA00713406.pdf,data-set-9-files-27,1,email
EFTA00713407.pdf,data-set-9-files-27,3,email
EFTA00713410.pdf,data-set-9-files-27,1,email
EFTA00713411.pdf,data-set-9-files-27,1,email
EFTA00713412.pdf,data-set-9-files-27,4,email
EFTA00713416.pdf,data-set-9-files-27,1,email
EFTA00713417.pdf,data-set-9-files-27,1,email
EFTA00713418.pdf,data-set-9-files-27,1,email
EFTA00713419.pdf,data-set-9-files-27,1,email
EFTA00713420.pdf,data-set-9-files-27,2,email
EFTA00713422.pdf,data-set-9-files-27,1,email
EFTA00713423.pdf,data-set-9-files-27,1,email
EFTA00713424.pdf,data-set-9-files-27,1,email
EFTA00713425.pdf,data-set-9-files-27,1,email
EFTA00713426.pdf,data-set-9-files-27,1,email
EFTA00713427.pdf,data-set-9-files-27,2,email
EFTA00713429.pdf,data-set-9-files-27,2,email
EFTA00713431.pdf,data-set-9-files-27,1,email
EFTA00713432.pdf,data-set-9-files-27,1,email
EFTA00713433.pdf,data-set-9-files-27,3,email
EFTA00713436.pdf,data-set-9-files-27,1,email
EFTA00713437.pdf,data-set-9-files-27,3,email
EFTA00713440.pdf,data-set-9-files-27,2,email
EFTA00713442.pdf,data-set-9-files-27,1,email
EFTA00713443.pdf,data-set-9-files-27,1,email
EFTA00713444.pdf,data-set-9-files-27,1,email
EFTA00713445.pdf,data-set-9-files-27,2,email
EFTA00713447.pdf,data-set-9-files-27,1,email
EFTA00713448.pdf,data-set-9-files-27,1,email
EFTA00713449.pdf,data-set-9-files-27,1,email
EFTA00713450.pdf,data-set-9-files-27,1,email
EFTA00713451.pdf,data-set-9-files-27,1,email
EFTA00713452.pdf,data-set-9-files-27,1,email
EFTA00713453.pdf,data-set-9-files-27,2,email
EFTA00713455.pdf,data-set-9-files-27,1,email
EFTA00713456.pdf,data-set-9-files-27,1,other
EFTA00713457.pdf,data-set-9-files-27,1,email
EFTA00713458.pdf,data-set-9-files-27,3,email
EFTA00713461.pdf,data-set-9-files-27,1,email
EFTA00713462.pdf,data-set-9-files-27,2,email
EFTA00713464.pdf,data-set-9-files-27,1,other
EFTA00713465.pdf,data-set-9-files-27,1,other
EFTA00713466.pdf,data-set-9-files-27,1,email
EFTA00713467.pdf,data-set-9-files-27,1,email
EFTA00713468.pdf,data-set-9-files-27,1,email
EFTA00713469.pdf,data-set-9-files-27,1,email
EFTA00713470.pdf,data-set-9-files-27,1,email
EFTA00713471.pdf,data-set-9-files-27,1,email
EFTA00713472.pdf,data-set-9-files-27,1,email
EFTA00713473.pdf,data-set-9-files-27,2,email
EFTA00713475.pdf,data-set-9-files-27,1,email
EFTA00713476.pdf,data-set-9-files-27,2,email
EFTA00713478.pdf,data-set-9-files-27,1,email
EFTA00713479.pdf,data-set-9-files-27,2,email
EFTA00713481.pdf,data-set-9-files-27,2,email
EFTA00713483.pdf,data-set-9-files-27,2,email
EFTA00713485.pdf,data-set-9-files-27,2,email
EFTA00713487.pdf,data-set-9-files-27,2,email
EFTA00713489.pdf,data-set-9-files-27,1,email
EFTA00713490.pdf,data-set-9-files-27,1,email
EFTA00713491.pdf,data-set-9-files-27,1,email
EFTA00713492.pdf,data-set-9-files-27,1,email
EFTA00713493.pdf,data-set-9-files-27,1,email
EFTA00713494.pdf,data-set-9-files-27,2,email
EFTA00713496.pdf,data-set-9-files-27,1,email
EFTA00713497.pdf,data-set-9-files-27,1,email
EFTA00713498.pdf,data-set-9-files-27,1,email
EFTA00713499.pdf,data-set-9-files-27,1,email
EFTA00713500.pdf,data-set-9-files-27,1,email
EFTA00713501.pdf,data-set-9-files-27,1,email
EFTA00713502.pdf,data-set-9-files-27,1,other
EFTA00713503.pdf,data-set-9-files-27,1,email
EFTA00713504.pdf,data-set-9-files-27,1,email
EFTA00713505.pdf,data-set-9-files-27,2,email
EFTA00713507.pdf,data-set-9-files-27,3,email
EFTA00713510.pdf,data-set-9-files-27,1,email
EFTA00713511.pdf,data-set-9-files-27,1,email
EFTA00713512.pdf,data-set-9-files-27,1,email
EFTA00713513.pdf,data-set-9-files-27,1,email
EFTA00713514.pdf,data-set-9-files-27,1,email
EFTA00713515.pdf,data-set-9-files-27,1,email
EFTA00713516.pdf,data-set-9-files-27,1,email
EFTA00713517.pdf,data-set-9-files-27,1,email
EFTA00713518.pdf,data-set-9-files-27,1,email
EFTA00713519.pdf,data-set-9-files-27,1,email
EFTA00713520.pdf,data-set-9-files-27,2,other
EFTA00713522.pdf,data-set-9-files-27,1,email
EFTA00713523.pdf,data-set-9-files-27,1,email
EFTA00713524.pdf,data-set-9-files-27,1,email
EFTA00713525.pdf,data-set-9-files-27,1,email
EFTA00713526.pdf,data-set-9-files-27,1,email
EFTA00713527.pdf,data-set-9-files-27,1,email
EFTA00713528.pdf,data-set-9-files-27,1,email
EFTA00713529.pdf,data-set-9-files-27,1,email
EFTA00713530.pdf,data-set-9-files-27,1,email
EFTA00713531.pdf,data-set-9-files-27,1,other
EFTA00713532.pdf,data-set-9-files-27,1,email
EFTA00713533.pdf,data-set-9-files-27,1,email
EFTA00713534.pdf,data-set-9-files-27,1,email
EFTA00713535.pdf,data-set-9-files-27,1,email
EFTA00713536.pdf,data-set-9-files-27,1,email
EFTA00713537.pdf,data-set-9-files-27,2,email
EFTA00713539.pdf,data-set-9-files-27,2,email
EFTA00713541.pdf,data-set-9-files-27,2,email
EFTA00713543.pdf,data-set-9-files-27,1,other
EFTA00713544.pdf,data-set-9-files-27,1,email
EFTA00713545.pdf,data-set-9-files-27,2,email
EFTA00713547.pdf,data-set-9-files-27,1,email
EFTA00713548.pdf,data-set-9-files-27,1,email
EFTA00713549.pdf,data-set-9-files-27,1,email
EFTA00713550.pdf,data-set-9-files-27,1,email
EFTA00713551.pdf,data-set-9-files-27,1,email
EFTA00713552.pdf,data-set-9-files-27,1,email
EFTA00713553.pdf,data-set-9-files-27,1,email
EFTA00713554.pdf,data-set-9-files-27,2,email
EFTA00713556.pdf,data-set-9-files-27,1,email
EFTA00713557.pdf,data-set-9-files-27,1,other
EFTA00713558.pdf,data-set-9-files-27,1,email
EFTA00713559.pdf,data-set-9-files-27,1,email
EFTA00713560.pdf,data-set-9-files-27,2,email
EFTA00713562.pdf,data-set-9-files-27,1,email
EFTA00713563.pdf,data-set-9-files-27,1,email
EFTA00713564.pdf,data-set-9-files-27,1,email
EFTA00713565.pdf,data-set-9-files-27,1,email
EFTA00713566.pdf,data-set-9-files-27,1,email
EFTA00713567.pdf,data-set-9-files-27,1,email
EFTA00713568.pdf,data-set-9-files-27,2,email
EFTA00713570.pdf,data-set-9-files-27,2,email
EFTA00713572.pdf,data-set-9-files-27,1,email
EFTA00713573.pdf,data-set-9-files-27,2,email
EFTA00713575.pdf,data-set-9-files-27,2,email
EFTA00713577.pdf,data-set-9-files-27,3,email
EFTA00713580.pdf,data-set-9-files-27,1,email
EFTA00713581.pdf,data-set-9-files-27,2,email
EFTA00713583.pdf,data-set-9-files-27,1,email
EFTA00713584.pdf,data-set-9-files-27,1,email
EFTA00713585.pdf,data-set-9-files-27,1,email
EFTA00713586.pdf,data-set-9-files-27,3,email
EFTA00713589.pdf,data-set-9-files-27,1,email
EFTA00713590.pdf,data-set-9-files-27,1,other
EFTA00713591.pdf,data-set-9-files-27,1,email
EFTA00713592.pdf,data-set-9-files-27,2,other
EFTA00713594.pdf,data-set-9-files-27,1,email
EFTA00713595.pdf,data-set-9-files-27,1,other
EFTA00713596.pdf,data-set-9-files-27,1,email
EFTA00713597.pdf,data-set-9-files-27,1,email
EFTA00713598.pdf,data-set-9-files-27,1,other
EFTA00713599.pdf,data-set-9-files-27,2,email
EFTA00713601.pdf,data-set-9-files-27,1,other
EFTA00713602.pdf,data-set-9-files-27,1,other
EFTA00713603.pdf,data-set-9-files-27,1,email
EFTA00713604.pdf,data-set-9-files-27,1,email
EFTA00713605.pdf,data-set-9-files-27,1,email
EFTA00713606.pdf,data-set-9-files-27,1,email
EFTA00713607.pdf,data-set-9-files-27,1,other
EFTA00713608.pdf,data-set-9-files-27,1,email
EFTA00713609.pdf,data-set-9-files-27,1,email
EFTA00713610.pdf,data-set-9-files-27,1,email
EFTA00713611.pdf,data-set-9-files-27,1,email
EFTA00713612.pdf,data-set-9-files-27,1,email
EFTA00713613.pdf,data-set-9-files-27,1,email
EFTA00713614.pdf,data-set-9-files-27,1,email
EFTA00713615.pdf,data-set-9-files-27,1,email
EFTA00713616.pdf,data-set-9-files-27,1,email
EFTA00713617.pdf,data-set-9-files-27,2,email
EFTA00713619.pdf,data-set-9-files-27,1,email
EFTA00713620.pdf,data-set-9-files-27,1,email
EFTA00713621.pdf,data-set-9-files-27,1,email
EFTA00713622.pdf,data-set-9-files-27,1,email
EFTA00713623.pdf,data-set-9-files-27,1,email
EFTA00713624.pdf,data-set-9-files-27,2,email
EFTA00713626.pdf,data-set-9-files-27,1,email
EFTA00713627.pdf,data-set-9-files-27,2,email
EFTA00713629.pdf,data-set-9-files-27,1,email
EFTA00713630.pdf,data-set-9-files-27,2,email
EFTA00713632.pdf,data-set-9-files-27,2,email
EFTA00713634.pdf,data-set-9-files-27,1,email
EFTA00713635.pdf,data-set-9-files-27,1,email
EFTA00713636.pdf,data-set-9-files-27,1,email
EFTA00713637.pdf,data-set-9-files-27,2,email
EFTA00713639.pdf,data-set-9-files-27,1,email
EFTA00713640.pdf,data-set-9-files-27,1,email
EFTA00713641.pdf,data-set-9-files-27,2,email
EFTA00713643.pdf,data-set-9-files-27,1,email
EFTA00713644.pdf,data-set-9-files-27,1,email
EFTA00713645.pdf,data-set-9-files-27,1,email
EFTA00713646.pdf,data-set-9-files-27,2,email
EFTA00713648.pdf,data-set-9-files-27,1,email
EFTA00713649.pdf,data-set-9-files-27,1,email
EFTA00713650.pdf,data-set-9-files-27,1,email
EFTA00713651.pdf,data-set-9-files-27,1,email
EFTA00713652.pdf,data-set-9-files-27,2,email
EFTA00713654.pdf,data-set-9-files-27,1,email
EFTA00713655.pdf,data-set-9-files-27,2,email
EFTA00713657.pdf,data-set-9-files-27,1,email
EFTA00713658.pdf,data-set-9-files-27,1,email
EFTA00713659.pdf,data-set-9-files-27,1,other
EFTA00713660.pdf,data-set-9-files-27,1,email
EFTA00713661.pdf,data-set-9-files-27,1,email
EFTA00713662.pdf,data-set-9-files-27,1,email
EFTA00713663.pdf,data-set-9-files-27,1,email
EFTA00713664.pdf,data-set-9-files-27,1,email
EFTA00713665.pdf,data-set-9-files-27,1,email
EFTA00713666.pdf,data-set-9-files-27,1,email
EFTA00713667.pdf,data-set-9-files-27,1,email
EFTA00713668.pdf,data-set-9-files-27,2,email
EFTA00713670.pdf,data-set-9-files-27,2,email
EFTA00713672.pdf,data-set-9-files-27,1,email
EFTA00713673.pdf,data-set-9-files-27,1,email
EFTA00713674.pdf,data-set-9-files-27,1,email
EFTA00713675.pdf,data-set-9-files-27,1,email
EFTA00713676.pdf,data-set-9-files-27,2,email
EFTA00713678.pdf,data-set-9-files-27,1,email
EFTA00713679.pdf,data-set-9-files-27,2,email
EFTA00713681.pdf,data-set-9-files-27,1,email
EFTA00713682.pdf,data-set-9-files-27,1,email
EFTA00713683.pdf,data-set-9-files-27,1,email
EFTA00713684.pdf,data-set-9-files-27,2,email
EFTA00713686.pdf,data-set-9-files-27,1,email
EFTA00713687.pdf,data-set-9-files-27,1,email
EFTA00713688.pdf,data-set-9-files-27,2,email
EFTA00713690.pdf,data-set-9-files-27,1,other
EFTA00713691.pdf,data-set-9-files-27,3,email
EFTA00713694.pdf,data-set-9-files-27,1,email
EFTA00713695.pdf,data-set-9-files-27,1,email
EFTA00713696.pdf,data-set-9-files-27,2,email
EFTA00713698.pdf,data-set-9-files-27,1,email
EFTA00713699.pdf,data-set-9-files-27,3,email
EFTA00713702.pdf,data-set-9-files-27,25,email
EFTA00713727.pdf,data-set-9-files-27,2,email
EFTA00713729.pdf,data-set-9-files-27,2,email
EFTA00713731.pdf,data-set-9-files-27,1,email
EFTA00713732.pdf,data-set-9-files-27,1,email
EFTA00713733.pdf,data-set-9-files-27,2,email
EFTA00713735.pdf,data-set-9-files-27,1,email
EFTA00713736.pdf,data-set-9-files-27,2,email
EFTA00713738.pdf,data-set-9-files-27,1,email
EFTA00713739.pdf,data-set-9-files-27,1,email
EFTA00713740.pdf,data-set-9-files-27,2,email
EFTA00713742.pdf,data-set-9-files-27,1,email
EFTA00713743.pdf,data-set-9-files-27,1,email
EFTA00713744.pdf,data-set-9-files-27,1,email
EFTA00713745.pdf,data-set-9-files-27,1,email
EFTA00713746.pdf,data-set-9-files-27,1,email
EFTA00713747.pdf,data-set-9-files-27,1,email
EFTA00713748.pdf,data-set-9-files-27,1,email
EFTA00713749.pdf,data-set-9-files-27,1,email
EFTA00713750.pdf,data-set-9-files-27,1,email
EFTA00713751.pdf,data-set-9-files-27,1,email
EFTA00713752.pdf,data-set-9-files-27,1,email
EFTA00713753.pdf,data-set-9-files-27,1,email
EFTA00713754.pdf,data-set-9-files-27,2,email
EFTA00713756.pdf,data-set-9-files-27,1,email
EFTA00713757.pdf,data-set-9-files-27,1,email
EFTA00713758.pdf,data-set-9-files-27,1,email
EFTA00713759.pdf,data-set-9-files-27,1,email
EFTA00713760.pdf,data-set-9-files-27,1,other
EFTA00713761.pdf,data-set-9-files-27,1,email
EFTA00713762.pdf,data-set-9-files-27,1,other
EFTA00713763.pdf,data-set-9-files-27,1,email
EFTA00713764.pdf,data-set-9-files-27,1,other
EFTA00713765.pdf,data-set-9-files-27,1,email
EFTA00713766.pdf,data-set-9-files-27,1,email
EFTA00713767.pdf,data-set-9-files-27,1,email
EFTA00713768.pdf,data-set-9-files-27,1,email
EFTA00713769.pdf,data-set-9-files-27,2,email
EFTA00713771.pdf,data-set-9-files-27,1,email
EFTA00713772.pdf,data-set-9-files-27,1,email
EFTA00713773.pdf,data-set-9-files-27,1,email
EFTA00713774.pdf,data-set-9-files-27,1,email
EFTA00713775.pdf,data-set-9-files-27,1,email
EFTA00713776.pdf,data-set-9-files-27,3,email
EFTA00713779.pdf,data-set-9-files-27,2,email
EFTA00713781.pdf,data-set-9-files-27,1,email
EFTA00713782.pdf,data-set-9-files-27,1,email
EFTA00713783.pdf,data-set-9-files-27,1,email
EFTA00713784.pdf,data-set-9-files-27,1,email
EFTA00713785.pdf,data-set-9-files-27,1,email
EFTA00713786.pdf,data-set-9-files-27,1,email
EFTA00713787.pdf,data-set-9-files-27,2,email
EFTA00713789.pdf,data-set-9-files-27,1,email
EFTA00713790.pdf,data-set-9-files-27,1,email
EFTA00713791.pdf,data-set-9-files-27,3,email
EFTA00713794.pdf,data-set-9-files-27,2,email
EFTA00713796.pdf,data-set-9-files-27,2,email
EFTA00713798.pdf,data-set-9-files-27,1,email
EFTA00713799.pdf,data-set-9-files-27,1,email
EFTA00713800.pdf,data-set-9-files-27,1,email
EFTA00713801.pdf,data-set-9-files-27,3,email
EFTA00713804.pdf,data-set-9-files-27,1,other
EFTA00713805.pdf,data-set-9-files-27,1,email
EFTA00713806.pdf,data-set-9-files-27,2,email
EFTA00713808.pdf,data-set-9-files-27,1,other
EFTA00713809.pdf,data-set-9-files-27,1,email
EFTA00713810.pdf,data-set-9-files-27,1,email
EFTA00713811.pdf,data-set-9-files-27,1,email
EFTA00713812.pdf,data-set-9-files-27,1,other
EFTA00713813.pdf,data-set-9-files-27,1,other
EFTA00713814.pdf,data-set-9-files-27,1,email
EFTA00713815.pdf,data-set-9-files-27,1,other
EFTA00713816.pdf,data-set-9-files-27,1,email
EFTA00713817.pdf,data-set-9-files-27,2,email
EFTA00713819.pdf,data-set-9-files-27,1,email
EFTA00713820.pdf,data-set-9-files-27,1,email
EFTA00713821.pdf,data-set-9-files-27,1,other
EFTA00713822.pdf,data-set-9-files-27,2,email
EFTA00713824.pdf,data-set-9-files-27,1,email
EFTA00713825.pdf,data-set-9-files-27,2,other
EFTA00713827.pdf,data-set-9-files-27,14,other
EFTA00713841.pdf,data-set-9-files-27,1,email
EFTA00713842.pdf,data-set-9-files-27,1,email
EFTA00713843.pdf,data-set-9-files-27,2,email
EFTA00713845.pdf,data-set-9-files-27,1,email
EFTA00713846.pdf,data-set-9-files-27,1,email
EFTA00713847.pdf,data-set-9-files-27,1,email
EFTA00713848.pdf,data-set-9-files-27,1,email
EFTA00713849.pdf,data-set-9-files-27,2,email
EFTA00713851.pdf,data-set-9-files-27,2,email
EFTA00713853.pdf,data-set-9-files-27,2,email
EFTA00713855.pdf,data-set-9-files-27,1,email
EFTA00713856.pdf,data-set-9-files-27,1,email
EFTA00713857.pdf,data-set-9-files-27,1,email
EFTA00713858.pdf,data-set-9-files-27,1,email
EFTA00713859.pdf,data-set-9-files-27,2,email
EFTA00713861.pdf,data-set-9-files-27,1,email
EFTA00713862.pdf,data-set-9-files-27,1,email
EFTA00713863.pdf,data-set-9-files-27,1,email
EFTA00713864.pdf,data-set-9-files-27,3,email
EFTA00713867.pdf,data-set-9-files-27,6,email
EFTA00713873.pdf,data-set-9-files-27,1,email
EFTA00713874.pdf,data-set-9-files-27,2,email
EFTA00713876.pdf,data-set-9-files-27,1,email
EFTA00713877.pdf,data-set-9-files-27,1,email
EFTA00713878.pdf,data-set-9-files-27,1,email
EFTA00713879.pdf,data-set-9-files-27,1,email
EFTA00713880.pdf,data-set-9-files-27,2,email
EFTA00713882.pdf,data-set-9-files-27,1,email
EFTA00713883.pdf,data-set-9-files-27,1,email
EFTA00713884.pdf,data-set-9-files-27,1,email
EFTA00713885.pdf,data-set-9-files-27,1,email
EFTA00713886.pdf,data-set-9-files-27,4,email
EFTA00713890.pdf,data-set-9-files-27,2,email
EFTA00713892.pdf,data-set-9-files-27,2,email
EFTA00713894.pdf,data-set-9-files-27,1,email
EFTA00713895.pdf,data-set-9-files-27,1,email
EFTA00713896.pdf,data-set-9-files-27,1,email
EFTA00713897.pdf,data-set-9-files-27,1,email
EFTA00713898.pdf,data-set-9-files-27,1,email
EFTA00713899.pdf,data-set-9-files-27,1,other
EFTA00713900.pdf,data-set-9-files-27,1,email
EFTA00713901.pdf,data-set-9-files-27,2,email
EFTA00713903.pdf,data-set-9-files-27,2,email
EFTA00713905.pdf,data-set-9-files-27,1,email
EFTA00713906.pdf,data-set-9-files-27,1,email
EFTA00713907.pdf,data-set-9-files-27,2,email
EFTA00713909.pdf,data-set-9-files-27,1,email
EFTA00713910.pdf,data-set-9-files-27,1,email
EFTA00713911.pdf,data-set-9-files-27,5,email
EFTA00713916.pdf,data-set-9-files-27,1,email
EFTA00713917.pdf,data-set-9-files-27,2,email
EFTA00713919.pdf,data-set-9-files-27,1,email
EFTA00713920.pdf,data-set-9-files-27,2,email
EFTA00713922.pdf,data-set-9-files-27,2,email
EFTA00713924.pdf,data-set-9-files-27,1,email
EFTA00713925.pdf,data-set-9-files-27,1,email
EFTA00713926.pdf,data-set-9-files-27,5,email
EFTA00713931.pdf,data-set-9-files-27,4,email
EFTA00713935.pdf,data-set-9-files-27,2,email
EFTA00713937.pdf,data-set-9-files-27,2,email
EFTA00713939.pdf,data-set-9-files-27,1,email
EFTA00713940.pdf,data-set-9-files-27,2,email
EFTA00713942.pdf,data-set-9-files-27,1,other
EFTA00713943.pdf,data-set-9-files-27,1,email
EFTA00713944.pdf,data-set-9-files-27,1,email
EFTA00713945.pdf,data-set-9-files-27,1,email
EFTA00713946.pdf,data-set-9-files-27,2,email
EFTA00713948.pdf,data-set-9-files-27,1,email
EFTA00713949.pdf,data-set-9-files-27,1,email
EFTA00713950.pdf,data-set-9-files-27,1,email
EFTA00713951.pdf,data-set-9-files-27,1,email
EFTA00713952.pdf,data-set-9-files-27,1,other
EFTA00713953.pdf,data-set-9-files-27,1,other
EFTA00713954.pdf,data-set-9-files-27,1,other
EFTA00713955.pdf,data-set-9-files-27,1,other
EFTA00713956.pdf,data-set-9-files-27,1,email
EFTA00713957.pdf,data-set-9-files-27,1,other
EFTA00713958.pdf,data-set-9-files-27,1,email
EFTA00713959.pdf,data-set-9-files-27,1,email
EFTA00713960.pdf,data-set-9-files-27,1,email
EFTA00713961.pdf,data-set-9-files-27,1,email
EFTA00713962.pdf,data-set-9-files-27,1,email
EFTA00713963.pdf,data-set-9-files-27,1,email
EFTA00713964.pdf,data-set-9-files-27,4,email
EFTA00713968.pdf,data-set-9-files-27,4,email
EFTA00713972.pdf,data-set-9-files-27,1,email
EFTA00713973.pdf,data-set-9-files-27,1,email
EFTA00713974.pdf,data-set-9-files-27,1,email
EFTA00713975.pdf,data-set-9-files-27,1,email
EFTA00713976.pdf,data-set-9-files-27,1,email
EFTA00713977.pdf,data-set-9-files-27,1,email
EFTA00713978.pdf,data-set-9-files-27,1,email
EFTA00713979.pdf,data-set-9-files-27,1,email
EFTA00713980.pdf,data-set-9-files-27,2,email
EFTA00713982.pdf,data-set-9-files-27,1,email
EFTA00713983.pdf,data-set-9-files-27,1,email
EFTA00713984.pdf,data-set-9-files-27,6,email
EFTA00713990.pdf,data-set-9-files-27,1,email
EFTA00713991.pdf,data-set-9-files-27,1,other
EFTA00713992.pdf,data-set-9-files-27,2,email
EFTA00713994.pdf,data-set-9-files-27,1,email
EFTA00713995.pdf,data-set-9-files-27,3,email
EFTA00713998.pdf,data-set-9-files-27,1,email
EFTA00713999.pdf,data-set-9-files-27,1,other
EFTA00714000.pdf,data-set-9-files-27,1,other
EFTA00714001.pdf,data-set-9-files-27,1,other
EFTA00714002.pdf,data-set-9-files-27,1,email
EFTA00714003.pdf,data-set-9-files-27,1,other
EFTA00714004.pdf,data-set-9-files-27,2,email
EFTA00714006.pdf,data-set-9-files-27,3,email
EFTA00714009.pdf,data-set-9-files-27,1,email
EFTA00714010.pdf,data-set-9-files-27,2,email
EFTA00714012.pdf,data-set-9-files-27,2,email
EFTA00714014.pdf,data-set-9-files-27,15,email
EFTA00714029.pdf,data-set-9-files-27,2,email
EFTA00714031.pdf,data-set-9-files-27,6,email
EFTA00714037.pdf,data-set-9-files-27,1,email
EFTA00714038.pdf,data-set-9-files-27,1,email
EFTA00714039.pdf,data-set-9-files-27,2,email
EFTA00714041.pdf,data-set-9-files-27,4,email
EFTA00714045.pdf,data-set-9-files-27,1,email
EFTA00714046.pdf,data-set-9-files-27,2,email
EFTA00714048.pdf,data-set-9-files-27,2,email
EFTA00714050.pdf,data-set-9-files-27,1,email
EFTA00714051.pdf,data-set-9-files-27,2,email
EFTA00714053.pdf,data-set-9-files-27,1,email
EFTA00714054.pdf,data-set-9-files-27,1,email
EFTA00714055.pdf,data-set-9-files-27,2,email
EFTA00714057.pdf,data-set-9-files-27,6,email
EFTA00714063.pdf,data-set-9-files-27,1,email
EFTA00714064.pdf,data-set-9-files-27,1,email
EFTA00714065.pdf,data-set-9-files-27,1,email
EFTA00714066.pdf,data-set-9-files-27,1,email
EFTA00714067.pdf,data-set-9-files-27,1,email
EFTA00714068.pdf,data-set-9-files-27,1,email
EFTA00714069.pdf,data-set-9-files-27,3,email
EFTA00714072.pdf,data-set-9-files-27,1,email
EFTA00714073.pdf,data-set-9-files-27,1,email
EFTA00714074.pdf,data-set-9-files-27,1,email
EFTA00714075.pdf,data-set-9-files-27,1,other
EFTA00714076.pdf,data-set-9-files-27,2,email
EFTA00714078.pdf,data-set-9-files-27,2,email
EFTA00714080.pdf,data-set-9-files-27,1,email
EFTA00714081.pdf,data-set-9-files-27,1,email
EFTA00714082.pdf,data-set-9-files-27,1,email
EFTA00714083.pdf,data-set-9-files-27,1,email
EFTA00714084.pdf,data-set-9-files-27,2,email
EFTA00714086.pdf,data-set-9-files-27,1,email
EFTA00714087.pdf,data-set-9-files-27,3,email
EFTA00714090.pdf,data-set-9-files-27,1,email
EFTA00714091.pdf,data-set-9-files-27,3,email
EFTA00714094.pdf,data-set-9-files-27,3,email
EFTA00714097.pdf,data-set-9-files-27,1,email
EFTA00714098.pdf,data-set-9-files-27,1,email
EFTA00714099.pdf,data-set-9-files-27,1,email
EFTA00714100.pdf,data-set-9-files-27,2,email
EFTA00714102.pdf,data-set-9-files-27,1,email
EFTA00714103.pdf,data-set-9-files-27,1,email
EFTA00714104.pdf,data-set-9-files-27,1,email
EFTA00714105.pdf,data-set-9-files-27,1,email
EFTA00714106.pdf,data-set-9-files-27,1,email
EFTA00714107.pdf,data-set-9-files-27,1,email
EFTA00714108.pdf,data-set-9-files-27,2,email
EFTA00714110.pdf,data-set-9-files-27,2,email
EFTA00714112.pdf,data-set-9-files-27,2,email
EFTA00714114.pdf,data-set-9-files-27,2,email
EFTA00714116.pdf,data-set-9-files-27,1,email
EFTA00714117.pdf,data-set-9-files-27,2,email
EFTA00714119.pdf,data-set-9-files-27,1,email
EFTA00714120.pdf,data-set-9-files-27,1,email
EFTA00714121.pdf,data-set-9-files-27,1,email
EFTA00714122.pdf,data-set-9-files-27,1,email
EFTA00714123.pdf,data-set-9-files-27,1,email
EFTA00714124.pdf,data-set-9-files-27,3,email
EFTA00714127.pdf,data-set-9-files-27,2,email
EFTA00714129.pdf,data-set-9-files-27,1,email
EFTA00714130.pdf,data-set-9-files-27,1,photo
EFTA00714131.pdf,data-set-9-files-27,4,email
EFTA00714135.pdf,data-set-9-files-27,2,email
EFTA00714137.pdf,data-set-9-files-27,12,other
EFTA00714149.pdf,data-set-9-files-27,1,email
EFTA00714150.pdf,data-set-9-files-27,2,email
EFTA00714152.pdf,data-set-9-files-27,1,email
EFTA00714153.pdf,data-set-9-files-27,1,email
EFTA00714154.pdf,data-set-9-files-27,1,email
EFTA00714155.pdf,data-set-9-files-27,1,email
EFTA00714156.pdf,data-set-9-files-27,1,email
EFTA00714157.pdf,data-set-9-files-27,1,email
EFTA00714158.pdf,data-set-9-files-27,3,email
EFTA00714161.pdf,data-set-9-files-27,1,email
EFTA00714162.pdf,data-set-9-files-27,1,email
EFTA00714163.pdf,data-set-9-files-27,1,email
EFTA00714164.pdf,data-set-9-files-27,2,email
EFTA00714166.pdf,data-set-9-files-27,1,email
EFTA00714167.pdf,data-set-9-files-27,1,email
EFTA00714168.pdf,data-set-9-files-27,2,email
EFTA00714170.pdf,data-set-9-files-27,1,other
EFTA00714171.pdf,data-set-9-files-27,1,email
EFTA00714172.pdf,data-set-9-files-27,1,other
EFTA00714173.pdf,data-set-9-files-27,2,email
EFTA00714175.pdf,data-set-9-files-27,1,email
EFTA00714176.pdf,data-set-9-files-27,1,email
EFTA00714177.pdf,data-set-9-files-27,1,email
EFTA00714178.pdf,data-set-9-files-27,3,email
EFTA00714181.pdf,data-set-9-files-27,1,email
EFTA00714182.pdf,data-set-9-files-27,1,email
EFTA00714183.pdf,data-set-9-files-27,2,email
EFTA00714185.pdf,data-set-9-files-27,1,email
EFTA00714186.pdf,data-set-9-files-27,1,email
EFTA00714187.pdf,data-set-9-files-27,1,email
EFTA00714188.pdf,data-set-9-files-27,1,email
EFTA00714189.pdf,data-set-9-files-27,1,email
EFTA00714190.pdf,data-set-9-files-27,1,email
EFTA00714191.pdf,data-set-9-files-27,4,email
EFTA00714195.pdf,data-set-9-files-27,1,email
EFTA00714196.pdf,data-set-9-files-27,3,email
EFTA00714199.pdf,data-set-9-files-27,1,email
EFTA00714200.pdf,data-set-9-files-27,1,email
EFTA00714201.pdf,data-set-9-files-27,1,email
EFTA00714202.pdf,data-set-9-files-27,1,email
EFTA00714203.pdf,data-set-9-files-27,3,email
EFTA00714206.pdf,data-set-9-files-27,1,email
EFTA00714207.pdf,data-set-9-files-27,3,email
EFTA00714210.pdf,data-set-9-files-27,1,email
EFTA00714211.pdf,data-set-9-files-27,1,email
EFTA00714212.pdf,data-set-9-files-27,2,email
EFTA00714214.pdf,data-set-9-files-27,1,email
EFTA00714215.pdf,data-set-9-files-27,1,email
EFTA00714216.pdf,data-set-9-files-27,1,email
EFTA00714217.pdf,data-set-9-files-27,1,email
EFTA00714218.pdf,data-set-9-files-27,1,email
EFTA00714219.pdf,data-set-9-files-27,1,email
EFTA00714220.pdf,data-set-9-files-27,1,email
EFTA00714221.pdf,data-set-9-files-27,3,email
EFTA00714224.pdf,data-set-9-files-27,2,email
EFTA00714226.pdf,data-set-9-files-27,2,email
EFTA00714228.pdf,data-set-9-files-27,2,email
EFTA00714230.pdf,data-set-9-files-27,1,email
EFTA00714231.pdf,data-set-9-files-27,1,email
EFTA00714232.pdf,data-set-9-files-27,2,email
EFTA00714234.pdf,data-set-9-files-27,1,email
EFTA00714235.pdf,data-set-9-files-27,1,email
EFTA00714236.pdf,data-set-9-files-27,1,email
EFTA00714237.pdf,data-set-9-files-27,1,other
EFTA00714238.pdf,data-set-9-files-27,2,other
EFTA00714240.pdf,data-set-9-files-27,1,email
EFTA00714241.pdf,data-set-9-files-27,1,email
EFTA00714242.pdf,data-set-9-files-27,1,email
EFTA00714243.pdf,data-set-9-files-27,3,email
EFTA00714246.pdf,data-set-9-files-27,1,email
EFTA00714247.pdf,data-set-9-files-27,1,email
EFTA00714248.pdf,data-set-9-files-27,1,email
EFTA00714249.pdf,data-set-9-files-27,2,email
EFTA00714251.pdf,data-set-9-files-27,1,email
EFTA00714252.pdf,data-set-9-files-27,1,email
EFTA00714253.pdf,data-set-9-files-27,1,email
EFTA00714254.pdf,data-set-9-files-27,1,email
EFTA00714255.pdf,data-set-9-files-27,1,email
EFTA00714256.pdf,data-set-9-files-27,2,email
EFTA00714258.pdf,data-set-9-files-27,1,email
EFTA00714259.pdf,data-set-9-files-27,1,email
EFTA00714260.pdf,data-set-9-files-27,1,email
EFTA00714261.pdf,data-set-9-files-27,2,email
EFTA00714263.pdf,data-set-9-files-27,3,email
EFTA00714266.pdf,data-set-9-files-27,2,email
EFTA00714268.pdf,data-set-9-files-27,2,email
EFTA00714270.pdf,data-set-9-files-27,1,email
EFTA00714271.pdf,data-set-9-files-27,2,email
EFTA00714273.pdf,data-set-9-files-27,1,email
EFTA00714274.pdf,data-set-9-files-27,5,email
EFTA00714279.pdf,data-set-9-files-27,1,email
EFTA00714280.pdf,data-set-9-files-27,2,email
EFTA00714282.pdf,data-set-9-files-27,2,other
EFTA00714284.pdf,data-set-9-files-27,1,email
EFTA00714285.pdf,data-set-9-files-27,1,email
EFTA00714286.pdf,data-set-9-files-27,4,email
EFTA00714290.pdf,data-set-9-files-27,1,other
EFTA00714291.pdf,data-set-9-files-27,1,email
EFTA00714292.pdf,data-set-9-files-27,1,email
EFTA00714293.pdf,data-set-9-files-27,1,email
EFTA00714294.pdf,data-set-9-files-27,1,email
EFTA00714295.pdf,data-set-9-files-27,1,email
EFTA00714296.pdf,data-set-9-files-27,1,email
EFTA00714297.pdf,data-set-9-files-27,3,email
EFTA00714300.pdf,data-set-9-files-27,3,email
EFTA00714303.pdf,data-set-9-files-27,1,email
EFTA00714304.pdf,data-set-9-files-27,1,email
EFTA00714305.pdf,data-set-9-files-27,2,email
EFTA00714307.pdf,data-set-9-files-27,1,email
EFTA00714308.pdf,data-set-9-files-27,1,email
EFTA00714309.pdf,data-set-9-files-27,1,email
EFTA00714310.pdf,data-set-9-files-27,1,email
EFTA00714311.pdf,data-set-9-files-27,2,email
EFTA00714313.pdf,data-set-9-files-27,2,email
EFTA00714315.pdf,data-set-9-files-27,1,email
EFTA00714316.pdf,data-set-9-files-27,1,email
EFTA00714317.pdf,data-set-9-files-27,1,email
EFTA00714318.pdf,data-set-9-files-27,2,email
EFTA00714320.pdf,data-set-9-files-27,1,email
EFTA00714321.pdf,data-set-9-files-27,1,email
EFTA00714322.pdf,data-set-9-files-27,1,email
EFTA00714323.pdf,data-set-9-files-27,1,email
EFTA00714324.pdf,data-set-9-files-27,1,email
EFTA00714325.pdf,data-set-9-files-27,1,email
EFTA00714326.pdf,data-set-9-files-27,1,email
EFTA00714327.pdf,data-set-9-files-27,1,email
EFTA00714328.pdf,data-set-9-files-27,14,email
EFTA00714342.pdf,data-set-9-files-27,1,other
EFTA00714343.pdf,data-set-9-files-27,1,email
EFTA00714344.pdf,data-set-9-files-27,2,email
EFTA00714346.pdf,data-set-9-files-27,1,email
EFTA00714347.pdf,data-set-9-files-27,2,email
EFTA00714349.pdf,data-set-9-files-27,2,email
EFTA00714351.pdf,data-set-9-files-27,1,email
EFTA00714352.pdf,data-set-9-files-27,1,email
EFTA00714353.pdf,data-set-9-files-27,4,email
EFTA00714357.pdf,data-set-9-files-27,2,email
EFTA00714359.pdf,data-set-9-files-27,1,other
EFTA00714360.pdf,data-set-9-files-27,2,email
EFTA00714362.pdf,data-set-9-files-27,4,email
EFTA00714366.pdf,data-set-9-files-27,1,email
EFTA00714367.pdf,data-set-9-files-27,2,email
EFTA00714369.pdf,data-set-9-files-27,1,email
EFTA00714370.pdf,data-set-9-files-27,1,email
EFTA00714371.pdf,data-set-9-files-27,2,email
EFTA00714373.pdf,data-set-9-files-27,3,email
EFTA00714376.pdf,data-set-9-files-27,1,email
EFTA00714377.pdf,data-set-9-files-27,1,email
EFTA00714378.pdf,data-set-9-files-27,1,email
EFTA00714379.pdf,data-set-9-files-27,4,email
EFTA00714383.pdf,data-set-9-files-27,1,email
EFTA00714384.pdf,data-set-9-files-27,1,email
EFTA00714385.pdf,data-set-9-files-27,1,email
EFTA00714386.pdf,data-set-9-files-27,1,email
EFTA00714387.pdf,data-set-9-files-27,1,other
EFTA00714388.pdf,data-set-9-files-27,1,email
EFTA00714389.pdf,data-set-9-files-27,1,email
EFTA00714390.pdf,data-set-9-files-27,1,email
EFTA00714391.pdf,data-set-9-files-27,1,email
EFTA00714392.pdf,data-set-9-files-27,1,email
EFTA00714393.pdf,data-set-9-files-27,1,email
EFTA00714394.pdf,data-set-9-files-27,3,email
EFTA00714397.pdf,data-set-9-files-27,1,other
EFTA00714398.pdf,data-set-9-files-27,1,email
EFTA00714399.pdf,data-set-9-files-27,1,email
EFTA00714400.pdf,data-set-9-files-27,3,email
EFTA00714403.pdf,data-set-9-files-27,1,email
EFTA00714404.pdf,data-set-9-files-27,1,email
EFTA00714405.pdf,data-set-9-files-27,1,email
EFTA00714406.pdf,data-set-9-files-27,1,email
EFTA00714407.pdf,data-set-9-files-27,1,other
EFTA00714408.pdf,data-set-9-files-27,1,email
EFTA00714409.pdf,data-set-9-files-27,4,email
EFTA00714413.pdf,data-set-9-files-27,1,email
EFTA00714414.pdf,data-set-9-files-27,1,email
EFTA00714415.pdf,data-set-9-files-27,2,email
EFTA00714417.pdf,data-set-9-files-27,2,email
EFTA00714419.pdf,data-set-9-files-27,2,email
EFTA00714421.pdf,data-set-9-files-27,2,email
EFTA00714423.pdf,data-set-9-files-27,1,email
EFTA00714424.pdf,data-set-9-files-27,1,email
EFTA00714425.pdf,data-set-9-files-27,3,email
EFTA00714428.pdf,data-set-9-files-27,1,email
EFTA00714429.pdf,data-set-9-files-27,1,email
EFTA00714430.pdf,data-set-9-files-27,1,other
EFTA00714431.pdf,data-set-9-files-27,1,email
EFTA00714432.pdf,data-set-9-files-27,1,email
EFTA00714433.pdf,data-set-9-files-27,1,other
EFTA00714434.pdf,data-set-9-files-27,3,email
EFTA00714437.pdf,data-set-9-files-27,2,email
EFTA00714439.pdf,data-set-9-files-27,2,email
EFTA00714441.pdf,data-set-9-files-27,3,email
EFTA00714444.pdf,data-set-9-files-27,1,email
EFTA00714445.pdf,data-set-9-files-27,2,email
EFTA00714447.pdf,data-set-9-files-27,1,email
EFTA00714448.pdf,data-set-9-files-27,1,email
EFTA00714449.pdf,data-set-9-files-27,1,email
EFTA00714450.pdf,data-set-9-files-27,1,email
EFTA00714451.pdf,data-set-9-files-27,1,email
EFTA00714452.pdf,data-set-9-files-27,1,email
EFTA00714453.pdf,data-set-9-files-27,1,email
EFTA00714454.pdf,data-set-9-files-27,1,email
EFTA00714455.pdf,data-set-9-files-27,1,email
EFTA00714456.pdf,data-set-9-files-27,1,email
EFTA00714457.pdf,data-set-9-files-27,1,email
EFTA00714458.pdf,data-set-9-files-27,1,email
EFTA00714459.pdf,data-set-9-files-27,1,email
EFTA00714460.pdf,data-set-9-files-27,1,email
EFTA00714461.pdf,data-set-9-files-27,1,email
EFTA00714462.pdf,data-set-9-files-27,1,email
EFTA00714463.pdf,data-set-9-files-27,2,email
EFTA00714465.pdf,data-set-9-files-27,1,email
EFTA00714466.pdf,data-set-9-files-27,1,other
EFTA00714467.pdf,data-set-9-files-27,1,other
EFTA00714468.pdf,data-set-9-files-27,1,email
EFTA00714469.pdf,data-set-9-files-27,2,email
EFTA00714471.pdf,data-set-9-files-27,1,other
EFTA00714472.pdf,data-set-9-files-27,1,email
EFTA00714473.pdf,data-set-9-files-27,1,email
EFTA00714474.pdf,data-set-9-files-27,1,email
EFTA00714475.pdf,data-set-9-files-27,2,email
EFTA00714477.pdf,data-set-9-files-27,1,email
EFTA00714478.pdf,data-set-9-files-27,1,email
EFTA00714479.pdf,data-set-9-files-27,1,email
EFTA00714480.pdf,data-set-9-files-27,2,email
EFTA00714482.pdf,data-set-9-files-27,1,email
EFTA00714483.pdf,data-set-9-files-27,1,email
EFTA00714484.pdf,data-set-9-files-27,1,email
EFTA00714485.pdf,data-set-9-files-27,1,email
EFTA00714486.pdf,data-set-9-files-27,2,email
EFTA00714488.pdf,data-set-9-files-27,1,email
EFTA00714489.pdf,data-set-9-files-27,1,email
EFTA00714490.pdf,data-set-9-files-27,1,email
EFTA00714491.pdf,data-set-9-files-27,1,email
EFTA00714492.pdf,data-set-9-files-27,1,email
EFTA00714493.pdf,data-set-9-files-27,1,email
EFTA00714494.pdf,data-set-9-files-27,1,email
EFTA00714495.pdf,data-set-9-files-27,2,email
EFTA00714497.pdf,data-set-9-files-27,1,email
EFTA00714498.pdf,data-set-9-files-27,1,email
EFTA00714499.pdf,data-set-9-files-27,3,email
EFTA00714502.pdf,data-set-9-files-27,1,email
EFTA00714503.pdf,data-set-9-files-27,1,email
EFTA00714504.pdf,data-set-9-files-27,1,email
EFTA00714505.pdf,data-set-9-files-27,1,email
EFTA00714506.pdf,data-set-9-files-27,1,email
EFTA00714507.pdf,data-set-9-files-27,1,email
EFTA00714508.pdf,data-set-9-files-27,3,email
EFTA00714511.pdf,data-set-9-files-27,1,email
EFTA00714512.pdf,data-set-9-files-27,1,email
EFTA00714513.pdf,data-set-9-files-27,1,email
EFTA00714514.pdf,data-set-9-files-27,1,email
EFTA00714515.pdf,data-set-9-files-27,1,email
EFTA00714516.pdf,data-set-9-files-27,1,email
EFTA00714517.pdf,data-set-9-files-27,2,email
EFTA00714519.pdf,data-set-9-files-27,2,email
EFTA00714521.pdf,data-set-9-files-27,1,email
EFTA00714522.pdf,data-set-9-files-27,2,email
EFTA00714524.pdf,data-set-9-files-27,1,email
EFTA00714525.pdf,data-set-9-files-27,1,email
EFTA00714526.pdf,data-set-9-files-27,3,email
EFTA00714529.pdf,data-set-9-files-27,2,email
EFTA00714531.pdf,data-set-9-files-27,1,email
EFTA00714532.pdf,data-set-9-files-27,1,email
EFTA00714533.pdf,data-set-9-files-27,1,email
EFTA00714534.pdf,data-set-9-files-27,1,email
EFTA00714535.pdf,data-set-9-files-27,1,email
EFTA00714536.pdf,data-set-9-files-27,1,other
EFTA00714537.pdf,data-set-9-files-27,1,email
EFTA00714538.pdf,data-set-9-files-27,1,email
EFTA00714539.pdf,data-set-9-files-27,1,email
EFTA00714540.pdf,data-set-9-files-27,1,email
EFTA00714541.pdf,data-set-9-files-27,1,email
EFTA00714542.pdf,data-set-9-files-27,2,email
EFTA00714544.pdf,data-set-9-files-27,1,email
EFTA00714545.pdf,data-set-9-files-27,1,email
EFTA00714546.pdf,data-set-9-files-27,2,email
EFTA00714548.pdf,data-set-9-files-27,1,email
EFTA00714549.pdf,data-set-9-files-27,1,email
EFTA00714550.pdf,data-set-9-files-27,1,email
EFTA00714551.pdf,data-set-9-files-27,2,email
EFTA00714553.pdf,data-set-9-files-27,1,email
EFTA00714554.pdf,data-set-9-files-27,2,email
EFTA00714556.pdf,data-set-9-files-27,1,email
EFTA00714557.pdf,data-set-9-files-27,1,email
EFTA00714558.pdf,data-set-9-files-27,1,email
EFTA00714559.pdf,data-set-9-files-27,1,email
EFTA00714560.pdf,data-set-9-files-27,1,email
EFTA00714561.pdf,data-set-9-files-27,1,other
EFTA00714562.pdf,data-set-9-files-27,1,email
EFTA00714563.pdf,data-set-9-files-27,1,email
EFTA00714564.pdf,data-set-9-files-27,1,email
EFTA00714565.pdf,data-set-9-files-27,1,email
EFTA00714566.pdf,data-set-9-files-27,1,email
EFTA00714567.pdf,data-set-9-files-27,1,email
EFTA00714568.pdf,data-set-9-files-27,2,email
EFTA00714570.pdf,data-set-9-files-27,1,email
EFTA00714571.pdf,data-set-9-files-27,2,email
EFTA00714573.pdf,data-set-9-files-27,2,email
EFTA00714575.pdf,data-set-9-files-27,2,email
EFTA00714577.pdf,data-set-9-files-27,2,email
EFTA00714579.pdf,data-set-9-files-27,2,email
EFTA00714581.pdf,data-set-9-files-27,2,email
EFTA00714583.pdf,data-set-9-files-27,2,email
EFTA00714585.pdf,data-set-9-files-27,2,email
EFTA00714587.pdf,data-set-9-files-27,1,email
EFTA00714588.pdf,data-set-9-files-27,3,email
EFTA00714591.pdf,data-set-9-files-27,1,email
EFTA00714592.pdf,data-set-9-files-27,1,email
EFTA00714593.pdf,data-set-9-files-27,1,email
EFTA00714594.pdf,data-set-9-files-27,1,email
EFTA00714595.pdf,data-set-9-files-27,2,email
EFTA00714597.pdf,data-set-9-files-27,2,email
EFTA00714599.pdf,data-set-9-files-27,1,email
EFTA00714600.pdf,data-set-9-files-27,3,email
EFTA00714603.pdf,data-set-9-files-27,1,email
EFTA00714604.pdf,data-set-9-files-27,3,email
EFTA00714607.pdf,data-set-9-files-27,1,email
EFTA00714608.pdf,data-set-9-files-27,1,email
EFTA00714609.pdf,data-set-9-files-27,1,email
EFTA00714610.pdf,data-set-9-files-27,1,email
EFTA00714611.pdf,data-set-9-files-27,3,email
EFTA00714614.pdf,data-set-9-files-27,1,email
EFTA00714615.pdf,data-set-9-files-27,1,email
EFTA00714616.pdf,data-set-9-files-27,1,email
EFTA00714617.pdf,data-set-9-files-27,1,other
EFTA00714618.pdf,data-set-9-files-27,1,other
EFTA00714619.pdf,data-set-9-files-27,1,email
EFTA00714620.pdf,data-set-9-files-27,1,email
EFTA00714621.pdf,data-set-9-files-27,2,email
EFTA00714623.pdf,data-set-9-files-27,1,email
EFTA00714624.pdf,data-set-9-files-27,1,email
EFTA00714625.pdf,data-set-9-files-27,1,email
EFTA00714626.pdf,data-set-9-files-27,1,email
EFTA00714627.pdf,data-set-9-files-27,1,email
EFTA00714628.pdf,data-set-9-files-27,1,email
EFTA00714629.pdf,data-set-9-files-27,1,email
EFTA00714630.pdf,data-set-9-files-27,1,email
EFTA00714631.pdf,data-set-9-files-27,1,email
EFTA00714632.pdf,data-set-9-files-27,2,email
EFTA00714634.pdf,data-set-9-files-27,1,email
EFTA00714635.pdf,data-set-9-files-27,1,email
EFTA00714636.pdf,data-set-9-files-27,3,email
EFTA00714639.pdf,data-set-9-files-27,2,email
EFTA00714641.pdf,data-set-9-files-27,1,email
EFTA00714642.pdf,data-set-9-files-27,1,email
EFTA00714643.pdf,data-set-9-files-27,1,email
EFTA00714644.pdf,data-set-9-files-27,2,email
EFTA00714646.pdf,data-set-9-files-27,1,email
EFTA00714647.pdf,data-set-9-files-27,1,other
EFTA00714648.pdf,data-set-9-files-27,2,email
EFTA00714650.pdf,data-set-9-files-27,1,email
EFTA00714651.pdf,data-set-9-files-27,1,email
EFTA00714652.pdf,data-set-9-files-27,1,email
EFTA00714653.pdf,data-set-9-files-27,1,other
EFTA00714654.pdf,data-set-9-files-27,1,other
EFTA00714655.pdf,data-set-9-files-27,2,email
EFTA00714657.pdf,data-set-9-files-27,1,email
EFTA00714658.pdf,data-set-9-files-27,1,email
EFTA00714659.pdf,data-set-9-files-27,1,email
EFTA00714660.pdf,data-set-9-files-27,1,email
EFTA00714661.pdf,data-set-9-files-27,1,other
EFTA00714662.pdf,data-set-9-files-27,1,email
EFTA00714663.pdf,data-set-9-files-27,1,email
EFTA00714664.pdf,data-set-9-files-27,3,email
EFTA00714667.pdf,data-set-9-files-27,1,email
EFTA00714668.pdf,data-set-9-files-27,2,email
EFTA00714670.pdf,data-set-9-files-27,1,email
EFTA00714671.pdf,data-set-9-files-27,1,other
EFTA00714672.pdf,data-set-9-files-27,2,email
EFTA00714674.pdf,data-set-9-files-27,1,email
EFTA00714675.pdf,data-set-9-files-27,1,email
EFTA00714676.pdf,data-set-9-files-27,1,email
EFTA00714677.pdf,data-set-9-files-27,1,email
EFTA00714678.pdf,data-set-9-files-27,1,email
EFTA00714679.pdf,data-set-9-files-27,2,email
EFTA00714681.pdf,data-set-9-files-27,2,email
EFTA00714683.pdf,data-set-9-files-27,1,other
EFTA00714684.pdf,data-set-9-files-27,1,email
EFTA00714685.pdf,data-set-9-files-27,1,email
EFTA00714686.pdf,data-set-9-files-27,1,email
EFTA00714687.pdf,data-set-9-files-27,1,email
EFTA00714688.pdf,data-set-9-files-27,2,email
EFTA00714690.pdf,data-set-9-files-27,1,email
EFTA00714691.pdf,data-set-9-files-27,4,email
EFTA00714695.pdf,data-set-9-files-27,2,email
EFTA00714697.pdf,data-set-9-files-27,1,email
EFTA00714698.pdf,data-set-9-files-27,2,email
EFTA00714700.pdf,data-set-9-files-27,1,email
EFTA00714701.pdf,data-set-9-files-27,1,email
EFTA00714702.pdf,data-set-9-files-27,1,email
EFTA00714703.pdf,data-set-9-files-27,1,email
EFTA00714704.pdf,data-set-9-files-27,2,email
EFTA00714706.pdf,data-set-9-files-27,1,email
EFTA00714707.pdf,data-set-9-files-27,1,email
EFTA00714708.pdf,data-set-9-files-27,1,email
EFTA00714709.pdf,data-set-9-files-27,2,email
EFTA00714711.pdf,data-set-9-files-27,1,email
EFTA00714712.pdf,data-set-9-files-27,1,email
EFTA00714713.pdf,data-set-9-files-27,1,email
EFTA00714714.pdf,data-set-9-files-27,2,email
EFTA00714716.pdf,data-set-9-files-27,1,email
EFTA00714717.pdf,data-set-9-files-27,1,email
EFTA00714718.pdf,data-set-9-files-27,1,email
EFTA00714719.pdf,data-set-9-files-27,2,email
EFTA00714721.pdf,data-set-9-files-27,1,email
EFTA00714722.pdf,data-set-9-files-27,6,email
EFTA00714728.pdf,data-set-9-files-27,2,email
EFTA00714730.pdf,data-set-9-files-27,4,email
EFTA00714734.pdf,data-set-9-files-27,2,email
EFTA00714736.pdf,data-set-9-files-27,2,email
EFTA00714738.pdf,data-set-9-files-27,2,email
EFTA00714740.pdf,data-set-9-files-27,2,email
EFTA00714742.pdf,data-set-9-files-27,1,email
EFTA00714743.pdf,data-set-9-files-27,3,email
EFTA00714746.pdf,data-set-9-files-27,2,email
EFTA00714748.pdf,data-set-9-files-27,1,email
EFTA00714749.pdf,data-set-9-files-27,1,email
EFTA00714750.pdf,data-set-9-files-27,3,email
EFTA00714753.pdf,data-set-9-files-27,1,email
EFTA00714754.pdf,data-set-9-files-27,1,email
EFTA00714755.pdf,data-set-9-files-27,1,email
EFTA00714756.pdf,data-set-9-files-27,1,email
EFTA00714757.pdf,data-set-9-files-27,2,email
EFTA00714759.pdf,data-set-9-files-27,1,email
EFTA00714760.pdf,data-set-9-files-27,3,email
EFTA00714763.pdf,data-set-9-files-27,1,email
EFTA00714764.pdf,data-set-9-files-27,2,email
EFTA00714766.pdf,data-set-9-files-27,2,email
EFTA00714768.pdf,data-set-9-files-27,6,email
EFTA00714774.pdf,data-set-9-files-27,1,email
EFTA00714775.pdf,data-set-9-files-27,1,email
EFTA00714776.pdf,data-set-9-files-27,2,email
EFTA00714778.pdf,data-set-9-files-27,1,email
EFTA00714779.pdf,data-set-9-files-27,1,email
EFTA00714780.pdf,data-set-9-files-27,2,email
EFTA00714782.pdf,data-set-9-files-27,1,email
EFTA00714783.pdf,data-set-9-files-27,1,email
EFTA00714784.pdf,data-set-9-files-27,3,email
EFTA00714787.pdf,data-set-9-files-27,5,email
EFTA00714792.pdf,data-set-9-files-27,5,email
EFTA00714797.pdf,data-set-9-files-27,2,email
EFTA00714799.pdf,data-set-9-files-27,1,email
EFTA00714800.pdf,data-set-9-files-27,3,email
EFTA00714803.pdf,data-set-9-files-27,1,other
EFTA00714804.pdf,data-set-9-files-27,1,email
EFTA00714805.pdf,data-set-9-files-27,1,email
EFTA00714806.pdf,data-set-9-files-27,1,email
EFTA00714807.pdf,data-set-9-files-27,1,email
EFTA00714808.pdf,data-set-9-files-27,3,email
EFTA00714811.pdf,data-set-9-files-27,1,email
EFTA00714812.pdf,data-set-9-files-27,2,email
EFTA00714814.pdf,data-set-9-files-27,2,email
EFTA00714816.pdf,data-set-9-files-27,2,email
EFTA00714818.pdf,data-set-9-files-27,1,email
EFTA00714819.pdf,data-set-9-files-27,1,email
EFTA00714820.pdf,data-set-9-files-27,1,email
EFTA00714821.pdf,data-set-9-files-27,1,email
EFTA00714822.pdf,data-set-9-files-27,2,email
EFTA00714824.pdf,data-set-9-files-27,2,email
EFTA00714826.pdf,data-set-9-files-27,4,other
EFTA00714830.pdf,data-set-9-files-27,2,email
EFTA00714832.pdf,data-set-9-files-27,2,email
EFTA00714834.pdf,data-set-9-files-27,3,email
EFTA00714837.pdf,data-set-9-files-27,1,email
EFTA00714838.pdf,data-set-9-files-27,1,email
EFTA00714839.pdf,data-set-9-files-27,5,email
EFTA00714844.pdf,data-set-9-files-27,1,email
EFTA00714845.pdf,data-set-9-files-27,1,other
EFTA00714846.pdf,data-set-9-files-27,1,email
EFTA00714847.pdf,data-set-9-files-27,2,email
EFTA00714849.pdf,data-set-9-files-27,2,email
EFTA00714851.pdf,data-set-9-files-27,1,email
EFTA00714852.pdf,data-set-9-files-27,2,email
EFTA00714854.pdf,data-set-9-files-27,2,email
EFTA00714856.pdf,data-set-9-files-27,1,email
EFTA00714857.pdf,data-set-9-files-27,1,email
EFTA00714858.pdf,data-set-9-files-27,1,email
EFTA00714859.pdf,data-set-9-files-27,3,email
EFTA00714862.pdf,data-set-9-files-27,1,email
EFTA00714863.pdf,data-set-9-files-27,1,email
EFTA00714864.pdf,data-set-9-files-27,2,email
EFTA00714866.pdf,data-set-9-files-27,4,email
EFTA00714870.pdf,data-set-9-files-27,1,email
EFTA00714871.pdf,data-set-9-files-27,1,email
EFTA00714872.pdf,data-set-9-files-27,2,email
EFTA00714874.pdf,data-set-9-files-27,1,email
EFTA00714875.pdf,data-set-9-files-27,1,email
EFTA00714876.pdf,data-set-9-files-27,3,email
EFTA00714879.pdf,data-set-9-files-27,1,email
EFTA00714880.pdf,data-set-9-files-27,1,email
EFTA00714881.pdf,data-set-9-files-27,1,email
EFTA00714882.pdf,data-set-9-files-27,1,email
EFTA00714883.pdf,data-set-9-files-27,1,email
EFTA00714884.pdf,data-set-9-files-27,3,email
EFTA00714887.pdf,data-set-9-files-27,2,email
EFTA00714889.pdf,data-set-9-files-27,5,email
EFTA00714894.pdf,data-set-9-files-27,2,email
EFTA00714896.pdf,data-set-9-files-27,1,email
EFTA00714897.pdf,data-set-9-files-27,1,email
EFTA00714898.pdf,data-set-9-files-27,2,email
EFTA00714900.pdf,data-set-9-files-27,1,email
EFTA00714901.pdf,data-set-9-files-27,3,email
EFTA00714904.pdf,data-set-9-files-27,1,other
EFTA00714905.pdf,data-set-9-files-27,1,email
EFTA00714906.pdf,data-set-9-files-27,1,email
EFTA00714907.pdf,data-set-9-files-27,3,email
EFTA00714910.pdf,data-set-9-files-27,1,email
EFTA00714911.pdf,data-set-9-files-27,1,email
EFTA00714912.pdf,data-set-9-files-27,1,email
EFTA00714913.pdf,data-set-9-files-27,1,email
EFTA00714914.pdf,data-set-9-files-27,2,email
EFTA00714916.pdf,data-set-9-files-27,1,email
EFTA00714917.pdf,data-set-9-files-27,1,email
EFTA00714918.pdf,data-set-9-files-27,1,email
EFTA00714919.pdf,data-set-9-files-27,1,photo
EFTA00714920.pdf,data-set-9-files-27,29,other
EFTA00714949.pdf,data-set-9-files-27,1,other
EFTA00714950.pdf,data-set-9-files-27,1,email
EFTA00714951.pdf,data-set-9-files-27,1,email
EFTA00714952.pdf,data-set-9-files-27,1,other
EFTA00714953.pdf,data-set-9-files-27,1,email
EFTA00714954.pdf,data-set-9-files-27,3,email
EFTA00714957.pdf,data-set-9-files-27,1,email
EFTA00714958.pdf,data-set-9-files-27,1,other
EFTA00714959.pdf,data-set-9-files-27,1,email
EFTA00714960.pdf,data-set-9-files-27,1,email
EFTA00714961.pdf,data-set-9-files-27,1,email
EFTA00714962.pdf,data-set-9-files-27,1,email
EFTA00714963.pdf,data-set-9-files-27,3,email
EFTA00714966.pdf,data-set-9-files-27,1,email
EFTA00714967.pdf,data-set-9-files-27,1,other
EFTA00714968.pdf,data-set-9-files-27,1,email
EFTA00714969.pdf,data-set-9-files-27,2,email
EFTA00714971.pdf,data-set-9-files-27,1,email
EFTA00714972.pdf,data-set-9-files-27,2,email
EFTA00714974.pdf,data-set-9-files-27,2,email
EFTA00714976.pdf,data-set-9-files-27,1,email
EFTA00714977.pdf,data-set-9-files-27,1,email
EFTA00714978.pdf,data-set-9-files-27,1,email
EFTA00714979.pdf,data-set-9-files-27,1,email
EFTA00714980.pdf,data-set-9-files-27,1,email
EFTA00714981.pdf,data-set-9-files-27,1,email
EFTA00714982.pdf,data-set-9-files-27,2,email
EFTA00714984.pdf,data-set-9-files-27,2,email
EFTA00714986.pdf,data-set-9-files-27,1,email
EFTA00714987.pdf,data-set-9-files-27,2,email
EFTA00714989.pdf,data-set-9-files-27,1,email
EFTA00714990.pdf,data-set-9-files-27,1,email
EFTA00714991.pdf,data-set-9-files-27,4,email
EFTA00714995.pdf,data-set-9-files-27,2,email
EFTA00714997.pdf,data-set-9-files-27,3,email
EFTA00715000.pdf,data-set-9-files-27,1,email
EFTA00715001.pdf,data-set-9-files-27,1,other
EFTA00715002.pdf,data-set-9-files-27,2,email
EFTA00715004.pdf,data-set-9-files-27,2,email
EFTA00715006.pdf,data-set-9-files-27,2,email
EFTA00715008.pdf,data-set-9-files-27,1,email
EFTA00715009.pdf,data-set-9-files-27,2,email
EFTA00715011.pdf,data-set-9-files-27,1,email
EFTA00715012.pdf,data-set-9-files-27,1,email
EFTA00715013.pdf,data-set-9-files-27,1,email
EFTA00715014.pdf,data-set-9-files-27,3,email
EFTA00715017.pdf,data-set-9-files-27,1,email
EFTA00715018.pdf,data-set-9-files-27,1,email
EFTA00715019.pdf,data-set-9-files-27,3,email
EFTA00715022.pdf,data-set-9-files-27,1,email
EFTA00715023.pdf,data-set-9-files-27,2,email
EFTA00715025.pdf,data-set-9-files-27,1,email
EFTA00715026.pdf,data-set-9-files-27,3,email
EFTA00715029.pdf,data-set-9-files-27,3,email
EFTA00715032.pdf,data-set-9-files-27,3,email
EFTA00715035.pdf,data-set-9-files-27,3,email
EFTA00715038.pdf,data-set-9-files-27,1,email
EFTA00715039.pdf,data-set-9-files-27,1,email
EFTA00715040.pdf,data-set-9-files-27,1,email
EFTA00715041.pdf,data-set-9-files-27,1,email
EFTA00715042.pdf,data-set-9-files-27,2,email
EFTA00715044.pdf,data-set-9-files-27,2,email
EFTA00715046.pdf,data-set-9-files-27,2,email
EFTA00715048.pdf,data-set-9-files-27,1,email
EFTA00715049.pdf,data-set-9-files-27,2,email
EFTA00715051.pdf,data-set-9-files-27,1,email
EFTA00715052.pdf,data-set-9-files-27,1,email
EFTA00715053.pdf,data-set-9-files-27,1,other
EFTA00715054.pdf,data-set-9-files-27,1,email
EFTA00715055.pdf,data-set-9-files-27,1,email
EFTA00715056.pdf,data-set-9-files-27,1,email
EFTA00715057.pdf,data-set-9-files-27,1,email
EFTA00715058.pdf,data-set-9-files-27,1,email
EFTA00715059.pdf,data-set-9-files-27,2,email
EFTA00715061.pdf,data-set-9-files-27,1,email
EFTA00715062.pdf,data-set-9-files-27,2,email
EFTA00715064.pdf,data-set-9-files-27,1,email
EFTA00715065.pdf,data-set-9-files-27,1,email
EFTA00715066.pdf,data-set-9-files-27,1,email
EFTA00715067.pdf,data-set-9-files-27,1,email
EFTA00715068.pdf,data-set-9-files-27,2,email
EFTA00715070.pdf,data-set-9-files-27,2,email
EFTA00715072.pdf,data-set-9-files-27,1,other
EFTA00715073.pdf,data-set-9-files-27,3,email
EFTA00715076.pdf,data-set-9-files-27,1,email
EFTA00715077.pdf,data-set-9-files-27,5,email
EFTA00715082.pdf,data-set-9-files-27,1,email
EFTA00715083.pdf,data-set-9-files-27,1,email
EFTA00715084.pdf,data-set-9-files-27,1,email
EFTA00715085.pdf,data-set-9-files-27,6,email
EFTA00715091.pdf,data-set-9-files-27,2,email
EFTA00715093.pdf,data-set-9-files-27,1,email
EFTA00715094.pdf,data-set-9-files-27,2,email
EFTA00715096.pdf,data-set-9-files-27,1,email
EFTA00715097.pdf,data-set-9-files-27,3,email
EFTA00715100.pdf,data-set-9-files-27,5,email
EFTA00715105.pdf,data-set-9-files-27,1,email
EFTA00715106.pdf,data-set-9-files-27,7,email
EFTA00715113.pdf,data-set-9-files-27,1,email
EFTA00715114.pdf,data-set-9-files-27,1,email
EFTA00715115.pdf,data-set-9-files-27,5,email
EFTA00715120.pdf,data-set-9-files-27,3,email
EFTA00715123.pdf,data-set-9-files-27,3,email
EFTA00715126.pdf,data-set-9-files-27,1,other
EFTA00715127.pdf,data-set-9-files-27,1,photo
EFTA00715128.pdf,data-set-9-files-27,5,email
EFTA00715133.pdf,data-set-9-files-27,1,email
EFTA00715134.pdf,data-set-9-files-27,7,email
EFTA00715141.pdf,data-set-9-files-27,5,email
EFTA00715146.pdf,data-set-9-files-27,5,email
EFTA00715151.pdf,data-set-9-files-27,1,email
EFTA00715152.pdf,data-set-9-files-27,1,email
EFTA00715153.pdf,data-set-9-files-27,1,email
EFTA00715154.pdf,data-set-9-files-27,2,email
EFTA00715156.pdf,data-set-9-files-27,1,email
EFTA00715157.pdf,data-set-9-files-27,1,email
EFTA00715158.pdf,data-set-9-files-27,1,email
EFTA00715159.pdf,data-set-9-files-27,1,email
EFTA00715160.pdf,data-set-9-files-27,1,email
EFTA00715161.pdf,data-set-9-files-27,2,email
EFTA00715163.pdf,data-set-9-files-27,2,email
EFTA00715165.pdf,data-set-9-files-27,3,email
EFTA00715168.pdf,data-set-9-files-27,1,email
EFTA00715169.pdf,data-set-9-files-27,2,email
EFTA00715171.pdf,data-set-9-files-27,1,email
EFTA00715172.pdf,data-set-9-files-27,3,email
EFTA00715175.pdf,data-set-9-files-27,1,email
EFTA00715176.pdf,data-set-9-files-27,2,email
EFTA00715178.pdf,data-set-9-files-27,3,email
EFTA00715181.pdf,data-set-9-files-27,3,email
EFTA00715184.pdf,data-set-9-files-27,3,email
EFTA00715187.pdf,data-set-9-files-27,5,email
EFTA00715192.pdf,data-set-9-files-27,3,email
EFTA00715195.pdf,data-set-9-files-27,2,email
EFTA00715197.pdf,data-set-9-files-27,3,email
EFTA00715200.pdf,data-set-9-files-27,2,email
EFTA00715202.pdf,data-set-9-files-27,1,email
EFTA00715203.pdf,data-set-9-files-27,1,email
EFTA00715204.pdf,data-set-9-files-27,2,email
EFTA00715206.pdf,data-set-9-files-27,2,email
EFTA00715208.pdf,data-set-9-files-27,1,email
EFTA00715209.pdf,data-set-9-files-27,1,email
EFTA00715210.pdf,data-set-9-files-27,5,email
EFTA00715215.pdf,data-set-9-files-27,6,email
EFTA00715221.pdf,data-set-9-files-27,1,email
EFTA00715222.pdf,data-set-9-files-27,1,email
EFTA00715223.pdf,data-set-9-files-27,2,email
EFTA00715225.pdf,data-set-9-files-27,2,email
EFTA00715227.pdf,data-set-9-files-27,1,email
EFTA00715228.pdf,data-set-9-files-27,2,email
EFTA00715230.pdf,data-set-9-files-27,1,email
EFTA00715231.pdf,data-set-9-files-27,2,email
EFTA00715233.pdf,data-set-9-files-27,2,email
EFTA00715235.pdf,data-set-9-files-27,3,email
EFTA00715238.pdf,data-set-9-files-27,2,email
EFTA00715240.pdf,data-set-9-files-27,2,email
EFTA00715242.pdf,data-set-9-files-27,1,email
EFTA00715243.pdf,data-set-9-files-27,2,email
EFTA00715245.pdf,data-set-9-files-27,4,email
EFTA00715249.pdf,data-set-9-files-27,2,email
EFTA00715251.pdf,data-set-9-files-27,2,email
EFTA00715253.pdf,data-set-9-files-27,1,email
EFTA00715254.pdf,data-set-9-files-27,1,email
EFTA00715255.pdf,data-set-9-files-27,2,email
EFTA00715257.pdf,data-set-9-files-27,1,email
EFTA00715258.pdf,data-set-9-files-27,1,email
EFTA00715259.pdf,data-set-9-files-27,1,email
EFTA00715260.pdf,data-set-9-files-27,2,email
EFTA00715262.pdf,data-set-9-files-27,1,email
EFTA00715263.pdf,data-set-9-files-27,1,email
EFTA00715264.pdf,data-set-9-files-27,1,email
EFTA00715265.pdf,data-set-9-files-27,1,email
EFTA00715266.pdf,data-set-9-files-27,1,email
EFTA00715267.pdf,data-set-9-files-27,1,email
EFTA00715268.pdf,data-set-9-files-27,1,email
EFTA00715269.pdf,data-set-9-files-27,1,other
EFTA00715270.pdf,data-set-9-files-27,2,email
EFTA00715272.pdf,data-set-9-files-27,2,email
EFTA00715274.pdf,data-set-9-files-27,2,email
EFTA00715276.pdf,data-set-9-files-27,1,email
EFTA00715277.pdf,data-set-9-files-27,3,email
EFTA00715280.pdf,data-set-9-files-27,1,email
EFTA00715281.pdf,data-set-9-files-27,1,email
EFTA00715282.pdf,data-set-9-files-27,1,email
EFTA00715283.pdf,data-set-9-files-27,2,email
EFTA00715285.pdf,data-set-9-files-27,1,email
EFTA00715286.pdf,data-set-9-files-27,1,email
EFTA00715287.pdf,data-set-9-files-27,1,email
EFTA00715288.pdf,data-set-9-files-27,2,email
EFTA00715290.pdf,data-set-9-files-27,1,email
EFTA00715291.pdf,data-set-9-files-27,1,email
EFTA00715292.pdf,data-set-9-files-27,1,email
EFTA00715293.pdf,data-set-9-files-27,1,email
EFTA00715294.pdf,data-set-9-files-27,1,email
EFTA00715295.pdf,data-set-9-files-27,1,email
EFTA00715296.pdf,data-set-9-files-27,1,email
EFTA00715297.pdf,data-set-9-files-27,1,email
EFTA00715298.pdf,data-set-9-files-27,1,email
EFTA00715299.pdf,data-set-9-files-27,2,email
EFTA00715301.pdf,data-set-9-files-27,2,email
EFTA00715303.pdf,data-set-9-files-27,1,email
EFTA00715304.pdf,data-set-9-files-27,1,email
EFTA00715305.pdf,data-set-9-files-27,1,email
EFTA00715306.pdf,data-set-9-files-27,1,email
EFTA00715307.pdf,data-set-9-files-27,1,email
EFTA00715308.pdf,data-set-9-files-27,1,email
EFTA00715309.pdf,data-set-9-files-27,2,email
EFTA00715311.pdf,data-set-9-files-27,1,email
EFTA00715312.pdf,data-set-9-files-27,1,email
EFTA00715313.pdf,data-set-9-files-27,1,email
EFTA00715314.pdf,data-set-9-files-27,1,email
EFTA00715315.pdf,data-set-9-files-27,1,email
EFTA00715316.pdf,data-set-9-files-27,2,email
EFTA00715318.pdf,data-set-9-files-27,1,email
EFTA00715319.pdf,data-set-9-files-27,21,email
EFTA00715340.pdf,data-set-9-files-27,1,email
EFTA00715341.pdf,data-set-9-files-27,1,email
EFTA00715342.pdf,data-set-9-files-27,1,other
EFTA00715343.pdf,data-set-9-files-27,1,email
EFTA00715344.pdf,data-set-9-files-27,1,email
EFTA00715345.pdf,data-set-9-files-27,1,email
EFTA00715346.pdf,data-set-9-files-27,2,email
EFTA00715348.pdf,data-set-9-files-27,1,email
EFTA00715349.pdf,data-set-9-files-27,1,email
EFTA00715350.pdf,data-set-9-files-27,2,email
EFTA00715352.pdf,data-set-9-files-27,2,email
EFTA00715354.pdf,data-set-9-files-27,1,email
EFTA00715355.pdf,data-set-9-files-27,2,email
EFTA00715357.pdf,data-set-9-files-27,1,email
EFTA00715358.pdf,data-set-9-files-27,1,email
EFTA00715359.pdf,data-set-9-files-27,1,email
EFTA00715360.pdf,data-set-9-files-27,2,email
EFTA00715362.pdf,data-set-9-files-27,1,other
EFTA00715363.pdf,data-set-9-files-27,1,email
EFTA00715364.pdf,data-set-9-files-27,2,email
EFTA00715366.pdf,data-set-9-files-27,1,email
EFTA00715367.pdf,data-set-9-files-27,3,email
EFTA00715370.pdf,data-set-9-files-27,1,email
EFTA00715371.pdf,data-set-9-files-27,1,email
EFTA00715372.pdf,data-set-9-files-27,2,email
EFTA00715374.pdf,data-set-9-files-27,1,email
EFTA00715375.pdf,data-set-9-files-27,1,email
EFTA00715376.pdf,data-set-9-files-27,1,other
EFTA00715377.pdf,data-set-9-files-27,1,email
EFTA00715378.pdf,data-set-9-files-27,1,other
EFTA00715379.pdf,data-set-9-files-27,1,email
EFTA00715380.pdf,data-set-9-files-27,1,other
EFTA00715381.pdf,data-set-9-files-27,1,email
EFTA00715382.pdf,data-set-9-files-27,2,email
EFTA00715384.pdf,data-set-9-files-27,1,email
EFTA00715385.pdf,data-set-9-files-27,1,email
EFTA00715386.pdf,data-set-9-files-27,1,email
EFTA00715387.pdf,data-set-9-files-27,1,email
EFTA00715388.pdf,data-set-9-files-27,1,email
EFTA00715389.pdf,data-set-9-files-27,1,email
EFTA00715390.pdf,data-set-9-files-27,1,email
EFTA00715391.pdf,data-set-9-files-27,1,email
EFTA00715392.pdf,data-set-9-files-27,2,email
EFTA00715394.pdf,data-set-9-files-27,1,other
EFTA00715395.pdf,data-set-9-files-27,1,email
EFTA00715396.pdf,data-set-9-files-27,1,email
EFTA00715397.pdf,data-set-9-files-27,1,email
EFTA00715398.pdf,data-set-9-files-27,1,email
EFTA00715399.pdf,data-set-9-files-27,2,email
EFTA00715401.pdf,data-set-9-files-27,1,email
EFTA00715402.pdf,data-set-9-files-27,1,email
EFTA00715403.pdf,data-set-9-files-27,1,email
EFTA00715404.pdf,data-set-9-files-27,1,email
EFTA00715405.pdf,data-set-9-files-27,2,email
EFTA00715407.pdf,data-set-9-files-27,1,email
EFTA00715408.pdf,data-set-9-files-27,2,email
EFTA00715410.pdf,data-set-9-files-27,1,email
EFTA00715411.pdf,data-set-9-files-27,1,email
EFTA00715412.pdf,data-set-9-files-27,4,other
EFTA00715416.pdf,data-set-9-files-27,2,email
EFTA00715418.pdf,data-set-9-files-27,1,email
EFTA00715419.pdf,data-set-9-files-27,1,email
EFTA00715420.pdf,data-set-9-files-27,1,email
EFTA00715421.pdf,data-set-9-files-27,1,email
EFTA00715422.pdf,data-set-9-files-27,2,email
EFTA00715424.pdf,data-set-9-files-27,1,email
EFTA00715425.pdf,data-set-9-files-27,6,email
EFTA00715431.pdf,data-set-9-files-27,2,email
EFTA00715433.pdf,data-set-9-files-27,13,email
EFTA00715446.pdf,data-set-9-files-27,3,email
EFTA00715449.pdf,data-set-9-files-27,6,email
EFTA00715455.pdf,data-set-9-files-27,11,email
EFTA00715466.pdf,data-set-9-files-27,2,email
EFTA00715468.pdf,data-set-9-files-27,1,email
EFTA00715469.pdf,data-set-9-files-27,1,other
EFTA00715470.pdf,data-set-9-files-27,1,email
EFTA00715471.pdf,data-set-9-files-27,1,email
EFTA00715472.pdf,data-set-9-files-27,1,email
EFTA00715473.pdf,data-set-9-files-27,2,email
EFTA00715475.pdf,data-set-9-files-27,3,email
EFTA00715478.pdf,data-set-9-files-27,2,email
EFTA00715480.pdf,data-set-9-files-27,2,email
EFTA00715482.pdf,data-set-9-files-27,1,email
EFTA00715483.pdf,data-set-9-files-27,1,email
EFTA00715484.pdf,data-set-9-files-27,2,email
EFTA00715486.pdf,data-set-9-files-27,1,email
EFTA00715487.pdf,data-set-9-files-27,1,email
EFTA00715488.pdf,data-set-9-files-27,1,email
EFTA00715489.pdf,data-set-9-files-27,1,email
EFTA00715490.pdf,data-set-9-files-27,1,email
EFTA00715491.pdf,data-set-9-files-27,2,email
EFTA00715493.pdf,data-set-9-files-27,1,email
EFTA00715494.pdf,data-set-9-files-27,1,email
EFTA00715495.pdf,data-set-9-files-27,1,email
EFTA00715496.pdf,data-set-9-files-27,1,email
EFTA00715497.pdf,data-set-9-files-27,2,email
EFTA00715499.pdf,data-set-9-files-27,1,email
EFTA00715500.pdf,data-set-9-files-27,1,email
EFTA00715501.pdf,data-set-9-files-27,2,email
EFTA00715503.pdf,data-set-9-files-27,1,email
EFTA00715504.pdf,data-set-9-files-27,1,email
EFTA00715505.pdf,data-set-9-files-27,1,email
EFTA00715506.pdf,data-set-9-files-27,1,email
EFTA00715507.pdf,data-set-9-files-27,1,email
EFTA00715508.pdf,data-set-9-files-27,2,email
EFTA00715510.pdf,data-set-9-files-27,2,email
EFTA00715512.pdf,data-set-9-files-27,1,email
EFTA00715513.pdf,data-set-9-files-27,1,email
EFTA00715514.pdf,data-set-9-files-27,1,email
EFTA00715515.pdf,data-set-9-files-27,1,email
EFTA00715516.pdf,data-set-9-files-27,1,other
EFTA00715517.pdf,data-set-9-files-27,1,email
EFTA00715518.pdf,data-set-9-files-27,1,email
EFTA00715519.pdf,data-set-9-files-27,2,other
EFTA00715521.pdf,data-set-9-files-27,1,other
EFTA00715522.pdf,data-set-9-files-27,1,email
EFTA00715523.pdf,data-set-9-files-27,3,email
EFTA00715526.pdf,data-set-9-files-27,1,email
EFTA00715527.pdf,data-set-9-files-27,1,email
EFTA00715528.pdf,data-set-9-files-27,1,email
EFTA00715529.pdf,data-set-9-files-27,1,email
EFTA00715530.pdf,data-set-9-files-27,1,email
EFTA00715531.pdf,data-set-9-files-27,1,email
EFTA00715532.pdf,data-set-9-files-27,2,email
EFTA00715534.pdf,data-set-9-files-27,1,email
EFTA00715535.pdf,data-set-9-files-27,2,email
EFTA00715537.pdf,data-set-9-files-27,1,email
EFTA00715538.pdf,data-set-9-files-27,2,email
EFTA00715540.pdf,data-set-9-files-27,3,email
EFTA00715543.pdf,data-set-9-files-27,2,email
EFTA00715545.pdf,data-set-9-files-27,1,email
EFTA00715546.pdf,data-set-9-files-27,1,email
EFTA00715547.pdf,data-set-9-files-27,2,email
EFTA00715549.pdf,data-set-9-files-27,1,email
EFTA00715550.pdf,data-set-9-files-27,1,email
EFTA00715551.pdf,data-set-9-files-27,1,email
EFTA00715552.pdf,data-set-9-files-27,1,email
EFTA00715553.pdf,data-set-9-files-27,1,email
EFTA00715554.pdf,data-set-9-files-27,1,other
EFTA00715555.pdf,data-set-9-files-27,1,email
EFTA00715556.pdf,data-set-9-files-27,1,email
EFTA00715557.pdf,data-set-9-files-27,1,email
EFTA00715558.pdf,data-set-9-files-27,1,email
EFTA00715559.pdf,data-set-9-files-27,2,email
EFTA00715561.pdf,data-set-9-files-27,2,email
EFTA00715563.pdf,data-set-9-files-27,1,email
EFTA00715564.pdf,data-set-9-files-27,1,email
EFTA00715565.pdf,data-set-9-files-27,1,email
EFTA00715566.pdf,data-set-9-files-27,1,email
EFTA00715567.pdf,data-set-9-files-27,1,email
EFTA00715568.pdf,data-set-9-files-27,1,email
EFTA00715569.pdf,data-set-9-files-27,1,email
EFTA00715570.pdf,data-set-9-files-27,2,email
EFTA00715572.pdf,data-set-9-files-27,1,email
EFTA00715573.pdf,data-set-9-files-27,1,email
EFTA00715574.pdf,data-set-9-files-27,1,email
EFTA00715575.pdf,data-set-9-files-27,1,email
EFTA00715576.pdf,data-set-9-files-27,1,email
EFTA00715577.pdf,data-set-9-files-27,2,email
EFTA00715579.pdf,data-set-9-files-27,1,email
EFTA00715580.pdf,data-set-9-files-27,2,email
EFTA00715582.pdf,data-set-9-files-27,2,email
EFTA00715584.pdf,data-set-9-files-27,1,email
EFTA00715585.pdf,data-set-9-files-27,1,email
EFTA00715586.pdf,data-set-9-files-27,1,other
EFTA00715587.pdf,data-set-9-files-27,1,email
EFTA00715588.pdf,data-set-9-files-27,1,email
EFTA00715589.pdf,data-set-9-files-27,1,email
EFTA00715590.pdf,data-set-9-files-27,1,email
EFTA00715591.pdf,data-set-9-files-27,1,email
EFTA00715592.pdf,data-set-9-files-27,1,email
EFTA00715593.pdf,data-set-9-files-27,3,email
EFTA00715596.pdf,data-set-9-files-27,1,email
EFTA00715597.pdf,data-set-9-files-27,1,email
EFTA00715598.pdf,data-set-9-files-27,1,email
EFTA00715599.pdf,data-set-9-files-27,1,email
EFTA00715600.pdf,data-set-9-files-27,2,email
EFTA00715602.pdf,data-set-9-files-27,28,email
EFTA00715630.pdf,data-set-9-files-27,1,email
EFTA00715631.pdf,data-set-9-files-27,1,email
EFTA00715632.pdf,data-set-9-files-27,1,email
EFTA00715633.pdf,data-set-9-files-27,1,email
EFTA00715634.pdf,data-set-9-files-27,1,other
EFTA00715635.pdf,data-set-9-files-27,1,email
EFTA00715636.pdf,data-set-9-files-27,3,email
EFTA00715639.pdf,data-set-9-files-27,1,email
EFTA00715640.pdf,data-set-9-files-27,2,email
EFTA00715642.pdf,data-set-9-files-27,2,email
EFTA00715644.pdf,data-set-9-files-27,3,email
EFTA00715647.pdf,data-set-9-files-27,1,email
EFTA00715648.pdf,data-set-9-files-27,1,email
EFTA00715649.pdf,data-set-9-files-27,1,email
EFTA00715650.pdf,data-set-9-files-27,2,email
EFTA00715652.pdf,data-set-9-files-27,1,email
EFTA00715653.pdf,data-set-9-files-27,1,other
EFTA00715654.pdf,data-set-9-files-27,2,email
EFTA00715656.pdf,data-set-9-files-27,1,email
EFTA00715657.pdf,data-set-9-files-27,1,email
EFTA00715658.pdf,data-set-9-files-27,1,other
EFTA00715659.pdf,data-set-9-files-27,1,email
EFTA00715660.pdf,data-set-9-files-27,1,email
EFTA00715661.pdf,data-set-9-files-27,1,email
EFTA00715662.pdf,data-set-9-files-27,2,email
EFTA00715664.pdf,data-set-9-files-27,2,email
EFTA00715666.pdf,data-set-9-files-27,1,email
EFTA00715667.pdf,data-set-9-files-27,2,email
EFTA00715669.pdf,data-set-9-files-27,1,email
EFTA00715670.pdf,data-set-9-files-27,1,email
EFTA00715671.pdf,data-set-9-files-27,2,email
EFTA00715673.pdf,data-set-9-files-27,1,email
EFTA00715674.pdf,data-set-9-files-27,2,email
EFTA00715676.pdf,data-set-9-files-27,1,email
EFTA00715677.pdf,data-set-9-files-27,1,email
EFTA00715678.pdf,data-set-9-files-27,3,email
EFTA00715681.pdf,data-set-9-files-27,2,email
EFTA00715683.pdf,data-set-9-files-27,2,email
EFTA00715685.pdf,data-set-9-files-27,1,email
EFTA00715686.pdf,data-set-9-files-27,3,email
EFTA00715689.pdf,data-set-9-files-27,3,email
EFTA00715692.pdf,data-set-9-files-27,3,email
EFTA00715695.pdf,data-set-9-files-27,7,other
EFTA00715702.pdf,data-set-9-files-27,3,email
EFTA00715705.pdf,data-set-9-files-27,2,email
EFTA00715707.pdf,data-set-9-files-27,2,email
EFTA00715709.pdf,data-set-9-files-27,8,email
EFTA00715717.pdf,data-set-9-files-27,5,email
EFTA00715722.pdf,data-set-9-files-27,2,photo
EFTA00715724.pdf,data-set-9-files-27,6,email
EFTA00715730.pdf,data-set-9-files-27,14,email
EFTA00715744.pdf,data-set-9-files-27,2,email
EFTA00715746.pdf,data-set-9-files-27,2,email
EFTA00715748.pdf,data-set-9-files-27,1,email
EFTA00715749.pdf,data-set-9-files-27,1,email
EFTA00715750.pdf,data-set-9-files-27,1,other
EFTA00715751.pdf,data-set-9-files-27,1,email
EFTA00715752.pdf,data-set-9-files-27,1,email
EFTA00715753.pdf,data-set-9-files-27,1,email
EFTA00715754.pdf,data-set-9-files-27,1,email
EFTA00715755.pdf,data-set-9-files-27,2,email
EFTA00715757.pdf,data-set-9-files-27,1,email
EFTA00715758.pdf,data-set-9-files-27,1,email
EFTA00715759.pdf,data-set-9-files-27,2,email
EFTA00715761.pdf,data-set-9-files-27,2,email
EFTA00715763.pdf,data-set-9-files-27,1,email
EFTA00715764.pdf,data-set-9-files-27,1,email
EFTA00715765.pdf,data-set-9-files-27,2,email
EFTA00715767.pdf,data-set-9-files-27,1,email
EFTA00715768.pdf,data-set-9-files-27,1,email
EFTA00715769.pdf,data-set-9-files-27,1,email
EFTA00715770.pdf,data-set-9-files-27,1,email
EFTA00715771.pdf,data-set-9-files-27,1,email
EFTA00715772.pdf,data-set-9-files-27,1,email
EFTA00715773.pdf,data-set-9-files-27,2,email
EFTA00715775.pdf,data-set-9-files-27,4,email
EFTA00715779.pdf,data-set-9-files-27,6,email
EFTA00715785.pdf,data-set-9-files-27,7,email
EFTA00715792.pdf,data-set-9-files-27,2,email
EFTA00715794.pdf,data-set-9-files-27,1,email
EFTA00715795.pdf,data-set-9-files-27,1,email
EFTA00715796.pdf,data-set-9-files-27,1,email
EFTA00715797.pdf,data-set-9-files-27,1,email
EFTA00715798.pdf,data-set-9-files-27,2,email
EFTA00715800.pdf,data-set-9-files-27,3,email
EFTA00715803.pdf,data-set-9-files-27,1,email
EFTA00715804.pdf,data-set-9-files-27,1,email
EFTA00715805.pdf,data-set-9-files-27,1,email
EFTA00715806.pdf,data-set-9-files-27,1,email
EFTA00715807.pdf,data-set-9-files-27,3,email
EFTA00715810.pdf,data-set-9-files-27,5,email
EFTA00715815.pdf,data-set-9-files-27,1,email
EFTA00715816.pdf,data-set-9-files-27,3,email
EFTA00715819.pdf,data-set-9-files-27,2,email
EFTA00715821.pdf,data-set-9-files-27,1,other
EFTA00715822.pdf,data-set-9-files-27,2,email
EFTA00715824.pdf,data-set-9-files-27,3,email
EFTA00715827.pdf,data-set-9-files-27,1,email
EFTA00715828.pdf,data-set-9-files-27,1,email
EFTA00715829.pdf,data-set-9-files-27,3,email
EFTA00715832.pdf,data-set-9-files-27,1,email
EFTA00715833.pdf,data-set-9-files-27,2,email
EFTA00715835.pdf,data-set-9-files-27,2,email
EFTA00715837.pdf,data-set-9-files-27,1,email
EFTA00715838.pdf,data-set-9-files-27,1,email
EFTA00715839.pdf,data-set-9-files-27,1,email
EFTA00715840.pdf,data-set-9-files-27,1,email
EFTA00715841.pdf,data-set-9-files-27,1,other
EFTA00715842.pdf,data-set-9-files-27,2,email
EFTA00715844.pdf,data-set-9-files-27,1,other
EFTA00715845.pdf,data-set-9-files-27,1,email
EFTA00715846.pdf,data-set-9-files-27,2,email
EFTA00715848.pdf,data-set-9-files-27,1,email
EFTA00715849.pdf,data-set-9-files-27,1,email
EFTA00715850.pdf,data-set-9-files-27,1,email
EFTA00715851.pdf,data-set-9-files-27,1,email
EFTA00715852.pdf,data-set-9-files-27,1,email
EFTA00715853.pdf,data-set-9-files-27,3,email
EFTA00715856.pdf,data-set-9-files-27,2,email
EFTA00715858.pdf,data-set-9-files-27,1,email
EFTA00715859.pdf,data-set-9-files-27,1,email
EFTA00715860.pdf,data-set-9-files-27,1,email
EFTA00715861.pdf,data-set-9-files-27,1,email
EFTA00715862.pdf,data-set-9-files-27,6,email
EFTA00715868.pdf,data-set-9-files-27,1,email
EFTA00715869.pdf,data-set-9-files-27,7,email
EFTA00715876.pdf,data-set-9-files-27,4,email
EFTA00715880.pdf,data-set-9-files-27,3,email
EFTA00715883.pdf,data-set-9-files-27,3,email
EFTA00715886.pdf,data-set-9-files-27,3,email
EFTA00715889.pdf,data-set-9-files-27,3,email
EFTA00715892.pdf,data-set-9-files-27,1,other
EFTA00715893.pdf,data-set-9-files-27,2,email
EFTA00715895.pdf,data-set-9-files-27,2,email
EFTA00715897.pdf,data-set-9-files-27,1,email
EFTA00715898.pdf,data-set-9-files-27,1,email
EFTA00715899.pdf,data-set-9-files-27,1,email
EFTA00715900.pdf,data-set-9-files-27,2,email
EFTA00715902.pdf,data-set-9-files-27,1,email
EFTA00715903.pdf,data-set-9-files-27,2,email
EFTA00715905.pdf,data-set-9-files-27,2,email
EFTA00715907.pdf,data-set-9-files-27,1,email
EFTA00715908.pdf,data-set-9-files-27,1,email
EFTA00715909.pdf,data-set-9-files-27,2,email
EFTA00715911.pdf,data-set-9-files-27,4,email
EFTA00715915.pdf,data-set-9-files-27,1,email
EFTA00715916.pdf,data-set-9-files-27,2,email
EFTA00715918.pdf,data-set-9-files-27,1,email
EFTA00715919.pdf,data-set-9-files-27,1,email
EFTA00715920.pdf,data-set-9-files-27,3,email
EFTA00715923.pdf,data-set-9-files-27,1,email
EFTA00715924.pdf,data-set-9-files-27,4,email
EFTA00715928.pdf,data-set-9-files-27,1,email
EFTA00715929.pdf,data-set-9-files-27,1,email
EFTA00715930.pdf,data-set-9-files-27,1,email
EFTA00715931.pdf,data-set-9-files-27,1,email
EFTA00715932.pdf,data-set-9-files-27,1,email
EFTA00715933.pdf,data-set-9-files-27,1,other
EFTA00715934.pdf,data-set-9-files-27,1,email
EFTA00715935.pdf,data-set-9-files-27,1,email
EFTA00715936.pdf,data-set-9-files-27,1,email
EFTA00715937.pdf,data-set-9-files-27,1,email
EFTA00715938.pdf,data-set-9-files-27,1,email
EFTA00715939.pdf,data-set-9-files-27,1,email
EFTA00715940.pdf,data-set-9-files-27,2,email
EFTA00715942.pdf,data-set-9-files-27,1,email
EFTA00715943.pdf,data-set-9-files-27,1,email
EFTA00715944.pdf,data-set-9-files-27,1,email
EFTA00715945.pdf,data-set-9-files-27,1,email
EFTA00715946.pdf,data-set-9-files-27,5,email
EFTA00715951.pdf,data-set-9-files-27,2,email
EFTA00715953.pdf,data-set-9-files-27,1,email
EFTA00715954.pdf,data-set-9-files-27,2,email
EFTA00715956.pdf,data-set-9-files-27,2,email
EFTA00715958.pdf,data-set-9-files-27,1,email
EFTA00715959.pdf,data-set-9-files-27,1,email
EFTA00715960.pdf,data-set-9-files-27,2,email
EFTA00715962.pdf,data-set-9-files-27,1,email
EFTA00715963.pdf,data-set-9-files-27,2,email
EFTA00715965.pdf,data-set-9-files-27,1,other
EFTA00715966.pdf,data-set-9-files-27,4,email
EFTA00715970.pdf,data-set-9-files-27,1,email
EFTA00715971.pdf,data-set-9-files-27,2,email
EFTA00715973.pdf,data-set-9-files-27,2,email
EFTA00715975.pdf,data-set-9-files-27,2,email
EFTA00715977.pdf,data-set-9-files-27,2,email
EFTA00715979.pdf,data-set-9-files-27,1,email
EFTA00715980.pdf,data-set-9-files-27,2,email
EFTA00715982.pdf,data-set-9-files-27,1,email
EFTA00715983.pdf,data-set-9-files-27,1,email
EFTA00715984.pdf,data-set-9-files-27,2,email
EFTA00715986.pdf,data-set-9-files-27,1,email
EFTA00715987.pdf,data-set-9-files-27,1,email
EFTA00715988.pdf,data-set-9-files-27,2,email
EFTA00715990.pdf,data-set-9-files-27,1,email
EFTA00715991.pdf,data-set-9-files-27,1,email
EFTA00715992.pdf,data-set-9-files-27,1,email
EFTA00715993.pdf,data-set-9-files-27,1,email
EFTA00715994.pdf,data-set-9-files-27,2,email
EFTA00715996.pdf,data-set-9-files-27,2,email
EFTA00715998.pdf,data-set-9-files-27,1,email
EFTA00715999.pdf,data-set-9-files-27,1,email
EFTA00716000.pdf,data-set-9-files-27,1,email
EFTA00716001.pdf,data-set-9-files-27,1,other
EFTA00716002.pdf,data-set-9-files-27,3,email
EFTA00716005.pdf,data-set-9-files-27,1,email
EFTA00716006.pdf,data-set-9-files-27,1,other
EFTA00716007.pdf,data-set-9-files-27,1,email
EFTA00716008.pdf,data-set-9-files-27,1,email
EFTA00716009.pdf,data-set-9-files-27,1,email
EFTA00716010.pdf,data-set-9-files-27,2,email
EFTA00716012.pdf,data-set-9-files-27,2,email
EFTA00716014.pdf,data-set-9-files-27,1,other
EFTA00716015.pdf,data-set-9-files-27,1,email
EFTA00716016.pdf,data-set-9-files-27,1,email
EFTA00716017.pdf,data-set-9-files-27,1,email
EFTA00716018.pdf,data-set-9-files-27,1,email
EFTA00716019.pdf,data-set-9-files-27,2,email
EFTA00716021.pdf,data-set-9-files-27,1,email
EFTA00716022.pdf,data-set-9-files-27,1,email
EFTA00716023.pdf,data-set-9-files-27,1,email
EFTA00716024.pdf,data-set-9-files-27,1,email
EFTA00716025.pdf,data-set-9-files-27,1,email
EFTA00716026.pdf,data-set-9-files-27,1,email
EFTA00716027.pdf,data-set-9-files-27,1,email
EFTA00716028.pdf,data-set-9-files-27,1,email
EFTA00716029.pdf,data-set-9-files-27,1,email
EFTA00716030.pdf,data-set-9-files-27,2,email
EFTA00716032.pdf,data-set-9-files-27,1,email
EFTA00716033.pdf,data-set-9-files-27,2,email
EFTA00716035.pdf,data-set-9-files-27,1,email
EFTA00716036.pdf,data-set-9-files-27,1,email
EFTA00716037.pdf,data-set-9-files-27,1,email
EFTA00716038.pdf,data-set-9-files-27,1,email
EFTA00716039.pdf,data-set-9-files-27,1,email
EFTA00716040.pdf,data-set-9-files-27,1,email
EFTA00716041.pdf,data-set-9-files-27,2,email
EFTA00716043.pdf,data-set-9-files-27,1,email
EFTA00716044.pdf,data-set-9-files-27,1,email
EFTA00716045.pdf,data-set-9-files-27,1,other
EFTA00716046.pdf,data-set-9-files-27,2,email
EFTA00716048.pdf,data-set-9-files-27,1,email
EFTA00716049.pdf,data-set-9-files-27,1,email
EFTA00716050.pdf,data-set-9-files-27,2,email
EFTA00716052.pdf,data-set-9-files-27,2,email
EFTA00716054.pdf,data-set-9-files-27,1,email
EFTA00716055.pdf,data-set-9-files-27,2,email
EFTA00716057.pdf,data-set-9-files-27,1,email
EFTA00716058.pdf,data-set-9-files-27,1,email
EFTA00716059.pdf,data-set-9-files-27,1,other
EFTA00716060.pdf,data-set-9-files-27,1,email
EFTA00716061.pdf,data-set-9-files-27,1,email
EFTA00716062.pdf,data-set-9-files-27,1,email
EFTA00716063.pdf,data-set-9-files-27,1,email
EFTA00716064.pdf,data-set-9-files-27,3,email
EFTA00716067.pdf,data-set-9-files-27,2,email
EFTA00716069.pdf,data-set-9-files-27,1,email
EFTA00716070.pdf,data-set-9-files-27,1,email
EFTA00716071.pdf,data-set-9-files-27,1,email
EFTA00716072.pdf,data-set-9-files-27,1,email
EFTA00716073.pdf,data-set-9-files-27,1,email
EFTA00716074.pdf,data-set-9-files-27,1,email
EFTA00716075.pdf,data-set-9-files-27,1,email
EFTA00716076.pdf,data-set-9-files-27,1,email
EFTA00716077.pdf,data-set-9-files-27,1,other
EFTA00716078.pdf,data-set-9-files-27,1,email
EFTA00716079.pdf,data-set-9-files-27,1,other
EFTA00716080.pdf,data-set-9-files-27,2,email
EFTA00716082.pdf,data-set-9-files-27,2,email
EFTA00716084.pdf,data-set-9-files-27,1,email
EFTA00716085.pdf,data-set-9-files-27,1,email
EFTA00716086.pdf,data-set-9-files-27,2,email
EFTA00716088.pdf,data-set-9-files-27,1,email
EFTA00716089.pdf,data-set-9-files-27,1,email
EFTA00716090.pdf,data-set-9-files-27,3,email
EFTA00716093.pdf,data-set-9-files-27,2,email
EFTA00716095.pdf,data-set-9-files-27,1,email
EFTA00716096.pdf,data-set-9-files-27,2,email
EFTA00716098.pdf,data-set-9-files-27,1,email
EFTA00716099.pdf,data-set-9-files-27,2,email
EFTA00716101.pdf,data-set-9-files-27,1,email
EFTA00716102.pdf,data-set-9-files-27,1,email
EFTA00716103.pdf,data-set-9-files-27,2,email
EFTA00716105.pdf,data-set-9-files-27,1,email
EFTA00716106.pdf,data-set-9-files-27,1,email
EFTA00716107.pdf,data-set-9-files-27,1,email
EFTA00716108.pdf,data-set-9-files-27,1,email
EFTA00716109.pdf,data-set-9-files-27,1,email
EFTA00716110.pdf,data-set-9-files-27,1,other
EFTA00716111.pdf,data-set-9-files-27,1,email
EFTA00716112.pdf,data-set-9-files-27,1,email
EFTA00716113.pdf,data-set-9-files-27,1,email
EFTA00716114.pdf,data-set-9-files-27,1,email
EFTA00716115.pdf,data-set-9-files-27,1,email
EFTA00716116.pdf,data-set-9-files-27,1,email
EFTA00716117.pdf,data-set-9-files-27,3,email
EFTA00716120.pdf,data-set-9-files-27,3,email
EFTA00716123.pdf,data-set-9-files-27,1,other
EFTA00716124.pdf,data-set-9-files-27,1,email
EFTA00716125.pdf,data-set-9-files-27,1,email
EFTA00716126.pdf,data-set-9-files-27,1,email
EFTA00716127.pdf,data-set-9-files-27,2,email
EFTA00716129.pdf,data-set-9-files-27,1,email
EFTA00716130.pdf,data-set-9-files-27,1,email
EFTA00716131.pdf,data-set-9-files-27,1,email
EFTA00716132.pdf,data-set-9-files-27,2,email
EFTA00716134.pdf,data-set-9-files-27,2,email
EFTA00716136.pdf,data-set-9-files-27,1,email
EFTA00716137.pdf,data-set-9-files-27,1,email
EFTA00716138.pdf,data-set-9-files-27,1,email
EFTA00716139.pdf,data-set-9-files-27,1,email
EFTA00716140.pdf,data-set-9-files-27,1,email
EFTA00716141.pdf,data-set-9-files-27,2,email
EFTA00716143.pdf,data-set-9-files-27,1,email
EFTA00716144.pdf,data-set-9-files-27,1,email
EFTA00716145.pdf,data-set-9-files-27,1,email
EFTA00716146.pdf,data-set-9-files-27,2,email
EFTA00716148.pdf,data-set-9-files-27,1,email
EFTA00716149.pdf,data-set-9-files-27,1,email
EFTA00716150.pdf,data-set-9-files-27,1,email
EFTA00716151.pdf,data-set-9-files-27,1,email
EFTA00716152.pdf,data-set-9-files-27,2,email
EFTA00716154.pdf,data-set-9-files-27,1,email
EFTA00716155.pdf,data-set-9-files-27,1,email
EFTA00716156.pdf,data-set-9-files-27,3,email
EFTA00716159.pdf,data-set-9-files-27,1,email
EFTA00716160.pdf,data-set-9-files-27,1,email
EFTA00716161.pdf,data-set-9-files-27,2,email
EFTA00716163.pdf,data-set-9-files-27,1,email
EFTA00716164.pdf,data-set-9-files-27,1,email
EFTA00716165.pdf,data-set-9-files-27,2,email
EFTA00716167.pdf,data-set-9-files-27,1,email
EFTA00716168.pdf,data-set-9-files-27,4,email
EFTA00716172.pdf,data-set-9-files-27,1,email
EFTA00716173.pdf,data-set-9-files-27,1,email
EFTA00716174.pdf,data-set-9-files-27,1,email
EFTA00716175.pdf,data-set-9-files-27,1,email
EFTA00716176.pdf,data-set-9-files-27,2,email
EFTA00716178.pdf,data-set-9-files-27,1,email
EFTA00716179.pdf,data-set-9-files-27,1,other
EFTA00716180.pdf,data-set-9-files-27,1,email
EFTA00716181.pdf,data-set-9-files-27,3,email
EFTA00716184.pdf,data-set-9-files-27,1,email
EFTA00716185.pdf,data-set-9-files-27,1,email
EFTA00716186.pdf,data-set-9-files-27,1,email
EFTA00716187.pdf,data-set-9-files-27,1,email
EFTA00716188.pdf,data-set-9-files-27,1,email
EFTA00716189.pdf,data-set-9-files-27,1,email
EFTA00716190.pdf,data-set-9-files-27,1,email
EFTA00716191.pdf,data-set-9-files-27,1,email
EFTA00716192.pdf,data-set-9-files-27,1,email
EFTA00716193.pdf,data-set-9-files-27,1,email
EFTA00716194.pdf,data-set-9-files-27,1,email
EFTA00716195.pdf,data-set-9-files-27,1,email
EFTA00716196.pdf,data-set-9-files-27,1,email
EFTA00716197.pdf,data-set-9-files-27,1,email
EFTA00716198.pdf,data-set-9-files-27,1,email
EFTA00716199.pdf,data-set-9-files-27,1,email
EFTA00716200.pdf,data-set-9-files-27,3,email
EFTA00716203.pdf,data-set-9-files-27,1,email
EFTA00716204.pdf,data-set-9-files-27,4,email
EFTA00716208.pdf,data-set-9-files-27,1,email
EFTA00716209.pdf,data-set-9-files-27,1,email
EFTA00716210.pdf,data-set-9-files-27,1,email
EFTA00716211.pdf,data-set-9-files-27,1,other
EFTA00716212.pdf,data-set-9-files-27,1,email
EFTA00716213.pdf,data-set-9-files-27,4,email
EFTA00716217.pdf,data-set-9-files-27,1,email
EFTA00716218.pdf,data-set-9-files-27,1,email
EFTA00716219.pdf,data-set-9-files-27,1,email
EFTA00716220.pdf,data-set-9-files-27,1,email
EFTA00716221.pdf,data-set-9-files-27,1,email
EFTA00716222.pdf,data-set-9-files-27,1,email
EFTA00716223.pdf,data-set-9-files-27,1,email
EFTA00716224.pdf,data-set-9-files-27,1,email
EFTA00716225.pdf,data-set-9-files-27,2,email
EFTA00716227.pdf,data-set-9-files-27,2,email
EFTA00716229.pdf,data-set-9-files-27,2,email
EFTA00716231.pdf,data-set-9-files-27,3,email
EFTA00716234.pdf,data-set-9-files-27,1,other
EFTA00716235.pdf,data-set-9-files-27,1,other
EFTA00716236.pdf,data-set-9-files-27,2,email
EFTA00716238.pdf,data-set-9-files-27,1,email
EFTA00716239.pdf,data-set-9-files-27,1,email
EFTA00716240.pdf,data-set-9-files-27,1,email
EFTA00716241.pdf,data-set-9-files-27,1,email
EFTA00716242.pdf,data-set-9-files-27,2,email
EFTA00716244.pdf,data-set-9-files-27,2,email
EFTA00716246.pdf,data-set-9-files-27,2,email
EFTA00716248.pdf,data-set-9-files-27,9,email
EFTA00716257.pdf,data-set-9-files-27,6,email
EFTA00716263.pdf,data-set-9-files-27,1,email
EFTA00716264.pdf,data-set-9-files-27,1,email
EFTA00716265.pdf,data-set-9-files-27,1,email
EFTA00716266.pdf,data-set-9-files-27,1,other
EFTA00716267.pdf,data-set-9-files-27,1,email
EFTA00716268.pdf,data-set-9-files-27,4,email
EFTA00716272.pdf,data-set-9-files-27,1,email
EFTA00716273.pdf,data-set-9-files-27,1,email
EFTA00716274.pdf,data-set-9-files-27,1,email
EFTA00716275.pdf,data-set-9-files-27,1,email
EFTA00716276.pdf,data-set-9-files-27,2,email
EFTA00716278.pdf,data-set-9-files-27,1,email
EFTA00716279.pdf,data-set-9-files-27,1,email
EFTA00716280.pdf,data-set-9-files-27,2,email
EFTA00716282.pdf,data-set-9-files-27,1,email
EFTA00716283.pdf,data-set-9-files-27,1,email
EFTA00716284.pdf,data-set-9-files-27,1,email
EFTA00716285.pdf,data-set-9-files-27,1,email
EFTA00716286.pdf,data-set-9-files-27,1,email
EFTA00716287.pdf,data-set-9-files-27,2,email
EFTA00716289.pdf,data-set-9-files-27,1,other
EFTA00716290.pdf,data-set-9-files-27,2,email
EFTA00716292.pdf,data-set-9-files-27,2,email
EFTA00716294.pdf,data-set-9-files-27,1,email
EFTA00716295.pdf,data-set-9-files-27,6,email
EFTA00716301.pdf,data-set-9-files-27,2,email
EFTA00716303.pdf,data-set-9-files-27,2,email
EFTA00716305.pdf,data-set-9-files-27,1,email
EFTA00716306.pdf,data-set-9-files-27,1,email
EFTA00716307.pdf,data-set-9-files-27,2,email
EFTA00716309.pdf,data-set-9-files-27,2,email
EFTA00716311.pdf,data-set-9-files-27,2,email
EFTA00716313.pdf,data-set-9-files-27,2,email
EFTA00716315.pdf,data-set-9-files-27,4,email
EFTA00716319.pdf,data-set-9-files-27,1,other
EFTA00716320.pdf,data-set-9-files-27,1,email
EFTA00716321.pdf,data-set-9-files-27,1,email
EFTA00716322.pdf,data-set-9-files-27,2,email
EFTA00716324.pdf,data-set-9-files-27,1,email
EFTA00716325.pdf,data-set-9-files-27,2,email
EFTA00716327.pdf,data-set-9-files-27,1,email
EFTA00716328.pdf,data-set-9-files-27,3,email
EFTA00716331.pdf,data-set-9-files-27,1,email
EFTA00716332.pdf,data-set-9-files-27,1,email
EFTA00716333.pdf,data-set-9-files-27,5,email
EFTA00716338.pdf,data-set-9-files-27,3,email
EFTA00716341.pdf,data-set-9-files-27,1,email
EFTA00716342.pdf,data-set-9-files-27,1,email
EFTA00716343.pdf,data-set-9-files-27,8,email
EFTA00716351.pdf,data-set-9-files-27,2,email
EFTA00716353.pdf,data-set-9-files-27,1,email
EFTA00716354.pdf,data-set-9-files-27,1,email
EFTA00716355.pdf,data-set-9-files-27,1,email
EFTA00716356.pdf,data-set-9-files-27,1,email
EFTA00716357.pdf,data-set-9-files-27,1,email
EFTA00716358.pdf,data-set-9-files-27,1,email
EFTA00716359.pdf,data-set-9-files-27,1,email
EFTA00716360.pdf,data-set-9-files-27,1,email
EFTA00716361.pdf,data-set-9-files-27,1,email
EFTA00716362.pdf,data-set-9-files-27,3,email
EFTA00716365.pdf,data-set-9-files-27,2,email
EFTA00716367.pdf,data-set-9-files-27,1,email
EFTA00716368.pdf,data-set-9-files-27,1,email
EFTA00716369.pdf,data-set-9-files-27,1,email
EFTA00716370.pdf,data-set-9-files-27,1,other
EFTA00716371.pdf,data-set-9-files-27,1,email
EFTA00716372.pdf,data-set-9-files-27,1,email
EFTA00716373.pdf,data-set-9-files-27,1,email
EFTA00716374.pdf,data-set-9-files-27,1,email
EFTA00716375.pdf,data-set-9-files-27,2,email
EFTA00716377.pdf,data-set-9-files-27,1,email
EFTA00716378.pdf,data-set-9-files-27,1,email
EFTA00716379.pdf,data-set-9-files-27,1,other
EFTA00716380.pdf,data-set-9-files-27,1,other
EFTA00716381.pdf,data-set-9-files-27,1,email
EFTA00716382.pdf,data-set-9-files-27,1,email
EFTA00716383.pdf,data-set-9-files-27,1,email
EFTA00716384.pdf,data-set-9-files-27,1,email
EFTA00716385.pdf,data-set-9-files-27,2,email
EFTA00716387.pdf,data-set-9-files-27,2,email
EFTA00716389.pdf,data-set-9-files-27,1,email
EFTA00716390.pdf,data-set-9-files-27,1,email
EFTA00716391.pdf,data-set-9-files-27,1,email
EFTA00716392.pdf,data-set-9-files-27,1,email
EFTA00716393.pdf,data-set-9-files-27,1,email
EFTA00716394.pdf,data-set-9-files-27,1,email
EFTA00716395.pdf,data-set-9-files-27,1,email
EFTA00716396.pdf,data-set-9-files-27,1,email
EFTA00716397.pdf,data-set-9-files-27,2,email
EFTA00716399.pdf,data-set-9-files-27,2,email
EFTA00716401.pdf,data-set-9-files-27,1,email
EFTA00716402.pdf,data-set-9-files-27,3,email
EFTA00716405.pdf,data-set-9-files-27,1,other
EFTA00716406.pdf,data-set-9-files-27,1,other
EFTA00716407.pdf,data-set-9-files-27,1,email
EFTA00716408.pdf,data-set-9-files-27,1,email
EFTA00716409.pdf,data-set-9-files-27,1,email
EFTA00716410.pdf,data-set-9-files-27,2,email
EFTA00716412.pdf,data-set-9-files-27,2,email
EFTA00716414.pdf,data-set-9-files-27,1,email
EFTA00716415.pdf,data-set-9-files-27,1,email
EFTA00716416.pdf,data-set-9-files-27,1,email
EFTA00716417.pdf,data-set-9-files-27,2,email
EFTA00716419.pdf,data-set-9-files-27,1,email
EFTA00716420.pdf,data-set-9-files-27,1,email
EFTA00716421.pdf,data-set-9-files-27,2,email
EFTA00716423.pdf,data-set-9-files-27,1,email
EFTA00716424.pdf,data-set-9-files-27,4,email
EFTA00716428.pdf,data-set-9-files-27,1,email
EFTA00716429.pdf,data-set-9-files-27,1,email
EFTA00716430.pdf,data-set-9-files-27,3,email
EFTA00716433.pdf,data-set-9-files-27,1,email
EFTA00716434.pdf,data-set-9-files-27,1,email
EFTA00716435.pdf,data-set-9-files-27,2,email
EFTA00716437.pdf,data-set-9-files-27,2,email
EFTA00716439.pdf,data-set-9-files-27,2,other
EFTA00716441.pdf,data-set-9-files-27,1,email
EFTA00716442.pdf,data-set-9-files-27,10,email
EFTA00716452.pdf,data-set-9-files-27,1,email
EFTA00716453.pdf,data-set-9-files-27,1,email
EFTA00716454.pdf,data-set-9-files-27,2,email
EFTA00716456.pdf,data-set-9-files-27,1,email
EFTA00716457.pdf,data-set-9-files-27,1,email
EFTA00716458.pdf,data-set-9-files-27,13,email
EFTA00716471.pdf,data-set-9-files-27,1,email
EFTA00716472.pdf,data-set-9-files-27,1,email
EFTA00716473.pdf,data-set-9-files-27,2,email
EFTA00716475.pdf,data-set-9-files-27,1,email
EFTA00716476.pdf,data-set-9-files-27,1,email
EFTA00716477.pdf,data-set-9-files-27,1,email
EFTA00716478.pdf,data-set-9-files-27,1,photo
EFTA00716479.pdf,data-set-9-files-27,1,email
EFTA00716480.pdf,data-set-9-files-27,1,email
EFTA00716481.pdf,data-set-9-files-27,1,email
EFTA00716482.pdf,data-set-9-files-27,1,email
EFTA00716483.pdf,data-set-9-files-27,1,email
EFTA00716484.pdf,data-set-9-files-27,1,email
EFTA00716485.pdf,data-set-9-files-27,2,email
EFTA00716487.pdf,data-set-9-files-27,1,email
EFTA00716488.pdf,data-set-9-files-27,1,email
EFTA00716489.pdf,data-set-9-files-27,1,email
EFTA00716490.pdf,data-set-9-files-27,1,email
EFTA00716491.pdf,data-set-9-files-27,1,email
EFTA00716492.pdf,data-set-9-files-27,2,email
EFTA00716494.pdf,data-set-9-files-27,2,email
EFTA00716496.pdf,data-set-9-files-27,2,email
EFTA00716498.pdf,data-set-9-files-27,1,email
EFTA00716499.pdf,data-set-9-files-27,1,email
EFTA00716500.pdf,data-set-9-files-27,1,email
EFTA00716501.pdf,data-set-9-files-27,1,email
EFTA00716502.pdf,data-set-9-files-27,4,email
EFTA00716506.pdf,data-set-9-files-27,1,email
EFTA00716507.pdf,data-set-9-files-27,1,email
EFTA00716508.pdf,data-set-9-files-27,1,email
EFTA00716509.pdf,data-set-9-files-27,1,email
EFTA00716510.pdf,data-set-9-files-27,2,email
EFTA00716512.pdf,data-set-9-files-27,1,email
EFTA00716513.pdf,data-set-9-files-27,1,email
EFTA00716514.pdf,data-set-9-files-27,2,email
EFTA00716516.pdf,data-set-9-files-27,1,other
EFTA00716517.pdf,data-set-9-files-27,1,other
EFTA00716518.pdf,data-set-9-files-27,2,email
EFTA00716520.pdf,data-set-9-files-27,1,email
EFTA00716521.pdf,data-set-9-files-27,1,other
EFTA00716522.pdf,data-set-9-files-27,4,email
EFTA00716526.pdf,data-set-9-files-27,3,email
EFTA00716529.pdf,data-set-9-files-27,2,email
EFTA00716531.pdf,data-set-9-files-27,1,email
EFTA00716532.pdf,data-set-9-files-27,1,email
EFTA00716533.pdf,data-set-9-files-27,1,email
EFTA00716534.pdf,data-set-9-files-27,1,email
EFTA00716535.pdf,data-set-9-files-27,1,email
EFTA00716536.pdf,data-set-9-files-27,1,email
EFTA00716537.pdf,data-set-9-files-27,2,email
EFTA00716539.pdf,data-set-9-files-27,1,email
EFTA00716540.pdf,data-set-9-files-27,1,other
EFTA00716541.pdf,data-set-9-files-27,2,email
EFTA00716543.pdf,data-set-9-files-27,1,email
EFTA00716544.pdf,data-set-9-files-27,1,email
EFTA00716545.pdf,data-set-9-files-27,2,email
EFTA00716547.pdf,data-set-9-files-27,1,email
EFTA00716548.pdf,data-set-9-files-27,1,email
EFTA00716549.pdf,data-set-9-files-27,13,email
EFTA00716562.pdf,data-set-9-files-27,2,email
EFTA00716564.pdf,data-set-9-files-27,1,email
EFTA00716565.pdf,data-set-9-files-27,1,email
EFTA00716566.pdf,data-set-9-files-27,2,email
EFTA00716568.pdf,data-set-9-files-27,2,email
EFTA00716570.pdf,data-set-9-files-27,1,email
EFTA00716571.pdf,data-set-9-files-27,1,email
EFTA00716572.pdf,data-set-9-files-27,1,email
EFTA00716573.pdf,data-set-9-files-27,1,email
EFTA00716574.pdf,data-set-9-files-27,1,email
EFTA00716575.pdf,data-set-9-files-27,2,email
EFTA00716577.pdf,data-set-9-files-27,1,email
EFTA00716578.pdf,data-set-9-files-27,2,email
EFTA00716580.pdf,data-set-9-files-27,2,email
EFTA00716582.pdf,data-set-9-files-27,2,email
EFTA00716584.pdf,data-set-9-files-27,2,email
EFTA00716586.pdf,data-set-9-files-27,1,email
EFTA00716587.pdf,data-set-9-files-27,1,email
EFTA00716588.pdf,data-set-9-files-27,1,email
EFTA00716589.pdf,data-set-9-files-27,1,email
EFTA00716590.pdf,data-set-9-files-27,1,email
EFTA00716591.pdf,data-set-9-files-27,2,email
EFTA00716593.pdf,data-set-9-files-27,2,email
EFTA00716595.pdf,data-set-9-files-27,2,email
EFTA00716597.pdf,data-set-9-files-27,3,email
EFTA00716600.pdf,data-set-9-files-27,2,email
EFTA00716602.pdf,data-set-9-files-27,2,email
EFTA00716604.pdf,data-set-9-files-27,1,email
EFTA00716605.pdf,data-set-9-files-27,2,email
EFTA00716607.pdf,data-set-9-files-27,2,email
EFTA00716609.pdf,data-set-9-files-27,2,email
EFTA00716611.pdf,data-set-9-files-27,1,email
EFTA00716612.pdf,data-set-9-files-27,2,email
EFTA00716614.pdf,data-set-9-files-27,2,email
EFTA00716616.pdf,data-set-9-files-27,1,email
EFTA00716617.pdf,data-set-9-files-27,1,email
EFTA00716618.pdf,data-set-9-files-27,1,email
EFTA00716619.pdf,data-set-9-files-27,1,other
EFTA00716620.pdf,data-set-9-files-27,2,email
EFTA00716622.pdf,data-set-9-files-27,1,email
EFTA00716623.pdf,data-set-9-files-27,1,other
EFTA00716624.pdf,data-set-9-files-27,1,email
EFTA00716625.pdf,data-set-9-files-27,1,email
EFTA00716626.pdf,data-set-9-files-27,1,email
EFTA00716627.pdf,data-set-9-files-27,1,other
EFTA00716628.pdf,data-set-9-files-27,2,email
EFTA00716630.pdf,data-set-9-files-27,1,email
EFTA00716631.pdf,data-set-9-files-27,1,email
EFTA00716632.pdf,data-set-9-files-27,2,email
EFTA00716634.pdf,data-set-9-files-27,2,email
EFTA00716636.pdf,data-set-9-files-27,1,email
EFTA00716637.pdf,data-set-9-files-27,1,other
EFTA00716638.pdf,data-set-9-files-27,1,email
EFTA00716639.pdf,data-set-9-files-27,1,email
EFTA00716640.pdf,data-set-9-files-27,1,email
EFTA00716641.pdf,data-set-9-files-27,1,email
EFTA00716642.pdf,data-set-9-files-27,1,email
EFTA00716643.pdf,data-set-9-files-27,1,email
EFTA00716644.pdf,data-set-9-files-27,1,email
EFTA00716645.pdf,data-set-9-files-27,1,email
EFTA00716646.pdf,data-set-9-files-27,1,email
EFTA00716647.pdf,data-set-9-files-27,1,email
EFTA00716648.pdf,data-set-9-files-27,1,email
EFTA00716649.pdf,data-set-9-files-27,2,email
EFTA00716651.pdf,data-set-9-files-27,1,other
EFTA00716652.pdf,data-set-9-files-27,2,email
EFTA00716654.pdf,data-set-9-files-27,2,email
EFTA00716656.pdf,data-set-9-files-27,1,email
EFTA00716657.pdf,data-set-9-files-27,1,email
EFTA00716658.pdf,data-set-9-files-27,1,email
EFTA00716659.pdf,data-set-9-files-27,3,email
EFTA00716662.pdf,data-set-9-files-27,3,email
EFTA00716665.pdf,data-set-9-files-27,1,email
EFTA00716666.pdf,data-set-9-files-27,1,email
EFTA00716667.pdf,data-set-9-files-27,1,email
EFTA00716668.pdf,data-set-9-files-27,1,email
EFTA00716669.pdf,data-set-9-files-27,1,email
EFTA00716670.pdf,data-set-9-files-27,2,email
EFTA00716672.pdf,data-set-9-files-27,1,email
EFTA00716673.pdf,data-set-9-files-27,2,email
EFTA00716675.pdf,data-set-9-files-27,2,email
EFTA00716677.pdf,data-set-9-files-27,4,email
EFTA00716681.pdf,data-set-9-files-27,1,email
EFTA00716682.pdf,data-set-9-files-27,1,email
EFTA00716683.pdf,data-set-9-files-27,2,email
EFTA00716685.pdf,data-set-9-files-27,1,email
EFTA00716686.pdf,data-set-9-files-27,1,email
EFTA00716687.pdf,data-set-9-files-27,1,email
EFTA00716688.pdf,data-set-9-files-27,1,email
EFTA00716689.pdf,data-set-9-files-27,1,email
EFTA00716690.pdf,data-set-9-files-27,3,email
EFTA00716693.pdf,data-set-9-files-27,1,email
EFTA00716694.pdf,data-set-9-files-27,1,email
EFTA00716695.pdf,data-set-9-files-27,1,email
EFTA00716696.pdf,data-set-9-files-27,2,email
EFTA00716698.pdf,data-set-9-files-27,1,other
EFTA00716699.pdf,data-set-9-files-27,1,photo
EFTA00716700.pdf,data-set-9-files-27,2,email
EFTA00716702.pdf,data-set-9-files-27,4,other
EFTA00716706.pdf,data-set-9-files-27,6,email
EFTA00716712.pdf,data-set-9-files-27,1,email
EFTA00716713.pdf,data-set-9-files-27,1,email
EFTA00716714.pdf,data-set-9-files-27,2,email
EFTA00716716.pdf,data-set-9-files-27,1,photo
EFTA00716717.pdf,data-set-9-files-27,1,photo
EFTA00716718.pdf,data-set-9-files-27,1,photo
EFTA00716719.pdf,data-set-9-files-27,2,email
EFTA00716721.pdf,data-set-9-files-27,1,email
EFTA00716722.pdf,data-set-9-files-27,1,email
EFTA00716723.pdf,data-set-9-files-27,1,email
EFTA00716724.pdf,data-set-9-files-27,1,email
EFTA00716725.pdf,data-set-9-files-27,1,email
EFTA00716726.pdf,data-set-9-files-27,1,email
EFTA00716727.pdf,data-set-9-files-27,1,email
EFTA00716728.pdf,data-set-9-files-27,1,other
EFTA00716729.pdf,data-set-9-files-27,1,other
EFTA00716730.pdf,data-set-9-files-27,1,email
EFTA00716731.pdf,data-set-9-files-27,1,email
EFTA00716732.pdf,data-set-9-files-27,1,email
EFTA00716733.pdf,data-set-9-files-27,1,email
EFTA00716734.pdf,data-set-9-files-27,2,email
EFTA00716736.pdf,data-set-9-files-27,2,email
EFTA00716738.pdf,data-set-9-files-27,6,email
EFTA00716744.pdf,data-set-9-files-27,1,email
EFTA00716745.pdf,data-set-9-files-27,5,email
EFTA00716750.pdf,data-set-9-files-27,1,other
EFTA00716751.pdf,data-set-9-files-27,1,email
EFTA00716752.pdf,data-set-9-files-27,1,email
EFTA00716753.pdf,data-set-9-files-27,1,email
EFTA00716754.pdf,data-set-9-files-27,3,email
EFTA00716757.pdf,data-set-9-files-27,1,email
EFTA00716758.pdf,data-set-9-files-27,1,email
EFTA00716759.pdf,data-set-9-files-27,1,email
EFTA00716760.pdf,data-set-9-files-27,1,email
EFTA00716761.pdf,data-set-9-files-27,2,email
EFTA00716763.pdf,data-set-9-files-27,2,email
EFTA00716765.pdf,data-set-9-files-27,2,email
EFTA00716767.pdf,data-set-9-files-27,1,other
EFTA00716768.pdf,data-set-9-files-27,2,email
EFTA00716770.pdf,data-set-9-files-27,1,email
EFTA00716771.pdf,data-set-9-files-27,2,email
EFTA00716773.pdf,data-set-9-files-27,1,email
EFTA00716774.pdf,data-set-9-files-27,1,email
EFTA00716775.pdf,data-set-9-files-27,1,email
EFTA00716776.pdf,data-set-9-files-27,1,photo
EFTA00716777.pdf,data-set-9-files-27,1,photo
EFTA00716778.pdf,data-set-9-files-27,1,photo
EFTA00716779.pdf,data-set-9-files-27,1,photo
EFTA00716780.pdf,data-set-9-files-27,1,photo
EFTA00716781.pdf,data-set-9-files-27,1,photo
EFTA00716782.pdf,data-set-9-files-27,1,photo
EFTA00716783.pdf,data-set-9-files-27,1,photo
EFTA00716784.pdf,data-set-9-files-27,1,photo
EFTA00716785.pdf,data-set-9-files-27,1,photo
EFTA00716786.pdf,data-set-9-files-27,1,photo
EFTA00716787.pdf,data-set-9-files-27,1,photo
EFTA00716788.pdf,data-set-9-files-27,1,photo
EFTA00716789.pdf,data-set-9-files-27,1,photo
EFTA00716790.pdf,data-set-9-files-27,1,photo
EFTA00716791.pdf,data-set-9-files-27,1,photo
EFTA00716792.pdf,data-set-9-files-27,1,photo
EFTA00716793.pdf,data-set-9-files-27,1,photo
EFTA00716794.pdf,data-set-9-files-27,1,photo
EFTA00716795.pdf,data-set-9-files-27,1,photo
EFTA00716796.pdf,data-set-9-files-27,1,photo
EFTA00716797.pdf,data-set-9-files-27,1,photo
EFTA00716798.pdf,data-set-9-files-27,1,photo
EFTA00716799.pdf,data-set-9-files-27,1,email
EFTA00716800.pdf,data-set-9-files-27,3,other
EFTA00716803.pdf,data-set-9-files-27,2,email
EFTA00716805.pdf,data-set-9-files-27,1,email
EFTA00716806.pdf,data-set-9-files-27,1,email
EFTA00716807.pdf,data-set-9-files-27,1,email
EFTA00716808.pdf,data-set-9-files-27,3,email
EFTA00716811.pdf,data-set-9-files-27,1,email
EFTA00716812.pdf,data-set-9-files-27,1,email
EFTA00716813.pdf,data-set-9-files-27,2,email
EFTA00716815.pdf,data-set-9-files-27,2,email
EFTA00716817.pdf,data-set-9-files-27,1,email
EFTA00716818.pdf,data-set-9-files-27,2,email
EFTA00716820.pdf,data-set-9-files-27,2,email
EFTA00716822.pdf,data-set-9-files-27,1,email
EFTA00716823.pdf,data-set-9-files-27,1,email
EFTA00716824.pdf,data-set-9-files-27,1,email
EFTA00716825.pdf,data-set-9-files-27,1,email
EFTA00716826.pdf,data-set-9-files-27,4,email
EFTA00716830.pdf,data-set-9-files-27,2,email
EFTA00716832.pdf,data-set-9-files-27,1,email
EFTA00716833.pdf,data-set-9-files-27,1,email
EFTA00716834.pdf,data-set-9-files-27,1,email
EFTA00716835.pdf,data-set-9-files-27,1,other
EFTA00716836.pdf,data-set-9-files-27,1,email
EFTA00716837.pdf,data-set-9-files-27,1,email
EFTA00716838.pdf,data-set-9-files-27,1,email
EFTA00716839.pdf,data-set-9-files-27,3,email
EFTA00716842.pdf,data-set-9-files-27,2,email
EFTA00716844.pdf,data-set-9-files-27,4,email
EFTA00716848.pdf,data-set-9-files-27,1,email
EFTA00716849.pdf,data-set-9-files-27,2,email
EFTA00716851.pdf,data-set-9-files-27,2,email
EFTA00716853.pdf,data-set-9-files-27,1,other
EFTA00716854.pdf,data-set-9-files-27,3,email
EFTA00716857.pdf,data-set-9-files-27,1,email
EFTA00716858.pdf,data-set-9-files-27,1,other
EFTA00716859.pdf,data-set-9-files-27,1,email
EFTA00716860.pdf,data-set-9-files-27,1,email
EFTA00716861.pdf,data-set-9-files-27,1,email
EFTA00716862.pdf,data-set-9-files-27,1,email
EFTA00716863.pdf,data-set-9-files-27,2,email
EFTA00716865.pdf,data-set-9-files-27,1,email
EFTA00716866.pdf,data-set-9-files-27,1,email
EFTA00716867.pdf,data-set-9-files-27,2,email
EFTA00716869.pdf,data-set-9-files-27,1,email
EFTA00716870.pdf,data-set-9-files-27,1,email
EFTA00716871.pdf,data-set-9-files-27,2,email
EFTA00716873.pdf,data-set-9-files-27,2,email
EFTA00716875.pdf,data-set-9-files-27,2,email
EFTA00716877.pdf,data-set-9-files-27,1,email
EFTA00716878.pdf,data-set-9-files-27,1,email
EFTA00716879.pdf,data-set-9-files-27,2,email
EFTA00716881.pdf,data-set-9-files-27,3,email
EFTA00716884.pdf,data-set-9-files-27,1,email
EFTA00716885.pdf,data-set-9-files-27,1,email
EFTA00716886.pdf,data-set-9-files-27,1,email
EFTA00716887.pdf,data-set-9-files-27,3,email
EFTA00716890.pdf,data-set-9-files-27,5,email
EFTA00716895.pdf,data-set-9-files-27,4,email
EFTA00716899.pdf,data-set-9-files-27,1,email
EFTA00716900.pdf,data-set-9-files-27,5,email
EFTA00716905.pdf,data-set-9-files-27,2,email
EFTA00716907.pdf,data-set-9-files-27,2,email
EFTA00716909.pdf,data-set-9-files-27,1,email
EFTA00716910.pdf,data-set-9-files-27,8,email
EFTA00716918.pdf,data-set-9-files-27,1,email
EFTA00716919.pdf,data-set-9-files-27,1,email
EFTA00716920.pdf,data-set-9-files-27,1,email
EFTA00716921.pdf,data-set-9-files-27,1,email
EFTA00716922.pdf,data-set-9-files-27,1,email
EFTA00716923.pdf,data-set-9-files-27,1,email
EFTA00716924.pdf,data-set-9-files-27,1,email
EFTA00716925.pdf,data-set-9-files-27,2,email
EFTA00716927.pdf,data-set-9-files-27,1,email
EFTA00716928.pdf,data-set-9-files-27,1,other
EFTA00716929.pdf,data-set-9-files-27,1,email
EFTA00716930.pdf,data-set-9-files-27,1,email
EFTA00716931.pdf,data-set-9-files-27,1,email
EFTA00716932.pdf,data-set-9-files-27,1,email
EFTA00716933.pdf,data-set-9-files-27,1,email
EFTA00716934.pdf,data-set-9-files-27,1,email
EFTA00716935.pdf,data-set-9-files-27,1,email
EFTA00716936.pdf,data-set-9-files-27,1,email
EFTA00716937.pdf,data-set-9-files-27,1,email
EFTA00716938.pdf,data-set-9-files-27,2,email
EFTA00716940.pdf,data-set-9-files-27,1,email
EFTA00716941.pdf,data-set-9-files-27,2,email
EFTA00716943.pdf,data-set-9-files-27,1,email
EFTA00716944.pdf,data-set-9-files-27,1,email
EFTA00716945.pdf,data-set-9-files-27,1,email
EFTA00716946.pdf,data-set-9-files-27,1,email
EFTA00716947.pdf,data-set-9-files-27,1,email
EFTA00716948.pdf,data-set-9-files-27,1,email
EFTA00716949.pdf,data-set-9-files-27,1,email
EFTA00716950.pdf,data-set-9-files-27,1,email
EFTA00716951.pdf,data-set-9-files-27,1,email
EFTA00716952.pdf,data-set-9-files-27,1,email
EFTA00716953.pdf,data-set-9-files-27,1,email
EFTA00716954.pdf,data-set-9-files-27,1,email
EFTA00716955.pdf,data-set-9-files-27,2,email
EFTA00716957.pdf,data-set-9-files-27,1,email
EFTA00716958.pdf,data-set-9-files-27,2,email
EFTA00716960.pdf,data-set-9-files-27,2,email
EFTA00716962.pdf,data-set-9-files-27,3,email
EFTA00716965.pdf,data-set-9-files-27,2,email
EFTA00716967.pdf,data-set-9-files-27,1,email
EFTA00716968.pdf,data-set-9-files-27,2,email
EFTA00716970.pdf,data-set-9-files-27,1,email
EFTA00716971.pdf,data-set-9-files-27,1,photo
EFTA00716972.pdf,data-set-9-files-27,3,email
EFTA00716975.pdf,data-set-9-files-27,1,email
EFTA00716976.pdf,data-set-9-files-27,1,email
EFTA00716977.pdf,data-set-9-files-27,5,email
EFTA00716982.pdf,data-set-9-files-27,1,email
EFTA00716983.pdf,data-set-9-files-27,4,email
EFTA00716987.pdf,data-set-9-files-27,4,email
EFTA00716991.pdf,data-set-9-files-27,2,email
EFTA00716993.pdf,data-set-9-files-27,1,email
EFTA00716994.pdf,data-set-9-files-27,4,email
EFTA00716998.pdf,data-set-9-files-27,1,email
EFTA00716999.pdf,data-set-9-files-27,1,email
EFTA00717000.pdf,data-set-9-files-27,1,email
EFTA00717001.pdf,data-set-9-files-27,6,email
EFTA00717007.pdf,data-set-9-files-27,1,email
EFTA00717008.pdf,data-set-9-files-27,1,email
EFTA00717009.pdf,data-set-9-files-27,1,email
EFTA00717010.pdf,data-set-9-files-27,1,email
EFTA00717011.pdf,data-set-9-files-27,1,email
EFTA00717012.pdf,data-set-9-files-27,1,email
EFTA00717013.pdf,data-set-9-files-27,1,email
EFTA00717014.pdf,data-set-9-files-27,2,email
EFTA00717016.pdf,data-set-9-files-27,1,email
EFTA00717017.pdf,data-set-9-files-27,2,email
EFTA00717019.pdf,data-set-9-files-27,1,email
EFTA00717020.pdf,data-set-9-files-27,1,email
EFTA00717021.pdf,data-set-9-files-27,1,email
EFTA00717022.pdf,data-set-9-files-27,1,email
EFTA00717023.pdf,data-set-9-files-27,1,email
EFTA00717024.pdf,data-set-9-files-27,1,email
EFTA00717025.pdf,data-set-9-files-27,1,email
EFTA00717026.pdf,data-set-9-files-27,1,email
EFTA00717027.pdf,data-set-9-files-27,1,email
EFTA00717028.pdf,data-set-9-files-27,1,email
EFTA00717029.pdf,data-set-9-files-27,1,email
EFTA00717030.pdf,data-set-9-files-27,2,email
EFTA00717032.pdf,data-set-9-files-27,2,email
EFTA00717034.pdf,data-set-9-files-27,2,email
EFTA00717036.pdf,data-set-9-files-27,1,email
EFTA00717037.pdf,data-set-9-files-27,1,email
EFTA00717038.pdf,data-set-9-files-27,1,email
EFTA00717039.pdf,data-set-9-files-27,1,email
EFTA00717040.pdf,data-set-9-files-27,1,email
EFTA00717041.pdf,data-set-9-files-27,1,other
EFTA00717042.pdf,data-set-9-files-27,1,email
EFTA00717043.pdf,data-set-9-files-27,3,email
EFTA00717046.pdf,data-set-9-files-27,1,email
EFTA00717047.pdf,data-set-9-files-27,3,email
EFTA00717050.pdf,data-set-9-files-27,1,email
EFTA00717051.pdf,data-set-9-files-27,5,email
EFTA00717056.pdf,data-set-9-files-27,1,email
EFTA00717057.pdf,data-set-9-files-27,1,email
EFTA00717058.pdf,data-set-9-files-27,1,email
EFTA00717059.pdf,data-set-9-files-27,2,email
EFTA00717061.pdf,data-set-9-files-27,2,email
EFTA00717063.pdf,data-set-9-files-27,2,email
EFTA00717065.pdf,data-set-9-files-27,1,email
EFTA00717066.pdf,data-set-9-files-27,1,email
EFTA00717067.pdf,data-set-9-files-27,1,email
EFTA00717068.pdf,data-set-9-files-27,1,email
EFTA00717069.pdf,data-set-9-files-27,1,email
EFTA00717070.pdf,data-set-9-files-27,1,email
EFTA00717071.pdf,data-set-9-files-27,7,email
EFTA00717078.pdf,data-set-9-files-27,1,email
EFTA00717079.pdf,data-set-9-files-27,1,email
EFTA00717080.pdf,data-set-9-files-27,1,other
EFTA00717081.pdf,data-set-9-files-27,1,email
EFTA00717082.pdf,data-set-9-files-27,1,other
EFTA00717083.pdf,data-set-9-files-27,2,email
EFTA00717085.pdf,data-set-9-files-27,2,email
EFTA00717087.pdf,data-set-9-files-27,1,email
EFTA00717088.pdf,data-set-9-files-27,2,email
EFTA00717090.pdf,data-set-9-files-27,1,email
EFTA00717091.pdf,data-set-9-files-27,1,email
EFTA00717092.pdf,data-set-9-files-27,1,other
EFTA00717093.pdf,data-set-9-files-27,1,email
EFTA00717094.pdf,data-set-9-files-27,1,email
EFTA00717095.pdf,data-set-9-files-27,1,email
EFTA00717096.pdf,data-set-9-files-27,1,email
EFTA00717097.pdf,data-set-9-files-27,2,email
EFTA00717099.pdf,data-set-9-files-27,1,email
EFTA00717100.pdf,data-set-9-files-27,1,email
EFTA00717101.pdf,data-set-9-files-27,1,email
EFTA00717102.pdf,data-set-9-files-27,2,email
EFTA00717104.pdf,data-set-9-files-27,3,email
EFTA00717107.pdf,data-set-9-files-27,2,email
EFTA00717109.pdf,data-set-9-files-27,1,email
EFTA00717110.pdf,data-set-9-files-27,1,email
EFTA00717111.pdf,data-set-9-files-27,1,email
EFTA00717112.pdf,data-set-9-files-27,1,email
EFTA00717113.pdf,data-set-9-files-27,1,email
EFTA00717114.pdf,data-set-9-files-27,1,other
EFTA00717115.pdf,data-set-9-files-27,2,email
EFTA00717117.pdf,data-set-9-files-27,1,other
EFTA00717118.pdf,data-set-9-files-27,1,email
EFTA00717119.pdf,data-set-9-files-27,1,other
EFTA00717120.pdf,data-set-9-files-27,1,email
EFTA00717121.pdf,data-set-9-files-27,1,email
EFTA00717122.pdf,data-set-9-files-27,1,email
EFTA00717123.pdf,data-set-9-files-27,1,email
EFTA00717124.pdf,data-set-9-files-27,1,email
EFTA00717125.pdf,data-set-9-files-27,1,email
EFTA00717126.pdf,data-set-9-files-27,1,email
EFTA00717127.pdf,data-set-9-files-27,5,email
EFTA00717132.pdf,data-set-9-files-27,1,email
EFTA00717133.pdf,data-set-9-files-27,1,email
EFTA00717134.pdf,data-set-9-files-27,1,email
EFTA00717135.pdf,data-set-9-files-27,2,email
EFTA00717137.pdf,data-set-9-files-27,1,other
EFTA00717138.pdf,data-set-9-files-27,1,email
EFTA00717139.pdf,data-set-9-files-27,1,email
EFTA00717140.pdf,data-set-9-files-27,1,email
EFTA00717141.pdf,data-set-9-files-27,2,email
EFTA00717143.pdf,data-set-9-files-27,1,email
EFTA00717144.pdf,data-set-9-files-27,1,email
EFTA00717145.pdf,data-set-9-files-27,1,email
EFTA00717146.pdf,data-set-9-files-27,1,email
EFTA00717147.pdf,data-set-9-files-27,2,email
EFTA00717149.pdf,data-set-9-files-27,1,email
EFTA00717150.pdf,data-set-9-files-27,2,email
EFTA00717152.pdf,data-set-9-files-27,1,email
EFTA00717153.pdf,data-set-9-files-27,1,email
EFTA00717154.pdf,data-set-9-files-27,1,email
EFTA00717155.pdf,data-set-9-files-27,2,email
EFTA00717157.pdf,data-set-9-files-27,1,email
EFTA00717158.pdf,data-set-9-files-27,1,email
EFTA00717159.pdf,data-set-9-files-27,1,email
EFTA00717160.pdf,data-set-9-files-27,1,email
EFTA00717161.pdf,data-set-9-files-27,2,email
EFTA00717163.pdf,data-set-9-files-27,1,other
EFTA00717164.pdf,data-set-9-files-27,2,other
EFTA00717166.pdf,data-set-9-files-27,13,email
EFTA00717179.pdf,data-set-9-files-27,1,email
EFTA00717180.pdf,data-set-9-files-27,2,email
EFTA00717182.pdf,data-set-9-files-27,1,email
EFTA00717183.pdf,data-set-9-files-27,1,email
EFTA00717184.pdf,data-set-9-files-27,1,email
EFTA00717185.pdf,data-set-9-files-27,2,email
EFTA00717187.pdf,data-set-9-files-27,1,email
EFTA00717188.pdf,data-set-9-files-27,2,email
EFTA00717190.pdf,data-set-9-files-27,1,email
EFTA00717191.pdf,data-set-9-files-27,1,email
EFTA00717192.pdf,data-set-9-files-27,2,email
EFTA00717194.pdf,data-set-9-files-27,1,email
EFTA00717195.pdf,data-set-9-files-27,2,email
EFTA00717197.pdf,data-set-9-files-27,1,email
EFTA00717198.pdf,data-set-9-files-27,2,email
EFTA00717200.pdf,data-set-9-files-27,1,email
EFTA00717201.pdf,data-set-9-files-27,1,email
EFTA00717202.pdf,data-set-9-files-27,5,email
EFTA00717207.pdf,data-set-9-files-27,2,email
EFTA00717209.pdf,data-set-9-files-27,20,email
EFTA00717229.pdf,data-set-9-files-27,1,email
EFTA00717230.pdf,data-set-9-files-27,1,email
EFTA00717231.pdf,data-set-9-files-27,1,email
EFTA00717232.pdf,data-set-9-files-27,1,email
EFTA00717233.pdf,data-set-9-files-27,1,email
EFTA00717234.pdf,data-set-9-files-27,2,email
EFTA00717236.pdf,data-set-9-files-27,3,email
EFTA00717239.pdf,data-set-9-files-27,2,email
EFTA00717241.pdf,data-set-9-files-27,2,email
EFTA00717243.pdf,data-set-9-files-27,1,email
EFTA00717244.pdf,data-set-9-files-27,1,email
EFTA00717245.pdf,data-set-9-files-27,1,email
EFTA00717246.pdf,data-set-9-files-27,1,email
EFTA00717247.pdf,data-set-9-files-27,1,email
EFTA00717248.pdf,data-set-9-files-27,1,email
EFTA00717249.pdf,data-set-9-files-27,2,email
EFTA00717251.pdf,data-set-9-files-27,3,email
EFTA00717254.pdf,data-set-9-files-27,1,email
EFTA00717255.pdf,data-set-9-files-27,1,email
EFTA00717256.pdf,data-set-9-files-27,2,email
EFTA00717258.pdf,data-set-9-files-27,2,email
EFTA00717260.pdf,data-set-9-files-27,1,email
EFTA00717261.pdf,data-set-9-files-27,1,other
EFTA00717262.pdf,data-set-9-files-27,2,email
EFTA00717264.pdf,data-set-9-files-27,1,email
EFTA00717265.pdf,data-set-9-files-27,2,email
EFTA00717267.pdf,data-set-9-files-27,1,email
EFTA00717268.pdf,data-set-9-files-27,1,email
EFTA00717269.pdf,data-set-9-files-27,2,email
EFTA00717271.pdf,data-set-9-files-27,1,email
EFTA00717272.pdf,data-set-9-files-27,1,email
EFTA00717273.pdf,data-set-9-files-27,1,email
EFTA00717274.pdf,data-set-9-files-27,1,email
EFTA00717275.pdf,data-set-9-files-27,1,other
EFTA00717276.pdf,data-set-9-files-27,2,email
EFTA00717278.pdf,data-set-9-files-27,1,email
EFTA00717279.pdf,data-set-9-files-27,1,other
EFTA00717280.pdf,data-set-9-files-27,1,email
EFTA00717281.pdf,data-set-9-files-27,1,email
EFTA00717282.pdf,data-set-9-files-27,1,email
EFTA00717283.pdf,data-set-9-files-27,2,email
EFTA00717285.pdf,data-set-9-files-27,1,email
EFTA00717286.pdf,data-set-9-files-27,1,email
EFTA00717287.pdf,data-set-9-files-27,1,other
EFTA00717288.pdf,data-set-9-files-27,1,email
EFTA00717289.pdf,data-set-9-files-27,1,email
EFTA00717290.pdf,data-set-9-files-27,2,email
EFTA00717292.pdf,data-set-9-files-27,1,email
EFTA00717293.pdf,data-set-9-files-27,1,email
EFTA00717294.pdf,data-set-9-files-27,2,email
EFTA00717296.pdf,data-set-9-files-27,1,email
EFTA00717297.pdf,data-set-9-files-27,1,email
EFTA00717298.pdf,data-set-9-files-27,1,email
EFTA00717299.pdf,data-set-9-files-27,1,email
EFTA00717300.pdf,data-set-9-files-27,1,email
EFTA00717301.pdf,data-set-9-files-27,2,email
EFTA00717303.pdf,data-set-9-files-27,2,email
EFTA00717305.pdf,data-set-9-files-27,1,email
EFTA00717306.pdf,data-set-9-files-27,2,email
EFTA00717308.pdf,data-set-9-files-27,1,email
EFTA00717309.pdf,data-set-9-files-27,3,other
EFTA00717312.pdf,data-set-9-files-27,1,email
EFTA00717313.pdf,data-set-9-files-27,2,email
EFTA00717315.pdf,data-set-9-files-27,2,email
EFTA00717317.pdf,data-set-9-files-27,1,email
EFTA00717318.pdf,data-set-9-files-27,1,email
EFTA00717319.pdf,data-set-9-files-27,2,email
EFTA00717321.pdf,data-set-9-files-27,1,email
EFTA00717322.pdf,data-set-9-files-27,1,email
EFTA00717323.pdf,data-set-9-files-27,1,email
EFTA00717324.pdf,data-set-9-files-27,1,email
EFTA00717325.pdf,data-set-9-files-27,2,email
EFTA00717327.pdf,data-set-9-files-27,1,email
EFTA00717328.pdf,data-set-9-files-27,2,email
EFTA00717330.pdf,data-set-9-files-27,1,email
EFTA00717331.pdf,data-set-9-files-27,1,email
EFTA00717332.pdf,data-set-9-files-27,1,other
EFTA00717333.pdf,data-set-9-files-27,1,email
EFTA00717334.pdf,data-set-9-files-27,1,email
EFTA00717335.pdf,data-set-9-files-27,2,email
EFTA00717337.pdf,data-set-9-files-27,1,email
EFTA00717338.pdf,data-set-9-files-27,1,email
EFTA00717339.pdf,data-set-9-files-27,1,email
EFTA00717340.pdf,data-set-9-files-27,1,email
EFTA00717341.pdf,data-set-9-files-27,1,email
EFTA00717342.pdf,data-set-9-files-27,1,email
EFTA00717343.pdf,data-set-9-files-27,1,email
EFTA00717344.pdf,data-set-9-files-27,1,email
EFTA00717345.pdf,data-set-9-files-27,1,email
EFTA00717346.pdf,data-set-9-files-27,2,email
EFTA00717348.pdf,data-set-9-files-27,2,email
EFTA00717350.pdf,data-set-9-files-27,1,email
EFTA00717351.pdf,data-set-9-files-27,3,email
EFTA00717354.pdf,data-set-9-files-27,1,email
EFTA00717355.pdf,data-set-9-files-27,1,email
EFTA00717356.pdf,data-set-9-files-27,1,email
EFTA00717357.pdf,data-set-9-files-27,1,email
EFTA00717358.pdf,data-set-9-files-27,1,email
EFTA00717359.pdf,data-set-9-files-27,1,email
EFTA00717360.pdf,data-set-9-files-27,1,email
EFTA00717361.pdf,data-set-9-files-27,1,email
EFTA00717362.pdf,data-set-9-files-27,1,email
EFTA00717363.pdf,data-set-9-files-27,2,email
EFTA00717365.pdf,data-set-9-files-27,1,email
EFTA00717366.pdf,data-set-9-files-27,2,email
EFTA00717368.pdf,data-set-9-files-27,3,email
EFTA00717371.pdf,data-set-9-files-27,3,email
EFTA00717374.pdf,data-set-9-files-27,1,email
EFTA00717375.pdf,data-set-9-files-27,2,email
EFTA00717377.pdf,data-set-9-files-27,3,email
EFTA00717380.pdf,data-set-9-files-27,2,email
EFTA00717382.pdf,data-set-9-files-27,1,other
EFTA00717383.pdf,data-set-9-files-27,1,other
EFTA00717384.pdf,data-set-9-files-27,1,email
EFTA01239714.pdf,data-set-9-files-27,2,photo
EFTA01239716.pdf,data-set-9-files-27,1,other
EFTA01239717.pdf,data-set-9-files-27,1,photo
EFTA01239718.pdf,data-set-9-files-27,1,photo
EFTA01239719.pdf,data-set-9-files-27,1,photo
EFTA01239720.pdf,data-set-9-files-27,1,photo
EFTA01239721.pdf,data-set-9-files-27,1,photo
EFTA01239722.pdf,data-set-9-files-27,1,photo
EFTA01239723.pdf,data-set-9-files-27,1,photo
EFTA01239724.pdf,data-set-9-files-27,1,photo
EFTA01239725.pdf,data-set-9-files-27,1,photo
EFTA01239726.pdf,data-set-9-files-27,1,photo
EFTA01239727.pdf,data-set-9-files-27,1,photo
EFTA01239728.pdf,data-set-9-files-27,1,photo
EFTA01239729.pdf,data-set-9-files-27,1,photo
EFTA01239730.pdf,data-set-9-files-27,1,photo
EFTA01239731.pdf,data-set-9-files-27,1,photo
EFTA01239732.pdf,data-set-9-files-27,1,photo
EFTA01239733.pdf,data-set-9-files-27,1,photo
EFTA01239734.pdf,data-set-9-files-27,1,other
EFTA01239735.pdf,data-set-9-files-27,1,photo
EFTA01239736.pdf,data-set-9-files-27,1,photo
EFTA01239737.pdf,data-set-9-files-27,1,photo
EFTA01239738.pdf,data-set-9-files-27,1,photo
EFTA01239739.pdf,data-set-9-files-27,1,photo
EFTA01239740.pdf,data-set-9-files-27,1,photo
EFTA01239741.pdf,data-set-9-files-27,1,photo
EFTA01239742.pdf,data-set-9-files-27,1,photo
EFTA01239743.pdf,data-set-9-files-27,1,photo
EFTA01239744.pdf,data-set-9-files-27,1,photo
EFTA01239745.pdf,data-set-9-files-27,1,photo
EFTA01239746.pdf,data-set-9-files-27,1,photo
EFTA01239747.pdf,data-set-9-files-27,1,photo
EFTA01239748.pdf,data-set-9-files-27,1,photo
EFTA01239749.pdf,data-set-9-files-27,1,photo
EFTA01239750.pdf,data-set-9-files-27,1,photo
EFTA01239751.pdf,data-set-9-files-27,1,photo
EFTA01239752.pdf,data-set-9-files-27,2,photo
EFTA01239754.pdf,data-set-9-files-27,1,photo
EFTA01239755.pdf,data-set-9-files-27,1,photo
EFTA01239756.pdf,data-set-9-files-27,1,photo
EFTA01239757.pdf,data-set-9-files-27,1,photo
EFTA01239758.pdf,data-set-9-files-27,1,photo
EFTA01239759.pdf,data-set-9-files-27,1,photo
EFTA01239760.pdf,data-set-9-files-27,1,photo
EFTA01239761.pdf,data-set-9-files-27,1,photo
EFTA01239762.pdf,data-set-9-files-27,1,photo
EFTA01239763.pdf,data-set-9-files-27,1,photo
EFTA01239764.pdf,data-set-9-files-27,1,photo
EFTA01239765.pdf,data-set-9-files-27,1,other
EFTA01239766.pdf,data-set-9-files-27,1,other
EFTA01239767.pdf,data-set-9-files-27,1,photo
EFTA01239768.pdf,data-set-9-files-27,1,photo
EFTA01239769.pdf,data-set-9-files-27,1,photo
EFTA01239770.pdf,data-set-9-files-27,1,photo
EFTA01239771.pdf,data-set-9-files-27,1,photo
EFTA01239772.pdf,data-set-9-files-27,1,photo
EFTA01239773.pdf,data-set-9-files-27,1,photo
EFTA01239774.pdf,data-set-9-files-27,1,photo
EFTA01239775.pdf,data-set-9-files-27,1,photo
EFTA01239776.pdf,data-set-9-files-27,1,photo
EFTA01239777.pdf,data-set-9-files-27,1,photo
EFTA01239778.pdf,data-set-9-files-27,1,photo
EFTA01239779.pdf,data-set-9-files-27,1,photo
EFTA01239780.pdf,data-set-9-files-27,1,photo
EFTA01239781.pdf,data-set-9-files-27,1,photo
EFTA01239782.pdf,data-set-9-files-27,1,photo
EFTA01239783.pdf,data-set-9-files-27,1,photo
EFTA01239784.pdf,data-set-9-files-27,1,photo
EFTA01239785.pdf,data-set-9-files-27,1,photo
EFTA01239786.pdf,data-set-9-files-27,1,photo
EFTA01239787.pdf,data-set-9-files-27,1,photo
EFTA01239788.pdf,data-set-9-files-27,1,photo
EFTA01239789.pdf,data-set-9-files-27,1,photo
EFTA01239790.pdf,data-set-9-files-27,1,photo
EFTA01239791.pdf,data-set-9-files-27,1,other
EFTA01239792.pdf,data-set-9-files-27,1,photo
EFTA01239793.pdf,data-set-9-files-27,1,photo
EFTA01239794.pdf,data-set-9-files-27,1,photo
EFTA01239795.pdf,data-set-9-files-27,1,photo
EFTA01239796.pdf,data-set-9-files-27,1,photo
EFTA01239797.pdf,data-set-9-files-27,1,other
EFTA01239798.pdf,data-set-9-files-27,1,photo
EFTA01239799.pdf,data-set-9-files-27,1,photo
EFTA01239800.pdf,data-set-9-files-27,1,photo
EFTA01239801.pdf,data-set-9-files-27,1,photo
EFTA01239802.pdf,data-set-9-files-27,1,photo
EFTA01239803.pdf,data-set-9-files-27,1,photo
EFTA01239804.pdf,data-set-9-files-27,1,photo
EFTA01239805.pdf,data-set-9-files-27,1,photo
EFTA01239806.pdf,data-set-9-files-27,1,photo
EFTA01239807.pdf,data-set-9-files-27,1,photo
EFTA01239808.pdf,data-set-9-files-27,1,photo
EFTA01239809.pdf,data-set-9-files-27,1,other
EFTA01239810.pdf,data-set-9-files-27,1,photo
EFTA01239811.pdf,data-set-9-files-27,1,photo
EFTA01239812.pdf,data-set-9-files-27,1,photo
EFTA01239813.pdf,data-set-9-files-27,1,photo
EFTA01239814.pdf,data-set-9-files-27,1,photo
EFTA01239815.pdf,data-set-9-files-27,1,photo
EFTA01239816.pdf,data-set-9-files-27,1,photo
EFTA01239817.pdf,data-set-9-files-27,1,photo
EFTA01239818.pdf,data-set-9-files-27,1,photo
EFTA01239819.pdf,data-set-9-files-27,1,photo
EFTA01239820.pdf,data-set-9-files-27,1,photo
EFTA01239821.pdf,data-set-9-files-27,1,photo
EFTA01239822.pdf,data-set-9-files-27,1,photo
EFTA01239823.pdf,data-set-9-files-27,1,photo
EFTA01239824.pdf,data-set-9-files-27,1,photo
EFTA01239825.pdf,data-set-9-files-27,1,photo
EFTA01239826.pdf,data-set-9-files-27,1,photo
EFTA01239827.pdf,data-set-9-files-27,1,photo
EFTA01239828.pdf,data-set-9-files-27,1,photo
EFTA01239829.pdf,data-set-9-files-27,1,photo
EFTA01239830.pdf,data-set-9-files-27,1,photo
EFTA01239831.pdf,data-set-9-files-27,1,photo
EFTA01239832.pdf,data-set-9-files-27,1,photo
EFTA01239833.pdf,data-set-9-files-27,1,photo
EFTA01239834.pdf,data-set-9-files-27,1,photo
EFTA01239835.pdf,data-set-9-files-27,1,other
EFTA01239836.pdf,data-set-9-files-27,1,photo
EFTA01239837.pdf,data-set-9-files-27,1,photo
EFTA01239838.pdf,data-set-9-files-27,1,photo
EFTA01239839.pdf,data-set-9-files-27,1,photo
EFTA01239840.pdf,data-set-9-files-27,1,photo
EFTA01239841.pdf,data-set-9-files-27,1,other
EFTA01239842.pdf,data-set-9-files-27,1,photo
EFTA01239843.pdf,data-set-9-files-27,1,photo
EFTA01239844.pdf,data-set-9-files-27,1,photo
EFTA01239845.pdf,data-set-9-files-27,1,photo
EFTA01239846.pdf,data-set-9-files-27,1,photo
EFTA01239847.pdf,data-set-9-files-27,1,photo
EFTA01239848.pdf,data-set-9-files-27,1,photo
EFTA01239849.pdf,data-set-9-files-27,1,photo
EFTA01239850.pdf,data-set-9-files-27,1,photo
EFTA01239851.pdf,data-set-9-files-27,1,photo
EFTA01239852.pdf,data-set-9-files-27,1,photo
EFTA01239853.pdf,data-set-9-files-27,1,photo
EFTA01239854.pdf,data-set-9-files-27,1,photo
EFTA01239855.pdf,data-set-9-files-27,1,other
EFTA01239856.pdf,data-set-9-files-27,1,photo
EFTA01239857.pdf,data-set-9-files-27,1,photo
EFTA01239858.pdf,data-set-9-files-27,1,photo
EFTA01239859.pdf,data-set-9-files-27,1,photo
EFTA01239860.pdf,data-set-9-files-27,1,photo
EFTA01239861.pdf,data-set-9-files-27,1,photo
EFTA01239862.pdf,data-set-9-files-27,1,photo
EFTA01239863.pdf,data-set-9-files-27,1,photo
EFTA01239864.pdf,data-set-9-files-27,1,photo
EFTA01239865.pdf,data-set-9-files-27,1,photo
EFTA01239866.pdf,data-set-9-files-27,1,photo
EFTA01239867.pdf,data-set-9-files-27,1,photo
EFTA01239868.pdf,data-set-9-files-27,1,photo
EFTA01239869.pdf,data-set-9-files-27,1,photo
EFTA01239870.pdf,data-set-9-files-27,1,photo
EFTA01239871.pdf,data-set-9-files-27,1,other
EFTA01239871.png,data-set-9-files-27,1,corrupt
EFTA01239872.pdf,data-set-9-files-27,1,photo
EFTA01239873.pdf,data-set-9-files-27,1,photo
EFTA01239874.pdf,data-set-9-files-27,1,photo
EFTA01239875.pdf,data-set-9-files-27,1,photo
EFTA01239876.pdf,data-set-9-files-27,1,photo
EFTA01239877.pdf,data-set-9-files-27,1,photo
EFTA01239878.pdf,data-set-9-files-27,1,photo
EFTA01239879.pdf,data-set-9-files-27,1,photo
EFTA01239880.pdf,data-set-9-files-27,1,photo
EFTA01239881.pdf,data-set-9-files-27,1,photo
EFTA01239882.pdf,data-set-9-files-27,1,photo
EFTA01239883.pdf,data-set-9-files-27,1,photo
EFTA01239884.pdf,data-set-9-files-27,1,photo
EFTA01239885.pdf,data-set-9-files-27,1,photo
EFTA01239886.pdf,data-set-9-files-27,1,photo
EFTA01239887.pdf,data-set-9-files-27,1,photo
EFTA01239888.pdf,data-set-9-files-27,1,photo
EFTA01239889.pdf,data-set-9-files-27,1,photo
EFTA01239890.pdf,data-set-9-files-27,1,other
EFTA01239891.pdf,data-set-9-files-27,1,photo
EFTA01239892.pdf,data-set-9-files-27,1,photo
EFTA01239893.pdf,data-set-9-files-27,1,photo
EFTA01239894.pdf,data-set-9-files-27,1,photo
EFTA01239895.pdf,data-set-9-files-27,1,photo
EFTA01239896.pdf,data-set-9-files-27,1,photo
EFTA01239897.pdf,data-set-9-files-27,1,photo
EFTA01239898.pdf,data-set-9-files-27,1,photo
EFTA01239899.pdf,data-set-9-files-27,1,photo
EFTA01239900.pdf,data-set-9-files-27,1,other
EFTA01239901.pdf,data-set-9-files-27,1,photo
EFTA01239902.pdf,data-set-9-files-27,1,photo
EFTA01239903.pdf,data-set-9-files-27,1,photo
EFTA01239904.pdf,data-set-9-files-27,1,other
EFTA01239905.pdf,data-set-9-files-27,1,photo
EFTA01239906.pdf,data-set-9-files-27,1,photo
EFTA01239907.pdf,data-set-9-files-27,1,photo
EFTA01239908.pdf,data-set-9-files-27,1,photo
EFTA01239909.pdf,data-set-9-files-27,1,other
EFTA01239910.pdf,data-set-9-files-27,1,photo
EFTA01239911.pdf,data-set-9-files-27,1,photo
EFTA01239912.pdf,data-set-9-files-27,1,other
EFTA01239913.pdf,data-set-9-files-27,1,other
EFTA01239914.pdf,data-set-9-files-27,1,photo
EFTA01239915.pdf,data-set-9-files-27,1,photo
EFTA01239916.pdf,data-set-9-files-27,1,photo
EFTA01239917.pdf,data-set-9-files-27,1,photo
EFTA01239918.pdf,data-set-9-files-27,1,photo
EFTA01239919.pdf,data-set-9-files-27,1,photo
EFTA01239920.pdf,data-set-9-files-27,1,photo
EFTA01239921.pdf,data-set-9-files-27,1,other
EFTA01239922.pdf,data-set-9-files-27,1,photo
EFTA01239923.pdf,data-set-9-files-27,1,other
EFTA01239924.pdf,data-set-9-files-27,1,photo
EFTA01239925.pdf,data-set-9-files-27,1,photo
EFTA01239926.pdf,data-set-9-files-27,1,photo
EFTA01239927.pdf,data-set-9-files-27,1,photo
EFTA01239928.pdf,data-set-9-files-27,1,other
EFTA01239929.pdf,data-set-9-files-27,1,photo
EFTA01239930.pdf,data-set-9-files-27,1,photo
EFTA01239931.pdf,data-set-9-files-27,1,photo
EFTA01239932.pdf,data-set-9-files-27,1,photo
EFTA01239933.pdf,data-set-9-files-27,1,photo
EFTA01239934.pdf,data-set-9-files-27,1,photo
EFTA01239935.pdf,data-set-9-files-27,1,photo
EFTA01239936.pdf,data-set-9-files-27,1,photo
EFTA01239937.pdf,data-set-9-files-27,1,other
EFTA01239938.pdf,data-set-9-files-27,1,photo
EFTA01239939.pdf,data-set-9-files-27,1,other
EFTA01239940.pdf,data-set-9-files-27,1,other
EFTA01239941.pdf,data-set-9-files-27,1,photo
EFTA01239942.pdf,data-set-9-files-27,1,other
EFTA01239943.pdf,data-set-9-files-27,1,photo
EFTA01239944.pdf,data-set-9-files-27,1,photo
EFTA01239945.pdf,data-set-9-files-27,1,photo
EFTA01239946.pdf,data-set-9-files-27,1,photo
EFTA01239947.pdf,data-set-9-files-27,1,photo
EFTA01239948.pdf,data-set-9-files-27,1,photo
EFTA01239949.pdf,data-set-9-files-27,1,other
EFTA01239950.pdf,data-set-9-files-27,1,photo
EFTA01239951.pdf,data-set-9-files-27,1,photo
EFTA01239952.pdf,data-set-9-files-27,1,photo
EFTA01239953.pdf,data-set-9-files-27,1,photo
EFTA01239954.pdf,data-set-9-files-27,1,photo
EFTA01239955.pdf,data-set-9-files-27,1,photo
EFTA01239956.pdf,data-set-9-files-27,1,photo
EFTA01239957.pdf,data-set-9-files-27,1,other
EFTA01239958.pdf,data-set-9-files-27,1,photo
EFTA01239959.pdf,data-set-9-files-27,1,photo
EFTA01239960.pdf,data-set-9-files-27,1,photo
EFTA01239961.pdf,data-set-9-files-27,1,photo
EFTA01239962.pdf,data-set-9-files-27,1,photo
EFTA01239963.pdf,data-set-9-files-27,1,photo
EFTA01239964.pdf,data-set-9-files-27,1,photo
EFTA01239965.pdf,data-set-9-files-27,1,photo
EFTA01239966.pdf,data-set-9-files-27,1,other
EFTA01239967.pdf,data-set-9-files-27,1,photo
EFTA01239968.pdf,data-set-9-files-27,1,photo
EFTA01239969.pdf,data-set-9-files-27,1,photo
EFTA01239970.pdf,data-set-9-files-27,1,photo
EFTA01239971.pdf,data-set-9-files-27,1,photo
EFTA01239972.pdf,data-set-9-files-27,1,photo
EFTA01239973.pdf,data-set-9-files-27,1,photo
EFTA01239974.pdf,data-set-9-files-27,1,photo
EFTA01239975.pdf,data-set-9-files-27,1,photo
EFTA01239976.pdf,data-set-9-files-27,1,photo
EFTA01239977.pdf,data-set-9-files-27,1,photo
EFTA01239978.pdf,data-set-9-files-27,1,photo
EFTA01239979.pdf,data-set-9-files-27,1,photo
EFTA01239980.pdf,data-set-9-files-27,1,photo
EFTA01239981.pdf,data-set-9-files-27,1,photo
EFTA01239982.pdf,data-set-9-files-27,1,other
EFTA01239983.pdf,data-set-9-files-27,1,photo
EFTA01239984.pdf,data-set-9-files-27,1,photo
EFTA01239985.pdf,data-set-9-files-27,1,photo
EFTA01239986.pdf,data-set-9-files-27,1,photo
EFTA01239987.pdf,data-set-9-files-27,1,photo
EFTA01239988.pdf,data-set-9-files-27,1,photo
EFTA01239989.pdf,data-set-9-files-27,1,photo
EFTA01239990.pdf,data-set-9-files-27,1,other
EFTA01239991.pdf,data-set-9-files-27,1,photo
EFTA01239992.pdf,data-set-9-files-27,1,other
EFTA01239993.pdf,data-set-9-files-27,1,photo
EFTA01239994.pdf,data-set-9-files-27,1,photo
EFTA01239995.pdf,data-set-9-files-27,1,photo
EFTA01239996.pdf,data-set-9-files-27,1,photo
EFTA01239997.pdf,data-set-9-files-27,1,photo
EFTA01239998.pdf,data-set-9-files-27,1,photo
EFTA01239999.pdf,data-set-9-files-27,1,photo
EFTA01240000.pdf,data-set-9-files-27,1,photo
EFTA01240001.pdf,data-set-9-files-27,1,photo
EFTA01240002.pdf,data-set-9-files-27,1,other
EFTA01240003.pdf,data-set-9-files-27,1,photo
EFTA01240004.pdf,data-set-9-files-27,1,other
EFTA01240005.pdf,data-set-9-files-27,1,photo
EFTA01240006.pdf,data-set-9-files-27,1,photo
EFTA01240007.pdf,data-set-9-files-27,1,other
EFTA01240008.pdf,data-set-9-files-27,1,photo
EFTA01240009.pdf,data-set-9-files-27,1,photo
EFTA01240010.pdf,data-set-9-files-27,1,photo
EFTA01240011.pdf,data-set-9-files-27,1,photo
EFTA01240012.pdf,data-set-9-files-27,1,photo
EFTA01240013.pdf,data-set-9-files-27,1,photo
EFTA01240014.pdf,data-set-9-files-27,1,photo
EFTA01240015.pdf,data-set-9-files-27,1,photo
EFTA01240016.pdf,data-set-9-files-27,1,other
EFTA01240017.pdf,data-set-9-files-27,1,photo
EFTA01240018.pdf,data-set-9-files-27,1,other
EFTA01240019.pdf,data-set-9-files-27,1,other
EFTA01240020.pdf,data-set-9-files-27,1,photo
EFTA01240021.pdf,data-set-9-files-27,1,photo
EFTA01240022.pdf,data-set-9-files-27,1,photo
EFTA01240023.pdf,data-set-9-files-27,1,other
EFTA01240024.pdf,data-set-9-files-27,1,photo
EFTA01240025.pdf,data-set-9-files-27,1,photo
EFTA01240026.pdf,data-set-9-files-27,1,other
EFTA01240027.pdf,data-set-9-files-27,1,photo
EFTA01240028.pdf,data-set-9-files-27,1,photo
EFTA01240029.pdf,data-set-9-files-27,1,photo
EFTA01240030.pdf,data-set-9-files-27,1,other
EFTA01240031.pdf,data-set-9-files-27,1,photo
EFTA01240032.pdf,data-set-9-files-27,1,other
EFTA01240033.pdf,data-set-9-files-27,1,other
EFTA01240034.pdf,data-set-9-files-27,1,other
EFTA01240035.pdf,data-set-9-files-27,1,photo
EFTA01240036.pdf,data-set-9-files-27,1,photo
EFTA01240037.pdf,data-set-9-files-27,1,photo
EFTA01240038.pdf,data-set-9-files-27,1,photo
EFTA01240039.pdf,data-set-9-files-27,1,photo
EFTA01240040.pdf,data-set-9-files-27,1,other
EFTA01240041.pdf,data-set-9-files-27,1,photo
EFTA01240042.pdf,data-set-9-files-27,1,photo
EFTA01240043.pdf,data-set-9-files-27,1,photo
EFTA01240044.pdf,data-set-9-files-27,1,photo
EFTA01240045.pdf,data-set-9-files-27,1,other
EFTA01240046.pdf,data-set-9-files-27,1,photo
EFTA01240047.pdf,data-set-9-files-27,1,other
EFTA01240048.pdf,data-set-9-files-27,1,photo
EFTA01240049.pdf,data-set-9-files-27,1,other
EFTA01240050.pdf,data-set-9-files-27,1,photo
EFTA01240051.pdf,data-set-9-files-27,1,photo
EFTA01240052.pdf,data-set-9-files-27,1,photo
EFTA01240053.pdf,data-set-9-files-27,1,other
EFTA01240054.pdf,data-set-9-files-27,1,other
EFTA01240055.pdf,data-set-9-files-27,1,photo
EFTA01240056.pdf,data-set-9-files-27,1,photo
EFTA01240057.pdf,data-set-9-files-27,1,photo
EFTA01240058.pdf,data-set-9-files-27,1,photo
EFTA01240059.pdf,data-set-9-files-27,1,photo
EFTA01240060.pdf,data-set-9-files-27,1,photo
EFTA01240061.pdf,data-set-9-files-27,1,photo
EFTA01240062.pdf,data-set-9-files-27,1,photo
EFTA01240063.pdf,data-set-9-files-27,1,photo
EFTA01240064.pdf,data-set-9-files-27,1,photo
EFTA01240065.pdf,data-set-9-files-27,1,photo
EFTA01240066.pdf,data-set-9-files-27,1,photo
EFTA01240067.pdf,data-set-9-files-27,1,photo
EFTA01240068.pdf,data-set-9-files-27,1,other
EFTA01240069.pdf,data-set-9-files-27,1,other
EFTA01240070.pdf,data-set-9-files-27,1,photo
EFTA01240071.pdf,data-set-9-files-27,1,other
EFTA01240072.pdf,data-set-9-files-27,1,other
EFTA01240073.pdf,data-set-9-files-27,1,other
EFTA01240074.pdf,data-set-9-files-27,1,photo
EFTA01240075.pdf,data-set-9-files-27,1,photo
EFTA01240076.pdf,data-set-9-files-27,1,photo
EFTA01240077.pdf,data-set-9-files-27,1,photo
EFTA01240078.pdf,data-set-9-files-27,1,other
EFTA01240079.pdf,data-set-9-files-27,1,photo
EFTA01240080.pdf,data-set-9-files-27,1,photo
EFTA01240081.pdf,data-set-9-files-27,1,photo
EFTA01240082.pdf,data-set-9-files-27,1,other
EFTA01240083.pdf,data-set-9-files-27,1,photo
EFTA01240084.pdf,data-set-9-files-27,1,photo
EFTA01240085.pdf,data-set-9-files-27,1,photo
EFTA01240086.pdf,data-set-9-files-27,1,photo
EFTA01240087.pdf,data-set-9-files-27,1,other
EFTA01240088.pdf,data-set-9-files-27,1,other
EFTA01240089.pdf,data-set-9-files-27,1,other
EFTA01240090.pdf,data-set-9-files-27,1,photo
EFTA01240091.pdf,data-set-9-files-27,1,other
EFTA01240092.pdf,data-set-9-files-27,1,other
EFTA01240093.pdf,data-set-9-files-27,1,other
EFTA01240094.pdf,data-set-9-files-27,1,photo
EFTA01240095.pdf,data-set-9-files-27,1,other
EFTA01240096.pdf,data-set-9-files-27,1,photo
EFTA01240097.pdf,data-set-9-files-27,1,photo
EFTA01240098.pdf,data-set-9-files-27,1,other
EFTA01240099.pdf,data-set-9-files-27,1,photo
EFTA01240100.pdf,data-set-9-files-27,1,photo
EFTA01240101.pdf,data-set-9-files-27,1,photo
EFTA01240102.pdf,data-set-9-files-27,1,photo
EFTA01240103.pdf,data-set-9-files-27,1,photo
EFTA01240104.pdf,data-set-9-files-27,1,photo
EFTA01240105.pdf,data-set-9-files-27,1,photo
EFTA01240106.pdf,data-set-9-files-27,1,photo
EFTA01240107.pdf,data-set-9-files-27,1,photo
EFTA01240108.pdf,data-set-9-files-27,1,photo
EFTA01240109.pdf,data-set-9-files-27,1,other
EFTA01240110.pdf,data-set-9-files-27,1,other
EFTA01240111.pdf,data-set-9-files-27,1,photo
EFTA01240112.pdf,data-set-9-files-27,1,photo
EFTA01240113.pdf,data-set-9-files-27,1,photo
EFTA01240114.pdf,data-set-9-files-27,1,photo
EFTA01240115.pdf,data-set-9-files-27,1,other
EFTA01240116.pdf,data-set-9-files-27,1,photo
EFTA01240117.pdf,data-set-9-files-27,1,photo
EFTA01240118.pdf,data-set-9-files-27,1,other
EFTA01240119.pdf,data-set-9-files-27,1,photo
EFTA01240120.pdf,data-set-9-files-27,1,photo
EFTA01240121.pdf,data-set-9-files-27,1,photo
EFTA01240122.pdf,data-set-9-files-27,1,photo
EFTA01240123.pdf,data-set-9-files-27,1,other
EFTA01240124.pdf,data-set-9-files-27,1,photo
EFTA01240125.pdf,data-set-9-files-27,1,photo
EFTA01240126.pdf,data-set-9-files-27,1,photo
EFTA01240127.pdf,data-set-9-files-27,1,photo
EFTA01240128.pdf,data-set-9-files-27,1,other
EFTA01240129.pdf,data-set-9-files-27,1,other
EFTA01240130.pdf,data-set-9-files-27,1,other
EFTA01240131.pdf,data-set-9-files-27,1,photo
EFTA01240132.pdf,data-set-9-files-27,1,other
EFTA01240133.pdf,data-set-9-files-27,1,photo
EFTA01240134.pdf,data-set-9-files-27,1,other
EFTA01240135.pdf,data-set-9-files-27,1,photo
EFTA01240136.pdf,data-set-9-files-27,1,other
EFTA01240137.pdf,data-set-9-files-27,1,photo
EFTA01240138.pdf,data-set-9-files-27,1,other
EFTA01240139.pdf,data-set-9-files-27,1,photo
EFTA01240140.pdf,data-set-9-files-27,1,photo
EFTA01240141.pdf,data-set-9-files-27,1,photo
EFTA01240142.pdf,data-set-9-files-27,1,photo
EFTA01240143.pdf,data-set-9-files-27,1,photo
EFTA01240144.pdf,data-set-9-files-27,1,photo
EFTA01240145.pdf,data-set-9-files-27,1,photo
EFTA01240146.pdf,data-set-9-files-27,1,photo
EFTA01240147.pdf,data-set-9-files-27,1,photo
EFTA01240148.pdf,data-set-9-files-27,1,photo
EFTA01240149.pdf,data-set-9-files-27,1,other
EFTA01240150.pdf,data-set-9-files-27,1,photo
EFTA01240151.pdf,data-set-9-files-27,1,photo
EFTA01240152.pdf,data-set-9-files-27,1,photo
EFTA01240153.pdf,data-set-9-files-27,1,photo
EFTA01240154.pdf,data-set-9-files-27,1,photo
EFTA01240155.pdf,data-set-9-files-27,1,other
EFTA01240156.pdf,data-set-9-files-27,1,photo
EFTA01240157.pdf,data-set-9-files-27,1,other
EFTA01240158.pdf,data-set-9-files-27,1,photo
EFTA01240159.pdf,data-set-9-files-27,1,other
EFTA01240160.pdf,data-set-9-files-27,1,photo
EFTA01240161.pdf,data-set-9-files-27,1,photo
EFTA01240162.pdf,data-set-9-files-27,1,other
EFTA01240163.pdf,data-set-9-files-27,1,photo
EFTA01240164.pdf,data-set-9-files-27,1,photo
EFTA01240165.pdf,data-set-9-files-27,1,photo
EFTA01240166.pdf,data-set-9-files-27,1,photo
EFTA01240167.pdf,data-set-9-files-27,1,photo
EFTA01240168.pdf,data-set-9-files-27,1,photo
EFTA01240169.pdf,data-set-9-files-27,1,photo
EFTA01240170.pdf,data-set-9-files-27,1,photo
EFTA01240171.pdf,data-set-9-files-27,1,photo
EFTA01240172.pdf,data-set-9-files-27,1,photo
EFTA01240173.pdf,data-set-9-files-27,1,photo
EFTA01240174.pdf,data-set-9-files-27,1,photo
EFTA01240175.pdf,data-set-9-files-27,1,photo
EFTA01240176.pdf,data-set-9-files-27,1,photo
EFTA01240177.pdf,data-set-9-files-27,1,photo
EFTA01240178.pdf,data-set-9-files-27,1,photo
EFTA01240179.pdf,data-set-9-files-27,1,photo
EFTA01240180.pdf,data-set-9-files-27,1,photo
EFTA01240181.pdf,data-set-9-files-27,1,photo
EFTA01240182.pdf,data-set-9-files-27,1,photo
EFTA01240183.pdf,data-set-9-files-27,1,photo
EFTA01240184.pdf,data-set-9-files-27,1,photo
EFTA01240185.pdf,data-set-9-files-27,1,photo
EFTA01240186.pdf,data-set-9-files-27,1,photo
EFTA01240187.pdf,data-set-9-files-27,1,photo
EFTA01240188.pdf,data-set-9-files-27,1,photo
EFTA01240189.pdf,data-set-9-files-27,1,photo
EFTA01240190.pdf,data-set-9-files-27,1,photo
EFTA01240191.pdf,data-set-9-files-27,1,photo
EFTA01240192.pdf,data-set-9-files-27,1,photo
EFTA01240193.pdf,data-set-9-files-27,1,photo
EFTA01240194.pdf,data-set-9-files-27,1,photo
EFTA01240195.pdf,data-set-9-files-27,1,photo
EFTA01240196.pdf,data-set-9-files-27,1,other
EFTA01240197.pdf,data-set-9-files-27,1,other
EFTA01240198.pdf,data-set-9-files-27,1,photo
EFTA01240199.pdf,data-set-9-files-27,1,photo
EFTA01240200.pdf,data-set-9-files-27,1,photo
EFTA01240201.pdf,data-set-9-files-27,1,photo
EFTA01240202.pdf,data-set-9-files-27,1,photo
EFTA01240203.pdf,data-set-9-files-27,1,photo
EFTA01240204.pdf,data-set-9-files-27,1,photo
EFTA01240205.pdf,data-set-9-files-27,1,photo
EFTA01240206.pdf,data-set-9-files-27,1,other
EFTA01240207.pdf,data-set-9-files-27,1,photo
EFTA01240208.pdf,data-set-9-files-27,1,photo
EFTA01240209.pdf,data-set-9-files-27,1,photo
EFTA01240210.pdf,data-set-9-files-27,1,other
EFTA01240211.pdf,data-set-9-files-27,1,photo
EFTA01240212.pdf,data-set-9-files-27,1,photo
EFTA01240213.pdf,data-set-9-files-27,1,photo
EFTA01240214.pdf,data-set-9-files-27,1,other
EFTA01240215.pdf,data-set-9-files-27,1,photo
EFTA01240216.pdf,data-set-9-files-27,1,other
EFTA01240217.pdf,data-set-9-files-27,1,other
EFTA01240218.pdf,data-set-9-files-27,1,photo
EFTA01240219.pdf,data-set-9-files-27,1,photo
EFTA01240220.pdf,data-set-9-files-27,1,photo
EFTA01240221.pdf,data-set-9-files-27,1,other
EFTA01240222.pdf,data-set-9-files-27,1,photo
EFTA01240223.pdf,data-set-9-files-27,1,photo
EFTA01240224.pdf,data-set-9-files-27,1,other
EFTA01240225.pdf,data-set-9-files-27,1,photo
EFTA01240226.pdf,data-set-9-files-27,1,photo
EFTA01240227.pdf,data-set-9-files-27,1,photo
EFTA01240228.pdf,data-set-9-files-27,1,other
EFTA01240229.pdf,data-set-9-files-27,1,other
EFTA01240230.pdf,data-set-9-files-27,1,photo
EFTA01240231.pdf,data-set-9-files-27,1,other
EFTA01240232.pdf,data-set-9-files-27,1,other
EFTA01240233.pdf,data-set-9-files-27,1,photo
EFTA01240234.pdf,data-set-9-files-27,1,photo
EFTA01240235.pdf,data-set-9-files-27,1,other
EFTA01240236.pdf,data-set-9-files-27,1,photo
EFTA01240237.pdf,data-set-9-files-27,1,other
EFTA01240238.pdf,data-set-9-files-27,1,photo
EFTA01240239.pdf,data-set-9-files-27,1,other
EFTA01240240.pdf,data-set-9-files-27,1,photo
EFTA01240241.pdf,data-set-9-files-27,1,photo
EFTA01240242.pdf,data-set-9-files-27,1,photo
EFTA01240243.pdf,data-set-9-files-27,1,photo
EFTA01240244.pdf,data-set-9-files-27,1,photo
EFTA01240245.pdf,data-set-9-files-27,1,photo
EFTA01240246.pdf,data-set-9-files-27,1,photo
EFTA01240247.pdf,data-set-9-files-27,1,photo
EFTA01240248.pdf,data-set-9-files-27,1,other
EFTA01240249.pdf,data-set-9-files-27,1,photo
EFTA01240250.pdf,data-set-9-files-27,1,photo
EFTA01240251.pdf,data-set-9-files-27,1,photo
EFTA01240252.pdf,data-set-9-files-27,1,photo
EFTA01240253.pdf,data-set-9-files-27,1,photo
EFTA01240254.pdf,data-set-9-files-27,1,other
EFTA01240255.pdf,data-set-9-files-27,1,photo
EFTA01240256.pdf,data-set-9-files-27,1,other
EFTA01240257.pdf,data-set-9-files-27,1,other
EFTA01240258.pdf,data-set-9-files-27,1,photo
EFTA01240259.pdf,data-set-9-files-27,1,photo
EFTA01240260.pdf,data-set-9-files-27,1,other
EFTA01240261.pdf,data-set-9-files-27,1,photo
EFTA01240262.pdf,data-set-9-files-27,1,other
EFTA01240263.pdf,data-set-9-files-27,1,photo
EFTA01240264.pdf,data-set-9-files-27,1,photo
EFTA01240265.pdf,data-set-9-files-27,1,other
EFTA01240266.pdf,data-set-9-files-27,1,photo
EFTA01240267.pdf,data-set-9-files-27,1,other
EFTA01240268.pdf,data-set-9-files-27,1,photo
EFTA01240269.pdf,data-set-9-files-27,1,photo
EFTA01240270.pdf,data-set-9-files-27,1,photo
EFTA01240271.pdf,data-set-9-files-27,1,photo
EFTA01240272.pdf,data-set-9-files-27,1,photo
EFTA01240273.pdf,data-set-9-files-27,1,other
EFTA01240274.pdf,data-set-9-files-27,1,photo
EFTA01240275.pdf,data-set-9-files-27,1,photo
EFTA01240276.pdf,data-set-9-files-27,1,photo
EFTA01240277.pdf,data-set-9-files-27,1,photo
EFTA01240278.pdf,data-set-9-files-27,1,other
EFTA01240279.pdf,data-set-9-files-27,1,photo
EFTA01240280.pdf,data-set-9-files-27,1,other
EFTA01240281.pdf,data-set-9-files-27,1,other
EFTA01240282.pdf,data-set-9-files-27,1,photo
EFTA01240283.pdf,data-set-9-files-27,1,photo
EFTA01240284.pdf,data-set-9-files-27,1,photo
EFTA01240285.pdf,data-set-9-files-27,1,other
EFTA01240286.pdf,data-set-9-files-27,1,photo
EFTA01240287.pdf,data-set-9-files-27,1,photo
EFTA01240288.pdf,data-set-9-files-27,1,photo
EFTA01240289.pdf,data-set-9-files-27,1,photo
EFTA01240290.pdf,data-set-9-files-27,1,photo
EFTA01240291.pdf,data-set-9-files-27,1,photo
EFTA01240292.pdf,data-set-9-files-27,1,photo
EFTA01240293.pdf,data-set-9-files-27,1,other
EFTA01240294.pdf,data-set-9-files-27,1,photo
EFTA01240295.pdf,data-set-9-files-27,1,photo
EFTA01240296.pdf,data-set-9-files-27,1,photo
EFTA01240297.pdf,data-set-9-files-27,1,photo
EFTA01240298.pdf,data-set-9-files-27,1,photo
EFTA01240299.pdf,data-set-9-files-27,1,photo
EFTA01240300.pdf,data-set-9-files-27,1,photo
EFTA01240301.pdf,data-set-9-files-27,1,photo
EFTA01240302.pdf,data-set-9-files-27,1,photo
EFTA01240303.pdf,data-set-9-files-27,1,photo
EFTA01240304.pdf,data-set-9-files-27,1,photo
EFTA01240305.pdf,data-set-9-files-27,1,photo
EFTA01240306.pdf,data-set-9-files-27,1,photo
EFTA01240307.pdf,data-set-9-files-27,1,photo
EFTA01240308.pdf,data-set-9-files-27,1,photo
EFTA01240309.pdf,data-set-9-files-27,1,photo
EFTA01240310.pdf,data-set-9-files-27,1,photo
EFTA01240311.pdf,data-set-9-files-27,1,photo
EFTA01240312.pdf,data-set-9-files-27,1,photo
EFTA01240313.pdf,data-set-9-files-27,1,photo
EFTA01240314.pdf,data-set-9-files-27,1,photo
EFTA01240315.pdf,data-set-9-files-27,1,photo
EFTA01240316.pdf,data-set-9-files-27,1,photo
EFTA01240317.pdf,data-set-9-files-27,1,photo
EFTA01240318.pdf,data-set-9-files-27,1,photo
EFTA01240319.pdf,data-set-9-files-27,1,photo
EFTA01240320.pdf,data-set-9-files-27,1,photo
EFTA01240321.pdf,data-set-9-files-27,1,other
EFTA01240322.pdf,data-set-9-files-27,1,photo
EFTA01240323.pdf,data-set-9-files-27,1,photo
EFTA01240324.pdf,data-set-9-files-27,1,other
EFTA01240325.pdf,data-set-9-files-27,1,photo
EFTA01240326.pdf,data-set-9-files-27,1,photo
EFTA01240327.pdf,data-set-9-files-27,1,other
EFTA01240327.png,data-set-9-files-27,1,corrupt
EFTA01240328.pdf,data-set-9-files-27,1,other
EFTA01240329.pdf,data-set-9-files-27,1,photo
EFTA01240330.pdf,data-set-9-files-27,1,photo
EFTA01240331.pdf,data-set-9-files-27,1,photo
EFTA01240332.pdf,data-set-9-files-27,1,photo
EFTA01240333.pdf,data-set-9-files-27,1,photo
EFTA01240334.pdf,data-set-9-files-27,1,photo
EFTA01240335.pdf,data-set-9-files-27,1,photo
EFTA01240336.pdf,data-set-9-files-27,1,photo
EFTA01240337.pdf,data-set-9-files-27,1,photo
EFTA01240338.pdf,data-set-9-files-27,1,photo
EFTA01240339.pdf,data-set-9-files-27,1,photo
EFTA01240340.pdf,data-set-9-files-27,1,photo
EFTA01240341.pdf,data-set-9-files-27,1,photo
EFTA01240342.pdf,data-set-9-files-27,1,photo
EFTA01240343.pdf,data-set-9-files-27,1,other
EFTA01240344.pdf,data-set-9-files-27,1,other
EFTA01240345.pdf,data-set-9-files-27,1,photo
EFTA01240346.pdf,data-set-9-files-27,1,photo
EFTA01240347.pdf,data-set-9-files-27,1,other
EFTA01240348.pdf,data-set-9-files-27,1,other
EFTA01240349.pdf,data-set-9-files-27,1,photo
EFTA01240350.pdf,data-set-9-files-27,1,photo
EFTA01240351.pdf,data-set-9-files-27,1,photo
EFTA01240352.pdf,data-set-9-files-27,1,photo
EFTA01240353.pdf,data-set-9-files-27,1,photo
EFTA01240354.pdf,data-set-9-files-27,1,photo
EFTA01240355.pdf,data-set-9-files-27,1,other
EFTA01240356.pdf,data-set-9-files-27,1,other
EFTA01240357.pdf,data-set-9-files-27,1,other
EFTA01240358.pdf,data-set-9-files-27,1,photo
EFTA01240359.pdf,data-set-9-files-27,1,photo
EFTA01240360.pdf,data-set-9-files-27,1,photo
EFTA01240361.pdf,data-set-9-files-27,1,photo
EFTA01240362.pdf,data-set-9-files-27,1,other
EFTA01240363.pdf,data-set-9-files-27,1,photo
EFTA01240364.pdf,data-set-9-files-27,1,other
EFTA01240365.pdf,data-set-9-files-27,1,photo
EFTA01240366.pdf,data-set-9-files-27,1,other
EFTA01240367.pdf,data-set-9-files-27,1,other
EFTA01240368.pdf,data-set-9-files-27,1,photo
EFTA01240369.pdf,data-set-9-files-27,1,other
EFTA01240370.pdf,data-set-9-files-27,1,photo
EFTA01240371.pdf,data-set-9-files-27,1,photo
EFTA01240372.pdf,data-set-9-files-27,1,photo
EFTA01240373.pdf,data-set-9-files-27,1,photo
EFTA01240374.pdf,data-set-9-files-27,1,photo
EFTA01240375.pdf,data-set-9-files-27,1,photo
EFTA01240376.pdf,data-set-9-files-27,1,other
EFTA01240377.pdf,data-set-9-files-27,1,photo
EFTA01240378.pdf,data-set-9-files-27,1,other
EFTA01240379.pdf,data-set-9-files-27,1,photo
EFTA01240380.pdf,data-set-9-files-27,1,other
EFTA01240381.pdf,data-set-9-files-27,1,photo
EFTA01240382.pdf,data-set-9-files-27,1,photo
EFTA01240383.pdf,data-set-9-files-27,1,photo
EFTA01240384.pdf,data-set-9-files-27,1,other
EFTA01240385.pdf,data-set-9-files-27,1,other
EFTA01240386.pdf,data-set-9-files-27,1,photo
EFTA01240387.pdf,data-set-9-files-27,1,photo
EFTA01240388.pdf,data-set-9-files-27,1,photo
EFTA01240389.pdf,data-set-9-files-27,1,photo
EFTA01240390.pdf,data-set-9-files-27,1,photo
EFTA01240391.pdf,data-set-9-files-27,1,photo
EFTA01240392.pdf,data-set-9-files-27,1,photo
EFTA01240393.pdf,data-set-9-files-27,1,photo
EFTA01240394.pdf,data-set-9-files-27,1,photo
EFTA01240395.pdf,data-set-9-files-27,1,photo
EFTA01240396.pdf,data-set-9-files-27,1,photo
EFTA01240397.pdf,data-set-9-files-27,1,photo
EFTA01240398.pdf,data-set-9-files-27,1,photo
EFTA01240399.pdf,data-set-9-files-27,1,photo
EFTA01240400.pdf,data-set-9-files-27,1,photo
EFTA01240401.pdf,data-set-9-files-27,1,photo
EFTA01240402.pdf,data-set-9-files-27,1,photo
EFTA01240403.pdf,data-set-9-files-27,1,photo
EFTA01240404.pdf,data-set-9-files-27,1,photo
EFTA01240405.pdf,data-set-9-files-27,1,photo
EFTA01240406.pdf,data-set-9-files-27,1,photo
EFTA01240407.pdf,data-set-9-files-27,1,photo
EFTA01240408.pdf,data-set-9-files-27,1,other
EFTA01240409.pdf,data-set-9-files-27,1,photo
EFTA01240410.pdf,data-set-9-files-27,1,photo
EFTA01240411.pdf,data-set-9-files-27,1,other
EFTA01240412.pdf,data-set-9-files-27,1,other
EFTA01240413.pdf,data-set-9-files-27,1,photo
EFTA01240414.pdf,data-set-9-files-27,1,photo
EFTA01240415.pdf,data-set-9-files-27,1,photo
EFTA01240416.pdf,data-set-9-files-27,1,photo
EFTA01240417.pdf,data-set-9-files-27,1,photo
EFTA01240418.pdf,data-set-9-files-27,1,photo
EFTA01240419.pdf,data-set-9-files-27,1,photo
EFTA01240420.pdf,data-set-9-files-27,1,photo
EFTA01240421.pdf,data-set-9-files-27,1,photo
EFTA01240422.pdf,data-set-9-files-27,1,photo
EFTA01240423.pdf,data-set-9-files-27,1,photo
EFTA01240424.pdf,data-set-9-files-27,1,photo
EFTA01240425.pdf,data-set-9-files-27,1,photo
EFTA01240426.pdf,data-set-9-files-27,1,photo
EFTA01240427.pdf,data-set-9-files-27,1,photo
EFTA01240428.pdf,data-set-9-files-27,1,photo
EFTA01240429.pdf,data-set-9-files-27,1,other
EFTA01240430.pdf,data-set-9-files-27,1,other
EFTA01240431.pdf,data-set-9-files-27,1,photo
EFTA01240432.pdf,data-set-9-files-27,1,other
EFTA01240433.pdf,data-set-9-files-27,1,other
EFTA01240434.pdf,data-set-9-files-27,1,other
EFTA01240435.pdf,data-set-9-files-27,1,other
EFTA01240436.pdf,data-set-9-files-27,1,photo
EFTA01240437.pdf,data-set-9-files-27,1,photo
EFTA01240438.pdf,data-set-9-files-27,1,other
EFTA01240439.pdf,data-set-9-files-27,1,other
EFTA01240440.pdf,data-set-9-files-27,1,photo
EFTA01240441.pdf,data-set-9-files-27,1,other
EFTA01240442.pdf,data-set-9-files-27,1,photo
EFTA01240443.pdf,data-set-9-files-27,1,photo
EFTA01240444.pdf,data-set-9-files-27,1,photo
EFTA01240445.pdf,data-set-9-files-27,1,other
EFTA01240446.pdf,data-set-9-files-27,1,photo
EFTA01240447.pdf,data-set-9-files-27,1,photo
EFTA01240448.pdf,data-set-9-files-27,1,photo
EFTA01240449.pdf,data-set-9-files-27,1,photo
EFTA01240450.pdf,data-set-9-files-27,1,photo
EFTA01240451.pdf,data-set-9-files-27,1,photo
EFTA01240452.pdf,data-set-9-files-27,1,photo
EFTA01240453.pdf,data-set-9-files-27,1,photo
EFTA01240454.pdf,data-set-9-files-27,1,other
EFTA01240455.pdf,data-set-9-files-27,1,photo
EFTA01240456.pdf,data-set-9-files-27,1,other
EFTA01240457.pdf,data-set-9-files-27,1,photo
EFTA01240458.pdf,data-set-9-files-27,1,photo
EFTA01240459.pdf,data-set-9-files-27,1,photo
EFTA01240460.pdf,data-set-9-files-27,1,photo
EFTA01240461.pdf,data-set-9-files-27,1,photo
EFTA01240462.pdf,data-set-9-files-27,1,photo
EFTA01240463.pdf,data-set-9-files-27,1,other
EFTA01240464.pdf,data-set-9-files-27,1,photo
EFTA01240465.pdf,data-set-9-files-27,1,photo
EFTA01240466.pdf,data-set-9-files-27,1,photo
EFTA01240467.pdf,data-set-9-files-27,1,photo
EFTA01240468.pdf,data-set-9-files-27,1,photo
EFTA01240469.pdf,data-set-9-files-27,1,photo
EFTA01240470.pdf,data-set-9-files-27,1,photo
EFTA01240471.pdf,data-set-9-files-27,1,photo
EFTA01240472.pdf,data-set-9-files-27,1,photo
EFTA01240473.pdf,data-set-9-files-27,1,photo
EFTA01240474.pdf,data-set-9-files-27,1,other
EFTA01240475.pdf,data-set-9-files-27,1,photo
EFTA01240476.pdf,data-set-9-files-27,1,photo
EFTA01240477.pdf,data-set-9-files-27,1,photo
EFTA01240478.pdf,data-set-9-files-27,1,photo
EFTA01240479.pdf,data-set-9-files-27,1,photo
EFTA01240480.pdf,data-set-9-files-27,1,photo
EFTA01240481.pdf,data-set-9-files-27,1,other
EFTA01240482.pdf,data-set-9-files-27,1,photo
EFTA01240483.pdf,data-set-9-files-27,1,photo
EFTA01240484.pdf,data-set-9-files-27,1,other
EFTA01240485.pdf,data-set-9-files-27,1,photo
EFTA01240486.pdf,data-set-9-files-27,1,photo
EFTA01240487.pdf,data-set-9-files-27,1,photo
EFTA01240488.pdf,data-set-9-files-27,1,photo
EFTA01240489.pdf,data-set-9-files-27,1,photo
EFTA01240490.pdf,data-set-9-files-27,1,other
EFTA01240491.pdf,data-set-9-files-27,1,photo
EFTA01240492.pdf,data-set-9-files-27,1,photo
EFTA01240493.pdf,data-set-9-files-27,1,photo
EFTA01240494.pdf,data-set-9-files-27,1,other
EFTA01240495.pdf,data-set-9-files-27,1,other
EFTA01240496.pdf,data-set-9-files-27,1,photo
EFTA01240497.pdf,data-set-9-files-27,1,photo
EFTA01240498.pdf,data-set-9-files-27,1,photo
EFTA01240499.pdf,data-set-9-files-27,1,photo
EFTA01240500.pdf,data-set-9-files-27,1,photo
EFTA01240501.pdf,data-set-9-files-27,1,photo
EFTA01240502.pdf,data-set-9-files-27,1,photo
EFTA01240503.pdf,data-set-9-files-27,1,photo
EFTA01240504.pdf,data-set-9-files-27,1,photo
EFTA01240505.pdf,data-set-9-files-27,1,photo
EFTA01240506.pdf,data-set-9-files-27,1,photo
EFTA01240507.pdf,data-set-9-files-27,1,photo
EFTA01240508.pdf,data-set-9-files-27,1,photo
EFTA01240509.pdf,data-set-9-files-27,1,photo
EFTA01240510.pdf,data-set-9-files-27,1,photo
EFTA01240511.pdf,data-set-9-files-27,1,photo
EFTA01240512.pdf,data-set-9-files-27,1,photo
EFTA01240513.pdf,data-set-9-files-27,1,photo
EFTA01240514.pdf,data-set-9-files-27,1,other
EFTA01240515.pdf,data-set-9-files-27,1,other
EFTA01240516.pdf,data-set-9-files-27,1,photo
EFTA01240517.pdf,data-set-9-files-27,1,photo
EFTA01240518.pdf,data-set-9-files-27,1,photo
EFTA01240519.pdf,data-set-9-files-27,1,photo
EFTA01240520.pdf,data-set-9-files-27,1,photo
EFTA01240521.pdf,data-set-9-files-27,1,photo
EFTA01240522.pdf,data-set-9-files-27,1,photo
EFTA01240523.pdf,data-set-9-files-27,1,photo
EFTA01240524.pdf,data-set-9-files-27,1,photo
EFTA01240525.pdf,data-set-9-files-27,1,photo
EFTA01240526.pdf,data-set-9-files-27,1,other
EFTA01240527.pdf,data-set-9-files-27,1,photo
EFTA01240528.pdf,data-set-9-files-27,1,other
EFTA01240529.pdf,data-set-9-files-27,1,photo
EFTA01240530.pdf,data-set-9-files-27,1,photo
EFTA01240531.pdf,data-set-9-files-27,1,photo
EFTA01240532.pdf,data-set-9-files-27,1,other
EFTA01240533.pdf,data-set-9-files-27,1,photo
EFTA01240534.pdf,data-set-9-files-27,1,photo
EFTA01240535.pdf,data-set-9-files-27,1,other
EFTA01240536.pdf,data-set-9-files-27,1,photo
EFTA01240537.pdf,data-set-9-files-27,1,photo
EFTA01240538.pdf,data-set-9-files-27,1,photo
EFTA01240539.pdf,data-set-9-files-27,1,photo
EFTA01240540.pdf,data-set-9-files-27,1,photo
EFTA01240541.pdf,data-set-9-files-27,1,photo
EFTA01240542.pdf,data-set-9-files-27,1,photo
EFTA01240543.pdf,data-set-9-files-27,1,photo
EFTA01240544.pdf,data-set-9-files-27,1,photo
EFTA01240545.pdf,data-set-9-files-27,1,photo
EFTA01240546.pdf,data-set-9-files-27,1,photo
EFTA01240547.pdf,data-set-9-files-27,1,other
EFTA01240548.pdf,data-set-9-files-27,1,photo
EFTA01240549.pdf,data-set-9-files-27,1,other
EFTA01240550.pdf,data-set-9-files-27,1,photo
EFTA01240551.pdf,data-set-9-files-27,1,photo
EFTA01240552.pdf,data-set-9-files-27,1,photo
EFTA01240553.pdf,data-set-9-files-27,1,photo
EFTA01240554.pdf,data-set-9-files-27,1,photo
EFTA01240555.pdf,data-set-9-files-27,1,photo
EFTA01240556.pdf,data-set-9-files-27,1,photo
EFTA01240557.pdf,data-set-9-files-27,1,photo
EFTA01240558.pdf,data-set-9-files-27,1,photo
EFTA01240559.pdf,data-set-9-files-27,1,photo
EFTA01240560.pdf,data-set-9-files-27,1,other
EFTA01240561.pdf,data-set-9-files-27,1,photo
EFTA01240562.pdf,data-set-9-files-27,1,other
EFTA01240563.pdf,data-set-9-files-27,1,photo
EFTA01240564.pdf,data-set-9-files-27,1,photo
EFTA01240565.pdf,data-set-9-files-27,1,photo
EFTA01240566.pdf,data-set-9-files-27,1,photo
EFTA01240567.pdf,data-set-9-files-27,1,photo
EFTA01240568.pdf,data-set-9-files-27,1,photo
EFTA01240569.pdf,data-set-9-files-27,1,photo
EFTA01240570.pdf,data-set-9-files-27,1,photo
EFTA01240571.pdf,data-set-9-files-27,1,photo
EFTA01240572.pdf,data-set-9-files-27,1,photo
EFTA01240573.pdf,data-set-9-files-27,1,photo
EFTA01240574.pdf,data-set-9-files-27,1,photo
EFTA01240575.pdf,data-set-9-files-27,1,photo
EFTA01240576.pdf,data-set-9-files-27,1,other
EFTA01240577.pdf,data-set-9-files-27,1,photo
EFTA01240578.pdf,data-set-9-files-27,1,photo
EFTA01240579.pdf,data-set-9-files-27,1,other
EFTA01240580.pdf,data-set-9-files-27,1,other
EFTA01240581.pdf,data-set-9-files-27,1,photo
EFTA01240582.pdf,data-set-9-files-27,1,photo
EFTA01240583.pdf,data-set-9-files-27,1,photo
EFTA01240584.pdf,data-set-9-files-27,1,photo
EFTA01240585.pdf,data-set-9-files-27,1,photo
EFTA01240586.pdf,data-set-9-files-27,1,photo
EFTA01240587.pdf,data-set-9-files-27,1,photo
EFTA01240588.pdf,data-set-9-files-27,1,other
EFTA01240589.pdf,data-set-9-files-27,1,photo
EFTA01240590.pdf,data-set-9-files-27,1,photo
EFTA01240591.pdf,data-set-9-files-27,1,photo
EFTA01240592.pdf,data-set-9-files-27,1,photo
EFTA01240593.pdf,data-set-9-files-27,1,photo
EFTA01240594.pdf,data-set-9-files-27,1,photo
EFTA01240595.pdf,data-set-9-files-27,1,photo
EFTA01240596.pdf,data-set-9-files-27,1,photo
EFTA01240597.pdf,data-set-9-files-27,1,photo
EFTA01240598.pdf,data-set-9-files-27,1,photo
EFTA01240599.pdf,data-set-9-files-27,1,photo
EFTA01240600.pdf,data-set-9-files-27,1,photo
EFTA01240601.pdf,data-set-9-files-27,1,photo
EFTA01240602.pdf,data-set-9-files-27,1,photo
EFTA01240603.pdf,data-set-9-files-27,1,photo
EFTA01240604.pdf,data-set-9-files-27,1,photo
EFTA01240605.pdf,data-set-9-files-27,1,photo
EFTA01240606.pdf,data-set-9-files-27,1,photo
EFTA01240607.pdf,data-set-9-files-27,1,photo
EFTA01240608.pdf,data-set-9-files-27,1,photo
EFTA01240609.pdf,data-set-9-files-27,1,photo
EFTA01240610.pdf,data-set-9-files-27,1,photo
EFTA01240611.pdf,data-set-9-files-27,1,photo
EFTA01240612.pdf,data-set-9-files-27,1,photo
EFTA01240613.pdf,data-set-9-files-27,1,photo
EFTA01240614.pdf,data-set-9-files-27,1,photo
EFTA01240615.pdf,data-set-9-files-27,1,photo
EFTA01240616.pdf,data-set-9-files-27,1,photo
EFTA01240617.pdf,data-set-9-files-27,1,photo
EFTA01240618.pdf,data-set-9-files-27,1,photo
EFTA01240619.pdf,data-set-9-files-27,1,photo
EFTA01240620.pdf,data-set-9-files-27,1,photo
EFTA01240621.pdf,data-set-9-files-27,1,photo
EFTA01240622.pdf,data-set-9-files-27,1,photo
EFTA01240623.pdf,data-set-9-files-27,1,photo
EFTA01240624.pdf,data-set-9-files-27,1,photo
EFTA01240625.pdf,data-set-9-files-27,1,photo
EFTA01240626.pdf,data-set-9-files-27,1,photo
EFTA01240627.pdf,data-set-9-files-27,1,photo
EFTA01240628.pdf,data-set-9-files-27,1,photo
EFTA01240629.pdf,data-set-9-files-27,1,photo
EFTA01240630.pdf,data-set-9-files-27,1,photo
EFTA01240631.pdf,data-set-9-files-27,1,photo
EFTA01240632.pdf,data-set-9-files-27,1,photo
EFTA01240633.pdf,data-set-9-files-27,1,photo
EFTA01240634.pdf,data-set-9-files-27,1,photo
EFTA01240635.pdf,data-set-9-files-27,1,photo
EFTA01240636.pdf,data-set-9-files-27,1,photo
EFTA01240637.pdf,data-set-9-files-27,1,photo
EFTA01240638.pdf,data-set-9-files-27,1,photo
EFTA01240639.pdf,data-set-9-files-27,1,photo
EFTA01240640.pdf,data-set-9-files-27,1,photo
EFTA01240641.pdf,data-set-9-files-27,1,photo
EFTA01240642.pdf,data-set-9-files-27,1,photo
EFTA01240643.pdf,data-set-9-files-27,1,photo
EFTA01240644.pdf,data-set-9-files-27,1,photo
EFTA01240645.pdf,data-set-9-files-27,1,photo
EFTA01240646.pdf,data-set-9-files-27,1,photo
EFTA01240647.pdf,data-set-9-files-27,1,photo
EFTA01240648.pdf,data-set-9-files-27,1,photo
EFTA01240649.pdf,data-set-9-files-27,1,photo
EFTA01240650.pdf,data-set-9-files-27,1,photo
EFTA01240651.pdf,data-set-9-files-27,1,photo
EFTA01240652.pdf,data-set-9-files-27,1,photo
EFTA01240653.pdf,data-set-9-files-27,1,photo
EFTA01240654.pdf,data-set-9-files-27,1,photo
EFTA01240655.pdf,data-set-9-files-27,1,photo
EFTA01240656.pdf,data-set-9-files-27,1,photo
EFTA01240657.pdf,data-set-9-files-27,1,photo
EFTA01240658.pdf,data-set-9-files-27,1,photo
EFTA01240659.pdf,data-set-9-files-27,1,photo
EFTA01240660.pdf,data-set-9-files-27,1,photo
EFTA01240661.pdf,data-set-9-files-27,1,other
EFTA01240662.pdf,data-set-9-files-27,1,other
EFTA01240663.pdf,data-set-9-files-27,1,other
EFTA01240664.pdf,data-set-9-files-27,1,other
EFTA01240665.pdf,data-set-9-files-27,1,photo
EFTA01240666.pdf,data-set-9-files-27,1,photo
EFTA01240667.pdf,data-set-9-files-27,1,photo
EFTA01240668.pdf,data-set-9-files-27,1,photo
EFTA01240669.pdf,data-set-9-files-27,1,other
EFTA01240670.pdf,data-set-9-files-27,1,photo
EFTA01240671.pdf,data-set-9-files-27,1,photo
EFTA01240672.pdf,data-set-9-files-27,1,photo
EFTA01240673.pdf,data-set-9-files-27,1,photo
EFTA01240674.pdf,data-set-9-files-27,1,photo
EFTA01240675.pdf,data-set-9-files-27,1,photo
EFTA01240676.pdf,data-set-9-files-27,1,photo
EFTA01240677.pdf,data-set-9-files-27,1,photo
EFTA01240678.pdf,data-set-9-files-27,1,photo
EFTA01240679.pdf,data-set-9-files-27,1,other
EFTA01240680.pdf,data-set-9-files-27,1,other
EFTA01240681.pdf,data-set-9-files-27,1,photo
EFTA01240682.pdf,data-set-9-files-27,1,photo
EFTA01240683.pdf,data-set-9-files-27,1,photo
EFTA01240684.pdf,data-set-9-files-27,1,photo
EFTA01240685.pdf,data-set-9-files-27,1,other
EFTA01240686.pdf,data-set-9-files-27,1,photo
EFTA01240687.pdf,data-set-9-files-27,1,photo
EFTA01240688.pdf,data-set-9-files-27,1,photo
EFTA01240689.pdf,data-set-9-files-27,1,photo
EFTA01240690.pdf,data-set-9-files-27,1,photo
EFTA01240691.pdf,data-set-9-files-27,1,photo
EFTA01240692.pdf,data-set-9-files-27,1,photo
EFTA01240693.pdf,data-set-9-files-27,1,photo
EFTA01240694.pdf,data-set-9-files-27,1,photo
EFTA01240695.pdf,data-set-9-files-27,1,photo
EFTA01240696.pdf,data-set-9-files-27,1,photo
EFTA01240697.pdf,data-set-9-files-27,1,photo
EFTA01240698.pdf,data-set-9-files-27,1,photo
EFTA01240699.pdf,data-set-9-files-27,1,photo
EFTA01240700.pdf,data-set-9-files-27,1,photo
EFTA01240701.pdf,data-set-9-files-27,1,photo
EFTA01240702.pdf,data-set-9-files-27,1,photo
EFTA01240703.pdf,data-set-9-files-27,1,photo
EFTA01240704.pdf,data-set-9-files-27,1,other
EFTA01240705.pdf,data-set-9-files-27,1,photo
EFTA01240706.pdf,data-set-9-files-27,1,other
EFTA01240707.pdf,data-set-9-files-27,1,photo
EFTA01240708.pdf,data-set-9-files-27,1,photo
EFTA01240709.pdf,data-set-9-files-27,1,other
EFTA01240710.pdf,data-set-9-files-27,1,other
EFTA01240711.pdf,data-set-9-files-27,1,photo
EFTA01240712.pdf,data-set-9-files-27,1,photo
EFTA01240713.pdf,data-set-9-files-27,1,photo
EFTA01240714.pdf,data-set-9-files-27,1,photo
EFTA01240715.pdf,data-set-9-files-27,1,photo
EFTA01240716.pdf,data-set-9-files-27,1,photo
EFTA01240717.pdf,data-set-9-files-27,1,other
EFTA01240718.pdf,data-set-9-files-27,1,other
EFTA01240719.pdf,data-set-9-files-27,1,other
EFTA01240720.pdf,data-set-9-files-27,1,other
EFTA01240721.pdf,data-set-9-files-27,1,other
EFTA01240722.pdf,data-set-9-files-27,1,photo
EFTA01240723.pdf,data-set-9-files-27,1,photo
EFTA01240724.pdf,data-set-9-files-27,1,photo
EFTA01240725.pdf,data-set-9-files-27,1,other
EFTA01240726.pdf,data-set-9-files-27,1,photo
EFTA01240727.pdf,data-set-9-files-27,1,photo
EFTA01240728.pdf,data-set-9-files-27,1,photo
EFTA01240729.pdf,data-set-9-files-27,1,photo
EFTA01240730.pdf,data-set-9-files-27,1,photo
EFTA01240731.pdf,data-set-9-files-27,1,other
EFTA01240732.pdf,data-set-9-files-27,1,photo
EFTA01240733.pdf,data-set-9-files-27,1,photo
EFTA01240734.pdf,data-set-9-files-27,1,photo
EFTA01240735.pdf,data-set-9-files-27,1,photo
EFTA01240736.pdf,data-set-9-files-27,1,photo
EFTA01240737.pdf,data-set-9-files-27,1,photo
EFTA01240738.pdf,data-set-9-files-27,1,other
EFTA01240739.pdf,data-set-9-files-27,1,photo
EFTA01240740.pdf,data-set-9-files-27,1,photo
EFTA01240741.pdf,data-set-9-files-27,1,photo
EFTA01240742.pdf,data-set-9-files-27,1,other
EFTA01240743.pdf,data-set-9-files-27,1,photo
EFTA01240744.pdf,data-set-9-files-27,1,photo
EFTA01240745.pdf,data-set-9-files-27,1,photo
EFTA01240746.pdf,data-set-9-files-27,1,photo
EFTA01240747.pdf,data-set-9-files-27,1,photo
EFTA01240748.pdf,data-set-9-files-27,1,photo
EFTA01240749.pdf,data-set-9-files-27,1,photo
EFTA01240750.pdf,data-set-9-files-27,1,photo
EFTA01240751.pdf,data-set-9-files-27,1,photo
EFTA01240752.pdf,data-set-9-files-27,1,photo
EFTA01240753.pdf,data-set-9-files-27,1,photo
EFTA01240754.pdf,data-set-9-files-27,1,photo
EFTA01240755.pdf,data-set-9-files-27,1,photo
EFTA01240756.pdf,data-set-9-files-27,1,other
EFTA01240757.pdf,data-set-9-files-27,1,photo
EFTA01240758.pdf,data-set-9-files-27,1,other
EFTA01240759.pdf,data-set-9-files-27,1,photo
EFTA01240760.pdf,data-set-9-files-27,1,photo
EFTA01240761.pdf,data-set-9-files-27,1,photo
EFTA01240762.pdf,data-set-9-files-27,1,other
EFTA01240763.pdf,data-set-9-files-27,1,photo
EFTA01240764.pdf,data-set-9-files-27,1,photo
EFTA01240765.pdf,data-set-9-files-27,1,photo
EFTA01240766.pdf,data-set-9-files-27,1,photo
EFTA01240767.pdf,data-set-9-files-27,1,photo
EFTA01240768.pdf,data-set-9-files-27,1,photo
EFTA01240769.pdf,data-set-9-files-27,1,photo
EFTA01240770.pdf,data-set-9-files-27,1,photo
EFTA01240771.pdf,data-set-9-files-27,1,photo
EFTA01240772.pdf,data-set-9-files-27,1,photo
EFTA01240773.pdf,data-set-9-files-27,1,other
EFTA01240774.pdf,data-set-9-files-27,1,other
EFTA01240775.pdf,data-set-9-files-27,1,photo
EFTA01240776.pdf,data-set-9-files-27,1,photo
EFTA01240777.pdf,data-set-9-files-27,1,photo
EFTA01240778.pdf,data-set-9-files-27,1,photo
EFTA01240779.pdf,data-set-9-files-27,1,other
EFTA01240780.pdf,data-set-9-files-27,1,photo
EFTA01240781.pdf,data-set-9-files-27,1,other
EFTA01240782.pdf,data-set-9-files-27,1,photo
EFTA01240783.pdf,data-set-9-files-27,1,photo
EFTA01240784.pdf,data-set-9-files-27,1,photo
EFTA01240785.pdf,data-set-9-files-27,1,photo
EFTA01240786.pdf,data-set-9-files-27,1,photo
EFTA01240787.pdf,data-set-9-files-27,1,photo
EFTA01240788.pdf,data-set-9-files-27,1,photo
EFTA01240789.pdf,data-set-9-files-27,1,photo
EFTA01240790.pdf,data-set-9-files-27,1,photo
EFTA01240791.pdf,data-set-9-files-27,1,photo
EFTA01240792.pdf,data-set-9-files-27,1,photo
EFTA01240793.pdf,data-set-9-files-27,1,photo
EFTA01240794.pdf,data-set-9-files-27,1,photo
EFTA01240795.pdf,data-set-9-files-27,1,photo
EFTA01240796.pdf,data-set-9-files-27,1,photo
EFTA01240797.pdf,data-set-9-files-27,1,photo
EFTA01240798.pdf,data-set-9-files-27,1,photo
EFTA01240799.pdf,data-set-9-files-27,1,photo
EFTA01240800.pdf,data-set-9-files-27,1,photo
EFTA01240801.pdf,data-set-9-files-27,1,photo
EFTA01240802.pdf,data-set-9-files-27,1,photo
EFTA01240803.pdf,data-set-9-files-27,1,photo
EFTA01240804.pdf,data-set-9-files-27,1,photo
EFTA01240805.pdf,data-set-9-files-27,1,photo
EFTA01240806.pdf,data-set-9-files-27,1,photo
EFTA01240807.pdf,data-set-9-files-27,1,photo
EFTA01240808.pdf,data-set-9-files-27,1,other
EFTA01240809.pdf,data-set-9-files-27,1,photo
EFTA01240810.pdf,data-set-9-files-27,1,other
EFTA01240811.pdf,data-set-9-files-27,1,photo
EFTA01240812.pdf,data-set-9-files-27,1,photo
EFTA01240813.pdf,data-set-9-files-27,1,photo
EFTA01240814.pdf,data-set-9-files-27,1,photo
EFTA01240815.pdf,data-set-9-files-27,1,photo
EFTA01240816.pdf,data-set-9-files-27,1,photo
EFTA01240817.pdf,data-set-9-files-27,1,photo
EFTA01240818.pdf,data-set-9-files-27,1,photo
EFTA01240819.pdf,data-set-9-files-27,1,photo
EFTA01240820.pdf,data-set-9-files-27,1,photo
EFTA01240821.pdf,data-set-9-files-27,1,photo
EFTA01240822.pdf,data-set-9-files-27,1,photo
EFTA01240823.pdf,data-set-9-files-27,1,photo
EFTA01240824.pdf,data-set-9-files-27,1,other
EFTA01240825.pdf,data-set-9-files-27,1,photo
EFTA01240826.pdf,data-set-9-files-27,1,photo
EFTA01240827.pdf,data-set-9-files-27,1,photo
EFTA01240828.pdf,data-set-9-files-27,1,photo
EFTA01240829.pdf,data-set-9-files-27,1,photo
EFTA01240830.pdf,data-set-9-files-27,1,photo
EFTA01240831.pdf,data-set-9-files-27,1,photo
EFTA01240832.pdf,data-set-9-files-27,1,photo
EFTA01240833.pdf,data-set-9-files-27,1,photo
EFTA01240834.pdf,data-set-9-files-27,1,photo
EFTA01240835.pdf,data-set-9-files-27,1,photo
EFTA01240836.pdf,data-set-9-files-27,1,photo
EFTA01240837.pdf,data-set-9-files-27,1,photo
EFTA01240838.pdf,data-set-9-files-27,1,photo
EFTA01240839.pdf,data-set-9-files-27,1,photo
EFTA01240840.pdf,data-set-9-files-27,1,photo
EFTA01240841.pdf,data-set-9-files-27,1,photo
EFTA01240842.pdf,data-set-9-files-27,1,photo
EFTA01240843.pdf,data-set-9-files-27,1,photo
EFTA01240844.pdf,data-set-9-files-27,1,photo
EFTA01240845.pdf,data-set-9-files-27,1,other
EFTA01240846.pdf,data-set-9-files-27,1,photo
EFTA01240847.pdf,data-set-9-files-27,1,photo
EFTA01240848.pdf,data-set-9-files-27,1,photo
EFTA01240849.pdf,data-set-9-files-27,1,photo
EFTA01240850.pdf,data-set-9-files-27,1,photo
EFTA01240851.pdf,data-set-9-files-27,1,photo
EFTA01240852.pdf,data-set-9-files-27,1,photo
EFTA01240853.pdf,data-set-9-files-27,1,photo
EFTA01240854.pdf,data-set-9-files-27,1,photo
EFTA01240855.pdf,data-set-9-files-27,1,other
EFTA01240856.pdf,data-set-9-files-27,1,photo
EFTA01240857.pdf,data-set-9-files-27,1,photo
EFTA01240858.pdf,data-set-9-files-27,1,photo
EFTA01240859.pdf,data-set-9-files-27,1,photo
EFTA01240860.pdf,data-set-9-files-27,1,photo
EFTA01240861.pdf,data-set-9-files-27,1,other
EFTA01240862.pdf,data-set-9-files-27,1,photo
EFTA01240863.pdf,data-set-9-files-27,1,photo
EFTA01240864.pdf,data-set-9-files-27,1,photo
EFTA01240865.pdf,data-set-9-files-27,1,photo
EFTA01240866.pdf,data-set-9-files-27,1,photo
EFTA01240867.pdf,data-set-9-files-27,1,photo
EFTA01240868.pdf,data-set-9-files-27,1,photo
EFTA01240869.pdf,data-set-9-files-27,1,photo
EFTA01240870.pdf,data-set-9-files-27,1,photo
EFTA01240871.pdf,data-set-9-files-27,1,other
EFTA01240872.pdf,data-set-9-files-27,1,photo
EFTA01240873.pdf,data-set-9-files-27,1,other
EFTA01240874.pdf,data-set-9-files-27,1,photo
EFTA01240875.pdf,data-set-9-files-27,1,other
EFTA01240876.pdf,data-set-9-files-27,1,photo
EFTA01240877.pdf,data-set-9-files-27,1,photo
EFTA01240878.pdf,data-set-9-files-27,1,photo
EFTA01240879.pdf,data-set-9-files-27,1,photo
EFTA01240880.pdf,data-set-9-files-27,1,photo
EFTA01240881.pdf,data-set-9-files-27,1,photo
EFTA01240882.pdf,data-set-9-files-27,1,other
EFTA01240883.pdf,data-set-9-files-27,1,photo
EFTA01240884.pdf,data-set-9-files-27,1,photo
EFTA01240885.pdf,data-set-9-files-27,1,other
EFTA01240886.pdf,data-set-9-files-27,1,photo
EFTA01240887.pdf,data-set-9-files-27,1,photo
EFTA01240888.pdf,data-set-9-files-27,1,photo
EFTA01240889.pdf,data-set-9-files-27,1,photo
EFTA01240890.pdf,data-set-9-files-27,1,photo
EFTA01240891.pdf,data-set-9-files-27,1,photo
EFTA01240892.pdf,data-set-9-files-27,1,photo
EFTA01240893.pdf,data-set-9-files-27,1,photo
EFTA01240894.pdf,data-set-9-files-27,1,photo
EFTA01240895.pdf,data-set-9-files-27,1,photo
EFTA01240896.pdf,data-set-9-files-27,1,photo
EFTA01240897.pdf,data-set-9-files-27,1,photo
EFTA01240898.pdf,data-set-9-files-27,1,photo
EFTA01240899.pdf,data-set-9-files-27,1,photo
EFTA01240900.pdf,data-set-9-files-27,1,other
EFTA01240901.pdf,data-set-9-files-27,1,photo
EFTA01240902.pdf,data-set-9-files-27,1,photo
EFTA01240903.pdf,data-set-9-files-27,1,photo
EFTA01240904.pdf,data-set-9-files-27,1,photo
EFTA01240905.pdf,data-set-9-files-27,1,other
EFTA01240906.pdf,data-set-9-files-27,1,photo
EFTA01240907.pdf,data-set-9-files-27,1,photo
EFTA01240908.pdf,data-set-9-files-27,1,other
EFTA01240909.pdf,data-set-9-files-27,1,photo
EFTA01240910.pdf,data-set-9-files-27,1,photo
EFTA01240911.pdf,data-set-9-files-27,1,photo
EFTA01240912.pdf,data-set-9-files-27,1,photo
EFTA01240913.pdf,data-set-9-files-27,1,photo
EFTA01240914.pdf,data-set-9-files-27,1,photo
EFTA01240915.pdf,data-set-9-files-27,1,photo
EFTA01240916.pdf,data-set-9-files-27,1,photo
EFTA01240917.pdf,data-set-9-files-27,1,other
EFTA01240918.pdf,data-set-9-files-27,1,photo
EFTA01240919.pdf,data-set-9-files-27,1,photo
EFTA01240920.pdf,data-set-9-files-27,1,photo
EFTA01240921.pdf,data-set-9-files-27,1,photo
EFTA01240922.pdf,data-set-9-files-27,1,photo
EFTA01240923.pdf,data-set-9-files-27,1,other
EFTA01240924.pdf,data-set-9-files-27,1,photo
EFTA01240925.pdf,data-set-9-files-27,1,photo
EFTA01240926.pdf,data-set-9-files-27,1,photo
EFTA01240927.pdf,data-set-9-files-27,1,photo
EFTA01240928.pdf,data-set-9-files-27,1,photo
EFTA01240929.pdf,data-set-9-files-27,1,photo
EFTA01240930.pdf,data-set-9-files-27,1,other
EFTA01240931.pdf,data-set-9-files-27,1,photo
EFTA01240932.pdf,data-set-9-files-27,1,photo
EFTA01240933.pdf,data-set-9-files-27,1,photo
EFTA01240934.pdf,data-set-9-files-27,1,other
EFTA01240935.pdf,data-set-9-files-27,1,photo
EFTA01240936.pdf,data-set-9-files-27,1,photo
EFTA01240937.pdf,data-set-9-files-27,1,photo
EFTA01240938.pdf,data-set-9-files-27,1,photo
EFTA01240939.pdf,data-set-9-files-27,1,photo
EFTA01240940.pdf,data-set-9-files-27,1,photo
EFTA01240941.pdf,data-set-9-files-27,1,other
EFTA01240942.pdf,data-set-9-files-27,1,other
EFTA01240943.pdf,data-set-9-files-27,1,other
EFTA01240944.pdf,data-set-9-files-27,1,photo
EFTA01240945.pdf,data-set-9-files-27,1,photo
EFTA01240946.pdf,data-set-9-files-27,1,photo
EFTA01240947.pdf,data-set-9-files-27,1,photo
EFTA01240948.pdf,data-set-9-files-27,1,photo
EFTA01240949.pdf,data-set-9-files-27,1,other
EFTA01240950.pdf,data-set-9-files-27,1,other
EFTA01240951.pdf,data-set-9-files-27,1,other
EFTA01240952.pdf,data-set-9-files-27,1,photo
EFTA01240953.pdf,data-set-9-files-27,1,photo
EFTA01240954.pdf,data-set-9-files-27,1,photo
EFTA01240955.pdf,data-set-9-files-27,1,other
EFTA01240956.pdf,data-set-9-files-27,1,photo
EFTA01240957.pdf,data-set-9-files-27,1,photo
EFTA01240958.pdf,data-set-9-files-27,1,photo
EFTA01240959.pdf,data-set-9-files-27,1,other
EFTA01240960.pdf,data-set-9-files-27,1,photo
EFTA01240961.pdf,data-set-9-files-27,1,photo
EFTA01240962.pdf,data-set-9-files-27,1,photo
EFTA01240963.pdf,data-set-9-files-27,1,photo
EFTA01240964.pdf,data-set-9-files-27,1,other
EFTA01240965.pdf,data-set-9-files-27,1,other
EFTA01240966.pdf,data-set-9-files-27,1,photo
EFTA01240967.pdf,data-set-9-files-27,1,photo
EFTA01240968.pdf,data-set-9-files-27,1,photo
EFTA01240969.pdf,data-set-9-files-27,1,photo
EFTA01240970.pdf,data-set-9-files-27,1,other
EFTA01240971.pdf,data-set-9-files-27,1,photo
EFTA01240972.pdf,data-set-9-files-27,1,other
EFTA01240973.pdf,data-set-9-files-27,1,photo
EFTA01240974.pdf,data-set-9-files-27,1,photo
EFTA01240975.pdf,data-set-9-files-27,1,other
EFTA01240976.pdf,data-set-9-files-27,1,photo
EFTA01240977.pdf,data-set-9-files-27,1,other
EFTA01240978.pdf,data-set-9-files-27,1,photo
EFTA01240979.pdf,data-set-9-files-27,1,photo
EFTA01240980.pdf,data-set-9-files-27,1,photo
EFTA01240981.pdf,data-set-9-files-27,1,photo
EFTA01240982.pdf,data-set-9-files-27,1,other
EFTA01240983.pdf,data-set-9-files-27,1,photo
EFTA01240984.pdf,data-set-9-files-27,1,photo
EFTA01240985.pdf,data-set-9-files-27,1,photo
EFTA01240986.pdf,data-set-9-files-27,1,photo
EFTA01240987.pdf,data-set-9-files-27,1,photo
EFTA01240988.pdf,data-set-9-files-27,1,photo
EFTA01240989.pdf,data-set-9-files-27,1,photo
EFTA01240990.pdf,data-set-9-files-27,1,photo
EFTA01240991.pdf,data-set-9-files-27,1,photo
EFTA01240992.pdf,data-set-9-files-27,1,photo
EFTA01240993.pdf,data-set-9-files-27,1,photo
EFTA01240994.pdf,data-set-9-files-27,1,photo
EFTA01240995.pdf,data-set-9-files-27,1,photo
EFTA01240996.pdf,data-set-9-files-27,1,photo
EFTA01240997.pdf,data-set-9-files-27,1,photo
EFTA01240998.pdf,data-set-9-files-27,1,photo
EFTA01240999.pdf,data-set-9-files-27,1,other
EFTA01241000.pdf,data-set-9-files-27,1,photo
EFTA01241001.pdf,data-set-9-files-27,1,photo
EFTA01241002.pdf,data-set-9-files-27,1,photo
EFTA01241003.pdf,data-set-9-files-27,1,photo
EFTA01241004.pdf,data-set-9-files-27,1,photo
EFTA01241005.pdf,data-set-9-files-27,1,other
EFTA01241006.pdf,data-set-9-files-27,1,photo
EFTA01241007.pdf,data-set-9-files-27,1,photo
EFTA01241008.pdf,data-set-9-files-27,1,photo
EFTA01241009.pdf,data-set-9-files-27,1,photo
EFTA01241010.pdf,data-set-9-files-27,1,photo
EFTA01241011.pdf,data-set-9-files-27,1,photo
EFTA01241012.pdf,data-set-9-files-27,1,other
EFTA01241013.pdf,data-set-9-files-27,1,photo
EFTA01241014.pdf,data-set-9-files-27,1,photo
EFTA01241015.pdf,data-set-9-files-27,1,photo
EFTA01241016.pdf,data-set-9-files-27,1,photo
EFTA01241017.pdf,data-set-9-files-27,1,photo
EFTA01241018.pdf,data-set-9-files-27,1,other
EFTA01241019.pdf,data-set-9-files-27,1,photo
EFTA01241020.pdf,data-set-9-files-27,1,photo
EFTA01241021.pdf,data-set-9-files-27,1,photo
EFTA01241022.pdf,data-set-9-files-27,1,other
EFTA01241023.pdf,data-set-9-files-27,1,photo
EFTA01241024.pdf,data-set-9-files-27,1,other
EFTA01241025.pdf,data-set-9-files-27,1,photo
EFTA01241026.pdf,data-set-9-files-27,1,photo
EFTA01241027.pdf,data-set-9-files-27,1,photo
EFTA01241028.pdf,data-set-9-files-27,1,other
EFTA01241029.pdf,data-set-9-files-27,1,photo
EFTA01241030.pdf,data-set-9-files-27,1,photo
EFTA01241031.pdf,data-set-9-files-27,1,photo
EFTA01241032.pdf,data-set-9-files-27,1,photo
EFTA01241033.pdf,data-set-9-files-27,1,photo
EFTA01241034.pdf,data-set-9-files-27,1,photo
EFTA01241035.pdf,data-set-9-files-27,1,other
EFTA01241036.pdf,data-set-9-files-27,1,photo
EFTA01241037.pdf,data-set-9-files-27,1,photo
EFTA01241038.pdf,data-set-9-files-27,1,photo
EFTA01241039.pdf,data-set-9-files-27,1,photo
EFTA01241040.pdf,data-set-9-files-27,1,photo
EFTA01241041.pdf,data-set-9-files-27,1,photo
EFTA01241042.pdf,data-set-9-files-27,1,photo
EFTA01241043.pdf,data-set-9-files-27,1,other
EFTA01241044.pdf,data-set-9-files-27,1,photo
EFTA01241045.pdf,data-set-9-files-27,1,other
EFTA01241046.pdf,data-set-9-files-27,1,photo
EFTA01241047.pdf,data-set-9-files-27,1,photo
EFTA01241048.pdf,data-set-9-files-27,1,photo
EFTA01241049.pdf,data-set-9-files-27,1,photo
EFTA01241050.pdf,data-set-9-files-27,1,photo
EFTA01241051.pdf,data-set-9-files-27,1,photo
EFTA01241052.pdf,data-set-9-files-27,1,photo
EFTA01241053.pdf,data-set-9-files-27,1,other
EFTA01241054.pdf,data-set-9-files-27,1,photo
EFTA01241055.pdf,data-set-9-files-27,1,photo
EFTA01241056.pdf,data-set-9-files-27,1,photo
EFTA01241057.pdf,data-set-9-files-27,1,other
EFTA01241058.pdf,data-set-9-files-27,1,photo
EFTA01241059.pdf,data-set-9-files-27,1,photo
EFTA01241060.pdf,data-set-9-files-27,1,photo
EFTA01241061.pdf,data-set-9-files-27,1,photo
EFTA01241062.pdf,data-set-9-files-27,1,photo
EFTA01241063.pdf,data-set-9-files-27,1,photo
EFTA01241064.pdf,data-set-9-files-27,1,photo
EFTA01241065.pdf,data-set-9-files-27,1,photo
EFTA01241066.pdf,data-set-9-files-27,1,other
EFTA01241067.pdf,data-set-9-files-27,1,photo
EFTA01241068.pdf,data-set-9-files-27,1,other
EFTA01241069.pdf,data-set-9-files-27,1,photo
EFTA01241070.pdf,data-set-9-files-27,1,other
EFTA01241071.pdf,data-set-9-files-27,1,photo
EFTA01241072.pdf,data-set-9-files-27,1,other
EFTA01241073.pdf,data-set-9-files-27,1,photo
EFTA01241074.pdf,data-set-9-files-27,1,photo
EFTA01241075.pdf,data-set-9-files-27,1,other
EFTA01241076.pdf,data-set-9-files-27,1,photo
EFTA01241077.pdf,data-set-9-files-27,1,other
EFTA01241078.pdf,data-set-9-files-27,1,photo
EFTA01241079.pdf,data-set-9-files-27,1,photo
EFTA01241080.pdf,data-set-9-files-27,1,other
EFTA01241081.pdf,data-set-9-files-27,1,photo
EFTA01241082.pdf,data-set-9-files-27,1,photo
EFTA01241083.pdf,data-set-9-files-27,1,other
EFTA01241084.pdf,data-set-9-files-27,1,photo
EFTA01241085.pdf,data-set-9-files-27,1,photo
EFTA01241086.pdf,data-set-9-files-27,1,photo
EFTA01241087.pdf,data-set-9-files-27,1,photo
EFTA01241088.pdf,data-set-9-files-27,1,other
EFTA01241089.pdf,data-set-9-files-27,1,photo
EFTA01241090.pdf,data-set-9-files-27,1,other
EFTA01241091.pdf,data-set-9-files-27,1,photo
EFTA01241092.pdf,data-set-9-files-27,1,photo
EFTA01241093.pdf,data-set-9-files-27,1,other
EFTA01241094.pdf,data-set-9-files-27,1,photo
EFTA01241095.pdf,data-set-9-files-27,1,photo
EFTA01241096.pdf,data-set-9-files-27,1,photo
EFTA01241097.pdf,data-set-9-files-27,1,photo
EFTA01241098.pdf,data-set-9-files-27,1,photo
EFTA01241099.pdf,data-set-9-files-27,1,other
EFTA01241100.pdf,data-set-9-files-27,1,photo
EFTA01241101.pdf,data-set-9-files-27,1,photo
EFTA01241102.pdf,data-set-9-files-27,1,other
EFTA01241103.pdf,data-set-9-files-27,1,other
EFTA01241104.pdf,data-set-9-files-27,1,photo
EFTA01241105.pdf,data-set-9-files-27,1,photo
EFTA01241106.pdf,data-set-9-files-27,1,photo
EFTA01241107.pdf,data-set-9-files-27,1,other
EFTA01241108.pdf,data-set-9-files-27,1,other
EFTA01241109.pdf,data-set-9-files-27,1,photo
EFTA01241110.pdf,data-set-9-files-27,1,photo
EFTA01241111.pdf,data-set-9-files-27,1,photo
EFTA01241112.pdf,data-set-9-files-27,1,photo
EFTA01241113.pdf,data-set-9-files-27,1,photo
EFTA01241114.pdf,data-set-9-files-27,1,photo
EFTA01241115.pdf,data-set-9-files-27,1,photo
EFTA01241116.pdf,data-set-9-files-27,1,photo
EFTA01241117.pdf,data-set-9-files-27,1,photo
EFTA01241118.pdf,data-set-9-files-27,1,photo
EFTA01241119.pdf,data-set-9-files-27,1,photo
EFTA01241120.pdf,data-set-9-files-27,1,other
EFTA01241121.pdf,data-set-9-files-27,1,photo
EFTA01241122.pdf,data-set-9-files-27,1,photo
EFTA01241123.pdf,data-set-9-files-27,1,other
EFTA01241124.pdf,data-set-9-files-27,1,photo
EFTA01241125.pdf,data-set-9-files-27,1,photo
EFTA01241126.pdf,data-set-9-files-27,1,photo
EFTA01241127.pdf,data-set-9-files-27,1,photo
EFTA01241128.pdf,data-set-9-files-27,1,other
EFTA01241129.pdf,data-set-9-files-27,1,photo
EFTA01241130.pdf,data-set-9-files-27,1,other
EFTA01241131.pdf,data-set-9-files-27,1,photo
EFTA01241132.pdf,data-set-9-files-27,1,photo
EFTA01241133.pdf,data-set-9-files-27,1,other
EFTA01241134.pdf,data-set-9-files-27,1,photo
EFTA01241135.pdf,data-set-9-files-27,1,photo
EFTA01241136.pdf,data-set-9-files-27,1,photo
EFTA01241137.pdf,data-set-9-files-27,1,photo
EFTA01241138.pdf,data-set-9-files-27,1,other
EFTA01241139.pdf,data-set-9-files-27,1,photo
EFTA01241140.pdf,data-set-9-files-27,1,photo
EFTA01241141.pdf,data-set-9-files-27,1,photo
EFTA01241142.pdf,data-set-9-files-27,1,photo
EFTA01241143.pdf,data-set-9-files-27,1,photo
EFTA01241144.pdf,data-set-9-files-27,1,other
EFTA01241145.pdf,data-set-9-files-27,1,other
EFTA01241146.pdf,data-set-9-files-27,1,photo
EFTA01241147.pdf,data-set-9-files-27,1,photo
EFTA01241148.pdf,data-set-9-files-27,1,photo
EFTA01241149.pdf,data-set-9-files-27,1,photo
EFTA01241150.pdf,data-set-9-files-27,1,photo
EFTA01241151.pdf,data-set-9-files-27,1,photo
EFTA01241152.pdf,data-set-9-files-27,1,photo
EFTA01241153.pdf,data-set-9-files-27,1,photo
EFTA01241154.pdf,data-set-9-files-27,1,photo
EFTA01241155.pdf,data-set-9-files-27,1,photo
EFTA01241156.pdf,data-set-9-files-27,1,photo
EFTA01241157.pdf,data-set-9-files-27,1,photo
EFTA01241158.pdf,data-set-9-files-27,1,photo
EFTA01241159.pdf,data-set-9-files-27,1,photo
EFTA01241160.pdf,data-set-9-files-27,1,photo
EFTA01241161.pdf,data-set-9-files-27,1,photo
EFTA01241162.pdf,data-set-9-files-27,1,other
EFTA01241163.pdf,data-set-9-files-27,1,other
EFTA01241164.pdf,data-set-9-files-27,1,other
EFTA01241165.pdf,data-set-9-files-27,1,photo
EFTA01241166.pdf,data-set-9-files-27,1,photo
EFTA01241167.pdf,data-set-9-files-27,1,photo
EFTA01241168.pdf,data-set-9-files-27,1,photo
EFTA01241169.pdf,data-set-9-files-27,1,other
EFTA01241170.pdf,data-set-9-files-27,1,other
EFTA01241171.pdf,data-set-9-files-27,1,other
EFTA01241172.pdf,data-set-9-files-27,1,other
EFTA01241173.pdf,data-set-9-files-27,1,other
EFTA01241174.pdf,data-set-9-files-27,1,photo
EFTA01241175.pdf,data-set-9-files-27,1,photo
EFTA01241176.pdf,data-set-9-files-27,1,photo
EFTA01241177.pdf,data-set-9-files-27,1,photo
EFTA01241178.pdf,data-set-9-files-27,1,other
EFTA01241179.pdf,data-set-9-files-27,1,photo
EFTA01241180.pdf,data-set-9-files-27,1,photo
EFTA01241181.pdf,data-set-9-files-27,1,photo
EFTA01241182.pdf,data-set-9-files-27,1,photo
EFTA01241183.pdf,data-set-9-files-27,1,photo
EFTA01241184.pdf,data-set-9-files-27,1,photo
EFTA01241185.pdf,data-set-9-files-27,1,other
EFTA01241186.pdf,data-set-9-files-27,1,other
EFTA01241187.pdf,data-set-9-files-27,1,other
EFTA01241188.pdf,data-set-9-files-27,1,other
EFTA01241189.pdf,data-set-9-files-27,1,photo
EFTA01241190.pdf,data-set-9-files-27,1,photo
EFTA01241191.pdf,data-set-9-files-27,1,photo
EFTA01241192.pdf,data-set-9-files-27,1,other
EFTA01241193.pdf,data-set-9-files-27,1,photo
EFTA01241194.pdf,data-set-9-files-27,1,other
EFTA01241195.pdf,data-set-9-files-27,1,photo
EFTA01241196.pdf,data-set-9-files-27,1,other
EFTA01241197.pdf,data-set-9-files-27,1,photo
EFTA01241198.pdf,data-set-9-files-27,1,photo
EFTA01241199.pdf,data-set-9-files-27,1,photo
EFTA01241200.pdf,data-set-9-files-27,1,other
EFTA01241201.pdf,data-set-9-files-27,1,photo
EFTA01241202.pdf,data-set-9-files-27,1,photo
EFTA01241203.pdf,data-set-9-files-27,1,photo
EFTA01241204.pdf,data-set-9-files-27,1,other
EFTA01241205.pdf,data-set-9-files-27,1,photo
EFTA01241206.pdf,data-set-9-files-27,1,photo
EFTA01241207.pdf,data-set-9-files-27,1,other
EFTA01241208.pdf,data-set-9-files-27,1,other
EFTA01241209.pdf,data-set-9-files-27,1,photo
EFTA01241210.pdf,data-set-9-files-27,1,photo
EFTA01241211.pdf,data-set-9-files-27,1,photo
EFTA01241212.pdf,data-set-9-files-27,1,photo
EFTA01241213.pdf,data-set-9-files-27,1,photo
EFTA01241214.pdf,data-set-9-files-27,1,other
EFTA01241215.pdf,data-set-9-files-27,1,photo
EFTA01241216.pdf,data-set-9-files-27,1,other
EFTA01241217.pdf,data-set-9-files-27,1,photo
EFTA01241218.pdf,data-set-9-files-27,1,photo
EFTA01241219.pdf,data-set-9-files-27,1,photo
EFTA01241220.pdf,data-set-9-files-27,1,other
EFTA01241221.pdf,data-set-9-files-27,1,photo
EFTA01241222.pdf,data-set-9-files-27,1,photo
EFTA01241223.pdf,data-set-9-files-27,1,photo
EFTA01241224.pdf,data-set-9-files-27,1,photo
EFTA01241225.pdf,data-set-9-files-27,1,photo
EFTA01241226.pdf,data-set-9-files-27,1,photo
EFTA01241227.pdf,data-set-9-files-27,1,photo
EFTA01241228.pdf,data-set-9-files-27,1,photo
EFTA01241229.pdf,data-set-9-files-27,1,photo
EFTA01241230.pdf,data-set-9-files-27,1,photo
EFTA01241231.pdf,data-set-9-files-27,1,other
EFTA01241232.pdf,data-set-9-files-27,1,other
EFTA01241233.pdf,data-set-9-files-27,1,photo
EFTA01241234.pdf,data-set-9-files-27,1,photo
EFTA01241235.pdf,data-set-9-files-27,1,photo
EFTA01241236.pdf,data-set-9-files-27,1,other
EFTA01241237.pdf,data-set-9-files-27,1,other
EFTA01241238.pdf,data-set-9-files-27,1,photo
EFTA01241239.pdf,data-set-9-files-27,1,other
EFTA01241240.pdf,data-set-9-files-27,1,photo
EFTA01241241.pdf,data-set-9-files-27,1,photo
EFTA01241242.pdf,data-set-9-files-27,1,other
EFTA01241243.pdf,data-set-9-files-27,1,other
EFTA01241244.pdf,data-set-9-files-27,1,photo
EFTA01241245.pdf,data-set-9-files-27,1,photo
EFTA01241246.pdf,data-set-9-files-27,1,photo
EFTA01241247.pdf,data-set-9-files-27,1,photo
EFTA01241248.pdf,data-set-9-files-27,1,photo
EFTA01241249.pdf,data-set-9-files-27,1,photo
EFTA01241250.pdf,data-set-9-files-27,1,photo
EFTA01241251.pdf,data-set-9-files-27,1,other
EFTA01241252.pdf,data-set-9-files-27,1,photo
EFTA01241253.pdf,data-set-9-files-27,1,photo
EFTA01241254.pdf,data-set-9-files-27,1,photo
EFTA01241255.pdf,data-set-9-files-27,1,photo
EFTA01241256.pdf,data-set-9-files-27,1,photo
EFTA01241257.pdf,data-set-9-files-27,1,photo
EFTA01241258.pdf,data-set-9-files-27,1,other
EFTA01241259.pdf,data-set-9-files-27,1,photo
EFTA01241260.pdf,data-set-9-files-27,1,photo
EFTA01241261.pdf,data-set-9-files-27,1,photo
EFTA01241262.pdf,data-set-9-files-27,1,photo
EFTA01241263.pdf,data-set-9-files-27,1,photo
EFTA01241264.pdf,data-set-9-files-27,1,photo
EFTA01241265.pdf,data-set-9-files-27,1,other
EFTA01241266.pdf,data-set-9-files-27,1,photo
EFTA01241267.pdf,data-set-9-files-27,1,photo
EFTA01241268.pdf,data-set-9-files-27,1,other
EFTA01241269.pdf,data-set-9-files-27,1,photo
EFTA01241270.pdf,data-set-9-files-27,1,photo
EFTA01241271.pdf,data-set-9-files-27,1,other
EFTA01241272.pdf,data-set-9-files-27,1,photo
EFTA01241273.pdf,data-set-9-files-27,1,photo
EFTA01241274.pdf,data-set-9-files-27,1,other
EFTA01241275.pdf,data-set-9-files-27,1,photo
EFTA01241276.pdf,data-set-9-files-27,1,photo
EFTA01241277.pdf,data-set-9-files-27,1,other
EFTA01241278.pdf,data-set-9-files-27,1,photo
EFTA01241279.pdf,data-set-9-files-27,1,photo
EFTA01241280.pdf,data-set-9-files-27,1,photo
EFTA01241281.pdf,data-set-9-files-27,1,photo
EFTA01241282.pdf,data-set-9-files-27,1,other
EFTA01241283.pdf,data-set-9-files-27,1,other
EFTA01241284.pdf,data-set-9-files-27,1,photo
EFTA01241285.pdf,data-set-9-files-27,1,photo
EFTA01241286.pdf,data-set-9-files-27,1,photo
EFTA01241287.pdf,data-set-9-files-27,1,other
EFTA01241288.pdf,data-set-9-files-27,1,other
EFTA01241289.pdf,data-set-9-files-27,1,photo
EFTA01241290.pdf,data-set-9-files-27,1,photo
EFTA01241291.pdf,data-set-9-files-27,1,photo
EFTA01241292.pdf,data-set-9-files-27,1,photo
EFTA01241293.pdf,data-set-9-files-27,1,photo
EFTA01241294.pdf,data-set-9-files-27,1,photo
EFTA01241295.pdf,data-set-9-files-27,1,photo
EFTA01241296.pdf,data-set-9-files-27,1,photo
EFTA01241297.pdf,data-set-9-files-27,1,photo
EFTA01241298.pdf,data-set-9-files-27,1,photo
EFTA01241299.pdf,data-set-9-files-27,1,photo
EFTA01241300.pdf,data-set-9-files-27,1,photo
EFTA01241301.pdf,data-set-9-files-27,1,photo
EFTA01241302.pdf,data-set-9-files-27,1,photo
EFTA01241303.pdf,data-set-9-files-27,1,photo
EFTA01241304.pdf,data-set-9-files-27,1,other
EFTA01241305.pdf,data-set-9-files-27,1,photo
EFTA01241306.pdf,data-set-9-files-27,1,other
EFTA01241307.pdf,data-set-9-files-27,1,photo
EFTA01241308.pdf,data-set-9-files-27,1,other
EFTA01241309.pdf,data-set-9-files-27,1,other
EFTA01241310.pdf,data-set-9-files-27,1,photo
EFTA01241311.pdf,data-set-9-files-27,1,photo
EFTA01241312.pdf,data-set-9-files-27,1,photo
EFTA01241313.pdf,data-set-9-files-27,1,photo
EFTA01241314.pdf,data-set-9-files-27,1,photo
EFTA01241315.pdf,data-set-9-files-27,1,photo
EFTA01241316.pdf,data-set-9-files-27,1,photo
EFTA01241317.pdf,data-set-9-files-27,1,photo
EFTA01241318.pdf,data-set-9-files-27,1,other
EFTA01241319.pdf,data-set-9-files-27,1,photo
EFTA01241320.pdf,data-set-9-files-27,1,photo
EFTA01241321.pdf,data-set-9-files-27,1,photo
EFTA01241322.pdf,data-set-9-files-27,1,other
EFTA01241323.pdf,data-set-9-files-27,1,photo
EFTA01241324.pdf,data-set-9-files-27,1,photo
EFTA01241325.pdf,data-set-9-files-27,1,photo
EFTA01241326.pdf,data-set-9-files-27,1,photo
EFTA01241327.pdf,data-set-9-files-27,1,photo
EFTA01241328.pdf,data-set-9-files-27,1,photo
EFTA01241329.pdf,data-set-9-files-27,1,other
EFTA01241330.pdf,data-set-9-files-27,1,photo
EFTA01241331.pdf,data-set-9-files-27,1,photo
EFTA01241332.pdf,data-set-9-files-27,1,photo
EFTA01241333.pdf,data-set-9-files-27,1,photo
EFTA01241334.pdf,data-set-9-files-27,1,photo
EFTA01241335.pdf,data-set-9-files-27,1,photo
EFTA01241336.pdf,data-set-9-files-27,1,photo
EFTA01241337.pdf,data-set-9-files-27,1,other
EFTA01241338.pdf,data-set-9-files-27,1,photo
EFTA01241339.pdf,data-set-9-files-27,1,photo
EFTA01241340.pdf,data-set-9-files-27,1,photo
EFTA01241341.pdf,data-set-9-files-27,1,photo
EFTA01241342.pdf,data-set-9-files-27,1,other
EFTA01241343.pdf,data-set-9-files-27,1,photo
EFTA01241344.pdf,data-set-9-files-27,1,photo
EFTA01241345.pdf,data-set-9-files-27,1,photo
EFTA01241346.pdf,data-set-9-files-27,1,photo
EFTA01241347.pdf,data-set-9-files-27,1,photo
EFTA01241348.pdf,data-set-9-files-27,1,photo
EFTA01241349.pdf,data-set-9-files-27,1,photo
EFTA01241350.pdf,data-set-9-files-27,1,other
EFTA01241351.pdf,data-set-9-files-27,1,photo
EFTA01241352.pdf,data-set-9-files-27,1,photo
EFTA01241353.pdf,data-set-9-files-27,1,photo
EFTA01241354.pdf,data-set-9-files-27,1,other
EFTA01241355.pdf,data-set-9-files-27,1,photo
EFTA01241356.pdf,data-set-9-files-27,1,photo
EFTA01241357.pdf,data-set-9-files-27,1,other
EFTA01241358.pdf,data-set-9-files-27,1,photo
EFTA01241359.pdf,data-set-9-files-27,1,other
EFTA01241360.pdf,data-set-9-files-27,1,photo
EFTA01241361.pdf,data-set-9-files-27,1,photo
EFTA01241362.pdf,data-set-9-files-27,1,photo
EFTA01241363.pdf,data-set-9-files-27,1,photo
EFTA01241364.pdf,data-set-9-files-27,1,photo
EFTA01241365.pdf,data-set-9-files-27,1,photo
EFTA01241366.pdf,data-set-9-files-27,1,photo
EFTA01241367.pdf,data-set-9-files-27,1,photo
EFTA01241368.pdf,data-set-9-files-27,1,photo
EFTA01241369.pdf,data-set-9-files-27,1,photo
EFTA01241370.pdf,data-set-9-files-27,1,photo
EFTA01241371.pdf,data-set-9-files-27,1,photo
EFTA01241372.pdf,data-set-9-files-27,1,photo
EFTA01241373.pdf,data-set-9-files-27,1,other
EFTA01241374.pdf,data-set-9-files-27,1,photo
EFTA01241375.pdf,data-set-9-files-27,1,photo
EFTA01241376.pdf,data-set-9-files-27,1,other
EFTA01241377.pdf,data-set-9-files-27,1,photo
EFTA01241378.pdf,data-set-9-files-27,1,photo
EFTA01241379.pdf,data-set-9-files-27,1,photo
EFTA01241380.pdf,data-set-9-files-27,1,photo
EFTA01241381.pdf,data-set-9-files-27,1,photo
EFTA01241382.pdf,data-set-9-files-27,1,photo
EFTA01241383.pdf,data-set-9-files-27,1,photo
EFTA01241384.pdf,data-set-9-files-27,1,photo
EFTA01241385.pdf,data-set-9-files-27,1,photo
EFTA01241386.pdf,data-set-9-files-27,1,other
EFTA01241387.pdf,data-set-9-files-27,1,other
EFTA01241388.pdf,data-set-9-files-27,1,photo
EFTA01241389.pdf,data-set-9-files-27,1,other
EFTA01241390.pdf,data-set-9-files-27,1,photo
EFTA01241391.pdf,data-set-9-files-27,1,other
EFTA01241392.pdf,data-set-9-files-27,1,other
EFTA01241392.png,data-set-9-files-27,1,corrupt
EFTA01241393.pdf,data-set-9-files-27,1,other
EFTA01241394.pdf,data-set-9-files-27,1,photo
EFTA01241395.pdf,data-set-9-files-27,1,photo
EFTA01241396.pdf,data-set-9-files-27,1,other
EFTA01241397.pdf,data-set-9-files-27,1,photo
EFTA01241398.pdf,data-set-9-files-27,1,other
EFTA01241399.pdf,data-set-9-files-27,1,other
EFTA01241400.pdf,data-set-9-files-27,1,other
EFTA01241401.pdf,data-set-9-files-27,1,photo
EFTA01241402.pdf,data-set-9-files-27,1,other
EFTA01241403.pdf,data-set-9-files-27,1,photo
EFTA01241404.pdf,data-set-9-files-27,1,photo
EFTA01241405.pdf,data-set-9-files-27,1,other
EFTA01241406.pdf,data-set-9-files-27,1,other
EFTA01241407.pdf,data-set-9-files-27,1,photo
EFTA01241408.pdf,data-set-9-files-27,1,photo
EFTA01241409.pdf,data-set-9-files-27,1,other
EFTA01241409.png,data-set-9-files-27,1,corrupt
EFTA01241410.pdf,data-set-9-files-27,1,photo
EFTA01241411.pdf,data-set-9-files-27,1,photo
EFTA01241412.pdf,data-set-9-files-27,1,photo
EFTA01241413.pdf,data-set-9-files-27,1,photo
EFTA01241414.pdf,data-set-9-files-27,1,photo
EFTA01241415.pdf,data-set-9-files-27,1,other
EFTA01241416.pdf,data-set-9-files-27,1,photo
EFTA01241417.pdf,data-set-9-files-27,1,other
EFTA01241418.pdf,data-set-9-files-27,1,photo
EFTA01241419.pdf,data-set-9-files-27,1,photo
EFTA01241420.pdf,data-set-9-files-27,1,photo
EFTA01241421.pdf,data-set-9-files-27,1,photo
EFTA01241422.pdf,data-set-9-files-27,1,photo
EFTA01241423.pdf,data-set-9-files-27,1,photo
EFTA01241424.pdf,data-set-9-files-27,1,other
EFTA01241425.pdf,data-set-9-files-27,1,photo
EFTA01241426.pdf,data-set-9-files-27,1,photo
EFTA01241427.pdf,data-set-9-files-27,1,other
EFTA01241428.pdf,data-set-9-files-27,1,photo
EFTA01241429.pdf,data-set-9-files-27,1,photo
EFTA01241430.pdf,data-set-9-files-27,1,photo
EFTA01241431.pdf,data-set-9-files-27,1,photo
EFTA01241432.pdf,data-set-9-files-27,1,photo
EFTA01241433.pdf,data-set-9-files-27,1,photo
EFTA01241434.pdf,data-set-9-files-27,1,other
EFTA01241435.pdf,data-set-9-files-27,1,photo
EFTA01241436.pdf,data-set-9-files-27,1,photo
EFTA01241437.pdf,data-set-9-files-27,1,photo
EFTA01241438.pdf,data-set-9-files-27,1,photo
EFTA01241439.pdf,data-set-9-files-27,1,photo
EFTA01241440.pdf,data-set-9-files-27,1,photo
EFTA01241441.pdf,data-set-9-files-27,1,other
EFTA01241442.pdf,data-set-9-files-27,1,photo
EFTA01241443.pdf,data-set-9-files-27,1,photo
EFTA01241444.pdf,data-set-9-files-27,1,photo
EFTA01241445.pdf,data-set-9-files-27,1,other
EFTA01241446.pdf,data-set-9-files-27,1,other
EFTA01241447.pdf,data-set-9-files-27,1,photo
EFTA01241448.pdf,data-set-9-files-27,1,other
EFTA01241449.pdf,data-set-9-files-27,1,photo
EFTA01241450.pdf,data-set-9-files-27,1,photo
EFTA01241451.pdf,data-set-9-files-27,1,photo
EFTA01241452.pdf,data-set-9-files-27,1,photo
EFTA01241453.pdf,data-set-9-files-27,1,other
EFTA01241454.pdf,data-set-9-files-27,1,photo
EFTA01241455.pdf,data-set-9-files-27,1,photo
EFTA01241456.pdf,data-set-9-files-27,1,photo
EFTA01241457.pdf,data-set-9-files-27,1,other
EFTA01241458.pdf,data-set-9-files-27,1,other
EFTA01241459.pdf,data-set-9-files-27,1,photo
EFTA01241460.pdf,data-set-9-files-27,1,other
EFTA01241461.pdf,data-set-9-files-27,1,photo
EFTA01241462.pdf,data-set-9-files-27,1,other
EFTA01241463.pdf,data-set-9-files-27,1,photo
EFTA01241464.pdf,data-set-9-files-27,1,photo
EFTA01241465.pdf,data-set-9-files-27,1,photo
EFTA01241466.pdf,data-set-9-files-27,1,photo
EFTA01241467.pdf,data-set-9-files-27,1,photo
EFTA01241468.pdf,data-set-9-files-27,1,other
EFTA01241469.pdf,data-set-9-files-27,1,photo
EFTA01241470.pdf,data-set-9-files-27,1,photo
EFTA01241471.pdf,data-set-9-files-27,1,photo
EFTA01241472.pdf,data-set-9-files-27,1,other
EFTA01241473.pdf,data-set-9-files-27,1,photo
EFTA01241474.pdf,data-set-9-files-27,1,photo
EFTA01241475.pdf,data-set-9-files-27,1,photo
EFTA01241476.pdf,data-set-9-files-27,1,photo
EFTA01241477.pdf,data-set-9-files-27,1,photo
EFTA01241478.pdf,data-set-9-files-27,1,other
EFTA01241479.pdf,data-set-9-files-27,1,other
EFTA01241480.pdf,data-set-9-files-27,1,photo
EFTA01241481.pdf,data-set-9-files-27,1,photo
EFTA01241482.pdf,data-set-9-files-27,1,other
EFTA01241483.pdf,data-set-9-files-27,1,photo
EFTA01241484.pdf,data-set-9-files-27,1,photo
EFTA01241485.pdf,data-set-9-files-27,1,photo
EFTA01241486.pdf,data-set-9-files-27,1,photo
EFTA01241487.pdf,data-set-9-files-27,1,photo
EFTA01241488.pdf,data-set-9-files-27,1,photo
EFTA01241489.pdf,data-set-9-files-27,1,photo
EFTA01241490.pdf,data-set-9-files-27,1,photo
EFTA01241491.pdf,data-set-9-files-27,1,photo
EFTA01241492.pdf,data-set-9-files-27,1,photo
EFTA01241493.pdf,data-set-9-files-27,1,photo
EFTA01241494.pdf,data-set-9-files-27,1,photo
EFTA01241495.pdf,data-set-9-files-27,1,photo
EFTA01241496.pdf,data-set-9-files-27,1,other
EFTA01241497.pdf,data-set-9-files-27,1,other
EFTA01241498.pdf,data-set-9-files-27,1,photo
EFTA01241499.pdf,data-set-9-files-27,1,photo
EFTA01241500.pdf,data-set-9-files-27,1,photo
EFTA01241501.pdf,data-set-9-files-27,1,photo
EFTA01241502.pdf,data-set-9-files-27,1,photo
EFTA01241503.pdf,data-set-9-files-27,1,other
EFTA01241504.pdf,data-set-9-files-27,1,photo
EFTA01241505.pdf,data-set-9-files-27,1,photo
EFTA01241506.pdf,data-set-9-files-27,1,photo
EFTA01241507.pdf,data-set-9-files-27,1,photo
EFTA01241508.pdf,data-set-9-files-27,1,photo
EFTA01241509.pdf,data-set-9-files-27,1,photo
EFTA01241510.pdf,data-set-9-files-27,1,photo
EFTA01241511.pdf,data-set-9-files-27,1,photo
EFTA01241512.pdf,data-set-9-files-27,1,photo
EFTA01241513.pdf,data-set-9-files-27,1,photo
EFTA01241514.pdf,data-set-9-files-27,1,photo
EFTA01241515.pdf,data-set-9-files-27,1,photo
EFTA01241516.pdf,data-set-9-files-27,1,photo
EFTA01241517.pdf,data-set-9-files-27,1,photo
EFTA01241518.pdf,data-set-9-files-27,1,photo
EFTA01241519.pdf,data-set-9-files-27,1,photo
EFTA01241520.pdf,data-set-9-files-27,1,photo
EFTA01241521.pdf,data-set-9-files-27,1,photo
EFTA01241522.pdf,data-set-9-files-27,1,photo
EFTA01241523.pdf,data-set-9-files-27,1,photo
EFTA01241524.pdf,data-set-9-files-27,1,photo
EFTA01241525.pdf,data-set-9-files-27,1,photo
EFTA01241526.pdf,data-set-9-files-27,1,photo
EFTA01241527.pdf,data-set-9-files-27,1,photo
EFTA01241528.pdf,data-set-9-files-27,1,photo
EFTA01241529.pdf,data-set-9-files-27,1,photo
EFTA01241530.pdf,data-set-9-files-27,1,photo
EFTA01241531.pdf,data-set-9-files-27,1,photo
EFTA01241532.pdf,data-set-9-files-27,1,photo
EFTA01241533.pdf,data-set-9-files-27,1,photo
EFTA01241534.pdf,data-set-9-files-27,1,photo
EFTA01241535.pdf,data-set-9-files-27,1,photo
EFTA01241536.pdf,data-set-9-files-27,1,photo
EFTA01241537.pdf,data-set-9-files-27,1,photo
EFTA01241538.pdf,data-set-9-files-27,1,other
EFTA01241539.pdf,data-set-9-files-27,1,photo
EFTA01241540.pdf,data-set-9-files-27,1,photo
EFTA01241541.pdf,data-set-9-files-27,1,photo
EFTA01241542.pdf,data-set-9-files-27,1,photo
EFTA01241543.pdf,data-set-9-files-27,1,photo
EFTA01241544.pdf,data-set-9-files-27,1,photo
EFTA01241545.pdf,data-set-9-files-27,1,other
EFTA01241546.pdf,data-set-9-files-27,1,photo
EFTA01241547.pdf,data-set-9-files-27,1,other
EFTA01241548.pdf,data-set-9-files-27,1,photo
EFTA01241549.pdf,data-set-9-files-27,1,other
EFTA01241550.pdf,data-set-9-files-27,1,photo
EFTA01241551.pdf,data-set-9-files-27,1,photo
EFTA01241552.pdf,data-set-9-files-27,1,photo
EFTA01241553.pdf,data-set-9-files-27,1,photo
EFTA01241554.pdf,data-set-9-files-27,1,other
EFTA01241555.pdf,data-set-9-files-27,1,photo
EFTA01241556.pdf,data-set-9-files-27,1,other
EFTA01241557.pdf,data-set-9-files-27,1,photo
EFTA01241558.pdf,data-set-9-files-27,1,photo
EFTA01241559.pdf,data-set-9-files-27,1,other
EFTA01241560.pdf,data-set-9-files-27,1,other
EFTA01241561.pdf,data-set-9-files-27,1,other
EFTA01241562.pdf,data-set-9-files-27,1,other
EFTA01241563.pdf,data-set-9-files-27,1,photo
EFTA01241564.pdf,data-set-9-files-27,1,photo
EFTA01241565.pdf,data-set-9-files-27,1,photo
EFTA01241566.pdf,data-set-9-files-27,1,photo
EFTA01241567.pdf,data-set-9-files-27,1,photo
EFTA01241568.pdf,data-set-9-files-27,1,photo
EFTA01241569.pdf,data-set-9-files-27,1,photo
EFTA01241570.pdf,data-set-9-files-27,1,photo
EFTA01241571.pdf,data-set-9-files-27,1,photo
EFTA01241572.pdf,data-set-9-files-27,1,photo
EFTA01241573.pdf,data-set-9-files-27,1,photo
EFTA01241574.pdf,data-set-9-files-27,1,photo
EFTA01241575.pdf,data-set-9-files-27,1,photo
EFTA01241576.pdf,data-set-9-files-27,1,photo
EFTA01241577.pdf,data-set-9-files-27,1,photo
EFTA01241578.pdf,data-set-9-files-27,1,photo
EFTA01241579.pdf,data-set-9-files-27,1,photo
EFTA01241580.pdf,data-set-9-files-27,1,photo
EFTA01241581.pdf,data-set-9-files-27,1,photo
EFTA01241582.pdf,data-set-9-files-27,1,photo
EFTA01241583.pdf,data-set-9-files-27,1,photo
EFTA01241584.pdf,data-set-9-files-27,1,other
EFTA01241585.pdf,data-set-9-files-27,1,photo
EFTA01241586.pdf,data-set-9-files-27,1,photo
EFTA01241587.pdf,data-set-9-files-27,1,photo
EFTA01241588.pdf,data-set-9-files-27,1,photo
EFTA01241589.pdf,data-set-9-files-27,1,photo
EFTA01241590.pdf,data-set-9-files-27,1,photo
EFTA01241591.pdf,data-set-9-files-27,1,photo
EFTA01241592.pdf,data-set-9-files-27,1,photo
EFTA01241593.pdf,data-set-9-files-27,1,photo
EFTA01241594.pdf,data-set-9-files-27,1,photo
EFTA01241595.pdf,data-set-9-files-27,1,photo
EFTA01241596.pdf,data-set-9-files-27,1,photo
EFTA01241597.pdf,data-set-9-files-27,1,photo
EFTA01241598.pdf,data-set-9-files-27,1,photo
EFTA01241599.pdf,data-set-9-files-27,1,photo
EFTA01241600.pdf,data-set-9-files-27,1,photo
EFTA01241601.pdf,data-set-9-files-27,1,photo
EFTA01241602.pdf,data-set-9-files-27,1,photo
EFTA01241603.pdf,data-set-9-files-27,1,photo
EFTA01241604.pdf,data-set-9-files-27,1,photo
EFTA01241605.pdf,data-set-9-files-27,1,photo
EFTA01241606.pdf,data-set-9-files-27,1,photo
EFTA01241607.pdf,data-set-9-files-27,1,photo
EFTA01241608.pdf,data-set-9-files-27,1,photo
EFTA01241609.pdf,data-set-9-files-27,1,photo
EFTA01241610.pdf,data-set-9-files-27,1,photo
EFTA01241611.pdf,data-set-9-files-27,1,photo
EFTA01241612.pdf,data-set-9-files-27,1,photo
EFTA01241613.pdf,data-set-9-files-27,1,photo
EFTA01241614.pdf,data-set-9-files-27,1,photo
EFTA01241615.pdf,data-set-9-files-27,1,photo
EFTA01241616.pdf,data-set-9-files-27,1,photo
EFTA01241617.pdf,data-set-9-files-27,1,photo
EFTA01241618.pdf,data-set-9-files-27,1,photo
EFTA01241619.pdf,data-set-9-files-27,1,photo
EFTA01241620.pdf,data-set-9-files-27,1,photo
EFTA01241621.pdf,data-set-9-files-27,1,photo
EFTA01241622.pdf,data-set-9-files-27,1,photo
EFTA01241623.pdf,data-set-9-files-27,1,photo
EFTA01241624.pdf,data-set-9-files-27,1,photo
EFTA01241625.pdf,data-set-9-files-27,1,photo
EFTA01241626.pdf,data-set-9-files-27,1,photo
EFTA01241627.pdf,data-set-9-files-27,1,photo
EFTA01241628.pdf,data-set-9-files-27,1,photo
EFTA01241629.pdf,data-set-9-files-27,1,photo
EFTA01241630.pdf,data-set-9-files-27,1,photo
EFTA01241631.pdf,data-set-9-files-27,1,photo
EFTA01241632.pdf,data-set-9-files-27,1,photo
EFTA01241633.pdf,data-set-9-files-27,1,photo
EFTA01241634.pdf,data-set-9-files-27,1,photo
EFTA01241635.pdf,data-set-9-files-27,1,photo
EFTA01241636.pdf,data-set-9-files-27,1,photo
EFTA01241637.pdf,data-set-9-files-27,1,photo
EFTA01241638.pdf,data-set-9-files-27,1,photo
EFTA01241639.pdf,data-set-9-files-27,1,photo
EFTA01241640.pdf,data-set-9-files-27,1,photo
EFTA01241641.pdf,data-set-9-files-27,1,photo
EFTA01241642.pdf,data-set-9-files-27,1,photo
EFTA01241643.pdf,data-set-9-files-27,1,photo
EFTA01241644.pdf,data-set-9-files-27,1,photo
EFTA01241645.pdf,data-set-9-files-27,1,photo
EFTA01241646.pdf,data-set-9-files-27,1,photo
EFTA01241647.pdf,data-set-9-files-27,1,photo
EFTA01241648.pdf,data-set-9-files-27,1,photo
EFTA01241649.pdf,data-set-9-files-27,1,photo
EFTA01241650.pdf,data-set-9-files-27,1,photo
EFTA01241651.pdf,data-set-9-files-27,1,photo
EFTA01241652.pdf,data-set-9-files-27,1,photo
EFTA01241653.pdf,data-set-9-files-27,1,photo
EFTA01241654.pdf,data-set-9-files-27,1,photo
EFTA01241655.pdf,data-set-9-files-27,1,photo
EFTA01241656.pdf,data-set-9-files-27,1,photo
EFTA01241657.pdf,data-set-9-files-27,1,photo
EFTA01241658.pdf,data-set-9-files-27,1,photo
EFTA01241659.pdf,data-set-9-files-27,1,photo
EFTA01241660.pdf,data-set-9-files-27,1,photo
EFTA01241661.pdf,data-set-9-files-27,1,photo
EFTA01241662.pdf,data-set-9-files-27,1,photo
EFTA01241663.pdf,data-set-9-files-27,1,photo
EFTA01241664.pdf,data-set-9-files-27,1,photo
EFTA01241665.pdf,data-set-9-files-27,1,photo
EFTA01241666.pdf,data-set-9-files-27,1,photo
EFTA01241667.pdf,data-set-9-files-27,1,photo
EFTA01241668.pdf,data-set-9-files-27,1,photo
EFTA01241669.pdf,data-set-9-files-27,1,photo
EFTA01241670.pdf,data-set-9-files-27,1,photo
EFTA01241671.pdf,data-set-9-files-27,1,photo
EFTA01241672.pdf,data-set-9-files-27,1,photo
EFTA01241673.pdf,data-set-9-files-27,1,photo
EFTA01241674.pdf,data-set-9-files-27,1,photo
EFTA01241675.pdf,data-set-9-files-27,1,photo
EFTA01241676.pdf,data-set-9-files-27,1,photo
EFTA01241677.pdf,data-set-9-files-27,1,photo
EFTA01241678.pdf,data-set-9-files-27,1,photo
EFTA01241679.pdf,data-set-9-files-27,1,photo
EFTA01241680.pdf,data-set-9-files-27,1,photo
EFTA01241681.pdf,data-set-9-files-27,1,photo
EFTA01241682.pdf,data-set-9-files-27,1,photo
EFTA01241683.pdf,data-set-9-files-27,1,photo
EFTA01241684.pdf,data-set-9-files-27,1,photo
EFTA01241685.pdf,data-set-9-files-27,1,photo
EFTA01241686.pdf,data-set-9-files-27,1,photo
EFTA01241687.pdf,data-set-9-files-27,1,photo
EFTA01241688.pdf,data-set-9-files-27,1,photo
EFTA01241689.pdf,data-set-9-files-27,1,photo
EFTA01241690.pdf,data-set-9-files-27,1,photo
EFTA01241691.pdf,data-set-9-files-27,1,photo
EFTA01241692.pdf,data-set-9-files-27,1,photo
EFTA01241693.pdf,data-set-9-files-27,1,photo
EFTA01241694.pdf,data-set-9-files-27,1,other
EFTA01241695.pdf,data-set-9-files-27,1,photo
EFTA01241696.pdf,data-set-9-files-27,1,photo
EFTA01241697.pdf,data-set-9-files-27,1,other
EFTA01241698.pdf,data-set-9-files-27,1,other
EFTA01241699.pdf,data-set-9-files-27,1,photo
EFTA01241700.pdf,data-set-9-files-27,1,photo
EFTA01241701.pdf,data-set-9-files-27,1,photo
EFTA01241702.pdf,data-set-9-files-27,1,photo
EFTA01241703.pdf,data-set-9-files-27,1,photo
EFTA01241704.pdf,data-set-9-files-27,1,photo
EFTA01241705.pdf,data-set-9-files-27,1,photo
EFTA01241706.pdf,data-set-9-files-27,1,photo
EFTA01241707.pdf,data-set-9-files-27,1,photo
EFTA01241708.pdf,data-set-9-files-27,1,photo
EFTA01241709.pdf,data-set-9-files-27,1,photo
EFTA01241710.pdf,data-set-9-files-27,1,photo
EFTA01241711.pdf,data-set-9-files-27,1,photo
EFTA01241712.pdf,data-set-9-files-27,1,photo
EFTA01241713.pdf,data-set-9-files-27,1,photo
EFTA01241714.pdf,data-set-9-files-27,1,photo
EFTA01241715.pdf,data-set-9-files-27,1,photo
EFTA01241716.pdf,data-set-9-files-27,1,photo
EFTA01241717.pdf,data-set-9-files-27,1,photo
EFTA01241718.pdf,data-set-9-files-27,1,photo
EFTA01241719.pdf,data-set-9-files-27,1,photo
EFTA01241720.pdf,data-set-9-files-27,1,photo
EFTA01241721.pdf,data-set-9-files-27,1,photo
EFTA01241722.pdf,data-set-9-files-27,1,photo
EFTA01241723.pdf,data-set-9-files-27,1,photo
EFTA01241724.pdf,data-set-9-files-27,1,photo
EFTA01241725.pdf,data-set-9-files-27,1,photo
EFTA01241726.pdf,data-set-9-files-27,1,photo
EFTA01241727.pdf,data-set-9-files-27,1,photo
EFTA01241728.pdf,data-set-9-files-27,1,photo
EFTA01241729.pdf,data-set-9-files-27,1,photo
EFTA01241730.pdf,data-set-9-files-27,1,photo
EFTA01241731.pdf,data-set-9-files-27,1,photo
EFTA01241732.pdf,data-set-9-files-27,1,photo
EFTA01241733.pdf,data-set-9-files-27,1,photo
EFTA01241734.pdf,data-set-9-files-27,1,photo
EFTA01241735.pdf,data-set-9-files-27,1,photo
EFTA01241736.pdf,data-set-9-files-27,1,photo
EFTA01241737.pdf,data-set-9-files-27,1,photo
EFTA01241738.pdf,data-set-9-files-27,1,photo
EFTA01241739.pdf,data-set-9-files-27,1,photo
EFTA01241740.pdf,data-set-9-files-27,1,photo
EFTA01241741.pdf,data-set-9-files-27,1,photo
EFTA01241742.pdf,data-set-9-files-27,1,photo
EFTA01241743.pdf,data-set-9-files-27,1,photo
EFTA01241744.pdf,data-set-9-files-27,1,photo
EFTA01241745.pdf,data-set-9-files-27,1,photo
EFTA01241746.pdf,data-set-9-files-27,1,photo
EFTA01241747.pdf,data-set-9-files-27,1,photo
EFTA01241748.pdf,data-set-9-files-27,1,photo
EFTA01241749.pdf,data-set-9-files-27,1,photo
EFTA01241750.pdf,data-set-9-files-27,1,photo
EFTA01241751.pdf,data-set-9-files-27,1,photo
EFTA01241752.pdf,data-set-9-files-27,1,photo
EFTA01241753.pdf,data-set-9-files-27,1,photo
EFTA01241754.pdf,data-set-9-files-27,1,photo
EFTA01241755.pdf,data-set-9-files-27,1,photo
EFTA01241756.pdf,data-set-9-files-27,1,photo
EFTA01241757.pdf,data-set-9-files-27,1,photo
EFTA01241758.pdf,data-set-9-files-27,1,photo
EFTA01241759.pdf,data-set-9-files-27,1,photo
EFTA01241760.pdf,data-set-9-files-27,1,photo
EFTA01241761.pdf,data-set-9-files-27,1,photo
EFTA01241762.pdf,data-set-9-files-27,1,photo
EFTA01241763.pdf,data-set-9-files-27,1,photo
EFTA01241764.pdf,data-set-9-files-27,1,photo
EFTA01241765.pdf,data-set-9-files-27,1,photo
EFTA01241766.pdf,data-set-9-files-27,1,photo
EFTA01241767.pdf,data-set-9-files-27,1,photo
EFTA01241768.pdf,data-set-9-files-27,1,photo
EFTA01241769.pdf,data-set-9-files-27,1,photo
EFTA01241770.pdf,data-set-9-files-27,1,photo
EFTA01241771.pdf,data-set-9-files-27,1,photo
EFTA01241772.pdf,data-set-9-files-27,1,photo
EFTA01241773.pdf,data-set-9-files-27,1,photo
EFTA01241774.pdf,data-set-9-files-27,1,photo
EFTA01241775.pdf,data-set-9-files-27,1,photo
EFTA01241776.pdf,data-set-9-files-27,1,photo
EFTA01241777.pdf,data-set-9-files-27,1,photo
EFTA01241778.pdf,data-set-9-files-27,1,photo
EFTA01241779.pdf,data-set-9-files-27,1,photo
EFTA01241780.pdf,data-set-9-files-27,1,photo
EFTA01241781.pdf,data-set-9-files-27,1,photo
EFTA01241782.pdf,data-set-9-files-27,1,photo
EFTA01241783.pdf,data-set-9-files-27,1,photo
EFTA01241784.pdf,data-set-9-files-27,1,photo
EFTA01241785.pdf,data-set-9-files-27,1,photo
EFTA01241786.pdf,data-set-9-files-27,1,photo
EFTA01241787.pdf,data-set-9-files-27,1,photo
EFTA01241788.pdf,data-set-9-files-27,1,photo
EFTA01241789.pdf,data-set-9-files-27,1,photo
EFTA01241790.pdf,data-set-9-files-27,1,photo
EFTA01241791.pdf,data-set-9-files-27,1,photo
EFTA01241792.pdf,data-set-9-files-27,1,photo
EFTA01241793.pdf,data-set-9-files-27,1,photo
EFTA01241794.pdf,data-set-9-files-27,1,photo
EFTA01241795.pdf,data-set-9-files-27,1,photo
EFTA01241796.pdf,data-set-9-files-27,1,photo
EFTA01241797.pdf,data-set-9-files-27,1,photo
EFTA01241798.pdf,data-set-9-files-27,1,photo
EFTA01241799.pdf,data-set-9-files-27,1,photo
EFTA01241800.pdf,data-set-9-files-27,1,photo
EFTA01241801.pdf,data-set-9-files-27,1,photo
EFTA01241802.pdf,data-set-9-files-27,1,photo
EFTA01241803.pdf,data-set-9-files-27,1,photo
EFTA01241804.pdf,data-set-9-files-27,1,photo
EFTA01241805.pdf,data-set-9-files-27,1,photo
EFTA01241806.pdf,data-set-9-files-27,1,photo
EFTA01241807.pdf,data-set-9-files-27,1,photo
EFTA01241808.pdf,data-set-9-files-27,1,photo
EFTA01241809.pdf,data-set-9-files-27,1,photo
EFTA01241810.pdf,data-set-9-files-27,1,photo
EFTA01241811.pdf,data-set-9-files-27,1,photo
EFTA01241812.pdf,data-set-9-files-27,1,photo
EFTA01241813.pdf,data-set-9-files-27,1,photo
EFTA01241814.pdf,data-set-9-files-27,1,photo
EFTA01241815.pdf,data-set-9-files-27,1,photo
EFTA01241816.pdf,data-set-9-files-27,1,photo
EFTA01241817.pdf,data-set-9-files-27,1,photo
EFTA01241818.pdf,data-set-9-files-27,1,photo
EFTA01241819.pdf,data-set-9-files-27,1,photo
EFTA01241820.pdf,data-set-9-files-27,1,photo
EFTA01241821.pdf,data-set-9-files-27,1,photo
EFTA01241822.pdf,data-set-9-files-27,1,photo
EFTA01241823.pdf,data-set-9-files-27,1,photo
EFTA01241824.pdf,data-set-9-files-27,1,photo
EFTA01241825.pdf,data-set-9-files-27,1,photo
EFTA01241826.pdf,data-set-9-files-27,1,photo
EFTA01241827.pdf,data-set-9-files-27,1,photo
EFTA01241828.pdf,data-set-9-files-27,1,photo
EFTA01241829.pdf,data-set-9-files-27,1,photo
EFTA01241830.pdf,data-set-9-files-27,1,photo
EFTA01241831.pdf,data-set-9-files-27,1,photo
EFTA01241832.pdf,data-set-9-files-27,1,other
EFTA01241833.pdf,data-set-9-files-27,1,photo
EFTA01241834.pdf,data-set-9-files-27,1,other
EFTA01241835.pdf,data-set-9-files-27,1,photo
EFTA01241836.pdf,data-set-9-files-27,1,other
EFTA01241837.pdf,data-set-9-files-27,1,photo
EFTA01241838.pdf,data-set-9-files-27,1,photo
EFTA01241839.pdf,data-set-9-files-27,1,other
EFTA01241840.pdf,data-set-9-files-27,1,photo
EFTA01241841.pdf,data-set-9-files-27,1,photo
EFTA01241842.pdf,data-set-9-files-27,1,photo
EFTA01241843.pdf,data-set-9-files-27,1,photo
EFTA01241844.pdf,data-set-9-files-27,1,photo
EFTA01241845.pdf,data-set-9-files-27,1,photo
EFTA01241846.pdf,data-set-9-files-27,1,other
EFTA01241847.pdf,data-set-9-files-27,1,photo
EFTA01241848.pdf,data-set-9-files-27,1,photo
EFTA01241849.pdf,data-set-9-files-27,1,photo
EFTA01241850.pdf,data-set-9-files-27,1,photo
EFTA01241851.pdf,data-set-9-files-27,1,photo
EFTA01241852.pdf,data-set-9-files-27,1,other
EFTA01241853.pdf,data-set-9-files-27,1,photo
EFTA01241854.pdf,data-set-9-files-27,1,other
EFTA01241855.pdf,data-set-9-files-27,1,photo
EFTA01241856.pdf,data-set-9-files-27,1,photo
EFTA01241857.pdf,data-set-9-files-27,1,other
EFTA01241858.pdf,data-set-9-files-27,1,photo
EFTA01241859.pdf,data-set-9-files-27,1,photo
EFTA01241860.pdf,data-set-9-files-27,1,other
EFTA01241861.pdf,data-set-9-files-27,1,photo
EFTA01241862.pdf,data-set-9-files-27,1,photo
EFTA01241863.pdf,data-set-9-files-27,1,photo
EFTA01241864.pdf,data-set-9-files-27,1,other
EFTA01241865.pdf,data-set-9-files-27,1,photo
EFTA01241866.pdf,data-set-9-files-27,1,other
EFTA01241867.pdf,data-set-9-files-27,1,other
EFTA01241868.pdf,data-set-9-files-27,1,other
EFTA01241869.pdf,data-set-9-files-27,1,photo
EFTA01241870.pdf,data-set-9-files-27,1,photo
EFTA01241871.pdf,data-set-9-files-27,1,photo
EFTA01241872.pdf,data-set-9-files-27,1,photo
EFTA01241873.pdf,data-set-9-files-27,1,photo
EFTA01241874.pdf,data-set-9-files-27,1,photo
EFTA01241875.pdf,data-set-9-files-27,1,photo
EFTA01241876.pdf,data-set-9-files-27,1,photo
EFTA01241877.pdf,data-set-9-files-27,1,photo
EFTA01241878.pdf,data-set-9-files-27,1,photo
EFTA01241879.pdf,data-set-9-files-27,1,photo
EFTA01241880.pdf,data-set-9-files-27,1,photo
EFTA01241881.pdf,data-set-9-files-27,1,photo
EFTA01241882.pdf,data-set-9-files-27,1,photo
EFTA01241883.pdf,data-set-9-files-27,1,photo
EFTA01241884.pdf,data-set-9-files-27,1,photo
EFTA01241885.pdf,data-set-9-files-27,1,photo
EFTA01241886.pdf,data-set-9-files-27,1,photo
EFTA01241887.pdf,data-set-9-files-27,1,photo
EFTA01241888.pdf,data-set-9-files-27,1,photo
EFTA01241889.pdf,data-set-9-files-27,1,photo
EFTA01241890.pdf,data-set-9-files-27,1,other
EFTA01241891.pdf,data-set-9-files-27,1,photo
EFTA01241892.pdf,data-set-9-files-27,1,photo
EFTA01241893.pdf,data-set-9-files-27,1,other
EFTA01241894.pdf,data-set-9-files-27,1,photo
EFTA01241895.pdf,data-set-9-files-27,1,photo
EFTA01241896.pdf,data-set-9-files-27,1,photo
EFTA01241897.pdf,data-set-9-files-27,1,other
EFTA01241898.pdf,data-set-9-files-27,1,photo
EFTA01241899.pdf,data-set-9-files-27,1,photo
EFTA01241900.pdf,data-set-9-files-27,1,other
EFTA01241901.pdf,data-set-9-files-27,1,other
EFTA01241902.pdf,data-set-9-files-27,1,photo
EFTA01241903.pdf,data-set-9-files-27,1,photo
EFTA01241904.pdf,data-set-9-files-27,1,other
EFTA01241905.pdf,data-set-9-files-27,1,photo
EFTA01241906.pdf,data-set-9-files-27,1,photo
EFTA01241907.pdf,data-set-9-files-27,1,photo
EFTA01241908.pdf,data-set-9-files-27,1,photo
EFTA01241909.pdf,data-set-9-files-27,1,photo
EFTA01241910.pdf,data-set-9-files-27,1,photo
EFTA01241911.pdf,data-set-9-files-27,1,other
EFTA01241912.pdf,data-set-9-files-27,1,photo
EFTA01241913.pdf,data-set-9-files-27,1,photo
EFTA01241914.pdf,data-set-9-files-27,1,other
EFTA01241915.pdf,data-set-9-files-27,1,photo
EFTA01241916.pdf,data-set-9-files-27,1,photo
EFTA01241917.pdf,data-set-9-files-27,1,photo
EFTA01241918.pdf,data-set-9-files-27,1,other
EFTA01241919.pdf,data-set-9-files-27,1,other
EFTA01241920.pdf,data-set-9-files-27,1,other
EFTA01241921.pdf,data-set-9-files-27,1,photo
EFTA01241922.pdf,data-set-9-files-27,1,photo
EFTA01241923.pdf,data-set-9-files-27,1,photo
EFTA01241924.pdf,data-set-9-files-27,1,photo
EFTA01241925.pdf,data-set-9-files-27,1,photo
EFTA01241926.pdf,data-set-9-files-27,1,photo
EFTA01241927.pdf,data-set-9-files-27,1,photo
EFTA01241928.pdf,data-set-9-files-27,1,other
EFTA01241929.pdf,data-set-9-files-27,1,other
EFTA01241930.pdf,data-set-9-files-27,1,photo
EFTA01241931.pdf,data-set-9-files-27,1,photo
EFTA01241932.pdf,data-set-9-files-27,1,photo
EFTA01241933.pdf,data-set-9-files-27,1,photo
EFTA01241934.pdf,data-set-9-files-27,1,photo
EFTA01241935.pdf,data-set-9-files-27,1,other
EFTA01241936.pdf,data-set-9-files-27,1,photo
EFTA01241937.pdf,data-set-9-files-27,1,photo
EFTA01241938.pdf,data-set-9-files-27,1,photo
EFTA01241939.pdf,data-set-9-files-27,1,other
EFTA01241940.pdf,data-set-9-files-27,1,other
EFTA01241941.pdf,data-set-9-files-27,1,other
EFTA01241942.pdf,data-set-9-files-27,1,photo
EFTA01241943.pdf,data-set-9-files-27,1,photo
EFTA01241944.pdf,data-set-9-files-27,1,photo
EFTA01241945.pdf,data-set-9-files-27,1,other
EFTA01241946.pdf,data-set-9-files-27,1,photo
EFTA01241947.pdf,data-set-9-files-27,1,photo
EFTA01241948.pdf,data-set-9-files-27,1,photo
EFTA01241949.pdf,data-set-9-files-27,1,photo
EFTA01241950.pdf,data-set-9-files-27,1,photo
EFTA01241951.pdf,data-set-9-files-27,1,photo
EFTA01241952.pdf,data-set-9-files-27,1,photo
EFTA01241953.pdf,data-set-9-files-27,1,photo
EFTA01241954.pdf,data-set-9-files-27,1,photo
EFTA01241955.pdf,data-set-9-files-27,1,other
EFTA01241956.pdf,data-set-9-files-27,1,photo
EFTA01241957.pdf,data-set-9-files-27,1,photo
EFTA01241958.pdf,data-set-9-files-27,1,photo
EFTA01241959.pdf,data-set-9-files-27,1,photo
EFTA01241960.pdf,data-set-9-files-27,1,photo
EFTA01241961.pdf,data-set-9-files-27,1,photo
EFTA01241962.pdf,data-set-9-files-27,1,photo
EFTA01241963.pdf,data-set-9-files-27,1,photo
EFTA01241964.pdf,data-set-9-files-27,1,photo
EFTA01241965.pdf,data-set-9-files-27,1,photo
EFTA01241966.pdf,data-set-9-files-27,1,photo
EFTA01241967.pdf,data-set-9-files-27,1,photo
EFTA01241968.pdf,data-set-9-files-27,1,other
EFTA01241969.pdf,data-set-9-files-27,1,photo
EFTA01241970.pdf,data-set-9-files-27,1,other
EFTA01241971.pdf,data-set-9-files-27,1,photo
EFTA01241972.pdf,data-set-9-files-27,1,photo
EFTA01241973.pdf,data-set-9-files-27,1,photo
EFTA01241974.pdf,data-set-9-files-27,1,photo
EFTA01241975.pdf,data-set-9-files-27,1,photo
EFTA01241976.pdf,data-set-9-files-27,1,other
EFTA01241977.pdf,data-set-9-files-27,1,photo
EFTA01241978.pdf,data-set-9-files-27,1,photo
EFTA01241979.pdf,data-set-9-files-27,1,photo
EFTA01241980.pdf,data-set-9-files-27,1,photo
EFTA01241981.pdf,data-set-9-files-27,1,photo
EFTA01241982.pdf,data-set-9-files-27,1,other
EFTA01241983.pdf,data-set-9-files-27,1,photo
EFTA01241984.pdf,data-set-9-files-27,1,photo
EFTA01241985.pdf,data-set-9-files-27,1,photo
EFTA01241986.pdf,data-set-9-files-27,1,photo
EFTA01241987.pdf,data-set-9-files-27,1,photo
EFTA01241988.pdf,data-set-9-files-27,1,other
EFTA01241989.pdf,data-set-9-files-27,1,photo
EFTA01241990.pdf,data-set-9-files-27,1,photo
EFTA01241991.pdf,data-set-9-files-27,1,photo
EFTA01241992.pdf,data-set-9-files-27,1,photo
EFTA01241993.pdf,data-set-9-files-27,1,photo
EFTA01241994.pdf,data-set-9-files-27,1,photo
EFTA01241995.pdf,data-set-9-files-27,1,photo
EFTA01241996.pdf,data-set-9-files-27,1,photo
EFTA01241997.pdf,data-set-9-files-27,1,photo
EFTA01241998.pdf,data-set-9-files-27,1,other
EFTA01241999.pdf,data-set-9-files-27,1,photo
EFTA01242000.pdf,data-set-9-files-27,1,photo
EFTA01242001.pdf,data-set-9-files-27,1,photo
EFTA01242002.pdf,data-set-9-files-27,1,photo
EFTA01242003.pdf,data-set-9-files-27,1,photo
EFTA01242004.pdf,data-set-9-files-27,1,other
EFTA01242005.pdf,data-set-9-files-27,1,photo
EFTA01242006.pdf,data-set-9-files-27,1,photo
EFTA01242007.pdf,data-set-9-files-27,1,other
EFTA01242008.pdf,data-set-9-files-27,1,photo
EFTA01242009.pdf,data-set-9-files-27,1,other
EFTA01242010.pdf,data-set-9-files-27,1,photo
EFTA01242011.pdf,data-set-9-files-27,1,photo
EFTA01242012.pdf,data-set-9-files-27,1,photo
EFTA01242013.pdf,data-set-9-files-27,1,photo
EFTA01242014.pdf,data-set-9-files-27,1,photo
EFTA01242015.pdf,data-set-9-files-27,1,photo
EFTA01242016.pdf,data-set-9-files-27,1,other
EFTA01242017.pdf,data-set-9-files-27,1,photo
EFTA01242018.pdf,data-set-9-files-27,1,photo
EFTA01242019.pdf,data-set-9-files-27,1,photo
EFTA01242020.pdf,data-set-9-files-27,1,photo
EFTA01242021.pdf,data-set-9-files-27,1,photo
EFTA01242022.pdf,data-set-9-files-27,1,photo
EFTA01242023.pdf,data-set-9-files-27,1,photo
EFTA01242024.pdf,data-set-9-files-27,1,other
EFTA01242025.pdf,data-set-9-files-27,1,photo
EFTA01242026.pdf,data-set-9-files-27,1,photo
EFTA01242027.pdf,data-set-9-files-27,1,photo
EFTA01242028.pdf,data-set-9-files-27,1,other
EFTA01242029.pdf,data-set-9-files-27,1,photo
EFTA01242030.pdf,data-set-9-files-27,1,photo
EFTA01242031.pdf,data-set-9-files-27,1,photo
EFTA01242032.pdf,data-set-9-files-27,1,photo
EFTA01242033.pdf,data-set-9-files-27,1,photo
EFTA01242034.pdf,data-set-9-files-27,1,photo
EFTA01242035.pdf,data-set-9-files-27,1,photo
EFTA01242036.pdf,data-set-9-files-27,1,photo
EFTA01242037.pdf,data-set-9-files-27,1,photo
EFTA01242038.pdf,data-set-9-files-27,1,photo
EFTA01242039.pdf,data-set-9-files-27,1,photo
EFTA01242040.pdf,data-set-9-files-27,1,other
EFTA01242041.pdf,data-set-9-files-27,1,photo
EFTA01242042.pdf,data-set-9-files-27,1,other
EFTA01242043.pdf,data-set-9-files-27,1,other
EFTA01242044.pdf,data-set-9-files-27,1,photo
EFTA01242045.pdf,data-set-9-files-27,1,other
EFTA01242046.pdf,data-set-9-files-27,1,other
EFTA01242047.pdf,data-set-9-files-27,1,photo
EFTA01242048.pdf,data-set-9-files-27,1,other
EFTA01242049.pdf,data-set-9-files-27,1,other
EFTA01242050.pdf,data-set-9-files-27,1,photo
EFTA01242051.pdf,data-set-9-files-27,1,other
EFTA01242052.pdf,data-set-9-files-27,1,other
EFTA01242053.pdf,data-set-9-files-27,1,other
EFTA01242054.pdf,data-set-9-files-27,1,photo
EFTA01242055.pdf,data-set-9-files-27,1,photo
EFTA01242056.pdf,data-set-9-files-27,1,photo
EFTA01242057.pdf,data-set-9-files-27,1,other
EFTA01242058.pdf,data-set-9-files-27,1,photo
EFTA01242059.pdf,data-set-9-files-27,1,other
EFTA01242060.pdf,data-set-9-files-27,1,other
EFTA01242061.pdf,data-set-9-files-27,1,photo
EFTA01242062.pdf,data-set-9-files-27,1,photo
EFTA01242063.pdf,data-set-9-files-27,1,photo
EFTA01242064.pdf,data-set-9-files-27,1,photo
EFTA01242065.pdf,data-set-9-files-27,1,photo
EFTA01242066.pdf,data-set-9-files-27,1,photo
EFTA01242067.pdf,data-set-9-files-27,1,other
EFTA01242068.pdf,data-set-9-files-27,1,photo
EFTA01242069.pdf,data-set-9-files-27,1,photo
EFTA01242070.pdf,data-set-9-files-27,1,photo
EFTA01242071.pdf,data-set-9-files-27,1,other
EFTA01242072.pdf,data-set-9-files-27,1,other
EFTA01242073.pdf,data-set-9-files-27,1,other
EFTA01242074.pdf,data-set-9-files-27,1,photo
EFTA01242075.pdf,data-set-9-files-27,1,other
EFTA01242076.pdf,data-set-9-files-27,1,photo
EFTA01242077.pdf,data-set-9-files-27,1,other
EFTA01242078.pdf,data-set-9-files-27,1,photo
EFTA01242079.pdf,data-set-9-files-27,1,other
EFTA01242080.pdf,data-set-9-files-27,1,photo
EFTA01242081.pdf,data-set-9-files-27,1,photo
EFTA01242082.pdf,data-set-9-files-27,1,photo
EFTA01242083.pdf,data-set-9-files-27,1,other
EFTA01242084.pdf,data-set-9-files-27,1,photo
EFTA01242085.pdf,data-set-9-files-27,1,photo
EFTA01242086.pdf,data-set-9-files-27,1,photo
EFTA01242087.pdf,data-set-9-files-27,1,photo
EFTA01242088.pdf,data-set-9-files-27,1,photo
EFTA01242089.pdf,data-set-9-files-27,1,photo
EFTA01242090.pdf,data-set-9-files-27,1,photo
EFTA01242091.pdf,data-set-9-files-27,1,photo
EFTA01242092.pdf,data-set-9-files-27,1,photo
EFTA01242093.pdf,data-set-9-files-27,1,photo
EFTA01242094.pdf,data-set-9-files-27,1,other
EFTA01242095.pdf,data-set-9-files-27,1,photo
EFTA01242096.pdf,data-set-9-files-27,1,photo
EFTA01242097.pdf,data-set-9-files-27,1,photo
EFTA01242098.pdf,data-set-9-files-27,1,other
EFTA01242099.pdf,data-set-9-files-27,1,photo
EFTA01242100.pdf,data-set-9-files-27,1,other
EFTA01242101.pdf,data-set-9-files-27,1,photo
EFTA01242102.pdf,data-set-9-files-27,1,photo
EFTA01242103.pdf,data-set-9-files-27,1,photo
EFTA01242104.pdf,data-set-9-files-27,1,photo
EFTA01242105.pdf,data-set-9-files-27,1,photo
EFTA01242106.pdf,data-set-9-files-27,1,photo
EFTA01242107.pdf,data-set-9-files-27,1,photo
EFTA01242108.pdf,data-set-9-files-27,1,photo
EFTA01242109.pdf,data-set-9-files-27,1,other
EFTA01242110.pdf,data-set-9-files-27,1,photo
EFTA01242111.pdf,data-set-9-files-27,1,photo
EFTA01242112.pdf,data-set-9-files-27,1,photo
EFTA01242113.pdf,data-set-9-files-27,1,photo
EFTA01242114.pdf,data-set-9-files-27,1,photo
EFTA01242115.pdf,data-set-9-files-27,1,photo
EFTA01242116.pdf,data-set-9-files-27,1,photo
EFTA01242117.pdf,data-set-9-files-27,1,photo
EFTA01242118.pdf,data-set-9-files-27,1,photo
EFTA01242119.pdf,data-set-9-files-27,1,photo
EFTA01242120.pdf,data-set-9-files-27,1,photo
EFTA01242121.pdf,data-set-9-files-27,1,photo
EFTA01242122.pdf,data-set-9-files-27,1,photo
EFTA01242123.pdf,data-set-9-files-27,1,photo
EFTA01242124.pdf,data-set-9-files-27,1,photo
EFTA01242125.pdf,data-set-9-files-27,1,photo
EFTA01242126.pdf,data-set-9-files-27,1,photo
EFTA01242127.pdf,data-set-9-files-27,1,photo
EFTA01242128.pdf,data-set-9-files-27,1,photo
EFTA01242129.pdf,data-set-9-files-27,1,photo
EFTA01242130.pdf,data-set-9-files-27,1,photo
EFTA01242131.pdf,data-set-9-files-27,1,other
EFTA01242132.pdf,data-set-9-files-27,1,photo
EFTA01242133.pdf,data-set-9-files-27,1,other
EFTA01242134.pdf,data-set-9-files-27,1,photo
EFTA01242135.pdf,data-set-9-files-27,1,photo
EFTA01242136.pdf,data-set-9-files-27,1,other
EFTA01242137.pdf,data-set-9-files-27,1,photo
EFTA01242138.pdf,data-set-9-files-27,1,photo
EFTA01242139.pdf,data-set-9-files-27,1,photo
EFTA01242140.pdf,data-set-9-files-27,1,photo
EFTA01242141.pdf,data-set-9-files-27,1,photo
EFTA01242142.pdf,data-set-9-files-27,1,other
EFTA01242143.pdf,data-set-9-files-27,1,photo
EFTA01242144.pdf,data-set-9-files-27,1,other
EFTA01242145.pdf,data-set-9-files-27,1,photo
EFTA01242146.pdf,data-set-9-files-27,1,photo
EFTA01242147.pdf,data-set-9-files-27,1,other
EFTA01242147.png,data-set-9-files-27,1,corrupt
EFTA01242148.pdf,data-set-9-files-27,1,photo
EFTA01242149.pdf,data-set-9-files-27,1,other
EFTA01242150.pdf,data-set-9-files-27,1,other
EFTA01242151.pdf,data-set-9-files-27,1,other
EFTA01242152.pdf,data-set-9-files-27,1,photo
EFTA01242153.pdf,data-set-9-files-27,1,photo
EFTA01242154.pdf,data-set-9-files-27,1,photo
EFTA01242155.pdf,data-set-9-files-27,1,photo
EFTA01242156.pdf,data-set-9-files-27,1,photo
EFTA01242157.pdf,data-set-9-files-27,1,photo
EFTA01242158.pdf,data-set-9-files-27,1,photo
EFTA01242159.pdf,data-set-9-files-27,1,photo
EFTA01242160.pdf,data-set-9-files-27,1,photo
EFTA01242161.pdf,data-set-9-files-27,1,photo
EFTA01242162.pdf,data-set-9-files-27,1,photo
EFTA01242163.pdf,data-set-9-files-27,1,photo
EFTA01242164.pdf,data-set-9-files-27,1,photo
EFTA01242165.pdf,data-set-9-files-27,1,photo
EFTA01242166.pdf,data-set-9-files-27,1,photo
EFTA01242167.pdf,data-set-9-files-27,1,other
EFTA01242167.png,data-set-9-files-27,1,corrupt
EFTA01242168.pdf,data-set-9-files-27,1,photo
EFTA01242169.pdf,data-set-9-files-27,1,photo
EFTA01242170.pdf,data-set-9-files-27,1,other
EFTA01242171.pdf,data-set-9-files-27,1,photo
EFTA01242172.pdf,data-set-9-files-27,1,photo
EFTA01242173.pdf,data-set-9-files-27,1,other
EFTA01242174.pdf,data-set-9-files-27,1,other
EFTA01242175.pdf,data-set-9-files-27,1,photo
EFTA01242176.pdf,data-set-9-files-27,1,other
EFTA01242177.pdf,data-set-9-files-27,1,photo
EFTA01242178.pdf,data-set-9-files-27,1,photo
EFTA01242179.pdf,data-set-9-files-27,1,other
EFTA01242180.pdf,data-set-9-files-27,1,photo
EFTA01242181.pdf,data-set-9-files-27,1,other
EFTA01242182.pdf,data-set-9-files-27,1,other
EFTA01242183.pdf,data-set-9-files-27,1,other
EFTA01242184.pdf,data-set-9-files-27,1,photo
EFTA01242185.pdf,data-set-9-files-27,1,photo
EFTA01242186.pdf,data-set-9-files-27,1,other
EFTA01242187.pdf,data-set-9-files-27,1,photo
EFTA01242188.pdf,data-set-9-files-27,1,photo
EFTA01242189.pdf,data-set-9-files-27,1,photo
EFTA01242190.pdf,data-set-9-files-27,1,photo
EFTA01242191.pdf,data-set-9-files-27,1,other
EFTA01242192.pdf,data-set-9-files-27,1,photo
EFTA01242193.pdf,data-set-9-files-27,1,photo
EFTA01242194.pdf,data-set-9-files-27,1,photo
EFTA01242195.pdf,data-set-9-files-27,1,photo
EFTA01242196.pdf,data-set-9-files-27,1,other
EFTA01242197.pdf,data-set-9-files-27,1,other
EFTA01242198.pdf,data-set-9-files-27,1,photo
EFTA01242199.pdf,data-set-9-files-27,1,photo
EFTA01242200.pdf,data-set-9-files-27,1,photo
EFTA01242201.pdf,data-set-9-files-27,1,photo
EFTA01242202.pdf,data-set-9-files-27,1,other
EFTA01242203.pdf,data-set-9-files-27,1,photo
EFTA01242204.pdf,data-set-9-files-27,1,other
EFTA01242205.pdf,data-set-9-files-27,1,photo
EFTA01242206.pdf,data-set-9-files-27,1,photo
EFTA01242207.pdf,data-set-9-files-27,1,other
EFTA01242208.pdf,data-set-9-files-27,1,other
EFTA01242209.pdf,data-set-9-files-27,1,photo
EFTA01242210.pdf,data-set-9-files-27,1,photo
EFTA01242211.pdf,data-set-9-files-27,1,photo
EFTA01242212.pdf,data-set-9-files-27,1,photo
EFTA01242213.pdf,data-set-9-files-27,1,photo
EFTA01242214.pdf,data-set-9-files-27,1,photo
EFTA01242215.pdf,data-set-9-files-27,1,other
EFTA01242216.pdf,data-set-9-files-27,1,photo
EFTA01242217.pdf,data-set-9-files-27,1,other
EFTA01242218.pdf,data-set-9-files-27,1,photo
EFTA01242219.pdf,data-set-9-files-27,1,photo
EFTA01242220.pdf,data-set-9-files-27,1,photo
EFTA01242221.pdf,data-set-9-files-27,1,photo
EFTA01242222.pdf,data-set-9-files-27,1,photo
EFTA01242223.pdf,data-set-9-files-27,1,photo
EFTA01242224.pdf,data-set-9-files-27,1,photo
EFTA01242225.pdf,data-set-9-files-27,1,photo
EFTA01242226.pdf,data-set-9-files-27,1,photo
EFTA01242227.pdf,data-set-9-files-27,1,other
EFTA01242228.pdf,data-set-9-files-27,1,other
EFTA01242229.pdf,data-set-9-files-27,1,other
EFTA01242230.pdf,data-set-9-files-27,1,photo
EFTA01242231.pdf,data-set-9-files-27,1,other
EFTA01242232.pdf,data-set-9-files-27,1,photo
EFTA01242233.pdf,data-set-9-files-27,1,photo
EFTA01242234.pdf,data-set-9-files-27,1,photo
EFTA01242235.pdf,data-set-9-files-27,1,photo
EFTA01242236.pdf,data-set-9-files-27,1,other
EFTA01242237.pdf,data-set-9-files-27,1,photo
EFTA01242238.pdf,data-set-9-files-27,1,photo
EFTA01242239.pdf,data-set-9-files-27,1,other
EFTA01242240.pdf,data-set-9-files-27,1,photo
EFTA01242241.pdf,data-set-9-files-27,1,photo
EFTA01242242.pdf,data-set-9-files-27,1,photo
EFTA01242243.pdf,data-set-9-files-27,1,photo
EFTA01242244.pdf,data-set-9-files-27,1,photo
EFTA01242245.pdf,data-set-9-files-27,1,photo
EFTA01242246.pdf,data-set-9-files-27,1,other
EFTA01242247.pdf,data-set-9-files-27,1,photo
EFTA01242248.pdf,data-set-9-files-27,1,photo
EFTA01242249.pdf,data-set-9-files-27,1,photo
EFTA01242250.pdf,data-set-9-files-27,1,photo
EFTA01242251.pdf,data-set-9-files-27,1,photo
EFTA01242252.pdf,data-set-9-files-27,1,other
EFTA01242253.pdf,data-set-9-files-27,1,photo
EFTA01242254.pdf,data-set-9-files-27,1,photo
EFTA01242255.pdf,data-set-9-files-27,1,other
EFTA01242256.pdf,data-set-9-files-27,1,photo
EFTA01242257.pdf,data-set-9-files-27,1,other
EFTA01242258.pdf,data-set-9-files-27,1,other
EFTA01242259.pdf,data-set-9-files-27,1,other
EFTA01242260.pdf,data-set-9-files-27,1,photo
EFTA01242261.pdf,data-set-9-files-27,1,photo
EFTA01242262.pdf,data-set-9-files-27,1,photo
EFTA01242263.pdf,data-set-9-files-27,1,photo
EFTA01242264.pdf,data-set-9-files-27,1,other
EFTA01242265.pdf,data-set-9-files-27,1,photo
EFTA01242266.pdf,data-set-9-files-27,1,photo
EFTA01242267.pdf,data-set-9-files-27,1,other
EFTA01242268.pdf,data-set-9-files-27,1,other
EFTA01242269.pdf,data-set-9-files-27,1,other
EFTA01242270.pdf,data-set-9-files-27,1,other
EFTA01242271.pdf,data-set-9-files-27,1,photo
EFTA01242272.pdf,data-set-9-files-27,1,photo
EFTA01242273.pdf,data-set-9-files-27,1,photo
EFTA01242274.pdf,data-set-9-files-27,1,photo
EFTA01242275.pdf,data-set-9-files-27,1,other
EFTA01242276.pdf,data-set-9-files-27,1,photo
EFTA01242277.pdf,data-set-9-files-27,1,other
EFTA01242278.pdf,data-set-9-files-27,1,photo
EFTA01242279.pdf,data-set-9-files-27,1,photo
EFTA01242280.pdf,data-set-9-files-27,1,other
EFTA01242281.pdf,data-set-9-files-27,1,photo
EFTA01242282.pdf,data-set-9-files-27,1,other
EFTA01242283.pdf,data-set-9-files-27,1,photo
EFTA01242284.pdf,data-set-9-files-27,1,photo
EFTA01242285.pdf,data-set-9-files-27,1,photo
EFTA01242286.pdf,data-set-9-files-27,1,other
EFTA01242287.pdf,data-set-9-files-27,1,other
EFTA01242288.pdf,data-set-9-files-27,1,other
EFTA01242289.pdf,data-set-9-files-27,1,photo
EFTA01242290.pdf,data-set-9-files-27,1,photo
EFTA01242291.pdf,data-set-9-files-27,1,photo
EFTA01242292.pdf,data-set-9-files-27,1,other
EFTA01242293.pdf,data-set-9-files-27,1,photo
EFTA01242294.pdf,data-set-9-files-27,1,photo
EFTA01242295.pdf,data-set-9-files-27,1,photo
EFTA01242296.pdf,data-set-9-files-27,1,photo
EFTA01242297.pdf,data-set-9-files-27,1,photo
EFTA01242298.pdf,data-set-9-files-27,1,photo
EFTA01242299.pdf,data-set-9-files-27,1,photo
EFTA01242300.pdf,data-set-9-files-27,1,photo
EFTA01242301.pdf,data-set-9-files-27,1,photo
EFTA01242302.pdf,data-set-9-files-27,1,photo
EFTA01242303.pdf,data-set-9-files-27,1,photo
EFTA01242304.pdf,data-set-9-files-27,1,photo
EFTA01242305.pdf,data-set-9-files-27,1,photo
EFTA01242306.pdf,data-set-9-files-27,1,photo
EFTA01242307.pdf,data-set-9-files-27,1,other
EFTA01242308.pdf,data-set-9-files-27,1,photo
EFTA01242309.pdf,data-set-9-files-27,1,photo
EFTA01242310.pdf,data-set-9-files-27,1,photo
EFTA01242311.pdf,data-set-9-files-27,1,photo
EFTA01242312.pdf,data-set-9-files-27,1,photo
EFTA01242313.pdf,data-set-9-files-27,1,photo
EFTA01242314.pdf,data-set-9-files-27,1,photo
EFTA01242315.pdf,data-set-9-files-27,1,photo
EFTA01242316.pdf,data-set-9-files-27,1,other
EFTA01242317.pdf,data-set-9-files-27,1,other
EFTA01242318.pdf,data-set-9-files-27,1,photo
EFTA01242319.pdf,data-set-9-files-27,1,photo
EFTA01242320.pdf,data-set-9-files-27,1,other
EFTA01242321.pdf,data-set-9-files-27,1,other
EFTA01242322.pdf,data-set-9-files-27,1,photo
EFTA01242323.pdf,data-set-9-files-27,1,other
EFTA01242324.pdf,data-set-9-files-27,1,photo
EFTA01242325.pdf,data-set-9-files-27,1,other
EFTA01242326.pdf,data-set-9-files-27,1,other
EFTA01242327.pdf,data-set-9-files-27,1,photo
EFTA01242328.pdf,data-set-9-files-27,1,other
EFTA01242329.pdf,data-set-9-files-27,1,other
EFTA01242330.pdf,data-set-9-files-27,1,other
EFTA01242331.pdf,data-set-9-files-27,1,other
EFTA01242332.pdf,data-set-9-files-27,1,photo
EFTA01242333.pdf,data-set-9-files-27,1,photo
EFTA01242334.pdf,data-set-9-files-27,1,photo
EFTA01242335.pdf,data-set-9-files-27,1,photo
EFTA01242336.pdf,data-set-9-files-27,1,other
EFTA01242337.pdf,data-set-9-files-27,1,photo
EFTA01242338.pdf,data-set-9-files-27,1,photo
EFTA01242339.pdf,data-set-9-files-27,1,other
EFTA01242340.pdf,data-set-9-files-27,1,other
EFTA01242341.pdf,data-set-9-files-27,1,other
EFTA01242342.pdf,data-set-9-files-27,1,photo
EFTA01242343.pdf,data-set-9-files-27,1,other
EFTA01242344.pdf,data-set-9-files-27,1,photo
EFTA01242345.pdf,data-set-9-files-27,1,photo
EFTA01242346.pdf,data-set-9-files-27,1,other
EFTA01242347.pdf,data-set-9-files-27,1,other
EFTA01242348.pdf,data-set-9-files-27,1,other
EFTA01242349.pdf,data-set-9-files-27,1,photo
EFTA01242350.pdf,data-set-9-files-27,1,other
EFTA01242351.pdf,data-set-9-files-27,1,other
EFTA01242352.pdf,data-set-9-files-27,1,other
EFTA01242353.pdf,data-set-9-files-27,1,photo
EFTA01242354.pdf,data-set-9-files-27,1,photo
EFTA01242355.pdf,data-set-9-files-27,1,photo
EFTA01242356.pdf,data-set-9-files-27,1,photo
EFTA01242357.pdf,data-set-9-files-27,1,photo
EFTA01242358.pdf,data-set-9-files-27,1,photo
EFTA01242359.pdf,data-set-9-files-27,1,other
EFTA01242360.pdf,data-set-9-files-27,1,other
EFTA01242361.pdf,data-set-9-files-27,1,photo
EFTA01242362.pdf,data-set-9-files-27,1,photo
EFTA01242363.pdf,data-set-9-files-27,1,photo
EFTA01242364.pdf,data-set-9-files-27,1,photo
EFTA01242365.pdf,data-set-9-files-27,1,photo
EFTA01242366.pdf,data-set-9-files-27,1,photo
EFTA01242367.pdf,data-set-9-files-27,1,photo
EFTA01242368.pdf,data-set-9-files-27,1,photo
EFTA01242369.pdf,data-set-9-files-27,1,other
EFTA01242370.pdf,data-set-9-files-27,1,other
EFTA01242371.pdf,data-set-9-files-27,1,other
EFTA01242372.pdf,data-set-9-files-27,1,photo
EFTA01242373.pdf,data-set-9-files-27,1,other
EFTA01242374.pdf,data-set-9-files-27,1,photo
EFTA01242375.pdf,data-set-9-files-27,1,photo
EFTA01242376.pdf,data-set-9-files-27,1,other
EFTA01242377.pdf,data-set-9-files-27,1,photo
EFTA01242378.pdf,data-set-9-files-27,1,photo
EFTA01242379.pdf,data-set-9-files-27,1,photo
EFTA01242380.pdf,data-set-9-files-27,1,photo
EFTA01242381.pdf,data-set-9-files-27,1,other
EFTA01242382.pdf,data-set-9-files-27,1,photo
EFTA01242383.pdf,data-set-9-files-27,1,photo
EFTA01242384.pdf,data-set-9-files-27,1,other
EFTA01242385.pdf,data-set-9-files-27,1,photo
EFTA01242386.pdf,data-set-9-files-27,1,other
EFTA01242387.pdf,data-set-9-files-27,1,other
EFTA01242388.pdf,data-set-9-files-27,1,photo
EFTA01242389.pdf,data-set-9-files-27,1,other
EFTA01242390.pdf,data-set-9-files-27,1,other
EFTA01242391.pdf,data-set-9-files-27,1,other
EFTA01242392.pdf,data-set-9-files-27,1,photo
EFTA01242393.pdf,data-set-9-files-27,1,photo
EFTA01242394.pdf,data-set-9-files-27,1,photo
EFTA01242395.pdf,data-set-9-files-27,1,other
EFTA01242396.pdf,data-set-9-files-27,1,other
EFTA01242397.pdf,data-set-9-files-27,1,photo
EFTA01242398.pdf,data-set-9-files-27,1,photo
EFTA01242399.pdf,data-set-9-files-27,1,other
EFTA01242400.pdf,data-set-9-files-27,1,other
EFTA01242401.pdf,data-set-9-files-27,1,photo
EFTA01242402.pdf,data-set-9-files-27,1,other
EFTA01242403.pdf,data-set-9-files-27,1,photo
EFTA01242404.pdf,data-set-9-files-27,1,photo
EFTA01242405.pdf,data-set-9-files-27,1,photo
EFTA01242406.pdf,data-set-9-files-27,1,other
EFTA01242407.pdf,data-set-9-files-27,1,photo
EFTA01242408.pdf,data-set-9-files-27,1,other
EFTA01242409.pdf,data-set-9-files-27,1,other
EFTA01242410.pdf,data-set-9-files-27,1,photo
EFTA01242411.pdf,data-set-9-files-27,1,photo
EFTA01242412.pdf,data-set-9-files-27,1,other
EFTA01242413.pdf,data-set-9-files-27,1,photo
EFTA01242414.pdf,data-set-9-files-27,1,other
EFTA01242415.pdf,data-set-9-files-27,1,photo
EFTA01242416.pdf,data-set-9-files-27,1,other
EFTA01242417.pdf,data-set-9-files-27,1,photo
EFTA01242418.pdf,data-set-9-files-27,1,photo
EFTA01242419.pdf,data-set-9-files-27,1,other
EFTA01242420.pdf,data-set-9-files-27,1,photo
EFTA01242421.pdf,data-set-9-files-27,1,photo
EFTA01242422.pdf,data-set-9-files-27,1,photo
EFTA01242423.pdf,data-set-9-files-27,1,other
EFTA01242424.pdf,data-set-9-files-27,1,other
EFTA01242425.pdf,data-set-9-files-27,1,other
EFTA01242426.pdf,data-set-9-files-27,1,other
EFTA01242427.pdf,data-set-9-files-27,1,other
EFTA01242428.pdf,data-set-9-files-27,1,photo
EFTA01242429.pdf,data-set-9-files-27,1,photo
EFTA01242430.pdf,data-set-9-files-27,1,photo
EFTA01242431.pdf,data-set-9-files-27,1,photo
EFTA01242432.pdf,data-set-9-files-27,1,other
EFTA01242433.pdf,data-set-9-files-27,1,photo
EFTA01242434.pdf,data-set-9-files-27,1,photo
EFTA01242435.pdf,data-set-9-files-27,1,photo
EFTA01242436.pdf,data-set-9-files-27,1,other
EFTA01242437.pdf,data-set-9-files-27,1,other
EFTA01242438.pdf,data-set-9-files-27,1,photo
EFTA01242439.pdf,data-set-9-files-27,1,other
EFTA01242440.pdf,data-set-9-files-27,1,other
EFTA01242441.pdf,data-set-9-files-27,1,photo
EFTA01242442.pdf,data-set-9-files-27,1,photo
EFTA01242443.pdf,data-set-9-files-27,1,photo
EFTA01242444.pdf,data-set-9-files-27,1,photo
EFTA01242445.pdf,data-set-9-files-27,1,photo
EFTA01242446.pdf,data-set-9-files-27,1,photo
EFTA01242447.pdf,data-set-9-files-27,1,photo
EFTA01242448.pdf,data-set-9-files-27,1,photo
EFTA01242449.pdf,data-set-9-files-27,1,photo
EFTA01242450.pdf,data-set-9-files-27,1,photo
EFTA01242451.pdf,data-set-9-files-27,1,photo
EFTA01242452.pdf,data-set-9-files-27,1,photo
EFTA01242453.pdf,data-set-9-files-27,1,photo
EFTA01242454.pdf,data-set-9-files-27,1,photo
EFTA01242455.pdf,data-set-9-files-27,1,photo
EFTA01242456.pdf,data-set-9-files-27,1,photo
EFTA01242457.pdf,data-set-9-files-27,1,other
EFTA01242458.pdf,data-set-9-files-27,1,other
EFTA01242459.pdf,data-set-9-files-27,1,other
EFTA01242460.pdf,data-set-9-files-27,1,other
EFTA01242461.pdf,data-set-9-files-27,1,other
EFTA01242462.pdf,data-set-9-files-27,1,other
EFTA01242463.pdf,data-set-9-files-27,2,email
EFTA01242465.pdf,data-set-9-files-27,1,other
EFTA01242466.pdf,data-set-9-files-27,2,email
EFTA01242468.pdf,data-set-9-files-27,6,other
EFTA01242474.pdf,data-set-9-files-27,2,other
EFTA01242476.pdf,data-set-9-files-27,2,other
EFTA01242478.pdf,data-set-9-files-27,2,other
EFTA01242480.pdf,data-set-9-files-27,1,email
EFTA01242481.pdf,data-set-9-files-27,4,other
EFTA01242485.pdf,data-set-9-files-27,2,email
EFTA01242487.pdf,data-set-9-files-27,1,email
EFTA01242488.pdf,data-set-9-files-27,2,email
EFTA01242490.pdf,data-set-9-files-27,3,other
EFTA01242493.pdf,data-set-9-files-27,1,email
EFTA01242494.pdf,data-set-9-files-27,3,other
EFTA01242497.pdf,data-set-9-files-27,2,email
EFTA01242499.pdf,data-set-9-files-27,3,other
EFTA01242502.pdf,data-set-9-files-27,1,email
EFTA01242503.pdf,data-set-9-files-27,1,other
EFTA01242504.pdf,data-set-9-files-27,1,other
EFTA01242505.pdf,data-set-9-files-27,1,other
EFTA01242506.pdf,data-set-9-files-27,13,other
EFTA01242519.pdf,data-set-9-files-27,2,other
EFTA01242521.pdf,data-set-9-files-27,1,other
EFTA01242522.pdf,data-set-9-files-27,2,other
EFTA01242524.pdf,data-set-9-files-27,3,email
EFTA01242527.pdf,data-set-9-files-27,2153,email
EFTA01244680.pdf,data-set-9-files-27,3,other
EFTA01244683.pdf,data-set-9-files-27,1,other
EFTA01244684.pdf,data-set-9-files-27,5,other
EFTA01244689.pdf,data-set-9-files-27,1,other
EFTA01244690.pdf,data-set-9-files-27,3,other
EFTA01244693.pdf,data-set-9-files-27,32,other
EFTA01244725.pdf,data-set-9-files-27,1,other
EFTA01244726.pdf,data-set-9-files-27,21,other
EFTA01244747.pdf,data-set-9-files-27,1,other
EFTA01244748.pdf,data-set-9-files-27,1,other
EFTA01244749.pdf,data-set-9-files-27,1,other
EFTA01244750.mp4,data-set-9-files-27,NA,video
EFTA01244750.pdf,data-set-9-files-27,1,other
EFTA01244751.mp4,data-set-9-files-27,NA,video
EFTA01244751.pdf,data-set-9-files-27,1,other
EFTA01244752.mp4,data-set-9-files-27,NA,video
EFTA01244752.pdf,data-set-9-files-27,1,other
EFTA01244753.pdf,data-set-9-files-27,1,other
EFTA01244754.pdf,data-set-9-files-27,1,other
EFTA01244755.pdf,data-set-9-files-27,94,other
EFTA01244849.pdf,data-set-9-files-27,12,other
EFTA01244861.pdf,data-set-9-files-27,43,other
EFTA01244904.pdf,data-set-9-files-27,3,email
EFTA01244907.pdf,data-set-9-files-27,1,other
EFTA01244908.pdf,data-set-9-files-27,2,other
EFTA01244910.pdf,data-set-9-files-27,6,other
EFTA01244916.pdf,data-set-9-files-27,2,email
EFTA01244918.pdf,data-set-9-files-27,2,email
EFTA01244920.pdf,data-set-9-files-27,2,email
EFTA01244922.pdf,data-set-9-files-27,3,email
EFTA01244925.pdf,data-set-9-files-27,1,other
EFTA01244926.pdf,data-set-9-files-27,1,email
EFTA01244927.pdf,data-set-9-files-27,2,email
EFTA01244929.pdf,data-set-9-files-27,1,email
EFTA01244930.pdf,data-set-9-files-27,2,other
EFTA01244932.pdf,data-set-9-files-27,2,other
EFTA01244934.pdf,data-set-9-files-27,3,other
EFTA01244937.pdf,data-set-9-files-27,1,other
EFTA01244938.pdf,data-set-9-files-27,3,email
EFTA01244941.pdf,data-set-9-files-27,2,email
EFTA01244943.pdf,data-set-9-files-27,3,email
EFTA01244946.pdf,data-set-9-files-27,1,other
EFTA01244947.pdf,data-set-9-files-27,3,other
EFTA01244950.pdf,data-set-9-files-27,2,other
EFTA01244952.pdf,data-set-9-files-27,3,other
EFTA01244955.pdf,data-set-9-files-27,3,other
EFTA01244958.pdf,data-set-9-files-27,1,other
EFTA01244959.pdf,data-set-9-files-27,4,other
EFTA01244963.pdf,data-set-9-files-27,1,other
EFTA01244964.pdf,data-set-9-files-27,1,other
EFTA01244965.pdf,data-set-9-files-27,2,email
EFTA01244967.pdf,data-set-9-files-27,1,email
EFTA01244968.pdf,data-set-9-files-27,4,other
EFTA01244972.pdf,data-set-9-files-27,4,other
EFTA01244976.pdf,data-set-9-files-27,1,other
EFTA01244977.pdf,data-set-9-files-27,4,other
EFTA01244981.pdf,data-set-9-files-27,3,email
EFTA01244984.pdf,data-set-9-files-27,1,other
EFTA01244985.pdf,data-set-9-files-27,5,email
EFTA01244990.pdf,data-set-9-files-27,1,email
EFTA01244991.pdf,data-set-9-files-27,4,other
EFTA01244995.pdf,data-set-9-files-27,1,other
EFTA01244996.pdf,data-set-9-files-27,5,other
EFTA01245001.pdf,data-set-9-files-27,4,other
EFTA01245005.pdf,data-set-9-files-27,3,other
EFTA01245008.pdf,data-set-9-files-27,3,email
EFTA01245011.pdf,data-set-9-files-27,3,other
EFTA01245014.pdf,data-set-9-files-27,1,other
EFTA01245015.pdf,data-set-9-files-27,3,other
EFTA01245018.pdf,data-set-9-files-27,3,email
EFTA01245021.pdf,data-set-9-files-27,1,other
EFTA01245022.pdf,data-set-9-files-27,4,email
EFTA01245026.pdf,data-set-9-files-27,3,other
EFTA01245029.pdf,data-set-9-files-27,5,other
EFTA01245034.pdf,data-set-9-files-27,6,other
EFTA01245040.pdf,data-set-9-files-27,5,other
EFTA01245045.pdf,data-set-9-files-27,5,other
EFTA01245050.pdf,data-set-9-files-27,2,other
EFTA01245052.pdf,data-set-9-files-27,2,other
EFTA01245054.pdf,data-set-9-files-27,1,other
EFTA01245055.pdf,data-set-9-files-27,1,other
EFTA01245056.pdf,data-set-9-files-27,1,other
EFTA01245057.pdf,data-set-9-files-27,4,other
EFTA01245061.pdf,data-set-9-files-27,4,other
EFTA01245065.pdf,data-set-9-files-27,3,email
EFTA01245068.pdf,data-set-9-files-27,4,other
EFTA01245072.pdf,data-set-9-files-27,1,other
EFTA01245073.pdf,data-set-9-files-27,1,other
EFTA01245074.pdf,data-set-9-files-27,1,other
EFTA01245075.pdf,data-set-9-files-27,1,other
EFTA01245076.pdf,data-set-9-files-27,3,other
EFTA01245079.pdf,data-set-9-files-27,1,other
EFTA01245080.pdf,data-set-9-files-27,2,email
EFTA01245082.pdf,data-set-9-files-27,2,email
EFTA01245084.pdf,data-set-9-files-27,3,email
EFTA01245087.pdf,data-set-9-files-27,3,other
EFTA01245090.pdf,data-set-9-files-27,4,other
EFTA01245094.pdf,data-set-9-files-27,3,email
EFTA01245097.pdf,data-set-9-files-27,1,other
EFTA01245098.pdf,data-set-9-files-27,1,other
EFTA01245099.pdf,data-set-9-files-27,1,other
EFTA01245100.pdf,data-set-9-files-27,3,other
EFTA01245103.pdf,data-set-9-files-27,2,other
EFTA01245105.pdf,data-set-9-files-27,1,other
EFTA01245106.pdf,data-set-9-files-27,1,other
EFTA01245107.pdf,data-set-9-files-27,1,email
EFTA01245108.pdf,data-set-9-files-27,6,other
EFTA01245114.pdf,data-set-9-files-27,1,other
EFTA01245115.pdf,data-set-9-files-27,1,other
EFTA01245116.pdf,data-set-9-files-27,1,other
EFTA01245117.pdf,data-set-9-files-27,1,other
EFTA01245118.pdf,data-set-9-files-27,2,other
EFTA01245120.pdf,data-set-9-files-27,1,other
EFTA01245121.pdf,data-set-9-files-27,2,other
EFTA01245123.pdf,data-set-9-files-27,6,other
EFTA01245129.pdf,data-set-9-files-27,4,other
EFTA01245133.pdf,data-set-9-files-27,3,other
EFTA01245136.pdf,data-set-9-files-27,1,email
EFTA01245137.pdf,data-set-9-files-27,1,email
EFTA01245138.pdf,data-set-9-files-27,7,other
EFTA01245145.pdf,data-set-9-files-27,1,other
EFTA01245146.pdf,data-set-9-files-27,5,other
EFTA01245151.pdf,data-set-9-files-27,1,other
EFTA01245152.pdf,data-set-9-files-27,1,other
EFTA01245153.pdf,data-set-9-files-27,1,other
EFTA01245154.pdf,data-set-9-files-27,1,other
EFTA01245155.pdf,data-set-9-files-27,1,other
EFTA01245156.pdf,data-set-9-files-27,5,email
EFTA01245161.pdf,data-set-9-files-27,2,other
EFTA01245163.pdf,data-set-9-files-27,1,other
EFTA01245164.pdf,data-set-9-files-27,2,other
EFTA01245166.pdf,data-set-9-files-27,3,other
EFTA01245169.pdf,data-set-9-files-27,29,other
EFTA01245198.pdf,data-set-9-files-27,2,other
EFTA01245200.pdf,data-set-9-files-27,5,other
EFTA01245205.pdf,data-set-9-files-27,1,other
EFTA01245206.pdf,data-set-9-files-27,1,other
EFTA01245207.pdf,data-set-9-files-27,1,other
EFTA01245208.pdf,data-set-9-files-27,1,other
EFTA01245209.pdf,data-set-9-files-27,1,other
EFTA01245210.pdf,data-set-9-files-27,3,other
EFTA01245213.pdf,data-set-9-files-27,4,other
EFTA01245217.pdf,data-set-9-files-27,7,other
EFTA01245224.pdf,data-set-9-files-27,6,other
EFTA01245230.pdf,data-set-9-files-27,3,other
EFTA01245233.pdf,data-set-9-files-27,10,email
EFTA01245243.pdf,data-set-9-files-27,1,other
EFTA01245244.pdf,data-set-9-files-27,2,other
EFTA01245246.pdf,data-set-9-files-27,2,other
EFTA01245248.pdf,data-set-9-files-27,113,other
EFTA01245361.pdf,data-set-9-files-27,1,other
EFTA01245362.pdf,data-set-9-files-27,2,email
EFTA01245364.pdf,data-set-9-files-27,2,other
EFTA01245366.pdf,data-set-9-files-27,2,other
EFTA01245368.pdf,data-set-9-files-27,2,other
EFTA01245370.pdf,data-set-9-files-27,16,email
EFTA01245386.pdf,data-set-9-files-27,2,other
EFTA01245388.pdf,data-set-9-files-27,17,email
EFTA01245405.pdf,data-set-9-files-27,1,other
EFTA01245406.pdf,data-set-9-files-27,3,other
EFTA01245409.pdf,data-set-9-files-27,1,other
EFTA01245410.pdf,data-set-9-files-27,3,other
EFTA01245413.pdf,data-set-9-files-27,3,email
EFTA01245416.pdf,data-set-9-files-27,2,email
EFTA01245418.pdf,data-set-9-files-27,1,other
EFTA01245419.pdf,data-set-9-files-27,2,other
EFTA01245421.pdf,data-set-9-files-27,2,other
EFTA01245423.pdf,data-set-9-files-27,4,other
EFTA01245427.pdf,data-set-9-files-27,1,other
EFTA01245428.pdf,data-set-9-files-27,3,other
EFTA01245431.pdf,data-set-9-files-27,1,other
EFTA01245432.pdf,data-set-9-files-27,3,other
EFTA01245435.pdf,data-set-9-files-27,8,other
EFTA01245443.pdf,data-set-9-files-27,1,other
EFTA01245444.pdf,data-set-9-files-27,3,other
EFTA01245447.pdf,data-set-9-files-27,6,other
EFTA01245453.pdf,data-set-9-files-27,1,email
EFTA01245454.pdf,data-set-9-files-27,2,other
EFTA01245456.pdf,data-set-9-files-27,2,other
EFTA01245458.pdf,data-set-9-files-27,3,email
EFTA01245461.pdf,data-set-9-files-27,9,other
EFTA01245470.pdf,data-set-9-files-27,1,other
EFTA01245471.pdf,data-set-9-files-27,8,email
EFTA01245479.pdf,data-set-9-files-27,2,other
EFTA01245481.pdf,data-set-9-files-27,1,email
EFTA01245482.pdf,data-set-9-files-27,3,other
EFTA01245485.pdf,data-set-9-files-27,1,other
EFTA01245486.pdf,data-set-9-files-27,6,other
EFTA01245492.pdf,data-set-9-files-27,3,other
EFTA01245495.pdf,data-set-9-files-27,2,other
EFTA01245497.pdf,data-set-9-files-27,1,other
EFTA01245498.pdf,data-set-9-files-27,1,other
EFTA01245499.pdf,data-set-9-files-27,1,other
EFTA01245500.pdf,data-set-9-files-27,1,photo
EFTA01245501.pdf,data-set-9-files-27,2,other
EFTA01245503.pdf,data-set-9-files-27,4,other
EFTA01245507.pdf,data-set-9-files-27,14,other
EFTA01245521.pdf,data-set-9-files-27,5,other
EFTA01245526.pdf,data-set-9-files-27,5,other
EFTA01245531.pdf,data-set-9-files-27,1,email
EFTA01245532.pdf,data-set-9-files-27,3,email
EFTA01245535.pdf,data-set-9-files-27,2,other
EFTA01245537.pdf,data-set-9-files-27,2,other
EFTA01245539.pdf,data-set-9-files-27,2,other
EFTA01245541.pdf,data-set-9-files-27,2,other
EFTA01245543.pdf,data-set-9-files-27,1,other
EFTA01245544.pdf,data-set-9-files-27,1,other
EFTA01245545.pdf,data-set-9-files-27,1,other
EFTA01245546.pdf,data-set-9-files-27,1,other
EFTA01245547.pdf,data-set-9-files-27,2,other
EFTA01245549.pdf,data-set-9-files-27,1,other
EFTA01245550.pdf,data-set-9-files-27,4,other
EFTA01245554.pdf,data-set-9-files-27,3,other
EFTA01245557.pdf,data-set-9-files-27,4,other
EFTA01245561.pdf,data-set-9-files-27,1,other
EFTA01245562.pdf,data-set-9-files-27,1,other
EFTA01245563.pdf,data-set-9-files-27,2,other
EFTA01245565.pdf,data-set-9-files-27,2,other
EFTA01245567.pdf,data-set-9-files-27,2,other
EFTA01245569.pdf,data-set-9-files-27,1,other
EFTA01245570.pdf,data-set-9-files-27,1,other
EFTA01245571.pdf,data-set-9-files-27,1,other
EFTA01245572.pdf,data-set-9-files-27,4,other
EFTA01245576.pdf,data-set-9-files-27,2,other
EFTA01245578.pdf,data-set-9-files-27,3,other
EFTA01245581.pdf,data-set-9-files-27,4,email
EFTA01245585.pdf,data-set-9-files-27,2,email
EFTA01245587.pdf,data-set-9-files-27,1,email
EFTA01245588.pdf,data-set-9-files-27,9,email
EFTA01245597.pdf,data-set-9-files-27,5,email
EFTA01245602.pdf,data-set-9-files-27,7,email
EFTA01245609.pdf,data-set-9-files-27,7,email
EFTA01245616.pdf,data-set-9-files-27,2,email
EFTA01245618.pdf,data-set-9-files-27,1,email
EFTA01245619.pdf,data-set-9-files-27,1,other
EFTA01245620.pdf,data-set-9-files-27,9,other
EFTA01245629.pdf,data-set-9-files-27,1,other
EFTA01245630.pdf,data-set-9-files-27,1,other
EFTA01245631.pdf,data-set-9-files-27,1,other
EFTA01245632.pdf,data-set-9-files-27,1,email
EFTA01245633.pdf,data-set-9-files-27,2,email
EFTA01245635.pdf,data-set-9-files-27,2,email
EFTA01245637.pdf,data-set-9-files-27,1,other
EFTA01245638.pdf,data-set-9-files-27,3,other
EFTA01245641.pdf,data-set-9-files-27,1,other
EFTA01245642.pdf,data-set-9-files-27,2,other
EFTA01245644.pdf,data-set-9-files-27,1,other
EFTA01245645.pdf,data-set-9-files-27,2,other
EFTA01245647.pdf,data-set-9-files-27,2,other
EFTA01245649.pdf,data-set-9-files-27,5,other
EFTA01245654.pdf,data-set-9-files-27,1,other
EFTA01245655.pdf,data-set-9-files-27,1,other
EFTA01245656.pdf,data-set-9-files-27,2,other
EFTA01245658.pdf,data-set-9-files-27,4,other
EFTA01245662.pdf,data-set-9-files-27,8,other
EFTA01245670.pdf,data-set-9-files-27,14,other
EFTA01245684.pdf,data-set-9-files-27,4,other
EFTA01245688.pdf,data-set-9-files-27,6,other
EFTA01245694.pdf,data-set-9-files-27,1,other
EFTA01245695.pdf,data-set-9-files-27,1,other
EFTA01245696.pdf,data-set-9-files-27,1,other
EFTA01245697.pdf,data-set-9-files-27,2,other
EFTA01245699.pdf,data-set-9-files-27,16,other
EFTA01245715.pdf,data-set-9-files-27,11,other
EFTA01245726.pdf,data-set-9-files-27,16,email
EFTA01245742.pdf,data-set-9-files-27,10,other
EFTA01245752.pdf,data-set-9-files-27,1,other
EFTA01245753.pdf,data-set-9-files-27,1,other
EFTA01245754.pdf,data-set-9-files-27,1,other
EFTA01245755.pdf,data-set-9-files-27,1,other
EFTA01245756.pdf,data-set-9-files-27,2,other
EFTA01245758.pdf,data-set-9-files-27,1,other
EFTA01245759.pdf,data-set-9-files-27,1,email
EFTA01245760.pdf,data-set-9-files-27,2,other
EFTA01245762.pdf,data-set-9-files-27,2,other
EFTA01245764.pdf,data-set-9-files-27,1,other
EFTA01245765.pdf,data-set-9-files-27,1,other
EFTA01245766.pdf,data-set-9-files-27,1,other
EFTA01245767.pdf,data-set-9-files-27,11,email
EFTA01245778.pdf,data-set-9-files-27,3,other
EFTA01245781.pdf,data-set-9-files-27,2,other
EFTA01245783.pdf,data-set-9-files-27,1,other
EFTA01245784.pdf,data-set-9-files-27,1,other
EFTA01245785.pdf,data-set-9-files-27,1,other
EFTA01245786.pdf,data-set-9-files-27,1,email
EFTA01245787.pdf,data-set-9-files-27,1,email
EFTA01245788.pdf,data-set-9-files-27,1,email
EFTA01245789.pdf,data-set-9-files-27,1,other
EFTA01245790.pdf,data-set-9-files-27,1,email
EFTA01245791.pdf,data-set-9-files-27,1,other
EFTA01245792.pdf,data-set-9-files-27,1,other
EFTA01245793.pdf,data-set-9-files-27,1,other
EFTA01245794.pdf,data-set-9-files-27,2,other
EFTA01245796.pdf,data-set-9-files-27,2,other
EFTA01245798.pdf,data-set-9-files-27,2,other
EFTA01245800.pdf,data-set-9-files-27,1,other
EFTA01245801.pdf,data-set-9-files-27,1,email
EFTA01245802.pdf,data-set-9-files-27,7,other
EFTA01245809.pdf,data-set-9-files-27,1,other
EFTA01245810.pdf,data-set-9-files-27,1,other
EFTA01245811.pdf,data-set-9-files-27,6,other
EFTA01245817.pdf,data-set-9-files-27,60,email
EFTA01245877.pdf,data-set-9-files-27,1,other
EFTA01245878.pdf,data-set-9-files-27,3,other
EFTA01245881.pdf,data-set-9-files-27,1,other
EFTA01245882.pdf,data-set-9-files-27,2,other
EFTA01245884.pdf,data-set-9-files-27,1,other
EFTA01245885.pdf,data-set-9-files-27,1,other
EFTA01245886.pdf,data-set-9-files-27,1,other
EFTA01245887.pdf,data-set-9-files-27,3,email
EFTA01245890.pdf,data-set-9-files-27,2,email
EFTA01245892.pdf,data-set-9-files-27,1,other
EFTA01245893.pdf,data-set-9-files-27,3,other
EFTA01245896.pdf,data-set-9-files-27,3,other
EFTA01245899.pdf,data-set-9-files-27,9,email
EFTA01245908.pdf,data-set-9-files-27,1,other
EFTA01245909.pdf,data-set-9-files-27,6,other
EFTA01245915.pdf,data-set-9-files-27,2,other
EFTA01245917.pdf,data-set-9-files-27,1,other
EFTA01245918.pdf,data-set-9-files-27,1,other
EFTA01245919.pdf,data-set-9-files-27,1,other
EFTA01245920.pdf,data-set-9-files-27,2,other
EFTA01245922.pdf,data-set-9-files-27,1,other
EFTA01245923.pdf,data-set-9-files-27,1,other
EFTA01245924.pdf,data-set-9-files-27,2,other
EFTA01245926.pdf,data-set-9-files-27,1,other
EFTA01245927.pdf,data-set-9-files-27,2,email
EFTA01245929.pdf,data-set-9-files-27,1,other
EFTA01245930.pdf,data-set-9-files-27,1,email
EFTA01245931.pdf,data-set-9-files-27,1,other
EFTA01245932.pdf,data-set-9-files-27,1,other
EFTA01245933.pdf,data-set-9-files-27,2,other
EFTA01245935.pdf,data-set-9-files-27,1,other
EFTA01245936.pdf,data-set-9-files-27,1,other
EFTA01245937.pdf,data-set-9-files-27,6,other
EFTA01245943.pdf,data-set-9-files-27,3,other
EFTA01245946.pdf,data-set-9-files-27,3,other
EFTA01245949.pdf,data-set-9-files-27,21,email
EFTA01245970.pdf,data-set-9-files-27,4,email
EFTA01245974.pdf,data-set-9-files-27,1,other
EFTA01245975.pdf,data-set-9-files-27,4,other
EFTA01245979.pdf,data-set-9-files-27,6,other
EFTA01245985.pdf,data-set-9-files-27,3,email
EFTA01245988.pdf,data-set-9-files-27,1,other
EFTA01245989.pdf,data-set-9-files-27,3,other
EFTA01245992.pdf,data-set-9-files-27,1,other
EFTA01245993.pdf,data-set-9-files-27,1,other
EFTA01245994.pdf,data-set-9-files-27,49,other
EFTA01246043.pdf,data-set-9-files-27,2,other
EFTA01246045.pdf,data-set-9-files-27,1,other
EFTA01246046.pdf,data-set-9-files-27,2,other
EFTA01246048.pdf,data-set-9-files-27,3,other
EFTA01246051.pdf,data-set-9-files-27,2,email
EFTA01246053.pdf,data-set-9-files-27,8,email
EFTA01246061.pdf,data-set-9-files-27,1,other
EFTA01246062.pdf,data-set-9-files-27,1,other
EFTA01246063.pdf,data-set-9-files-27,1,other
EFTA01246064.pdf,data-set-9-files-27,11,other
EFTA01246075.pdf,data-set-9-files-27,1,other
EFTA01246076.pdf,data-set-9-files-27,1,other
EFTA01246077.pdf,data-set-9-files-27,2,other
EFTA01246079.pdf,data-set-9-files-27,10,other
EFTA01246089.pdf,data-set-9-files-27,21,other
EFTA01246110.pdf,data-set-9-files-27,5,other
EFTA01246115.pdf,data-set-9-files-27,16,other
EFTA01246131.pdf,data-set-9-files-27,2,other
EFTA01246133.pdf,data-set-9-files-27,1,other
EFTA01246134.pdf,data-set-9-files-27,1,other
EFTA01246135.pdf,data-set-9-files-27,4,other
EFTA01246139.pdf,data-set-9-files-27,1,other
EFTA01246140.pdf,data-set-9-files-27,3,other
EFTA01246143.pdf,data-set-9-files-27,4,other
EFTA01246147.pdf,data-set-9-files-27,1,other
EFTA01246148.pdf,data-set-9-files-27,1,email
EFTA01246149.pdf,data-set-9-files-27,2,other
EFTA01246151.pdf,data-set-9-files-27,2,other
EFTA01246153.pdf,data-set-9-files-27,48,email
EFTA01246201.pdf,data-set-9-files-27,1,other
EFTA01246202.pdf,data-set-9-files-27,1,other
EFTA01246203.pdf,data-set-9-files-27,4,other
EFTA01246207.pdf,data-set-9-files-27,7,other
EFTA01246214.pdf,data-set-9-files-27,1,other
EFTA01246215.pdf,data-set-9-files-27,1,other
EFTA01246216.pdf,data-set-9-files-27,9,other
EFTA01246225.pdf,data-set-9-files-27,3,other
EFTA01246228.pdf,data-set-9-files-27,2,other
EFTA01246230.pdf,data-set-9-files-27,6,other
EFTA01246236.pdf,data-set-9-files-27,8,other
EFTA01246244.pdf,data-set-9-files-27,3,other
EFTA01246247.pdf,data-set-9-files-27,1,other
EFTA01246248.pdf,data-set-9-files-27,1,other
EFTA01246249.pdf,data-set-9-files-27,2,other
EFTA01246251.pdf,data-set-9-files-27,1,other
EFTA01246252.pdf,data-set-9-files-27,1,other
EFTA01246253.pdf,data-set-9-files-27,2,other
EFTA01246255.pdf,data-set-9-files-27,3,other
EFTA01246258.pdf,data-set-9-files-27,3,other
EFTA01246261.pdf,data-set-9-files-27,1,other
EFTA01246262.pdf,data-set-9-files-27,1,other
EFTA01246263.pdf,data-set-9-files-27,2,other
EFTA01246265.pdf,data-set-9-files-27,6,other
EFTA01246271.pdf,data-set-9-files-27,1,other
EFTA01246272.pdf,data-set-9-files-27,3,other
EFTA01246275.pdf,data-set-9-files-27,2,other
EFTA01246277.pdf,data-set-9-files-27,16,email
EFTA01246293.pdf,data-set-9-files-27,1,other
EFTA01246294.pdf,data-set-9-files-27,4,other
EFTA01246298.pdf,data-set-9-files-27,3,other
EFTA01246301.pdf,data-set-9-files-27,1,other
EFTA01246302.pdf,data-set-9-files-27,3,other
EFTA01246305.pdf,data-set-9-files-27,1,other
EFTA01246306.pdf,data-set-9-files-27,12,email
EFTA01246318.pdf,data-set-9-files-27,1,other
EFTA01246319.pdf,data-set-9-files-27,1,other
EFTA01246320.pdf,data-set-9-files-27,8,other
EFTA01246328.pdf,data-set-9-files-27,2,email
EFTA01246330.pdf,data-set-9-files-27,3,email
EFTA01246333.pdf,data-set-9-files-27,5,email
EFTA01246338.pdf,data-set-9-files-27,5,other
EFTA01246343.pdf,data-set-9-files-27,1,other
EFTA01246344.pdf,data-set-9-files-27,1,other
EFTA01246345.pdf,data-set-9-files-27,1,other
EFTA01246346.pdf,data-set-9-files-27,1,other
EFTA01246347.pdf,data-set-9-files-27,19,other
EFTA01246366.pdf,data-set-9-files-27,1,other
EFTA01246367.pdf,data-set-9-files-27,2,other
EFTA01246369.pdf,data-set-9-files-27,2,other
EFTA01246371.pdf,data-set-9-files-27,1,other
EFTA01246372.pdf,data-set-9-files-27,1,email
EFTA01246373.pdf,data-set-9-files-27,4,other
EFTA01246377.pdf,data-set-9-files-27,2,other
EFTA01246379.pdf,data-set-9-files-27,2,email
EFTA01246381.pdf,data-set-9-files-27,5,other
EFTA01246386.pdf,data-set-9-files-27,1,other
EFTA01246387.pdf,data-set-9-files-27,1,photo
EFTA01246388.pdf,data-set-9-files-27,2,other
EFTA01246390.pdf,data-set-9-files-27,13,other
EFTA01246403.pdf,data-set-9-files-27,3,other
EFTA01246406.pdf,data-set-9-files-27,4,other
EFTA01246410.pdf,data-set-9-files-27,2,other
EFTA01246412.pdf,data-set-9-files-27,3,other
EFTA01246415.pdf,data-set-9-files-27,4,other
EFTA01246419.pdf,data-set-9-files-27,1,other
EFTA01246420.pdf,data-set-9-files-27,1,other
EFTA01246421.pdf,data-set-9-files-27,1,other
EFTA01246422.pdf,data-set-9-files-27,4,email
EFTA01246426.pdf,data-set-9-files-27,3,other
EFTA01246429.pdf,data-set-9-files-27,5,email
EFTA01246434.pdf,data-set-9-files-27,3,other
EFTA01246437.pdf,data-set-9-files-27,5,other
EFTA01246442.pdf,data-set-9-files-27,1,email
EFTA01246443.pdf,data-set-9-files-27,5,other
EFTA01246448.pdf,data-set-9-files-27,1,other
EFTA01246449.pdf,data-set-9-files-27,1,other
EFTA01246450.pdf,data-set-9-files-27,14,other
EFTA01246464.pdf,data-set-9-files-27,47,other
EFTA01246511.pdf,data-set-9-files-27,48,other
EFTA01246559.pdf,data-set-9-files-27,21,other
EFTA01246580.pdf,data-set-9-files-27,1,other
EFTA01246581.pdf,data-set-9-files-27,9,other
EFTA01246590.pdf,data-set-9-files-27,2,other
EFTA01246592.pdf,data-set-9-files-27,3,email
EFTA01246595.pdf,data-set-9-files-27,10,other
EFTA01246605.pdf,data-set-9-files-27,1,email
EFTA01246606.pdf,data-set-9-files-27,2,email
EFTA01246608.pdf,data-set-9-files-27,1,email
EFTA01246609.pdf,data-set-9-files-27,1,email
EFTA01246610.pdf,data-set-9-files-27,4,email
EFTA01246614.pdf,data-set-9-files-27,3,other
EFTA01246617.pdf,data-set-9-files-27,6,other
EFTA01246623.pdf,data-set-9-files-27,3,other
EFTA01246626.pdf,data-set-9-files-27,9,email
EFTA01246635.pdf,data-set-9-files-27,1,other
EFTA01246636.pdf,data-set-9-files-27,1,other
EFTA01246637.pdf,data-set-9-files-27,2,other
EFTA01246639.pdf,data-set-9-files-27,2,other
EFTA01246641.pdf,data-set-9-files-27,17,email
EFTA01246658.pdf,data-set-9-files-27,2,other
EFTA01246660.pdf,data-set-9-files-27,1,other
EFTA01246661.pdf,data-set-9-files-27,1,other
EFTA01246662.pdf,data-set-9-files-27,1,other
EFTA01246663.pdf,data-set-9-files-27,1,other
EFTA01246664.pdf,data-set-9-files-27,1,other
EFTA01246665.pdf,data-set-9-files-27,1,other
EFTA01246666.pdf,data-set-9-files-27,1,other
EFTA01246667.pdf,data-set-9-files-27,1,other
EFTA01246668.pdf,data-set-9-files-27,1,other
EFTA01246669.pdf,data-set-9-files-27,1,other
EFTA01246670.pdf,data-set-9-files-27,1,other
EFTA01246671.pdf,data-set-9-files-27,1,other
EFTA01246672.pdf,data-set-9-files-27,1,other
EFTA01246673.pdf,data-set-9-files-27,1,other
EFTA01246674.pdf,data-set-9-files-27,1,other
EFTA01246675.pdf,data-set-9-files-27,1,other
EFTA01246676.pdf,data-set-9-files-27,1,other
EFTA01246677.pdf,data-set-9-files-27,1,other
EFTA01246678.pdf,data-set-9-files-27,31,email
EFTA01246709.pdf,data-set-9-files-27,1,email
EFTA01246710.pdf,data-set-9-files-27,5,other
EFTA01246715.pdf,data-set-9-files-27,2,other
EFTA01246717.pdf,data-set-9-files-27,1,other
EFTA01246718.pdf,data-set-9-files-27,1,other
EFTA01246719.pdf,data-set-9-files-27,1,other
EFTA01246720.pdf,data-set-9-files-27,7,email
EFTA01246727.pdf,data-set-9-files-27,1,other
EFTA01246728.pdf,data-set-9-files-27,1,other
EFTA01246729.pdf,data-set-9-files-27,3,other
EFTA01246732.pdf,data-set-9-files-27,1,other
EFTA01246733.pdf,data-set-9-files-27,1,other
EFTA01246734.pdf,data-set-9-files-27,1,other
EFTA01246735.pdf,data-set-9-files-27,1,other
EFTA01246736.pdf,data-set-9-files-27,1,other
EFTA01246737.pdf,data-set-9-files-27,1,other
EFTA01246738.pdf,data-set-9-files-27,1,other
EFTA01246739.pdf,data-set-9-files-27,1,other
EFTA01246740.pdf,data-set-9-files-27,10,other
EFTA01246750.pdf,data-set-9-files-27,3,other
EFTA01246753.pdf,data-set-9-files-27,1,other
EFTA01246754.pdf,data-set-9-files-27,1,other
EFTA01246755.pdf,data-set-9-files-27,1,other
EFTA01246756.pdf,data-set-9-files-27,1,other
EFTA01246757.pdf,data-set-9-files-27,1,other
EFTA01246758.pdf,data-set-9-files-27,2,photo
EFTA01246760.pdf,data-set-9-files-27,1,other
EFTA01246761.pdf,data-set-9-files-27,1,other
EFTA01246762.pdf,data-set-9-files-27,1,other
EFTA01246763.pdf,data-set-9-files-27,1,other
EFTA01246764.pdf,data-set-9-files-27,2,other
EFTA01246766.pdf,data-set-9-files-27,1,other
EFTA01246767.pdf,data-set-9-files-27,2,other
EFTA01246769.pdf,data-set-9-files-27,1,other
EFTA01246770.pdf,data-set-9-files-27,12,other
EFTA01246782.pdf,data-set-9-files-27,1,other
EFTA01246783.pdf,data-set-9-files-27,3,other
EFTA01246786.pdf,data-set-9-files-27,2,other
EFTA01246788.pdf,data-set-9-files-27,1,other
EFTA01246789.pdf,data-set-9-files-27,1,other
EFTA01246790.pdf,data-set-9-files-27,1,other
EFTA01246791.pdf,data-set-9-files-27,1,other
EFTA01246792.pdf,data-set-9-files-27,2,other
EFTA01246794.pdf,data-set-9-files-27,1,photo
EFTA01246795.pdf,data-set-9-files-27,2,other
EFTA01246797.pdf,data-set-9-files-27,1,other
EFTA01246798.pdf,data-set-9-files-27,2,other
EFTA01246800.pdf,data-set-9-files-27,1,email
EFTA01246801.pdf,data-set-9-files-27,11,other
EFTA01246812.pdf,data-set-9-files-27,9,other
EFTA01246821.pdf,data-set-9-files-27,3,other
EFTA01246824.pdf,data-set-9-files-27,3,email
EFTA01246827.pdf,data-set-9-files-27,3,other
EFTA01246830.pdf,data-set-9-files-27,1,other
EFTA01246831.pdf,data-set-9-files-27,1,other
EFTA01246832.pdf,data-set-9-files-27,38,other
EFTA01246870.pdf,data-set-9-files-27,2,email
EFTA01246872.pdf,data-set-9-files-27,1,other
EFTA01246873.pdf,data-set-9-files-27,1,other
EFTA01246874.pdf,data-set-9-files-27,8,other
EFTA01246882.pdf,data-set-9-files-27,5,other
EFTA01246887.pdf,data-set-9-files-27,5,other
EFTA01246892.pdf,data-set-9-files-27,1,other
EFTA01246893.pdf,data-set-9-files-27,1,other
EFTA01246894.pdf,data-set-9-files-27,2,other
EFTA01246896.pdf,data-set-9-files-27,1,email
EFTA01246897.pdf,data-set-9-files-27,1,other
EFTA01246898.pdf,data-set-9-files-27,1,other
EFTA01246899.pdf,data-set-9-files-27,1,other
EFTA01246900.pdf,data-set-9-files-27,2,other
EFTA01246902.pdf,data-set-9-files-27,1,other
EFTA01246903.pdf,data-set-9-files-27,1,email
EFTA01246904.pdf,data-set-9-files-27,1,other
EFTA01246905.pdf,data-set-9-files-27,3,other
EFTA01246908.pdf,data-set-9-files-27,4,other
EFTA01246912.pdf,data-set-9-files-27,1,email
EFTA01246913.pdf,data-set-9-files-27,2,email
EFTA01246915.pdf,data-set-9-files-27,1,email
EFTA01246916.pdf,data-set-9-files-27,1,email
EFTA01246917.pdf,data-set-9-files-27,2,email
EFTA01246919.pdf,data-set-9-files-27,1,email
EFTA01246920.pdf,data-set-9-files-27,8,email
EFTA01246928.pdf,data-set-9-files-27,3,email
EFTA01246931.pdf,data-set-9-files-27,1,email
EFTA01246932.pdf,data-set-9-files-27,3,email
EFTA01246935.pdf,data-set-9-files-27,2,other
EFTA01246937.pdf,data-set-9-files-27,1,other
EFTA01246938.pdf,data-set-9-files-27,36,other
EFTA01246974.pdf,data-set-9-files-27,1,other
EFTA01246975.pdf,data-set-9-files-27,4,other
EFTA01246979.pdf,data-set-9-files-27,2,other
EFTA01246981.pdf,data-set-9-files-27,4,other
EFTA01246985.pdf,data-set-9-files-27,2,other
EFTA01246987.pdf,data-set-9-files-27,7,other
EFTA01246994.pdf,data-set-9-files-27,2,other
EFTA01246996.pdf,data-set-9-files-27,1,other
EFTA01246997.pdf,data-set-9-files-27,17,email
EFTA01247014.pdf,data-set-9-files-27,4,other
EFTA01247018.pdf,data-set-9-files-27,1,other
EFTA01247019.pdf,data-set-9-files-27,1,other
EFTA01247020.pdf,data-set-9-files-27,1,other
EFTA01247021.pdf,data-set-9-files-27,92,other
EFTA01247113.pdf,data-set-9-files-27,6,other
EFTA01247119.pdf,data-set-9-files-27,10,other
EFTA01247129.pdf,data-set-9-files-27,3,other
EFTA01247132.pdf,data-set-9-files-27,1,other
EFTA01247133.pdf,data-set-9-files-27,5,other
EFTA01247138.pdf,data-set-9-files-27,1,other
EFTA01247139.pdf,data-set-9-files-27,1,other
EFTA01247140.pdf,data-set-9-files-27,3,email
EFTA01247143.pdf,data-set-9-files-27,3,other
EFTA01247146.pdf,data-set-9-files-27,1,other
EFTA01247147.pdf,data-set-9-files-27,3,email
EFTA01247150.pdf,data-set-9-files-27,1,other
EFTA01247151.pdf,data-set-9-files-27,36,other
EFTA01247187.pdf,data-set-9-files-27,2,other
EFTA01247189.pdf,data-set-9-files-27,1,other
EFTA01247190.pdf,data-set-9-files-27,1,other
EFTA01247191.pdf,data-set-9-files-27,2,other
EFTA01247193.pdf,data-set-9-files-27,2,other
EFTA01247195.pdf,data-set-9-files-27,1,other
EFTA01247196.pdf,data-set-9-files-27,4,other
EFTA01247200.pdf,data-set-9-files-27,3,other
EFTA01247203.pdf,data-set-9-files-27,1,other
EFTA01247204.pdf,data-set-9-files-27,11,other
EFTA01247215.pdf,data-set-9-files-27,10,other
EFTA01247225.pdf,data-set-9-files-27,5,other
EFTA01247230.pdf,data-set-9-files-27,23,email
EFTA01247253.pdf,data-set-9-files-27,6,email
EFTA01247259.pdf,data-set-9-files-27,11,email
EFTA01247270.pdf,data-set-9-files-27,2,other
EFTA01247272.pdf,data-set-9-files-27,1,other
EFTA01247273.pdf,data-set-9-files-27,2,email
EFTA01247275.pdf,data-set-9-files-27,1,other
EFTA01247276.pdf,data-set-9-files-27,1,other
EFTA01247277.pdf,data-set-9-files-27,1,other
EFTA01247278.pdf,data-set-9-files-27,1,other
EFTA01247279.pdf,data-set-9-files-27,1,other
EFTA01247280.pdf,data-set-9-files-27,2,other
EFTA01247282.pdf,data-set-9-files-27,1,other
EFTA01247283.pdf,data-set-9-files-27,3,other
EFTA01247286.pdf,data-set-9-files-27,1,other
EFTA01247287.pdf,data-set-9-files-27,1,other
EFTA01247288.pdf,data-set-9-files-27,1,other
EFTA01247289.pdf,data-set-9-files-27,7,other
EFTA01247296.pdf,data-set-9-files-27,1,other
EFTA01247297.pdf,data-set-9-files-27,1,other
EFTA01247298.pdf,data-set-9-files-27,1,other
EFTA01247299.pdf,data-set-9-files-27,1,other
EFTA01247300.pdf,data-set-9-files-27,1,other
EFTA01247301.pdf,data-set-9-files-27,1,other
EFTA01247302.pdf,data-set-9-files-27,8,other
EFTA01247310.pdf,data-set-9-files-27,10,other
EFTA01247320.pdf,data-set-9-files-27,2,other
EFTA01247322.pdf,data-set-9-files-27,6,other
EFTA01247328.pdf,data-set-9-files-27,19,other
EFTA01247347.pdf,data-set-9-files-27,67,other
EFTA01247414.pdf,data-set-9-files-27,3,email
EFTA01247417.pdf,data-set-9-files-27,2,email
EFTA01247419.pdf,data-set-9-files-27,1,other
EFTA01247420.pdf,data-set-9-files-27,1,other
EFTA01247421.pdf,data-set-9-files-27,1,other
EFTA01247422.pdf,data-set-9-files-27,1,other
EFTA01247423.pdf,data-set-9-files-27,1,other
EFTA01247424.pdf,data-set-9-files-27,1,other
EFTA01247425.pdf,data-set-9-files-27,1,other
EFTA01247426.pdf,data-set-9-files-27,1,other
EFTA01247427.pdf,data-set-9-files-27,1,other
EFTA01247428.pdf,data-set-9-files-27,1,other
EFTA01247429.pdf,data-set-9-files-27,1,other
EFTA01247430.pdf,data-set-9-files-27,1,other
EFTA01247431.pdf,data-set-9-files-27,1,other
EFTA01247432.pdf,data-set-9-files-27,1,other
EFTA01247433.pdf,data-set-9-files-27,1,other
EFTA01247434.pdf,data-set-9-files-27,1,other
EFTA01247435.pdf,data-set-9-files-27,1,other
EFTA01247436.pdf,data-set-9-files-27,1,other
EFTA01247437.pdf,data-set-9-files-27,1,other
EFTA01247438.pdf,data-set-9-files-27,1,other
EFTA01247439.pdf,data-set-9-files-27,1,other
EFTA01247440.pdf,data-set-9-files-27,1,other
EFTA01247441.pdf,data-set-9-files-27,1,other
EFTA01247442.pdf,data-set-9-files-27,1,other
EFTA01247443.pdf,data-set-9-files-27,1,other
EFTA01247444.pdf,data-set-9-files-27,1,other
EFTA01247445.pdf,data-set-9-files-27,2,other
EFTA01247447.pdf,data-set-9-files-27,3,other
EFTA01247450.pdf,data-set-9-files-27,1,other
EFTA01247451.pdf,data-set-9-files-27,2,other
EFTA01247453.pdf,data-set-9-files-27,1,other
EFTA01247454.pdf,data-set-9-files-27,1,email
EFTA01247455.pdf,data-set-9-files-27,6,other
EFTA01247461.pdf,data-set-9-files-27,9,other
EFTA01247470.pdf,data-set-9-files-27,1,other
EFTA01247471.pdf,data-set-9-files-27,2,other
EFTA01247473.pdf,data-set-9-files-27,1,other
EFTA01247474.pdf,data-set-9-files-27,1,other
EFTA01247475.pdf,data-set-9-files-27,25,other
EFTA01247500.pdf,data-set-9-files-27,1,other
EFTA01247501.pdf,data-set-9-files-27,3,other
EFTA01247504.pdf,data-set-9-files-27,1,other
EFTA01247505.pdf,data-set-9-files-27,3,other
EFTA01247508.pdf,data-set-9-files-27,1,other
EFTA01247509.pdf,data-set-9-files-27,2,email
EFTA01247511.pdf,data-set-9-files-27,1,other
EFTA01247512.pdf,data-set-9-files-27,3,email
EFTA01247515.pdf,data-set-9-files-27,9,other
EFTA01247524.pdf,data-set-9-files-27,4,other
EFTA01247528.pdf,data-set-9-files-27,1,email
EFTA01247529.pdf,data-set-9-files-27,1,other
EFTA01247530.pdf,data-set-9-files-27,38,other
