file_name,file_origin,file_length,file_type
DOJ-OGR-00020385.jpg,IMAGES008,1,other
DOJ-OGR-00020386.jpg,IMAGES008,1,other
DOJ-OGR-00020387.jpg,IMAGES008,1,other
DOJ-OGR-00020388.jpg,IMAGES008,1,other
DOJ-OGR-00020389.jpg,IMAGES008,1,other
DOJ-OGR-00020390.jpg,IMAGES008,1,other
DOJ-OGR-00020391.jpg,IMAGES008,1,other
DOJ-OGR-00020392.jpg,IMAGES008,1,other
DOJ-OGR-00020393.jpg,IMAGES008,1,other
DOJ-OGR-00020394.jpg,IMAGES008,1,other
DOJ-OGR-00020395.jpg,IMAGES008,1,other
DOJ-OGR-00020396.jpg,IMAGES008,1,other
DOJ-OGR-00020397.jpg,IMAGES008,1,other
DOJ-OGR-00020398.jpg,IMAGES008,1,other
DOJ-OGR-00020399.jpg,IMAGES008,1,other
DOJ-OGR-00020400.jpg,IMAGES008,1,other
DOJ-OGR-00020401.jpg,IMAGES008,1,other
DOJ-OGR-00020402.jpg,IMAGES008,1,other
DOJ-OGR-00020403.jpg,IMAGES008,1,other
DOJ-OGR-00020404.jpg,IMAGES008,1,other
DOJ-OGR-00020405.jpg,IMAGES008,1,other
DOJ-OGR-00020406.jpg,IMAGES008,1,other
DOJ-OGR-00020407.jpg,IMAGES008,1,other
DOJ-OGR-00020408.jpg,IMAGES008,1,other
DOJ-OGR-00020409.jpg,IMAGES008,1,other
DOJ-OGR-00020410.jpg,IMAGES008,1,other
DOJ-OGR-00020411.jpg,IMAGES008,1,other
DOJ-OGR-00020412.jpg,IMAGES008,1,other
DOJ-OGR-00020413.jpg,IMAGES008,1,other
DOJ-OGR-00020414.jpg,IMAGES008,1,other
DOJ-OGR-00020415.jpg,IMAGES008,1,other
DOJ-OGR-00020416.jpg,IMAGES008,1,other
DOJ-OGR-00020417.jpg,IMAGES008,1,other
DOJ-OGR-00020418.jpg,IMAGES008,1,other
DOJ-OGR-00020419.jpg,IMAGES008,1,other
DOJ-OGR-00020420.jpg,IMAGES008,1,other
DOJ-OGR-00020421.jpg,IMAGES008,1,other
DOJ-OGR-00020422.jpg,IMAGES008,1,other
DOJ-OGR-00020423.jpg,IMAGES008,1,other
DOJ-OGR-00020424.jpg,IMAGES008,1,other
DOJ-OGR-00020425.jpg,IMAGES008,1,other
DOJ-OGR-00020426.jpg,IMAGES008,1,other
DOJ-OGR-00020427.jpg,IMAGES008,1,other
DOJ-OGR-00020428.jpg,IMAGES008,1,other
DOJ-OGR-00020429.jpg,IMAGES008,1,other
DOJ-OGR-00020430.jpg,IMAGES008,1,other
DOJ-OGR-00020431.jpg,IMAGES008,1,other
DOJ-OGR-00020432.jpg,IMAGES008,1,other
DOJ-OGR-00020433.jpg,IMAGES008,1,other
DOJ-OGR-00020434.jpg,IMAGES008,1,other
DOJ-OGR-00020435.jpg,IMAGES008,1,other
DOJ-OGR-00020436.jpg,IMAGES008,1,other
DOJ-OGR-00020437.jpg,IMAGES008,1,other
DOJ-OGR-00020438.jpg,IMAGES008,1,other
DOJ-OGR-00020439.jpg,IMAGES008,1,other
DOJ-OGR-00020440.jpg,IMAGES008,1,other
DOJ-OGR-00020441.jpg,IMAGES008,1,other
DOJ-OGR-00020442.jpg,IMAGES008,1,other
DOJ-OGR-00020443.jpg,IMAGES008,1,other
DOJ-OGR-00020444.jpg,IMAGES008,1,other
DOJ-OGR-00020445.jpg,IMAGES008,1,other
DOJ-OGR-00020446.jpg,IMAGES008,1,other
DOJ-OGR-00020447.jpg,IMAGES008,1,other
DOJ-OGR-00020448.jpg,IMAGES008,1,other
DOJ-OGR-00020449.jpg,IMAGES008,1,other
DOJ-OGR-00020450.jpg,IMAGES008,1,other
DOJ-OGR-00020451.jpg,IMAGES008,1,other
DOJ-OGR-00020452.jpg,IMAGES008,1,other
DOJ-OGR-00020453.jpg,IMAGES008,1,other
DOJ-OGR-00020454.jpg,IMAGES008,1,other
DOJ-OGR-00020455.jpg,IMAGES008,1,other
DOJ-OGR-00020456.jpg,IMAGES008,1,other
DOJ-OGR-00020457.jpg,IMAGES008,1,other
DOJ-OGR-00020458.jpg,IMAGES008,1,other
DOJ-OGR-00020459.jpg,IMAGES008,1,other
DOJ-OGR-00020460.jpg,IMAGES008,1,other
DOJ-OGR-00020461.jpg,IMAGES008,1,other
DOJ-OGR-00020462.jpg,IMAGES008,1,other
DOJ-OGR-00020463.jpg,IMAGES008,1,other
DOJ-OGR-00020464.jpg,IMAGES008,1,other
DOJ-OGR-00020465.jpg,IMAGES008,1,other
DOJ-OGR-00020466.jpg,IMAGES008,1,other
DOJ-OGR-00020467.jpg,IMAGES008,1,other
DOJ-OGR-00020468.jpg,IMAGES008,1,other
DOJ-OGR-00020469.jpg,IMAGES008,1,other
DOJ-OGR-00020470.jpg,IMAGES008,1,other
DOJ-OGR-00020471.jpg,IMAGES008,1,other
DOJ-OGR-00020472.jpg,IMAGES008,1,other
DOJ-OGR-00020473.jpg,IMAGES008,1,other
DOJ-OGR-00020474.jpg,IMAGES008,1,other
DOJ-OGR-00020475.jpg,IMAGES008,1,other
DOJ-OGR-00020476.jpg,IMAGES008,1,other
DOJ-OGR-00020477.jpg,IMAGES008,1,other
DOJ-OGR-00020478.jpg,IMAGES008,1,other
DOJ-OGR-00020479.jpg,IMAGES008,1,other
DOJ-OGR-00020480.jpg,IMAGES008,1,other
DOJ-OGR-00020481.jpg,IMAGES008,1,other
DOJ-OGR-00020482.jpg,IMAGES008,1,other
DOJ-OGR-00020483.jpg,IMAGES008,1,other
DOJ-OGR-00020484.jpg,IMAGES008,1,other
DOJ-OGR-00020485.jpg,IMAGES008,1,other
DOJ-OGR-00020486.jpg,IMAGES008,1,other
DOJ-OGR-00020487.jpg,IMAGES008,1,email
DOJ-OGR-00020488.jpg,IMAGES008,1,other
DOJ-OGR-00020489.jpg,IMAGES008,1,other
DOJ-OGR-00020490.jpg,IMAGES008,1,other
DOJ-OGR-00020491.jpg,IMAGES008,1,other
DOJ-OGR-00020492.jpg,IMAGES008,1,other
DOJ-OGR-00020493.jpg,IMAGES008,1,other
DOJ-OGR-00020494.jpg,IMAGES008,1,other
DOJ-OGR-00020495.jpg,IMAGES008,1,other
DOJ-OGR-00020496.jpg,IMAGES008,1,other
DOJ-OGR-00020497.jpg,IMAGES008,1,other
DOJ-OGR-00020498.jpg,IMAGES008,1,other
DOJ-OGR-00020499.jpg,IMAGES008,1,other
DOJ-OGR-00020500.jpg,IMAGES008,1,other
DOJ-OGR-00020501.jpg,IMAGES008,1,other
DOJ-OGR-00020502.jpg,IMAGES008,1,other
DOJ-OGR-00020503.jpg,IMAGES008,1,other
DOJ-OGR-00020504.jpg,IMAGES008,1,other
DOJ-OGR-00020505.jpg,IMAGES008,1,other
DOJ-OGR-00020506.jpg,IMAGES008,1,other
DOJ-OGR-00020507.jpg,IMAGES008,1,other
DOJ-OGR-00020508.jpg,IMAGES008,1,other
DOJ-OGR-00020509.jpg,IMAGES008,1,other
DOJ-OGR-00020510.jpg,IMAGES008,1,other
DOJ-OGR-00020511.jpg,IMAGES008,1,other
DOJ-OGR-00020512.jpg,IMAGES008,1,other
DOJ-OGR-00020513.jpg,IMAGES008,1,other
DOJ-OGR-00020514.jpg,IMAGES008,1,other
DOJ-OGR-00020515.jpg,IMAGES008,1,other
DOJ-OGR-00020516.jpg,IMAGES008,1,other
DOJ-OGR-00020517.jpg,IMAGES008,1,other
DOJ-OGR-00020518.jpg,IMAGES008,1,other
DOJ-OGR-00020519.jpg,IMAGES008,1,other
DOJ-OGR-00020520.jpg,IMAGES008,1,other
DOJ-OGR-00020521.jpg,IMAGES008,1,other
DOJ-OGR-00020522.jpg,IMAGES008,1,other
DOJ-OGR-00020523.jpg,IMAGES008,1,other
DOJ-OGR-00020524.jpg,IMAGES008,1,other
DOJ-OGR-00020525.jpg,IMAGES008,1,other
DOJ-OGR-00020526.jpg,IMAGES008,1,other
DOJ-OGR-00020527.jpg,IMAGES008,1,other
DOJ-OGR-00020528.jpg,IMAGES008,1,other
DOJ-OGR-00020529.jpg,IMAGES008,1,other
DOJ-OGR-00020530.jpg,IMAGES008,1,other
DOJ-OGR-00020531.jpg,IMAGES008,1,other
DOJ-OGR-00020532.jpg,IMAGES008,1,other
DOJ-OGR-00020533.jpg,IMAGES008,1,other
DOJ-OGR-00020534.jpg,IMAGES008,1,other
DOJ-OGR-00020535.jpg,IMAGES008,1,other
DOJ-OGR-00020536.jpg,IMAGES008,1,other
DOJ-OGR-00020537.jpg,IMAGES008,1,other
DOJ-OGR-00020538.jpg,IMAGES008,1,other
DOJ-OGR-00020539.jpg,IMAGES008,1,other
DOJ-OGR-00020540.jpg,IMAGES008,1,other
DOJ-OGR-00020541.jpg,IMAGES008,1,other
DOJ-OGR-00020542.jpg,IMAGES008,1,other
DOJ-OGR-00020543.jpg,IMAGES008,1,other
DOJ-OGR-00020544.jpg,IMAGES008,1,other
DOJ-OGR-00020545.jpg,IMAGES008,1,other
DOJ-OGR-00020546.jpg,IMAGES008,1,other
DOJ-OGR-00020547.jpg,IMAGES008,1,other
DOJ-OGR-00020548.jpg,IMAGES008,1,other
DOJ-OGR-00020549.jpg,IMAGES008,1,other
DOJ-OGR-00020550.jpg,IMAGES008,1,other
DOJ-OGR-00020551.jpg,IMAGES008,1,other
DOJ-OGR-00020552.jpg,IMAGES008,1,other
DOJ-OGR-00020553.jpg,IMAGES008,1,other
DOJ-OGR-00020554.jpg,IMAGES008,1,other
DOJ-OGR-00020555.jpg,IMAGES008,1,other
DOJ-OGR-00020556.jpg,IMAGES008,1,other
DOJ-OGR-00020557.jpg,IMAGES008,1,other
DOJ-OGR-00020558.jpg,IMAGES008,1,other
DOJ-OGR-00020559.jpg,IMAGES008,1,other
DOJ-OGR-00020560.jpg,IMAGES008,1,other
DOJ-OGR-00020561.jpg,IMAGES008,1,other
DOJ-OGR-00020562.jpg,IMAGES008,1,other
DOJ-OGR-00020563.jpg,IMAGES008,1,other
DOJ-OGR-00020564.jpg,IMAGES008,1,other
DOJ-OGR-00020565.jpg,IMAGES008,1,other
DOJ-OGR-00020566.jpg,IMAGES008,1,other
DOJ-OGR-00020567.jpg,IMAGES008,1,other
DOJ-OGR-00020568.jpg,IMAGES008,1,other
DOJ-OGR-00020569.jpg,IMAGES008,1,other
DOJ-OGR-00020570.jpg,IMAGES008,1,other
DOJ-OGR-00020571.jpg,IMAGES008,1,other
DOJ-OGR-00020572.jpg,IMAGES008,1,other
DOJ-OGR-00020573.jpg,IMAGES008,1,other
DOJ-OGR-00020574.jpg,IMAGES008,1,other
DOJ-OGR-00020575.jpg,IMAGES008,1,other
DOJ-OGR-00020576.jpg,IMAGES008,1,other
DOJ-OGR-00020577.jpg,IMAGES008,1,other
DOJ-OGR-00020578.jpg,IMAGES008,1,other
DOJ-OGR-00020579.jpg,IMAGES008,1,other
DOJ-OGR-00020580.jpg,IMAGES008,1,other
DOJ-OGR-00020581.jpg,IMAGES008,1,other
DOJ-OGR-00020582.jpg,IMAGES008,1,other
DOJ-OGR-00020583.jpg,IMAGES008,1,other
DOJ-OGR-00020584.jpg,IMAGES008,1,other
DOJ-OGR-00020585.jpg,IMAGES008,1,other
DOJ-OGR-00020586.jpg,IMAGES008,1,other
DOJ-OGR-00020587.jpg,IMAGES008,1,other
DOJ-OGR-00020588.jpg,IMAGES008,1,other
DOJ-OGR-00020589.jpg,IMAGES008,1,other
DOJ-OGR-00020590.jpg,IMAGES008,1,other
DOJ-OGR-00020591.jpg,IMAGES008,1,other
DOJ-OGR-00020592.jpg,IMAGES008,1,other
DOJ-OGR-00020593.jpg,IMAGES008,1,other
DOJ-OGR-00020594.jpg,IMAGES008,1,other
DOJ-OGR-00020595.jpg,IMAGES008,1,other
DOJ-OGR-00020596.jpg,IMAGES008,1,other
DOJ-OGR-00020597.jpg,IMAGES008,1,other
DOJ-OGR-00020598.jpg,IMAGES008,1,other
DOJ-OGR-00020599.jpg,IMAGES008,1,other
DOJ-OGR-00020600.jpg,IMAGES008,1,other
DOJ-OGR-00020601.jpg,IMAGES008,1,other
DOJ-OGR-00020602.jpg,IMAGES008,1,other
DOJ-OGR-00020603.jpg,IMAGES008,1,other
DOJ-OGR-00020604.jpg,IMAGES008,1,other
DOJ-OGR-00020605.jpg,IMAGES008,1,other
DOJ-OGR-00020606.jpg,IMAGES008,1,other
DOJ-OGR-00020607.jpg,IMAGES008,1,other
DOJ-OGR-00020608.jpg,IMAGES008,1,other
DOJ-OGR-00020609.jpg,IMAGES008,1,other
DOJ-OGR-00020610.jpg,IMAGES008,1,other
DOJ-OGR-00020611.jpg,IMAGES008,1,other
DOJ-OGR-00020612.jpg,IMAGES008,1,other
DOJ-OGR-00020613.jpg,IMAGES008,1,other
DOJ-OGR-00020614.jpg,IMAGES008,1,other
DOJ-OGR-00020615.jpg,IMAGES008,1,other
DOJ-OGR-00020616.jpg,IMAGES008,1,other
DOJ-OGR-00020617.jpg,IMAGES008,1,other
DOJ-OGR-00020618.jpg,IMAGES008,1,other
DOJ-OGR-00020619.jpg,IMAGES008,1,other
DOJ-OGR-00020620.jpg,IMAGES008,1,other
DOJ-OGR-00020621.jpg,IMAGES008,1,other
DOJ-OGR-00020622.jpg,IMAGES008,1,other
DOJ-OGR-00020623.jpg,IMAGES008,1,other
DOJ-OGR-00020624.jpg,IMAGES008,1,other
DOJ-OGR-00020625.jpg,IMAGES008,1,other
DOJ-OGR-00020626.jpg,IMAGES008,1,other
DOJ-OGR-00020627.jpg,IMAGES008,1,other
DOJ-OGR-00020628.jpg,IMAGES008,1,other
DOJ-OGR-00020629.jpg,IMAGES008,1,other
DOJ-OGR-00020630.jpg,IMAGES008,1,other
DOJ-OGR-00020631.jpg,IMAGES008,1,other
DOJ-OGR-00020632.jpg,IMAGES008,1,other
DOJ-OGR-00020633.jpg,IMAGES008,1,other
DOJ-OGR-00020634.jpg,IMAGES008,1,other
DOJ-OGR-00020635.jpg,IMAGES008,1,other
DOJ-OGR-00020636.jpg,IMAGES008,1,other
DOJ-OGR-00020637.jpg,IMAGES008,1,other
DOJ-OGR-00020638.jpg,IMAGES008,1,other
DOJ-OGR-00020639.jpg,IMAGES008,1,other
DOJ-OGR-00020640.jpg,IMAGES008,1,other
DOJ-OGR-00020641.jpg,IMAGES008,1,other
DOJ-OGR-00020642.jpg,IMAGES008,1,other
DOJ-OGR-00020643.jpg,IMAGES008,1,other
DOJ-OGR-00020644.jpg,IMAGES008,1,other
DOJ-OGR-00020645.jpg,IMAGES008,1,other
DOJ-OGR-00020646.jpg,IMAGES008,1,other
DOJ-OGR-00020647.jpg,IMAGES008,1,other
DOJ-OGR-00020648.jpg,IMAGES008,1,other
DOJ-OGR-00020649.jpg,IMAGES008,1,other
DOJ-OGR-00020650.jpg,IMAGES008,1,other
DOJ-OGR-00020651.jpg,IMAGES008,1,other
DOJ-OGR-00020652.jpg,IMAGES008,1,other
DOJ-OGR-00020653.jpg,IMAGES008,1,other
DOJ-OGR-00020654.jpg,IMAGES008,1,other
DOJ-OGR-00020655.jpg,IMAGES008,1,other
DOJ-OGR-00020656.jpg,IMAGES008,1,other
DOJ-OGR-00020657.jpg,IMAGES008,1,other
DOJ-OGR-00020658.jpg,IMAGES008,1,other
DOJ-OGR-00020659.jpg,IMAGES008,1,other
DOJ-OGR-00020660.jpg,IMAGES008,1,other
DOJ-OGR-00020661.jpg,IMAGES008,1,other
DOJ-OGR-00020662.jpg,IMAGES008,1,other
DOJ-OGR-00020663.jpg,IMAGES008,1,other
DOJ-OGR-00020664.jpg,IMAGES008,1,other
DOJ-OGR-00020665.jpg,IMAGES008,1,other
DOJ-OGR-00020666.jpg,IMAGES008,1,other
DOJ-OGR-00020667.jpg,IMAGES008,1,other
DOJ-OGR-00020668.jpg,IMAGES008,1,other
DOJ-OGR-00020669.jpg,IMAGES008,1,other
DOJ-OGR-00020670.jpg,IMAGES008,1,other
DOJ-OGR-00020671.jpg,IMAGES008,1,other
DOJ-OGR-00020672.jpg,IMAGES008,1,other
DOJ-OGR-00020673.jpg,IMAGES008,1,other
DOJ-OGR-00020674.jpg,IMAGES008,1,other
DOJ-OGR-00020675.jpg,IMAGES008,1,other
DOJ-OGR-00020676.jpg,IMAGES008,1,other
DOJ-OGR-00020677.jpg,IMAGES008,1,other
DOJ-OGR-00020678.jpg,IMAGES008,1,other
DOJ-OGR-00020679.jpg,IMAGES008,1,other
DOJ-OGR-00020680.jpg,IMAGES008,1,other
DOJ-OGR-00020681.jpg,IMAGES008,1,other
DOJ-OGR-00020682.jpg,IMAGES008,1,other
DOJ-OGR-00020683.jpg,IMAGES008,1,other
DOJ-OGR-00020684.jpg,IMAGES008,1,other
DOJ-OGR-00020685.jpg,IMAGES008,1,other
DOJ-OGR-00020686.jpg,IMAGES008,1,other
DOJ-OGR-00020687.jpg,IMAGES008,1,other
DOJ-OGR-00020688.jpg,IMAGES008,1,other
DOJ-OGR-00020689.jpg,IMAGES008,1,other
DOJ-OGR-00020690.jpg,IMAGES008,1,other
DOJ-OGR-00020691.jpg,IMAGES008,1,other
DOJ-OGR-00020692.jpg,IMAGES008,1,other
DOJ-OGR-00020693.jpg,IMAGES008,1,other
DOJ-OGR-00020694.jpg,IMAGES008,1,other
DOJ-OGR-00020695.jpg,IMAGES008,1,other
DOJ-OGR-00020696.jpg,IMAGES008,1,other
DOJ-OGR-00020697.jpg,IMAGES008,1,other
DOJ-OGR-00020698.jpg,IMAGES008,1,other
DOJ-OGR-00020699.jpg,IMAGES008,1,other
DOJ-OGR-00020700.jpg,IMAGES008,1,other
DOJ-OGR-00020701.jpg,IMAGES008,1,other
DOJ-OGR-00020702.jpg,IMAGES008,1,other
DOJ-OGR-00020703.jpg,IMAGES008,1,other
DOJ-OGR-00020704.jpg,IMAGES008,1,other
DOJ-OGR-00020705.jpg,IMAGES008,1,other
DOJ-OGR-00020706.jpg,IMAGES008,1,other
DOJ-OGR-00020707.jpg,IMAGES008,1,other
DOJ-OGR-00020708.jpg,IMAGES008,1,other
DOJ-OGR-00020709.jpg,IMAGES008,1,other
DOJ-OGR-00020710.jpg,IMAGES008,1,other
DOJ-OGR-00020711.jpg,IMAGES008,1,other
DOJ-OGR-00020712.jpg,IMAGES008,1,other
DOJ-OGR-00020713.jpg,IMAGES008,1,other
DOJ-OGR-00020714.jpg,IMAGES008,1,other
DOJ-OGR-00020715.jpg,IMAGES008,1,other
DOJ-OGR-00020716.jpg,IMAGES008,1,other
DOJ-OGR-00020717.jpg,IMAGES008,1,other
DOJ-OGR-00020718.jpg,IMAGES008,1,other
DOJ-OGR-00020719.jpg,IMAGES008,1,other
DOJ-OGR-00020720.jpg,IMAGES008,1,other
DOJ-OGR-00020721.jpg,IMAGES008,1,other
DOJ-OGR-00020722.jpg,IMAGES008,1,other
DOJ-OGR-00020723.jpg,IMAGES008,1,other
DOJ-OGR-00020724.jpg,IMAGES008,1,other
DOJ-OGR-00020725.jpg,IMAGES008,1,other
DOJ-OGR-00020726.jpg,IMAGES008,1,other
DOJ-OGR-00020727.jpg,IMAGES008,1,other
DOJ-OGR-00020728.jpg,IMAGES008,1,other
DOJ-OGR-00020729.jpg,IMAGES008,1,other
DOJ-OGR-00020730.jpg,IMAGES008,1,other
DOJ-OGR-00020731.jpg,IMAGES008,1,other
DOJ-OGR-00020732.jpg,IMAGES008,1,other
DOJ-OGR-00020733.jpg,IMAGES008,1,other
DOJ-OGR-00020734.jpg,IMAGES008,1,other
DOJ-OGR-00020735.jpg,IMAGES008,1,other
DOJ-OGR-00020736.jpg,IMAGES008,1,other
DOJ-OGR-00020737.jpg,IMAGES008,1,other
DOJ-OGR-00020738.jpg,IMAGES008,1,other
DOJ-OGR-00020739.jpg,IMAGES008,1,other
DOJ-OGR-00020740.jpg,IMAGES008,1,other
DOJ-OGR-00020741.jpg,IMAGES008,1,other
DOJ-OGR-00020742.jpg,IMAGES008,1,other
DOJ-OGR-00020743.jpg,IMAGES008,1,other
DOJ-OGR-00020744.jpg,IMAGES008,1,other
DOJ-OGR-00020745.jpg,IMAGES008,1,other
DOJ-OGR-00020746.jpg,IMAGES008,1,other
DOJ-OGR-00020747.jpg,IMAGES008,1,other
DOJ-OGR-00020748.jpg,IMAGES008,1,other
DOJ-OGR-00020749.jpg,IMAGES008,1,other
DOJ-OGR-00020750.jpg,IMAGES008,1,other
DOJ-OGR-00020751.jpg,IMAGES008,1,other
DOJ-OGR-00020752.jpg,IMAGES008,1,other
DOJ-OGR-00020753.jpg,IMAGES008,1,other
DOJ-OGR-00020754.jpg,IMAGES008,1,other
DOJ-OGR-00020755.jpg,IMAGES008,1,other
DOJ-OGR-00020756.jpg,IMAGES008,1,other
DOJ-OGR-00020757.jpg,IMAGES008,1,other
DOJ-OGR-00020758.jpg,IMAGES008,1,other
DOJ-OGR-00020759.jpg,IMAGES008,1,other
DOJ-OGR-00020760.jpg,IMAGES008,1,other
DOJ-OGR-00020761.jpg,IMAGES008,1,other
DOJ-OGR-00020762.jpg,IMAGES008,1,other
DOJ-OGR-00020763.jpg,IMAGES008,1,other
DOJ-OGR-00020764.jpg,IMAGES008,1,other
DOJ-OGR-00020765.jpg,IMAGES008,1,other
DOJ-OGR-00020766.jpg,IMAGES008,1,other
DOJ-OGR-00020767.jpg,IMAGES008,1,other
DOJ-OGR-00020768.jpg,IMAGES008,1,other
DOJ-OGR-00020769.jpg,IMAGES008,1,other
DOJ-OGR-00020770.jpg,IMAGES008,1,other
DOJ-OGR-00020771.jpg,IMAGES008,1,other
DOJ-OGR-00020772.jpg,IMAGES008,1,other
DOJ-OGR-00020773.jpg,IMAGES008,1,other
DOJ-OGR-00020774.jpg,IMAGES008,1,other
DOJ-OGR-00020775.jpg,IMAGES008,1,other
DOJ-OGR-00020776.jpg,IMAGES008,1,other
DOJ-OGR-00020777.jpg,IMAGES008,1,other
DOJ-OGR-00020778.jpg,IMAGES008,1,other
DOJ-OGR-00020779.jpg,IMAGES008,1,other
DOJ-OGR-00020780.jpg,IMAGES008,1,other
DOJ-OGR-00020781.jpg,IMAGES008,1,other
DOJ-OGR-00020782.jpg,IMAGES008,1,other
DOJ-OGR-00020783.jpg,IMAGES008,1,other
DOJ-OGR-00020784.jpg,IMAGES008,1,other
DOJ-OGR-00020785.jpg,IMAGES008,1,other
DOJ-OGR-00020786.jpg,IMAGES008,1,other
DOJ-OGR-00020787.jpg,IMAGES008,1,other
DOJ-OGR-00020788.jpg,IMAGES008,1,other
DOJ-OGR-00020789.jpg,IMAGES008,1,other
DOJ-OGR-00020790.jpg,IMAGES008,1,other
DOJ-OGR-00020791.jpg,IMAGES008,1,other
DOJ-OGR-00020792.jpg,IMAGES008,1,other
DOJ-OGR-00020793.jpg,IMAGES008,1,other
DOJ-OGR-00020794.jpg,IMAGES008,1,other
DOJ-OGR-00020795.jpg,IMAGES008,1,other
DOJ-OGR-00020796.jpg,IMAGES008,1,other
DOJ-OGR-00020797.jpg,IMAGES008,1,other
DOJ-OGR-00020798.jpg,IMAGES008,1,other
DOJ-OGR-00020799.jpg,IMAGES008,1,other
DOJ-OGR-00020800.jpg,IMAGES008,1,other
DOJ-OGR-00020801.jpg,IMAGES008,1,other
DOJ-OGR-00020802.jpg,IMAGES008,1,other
DOJ-OGR-00020803.jpg,IMAGES008,1,other
DOJ-OGR-00020804.jpg,IMAGES008,1,other
DOJ-OGR-00020805.jpg,IMAGES008,1,other
DOJ-OGR-00020806.jpg,IMAGES008,1,other
DOJ-OGR-00020807.jpg,IMAGES008,1,other
DOJ-OGR-00020808.jpg,IMAGES008,1,other
DOJ-OGR-00020809.jpg,IMAGES008,1,other
DOJ-OGR-00020810.jpg,IMAGES008,1,other
DOJ-OGR-00020811.jpg,IMAGES008,1,other
DOJ-OGR-00020812.jpg,IMAGES008,1,other
DOJ-OGR-00020813.jpg,IMAGES008,1,other
DOJ-OGR-00020814.jpg,IMAGES008,1,other
DOJ-OGR-00020815.jpg,IMAGES008,1,other
DOJ-OGR-00020816.jpg,IMAGES008,1,other
DOJ-OGR-00020817.jpg,IMAGES008,1,other
DOJ-OGR-00020818.jpg,IMAGES008,1,other
DOJ-OGR-00020819.jpg,IMAGES008,1,other
DOJ-OGR-00020820.jpg,IMAGES008,1,other
DOJ-OGR-00020821.jpg,IMAGES008,1,other
DOJ-OGR-00020822.jpg,IMAGES008,1,other
DOJ-OGR-00020823.jpg,IMAGES008,1,other
DOJ-OGR-00020824.jpg,IMAGES008,1,other
DOJ-OGR-00020825.jpg,IMAGES008,1,other
DOJ-OGR-00020826.jpg,IMAGES008,1,other
DOJ-OGR-00020827.jpg,IMAGES008,1,other
DOJ-OGR-00020828.jpg,IMAGES008,1,other
DOJ-OGR-00020829.jpg,IMAGES008,1,other
DOJ-OGR-00020830.jpg,IMAGES008,1,other
DOJ-OGR-00020831.jpg,IMAGES008,1,other
DOJ-OGR-00020832.jpg,IMAGES008,1,other
DOJ-OGR-00020833.jpg,IMAGES008,1,other
DOJ-OGR-00020834.jpg,IMAGES008,1,other
DOJ-OGR-00020835.jpg,IMAGES008,1,other
DOJ-OGR-00020836.jpg,IMAGES008,1,other
DOJ-OGR-00020837.jpg,IMAGES008,1,other
DOJ-OGR-00020838.jpg,IMAGES008,1,other
DOJ-OGR-00020839.jpg,IMAGES008,1,other
DOJ-OGR-00020840.jpg,IMAGES008,1,other
DOJ-OGR-00020841.jpg,IMAGES008,1,other
DOJ-OGR-00020842.jpg,IMAGES008,1,other
DOJ-OGR-00020843.jpg,IMAGES008,1,other
DOJ-OGR-00020844.jpg,IMAGES008,1,other
DOJ-OGR-00020845.jpg,IMAGES008,1,other
DOJ-OGR-00020846.jpg,IMAGES008,1,other
DOJ-OGR-00020847.jpg,IMAGES008,1,other
DOJ-OGR-00020848.jpg,IMAGES008,1,other
DOJ-OGR-00020849.jpg,IMAGES008,1,other
DOJ-OGR-00020850.jpg,IMAGES008,1,other
DOJ-OGR-00020851.jpg,IMAGES008,1,other
DOJ-OGR-00020852.jpg,IMAGES008,1,other
DOJ-OGR-00020853.jpg,IMAGES008,1,other
DOJ-OGR-00020854.jpg,IMAGES008,1,other
DOJ-OGR-00020855.jpg,IMAGES008,1,other
DOJ-OGR-00020856.jpg,IMAGES008,1,other
DOJ-OGR-00020857.jpg,IMAGES008,1,other
DOJ-OGR-00020858.jpg,IMAGES008,1,other
DOJ-OGR-00020859.jpg,IMAGES008,1,other
DOJ-OGR-00020860.jpg,IMAGES008,1,other
DOJ-OGR-00020861.jpg,IMAGES008,1,other
DOJ-OGR-00020862.jpg,IMAGES008,1,other
DOJ-OGR-00020863.jpg,IMAGES008,1,other
DOJ-OGR-00020864.jpg,IMAGES008,1,other
DOJ-OGR-00020865.jpg,IMAGES008,1,other
DOJ-OGR-00020866.jpg,IMAGES008,1,other
DOJ-OGR-00020867.jpg,IMAGES008,1,other
DOJ-OGR-00020868.jpg,IMAGES008,1,other
DOJ-OGR-00020869.jpg,IMAGES008,1,other
DOJ-OGR-00020870.jpg,IMAGES008,1,other
DOJ-OGR-00020871.jpg,IMAGES008,1,other
DOJ-OGR-00020872.jpg,IMAGES008,1,other
DOJ-OGR-00020873.jpg,IMAGES008,1,other
DOJ-OGR-00020874.jpg,IMAGES008,1,other
DOJ-OGR-00020875.jpg,IMAGES008,1,other
DOJ-OGR-00020876.jpg,IMAGES008,1,other
DOJ-OGR-00020877.jpg,IMAGES008,1,other
DOJ-OGR-00020878.jpg,IMAGES008,1,other
DOJ-OGR-00020879.jpg,IMAGES008,1,other
DOJ-OGR-00020880.jpg,IMAGES008,1,other
DOJ-OGR-00020881.jpg,IMAGES008,1,other
DOJ-OGR-00020882.jpg,IMAGES008,1,other
DOJ-OGR-00020883.jpg,IMAGES008,1,other
DOJ-OGR-00020884.jpg,IMAGES008,1,other
DOJ-OGR-00020885.jpg,IMAGES008,1,other
DOJ-OGR-00020886.jpg,IMAGES008,1,other
DOJ-OGR-00020887.jpg,IMAGES008,1,other
DOJ-OGR-00020888.jpg,IMAGES008,1,other
DOJ-OGR-00020889.jpg,IMAGES008,1,other
DOJ-OGR-00020890.jpg,IMAGES008,1,other
DOJ-OGR-00020891.jpg,IMAGES008,1,other
DOJ-OGR-00020892.jpg,IMAGES008,1,other
DOJ-OGR-00020893.jpg,IMAGES008,1,other
DOJ-OGR-00020894.jpg,IMAGES008,1,other
DOJ-OGR-00020895.jpg,IMAGES008,1,other
DOJ-OGR-00020896.jpg,IMAGES008,1,other
DOJ-OGR-00020897.jpg,IMAGES008,1,other
DOJ-OGR-00020898.jpg,IMAGES008,1,other
DOJ-OGR-00020899.jpg,IMAGES008,1,other
DOJ-OGR-00020900.jpg,IMAGES008,1,other
DOJ-OGR-00020901.jpg,IMAGES008,1,other
DOJ-OGR-00020902.jpg,IMAGES008,1,other
DOJ-OGR-00020903.jpg,IMAGES008,1,other
DOJ-OGR-00020904.jpg,IMAGES008,1,other
DOJ-OGR-00020905.jpg,IMAGES008,1,other
DOJ-OGR-00020906.jpg,IMAGES008,1,other
DOJ-OGR-00020907.jpg,IMAGES008,1,other
DOJ-OGR-00020908.jpg,IMAGES008,1,other
DOJ-OGR-00020909.jpg,IMAGES008,1,other
DOJ-OGR-00020910.jpg,IMAGES008,1,other
DOJ-OGR-00020911.jpg,IMAGES008,1,other
DOJ-OGR-00020912.jpg,IMAGES008,1,other
DOJ-OGR-00020913.jpg,IMAGES008,1,other
DOJ-OGR-00020914.jpg,IMAGES008,1,other
DOJ-OGR-00020915.jpg,IMAGES008,1,other
DOJ-OGR-00020916.jpg,IMAGES008,1,other
DOJ-OGR-00020917.jpg,IMAGES008,1,other
DOJ-OGR-00020918.jpg,IMAGES008,1,other
DOJ-OGR-00020919.jpg,IMAGES008,1,other
DOJ-OGR-00020920.jpg,IMAGES008,1,other
DOJ-OGR-00020921.jpg,IMAGES008,1,other
DOJ-OGR-00020922.jpg,IMAGES008,1,other
DOJ-OGR-00020923.jpg,IMAGES008,1,other
DOJ-OGR-00020924.jpg,IMAGES008,1,other
DOJ-OGR-00020925.jpg,IMAGES008,1,other
DOJ-OGR-00020926.jpg,IMAGES008,1,other
DOJ-OGR-00020927.jpg,IMAGES008,1,other
DOJ-OGR-00020928.jpg,IMAGES008,1,other
DOJ-OGR-00020929.jpg,IMAGES008,1,other
DOJ-OGR-00020930.jpg,IMAGES008,1,other
DOJ-OGR-00020931.jpg,IMAGES008,1,other
DOJ-OGR-00020932.jpg,IMAGES008,1,other
DOJ-OGR-00020933.jpg,IMAGES008,1,other
DOJ-OGR-00020934.jpg,IMAGES008,1,other
DOJ-OGR-00020935.jpg,IMAGES008,1,other
DOJ-OGR-00020936.jpg,IMAGES008,1,other
DOJ-OGR-00020937.jpg,IMAGES008,1,other
DOJ-OGR-00020938.jpg,IMAGES008,1,other
DOJ-OGR-00020939.jpg,IMAGES008,1,other
DOJ-OGR-00020940.jpg,IMAGES008,1,other
DOJ-OGR-00020941.jpg,IMAGES008,1,other
DOJ-OGR-00020942.jpg,IMAGES008,1,other
DOJ-OGR-00020943.jpg,IMAGES008,1,other
DOJ-OGR-00020944.jpg,IMAGES008,1,other
DOJ-OGR-00020945.jpg,IMAGES008,1,other
DOJ-OGR-00020946.jpg,IMAGES008,1,other
DOJ-OGR-00020947.jpg,IMAGES008,1,other
DOJ-OGR-00020948.jpg,IMAGES008,1,other
DOJ-OGR-00020949.jpg,IMAGES008,1,other
DOJ-OGR-00020950.jpg,IMAGES008,1,other
DOJ-OGR-00020951.jpg,IMAGES008,1,other
DOJ-OGR-00020952.jpg,IMAGES008,1,other
DOJ-OGR-00020953.jpg,IMAGES008,1,other
DOJ-OGR-00020954.jpg,IMAGES008,1,other
DOJ-OGR-00020955.jpg,IMAGES008,1,other
DOJ-OGR-00020956.jpg,IMAGES008,1,other
DOJ-OGR-00020957.jpg,IMAGES008,1,other
DOJ-OGR-00020958.jpg,IMAGES008,1,other
DOJ-OGR-00020959.jpg,IMAGES008,1,other
DOJ-OGR-00020960.jpg,IMAGES008,1,other
DOJ-OGR-00020961.jpg,IMAGES008,1,other
DOJ-OGR-00020962.jpg,IMAGES008,1,other
DOJ-OGR-00020963.jpg,IMAGES008,1,other
DOJ-OGR-00020964.jpg,IMAGES008,1,other
DOJ-OGR-00020965.jpg,IMAGES008,1,other
DOJ-OGR-00020966.jpg,IMAGES008,1,other
DOJ-OGR-00020967.jpg,IMAGES008,1,other
DOJ-OGR-00020968.jpg,IMAGES008,1,other
DOJ-OGR-00020969.jpg,IMAGES008,1,other
DOJ-OGR-00020970.jpg,IMAGES008,1,other
DOJ-OGR-00020971.jpg,IMAGES008,1,other
DOJ-OGR-00020972.jpg,IMAGES008,1,other
DOJ-OGR-00020973.jpg,IMAGES008,1,other
DOJ-OGR-00020974.jpg,IMAGES008,1,other
DOJ-OGR-00020975.jpg,IMAGES008,1,other
DOJ-OGR-00020976.jpg,IMAGES008,1,other
DOJ-OGR-00020977.jpg,IMAGES008,1,other
DOJ-OGR-00020978.jpg,IMAGES008,1,other
DOJ-OGR-00020979.jpg,IMAGES008,1,other
DOJ-OGR-00020980.jpg,IMAGES008,1,other
DOJ-OGR-00020981.jpg,IMAGES008,1,other
DOJ-OGR-00020982.jpg,IMAGES008,1,other
DOJ-OGR-00020983.jpg,IMAGES008,1,other
DOJ-OGR-00020984.jpg,IMAGES008,1,other
DOJ-OGR-00020985.jpg,IMAGES008,1,other
DOJ-OGR-00020986.jpg,IMAGES008,1,other
DOJ-OGR-00020987.jpg,IMAGES008,1,other
DOJ-OGR-00020988.jpg,IMAGES008,1,other
DOJ-OGR-00020989.jpg,IMAGES008,1,other
DOJ-OGR-00020990.jpg,IMAGES008,1,other
DOJ-OGR-00020991.jpg,IMAGES008,1,other
DOJ-OGR-00020992.jpg,IMAGES008,1,other
DOJ-OGR-00020993.jpg,IMAGES008,1,other
DOJ-OGR-00020994.jpg,IMAGES008,1,other
DOJ-OGR-00020995.jpg,IMAGES008,1,other
DOJ-OGR-00020996.jpg,IMAGES008,1,other
DOJ-OGR-00020997.jpg,IMAGES008,1,other
DOJ-OGR-00020998.jpg,IMAGES008,1,other
DOJ-OGR-00020999.jpg,IMAGES008,1,other
DOJ-OGR-00021000.jpg,IMAGES008,1,other
DOJ-OGR-00021001.jpg,IMAGES008,1,other
DOJ-OGR-00021002.jpg,IMAGES008,1,other
DOJ-OGR-00021003.jpg,IMAGES008,1,other
DOJ-OGR-00021004.jpg,IMAGES008,1,other
DOJ-OGR-00021005.jpg,IMAGES008,1,other
DOJ-OGR-00021006.jpg,IMAGES008,1,other
DOJ-OGR-00021007.jpg,IMAGES008,1,other
DOJ-OGR-00021008.jpg,IMAGES008,1,other
DOJ-OGR-00021009.jpg,IMAGES008,1,other
DOJ-OGR-00021010.jpg,IMAGES008,1,other
DOJ-OGR-00021011.jpg,IMAGES008,1,other
DOJ-OGR-00021012.jpg,IMAGES008,1,other
DOJ-OGR-00021013.jpg,IMAGES008,1,other
DOJ-OGR-00021014.jpg,IMAGES008,1,other
DOJ-OGR-00021015.jpg,IMAGES008,1,other
DOJ-OGR-00021016.jpg,IMAGES008,1,other
DOJ-OGR-00021017.jpg,IMAGES008,1,other
DOJ-OGR-00021018.jpg,IMAGES008,1,other
DOJ-OGR-00021019.jpg,IMAGES008,1,other
DOJ-OGR-00021020.jpg,IMAGES008,1,other
DOJ-OGR-00021021.jpg,IMAGES008,1,other
DOJ-OGR-00021022.jpg,IMAGES008,1,other
DOJ-OGR-00021023.jpg,IMAGES008,1,other
DOJ-OGR-00021024.jpg,IMAGES008,1,other
DOJ-OGR-00021025.jpg,IMAGES008,1,other
DOJ-OGR-00021026.jpg,IMAGES008,1,other
DOJ-OGR-00021027.jpg,IMAGES008,1,other
DOJ-OGR-00021028.jpg,IMAGES008,1,other
DOJ-OGR-00021029.jpg,IMAGES008,1,other
DOJ-OGR-00021030.jpg,IMAGES008,1,other
DOJ-OGR-00021031.jpg,IMAGES008,1,other
DOJ-OGR-00021032.jpg,IMAGES008,1,other
DOJ-OGR-00021033.jpg,IMAGES008,1,other
DOJ-OGR-00021034.jpg,IMAGES008,1,other
DOJ-OGR-00021035.jpg,IMAGES008,1,other
DOJ-OGR-00021036.jpg,IMAGES008,1,other
DOJ-OGR-00021037.jpg,IMAGES008,1,other
DOJ-OGR-00021038.jpg,IMAGES008,1,other
DOJ-OGR-00021039.jpg,IMAGES008,1,other
DOJ-OGR-00021040.jpg,IMAGES008,1,other
DOJ-OGR-00021041.jpg,IMAGES008,1,other
DOJ-OGR-00021042.jpg,IMAGES008,1,other
DOJ-OGR-00021043.jpg,IMAGES008,1,other
DOJ-OGR-00021044.jpg,IMAGES008,1,other
DOJ-OGR-00021045.jpg,IMAGES008,1,other
DOJ-OGR-00021046.jpg,IMAGES008,1,other
DOJ-OGR-00021047.jpg,IMAGES008,1,other
DOJ-OGR-00021048.jpg,IMAGES008,1,other
DOJ-OGR-00021049.jpg,IMAGES008,1,other
DOJ-OGR-00021050.jpg,IMAGES008,1,other
DOJ-OGR-00021051.jpg,IMAGES008,1,other
DOJ-OGR-00021052.jpg,IMAGES008,1,other
DOJ-OGR-00021053.jpg,IMAGES008,1,other
DOJ-OGR-00021054.jpg,IMAGES008,1,other
DOJ-OGR-00021055.jpg,IMAGES008,1,other
DOJ-OGR-00021056.jpg,IMAGES008,1,other
DOJ-OGR-00021057.jpg,IMAGES008,1,other
DOJ-OGR-00021058.jpg,IMAGES008,1,other
DOJ-OGR-00021059.jpg,IMAGES008,1,other
DOJ-OGR-00021060.jpg,IMAGES008,1,other
DOJ-OGR-00021061.jpg,IMAGES008,1,other
DOJ-OGR-00021062.jpg,IMAGES008,1,other
DOJ-OGR-00021063.jpg,IMAGES008,1,other
DOJ-OGR-00021064.jpg,IMAGES008,1,other
DOJ-OGR-00021065.jpg,IMAGES008,1,other
DOJ-OGR-00021066.jpg,IMAGES008,1,other
DOJ-OGR-00021067.jpg,IMAGES008,1,other
DOJ-OGR-00021068.jpg,IMAGES008,1,other
DOJ-OGR-00021069.jpg,IMAGES008,1,other
DOJ-OGR-00021070.jpg,IMAGES008,1,other
DOJ-OGR-00021071.jpg,IMAGES008,1,other
DOJ-OGR-00021072.jpg,IMAGES008,1,other
DOJ-OGR-00021073.jpg,IMAGES008,1,other
DOJ-OGR-00021074.jpg,IMAGES008,1,other
DOJ-OGR-00021075.jpg,IMAGES008,1,other
DOJ-OGR-00021076.jpg,IMAGES008,1,other
DOJ-OGR-00021077.jpg,IMAGES008,1,other
DOJ-OGR-00021078.jpg,IMAGES008,1,other
DOJ-OGR-00021079.jpg,IMAGES008,1,other
DOJ-OGR-00021080.jpg,IMAGES008,1,other
DOJ-OGR-00021081.jpg,IMAGES008,1,other
DOJ-OGR-00021082.jpg,IMAGES008,1,other
DOJ-OGR-00021083.jpg,IMAGES008,1,other
DOJ-OGR-00021084.jpg,IMAGES008,1,other
DOJ-OGR-00021085.jpg,IMAGES008,1,other
DOJ-OGR-00021086.jpg,IMAGES008,1,other
DOJ-OGR-00021087.jpg,IMAGES008,1,other
DOJ-OGR-00021088.jpg,IMAGES008,1,other
DOJ-OGR-00021089.jpg,IMAGES008,1,other
DOJ-OGR-00021090.jpg,IMAGES008,1,other
DOJ-OGR-00021091.jpg,IMAGES008,1,other
DOJ-OGR-00021092.jpg,IMAGES008,1,other
DOJ-OGR-00021093.jpg,IMAGES008,1,other
DOJ-OGR-00021094.jpg,IMAGES008,1,other
DOJ-OGR-00021095.jpg,IMAGES008,1,other
DOJ-OGR-00021096.jpg,IMAGES008,1,other
DOJ-OGR-00021097.jpg,IMAGES008,1,other
DOJ-OGR-00021098.jpg,IMAGES008,1,other
DOJ-OGR-00021099.jpg,IMAGES008,1,other
DOJ-OGR-00021100.jpg,IMAGES008,1,other
DOJ-OGR-00021101.jpg,IMAGES008,1,other
DOJ-OGR-00021102.jpg,IMAGES008,1,other
DOJ-OGR-00021103.jpg,IMAGES008,1,other
DOJ-OGR-00021104.jpg,IMAGES008,1,other
DOJ-OGR-00021105.jpg,IMAGES008,1,other
DOJ-OGR-00021106.jpg,IMAGES008,1,other
DOJ-OGR-00021107.jpg,IMAGES008,1,other
DOJ-OGR-00021108.jpg,IMAGES008,1,other
DOJ-OGR-00021109.jpg,IMAGES008,1,other
DOJ-OGR-00021110.jpg,IMAGES008,1,other
DOJ-OGR-00021111.jpg,IMAGES008,1,other
DOJ-OGR-00021112.jpg,IMAGES008,1,other
DOJ-OGR-00021113.jpg,IMAGES008,1,other
DOJ-OGR-00021114.jpg,IMAGES008,1,other
DOJ-OGR-00021115.jpg,IMAGES008,1,other
DOJ-OGR-00021116.jpg,IMAGES008,1,other
DOJ-OGR-00021117.jpg,IMAGES008,1,other
DOJ-OGR-00021118.jpg,IMAGES008,1,other
DOJ-OGR-00021119.jpg,IMAGES008,1,other
DOJ-OGR-00021120.jpg,IMAGES008,1,other
DOJ-OGR-00021121.jpg,IMAGES008,1,other
DOJ-OGR-00021122.jpg,IMAGES008,1,other
DOJ-OGR-00021123.jpg,IMAGES008,1,other
DOJ-OGR-00021124.jpg,IMAGES008,1,other
DOJ-OGR-00021125.jpg,IMAGES008,1,other
DOJ-OGR-00021126.jpg,IMAGES008,1,other
DOJ-OGR-00021127.jpg,IMAGES008,1,other
DOJ-OGR-00021128.jpg,IMAGES008,1,other
DOJ-OGR-00021129.jpg,IMAGES008,1,other
DOJ-OGR-00021130.jpg,IMAGES008,1,other
DOJ-OGR-00021131.jpg,IMAGES008,1,other
DOJ-OGR-00021132.jpg,IMAGES008,1,other
DOJ-OGR-00021133.jpg,IMAGES008,1,other
DOJ-OGR-00021134.jpg,IMAGES008,1,other
DOJ-OGR-00021135.jpg,IMAGES008,1,other
DOJ-OGR-00021136.jpg,IMAGES008,1,other
DOJ-OGR-00021137.jpg,IMAGES008,1,other
DOJ-OGR-00021138.jpg,IMAGES008,1,other
DOJ-OGR-00021139.jpg,IMAGES008,1,other
DOJ-OGR-00021140.jpg,IMAGES008,1,other
DOJ-OGR-00021141.jpg,IMAGES008,1,other
DOJ-OGR-00021142.jpg,IMAGES008,1,other
DOJ-OGR-00021143.jpg,IMAGES008,1,other
DOJ-OGR-00021144.jpg,IMAGES008,1,other
DOJ-OGR-00021145.jpg,IMAGES008,1,other
DOJ-OGR-00021146.jpg,IMAGES008,1,other
DOJ-OGR-00021147.jpg,IMAGES008,1,other
DOJ-OGR-00021148.jpg,IMAGES008,1,other
DOJ-OGR-00021149.jpg,IMAGES008,1,other
DOJ-OGR-00021150.jpg,IMAGES008,1,other
DOJ-OGR-00021151.jpg,IMAGES008,1,other
DOJ-OGR-00021152.jpg,IMAGES008,1,other
DOJ-OGR-00021153.jpg,IMAGES008,1,other
DOJ-OGR-00021154.jpg,IMAGES008,1,other
DOJ-OGR-00021155.jpg,IMAGES008,1,other
DOJ-OGR-00021156.jpg,IMAGES008,1,other
DOJ-OGR-00021157.jpg,IMAGES008,1,other
DOJ-OGR-00021158.jpg,IMAGES008,1,other
DOJ-OGR-00021159.jpg,IMAGES008,1,other
DOJ-OGR-00021160.jpg,IMAGES008,1,other
DOJ-OGR-00021161.jpg,IMAGES008,1,other
DOJ-OGR-00021162.jpg,IMAGES008,1,other
DOJ-OGR-00021163.jpg,IMAGES008,1,other
DOJ-OGR-00021164.jpg,IMAGES008,1,other
DOJ-OGR-00021165.jpg,IMAGES008,1,other
DOJ-OGR-00021166.jpg,IMAGES008,1,other
DOJ-OGR-00021167.jpg,IMAGES008,1,other
DOJ-OGR-00021168.jpg,IMAGES008,1,other
DOJ-OGR-00021169.jpg,IMAGES008,1,other
DOJ-OGR-00021170.jpg,IMAGES008,1,other
DOJ-OGR-00021171.jpg,IMAGES008,1,other
DOJ-OGR-00021172.jpg,IMAGES008,1,other
DOJ-OGR-00021173.jpg,IMAGES008,1,other
DOJ-OGR-00021174.jpg,IMAGES008,1,other
DOJ-OGR-00021175.jpg,IMAGES008,1,other
DOJ-OGR-00021176.jpg,IMAGES008,1,other
DOJ-OGR-00021177.jpg,IMAGES008,1,other
DOJ-OGR-00021178.jpg,IMAGES008,1,other
DOJ-OGR-00021179.jpg,IMAGES008,1,other
DOJ-OGR-00021180.jpg,IMAGES008,1,other
DOJ-OGR-00021181.jpg,IMAGES008,1,other
DOJ-OGR-00021182.jpg,IMAGES008,1,other
DOJ-OGR-00021183.jpg,IMAGES008,1,other
DOJ-OGR-00021184.jpg,IMAGES008,1,other
DOJ-OGR-00021185.jpg,IMAGES008,1,other
DOJ-OGR-00021186.jpg,IMAGES008,1,other
DOJ-OGR-00021187.jpg,IMAGES008,1,other
DOJ-OGR-00021188.jpg,IMAGES008,1,other
DOJ-OGR-00021189.jpg,IMAGES008,1,other
DOJ-OGR-00021190.jpg,IMAGES008,1,other
DOJ-OGR-00021191.jpg,IMAGES008,1,other
DOJ-OGR-00021192.jpg,IMAGES008,1,other
DOJ-OGR-00021193.jpg,IMAGES008,1,other
DOJ-OGR-00021194.jpg,IMAGES008,1,other
DOJ-OGR-00021195.jpg,IMAGES008,1,other
DOJ-OGR-00021196.jpg,IMAGES008,1,other
DOJ-OGR-00021197.jpg,IMAGES008,1,other
DOJ-OGR-00021198.jpg,IMAGES008,1,other
DOJ-OGR-00021199.jpg,IMAGES008,1,other
DOJ-OGR-00021200.jpg,IMAGES008,1,other
DOJ-OGR-00021201.jpg,IMAGES008,1,other
DOJ-OGR-00021202.jpg,IMAGES008,1,other
DOJ-OGR-00021203.jpg,IMAGES008,1,other
DOJ-OGR-00021204.jpg,IMAGES008,1,other
DOJ-OGR-00021205.jpg,IMAGES008,1,other
DOJ-OGR-00021206.jpg,IMAGES008,1,other
DOJ-OGR-00021207.jpg,IMAGES008,1,other
DOJ-OGR-00021208.jpg,IMAGES008,1,other
DOJ-OGR-00021209.jpg,IMAGES008,1,other
DOJ-OGR-00021210.jpg,IMAGES008,1,other
DOJ-OGR-00021211.jpg,IMAGES008,1,other
DOJ-OGR-00021212.jpg,IMAGES008,1,other
DOJ-OGR-00021213.jpg,IMAGES008,1,other
DOJ-OGR-00021214.jpg,IMAGES008,1,other
DOJ-OGR-00021215.jpg,IMAGES008,1,other
DOJ-OGR-00021216.jpg,IMAGES008,1,other
DOJ-OGR-00021217.jpg,IMAGES008,1,other
DOJ-OGR-00021218.jpg,IMAGES008,1,other
DOJ-OGR-00021219.jpg,IMAGES008,1,other
DOJ-OGR-00021220.jpg,IMAGES008,1,other
DOJ-OGR-00021221.jpg,IMAGES008,1,other
DOJ-OGR-00021222.jpg,IMAGES008,1,other
DOJ-OGR-00021223.jpg,IMAGES008,1,other
DOJ-OGR-00021224.jpg,IMAGES008,1,other
DOJ-OGR-00021225.jpg,IMAGES008,1,other
DOJ-OGR-00021226.jpg,IMAGES008,1,other
DOJ-OGR-00021227.jpg,IMAGES008,1,other
DOJ-OGR-00021228.jpg,IMAGES008,1,other
DOJ-OGR-00021229.jpg,IMAGES008,1,other
DOJ-OGR-00021230.jpg,IMAGES008,1,other
DOJ-OGR-00021231.jpg,IMAGES008,1,other
DOJ-OGR-00021232.jpg,IMAGES008,1,other
DOJ-OGR-00021233.jpg,IMAGES008,1,other
DOJ-OGR-00021234.jpg,IMAGES008,1,other
DOJ-OGR-00021235.jpg,IMAGES008,1,other
DOJ-OGR-00021236.jpg,IMAGES008,1,other
DOJ-OGR-00021237.jpg,IMAGES008,1,other
DOJ-OGR-00021238.jpg,IMAGES008,1,other
DOJ-OGR-00021239.jpg,IMAGES008,1,other
DOJ-OGR-00021240.jpg,IMAGES008,1,other
DOJ-OGR-00021241.jpg,IMAGES008,1,other
DOJ-OGR-00021242.jpg,IMAGES008,1,other
DOJ-OGR-00021243.jpg,IMAGES008,1,other
DOJ-OGR-00021244.jpg,IMAGES008,1,other
DOJ-OGR-00021245.jpg,IMAGES008,1,other
DOJ-OGR-00021246.jpg,IMAGES008,1,other
DOJ-OGR-00021247.jpg,IMAGES008,1,other
DOJ-OGR-00021248.jpg,IMAGES008,1,other
DOJ-OGR-00021249.jpg,IMAGES008,1,other
DOJ-OGR-00021250.jpg,IMAGES008,1,other
DOJ-OGR-00021251.jpg,IMAGES008,1,other
DOJ-OGR-00021252.jpg,IMAGES008,1,other
DOJ-OGR-00021253.jpg,IMAGES008,1,other
DOJ-OGR-00021254.jpg,IMAGES008,1,other
DOJ-OGR-00021255.jpg,IMAGES008,1,other
DOJ-OGR-00021256.jpg,IMAGES008,1,other
DOJ-OGR-00021257.jpg,IMAGES008,1,other
DOJ-OGR-00021258.jpg,IMAGES008,1,other
DOJ-OGR-00021259.jpg,IMAGES008,1,other
DOJ-OGR-00021260.jpg,IMAGES008,1,other
DOJ-OGR-00021261.jpg,IMAGES008,1,other
DOJ-OGR-00021262.jpg,IMAGES008,1,other
DOJ-OGR-00021263.jpg,IMAGES008,1,other
DOJ-OGR-00021264.jpg,IMAGES008,1,other
DOJ-OGR-00021265.jpg,IMAGES008,1,other
DOJ-OGR-00021266.jpg,IMAGES008,1,other
DOJ-OGR-00021267.jpg,IMAGES008,1,other
DOJ-OGR-00021268.jpg,IMAGES008,1,other
DOJ-OGR-00021269.jpg,IMAGES008,1,other
DOJ-OGR-00021270.jpg,IMAGES008,1,other
DOJ-OGR-00021271.jpg,IMAGES008,1,other
DOJ-OGR-00021272.jpg,IMAGES008,1,other
DOJ-OGR-00021273.jpg,IMAGES008,1,other
DOJ-OGR-00021274.jpg,IMAGES008,1,other
DOJ-OGR-00021275.jpg,IMAGES008,1,other
DOJ-OGR-00021276.jpg,IMAGES008,1,other
DOJ-OGR-00021277.jpg,IMAGES008,1,other
DOJ-OGR-00021278.jpg,IMAGES008,1,other
DOJ-OGR-00021279.jpg,IMAGES008,1,other
DOJ-OGR-00021280.jpg,IMAGES008,1,other
DOJ-OGR-00021281.jpg,IMAGES008,1,other
DOJ-OGR-00021282.jpg,IMAGES008,1,other
DOJ-OGR-00021283.jpg,IMAGES008,1,other
DOJ-OGR-00021284.jpg,IMAGES008,1,other
DOJ-OGR-00021285.jpg,IMAGES008,1,other
DOJ-OGR-00021286.jpg,IMAGES008,1,other
DOJ-OGR-00021287.jpg,IMAGES008,1,other
DOJ-OGR-00021288.jpg,IMAGES008,1,other
DOJ-OGR-00021289.jpg,IMAGES008,1,other
DOJ-OGR-00021290.jpg,IMAGES008,1,other
DOJ-OGR-00021291.jpg,IMAGES008,1,other
DOJ-OGR-00021292.jpg,IMAGES008,1,other
DOJ-OGR-00021293.jpg,IMAGES008,1,other
DOJ-OGR-00021294.jpg,IMAGES008,1,other
DOJ-OGR-00021295.jpg,IMAGES008,1,other
DOJ-OGR-00021296.jpg,IMAGES008,1,other
DOJ-OGR-00021297.jpg,IMAGES008,1,other
DOJ-OGR-00021298.jpg,IMAGES008,1,other
DOJ-OGR-00021299.jpg,IMAGES008,1,other
DOJ-OGR-00021300.jpg,IMAGES008,1,other
DOJ-OGR-00021301.jpg,IMAGES008,1,other
DOJ-OGR-00021302.jpg,IMAGES008,1,other
DOJ-OGR-00021303.jpg,IMAGES008,1,other
DOJ-OGR-00021304.jpg,IMAGES008,1,other
DOJ-OGR-00021305.jpg,IMAGES008,1,other
DOJ-OGR-00021306.jpg,IMAGES008,1,other
DOJ-OGR-00021307.jpg,IMAGES008,1,other
DOJ-OGR-00021308.jpg,IMAGES008,1,other
DOJ-OGR-00021309.jpg,IMAGES008,1,other
DOJ-OGR-00021310.jpg,IMAGES008,1,other
DOJ-OGR-00021311.jpg,IMAGES008,1,other
DOJ-OGR-00021312.jpg,IMAGES008,1,other
DOJ-OGR-00021313.jpg,IMAGES008,1,other
DOJ-OGR-00021314.jpg,IMAGES008,1,other
DOJ-OGR-00021315.jpg,IMAGES008,1,other
DOJ-OGR-00021316.jpg,IMAGES008,1,other
DOJ-OGR-00021317.jpg,IMAGES008,1,other
DOJ-OGR-00021318.jpg,IMAGES008,1,other
DOJ-OGR-00021319.jpg,IMAGES008,1,other
DOJ-OGR-00021320.jpg,IMAGES008,1,other
DOJ-OGR-00021321.jpg,IMAGES008,1,other
DOJ-OGR-00021322.jpg,IMAGES008,1,other
DOJ-OGR-00021323.jpg,IMAGES008,1,other
DOJ-OGR-00021324.jpg,IMAGES008,1,other
DOJ-OGR-00021325.jpg,IMAGES008,1,other
DOJ-OGR-00021326.jpg,IMAGES008,1,other
DOJ-OGR-00021327.jpg,IMAGES008,1,other
DOJ-OGR-00021328.jpg,IMAGES008,1,other
DOJ-OGR-00021329.jpg,IMAGES008,1,other
DOJ-OGR-00021330.jpg,IMAGES008,1,other
DOJ-OGR-00021331.jpg,IMAGES008,1,other
DOJ-OGR-00021332.jpg,IMAGES008,1,other
DOJ-OGR-00021333.jpg,IMAGES008,1,other
DOJ-OGR-00021334.jpg,IMAGES008,1,other
DOJ-OGR-00021335.jpg,IMAGES008,1,other
DOJ-OGR-00021336.jpg,IMAGES008,1,other
DOJ-OGR-00021337.jpg,IMAGES008,1,other
DOJ-OGR-00021338.jpg,IMAGES008,1,other
DOJ-OGR-00021339.jpg,IMAGES008,1,other
DOJ-OGR-00021340.jpg,IMAGES008,1,other
DOJ-OGR-00021341.jpg,IMAGES008,1,other
DOJ-OGR-00021342.jpg,IMAGES008,1,other
DOJ-OGR-00021343.jpg,IMAGES008,1,other
DOJ-OGR-00021344.jpg,IMAGES008,1,other
DOJ-OGR-00021345.jpg,IMAGES008,1,other
DOJ-OGR-00021346.jpg,IMAGES008,1,other
DOJ-OGR-00021347.jpg,IMAGES008,1,other
DOJ-OGR-00021348.jpg,IMAGES008,1,other
DOJ-OGR-00021349.jpg,IMAGES008,1,other
DOJ-OGR-00021350.jpg,IMAGES008,1,other
DOJ-OGR-00021351.jpg,IMAGES008,1,other
DOJ-OGR-00021352.jpg,IMAGES008,1,other
DOJ-OGR-00021353.jpg,IMAGES008,1,other
DOJ-OGR-00021354.jpg,IMAGES008,1,other
DOJ-OGR-00021355.jpg,IMAGES008,1,other
DOJ-OGR-00021356.jpg,IMAGES008,1,other
DOJ-OGR-00021357.jpg,IMAGES008,1,other
DOJ-OGR-00021358.jpg,IMAGES008,1,other
DOJ-OGR-00021359.jpg,IMAGES008,1,other
DOJ-OGR-00021360.jpg,IMAGES008,1,other
DOJ-OGR-00021361.jpg,IMAGES008,1,other
DOJ-OGR-00021362.jpg,IMAGES008,1,other
DOJ-OGR-00021363.jpg,IMAGES008,1,other
DOJ-OGR-00021364.jpg,IMAGES008,1,other
DOJ-OGR-00021365.jpg,IMAGES008,1,other
DOJ-OGR-00021366.jpg,IMAGES008,1,other
DOJ-OGR-00021367.jpg,IMAGES008,1,other
DOJ-OGR-00021368.jpg,IMAGES008,1,other
DOJ-OGR-00021369.jpg,IMAGES008,1,other
DOJ-OGR-00021370.jpg,IMAGES008,1,other
DOJ-OGR-00021371.jpg,IMAGES008,1,other
DOJ-OGR-00021372.jpg,IMAGES008,1,other
DOJ-OGR-00021373.jpg,IMAGES008,1,other
DOJ-OGR-00021374.jpg,IMAGES008,1,other
DOJ-OGR-00021375.jpg,IMAGES008,1,other
DOJ-OGR-00021376.jpg,IMAGES008,1,other
DOJ-OGR-00021377.jpg,IMAGES008,1,other
DOJ-OGR-00021378.jpg,IMAGES008,1,other
DOJ-OGR-00021379.jpg,IMAGES008,1,other
DOJ-OGR-00021380.jpg,IMAGES008,1,other
DOJ-OGR-00021381.jpg,IMAGES008,1,other
DOJ-OGR-00021382.jpg,IMAGES008,1,other
DOJ-OGR-00021383.jpg,IMAGES008,1,other
DOJ-OGR-00021384.jpg,IMAGES008,1,other
DOJ-OGR-00021385.jpg,IMAGES008,1,other
DOJ-OGR-00021386.jpg,IMAGES008,1,other
DOJ-OGR-00021387.jpg,IMAGES008,1,other
DOJ-OGR-00021388.jpg,IMAGES008,1,other
DOJ-OGR-00021389.jpg,IMAGES008,1,other
DOJ-OGR-00021390.jpg,IMAGES008,1,other
DOJ-OGR-00021391.jpg,IMAGES008,1,other
DOJ-OGR-00021392.jpg,IMAGES008,1,other
DOJ-OGR-00021393.jpg,IMAGES008,1,other
DOJ-OGR-00021394.jpg,IMAGES008,1,other
DOJ-OGR-00021395.jpg,IMAGES008,1,other
DOJ-OGR-00021396.jpg,IMAGES008,1,other
DOJ-OGR-00021397.jpg,IMAGES008,1,other
DOJ-OGR-00021398.jpg,IMAGES008,1,other
DOJ-OGR-00021399.jpg,IMAGES008,1,other
DOJ-OGR-00021400.jpg,IMAGES008,1,other
DOJ-OGR-00021401.jpg,IMAGES008,1,other
DOJ-OGR-00021402.jpg,IMAGES008,1,other
DOJ-OGR-00021403.jpg,IMAGES008,1,other
DOJ-OGR-00021404.jpg,IMAGES008,1,other
DOJ-OGR-00021405.jpg,IMAGES008,1,other
DOJ-OGR-00021406.jpg,IMAGES008,1,other
DOJ-OGR-00021407.jpg,IMAGES008,1,other
DOJ-OGR-00021408.jpg,IMAGES008,1,other
DOJ-OGR-00021409.jpg,IMAGES008,1,other
DOJ-OGR-00021410.jpg,IMAGES008,1,other
DOJ-OGR-00021411.jpg,IMAGES008,1,other
DOJ-OGR-00021412.jpg,IMAGES008,1,other
DOJ-OGR-00021413.jpg,IMAGES008,1,other
DOJ-OGR-00021414.jpg,IMAGES008,1,other
DOJ-OGR-00021415.jpg,IMAGES008,1,other
DOJ-OGR-00021416.jpg,IMAGES008,1,other
DOJ-OGR-00021417.jpg,IMAGES008,1,other
DOJ-OGR-00021418.jpg,IMAGES008,1,other
DOJ-OGR-00021419.jpg,IMAGES008,1,other
DOJ-OGR-00021420.jpg,IMAGES008,1,other
DOJ-OGR-00021421.jpg,IMAGES008,1,other
DOJ-OGR-00021422.jpg,IMAGES008,1,other
DOJ-OGR-00021423.jpg,IMAGES008,1,other
DOJ-OGR-00021424.jpg,IMAGES008,1,other
DOJ-OGR-00021425.jpg,IMAGES008,1,other
DOJ-OGR-00021426.jpg,IMAGES008,1,other
DOJ-OGR-00021427.jpg,IMAGES008,1,other
DOJ-OGR-00021428.jpg,IMAGES008,1,other
DOJ-OGR-00021429.jpg,IMAGES008,1,other
DOJ-OGR-00021430.jpg,IMAGES008,1,other
DOJ-OGR-00021431.jpg,IMAGES008,1,other
DOJ-OGR-00021432.jpg,IMAGES008,1,other
DOJ-OGR-00021433.jpg,IMAGES008,1,other
DOJ-OGR-00021434.jpg,IMAGES008,1,other
DOJ-OGR-00021435.jpg,IMAGES008,1,other
DOJ-OGR-00021436.jpg,IMAGES008,1,other
DOJ-OGR-00021437.jpg,IMAGES008,1,other
DOJ-OGR-00021438.jpg,IMAGES008,1,other
DOJ-OGR-00021439.jpg,IMAGES008,1,other
DOJ-OGR-00021440.jpg,IMAGES008,1,other
DOJ-OGR-00021441.jpg,IMAGES008,1,other
DOJ-OGR-00021442.jpg,IMAGES008,1,other
DOJ-OGR-00021443.jpg,IMAGES008,1,other
DOJ-OGR-00021444.jpg,IMAGES008,1,other
DOJ-OGR-00021445.jpg,IMAGES008,1,other
DOJ-OGR-00021446.jpg,IMAGES008,1,other
DOJ-OGR-00021447.jpg,IMAGES008,1,other
DOJ-OGR-00021448.jpg,IMAGES008,1,other
DOJ-OGR-00021449.jpg,IMAGES008,1,other
DOJ-OGR-00021450.jpg,IMAGES008,1,other
DOJ-OGR-00021451.jpg,IMAGES008,1,other
DOJ-OGR-00021452.jpg,IMAGES008,1,other
DOJ-OGR-00021453.jpg,IMAGES008,1,other
DOJ-OGR-00021454.jpg,IMAGES008,1,other
DOJ-OGR-00021455.jpg,IMAGES008,1,other
DOJ-OGR-00021456.jpg,IMAGES008,1,other
DOJ-OGR-00021457.jpg,IMAGES008,1,other
DOJ-OGR-00021458.jpg,IMAGES008,1,other
DOJ-OGR-00021459.jpg,IMAGES008,1,other
DOJ-OGR-00021460.jpg,IMAGES008,1,other
DOJ-OGR-00021461.jpg,IMAGES008,1,other
DOJ-OGR-00021462.jpg,IMAGES008,1,other
DOJ-OGR-00021463.jpg,IMAGES008,1,other
DOJ-OGR-00021464.jpg,IMAGES008,1,other
DOJ-OGR-00021465.jpg,IMAGES008,1,other
DOJ-OGR-00021466.jpg,IMAGES008,1,other
DOJ-OGR-00021467.jpg,IMAGES008,1,other
DOJ-OGR-00021468.jpg,IMAGES008,1,other
DOJ-OGR-00021469.jpg,IMAGES008,1,other
DOJ-OGR-00021470.jpg,IMAGES008,1,other
DOJ-OGR-00021471.jpg,IMAGES008,1,other
DOJ-OGR-00021472.jpg,IMAGES008,1,other
DOJ-OGR-00021473.jpg,IMAGES008,1,other
DOJ-OGR-00021474.jpg,IMAGES008,1,other
DOJ-OGR-00021475.jpg,IMAGES008,1,other
DOJ-OGR-00021476.jpg,IMAGES008,1,other
DOJ-OGR-00021477.jpg,IMAGES008,1,other
DOJ-OGR-00021478.jpg,IMAGES008,1,other
DOJ-OGR-00021479.jpg,IMAGES008,1,other
DOJ-OGR-00021480.jpg,IMAGES008,1,other
DOJ-OGR-00021481.jpg,IMAGES008,1,other
DOJ-OGR-00021482.jpg,IMAGES008,1,other
DOJ-OGR-00021483.jpg,IMAGES008,1,other
DOJ-OGR-00021484.jpg,IMAGES008,1,other
DOJ-OGR-00021485.jpg,IMAGES008,1,other
DOJ-OGR-00021486.jpg,IMAGES008,1,other
DOJ-OGR-00021487.jpg,IMAGES008,1,other
DOJ-OGR-00021488.jpg,IMAGES008,1,other
DOJ-OGR-00021489.jpg,IMAGES008,1,other
DOJ-OGR-00021490.jpg,IMAGES008,1,other
DOJ-OGR-00021491.jpg,IMAGES008,1,other
DOJ-OGR-00021492.jpg,IMAGES008,1,other
DOJ-OGR-00021493.jpg,IMAGES008,1,other
DOJ-OGR-00021494.jpg,IMAGES008,1,other
DOJ-OGR-00021495.jpg,IMAGES008,1,other
DOJ-OGR-00021496.jpg,IMAGES008,1,other
DOJ-OGR-00021497.jpg,IMAGES008,1,other
DOJ-OGR-00021498.jpg,IMAGES008,1,other
DOJ-OGR-00021499.jpg,IMAGES008,1,other
DOJ-OGR-00021500.jpg,IMAGES008,1,other
DOJ-OGR-00021501.jpg,IMAGES008,1,other
DOJ-OGR-00021502.jpg,IMAGES008,1,other
DOJ-OGR-00021503.jpg,IMAGES008,1,other
DOJ-OGR-00021504.jpg,IMAGES008,1,other
DOJ-OGR-00021505.jpg,IMAGES008,1,other
DOJ-OGR-00021506.jpg,IMAGES008,1,other
DOJ-OGR-00021507.jpg,IMAGES008,1,other
DOJ-OGR-00021508.jpg,IMAGES008,1,other
DOJ-OGR-00021509.jpg,IMAGES008,1,other
DOJ-OGR-00021510.jpg,IMAGES008,1,other
DOJ-OGR-00021511.jpg,IMAGES008,1,other
DOJ-OGR-00021512.jpg,IMAGES008,1,other
DOJ-OGR-00021513.jpg,IMAGES008,1,other
DOJ-OGR-00021514.jpg,IMAGES008,1,other
DOJ-OGR-00021515.jpg,IMAGES008,1,other
DOJ-OGR-00021516.jpg,IMAGES008,1,other
DOJ-OGR-00021517.jpg,IMAGES008,1,other
DOJ-OGR-00021518.jpg,IMAGES008,1,other
DOJ-OGR-00021519.jpg,IMAGES008,1,other
DOJ-OGR-00021520.jpg,IMAGES008,1,other
DOJ-OGR-00021521.jpg,IMAGES008,1,other
DOJ-OGR-00021522.jpg,IMAGES008,1,other
DOJ-OGR-00021523.jpg,IMAGES008,1,other
DOJ-OGR-00021524.jpg,IMAGES008,1,other
DOJ-OGR-00021525.jpg,IMAGES008,1,other
DOJ-OGR-00021526.jpg,IMAGES008,1,other
DOJ-OGR-00021527.jpg,IMAGES008,1,other
DOJ-OGR-00021528.jpg,IMAGES008,1,other
DOJ-OGR-00021529.jpg,IMAGES008,1,other
DOJ-OGR-00021530.jpg,IMAGES008,1,other
DOJ-OGR-00021531.jpg,IMAGES008,1,other
DOJ-OGR-00021532.jpg,IMAGES008,1,other
DOJ-OGR-00021533.jpg,IMAGES008,1,other
DOJ-OGR-00021534.jpg,IMAGES008,1,other
DOJ-OGR-00021535.jpg,IMAGES008,1,other
DOJ-OGR-00021536.jpg,IMAGES008,1,other
DOJ-OGR-00021537.jpg,IMAGES008,1,other
DOJ-OGR-00021538.jpg,IMAGES008,1,other
DOJ-OGR-00021539.jpg,IMAGES008,1,other
DOJ-OGR-00021540.jpg,IMAGES008,1,other
DOJ-OGR-00021541.jpg,IMAGES008,1,other
DOJ-OGR-00021542.jpg,IMAGES008,1,other
DOJ-OGR-00021543.jpg,IMAGES008,1,other
DOJ-OGR-00021544.jpg,IMAGES008,1,other
DOJ-OGR-00021545.jpg,IMAGES008,1,other
DOJ-OGR-00021546.jpg,IMAGES008,1,other
DOJ-OGR-00021547.jpg,IMAGES008,1,other
DOJ-OGR-00021548.jpg,IMAGES008,1,other
DOJ-OGR-00021549.jpg,IMAGES008,1,other
DOJ-OGR-00021550.jpg,IMAGES008,1,other
DOJ-OGR-00021551.jpg,IMAGES008,1,other
DOJ-OGR-00021552.jpg,IMAGES008,1,other
DOJ-OGR-00021553.jpg,IMAGES008,1,other
DOJ-OGR-00021554.jpg,IMAGES008,1,other
DOJ-OGR-00021555.jpg,IMAGES008,1,other
DOJ-OGR-00021556.jpg,IMAGES008,1,other
DOJ-OGR-00021557.jpg,IMAGES008,1,other
DOJ-OGR-00021558.jpg,IMAGES008,1,other
DOJ-OGR-00021559.jpg,IMAGES008,1,other
DOJ-OGR-00021560.jpg,IMAGES008,1,other
DOJ-OGR-00021561.jpg,IMAGES008,1,other
DOJ-OGR-00021562.jpg,IMAGES008,1,other
DOJ-OGR-00021563.jpg,IMAGES008,1,other
DOJ-OGR-00021564.jpg,IMAGES008,1,other
DOJ-OGR-00021565.jpg,IMAGES008,1,other
DOJ-OGR-00021566.jpg,IMAGES008,1,other
DOJ-OGR-00021567.jpg,IMAGES008,1,other
DOJ-OGR-00021568.jpg,IMAGES008,1,other
DOJ-OGR-00021569.jpg,IMAGES008,1,other
DOJ-OGR-00021570.jpg,IMAGES008,1,other
DOJ-OGR-00021571.jpg,IMAGES008,1,other
DOJ-OGR-00021572.jpg,IMAGES008,1,other
DOJ-OGR-00021573.jpg,IMAGES008,1,other
DOJ-OGR-00021574.jpg,IMAGES008,1,other
DOJ-OGR-00021575.jpg,IMAGES008,1,other
DOJ-OGR-00021576.jpg,IMAGES008,1,other
DOJ-OGR-00021577.jpg,IMAGES008,1,other
DOJ-OGR-00021578.jpg,IMAGES008,1,other
DOJ-OGR-00021579.jpg,IMAGES008,1,other
DOJ-OGR-00021580.jpg,IMAGES008,1,other
DOJ-OGR-00021581.jpg,IMAGES008,1,other
DOJ-OGR-00021582.jpg,IMAGES008,1,other
DOJ-OGR-00021583.jpg,IMAGES008,1,other
DOJ-OGR-00021584.jpg,IMAGES008,1,other
DOJ-OGR-00021585.jpg,IMAGES008,1,other
DOJ-OGR-00021586.jpg,IMAGES008,1,other
DOJ-OGR-00021587.jpg,IMAGES008,1,other
DOJ-OGR-00021588.jpg,IMAGES008,1,other
DOJ-OGR-00021589.jpg,IMAGES008,1,other
DOJ-OGR-00021590.jpg,IMAGES008,1,other
DOJ-OGR-00021591.jpg,IMAGES008,1,other
DOJ-OGR-00021592.jpg,IMAGES008,1,other
DOJ-OGR-00021593.jpg,IMAGES008,1,other
DOJ-OGR-00021594.jpg,IMAGES008,1,other
DOJ-OGR-00021595.jpg,IMAGES008,1,other
DOJ-OGR-00021596.jpg,IMAGES008,1,other
DOJ-OGR-00021597.jpg,IMAGES008,1,other
DOJ-OGR-00021598.jpg,IMAGES008,1,other
DOJ-OGR-00021599.jpg,IMAGES008,1,other
DOJ-OGR-00021600.jpg,IMAGES008,1,other
DOJ-OGR-00021601.jpg,IMAGES008,1,other
DOJ-OGR-00021602.jpg,IMAGES008,1,other
DOJ-OGR-00021603.jpg,IMAGES008,1,other
DOJ-OGR-00021604.jpg,IMAGES008,1,other
DOJ-OGR-00021605.jpg,IMAGES008,1,other
DOJ-OGR-00021606.jpg,IMAGES008,1,other
DOJ-OGR-00021607.jpg,IMAGES008,1,other
DOJ-OGR-00021608.jpg,IMAGES008,1,other
DOJ-OGR-00021609.jpg,IMAGES008,1,other
DOJ-OGR-00021610.jpg,IMAGES008,1,other
DOJ-OGR-00021611.jpg,IMAGES008,1,other
DOJ-OGR-00021612.jpg,IMAGES008,1,other
DOJ-OGR-00021613.jpg,IMAGES008,1,other
DOJ-OGR-00021614.jpg,IMAGES008,1,other
DOJ-OGR-00021615.jpg,IMAGES008,1,other
DOJ-OGR-00021616.jpg,IMAGES008,1,other
DOJ-OGR-00021617.jpg,IMAGES008,1,other
DOJ-OGR-00021618.jpg,IMAGES008,1,other
DOJ-OGR-00021619.jpg,IMAGES008,1,other
DOJ-OGR-00021620.jpg,IMAGES008,1,other
DOJ-OGR-00021621.jpg,IMAGES008,1,other
DOJ-OGR-00021622.jpg,IMAGES008,1,other
DOJ-OGR-00021623.jpg,IMAGES008,1,other
DOJ-OGR-00021624.jpg,IMAGES008,1,other
DOJ-OGR-00021625.jpg,IMAGES008,1,other
DOJ-OGR-00021626.jpg,IMAGES008,1,other
DOJ-OGR-00021627.jpg,IMAGES008,1,other
DOJ-OGR-00021628.jpg,IMAGES008,1,other
DOJ-OGR-00021629.jpg,IMAGES008,1,other
DOJ-OGR-00021630.jpg,IMAGES008,1,other
DOJ-OGR-00021631.jpg,IMAGES008,1,other
DOJ-OGR-00021632.jpg,IMAGES008,1,other
DOJ-OGR-00021633.jpg,IMAGES008,1,other
DOJ-OGR-00021634.jpg,IMAGES008,1,other
DOJ-OGR-00021635.jpg,IMAGES008,1,other
DOJ-OGR-00021636.jpg,IMAGES008,1,other
DOJ-OGR-00021637.jpg,IMAGES008,1,other
DOJ-OGR-00021638.jpg,IMAGES008,1,other
DOJ-OGR-00021639.jpg,IMAGES008,1,other
DOJ-OGR-00021640.jpg,IMAGES008,1,other
DOJ-OGR-00021641.jpg,IMAGES008,1,other
DOJ-OGR-00021642.jpg,IMAGES008,1,other
DOJ-OGR-00021643.jpg,IMAGES008,1,other
DOJ-OGR-00021644.jpg,IMAGES008,1,other
DOJ-OGR-00021645.jpg,IMAGES008,1,other
DOJ-OGR-00021646.jpg,IMAGES008,1,other
DOJ-OGR-00021647.jpg,IMAGES008,1,other
DOJ-OGR-00021648.jpg,IMAGES008,1,other
DOJ-OGR-00021649.jpg,IMAGES008,1,other
DOJ-OGR-00021650.jpg,IMAGES008,1,other
DOJ-OGR-00021651.jpg,IMAGES008,1,other
DOJ-OGR-00021652.jpg,IMAGES008,1,other
DOJ-OGR-00021653.jpg,IMAGES008,1,other
DOJ-OGR-00021654.jpg,IMAGES008,1,other
DOJ-OGR-00021655.jpg,IMAGES008,1,other
DOJ-OGR-00021656.jpg,IMAGES008,1,other
DOJ-OGR-00021657.jpg,IMAGES008,1,other
DOJ-OGR-00021658.jpg,IMAGES008,1,other
DOJ-OGR-00021659.jpg,IMAGES008,1,other
DOJ-OGR-00021660.jpg,IMAGES008,1,other
DOJ-OGR-00021661.jpg,IMAGES008,1,other
DOJ-OGR-00021662.jpg,IMAGES008,1,other
DOJ-OGR-00021663.jpg,IMAGES008,1,other
DOJ-OGR-00021664.jpg,IMAGES008,1,other
DOJ-OGR-00021665.jpg,IMAGES008,1,other
DOJ-OGR-00021666.jpg,IMAGES008,1,other
DOJ-OGR-00021667.jpg,IMAGES008,1,other
DOJ-OGR-00021668.jpg,IMAGES008,1,other
DOJ-OGR-00021669.jpg,IMAGES008,1,other
DOJ-OGR-00021670.jpg,IMAGES008,1,other
DOJ-OGR-00021671.jpg,IMAGES008,1,other
DOJ-OGR-00021672.jpg,IMAGES008,1,other
DOJ-OGR-00021673.jpg,IMAGES008,1,other
DOJ-OGR-00021674.jpg,IMAGES008,1,other
DOJ-OGR-00021675.jpg,IMAGES008,1,other
DOJ-OGR-00021676.jpg,IMAGES008,1,other
DOJ-OGR-00021677.jpg,IMAGES008,1,other
DOJ-OGR-00021678.jpg,IMAGES008,1,other
DOJ-OGR-00021679.jpg,IMAGES008,1,other
DOJ-OGR-00021680.jpg,IMAGES008,1,other
DOJ-OGR-00021681.jpg,IMAGES008,1,other
DOJ-OGR-00021682.jpg,IMAGES008,1,other
DOJ-OGR-00021683.jpg,IMAGES008,1,other
DOJ-OGR-00021684.jpg,IMAGES008,1,other
DOJ-OGR-00021685.jpg,IMAGES008,1,other
DOJ-OGR-00021686.jpg,IMAGES008,1,other
DOJ-OGR-00021687.jpg,IMAGES008,1,other
DOJ-OGR-00021688.jpg,IMAGES008,1,other
DOJ-OGR-00021689.jpg,IMAGES008,1,other
DOJ-OGR-00021690.jpg,IMAGES008,1,other
DOJ-OGR-00021691.jpg,IMAGES008,1,other
DOJ-OGR-00021692.jpg,IMAGES008,1,other
DOJ-OGR-00021693.jpg,IMAGES008,1,other
DOJ-OGR-00021694.jpg,IMAGES008,1,other
DOJ-OGR-00021695.jpg,IMAGES008,1,other
DOJ-OGR-00021696.jpg,IMAGES008,1,other
DOJ-OGR-00021697.jpg,IMAGES008,1,other
DOJ-OGR-00021698.jpg,IMAGES008,1,other
DOJ-OGR-00021699.jpg,IMAGES008,1,other
DOJ-OGR-00021700.jpg,IMAGES008,1,other
DOJ-OGR-00021701.jpg,IMAGES008,1,other
DOJ-OGR-00021702.jpg,IMAGES008,1,other
DOJ-OGR-00021703.jpg,IMAGES008,1,other
DOJ-OGR-00021704.jpg,IMAGES008,1,other
DOJ-OGR-00021705.jpg,IMAGES008,1,other
DOJ-OGR-00021706.jpg,IMAGES008,1,other
DOJ-OGR-00021707.jpg,IMAGES008,1,other
DOJ-OGR-00021708.jpg,IMAGES008,1,other
DOJ-OGR-00021709.jpg,IMAGES008,1,other
DOJ-OGR-00021710.jpg,IMAGES008,1,other
DOJ-OGR-00021711.jpg,IMAGES008,1,other
DOJ-OGR-00021712.jpg,IMAGES008,1,other
DOJ-OGR-00021713.jpg,IMAGES008,1,other
DOJ-OGR-00021714.jpg,IMAGES008,1,other
DOJ-OGR-00021715.jpg,IMAGES008,1,other
DOJ-OGR-00021716.jpg,IMAGES008,1,other
DOJ-OGR-00021717.jpg,IMAGES008,1,other
DOJ-OGR-00021718.jpg,IMAGES008,1,other
DOJ-OGR-00021719.jpg,IMAGES008,1,other
DOJ-OGR-00021720.jpg,IMAGES008,1,other
DOJ-OGR-00021721.jpg,IMAGES008,1,other
DOJ-OGR-00021722.jpg,IMAGES008,1,other
DOJ-OGR-00021723.jpg,IMAGES008,1,other
DOJ-OGR-00021724.jpg,IMAGES008,1,other
DOJ-OGR-00021725.jpg,IMAGES008,1,other
DOJ-OGR-00021726.jpg,IMAGES008,1,other
DOJ-OGR-00021727.jpg,IMAGES008,1,other
DOJ-OGR-00021728.jpg,IMAGES008,1,other
DOJ-OGR-00021729.jpg,IMAGES008,1,other
DOJ-OGR-00021730.jpg,IMAGES008,1,other
DOJ-OGR-00021731.jpg,IMAGES008,1,other
DOJ-OGR-00021732.jpg,IMAGES008,1,other
DOJ-OGR-00021733.jpg,IMAGES008,1,other
DOJ-OGR-00021734.jpg,IMAGES008,1,other
DOJ-OGR-00021735.jpg,IMAGES008,1,other
DOJ-OGR-00021736.jpg,IMAGES008,1,other
DOJ-OGR-00021737.jpg,IMAGES008,1,other
DOJ-OGR-00021738.jpg,IMAGES008,1,other
DOJ-OGR-00021739.jpg,IMAGES008,1,other
DOJ-OGR-00021740.jpg,IMAGES008,1,other
DOJ-OGR-00021741.jpg,IMAGES008,1,other
DOJ-OGR-00021742.jpg,IMAGES008,1,other
DOJ-OGR-00021743.jpg,IMAGES008,1,other
DOJ-OGR-00021744.jpg,IMAGES008,1,other
DOJ-OGR-00021745.jpg,IMAGES008,1,other
DOJ-OGR-00021746.jpg,IMAGES008,1,other
DOJ-OGR-00021747.jpg,IMAGES008,1,other
DOJ-OGR-00021748.jpg,IMAGES008,1,other
DOJ-OGR-00021749.jpg,IMAGES008,1,other
DOJ-OGR-00021750.jpg,IMAGES008,1,other
DOJ-OGR-00021751.jpg,IMAGES008,1,other
DOJ-OGR-00021752.jpg,IMAGES008,1,other
DOJ-OGR-00021753.jpg,IMAGES008,1,other
DOJ-OGR-00021754.jpg,IMAGES008,1,other
DOJ-OGR-00021755.jpg,IMAGES008,1,other
DOJ-OGR-00021756.jpg,IMAGES008,1,other
DOJ-OGR-00021757.jpg,IMAGES008,1,other
DOJ-OGR-00021758.jpg,IMAGES008,1,other
DOJ-OGR-00021759.jpg,IMAGES008,1,other
DOJ-OGR-00021760.jpg,IMAGES008,1,other
DOJ-OGR-00021761.jpg,IMAGES008,1,other
DOJ-OGR-00021762.jpg,IMAGES008,1,other
DOJ-OGR-00021763.jpg,IMAGES008,1,other
DOJ-OGR-00021764.jpg,IMAGES008,1,other
DOJ-OGR-00021765.jpg,IMAGES008,1,other
DOJ-OGR-00021766.jpg,IMAGES008,1,other
DOJ-OGR-00021767.jpg,IMAGES008,1,other
DOJ-OGR-00021768.jpg,IMAGES008,1,other
DOJ-OGR-00021769.jpg,IMAGES008,1,other
DOJ-OGR-00021770.jpg,IMAGES008,1,other
DOJ-OGR-00021771.jpg,IMAGES008,1,other
DOJ-OGR-00021772.jpg,IMAGES008,1,other
DOJ-OGR-00021773.jpg,IMAGES008,1,other
DOJ-OGR-00021774.jpg,IMAGES008,1,other
DOJ-OGR-00021775.jpg,IMAGES008,1,other
DOJ-OGR-00021776.jpg,IMAGES008,1,other
DOJ-OGR-00021777.jpg,IMAGES008,1,other
DOJ-OGR-00021778.jpg,IMAGES008,1,other
DOJ-OGR-00021779.jpg,IMAGES008,1,other
DOJ-OGR-00021780.jpg,IMAGES008,1,other
DOJ-OGR-00021781.jpg,IMAGES008,1,other
DOJ-OGR-00021782.jpg,IMAGES008,1,other
DOJ-OGR-00021783.jpg,IMAGES008,1,other
DOJ-OGR-00021784.jpg,IMAGES008,1,other
DOJ-OGR-00021785.jpg,IMAGES008,1,other
DOJ-OGR-00021786.jpg,IMAGES008,1,other
DOJ-OGR-00021787.jpg,IMAGES008,1,other
DOJ-OGR-00021788.jpg,IMAGES008,1,other
DOJ-OGR-00021789.jpg,IMAGES008,1,other
DOJ-OGR-00021790.jpg,IMAGES008,1,other
DOJ-OGR-00021791.jpg,IMAGES008,1,other
DOJ-OGR-00021792.jpg,IMAGES008,1,other
DOJ-OGR-00021793.jpg,IMAGES008,1,other
DOJ-OGR-00021794.jpg,IMAGES008,1,other
DOJ-OGR-00021795.jpg,IMAGES008,1,other
DOJ-OGR-00021796.jpg,IMAGES008,1,other
DOJ-OGR-00021797.jpg,IMAGES008,1,other
DOJ-OGR-00021798.jpg,IMAGES008,1,other
DOJ-OGR-00021799.jpg,IMAGES008,1,other
DOJ-OGR-00021800.jpg,IMAGES008,1,other
DOJ-OGR-00021801.jpg,IMAGES008,1,other
DOJ-OGR-00021802.jpg,IMAGES008,1,other
DOJ-OGR-00021803.jpg,IMAGES008,1,other
DOJ-OGR-00021804.jpg,IMAGES008,1,other
DOJ-OGR-00021805.jpg,IMAGES008,1,other
DOJ-OGR-00021806.jpg,IMAGES008,1,other
DOJ-OGR-00021807.jpg,IMAGES008,1,other
DOJ-OGR-00021808.jpg,IMAGES008,1,other
DOJ-OGR-00021809.jpg,IMAGES008,1,other
DOJ-OGR-00021810.jpg,IMAGES008,1,other
DOJ-OGR-00021811.jpg,IMAGES008,1,other
DOJ-OGR-00021812.jpg,IMAGES008,1,other
DOJ-OGR-00021813.jpg,IMAGES008,1,other
DOJ-OGR-00021814.jpg,IMAGES008,1,other
DOJ-OGR-00021815.jpg,IMAGES008,1,other
DOJ-OGR-00021816.jpg,IMAGES008,1,other
DOJ-OGR-00021817.jpg,IMAGES008,1,other
DOJ-OGR-00021818.jpg,IMAGES008,1,other
DOJ-OGR-00021819.jpg,IMAGES008,1,other
DOJ-OGR-00021820.jpg,IMAGES008,1,other
DOJ-OGR-00021821.jpg,IMAGES008,1,other
DOJ-OGR-00021822.jpg,IMAGES008,1,other
DOJ-OGR-00021823.jpg,IMAGES008,1,other
DOJ-OGR-00021824.jpg,IMAGES008,1,other
DOJ-OGR-00021825.jpg,IMAGES008,1,other
DOJ-OGR-00021826.jpg,IMAGES008,1,other
DOJ-OGR-00021827.jpg,IMAGES008,1,other
DOJ-OGR-00021828.jpg,IMAGES008,1,other
DOJ-OGR-00021829.jpg,IMAGES008,1,other
DOJ-OGR-00021830.jpg,IMAGES008,1,other
DOJ-OGR-00021831.jpg,IMAGES008,1,other
DOJ-OGR-00021832.jpg,IMAGES008,1,other
DOJ-OGR-00021833.jpg,IMAGES008,1,other
DOJ-OGR-00021834.jpg,IMAGES008,1,other
DOJ-OGR-00021835.jpg,IMAGES008,1,other
DOJ-OGR-00021836.jpg,IMAGES008,1,other
DOJ-OGR-00021837.jpg,IMAGES008,1,other
DOJ-OGR-00021838.jpg,IMAGES008,1,other
DOJ-OGR-00021839.jpg,IMAGES008,1,other
DOJ-OGR-00021840.jpg,IMAGES008,1,other
DOJ-OGR-00021841.jpg,IMAGES008,1,other
DOJ-OGR-00021842.jpg,IMAGES008,1,other
DOJ-OGR-00021843.jpg,IMAGES008,1,other
DOJ-OGR-00021844.jpg,IMAGES008,1,other
DOJ-OGR-00021845.jpg,IMAGES008,1,other
DOJ-OGR-00021846.jpg,IMAGES008,1,other
DOJ-OGR-00021847.jpg,IMAGES008,1,other
DOJ-OGR-00021848.jpg,IMAGES008,1,other
DOJ-OGR-00021849.jpg,IMAGES008,1,other
DOJ-OGR-00021850.jpg,IMAGES008,1,other
DOJ-OGR-00021851.jpg,IMAGES008,1,other
DOJ-OGR-00021852.jpg,IMAGES008,1,other
DOJ-OGR-00021853.jpg,IMAGES008,1,other
DOJ-OGR-00021854.jpg,IMAGES008,1,other
DOJ-OGR-00021855.jpg,IMAGES008,1,other
DOJ-OGR-00021856.jpg,IMAGES008,1,other
DOJ-OGR-00021857.jpg,IMAGES008,1,other
DOJ-OGR-00021858.jpg,IMAGES008,1,other
DOJ-OGR-00021859.jpg,IMAGES008,1,other
DOJ-OGR-00021860.jpg,IMAGES008,1,other
DOJ-OGR-00021861.jpg,IMAGES008,1,other
DOJ-OGR-00021862.jpg,IMAGES008,1,other
DOJ-OGR-00021863.jpg,IMAGES008,1,other
DOJ-OGR-00021864.jpg,IMAGES008,1,other
DOJ-OGR-00021865.jpg,IMAGES008,1,other
DOJ-OGR-00021866.jpg,IMAGES008,1,other
DOJ-OGR-00021867.jpg,IMAGES008,1,other
DOJ-OGR-00021868.jpg,IMAGES008,1,other
DOJ-OGR-00021869.jpg,IMAGES008,1,other
DOJ-OGR-00021870.jpg,IMAGES008,1,other
DOJ-OGR-00021871.jpg,IMAGES008,1,other
DOJ-OGR-00021872.jpg,IMAGES008,1,other
DOJ-OGR-00021873.jpg,IMAGES008,1,other
DOJ-OGR-00021874.jpg,IMAGES008,1,other
DOJ-OGR-00021875.jpg,IMAGES008,1,other
DOJ-OGR-00021876.jpg,IMAGES008,1,other
DOJ-OGR-00021877.jpg,IMAGES008,1,other
DOJ-OGR-00021878.jpg,IMAGES008,1,other
DOJ-OGR-00021879.jpg,IMAGES008,1,other
DOJ-OGR-00021880.jpg,IMAGES008,1,other
DOJ-OGR-00021881.jpg,IMAGES008,1,other
DOJ-OGR-00021882.jpg,IMAGES008,1,other
DOJ-OGR-00021883.jpg,IMAGES008,1,other
DOJ-OGR-00021884.jpg,IMAGES008,1,other
DOJ-OGR-00021885.jpg,IMAGES008,1,other
DOJ-OGR-00021886.jpg,IMAGES008,1,other
DOJ-OGR-00021887.jpg,IMAGES008,1,other
DOJ-OGR-00021888.jpg,IMAGES008,1,other
DOJ-OGR-00021889.jpg,IMAGES008,1,other
DOJ-OGR-00021890.jpg,IMAGES008,1,other
DOJ-OGR-00021891.jpg,IMAGES008,1,other
DOJ-OGR-00021892.jpg,IMAGES008,1,other
DOJ-OGR-00021893.jpg,IMAGES008,1,other
DOJ-OGR-00021894.jpg,IMAGES008,1,other
DOJ-OGR-00021895.jpg,IMAGES008,1,other
DOJ-OGR-00021896.jpg,IMAGES008,1,other
DOJ-OGR-00021897.jpg,IMAGES008,1,other
DOJ-OGR-00021898.jpg,IMAGES008,1,other
DOJ-OGR-00021899.jpg,IMAGES008,1,other
DOJ-OGR-00021900.jpg,IMAGES008,1,other
DOJ-OGR-00021901.jpg,IMAGES008,1,other
DOJ-OGR-00021902.jpg,IMAGES008,1,other
DOJ-OGR-00021903.jpg,IMAGES008,1,other
DOJ-OGR-00021904.jpg,IMAGES008,1,other
DOJ-OGR-00021905.jpg,IMAGES008,1,other
DOJ-OGR-00021906.jpg,IMAGES008,1,other
DOJ-OGR-00021907.jpg,IMAGES008,1,other
DOJ-OGR-00021908.jpg,IMAGES008,1,other
DOJ-OGR-00021909.jpg,IMAGES008,1,other
DOJ-OGR-00021910.jpg,IMAGES008,1,other
DOJ-OGR-00021911.jpg,IMAGES008,1,other
DOJ-OGR-00021912.jpg,IMAGES008,1,other
DOJ-OGR-00021913.jpg,IMAGES008,1,other
DOJ-OGR-00021914.jpg,IMAGES008,1,other
DOJ-OGR-00021915.jpg,IMAGES008,1,other
DOJ-OGR-00021916.jpg,IMAGES008,1,other
DOJ-OGR-00021917.jpg,IMAGES008,1,other
DOJ-OGR-00021918.jpg,IMAGES008,1,other
DOJ-OGR-00021919.jpg,IMAGES008,1,other
DOJ-OGR-00021920.jpg,IMAGES008,1,other
DOJ-OGR-00021921.jpg,IMAGES008,1,other
DOJ-OGR-00021922.jpg,IMAGES008,1,other
DOJ-OGR-00021923.jpg,IMAGES008,1,other
DOJ-OGR-00021924.jpg,IMAGES008,1,other
DOJ-OGR-00021925.jpg,IMAGES008,1,other
DOJ-OGR-00021926.jpg,IMAGES008,1,other
DOJ-OGR-00021927.jpg,IMAGES008,1,other
DOJ-OGR-00021928.jpg,IMAGES008,1,other
DOJ-OGR-00021929.jpg,IMAGES008,1,other
DOJ-OGR-00021930.jpg,IMAGES008,1,other
DOJ-OGR-00021931.jpg,IMAGES008,1,other
DOJ-OGR-00021932.jpg,IMAGES008,1,other
DOJ-OGR-00021933.jpg,IMAGES008,1,other
DOJ-OGR-00021934.jpg,IMAGES008,1,other
DOJ-OGR-00021935.jpg,IMAGES008,1,other
DOJ-OGR-00021936.jpg,IMAGES008,1,other
DOJ-OGR-00021937.jpg,IMAGES008,1,email
DOJ-OGR-00021938.jpg,IMAGES008,1,other
DOJ-OGR-00021939.jpg,IMAGES008,1,other
DOJ-OGR-00021940.jpg,IMAGES008,1,other
DOJ-OGR-00021941.jpg,IMAGES008,1,other
DOJ-OGR-00021942.jpg,IMAGES008,1,other
DOJ-OGR-00021943.jpg,IMAGES008,1,other
DOJ-OGR-00021944.jpg,IMAGES008,1,other
DOJ-OGR-00021945.jpg,IMAGES008,1,email
DOJ-OGR-00021946.jpg,IMAGES008,1,other
DOJ-OGR-00021947.jpg,IMAGES008,1,other
DOJ-OGR-00021948.jpg,IMAGES008,1,other
DOJ-OGR-00021949.jpg,IMAGES008,1,other
DOJ-OGR-00021950.jpg,IMAGES008,1,other
DOJ-OGR-00021951.jpg,IMAGES008,1,other
DOJ-OGR-00021952.jpg,IMAGES008,1,other
DOJ-OGR-00021953.jpg,IMAGES008,1,other
DOJ-OGR-00021954.jpg,IMAGES008,1,other
DOJ-OGR-00021955.jpg,IMAGES008,1,other
DOJ-OGR-00021956.jpg,IMAGES008,1,other
DOJ-OGR-00021957.jpg,IMAGES008,1,other
DOJ-OGR-00021958.jpg,IMAGES008,1,other
DOJ-OGR-00021959.jpg,IMAGES008,1,other
DOJ-OGR-00021960.jpg,IMAGES008,1,other
DOJ-OGR-00021961.jpg,IMAGES008,1,other
DOJ-OGR-00021962.jpg,IMAGES008,1,other
DOJ-OGR-00021963.jpg,IMAGES008,1,other
DOJ-OGR-00021964.jpg,IMAGES008,1,other
DOJ-OGR-00021965.jpg,IMAGES008,1,other
DOJ-OGR-00021966.jpg,IMAGES008,1,other
DOJ-OGR-00021967.jpg,IMAGES008,1,other
DOJ-OGR-00021968.jpg,IMAGES008,1,other
DOJ-OGR-00021969.jpg,IMAGES008,1,other
DOJ-OGR-00021970.jpg,IMAGES008,1,other
DOJ-OGR-00021971.jpg,IMAGES008,1,other
DOJ-OGR-00021972.jpg,IMAGES008,1,other
DOJ-OGR-00021973.jpg,IMAGES008,1,other
DOJ-OGR-00021974.jpg,IMAGES008,1,other
DOJ-OGR-00021975.jpg,IMAGES008,1,other
DOJ-OGR-00021976.jpg,IMAGES008,1,other
DOJ-OGR-00021977.jpg,IMAGES008,1,other
DOJ-OGR-00021978.jpg,IMAGES008,1,other
DOJ-OGR-00021979.jpg,IMAGES008,1,other
DOJ-OGR-00021980.jpg,IMAGES008,1,other
DOJ-OGR-00021981.jpg,IMAGES008,1,other
DOJ-OGR-00021982.jpg,IMAGES008,1,other
DOJ-OGR-00021983.jpg,IMAGES008,1,other
DOJ-OGR-00021984.jpg,IMAGES008,1,other
DOJ-OGR-00021985.jpg,IMAGES008,1,other
DOJ-OGR-00021986.jpg,IMAGES008,1,other
DOJ-OGR-00021987.jpg,IMAGES008,1,other
DOJ-OGR-00021988.jpg,IMAGES008,1,other
DOJ-OGR-00021989.jpg,IMAGES008,1,other
DOJ-OGR-00021990.jpg,IMAGES008,1,other
DOJ-OGR-00021991.jpg,IMAGES008,1,other
DOJ-OGR-00021992.jpg,IMAGES008,1,other
DOJ-OGR-00021993.jpg,IMAGES008,1,other
DOJ-OGR-00021994.jpg,IMAGES008,1,other
DOJ-OGR-00021995.jpg,IMAGES008,1,other
DOJ-OGR-00021996.jpg,IMAGES008,1,other
DOJ-OGR-00021997.jpg,IMAGES008,1,other
DOJ-OGR-00021998.jpg,IMAGES008,1,other
DOJ-OGR-00021999.jpg,IMAGES008,1,other
DOJ-OGR-00022000.jpg,IMAGES008,1,other
DOJ-OGR-00022001.jpg,IMAGES008,1,other
DOJ-OGR-00022002.jpg,IMAGES008,1,other
DOJ-OGR-00022003.jpg,IMAGES008,1,other
DOJ-OGR-00022004.jpg,IMAGES008,1,other
DOJ-OGR-00022005.jpg,IMAGES008,1,other
DOJ-OGR-00022006.jpg,IMAGES008,1,other
DOJ-OGR-00022007.jpg,IMAGES008,1,other
DOJ-OGR-00022008.jpg,IMAGES008,1,other
DOJ-OGR-00022009.jpg,IMAGES008,1,other
DOJ-OGR-00022010.jpg,IMAGES008,1,other
DOJ-OGR-00022011.jpg,IMAGES008,1,other
DOJ-OGR-00022012.jpg,IMAGES008,1,other
DOJ-OGR-00022013.jpg,IMAGES008,1,other
DOJ-OGR-00022014.jpg,IMAGES008,1,other
DOJ-OGR-00022015.jpg,IMAGES008,1,other
DOJ-OGR-00022016.jpg,IMAGES008,1,other
DOJ-OGR-00022017.jpg,IMAGES008,1,other
DOJ-OGR-00022018.jpg,IMAGES008,1,other
DOJ-OGR-00022019.jpg,IMAGES008,1,other
DOJ-OGR-00022020.jpg,IMAGES008,1,other
DOJ-OGR-00022021.jpg,IMAGES008,1,other
DOJ-OGR-00022022.jpg,IMAGES008,1,other
DOJ-OGR-00022023.jpg,IMAGES008,1,other
DOJ-OGR-00022024.jpg,IMAGES008,1,other
DOJ-OGR-00022025.jpg,IMAGES008,1,other
DOJ-OGR-00022026.jpg,IMAGES008,1,other
DOJ-OGR-00022027.jpg,IMAGES008,1,other
DOJ-OGR-00022028.jpg,IMAGES008,1,other
DOJ-OGR-00022029.jpg,IMAGES008,1,other
DOJ-OGR-00022030.jpg,IMAGES008,1,other
DOJ-OGR-00022031.jpg,IMAGES008,1,other
DOJ-OGR-00022032.jpg,IMAGES008,1,other
DOJ-OGR-00022033.jpg,IMAGES008,1,other
DOJ-OGR-00022034.jpg,IMAGES008,1,other
DOJ-OGR-00022035.jpg,IMAGES008,1,other
DOJ-OGR-00022036.jpg,IMAGES008,1,other
DOJ-OGR-00022037.jpg,IMAGES008,1,other
DOJ-OGR-00022038.jpg,IMAGES008,1,other
DOJ-OGR-00022039.jpg,IMAGES008,1,other
DOJ-OGR-00022040.jpg,IMAGES008,1,other
DOJ-OGR-00022041.jpg,IMAGES008,1,other
DOJ-OGR-00022042.jpg,IMAGES008,1,other
DOJ-OGR-00022043.jpg,IMAGES008,1,other
DOJ-OGR-00022044.jpg,IMAGES008,1,other
DOJ-OGR-00022045.jpg,IMAGES008,1,other
DOJ-OGR-00022046.jpg,IMAGES008,1,other
DOJ-OGR-00022047.jpg,IMAGES008,1,other
DOJ-OGR-00022048.jpg,IMAGES008,1,other
DOJ-OGR-00022049.jpg,IMAGES008,1,other
DOJ-OGR-00022050.jpg,IMAGES008,1,other
DOJ-OGR-00022051.jpg,IMAGES008,1,other
DOJ-OGR-00022052.jpg,IMAGES008,1,other
DOJ-OGR-00022053.jpg,IMAGES008,1,other
DOJ-OGR-00022054.jpg,IMAGES008,1,other
DOJ-OGR-00022055.jpg,IMAGES008,1,other
DOJ-OGR-00022056.jpg,IMAGES008,1,other
DOJ-OGR-00022057.jpg,IMAGES008,1,other
DOJ-OGR-00022058.jpg,IMAGES008,1,other
DOJ-OGR-00022059.jpg,IMAGES008,1,email
DOJ-OGR-00022060.jpg,IMAGES008,1,other
DOJ-OGR-00022061.jpg,IMAGES008,1,other
DOJ-OGR-00022062.jpg,IMAGES008,1,other
DOJ-OGR-00022063.jpg,IMAGES008,1,other
DOJ-OGR-00022064.jpg,IMAGES008,1,other
DOJ-OGR-00022065.jpg,IMAGES008,1,other
DOJ-OGR-00022066.jpg,IMAGES008,1,other
DOJ-OGR-00022067.jpg,IMAGES008,1,other
DOJ-OGR-00022068.jpg,IMAGES008,1,other
DOJ-OGR-00022069.jpg,IMAGES008,1,other
DOJ-OGR-00022070.jpg,IMAGES008,1,other
DOJ-OGR-00022071.jpg,IMAGES008,1,other
DOJ-OGR-00022072.jpg,IMAGES008,1,other
DOJ-OGR-00022073.jpg,IMAGES008,1,other
DOJ-OGR-00022074.jpg,IMAGES008,1,other
DOJ-OGR-00022075.jpg,IMAGES008,1,other
DOJ-OGR-00022076.jpg,IMAGES008,1,other
DOJ-OGR-00022077.jpg,IMAGES008,1,other
DOJ-OGR-00022078.jpg,IMAGES008,1,other
DOJ-OGR-00022079.jpg,IMAGES008,1,other
DOJ-OGR-00022080.jpg,IMAGES008,1,other
DOJ-OGR-00022081.jpg,IMAGES008,1,other
DOJ-OGR-00022082.jpg,IMAGES008,1,other
DOJ-OGR-00022083.jpg,IMAGES008,1,other
DOJ-OGR-00022084.jpg,IMAGES008,1,other
DOJ-OGR-00022085.jpg,IMAGES008,1,other
DOJ-OGR-00022086.jpg,IMAGES008,1,other
DOJ-OGR-00022087.jpg,IMAGES008,1,other
DOJ-OGR-00022088.jpg,IMAGES008,1,other
DOJ-OGR-00022089.jpg,IMAGES008,1,other
DOJ-OGR-00022090.jpg,IMAGES008,1,other
DOJ-OGR-00022091.jpg,IMAGES008,1,other
DOJ-OGR-00022092.jpg,IMAGES008,1,other
DOJ-OGR-00022093.jpg,IMAGES008,1,other
DOJ-OGR-00022094.jpg,IMAGES008,1,other
DOJ-OGR-00022095.jpg,IMAGES008,1,other
DOJ-OGR-00022096.jpg,IMAGES008,1,other
DOJ-OGR-00022097.jpg,IMAGES008,1,other
DOJ-OGR-00022098.jpg,IMAGES008,1,other
DOJ-OGR-00022099.jpg,IMAGES008,1,other
DOJ-OGR-00022100.jpg,IMAGES008,1,other
DOJ-OGR-00022101.jpg,IMAGES008,1,other
DOJ-OGR-00022102.jpg,IMAGES008,1,other
DOJ-OGR-00022103.jpg,IMAGES008,1,other
DOJ-OGR-00022104.jpg,IMAGES008,1,other
DOJ-OGR-00022105.jpg,IMAGES008,1,other
DOJ-OGR-00022106.jpg,IMAGES008,1,other
DOJ-OGR-00022107.jpg,IMAGES008,1,other
DOJ-OGR-00022108.jpg,IMAGES008,1,other
DOJ-OGR-00022109.jpg,IMAGES008,1,other
DOJ-OGR-00022110.jpg,IMAGES008,1,other
DOJ-OGR-00022111.jpg,IMAGES008,1,other
DOJ-OGR-00022112.jpg,IMAGES008,1,other
DOJ-OGR-00022113.jpg,IMAGES008,1,other
DOJ-OGR-00022114.jpg,IMAGES008,1,other
DOJ-OGR-00022115.jpg,IMAGES008,1,other
DOJ-OGR-00022116.jpg,IMAGES008,1,other
DOJ-OGR-00022117.jpg,IMAGES008,1,other
DOJ-OGR-00022118.jpg,IMAGES008,1,other
DOJ-OGR-00022119.jpg,IMAGES008,1,other
DOJ-OGR-00022120.jpg,IMAGES008,1,other
DOJ-OGR-00022121.jpg,IMAGES008,1,other
DOJ-OGR-00022122.jpg,IMAGES008,1,other
DOJ-OGR-00022123.jpg,IMAGES008,1,other
DOJ-OGR-00022124.jpg,IMAGES008,1,other
DOJ-OGR-00022125.jpg,IMAGES008,1,other
DOJ-OGR-00022126.jpg,IMAGES008,1,other
DOJ-OGR-00022127.jpg,IMAGES008,1,other
DOJ-OGR-00022128.jpg,IMAGES008,1,other
DOJ-OGR-00022129.jpg,IMAGES008,1,other
DOJ-OGR-00022130.jpg,IMAGES008,1,other
DOJ-OGR-00022131.jpg,IMAGES008,1,other
DOJ-OGR-00022132.jpg,IMAGES008,1,other
DOJ-OGR-00022133.jpg,IMAGES008,1,other
DOJ-OGR-00022134.jpg,IMAGES008,1,other
DOJ-OGR-00022135.jpg,IMAGES008,1,other
DOJ-OGR-00022136.jpg,IMAGES008,1,other
DOJ-OGR-00022137.jpg,IMAGES008,1,other
DOJ-OGR-00022138.jpg,IMAGES008,1,other
DOJ-OGR-00022139.jpg,IMAGES008,1,other
DOJ-OGR-00022140.jpg,IMAGES008,1,other
DOJ-OGR-00022141.jpg,IMAGES008,1,other
DOJ-OGR-00022142.jpg,IMAGES008,1,other
DOJ-OGR-00022143.jpg,IMAGES008,1,other
DOJ-OGR-00022144.jpg,IMAGES008,1,other
DOJ-OGR-00022145.jpg,IMAGES008,1,other
DOJ-OGR-00022146.jpg,IMAGES008,1,other
DOJ-OGR-00022147.jpg,IMAGES008,1,other
DOJ-OGR-00022148.jpg,IMAGES008,1,other
DOJ-OGR-00022149.jpg,IMAGES008,1,other
DOJ-OGR-00022150.jpg,IMAGES008,1,other
DOJ-OGR-00022151.jpg,IMAGES008,1,other
DOJ-OGR-00022152.jpg,IMAGES008,1,other
DOJ-OGR-00022153.tif,IMAGES008,1,other
DOJ-OGR-00022154.tif,IMAGES008,1,other
DOJ-OGR-00022155.tif,IMAGES008,1,other
DOJ-OGR-00022156.tif,IMAGES008,1,other
DOJ-OGR-00022157.tif,IMAGES008,1,other
DOJ-OGR-00022158.tif,IMAGES008,1,other
DOJ-OGR-00022159.tif,IMAGES008,1,other
DOJ-OGR-00022160.tif,IMAGES008,1,other
DOJ-OGR-00022161.tif,IMAGES008,1,other
DOJ-OGR-00022162.tif,IMAGES008,1,other
DOJ-OGR-00022163.tif,IMAGES008,1,other
DOJ-OGR-00022164.tif,IMAGES008,1,other
DOJ-OGR-00022165.tif,IMAGES008,1,other
DOJ-OGR-00022166.jpg,IMAGES008,1,other
DOJ-OGR-00022167.jpg,IMAGES008,1,other
DOJ-OGR-00022168.tif,IMAGES008,1,other
DOJ-OGR-00022169.tif,IMAGES008,1,other
DOJ-OGR-00022170.tif,IMAGES008,1,other
DOJ-OGR-00022171.tif,IMAGES008,1,other
DOJ-OGR-00022172.tif,IMAGES008,1,other
DOJ-OGR-00022173.jpg,IMAGES008,1,other
DOJ-OGR-00022174.tif,IMAGES008,1,other
DOJ-OGR-00022175.tif,IMAGES008,1,other
DOJ-OGR-00022176.tif,IMAGES008,1,other
DOJ-OGR-00022177.tif,IMAGES008,1,other
DOJ-OGR-00022178.tif,IMAGES008,1,other
DOJ-OGR-00022179.tif,IMAGES008,1,other
DOJ-OGR-00022180.tif,IMAGES008,1,other
DOJ-OGR-00022181.tif,IMAGES008,1,other
DOJ-OGR-00022182.tif,IMAGES008,1,other
DOJ-OGR-00022183.tif,IMAGES008,1,other
DOJ-OGR-00022184.tif,IMAGES008,1,other
DOJ-OGR-00022185.tif,IMAGES008,1,other
DOJ-OGR-00022186.tif,IMAGES008,1,other
DOJ-OGR-00022187.tif,IMAGES008,1,other
DOJ-OGR-00022188.tif,IMAGES008,1,other
DOJ-OGR-00022189.tif,IMAGES008,1,other
DOJ-OGR-00022190.tif,IMAGES008,1,other
DOJ-OGR-00022191.tif,IMAGES008,1,other
DOJ-OGR-00022192.tif,IMAGES008,1,other
DOJ-OGR-00022193.tif,IMAGES008,1,other
DOJ-OGR-00022194.tif,IMAGES008,1,other
DOJ-OGR-00022195.tif,IMAGES008,1,other
DOJ-OGR-00022196.tif,IMAGES008,1,other
DOJ-OGR-00022197.tif,IMAGES008,1,other
DOJ-OGR-00022198.tif,IMAGES008,1,other
DOJ-OGR-00022199.tif,IMAGES008,1,other
DOJ-OGR-00022200.tif,IMAGES008,1,other
DOJ-OGR-00022201.tif,IMAGES008,1,other
DOJ-OGR-00022202.tif,IMAGES008,1,other
DOJ-OGR-00022203.jpg,IMAGES008,1,other
DOJ-OGR-00022204.tif,IMAGES008,1,other
DOJ-OGR-00022205.tif,IMAGES008,1,other
DOJ-OGR-00022206.tif,IMAGES008,1,other
DOJ-OGR-00022207.tif,IMAGES008,1,other
DOJ-OGR-00022208.tif,IMAGES008,1,other
DOJ-OGR-00022209.tif,IMAGES008,1,other
DOJ-OGR-00022210.tif,IMAGES008,1,other
DOJ-OGR-00022211.tif,IMAGES008,1,other
DOJ-OGR-00022212.tif,IMAGES008,1,other
DOJ-OGR-00022213.tif,IMAGES008,1,other
DOJ-OGR-00022214.tif,IMAGES008,1,other
DOJ-OGR-00022215.tif,IMAGES008,1,other
DOJ-OGR-00022216.tif,IMAGES008,1,other
DOJ-OGR-00022217.tif,IMAGES008,1,other
DOJ-OGR-00022218.tif,IMAGES008,1,other
DOJ-OGR-00022219.jpg,IMAGES008,1,other
DOJ-OGR-00022220.tif,IMAGES008,1,other
DOJ-OGR-00022221.tif,IMAGES008,1,other
DOJ-OGR-00022222.tif,IMAGES008,1,other
DOJ-OGR-00022223.tif,IMAGES008,1,other
DOJ-OGR-00022224.jpg,IMAGES008,1,other
DOJ-OGR-00022225.jpg,IMAGES008,1,other
DOJ-OGR-00022226.tif,IMAGES008,1,other
DOJ-OGR-00022227.tif,IMAGES008,1,other
DOJ-OGR-00022228.tif,IMAGES008,1,other
DOJ-OGR-00022229.tif,IMAGES008,1,other
DOJ-OGR-00022230.tif,IMAGES008,1,other
DOJ-OGR-00022231.tif,IMAGES008,1,other
DOJ-OGR-00022232.tif,IMAGES008,1,other
DOJ-OGR-00022233.tif,IMAGES008,1,other
DOJ-OGR-00022234.tif,IMAGES008,1,other
DOJ-OGR-00022235.tif,IMAGES008,1,other
DOJ-OGR-00022236.tif,IMAGES008,1,other
DOJ-OGR-00022237.tif,IMAGES008,1,other
DOJ-OGR-00022238.tif,IMAGES008,1,other
DOJ-OGR-00022239.tif,IMAGES008,1,other
DOJ-OGR-00022240.tif,IMAGES008,1,other
DOJ-OGR-00022241.jpg,IMAGES008,1,other
DOJ-OGR-00022242.tif,IMAGES008,1,other
DOJ-OGR-00022243.tif,IMAGES008,1,other
DOJ-OGR-00022244.tif,IMAGES008,1,other
DOJ-OGR-00022245.tif,IMAGES008,1,other
DOJ-OGR-00022246.tif,IMAGES008,1,other
DOJ-OGR-00022247.tif,IMAGES008,1,other
DOJ-OGR-00022248.tif,IMAGES008,1,other
DOJ-OGR-00022249.tif,IMAGES008,1,other
DOJ-OGR-00022250.tif,IMAGES008,1,other
DOJ-OGR-00022251.tif,IMAGES008,1,other
DOJ-OGR-00022252.tif,IMAGES008,1,other
DOJ-OGR-00022253.jpg,IMAGES008,1,other
DOJ-OGR-00022254.tif,IMAGES008,1,other
DOJ-OGR-00022255.tif,IMAGES008,1,other
DOJ-OGR-00022256.tif,IMAGES008,1,other
DOJ-OGR-00022257.tif,IMAGES008,1,other
DOJ-OGR-00022258.jpg,IMAGES008,1,other
DOJ-OGR-00022259.tif,IMAGES008,1,other
DOJ-OGR-00022260.tif,IMAGES008,1,other
DOJ-OGR-00022261.tif,IMAGES008,1,other
DOJ-OGR-00022262.tif,IMAGES008,1,other
DOJ-OGR-00022263.tif,IMAGES008,1,other
DOJ-OGR-00022264.tif,IMAGES008,1,other
DOJ-OGR-00022265.tif,IMAGES008,1,other
DOJ-OGR-00022266.tif,IMAGES008,1,other
DOJ-OGR-00022267.jpg,IMAGES008,1,other
DOJ-OGR-00022268.tif,IMAGES008,1,other
DOJ-OGR-00022269.tif,IMAGES008,1,other
DOJ-OGR-00022270.tif,IMAGES008,1,other
DOJ-OGR-00022271.tif,IMAGES008,1,other
DOJ-OGR-00022272.tif,IMAGES008,1,other
DOJ-OGR-00022273.tif,IMAGES008,1,other
DOJ-OGR-00022274.tif,IMAGES008,1,other
DOJ-OGR-00022275.tif,IMAGES008,1,other
DOJ-OGR-00022276.tif,IMAGES008,1,other
DOJ-OGR-00022277.tif,IMAGES008,1,other
DOJ-OGR-00022278.tif,IMAGES008,1,other
DOJ-OGR-00022279.tif,IMAGES008,1,other
DOJ-OGR-00022280.tif,IMAGES008,1,other
DOJ-OGR-00022281.tif,IMAGES008,1,other
DOJ-OGR-00022282.tif,IMAGES008,1,other
DOJ-OGR-00022283.tif,IMAGES008,1,other
DOJ-OGR-00022284.tif,IMAGES008,1,other
DOJ-OGR-00022285.tif,IMAGES008,1,other
DOJ-OGR-00022286.tif,IMAGES008,1,other
DOJ-OGR-00022287.tif,IMAGES008,1,other
DOJ-OGR-00022288.tif,IMAGES008,1,other
DOJ-OGR-00022289.tif,IMAGES008,1,other
DOJ-OGR-00022290.tif,IMAGES008,1,other
DOJ-OGR-00022291.jpg,IMAGES008,1,other
DOJ-OGR-00022292.jpg,IMAGES008,1,other
DOJ-OGR-00022293.jpg,IMAGES008,1,other
DOJ-OGR-00022294.jpg,IMAGES008,1,other
DOJ-OGR-00022295.jpg,IMAGES008,1,other
DOJ-OGR-00022296.jpg,IMAGES008,1,other
DOJ-OGR-00022297.jpg,IMAGES008,1,other
DOJ-OGR-00022298.jpg,IMAGES008,1,other
DOJ-OGR-00022299.jpg,IMAGES008,1,other
DOJ-OGR-00022300.jpg,IMAGES008,1,other
DOJ-OGR-00022301.jpg,IMAGES008,1,other
DOJ-OGR-00022302.jpg,IMAGES008,1,other
DOJ-OGR-00022303.jpg,IMAGES008,1,other
DOJ-OGR-00022304.jpg,IMAGES008,1,other
DOJ-OGR-00022305.jpg,IMAGES008,1,other
DOJ-OGR-00022306.jpg,IMAGES008,1,other
DOJ-OGR-00022307.jpg,IMAGES008,1,other
DOJ-OGR-00022308.jpg,IMAGES008,1,other
DOJ-OGR-00022309.jpg,IMAGES008,1,other
DOJ-OGR-00022310.jpg,IMAGES008,1,other
DOJ-OGR-00022311.jpg,IMAGES008,1,other
DOJ-OGR-00022312.jpg,IMAGES008,1,other
DOJ-OGR-00022313.jpg,IMAGES008,1,other
DOJ-OGR-00022314.jpg,IMAGES008,1,other
DOJ-OGR-00022315.jpg,IMAGES008,1,other
DOJ-OGR-00022316.jpg,IMAGES008,1,other
DOJ-OGR-00022317.jpg,IMAGES008,1,other
DOJ-OGR-00022318.jpg,IMAGES008,1,other
DOJ-OGR-00022319.jpg,IMAGES008,1,other
DOJ-OGR-00022320.jpg,IMAGES008,1,other
DOJ-OGR-00022321.jpg,IMAGES008,1,other
DOJ-OGR-00022322.jpg,IMAGES008,1,other
DOJ-OGR-00022323.jpg,IMAGES008,1,other
DOJ-OGR-00022324.jpg,IMAGES008,1,other
DOJ-OGR-00022325.jpg,IMAGES008,1,other
DOJ-OGR-00022326.jpg,IMAGES008,1,other
DOJ-OGR-00022327.jpg,IMAGES008,1,other
DOJ-OGR-00022328.jpg,IMAGES008,1,other
DOJ-OGR-00022329.jpg,IMAGES008,1,other
DOJ-OGR-00022330.jpg,IMAGES008,1,other
DOJ-OGR-00022331.jpg,IMAGES008,1,other
DOJ-OGR-00022332.jpg,IMAGES008,1,other
DOJ-OGR-00022333.jpg,IMAGES008,1,other
DOJ-OGR-00022334.jpg,IMAGES008,1,other
DOJ-OGR-00022335.jpg,IMAGES008,1,other
DOJ-OGR-00022336.jpg,IMAGES008,1,other
DOJ-OGR-00022337.jpg,IMAGES008,1,other
DOJ-OGR-00022338.jpg,IMAGES008,1,other
DOJ-OGR-00022339.jpg,IMAGES008,1,other
DOJ-OGR-00022340.jpg,IMAGES008,1,other
DOJ-OGR-00022341.jpg,IMAGES008,1,other
DOJ-OGR-00022342.jpg,IMAGES008,1,other
DOJ-OGR-00022343.jpg,IMAGES008,1,other
DOJ-OGR-00022344.jpg,IMAGES008,1,other
DOJ-OGR-00022345.jpg,IMAGES008,1,other
DOJ-OGR-00022346.jpg,IMAGES008,1,other
DOJ-OGR-00022347.jpg,IMAGES008,1,other
DOJ-OGR-00022348.jpg,IMAGES008,1,other
DOJ-OGR-00022349.jpg,IMAGES008,1,other
DOJ-OGR-00022350.jpg,IMAGES008,1,other
DOJ-OGR-00022351.jpg,IMAGES008,1,other
DOJ-OGR-00022352.jpg,IMAGES008,1,other
DOJ-OGR-00022353.jpg,IMAGES008,1,other
DOJ-OGR-00022354.jpg,IMAGES008,1,other
DOJ-OGR-00022355.jpg,IMAGES008,1,other
DOJ-OGR-00022356.jpg,IMAGES008,1,other
DOJ-OGR-00022357.jpg,IMAGES008,1,other
DOJ-OGR-00022358.jpg,IMAGES008,1,other
DOJ-OGR-00022359.jpg,IMAGES008,1,other
DOJ-OGR-00022360.jpg,IMAGES008,1,other
DOJ-OGR-00022361.jpg,IMAGES008,1,other
DOJ-OGR-00022362.jpg,IMAGES008,1,other
DOJ-OGR-00022363.jpg,IMAGES008,1,other
DOJ-OGR-00022364.jpg,IMAGES008,1,other
DOJ-OGR-00022365.jpg,IMAGES008,1,other
DOJ-OGR-00022366.jpg,IMAGES008,1,other
DOJ-OGR-00022367.jpg,IMAGES008,1,other
DOJ-OGR-00022368.jpg,IMAGES008,1,other
DOJ-OGR-00022369.jpg,IMAGES008,1,other
DOJ-OGR-00022370.jpg,IMAGES008,1,other
DOJ-OGR-00022371.jpg,IMAGES008,1,other
DOJ-OGR-00022372.jpg,IMAGES008,1,other
DOJ-OGR-00022373.jpg,IMAGES008,1,other
DOJ-OGR-00022374.jpg,IMAGES008,1,other
DOJ-OGR-00022375.jpg,IMAGES008,1,other
DOJ-OGR-00022376.jpg,IMAGES008,1,other
DOJ-OGR-00022377.jpg,IMAGES008,1,other
DOJ-OGR-00022378.jpg,IMAGES008,1,other
DOJ-OGR-00022379.jpg,IMAGES008,1,other
DOJ-OGR-00022380.jpg,IMAGES008,1,other
DOJ-OGR-00022381.jpg,IMAGES008,1,other
DOJ-OGR-00022382.jpg,IMAGES008,1,other
DOJ-OGR-00022383.jpg,IMAGES008,1,other
DOJ-OGR-00022384.jpg,IMAGES008,1,other
DOJ-OGR-00022385.jpg,IMAGES008,1,other
DOJ-OGR-00022386.tif,IMAGES008,1,other
DOJ-OGR-00022387.tif,IMAGES008,1,other
DOJ-OGR-00022388.jpg,IMAGES008,1,other
DOJ-OGR-00022389.tif,IMAGES008,1,other
DOJ-OGR-00022390.tif,IMAGES008,1,other
DOJ-OGR-00022391.tif,IMAGES008,1,other
DOJ-OGR-00022392.tif,IMAGES008,1,other
DOJ-OGR-00022393.tif,IMAGES008,1,other
DOJ-OGR-00022394.tif,IMAGES008,1,other
DOJ-OGR-00022395.tif,IMAGES008,1,other
DOJ-OGR-00022396.tif,IMAGES008,1,other
DOJ-OGR-00022397.tif,IMAGES008,1,other
DOJ-OGR-00022398.tif,IMAGES008,1,other
DOJ-OGR-00022399.tif,IMAGES008,1,other
DOJ-OGR-00022400.tif,IMAGES008,1,other
DOJ-OGR-00022401.tif,IMAGES008,1,other
DOJ-OGR-00022402.tif,IMAGES008,1,other
DOJ-OGR-00022403.tif,IMAGES008,1,other
DOJ-OGR-00022404.tif,IMAGES008,1,other
DOJ-OGR-00022405.tif,IMAGES008,1,other
DOJ-OGR-00022406.tif,IMAGES008,1,other
DOJ-OGR-00022407.tif,IMAGES008,1,other
DOJ-OGR-00022408.tif,IMAGES008,1,other
DOJ-OGR-00022409.tif,IMAGES008,1,other
DOJ-OGR-00022410.tif,IMAGES008,1,other
DOJ-OGR-00022411.tif,IMAGES008,1,other
DOJ-OGR-00022412.tif,IMAGES008,1,other
DOJ-OGR-00022413.tif,IMAGES008,1,other
DOJ-OGR-00022414.tif,IMAGES008,1,other
DOJ-OGR-00022415.tif,IMAGES008,1,other
DOJ-OGR-00022416.tif,IMAGES008,1,other
DOJ-OGR-00022417.tif,IMAGES008,1,other
DOJ-OGR-00022418.tif,IMAGES008,1,other
DOJ-OGR-00022419.tif,IMAGES008,1,other
DOJ-OGR-00022420.tif,IMAGES008,1,other
DOJ-OGR-00022421.tif,IMAGES008,1,other
DOJ-OGR-00022422.tif,IMAGES008,1,other
DOJ-OGR-00022423.tif,IMAGES008,1,other
DOJ-OGR-00022424.tif,IMAGES008,1,other
DOJ-OGR-00022425.tif,IMAGES008,1,other
DOJ-OGR-00022426.tif,IMAGES008,1,other
DOJ-OGR-00022427.tif,IMAGES008,1,other
DOJ-OGR-00022428.tif,IMAGES008,1,other
DOJ-OGR-00022429.tif,IMAGES008,1,other
DOJ-OGR-00022430.tif,IMAGES008,1,other
DOJ-OGR-00022431.tif,IMAGES008,1,other
DOJ-OGR-00022432.tif,IMAGES008,1,other
DOJ-OGR-00022433.tif,IMAGES008,1,other
DOJ-OGR-00022434.tif,IMAGES008,1,other
DOJ-OGR-00022435.tif,IMAGES008,1,other
DOJ-OGR-00022436.tif,IMAGES008,1,other
DOJ-OGR-00022437.tif,IMAGES008,1,other
DOJ-OGR-00022438.tif,IMAGES008,1,other
DOJ-OGR-00022439.tif,IMAGES008,1,other
DOJ-OGR-00022440.tif,IMAGES008,1,other
DOJ-OGR-00022441.tif,IMAGES008,1,other
DOJ-OGR-00022442.tif,IMAGES008,1,other
DOJ-OGR-00022443.tif,IMAGES008,1,other
DOJ-OGR-00022444.tif,IMAGES008,1,other
DOJ-OGR-00022445.tif,IMAGES008,1,other
DOJ-OGR-00022446.tif,IMAGES008,1,other
DOJ-OGR-00022447.tif,IMAGES008,1,other
DOJ-OGR-00022448.tif,IMAGES008,1,other
DOJ-OGR-00022449.tif,IMAGES008,1,other
DOJ-OGR-00022450.tif,IMAGES008,1,other
DOJ-OGR-00022451.tif,IMAGES008,1,other
DOJ-OGR-00022452.tif,IMAGES008,1,other
DOJ-OGR-00022453.tif,IMAGES008,1,other
DOJ-OGR-00022454.tif,IMAGES008,1,other
DOJ-OGR-00022455.tif,IMAGES008,1,other
DOJ-OGR-00022456.tif,IMAGES008,1,other
DOJ-OGR-00022457.tif,IMAGES008,1,other
DOJ-OGR-00022458.tif,IMAGES008,1,other
DOJ-OGR-00022459.tif,IMAGES008,1,other
DOJ-OGR-00022460.tif,IMAGES008,1,other
DOJ-OGR-00022461.tif,IMAGES008,1,other
DOJ-OGR-00022462.tif,IMAGES008,1,other
DOJ-OGR-00022463.tif,IMAGES008,1,other
DOJ-OGR-00022464.tif,IMAGES008,1,other
DOJ-OGR-00022465.tif,IMAGES008,1,other
DOJ-OGR-00022466.tif,IMAGES008,1,other
DOJ-OGR-00022467.tif,IMAGES008,1,other
DOJ-OGR-00022468.tif,IMAGES008,1,other
DOJ-OGR-00022469.tif,IMAGES008,1,other
DOJ-OGR-00022470.tif,IMAGES008,1,other
DOJ-OGR-00022471.tif,IMAGES008,1,other
DOJ-OGR-00022472.tif,IMAGES008,1,other
DOJ-OGR-00022473.tif,IMAGES008,1,other
DOJ-OGR-00022474.tif,IMAGES008,1,other
DOJ-OGR-00022475.tif,IMAGES008,1,other
DOJ-OGR-00022476.tif,IMAGES008,1,other
DOJ-OGR-00022477.tif,IMAGES008,1,other
DOJ-OGR-00022478.tif,IMAGES008,1,other
DOJ-OGR-00022479.tif,IMAGES008,1,other
DOJ-OGR-00022480.tif,IMAGES008,1,other
DOJ-OGR-00022481.tif,IMAGES008,1,other
DOJ-OGR-00022482.tif,IMAGES008,1,other
DOJ-OGR-00022483.tif,IMAGES008,1,other
DOJ-OGR-00022484.tif,IMAGES008,1,other
DOJ-OGR-00022485.tif,IMAGES008,1,other
DOJ-OGR-00022486.tif,IMAGES008,1,other
DOJ-OGR-00022487.tif,IMAGES008,1,other
DOJ-OGR-00022488.tif,IMAGES008,1,other
DOJ-OGR-00022489.tif,IMAGES008,1,other
DOJ-OGR-00022490.tif,IMAGES008,1,other
DOJ-OGR-00022491.tif,IMAGES008,1,other
DOJ-OGR-00022492.tif,IMAGES008,1,other
DOJ-OGR-00022493.tif,IMAGES008,1,other
DOJ-OGR-00022494.tif,IMAGES008,1,other
DOJ-OGR-00022495.tif,IMAGES008,1,other
DOJ-OGR-00022496.tif,IMAGES008,1,other
DOJ-OGR-00022497.tif,IMAGES008,1,other
DOJ-OGR-00022498.tif,IMAGES008,1,other
DOJ-OGR-00022499.tif,IMAGES008,1,other
DOJ-OGR-00022500.tif,IMAGES008,1,other
DOJ-OGR-00022501.tif,IMAGES008,1,other
DOJ-OGR-00022502.tif,IMAGES008,1,other
DOJ-OGR-00022503.tif,IMAGES008,1,other
DOJ-OGR-00022504.tif,IMAGES008,1,other
DOJ-OGR-00022505.tif,IMAGES008,1,other
DOJ-OGR-00022506.tif,IMAGES008,1,other
DOJ-OGR-00022507.tif,IMAGES008,1,other
DOJ-OGR-00022508.tif,IMAGES008,1,other
DOJ-OGR-00022509.tif,IMAGES008,1,other
DOJ-OGR-00022510.tif,IMAGES008,1,other
DOJ-OGR-00022511.tif,IMAGES008,1,other
DOJ-OGR-00022512.tif,IMAGES008,1,other
DOJ-OGR-00022513.tif,IMAGES008,1,other
DOJ-OGR-00022514.tif,IMAGES008,1,other
DOJ-OGR-00022515.tif,IMAGES008,1,other
DOJ-OGR-00022516.tif,IMAGES008,1,other
DOJ-OGR-00022517.tif,IMAGES008,1,other
DOJ-OGR-00022518.tif,IMAGES008,1,other
DOJ-OGR-00022519.tif,IMAGES008,1,other
DOJ-OGR-00022520.tif,IMAGES008,1,other
DOJ-OGR-00022521.tif,IMAGES008,1,other
DOJ-OGR-00022522.tif,IMAGES008,1,other
DOJ-OGR-00022523.tif,IMAGES008,1,other
DOJ-OGR-00022524.tif,IMAGES008,1,other
DOJ-OGR-00022525.tif,IMAGES008,1,other
DOJ-OGR-00022526.tif,IMAGES008,1,other
DOJ-OGR-00022527.tif,IMAGES008,1,other
DOJ-OGR-00022528.tif,IMAGES008,1,other
DOJ-OGR-00022529.tif,IMAGES008,1,other
DOJ-OGR-00022530.tif,IMAGES008,1,other
DOJ-OGR-00022531.tif,IMAGES008,1,other
DOJ-OGR-00022532.tif,IMAGES008,1,other
DOJ-OGR-00022533.tif,IMAGES008,1,other
DOJ-OGR-00022534.tif,IMAGES008,1,other
DOJ-OGR-00022535.tif,IMAGES008,1,other
DOJ-OGR-00022536.tif,IMAGES008,1,other
DOJ-OGR-00022537.tif,IMAGES008,1,other
DOJ-OGR-00022538.tif,IMAGES008,1,other
DOJ-OGR-00022539.tif,IMAGES008,1,other
DOJ-OGR-00022540.tif,IMAGES008,1,other
DOJ-OGR-00022541.tif,IMAGES008,1,other
DOJ-OGR-00022542.tif,IMAGES008,1,other
DOJ-OGR-00022543.tif,IMAGES008,1,other
DOJ-OGR-00022544.tif,IMAGES008,1,other
DOJ-OGR-00022545.tif,IMAGES008,1,other
DOJ-OGR-00022546.tif,IMAGES008,1,other
DOJ-OGR-00022547.tif,IMAGES008,1,other
DOJ-OGR-00022548.tif,IMAGES008,1,other
DOJ-OGR-00022549.tif,IMAGES008,1,other
DOJ-OGR-00022550.tif,IMAGES008,1,other
DOJ-OGR-00022551.tif,IMAGES008,1,other
DOJ-OGR-00022552.tif,IMAGES008,1,other
DOJ-OGR-00022553.tif,IMAGES008,1,other
DOJ-OGR-00022554.tif,IMAGES008,1,other
DOJ-OGR-00022555.tif,IMAGES008,1,other
DOJ-OGR-00022556.tif,IMAGES008,1,other
DOJ-OGR-00022557.tif,IMAGES008,1,other
DOJ-OGR-00022558.tif,IMAGES008,1,other
DOJ-OGR-00022559.tif,IMAGES008,1,other
DOJ-OGR-00022560.tif,IMAGES008,1,other
DOJ-OGR-00022561.tif,IMAGES008,1,other
DOJ-OGR-00022562.tif,IMAGES008,1,other
DOJ-OGR-00022563.tif,IMAGES008,1,other
DOJ-OGR-00022564.tif,IMAGES008,1,other
DOJ-OGR-00022565.tif,IMAGES008,1,other
DOJ-OGR-00022566.tif,IMAGES008,1,other
DOJ-OGR-00022567.tif,IMAGES008,1,other
DOJ-OGR-00022568.tif,IMAGES008,1,other
DOJ-OGR-00022569.tif,IMAGES008,1,other
DOJ-OGR-00022570.tif,IMAGES008,1,other
DOJ-OGR-00022571.tif,IMAGES008,1,other
DOJ-OGR-00022572.tif,IMAGES008,1,other
DOJ-OGR-00022573.tif,IMAGES008,1,other
DOJ-OGR-00022574.tif,IMAGES008,1,other
DOJ-OGR-00022575.tif,IMAGES008,1,other
DOJ-OGR-00022576.tif,IMAGES008,1,other
DOJ-OGR-00022577.tif,IMAGES008,1,other
DOJ-OGR-00022578.tif,IMAGES008,1,other
DOJ-OGR-00022579.tif,IMAGES008,1,other
DOJ-OGR-00022580.tif,IMAGES008,1,other
DOJ-OGR-00022581.tif,IMAGES008,1,other
DOJ-OGR-00022582.tif,IMAGES008,1,other
DOJ-OGR-00022583.tif,IMAGES008,1,other
DOJ-OGR-00022584.tif,IMAGES008,1,other
DOJ-OGR-00022585.tif,IMAGES008,1,other
DOJ-OGR-00022586.tif,IMAGES008,1,other
DOJ-OGR-00022587.tif,IMAGES008,1,other
DOJ-OGR-00022588.tif,IMAGES008,1,other
DOJ-OGR-00022589.tif,IMAGES008,1,other
DOJ-OGR-00022590.tif,IMAGES008,1,other
DOJ-OGR-00022591.tif,IMAGES008,1,other
DOJ-OGR-00022592.tif,IMAGES008,1,other
DOJ-OGR-00022593.tif,IMAGES008,1,other
DOJ-OGR-00022594.tif,IMAGES008,1,other
DOJ-OGR-00022595.tif,IMAGES008,1,other
DOJ-OGR-00022596.tif,IMAGES008,1,other
DOJ-OGR-00022597.tif,IMAGES008,1,other
DOJ-OGR-00022598.tif,IMAGES008,1,other
DOJ-OGR-00022599.tif,IMAGES008,1,other
DOJ-OGR-00022600.tif,IMAGES008,1,other
DOJ-OGR-00022601.tif,IMAGES008,1,other
DOJ-OGR-00022602.tif,IMAGES008,1,other
DOJ-OGR-00022603.tif,IMAGES008,1,other
DOJ-OGR-00022604.tif,IMAGES008,1,other
DOJ-OGR-00022605.tif,IMAGES008,1,other
DOJ-OGR-00022606.tif,IMAGES008,1,other
DOJ-OGR-00022607.tif,IMAGES008,1,other
DOJ-OGR-00022608.jpg,IMAGES008,1,other
DOJ-OGR-00022609.tif,IMAGES008,1,other
DOJ-OGR-00022610.tif,IMAGES008,1,other
DOJ-OGR-00022611.tif,IMAGES008,1,other
DOJ-OGR-00022612.tif,IMAGES008,1,other
DOJ-OGR-00022613.tif,IMAGES008,1,other
DOJ-OGR-00022614.tif,IMAGES008,1,other
DOJ-OGR-00022615.tif,IMAGES008,1,other
DOJ-OGR-00022616.tif,IMAGES008,1,other
DOJ-OGR-00022617.tif,IMAGES008,1,other
DOJ-OGR-00022618.tif,IMAGES008,1,other
DOJ-OGR-00022619.tif,IMAGES008,1,other
DOJ-OGR-00022620.tif,IMAGES008,1,other
DOJ-OGR-00022621.tif,IMAGES008,1,other
DOJ-OGR-00022622.tif,IMAGES008,1,other
DOJ-OGR-00022623.tif,IMAGES008,1,other
DOJ-OGR-00022624.tif,IMAGES008,1,other
DOJ-OGR-00022625.tif,IMAGES008,1,other
DOJ-OGR-00022626.tif,IMAGES008,1,other
DOJ-OGR-00022627.tif,IMAGES008,1,other
DOJ-OGR-00022628.tif,IMAGES008,1,other
DOJ-OGR-00022629.tif,IMAGES008,1,other
DOJ-OGR-00022630.tif,IMAGES008,1,other
DOJ-OGR-00022631.tif,IMAGES008,1,other
DOJ-OGR-00022632.tif,IMAGES008,1,other
DOJ-OGR-00022633.tif,IMAGES008,1,other
DOJ-OGR-00022634.tif,IMAGES008,1,other
DOJ-OGR-00022635.tif,IMAGES008,1,other
DOJ-OGR-00022636.tif,IMAGES008,1,other
DOJ-OGR-00022637.tif,IMAGES008,1,other
DOJ-OGR-00022638.tif,IMAGES008,1,other
DOJ-OGR-00022639.tif,IMAGES008,1,other
DOJ-OGR-00022640.tif,IMAGES008,1,other
DOJ-OGR-00022641.tif,IMAGES008,1,other
DOJ-OGR-00022642.tif,IMAGES008,1,other
DOJ-OGR-00022643.tif,IMAGES008,1,other
DOJ-OGR-00022644.tif,IMAGES008,1,other
DOJ-OGR-00022645.tif,IMAGES008,1,other
DOJ-OGR-00022646.tif,IMAGES008,1,other
DOJ-OGR-00022647.tif,IMAGES008,1,other
DOJ-OGR-00022648.tif,IMAGES008,1,other
DOJ-OGR-00022649.tif,IMAGES008,1,other
DOJ-OGR-00022650.tif,IMAGES008,1,other
DOJ-OGR-00022651.tif,IMAGES008,1,other
DOJ-OGR-00022652.tif,IMAGES008,1,other
DOJ-OGR-00022653.tif,IMAGES008,1,other
DOJ-OGR-00022654.tif,IMAGES008,1,other
DOJ-OGR-00022655.tif,IMAGES008,1,other
DOJ-OGR-00022656.tif,IMAGES008,1,other
DOJ-OGR-00022657.tif,IMAGES008,1,other
DOJ-OGR-00022658.tif,IMAGES008,1,other
DOJ-OGR-00022659.tif,IMAGES008,1,other
DOJ-OGR-00022660.tif,IMAGES008,1,other
DOJ-OGR-00022661.tif,IMAGES008,1,other
DOJ-OGR-00022662.tif,IMAGES008,1,other
DOJ-OGR-00022663.tif,IMAGES008,1,other
DOJ-OGR-00022664.tif,IMAGES008,1,other
DOJ-OGR-00022665.tif,IMAGES008,1,other
DOJ-OGR-00022666.tif,IMAGES008,1,other
DOJ-OGR-00022667.tif,IMAGES008,1,other
DOJ-OGR-00022668.tif,IMAGES008,1,other
DOJ-OGR-00022669.tif,IMAGES008,1,other
DOJ-OGR-00022670.tif,IMAGES008,1,other
DOJ-OGR-00022671.tif,IMAGES008,1,other
DOJ-OGR-00022672.tif,IMAGES008,1,other
DOJ-OGR-00022673.tif,IMAGES008,1,other
DOJ-OGR-00022674.tif,IMAGES008,1,other
DOJ-OGR-00022675.tif,IMAGES008,1,other
DOJ-OGR-00022676.tif,IMAGES008,1,other
DOJ-OGR-00022677.tif,IMAGES008,1,other
DOJ-OGR-00022678.tif,IMAGES008,1,other
DOJ-OGR-00022679.tif,IMAGES008,1,other
DOJ-OGR-00022680.jpg,IMAGES008,1,other
DOJ-OGR-00022681.tif,IMAGES008,1,other
DOJ-OGR-00022682.tif,IMAGES008,1,other
DOJ-OGR-00022683.tif,IMAGES008,1,other
DOJ-OGR-00022684.tif,IMAGES008,1,other
DOJ-OGR-00022685.tif,IMAGES008,1,other
DOJ-OGR-00022686.tif,IMAGES008,1,other
DOJ-OGR-00022687.tif,IMAGES008,1,other
DOJ-OGR-00022688.tif,IMAGES008,1,other
DOJ-OGR-00022689.tif,IMAGES008,1,other
DOJ-OGR-00022690.tif,IMAGES008,1,other
DOJ-OGR-00022691.tif,IMAGES008,1,other
DOJ-OGR-00022692.tif,IMAGES008,1,other
DOJ-OGR-00022693.tif,IMAGES008,1,other
DOJ-OGR-00022694.tif,IMAGES008,1,other
DOJ-OGR-00022695.tif,IMAGES008,1,other
DOJ-OGR-00022696.tif,IMAGES008,1,other
DOJ-OGR-00022697.tif,IMAGES008,1,other
DOJ-OGR-00022698.tif,IMAGES008,1,other
DOJ-OGR-00022699.tif,IMAGES008,1,other
DOJ-OGR-00022700.tif,IMAGES008,1,other
DOJ-OGR-00022701.tif,IMAGES008,1,other
DOJ-OGR-00022702.tif,IMAGES008,1,other
DOJ-OGR-00022703.tif,IMAGES008,1,other
DOJ-OGR-00022704.tif,IMAGES008,1,other
DOJ-OGR-00022705.tif,IMAGES008,1,other
DOJ-OGR-00022706.tif,IMAGES008,1,other
DOJ-OGR-00022707.tif,IMAGES008,1,other
DOJ-OGR-00022708.tif,IMAGES008,1,other
DOJ-OGR-00022709.tif,IMAGES008,1,other
DOJ-OGR-00022710.tif,IMAGES008,1,other
DOJ-OGR-00022711.jpg,IMAGES008,1,other
DOJ-OGR-00022712.tif,IMAGES008,1,other
DOJ-OGR-00022713.tif,IMAGES008,1,other
DOJ-OGR-00022714.tif,IMAGES008,1,other
DOJ-OGR-00022715.tif,IMAGES008,1,other
DOJ-OGR-00022716.tif,IMAGES008,1,other
DOJ-OGR-00022717.tif,IMAGES008,1,other
DOJ-OGR-00022718.tif,IMAGES008,1,other
DOJ-OGR-00022719.tif,IMAGES008,1,other
DOJ-OGR-00022720.tif,IMAGES008,1,other
DOJ-OGR-00022721.tif,IMAGES008,1,other
DOJ-OGR-00022722.tif,IMAGES008,1,other
DOJ-OGR-00022723.tif,IMAGES008,1,other
DOJ-OGR-00022724.tif,IMAGES008,1,other
DOJ-OGR-00022725.tif,IMAGES008,1,other
DOJ-OGR-00022726.tif,IMAGES008,1,other
DOJ-OGR-00022727.tif,IMAGES008,1,other
DOJ-OGR-00022728.tif,IMAGES008,1,other
DOJ-OGR-00022729.tif,IMAGES008,1,other
DOJ-OGR-00022730.tif,IMAGES008,1,other
DOJ-OGR-00022731.tif,IMAGES008,1,other
DOJ-OGR-00022732.tif,IMAGES008,1,other
DOJ-OGR-00022733.tif,IMAGES008,1,other
DOJ-OGR-00022734.tif,IMAGES008,1,other
DOJ-OGR-00022735.tif,IMAGES008,1,other
DOJ-OGR-00022736.tif,IMAGES008,1,other
DOJ-OGR-00022737.tif,IMAGES008,1,other
DOJ-OGR-00022738.tif,IMAGES008,1,other
DOJ-OGR-00022739.tif,IMAGES008,1,other
DOJ-OGR-00022740.tif,IMAGES008,1,other
DOJ-OGR-00022741.tif,IMAGES008,1,other
DOJ-OGR-00022742.tif,IMAGES008,1,other
DOJ-OGR-00022743.tif,IMAGES008,1,other
DOJ-OGR-00022744.tif,IMAGES008,1,other
DOJ-OGR-00022745.tif,IMAGES008,1,other
DOJ-OGR-00022746.tif,IMAGES008,1,other
DOJ-OGR-00022747.tif,IMAGES008,1,other
DOJ-OGR-00022748.tif,IMAGES008,1,other
DOJ-OGR-00022749.tif,IMAGES008,1,other
DOJ-OGR-00022750.tif,IMAGES008,1,other
DOJ-OGR-00022751.tif,IMAGES008,1,other
DOJ-OGR-00022752.tif,IMAGES008,1,other
DOJ-OGR-00022753.tif,IMAGES008,1,other
DOJ-OGR-00022754.tif,IMAGES008,1,other
DOJ-OGR-00022755.tif,IMAGES008,1,other
DOJ-OGR-00022756.tif,IMAGES008,1,other
DOJ-OGR-00022757.tif,IMAGES008,1,other
DOJ-OGR-00022758.tif,IMAGES008,1,other
DOJ-OGR-00022759.tif,IMAGES008,1,other
DOJ-OGR-00022760.tif,IMAGES008,1,other
DOJ-OGR-00022761.tif,IMAGES008,1,other
DOJ-OGR-00022762.tif,IMAGES008,1,other
DOJ-OGR-00022763.tif,IMAGES008,1,other
DOJ-OGR-00022764.tif,IMAGES008,1,other
DOJ-OGR-00022765.tif,IMAGES008,1,other
DOJ-OGR-00022766.tif,IMAGES008,1,other
DOJ-OGR-00022767.tif,IMAGES008,1,other
DOJ-OGR-00022768.tif,IMAGES008,1,other
DOJ-OGR-00022769.tif,IMAGES008,1,other
DOJ-OGR-00022770.tif,IMAGES008,1,other
DOJ-OGR-00022771.tif,IMAGES008,1,other
DOJ-OGR-00022772.tif,IMAGES008,1,other
DOJ-OGR-00022773.tif,IMAGES008,1,other
DOJ-OGR-00022774.tif,IMAGES008,1,other
DOJ-OGR-00022775.tif,IMAGES008,1,other
DOJ-OGR-00022776.tif,IMAGES008,1,other
DOJ-OGR-00022777.tif,IMAGES008,1,other
DOJ-OGR-00022778.tif,IMAGES008,1,other
DOJ-OGR-00022779.tif,IMAGES008,1,other
DOJ-OGR-00022780.tif,IMAGES008,1,other
DOJ-OGR-00022781.tif,IMAGES008,1,other
DOJ-OGR-00022782.tif,IMAGES008,1,other
DOJ-OGR-00022783.tif,IMAGES008,1,other
DOJ-OGR-00022784.tif,IMAGES008,1,other
DOJ-OGR-00022785.tif,IMAGES008,1,other
DOJ-OGR-00022786.tif,IMAGES008,1,other
DOJ-OGR-00022787.tif,IMAGES008,1,other
DOJ-OGR-00022788.tif,IMAGES008,1,other
DOJ-OGR-00022789.tif,IMAGES008,1,other
DOJ-OGR-00022790.tif,IMAGES008,1,other
DOJ-OGR-00022791.tif,IMAGES008,1,other
DOJ-OGR-00022792.tif,IMAGES008,1,other
DOJ-OGR-00022793.tif,IMAGES008,1,other
DOJ-OGR-00022794.tif,IMAGES008,1,other
DOJ-OGR-00022795.tif,IMAGES008,1,other
DOJ-OGR-00022796.tif,IMAGES008,1,other
DOJ-OGR-00022797.tif,IMAGES008,1,other
DOJ-OGR-00022798.tif,IMAGES008,1,other
DOJ-OGR-00022799.tif,IMAGES008,1,other
DOJ-OGR-00022800.tif,IMAGES008,1,other
DOJ-OGR-00022801.tif,IMAGES008,1,other
DOJ-OGR-00022802.tif,IMAGES008,1,other
DOJ-OGR-00022803.tif,IMAGES008,1,other
DOJ-OGR-00022804.tif,IMAGES008,1,other
DOJ-OGR-00022805.tif,IMAGES008,1,other
DOJ-OGR-00022806.tif,IMAGES008,1,other
DOJ-OGR-00022807.tif,IMAGES008,1,other
DOJ-OGR-00022808.tif,IMAGES008,1,other
DOJ-OGR-00022809.tif,IMAGES008,1,other
DOJ-OGR-00022810.tif,IMAGES008,1,other
DOJ-OGR-00022811.tif,IMAGES008,1,other
DOJ-OGR-00022812.tif,IMAGES008,1,other
DOJ-OGR-00022813.tif,IMAGES008,1,other
DOJ-OGR-00022814.tif,IMAGES008,1,other
DOJ-OGR-00022815.tif,IMAGES008,1,other
DOJ-OGR-00022816.tif,IMAGES008,1,other
DOJ-OGR-00022817.tif,IMAGES008,1,other
DOJ-OGR-00022818.tif,IMAGES008,1,other
DOJ-OGR-00022819.tif,IMAGES008,1,other
DOJ-OGR-00022820.tif,IMAGES008,1,other
DOJ-OGR-00022821.tif,IMAGES008,1,other
DOJ-OGR-00022822.tif,IMAGES008,1,other
DOJ-OGR-00022823.tif,IMAGES008,1,other
DOJ-OGR-00022824.tif,IMAGES008,1,other
DOJ-OGR-00022825.tif,IMAGES008,1,other
DOJ-OGR-00022826.tif,IMAGES008,1,other
DOJ-OGR-00022827.tif,IMAGES008,1,other
DOJ-OGR-00022828.tif,IMAGES008,1,other
DOJ-OGR-00022829.tif,IMAGES008,1,other
DOJ-OGR-00022830.tif,IMAGES008,1,other
DOJ-OGR-00022831.tif,IMAGES008,1,other
DOJ-OGR-00022832.tif,IMAGES008,1,other
DOJ-OGR-00022833.tif,IMAGES008,1,other
DOJ-OGR-00022834.tif,IMAGES008,1,other
DOJ-OGR-00022835.tif,IMAGES008,1,other
DOJ-OGR-00022836.tif,IMAGES008,1,other
DOJ-OGR-00022837.tif,IMAGES008,1,other
DOJ-OGR-00022838.tif,IMAGES008,1,other
DOJ-OGR-00022839.tif,IMAGES008,1,other
DOJ-OGR-00022840.tif,IMAGES008,1,other
DOJ-OGR-00022841.tif,IMAGES008,1,other
DOJ-OGR-00022842.tif,IMAGES008,1,other
DOJ-OGR-00022843.tif,IMAGES008,1,other
DOJ-OGR-00022844.tif,IMAGES008,1,other
DOJ-OGR-00022845.tif,IMAGES008,1,other
DOJ-OGR-00022846.tif,IMAGES008,1,other
DOJ-OGR-00022847.tif,IMAGES008,1,other
DOJ-OGR-00022848.tif,IMAGES008,1,other
DOJ-OGR-00022849.tif,IMAGES008,1,other
DOJ-OGR-00022850.tif,IMAGES008,1,other
DOJ-OGR-00022851.tif,IMAGES008,1,other
DOJ-OGR-00022852.tif,IMAGES008,1,other
DOJ-OGR-00022853.tif,IMAGES008,1,other
DOJ-OGR-00022854.tif,IMAGES008,1,other
DOJ-OGR-00022855.tif,IMAGES008,1,other
DOJ-OGR-00022856.tif,IMAGES008,1,other
DOJ-OGR-00022857.tif,IMAGES008,1,other
DOJ-OGR-00022858.tif,IMAGES008,1,other
DOJ-OGR-00022859.tif,IMAGES008,1,other
DOJ-OGR-00022860.tif,IMAGES008,1,other
DOJ-OGR-00022861.tif,IMAGES008,1,other
DOJ-OGR-00022862.tif,IMAGES008,1,other
DOJ-OGR-00022863.tif,IMAGES008,1,other
DOJ-OGR-00022864.tif,IMAGES008,1,other
DOJ-OGR-00022865.tif,IMAGES008,1,other
DOJ-OGR-00022866.tif,IMAGES008,1,other
DOJ-OGR-00022867.tif,IMAGES008,1,other
DOJ-OGR-00022868.tif,IMAGES008,1,other
DOJ-OGR-00022869.tif,IMAGES008,1,other
DOJ-OGR-00022870.tif,IMAGES008,1,other
DOJ-OGR-00022871.tif,IMAGES008,1,other
DOJ-OGR-00022872.tif,IMAGES008,1,other
DOJ-OGR-00022873.tif,IMAGES008,1,other
DOJ-OGR-00022874.tif,IMAGES008,1,other
DOJ-OGR-00022875.tif,IMAGES008,1,other
DOJ-OGR-00022876.tif,IMAGES008,1,other
DOJ-OGR-00022877.tif,IMAGES008,1,other
DOJ-OGR-00022878.tif,IMAGES008,1,other
DOJ-OGR-00022879.tif,IMAGES008,1,other
DOJ-OGR-00022880.tif,IMAGES008,1,other
DOJ-OGR-00022881.tif,IMAGES008,1,other
DOJ-OGR-00022882.jpg,IMAGES008,1,other
DOJ-OGR-00022883.tif,IMAGES008,1,other
DOJ-OGR-00022884.tif,IMAGES008,1,other
DOJ-OGR-00022885.tif,IMAGES008,1,other
DOJ-OGR-00022886.tif,IMAGES008,1,other
DOJ-OGR-00022887.tif,IMAGES008,1,other
DOJ-OGR-00022888.tif,IMAGES008,1,other
DOJ-OGR-00022889.tif,IMAGES008,1,other
DOJ-OGR-00022890.tif,IMAGES008,1,other
DOJ-OGR-00022891.tif,IMAGES008,1,other
DOJ-OGR-00022892.tif,IMAGES008,1,other
DOJ-OGR-00022893.tif,IMAGES008,1,other
DOJ-OGR-00022894.tif,IMAGES008,1,other
DOJ-OGR-00022895.tif,IMAGES008,1,other
DOJ-OGR-00022896.tif,IMAGES008,1,other
DOJ-OGR-00022897.tif,IMAGES008,1,other
DOJ-OGR-00022898.tif,IMAGES008,1,other
DOJ-OGR-00022899.tif,IMAGES008,1,other
DOJ-OGR-00022900.tif,IMAGES008,1,other
DOJ-OGR-00022901.tif,IMAGES008,1,other
DOJ-OGR-00022902.tif,IMAGES008,1,other
DOJ-OGR-00022903.tif,IMAGES008,1,other
DOJ-OGR-00022904.tif,IMAGES008,1,other
DOJ-OGR-00022905.tif,IMAGES008,1,other
DOJ-OGR-00022906.tif,IMAGES008,1,other
DOJ-OGR-00022907.tif,IMAGES008,1,other
DOJ-OGR-00022908.tif,IMAGES008,1,other
DOJ-OGR-00022909.tif,IMAGES008,1,other
DOJ-OGR-00022910.tif,IMAGES008,1,other
DOJ-OGR-00022911.tif,IMAGES008,1,other
DOJ-OGR-00022912.tif,IMAGES008,1,other
DOJ-OGR-00022913.tif,IMAGES008,1,other
DOJ-OGR-00022914.tif,IMAGES008,1,other
DOJ-OGR-00022915.tif,IMAGES008,1,other
DOJ-OGR-00022916.tif,IMAGES008,1,other
DOJ-OGR-00022917.tif,IMAGES008,1,other
DOJ-OGR-00022918.tif,IMAGES008,1,other
DOJ-OGR-00022919.tif,IMAGES008,1,other
DOJ-OGR-00022920.tif,IMAGES008,1,other
DOJ-OGR-00022921.tif,IMAGES008,1,other
DOJ-OGR-00022922.tif,IMAGES008,1,other
DOJ-OGR-00022923.tif,IMAGES008,1,other
DOJ-OGR-00022924.tif,IMAGES008,1,other
DOJ-OGR-00022925.tif,IMAGES008,1,other
DOJ-OGR-00022926.tif,IMAGES008,1,other
DOJ-OGR-00022927.tif,IMAGES008,1,other
DOJ-OGR-00022928.tif,IMAGES008,1,other
DOJ-OGR-00022929.tif,IMAGES008,1,other
DOJ-OGR-00022930.tif,IMAGES008,1,other
DOJ-OGR-00022931.tif,IMAGES008,1,other
DOJ-OGR-00022932.tif,IMAGES008,1,other
DOJ-OGR-00022933.tif,IMAGES008,1,other
DOJ-OGR-00022934.tif,IMAGES008,1,other
DOJ-OGR-00022935.tif,IMAGES008,1,other
DOJ-OGR-00022936.tif,IMAGES008,1,other
DOJ-OGR-00022937.tif,IMAGES008,1,other
DOJ-OGR-00022938.tif,IMAGES008,1,other
DOJ-OGR-00022939.tif,IMAGES008,1,other
DOJ-OGR-00022940.tif,IMAGES008,1,other
DOJ-OGR-00022941.tif,IMAGES008,1,other
DOJ-OGR-00022942.tif,IMAGES008,1,other
DOJ-OGR-00022943.tif,IMAGES008,1,other
DOJ-OGR-00022944.tif,IMAGES008,1,other
DOJ-OGR-00022945.tif,IMAGES008,1,other
DOJ-OGR-00022946.tif,IMAGES008,1,other
DOJ-OGR-00022947.tif,IMAGES008,1,other
DOJ-OGR-00022948.jpg,IMAGES008,1,other
DOJ-OGR-00022949.tif,IMAGES008,1,other
DOJ-OGR-00022950.tif,IMAGES008,1,other
DOJ-OGR-00022951.tif,IMAGES008,1,other
DOJ-OGR-00022952.tif,IMAGES008,1,other
DOJ-OGR-00022953.tif,IMAGES008,1,other
DOJ-OGR-00022954.tif,IMAGES008,1,other
DOJ-OGR-00022955.tif,IMAGES008,1,other
DOJ-OGR-00022956.tif,IMAGES008,1,other
DOJ-OGR-00022957.tif,IMAGES008,1,other
DOJ-OGR-00022958.tif,IMAGES008,1,other
DOJ-OGR-00022959.tif,IMAGES008,1,other
DOJ-OGR-00022960.tif,IMAGES008,1,other
DOJ-OGR-00022961.tif,IMAGES008,1,other
DOJ-OGR-00022962.tif,IMAGES008,1,other
DOJ-OGR-00022963.tif,IMAGES008,1,other
DOJ-OGR-00022964.tif,IMAGES008,1,other
DOJ-OGR-00022965.tif,IMAGES008,1,other
DOJ-OGR-00022966.tif,IMAGES008,1,other
DOJ-OGR-00022967.tif,IMAGES008,1,other
DOJ-OGR-00022968.tif,IMAGES008,1,other
DOJ-OGR-00022969.tif,IMAGES008,1,other
DOJ-OGR-00022970.tif,IMAGES008,1,other
DOJ-OGR-00022971.tif,IMAGES008,1,other
DOJ-OGR-00022972.tif,IMAGES008,1,other
DOJ-OGR-00022973.tif,IMAGES008,1,other
DOJ-OGR-00022974.tif,IMAGES008,1,other
DOJ-OGR-00022975.tif,IMAGES008,1,other
DOJ-OGR-00022976.tif,IMAGES008,1,other
DOJ-OGR-00022977.tif,IMAGES008,1,other
DOJ-OGR-00022978.tif,IMAGES008,1,other
DOJ-OGR-00022979.tif,IMAGES008,1,other
DOJ-OGR-00022980.tif,IMAGES008,1,other
DOJ-OGR-00022981.tif,IMAGES008,1,other
DOJ-OGR-00022982.jpg,IMAGES008,1,other
DOJ-OGR-00022983.jpg,IMAGES008,1,other
DOJ-OGR-00022984.tif,IMAGES008,1,other
DOJ-OGR-00022985.tif,IMAGES008,1,other
DOJ-OGR-00022986.tif,IMAGES008,1,other
DOJ-OGR-00022987.tif,IMAGES008,1,other
DOJ-OGR-00022988.tif,IMAGES008,1,other
DOJ-OGR-00022989.tif,IMAGES008,1,other
DOJ-OGR-00022990.tif,IMAGES008,1,other
DOJ-OGR-00022991.tif,IMAGES008,1,other
DOJ-OGR-00022992.tif,IMAGES008,1,other
DOJ-OGR-00022993.tif,IMAGES008,1,other
DOJ-OGR-00022994.tif,IMAGES008,1,other
DOJ-OGR-00022995.tif,IMAGES008,1,other
DOJ-OGR-00022996.tif,IMAGES008,1,other
DOJ-OGR-00022997.tif,IMAGES008,1,other
DOJ-OGR-00022998.tif,IMAGES008,1,other
DOJ-OGR-00022999.tif,IMAGES008,1,other
DOJ-OGR-00023000.jpg,IMAGES008,1,other
DOJ-OGR-00023001.tif,IMAGES008,1,other
DOJ-OGR-00023002.tif,IMAGES008,1,other
DOJ-OGR-00023003.tif,IMAGES008,1,other
DOJ-OGR-00023004.tif,IMAGES008,1,other
DOJ-OGR-00023005.tif,IMAGES008,1,other
DOJ-OGR-00023006.tif,IMAGES008,1,other
DOJ-OGR-00023007.tif,IMAGES008,1,other
DOJ-OGR-00023008.tif,IMAGES008,1,other
DOJ-OGR-00023009.tif,IMAGES008,1,other
DOJ-OGR-00023010.tif,IMAGES008,1,other
DOJ-OGR-00023011.tif,IMAGES008,1,other
DOJ-OGR-00023012.tif,IMAGES008,1,other
DOJ-OGR-00023013.jpg,IMAGES008,1,other
DOJ-OGR-00023014.tif,IMAGES008,1,photo
DOJ-OGR-00023015.tif,IMAGES008,1,other
DOJ-OGR-00023016.tif,IMAGES008,1,other
DOJ-OGR-00023017.tif,IMAGES008,1,other
DOJ-OGR-00023018.tif,IMAGES008,1,other
DOJ-OGR-00023019.tif,IMAGES008,1,other
DOJ-OGR-00023020.tif,IMAGES008,1,other
DOJ-OGR-00023021.tif,IMAGES008,1,other
DOJ-OGR-00023022.tif,IMAGES008,1,other
DOJ-OGR-00023023.tif,IMAGES008,1,other
DOJ-OGR-00023024.tif,IMAGES008,1,other
DOJ-OGR-00023025.tif,IMAGES008,1,other
DOJ-OGR-00023026.tif,IMAGES008,1,other
DOJ-OGR-00023027.jpg,IMAGES008,1,other
DOJ-OGR-00023028.jpg,IMAGES008,1,other
DOJ-OGR-00023029.jpg,IMAGES008,1,other
DOJ-OGR-00023030.jpg,IMAGES008,1,other
DOJ-OGR-00023031.jpg,IMAGES008,1,other
DOJ-OGR-00023032.jpg,IMAGES008,1,other
DOJ-OGR-00023033.jpg,IMAGES008,1,other
DOJ-OGR-00023034.jpg,IMAGES008,1,other
DOJ-OGR-00023035.jpg,IMAGES008,1,other
DOJ-OGR-00023036.jpg,IMAGES008,1,other
DOJ-OGR-00023037.jpg,IMAGES008,1,other
DOJ-OGR-00023038.tif,IMAGES008,1,other
DOJ-OGR-00023039.tif,IMAGES008,1,other
DOJ-OGR-00023040.tif,IMAGES008,1,other
DOJ-OGR-00023041.jpg,IMAGES008,1,other
DOJ-OGR-00023042.tif,IMAGES008,1,other
DOJ-OGR-00023043.tif,IMAGES008,1,other
DOJ-OGR-00023044.tif,IMAGES008,1,other
DOJ-OGR-00023045.jpg,IMAGES008,1,other
DOJ-OGR-00023046.tif,IMAGES008,1,other
DOJ-OGR-00023047.tif,IMAGES008,1,other
DOJ-OGR-00023048.tif,IMAGES008,1,other
DOJ-OGR-00023049.tif,IMAGES008,1,other
DOJ-OGR-00023050.jpg,IMAGES008,1,other
DOJ-OGR-00023051.tif,IMAGES008,1,other
DOJ-OGR-00023052.tif,IMAGES008,1,other
DOJ-OGR-00023053.jpg,IMAGES008,1,other
DOJ-OGR-00023054.tif,IMAGES008,1,other
DOJ-OGR-00023055.tif,IMAGES008,1,other
DOJ-OGR-00023056.tif,IMAGES008,1,other
DOJ-OGR-00023057.tif,IMAGES008,1,other
DOJ-OGR-00023058.tif,IMAGES008,1,other
DOJ-OGR-00023059.tif,IMAGES008,1,other
DOJ-OGR-00023060.tif,IMAGES008,1,other
DOJ-OGR-00023061.tif,IMAGES008,1,other
DOJ-OGR-00023062.tif,IMAGES008,1,other
DOJ-OGR-00023063.tif,IMAGES008,1,other
DOJ-OGR-00023064.tif,IMAGES008,1,other
DOJ-OGR-00023065.tif,IMAGES008,1,other
DOJ-OGR-00023066.tif,IMAGES008,1,other
DOJ-OGR-00023067.tif,IMAGES008,1,other
DOJ-OGR-00023068.tif,IMAGES008,1,other
DOJ-OGR-00023069.jpg,IMAGES008,1,other
DOJ-OGR-00023070.tif,IMAGES008,1,other
DOJ-OGR-00023071.tif,IMAGES008,1,other
DOJ-OGR-00023072.tif,IMAGES008,1,other
DOJ-OGR-00023073.tif,IMAGES008,1,other
DOJ-OGR-00023074.tif,IMAGES008,1,other
DOJ-OGR-00023075.tif,IMAGES008,1,other
DOJ-OGR-00023076.tif,IMAGES008,1,other
DOJ-OGR-00023077.jpg,IMAGES008,1,other
DOJ-OGR-00023078.tif,IMAGES008,1,other
DOJ-OGR-00023079.tif,IMAGES008,1,other
DOJ-OGR-00023080.tif,IMAGES008,1,other
DOJ-OGR-00023081.tif,IMAGES008,1,other
DOJ-OGR-00023082.tif,IMAGES008,1,other
DOJ-OGR-00023083.tif,IMAGES008,1,other
DOJ-OGR-00023084.tif,IMAGES008,1,other
DOJ-OGR-00023085.tif,IMAGES008,1,other
DOJ-OGR-00023086.tif,IMAGES008,1,other
DOJ-OGR-00023087.tif,IMAGES008,1,other
DOJ-OGR-00023088.tif,IMAGES008,1,other
DOJ-OGR-00023089.tif,IMAGES008,1,other
DOJ-OGR-00023090.tif,IMAGES008,1,other
DOJ-OGR-00023091.jpg,IMAGES008,1,other
DOJ-OGR-00023092.tif,IMAGES008,1,other
DOJ-OGR-00023093.tif,IMAGES008,1,other
DOJ-OGR-00023094.tif,IMAGES008,1,other
DOJ-OGR-00023095.jpg,IMAGES008,1,other
DOJ-OGR-00023096.jpg,IMAGES008,1,other
DOJ-OGR-00023097.tif,IMAGES008,1,other
DOJ-OGR-00023098.tif,IMAGES008,1,other
DOJ-OGR-00023099.tif,IMAGES008,1,other
DOJ-OGR-00023100.tif,IMAGES008,1,other
DOJ-OGR-00023101.tif,IMAGES008,1,other
DOJ-OGR-00023102.tif,IMAGES008,1,other
DOJ-OGR-00023103.tif,IMAGES008,1,other
DOJ-OGR-00023104.tif,IMAGES008,1,other
DOJ-OGR-00023105.tif,IMAGES008,1,other
DOJ-OGR-00023106.tif,IMAGES008,1,other
DOJ-OGR-00023107.tif,IMAGES008,1,other
DOJ-OGR-00023108.tif,IMAGES008,1,other
DOJ-OGR-00023109.tif,IMAGES008,1,other
DOJ-OGR-00023110.tif,IMAGES008,1,other
DOJ-OGR-00023111.tif,IMAGES008,1,other
DOJ-OGR-00023112.tif,IMAGES008,1,other
DOJ-OGR-00023113.tif,IMAGES008,1,other
DOJ-OGR-00023114.tif,IMAGES008,1,other
DOJ-OGR-00023115.tif,IMAGES008,1,other
DOJ-OGR-00023116.tif,IMAGES008,1,other
DOJ-OGR-00023117.tif,IMAGES008,1,other
DOJ-OGR-00023118.tif,IMAGES008,1,other
DOJ-OGR-00023119.jpg,IMAGES008,1,other
DOJ-OGR-00023120.tif,IMAGES008,1,other
DOJ-OGR-00023121.tif,IMAGES008,1,other
DOJ-OGR-00023122.tif,IMAGES008,1,other
DOJ-OGR-00023123.tif,IMAGES008,1,other
DOJ-OGR-00023124.tif,IMAGES008,1,other
DOJ-OGR-00023125.tif,IMAGES008,1,other
DOJ-OGR-00023126.tif,IMAGES008,1,other
DOJ-OGR-00023127.tif,IMAGES008,1,other
DOJ-OGR-00023128.tif,IMAGES008,1,other
DOJ-OGR-00023129.tif,IMAGES008,1,other
DOJ-OGR-00023130.tif,IMAGES008,1,other
DOJ-OGR-00023131.tif,IMAGES008,1,other
DOJ-OGR-00023132.jpg,IMAGES008,1,other
DOJ-OGR-00023133.tif,IMAGES008,1,other
DOJ-OGR-00023134.tif,IMAGES008,1,other
DOJ-OGR-00023135.tif,IMAGES008,1,other
DOJ-OGR-00023136.tif,IMAGES008,1,other
DOJ-OGR-00023137.tif,IMAGES008,1,other
DOJ-OGR-00023138.tif,IMAGES008,1,other
DOJ-OGR-00023139.tif,IMAGES008,1,other
DOJ-OGR-00023140.tif,IMAGES008,1,other
DOJ-OGR-00023141.tif,IMAGES008,1,other
DOJ-OGR-00023142.jpg,IMAGES008,1,other
DOJ-OGR-00023143.tif,IMAGES008,1,other
DOJ-OGR-00023144.tif,IMAGES008,1,other
DOJ-OGR-00023145.tif,IMAGES008,1,other
DOJ-OGR-00023146.tif,IMAGES008,1,other
DOJ-OGR-00023147.tif,IMAGES008,1,other
DOJ-OGR-00023148.tif,IMAGES008,1,other
DOJ-OGR-00023149.tif,IMAGES008,1,other
DOJ-OGR-00023150.tif,IMAGES008,1,other
DOJ-OGR-00023151.tif,IMAGES008,1,other
DOJ-OGR-00023152.tif,IMAGES008,1,other
DOJ-OGR-00023153.tif,IMAGES008,1,other
DOJ-OGR-00023154.tif,IMAGES008,1,other
DOJ-OGR-00023155.tif,IMAGES008,1,other
DOJ-OGR-00023156.tif,IMAGES008,1,other
DOJ-OGR-00023157.tif,IMAGES008,1,other
DOJ-OGR-00023158.tif,IMAGES008,1,other
DOJ-OGR-00023159.tif,IMAGES008,1,other
DOJ-OGR-00023160.tif,IMAGES008,1,other
DOJ-OGR-00023161.tif,IMAGES008,1,other
DOJ-OGR-00023162.tif,IMAGES008,1,other
DOJ-OGR-00023163.tif,IMAGES008,1,other
DOJ-OGR-00023164.tif,IMAGES008,1,other
DOJ-OGR-00023165.tif,IMAGES008,1,other
DOJ-OGR-00023166.tif,IMAGES008,1,other
DOJ-OGR-00023167.tif,IMAGES008,1,other
DOJ-OGR-00023168.tif,IMAGES008,1,other
DOJ-OGR-00023169.tif,IMAGES008,1,other
DOJ-OGR-00023170.tif,IMAGES008,1,other
DOJ-OGR-00023171.tif,IMAGES008,1,other
DOJ-OGR-00023172.tif,IMAGES008,1,other
DOJ-OGR-00023173.tif,IMAGES008,1,other
DOJ-OGR-00023174.tif,IMAGES008,1,other
DOJ-OGR-00023175.tif,IMAGES008,1,other
DOJ-OGR-00023176.tif,IMAGES008,1,other
DOJ-OGR-00023177.tif,IMAGES008,1,other
DOJ-OGR-00023178.tif,IMAGES008,1,other
DOJ-OGR-00023179.tif,IMAGES008,1,other
DOJ-OGR-00023180.tif,IMAGES008,1,other
DOJ-OGR-00023181.tif,IMAGES008,1,other
DOJ-OGR-00023182.tif,IMAGES008,1,other
DOJ-OGR-00023183.tif,IMAGES008,1,other
DOJ-OGR-00023184.tif,IMAGES008,1,other
DOJ-OGR-00023185.tif,IMAGES008,1,other
DOJ-OGR-00023186.tif,IMAGES008,1,other
DOJ-OGR-00023187.tif,IMAGES008,1,other
DOJ-OGR-00023188.tif,IMAGES008,1,other
DOJ-OGR-00023189.tif,IMAGES008,1,other
DOJ-OGR-00023190.tif,IMAGES008,1,other
DOJ-OGR-00023191.tif,IMAGES008,1,other
DOJ-OGR-00023192.tif,IMAGES008,1,other
DOJ-OGR-00023193.tif,IMAGES008,1,other
DOJ-OGR-00023194.jpg,IMAGES008,1,other
DOJ-OGR-00023195.tif,IMAGES008,1,other
DOJ-OGR-00023196.tif,IMAGES008,1,other
DOJ-OGR-00023197.tif,IMAGES008,1,other
DOJ-OGR-00023198.tif,IMAGES008,1,other
DOJ-OGR-00023199.tif,IMAGES008,1,other
DOJ-OGR-00023200.tif,IMAGES008,1,other
DOJ-OGR-00023201.tif,IMAGES008,1,other
DOJ-OGR-00023202.tif,IMAGES008,1,other
DOJ-OGR-00023203.tif,IMAGES008,1,other
DOJ-OGR-00023204.tif,IMAGES008,1,other
DOJ-OGR-00023205.tif,IMAGES008,1,other
DOJ-OGR-00023206.tif,IMAGES008,1,other
DOJ-OGR-00023207.tif,IMAGES008,1,other
DOJ-OGR-00023208.tif,IMAGES008,1,other
DOJ-OGR-00023209.tif,IMAGES008,1,other
DOJ-OGR-00023210.tif,IMAGES008,1,other
DOJ-OGR-00023211.tif,IMAGES008,1,other
DOJ-OGR-00023212.tif,IMAGES008,1,other
DOJ-OGR-00023213.tif,IMAGES008,1,other
DOJ-OGR-00023214.tif,IMAGES008,1,other
DOJ-OGR-00023215.tif,IMAGES008,1,other
DOJ-OGR-00023216.tif,IMAGES008,1,other
DOJ-OGR-00023217.tif,IMAGES008,1,other
DOJ-OGR-00023218.tif,IMAGES008,1,other
DOJ-OGR-00023219.tif,IMAGES008,1,other
DOJ-OGR-00023220.tif,IMAGES008,1,other
DOJ-OGR-00023221.tif,IMAGES008,1,other
DOJ-OGR-00023222.tif,IMAGES008,1,other
DOJ-OGR-00023223.tif,IMAGES008,1,other
DOJ-OGR-00023224.tif,IMAGES008,1,other
DOJ-OGR-00023225.tif,IMAGES008,1,other
DOJ-OGR-00023226.tif,IMAGES008,1,other
DOJ-OGR-00023227.tif,IMAGES008,1,other
DOJ-OGR-00023228.jpg,IMAGES008,1,other
DOJ-OGR-00023229.tif,IMAGES008,1,other
DOJ-OGR-00023230.tif,IMAGES008,1,other
DOJ-OGR-00023231.jpg,IMAGES008,1,other
DOJ-OGR-00023232.tif,IMAGES008,1,other
DOJ-OGR-00023233.tif,IMAGES008,1,other
DOJ-OGR-00023234.tif,IMAGES008,1,other
DOJ-OGR-00023235.tif,IMAGES008,1,other
DOJ-OGR-00023236.tif,IMAGES008,1,other
DOJ-OGR-00023237.tif,IMAGES008,1,other
DOJ-OGR-00023238.tif,IMAGES008,1,other
DOJ-OGR-00023239.tif,IMAGES008,1,other
DOJ-OGR-00023240.tif,IMAGES008,1,other
DOJ-OGR-00023241.tif,IMAGES008,1,other
DOJ-OGR-00023242.tif,IMAGES008,1,other
DOJ-OGR-00023243.tif,IMAGES008,1,other
DOJ-OGR-00023244.tif,IMAGES008,1,other
DOJ-OGR-00023245.tif,IMAGES008,1,other
DOJ-OGR-00023246.tif,IMAGES008,1,other
DOJ-OGR-00023247.tif,IMAGES008,1,other
DOJ-OGR-00023248.tif,IMAGES008,1,other
DOJ-OGR-00023249.tif,IMAGES008,1,other
DOJ-OGR-00023250.tif,IMAGES008,1,other
DOJ-OGR-00023251.tif,IMAGES008,1,other
DOJ-OGR-00023252.tif,IMAGES008,1,other
DOJ-OGR-00023253.tif,IMAGES008,1,other
DOJ-OGR-00023254.tif,IMAGES008,1,other
DOJ-OGR-00023255.tif,IMAGES008,1,other
DOJ-OGR-00023256.tif,IMAGES008,1,other
DOJ-OGR-00023257.tif,IMAGES008,1,other
DOJ-OGR-00023258.tif,IMAGES008,1,other
DOJ-OGR-00023259.tif,IMAGES008,1,other
DOJ-OGR-00023260.tif,IMAGES008,1,other
DOJ-OGR-00023261.tif,IMAGES008,1,other
DOJ-OGR-00023262.tif,IMAGES008,1,other
DOJ-OGR-00023263.tif,IMAGES008,1,other
DOJ-OGR-00023264.tif,IMAGES008,1,other
DOJ-OGR-00023265.tif,IMAGES008,1,other
DOJ-OGR-00023266.tif,IMAGES008,1,other
DOJ-OGR-00023267.tif,IMAGES008,1,other
DOJ-OGR-00023268.tif,IMAGES008,1,other
DOJ-OGR-00023269.tif,IMAGES008,1,other
DOJ-OGR-00023270.tif,IMAGES008,1,other
DOJ-OGR-00023271.tif,IMAGES008,1,other
DOJ-OGR-00023272.tif,IMAGES008,1,other
DOJ-OGR-00023273.tif,IMAGES008,1,other
DOJ-OGR-00023274.tif,IMAGES008,1,other
DOJ-OGR-00023275.tif,IMAGES008,1,other
DOJ-OGR-00023276.tif,IMAGES008,1,other
DOJ-OGR-00023277.tif,IMAGES008,1,other
DOJ-OGR-00023278.tif,IMAGES008,1,other
DOJ-OGR-00023279.jpg,IMAGES008,1,other
DOJ-OGR-00023280.tif,IMAGES008,1,other
DOJ-OGR-00023281.tif,IMAGES008,1,other
DOJ-OGR-00023282.tif,IMAGES008,1,other
DOJ-OGR-00023283.tif,IMAGES008,1,other
DOJ-OGR-00023284.tif,IMAGES008,1,other
DOJ-OGR-00023285.tif,IMAGES008,1,other
DOJ-OGR-00023286.tif,IMAGES008,1,other
DOJ-OGR-00023287.tif,IMAGES008,1,other
DOJ-OGR-00023288.tif,IMAGES008,1,other
DOJ-OGR-00023289.tif,IMAGES008,1,other
DOJ-OGR-00023290.tif,IMAGES008,1,other
DOJ-OGR-00023291.tif,IMAGES008,1,other
DOJ-OGR-00023292.tif,IMAGES008,1,other
DOJ-OGR-00023293.tif,IMAGES008,1,other
DOJ-OGR-00023294.tif,IMAGES008,1,other
DOJ-OGR-00023295.tif,IMAGES008,1,other
DOJ-OGR-00023296.tif,IMAGES008,1,other
DOJ-OGR-00023297.tif,IMAGES008,1,other
DOJ-OGR-00023298.tif,IMAGES008,1,other
DOJ-OGR-00023299.tif,IMAGES008,1,other
DOJ-OGR-00023300.tif,IMAGES008,1,other
DOJ-OGR-00023301.tif,IMAGES008,1,other
DOJ-OGR-00023302.tif,IMAGES008,1,other
DOJ-OGR-00023303.tif,IMAGES008,1,other
DOJ-OGR-00023304.tif,IMAGES008,1,other
DOJ-OGR-00023305.tif,IMAGES008,1,other
DOJ-OGR-00023306.tif,IMAGES008,1,other
DOJ-OGR-00023307.tif,IMAGES008,1,other
DOJ-OGR-00023308.tif,IMAGES008,1,other
DOJ-OGR-00023309.tif,IMAGES008,1,other
DOJ-OGR-00023310.tif,IMAGES008,1,other
DOJ-OGR-00023311.tif,IMAGES008,1,other
DOJ-OGR-00023312.tif,IMAGES008,1,other
DOJ-OGR-00023313.tif,IMAGES008,1,other
DOJ-OGR-00023314.tif,IMAGES008,1,other
DOJ-OGR-00023315.tif,IMAGES008,1,other
DOJ-OGR-00023316.tif,IMAGES008,1,other
DOJ-OGR-00023317.tif,IMAGES008,1,other
DOJ-OGR-00023318.tif,IMAGES008,1,other
DOJ-OGR-00023319.tif,IMAGES008,1,other
DOJ-OGR-00023320.tif,IMAGES008,1,other
DOJ-OGR-00023321.tif,IMAGES008,1,other
DOJ-OGR-00023322.tif,IMAGES008,1,other
DOJ-OGR-00023323.tif,IMAGES008,1,other
DOJ-OGR-00023324.tif,IMAGES008,1,other
DOJ-OGR-00023325.tif,IMAGES008,1,other
DOJ-OGR-00023326.tif,IMAGES008,1,other
DOJ-OGR-00023327.tif,IMAGES008,1,other
DOJ-OGR-00023328.tif,IMAGES008,1,other
DOJ-OGR-00023329.tif,IMAGES008,1,photo
DOJ-OGR-00023330.tif,IMAGES008,1,other
DOJ-OGR-00023331.jpg,IMAGES008,1,other
DOJ-OGR-00023332.tif,IMAGES008,1,other
DOJ-OGR-00023333.tif,IMAGES008,1,other
DOJ-OGR-00023334.tif,IMAGES008,1,other
DOJ-OGR-00023335.tif,IMAGES008,1,other
DOJ-OGR-00023336.tif,IMAGES008,1,other
DOJ-OGR-00023337.tif,IMAGES008,1,other
DOJ-OGR-00023338.tif,IMAGES008,1,other
DOJ-OGR-00023339.tif,IMAGES008,1,other
DOJ-OGR-00023340.tif,IMAGES008,1,other
DOJ-OGR-00023341.tif,IMAGES008,1,other
DOJ-OGR-00023342.tif,IMAGES008,1,other
DOJ-OGR-00023343.tif,IMAGES008,1,other
DOJ-OGR-00023344.tif,IMAGES008,1,other
DOJ-OGR-00023345.tif,IMAGES008,1,other
DOJ-OGR-00023346.tif,IMAGES008,1,other
DOJ-OGR-00023347.jpg,IMAGES008,1,other
DOJ-OGR-00023348.jpg,IMAGES008,1,other
DOJ-OGR-00023349.jpg,IMAGES008,1,other
DOJ-OGR-00023350.tif,IMAGES008,1,other
DOJ-OGR-00023351.tif,IMAGES008,1,other
DOJ-OGR-00023352.tif,IMAGES008,1,other
DOJ-OGR-00023353.tif,IMAGES008,1,other
DOJ-OGR-00023354.tif,IMAGES008,1,other
DOJ-OGR-00023355.tif,IMAGES008,1,other
DOJ-OGR-00023356.tif,IMAGES008,1,other
DOJ-OGR-00023357.tif,IMAGES008,1,photo
DOJ-OGR-00023358.tif,IMAGES008,1,other
DOJ-OGR-00023359.jpg,IMAGES008,1,other
DOJ-OGR-00023360.tif,IMAGES008,1,other
