file_name,file_origin,file_length,file_type
EFTA00364297.pdf,data-set-9-files-31,1,email
EFTA00749538.pdf,data-set-9-files-31,1,email
EFTA00749539.pdf,data-set-9-files-31,2,email
EFTA00749541.pdf,data-set-9-files-31,1,email
EFTA00749542.pdf,data-set-9-files-31,1,other
EFTA00749543.pdf,data-set-9-files-31,1,email
EFTA00749544.pdf,data-set-9-files-31,1,email
EFTA00749545.pdf,data-set-9-files-31,1,email
EFTA00749546.pdf,data-set-9-files-31,1,email
EFTA00749547.pdf,data-set-9-files-31,1,email
EFTA00749548.pdf,data-set-9-files-31,1,email
EFTA00749549.pdf,data-set-9-files-31,1,email
EFTA00749550.pdf,data-set-9-files-31,1,email
EFTA00749551.pdf,data-set-9-files-31,1,email
EFTA00749552.pdf,data-set-9-files-31,1,email
EFTA00749553.pdf,data-set-9-files-31,1,email
EFTA00749554.pdf,data-set-9-files-31,1,email
EFTA00749555.pdf,data-set-9-files-31,1,email
EFTA00749556.pdf,data-set-9-files-31,1,email
EFTA00749557.pdf,data-set-9-files-31,1,email
EFTA00749558.pdf,data-set-9-files-31,1,email
EFTA00749559.pdf,data-set-9-files-31,1,email
EFTA00749560.pdf,data-set-9-files-31,1,other
EFTA00749561.pdf,data-set-9-files-31,1,email
EFTA00749562.pdf,data-set-9-files-31,1,email
EFTA00749563.pdf,data-set-9-files-31,1,email
EFTA00749564.pdf,data-set-9-files-31,1,email
EFTA00749565.pdf,data-set-9-files-31,2,email
EFTA00749567.pdf,data-set-9-files-31,4,email
EFTA00749571.pdf,data-set-9-files-31,2,email
EFTA00749573.pdf,data-set-9-files-31,1,email
EFTA00749574.pdf,data-set-9-files-31,1,email
EFTA00749575.pdf,data-set-9-files-31,1,email
EFTA00749576.pdf,data-set-9-files-31,1,email
EFTA00749577.pdf,data-set-9-files-31,1,email
EFTA00749578.pdf,data-set-9-files-31,1,email
EFTA00749579.pdf,data-set-9-files-31,1,email
EFTA00749580.pdf,data-set-9-files-31,1,email
EFTA00749581.pdf,data-set-9-files-31,1,email
EFTA00749582.pdf,data-set-9-files-31,2,email
EFTA00749584.pdf,data-set-9-files-31,1,email
EFTA00749585.pdf,data-set-9-files-31,1,email
EFTA00749586.pdf,data-set-9-files-31,1,email
EFTA00749587.pdf,data-set-9-files-31,1,email
EFTA00749588.pdf,data-set-9-files-31,1,email
EFTA00749589.pdf,data-set-9-files-31,1,email
EFTA00749590.pdf,data-set-9-files-31,1,email
EFTA00749591.pdf,data-set-9-files-31,1,email
EFTA00749592.pdf,data-set-9-files-31,2,email
EFTA00749594.pdf,data-set-9-files-31,1,email
EFTA00749595.pdf,data-set-9-files-31,1,email
EFTA00749596.pdf,data-set-9-files-31,1,email
EFTA00749597.pdf,data-set-9-files-31,2,email
EFTA00749599.pdf,data-set-9-files-31,1,email
EFTA00749600.pdf,data-set-9-files-31,2,email
EFTA00749602.pdf,data-set-9-files-31,1,email
EFTA00749603.pdf,data-set-9-files-31,2,email
EFTA00749605.pdf,data-set-9-files-31,1,email
EFTA00749606.pdf,data-set-9-files-31,1,email
EFTA00749607.pdf,data-set-9-files-31,2,email
EFTA00749609.pdf,data-set-9-files-31,2,email
EFTA00749611.pdf,data-set-9-files-31,1,other
EFTA00749612.pdf,data-set-9-files-31,3,email
EFTA00749615.pdf,data-set-9-files-31,3,email
EFTA00749618.pdf,data-set-9-files-31,1,email
EFTA00749619.pdf,data-set-9-files-31,2,email
EFTA00749621.pdf,data-set-9-files-31,1,email
EFTA00749622.pdf,data-set-9-files-31,2,email
EFTA00749624.pdf,data-set-9-files-31,1,email
EFTA00749625.pdf,data-set-9-files-31,1,email
EFTA00749626.pdf,data-set-9-files-31,3,email
EFTA00749629.pdf,data-set-9-files-31,1,email
EFTA00749630.pdf,data-set-9-files-31,1,email
EFTA00749631.pdf,data-set-9-files-31,2,email
EFTA00749633.pdf,data-set-9-files-31,1,email
EFTA00749634.pdf,data-set-9-files-31,1,other
EFTA00749635.pdf,data-set-9-files-31,1,email
EFTA00749636.pdf,data-set-9-files-31,2,email
EFTA00749638.pdf,data-set-9-files-31,1,email
EFTA00749639.pdf,data-set-9-files-31,2,email
EFTA00749641.pdf,data-set-9-files-31,1,other
EFTA00749642.pdf,data-set-9-files-31,1,email
EFTA00749643.pdf,data-set-9-files-31,2,email
EFTA00749645.pdf,data-set-9-files-31,1,email
EFTA00749646.pdf,data-set-9-files-31,1,email
EFTA00749647.pdf,data-set-9-files-31,1,email
EFTA00749648.pdf,data-set-9-files-31,3,email
EFTA00749651.pdf,data-set-9-files-31,1,email
EFTA00749652.pdf,data-set-9-files-31,1,email
EFTA00749653.pdf,data-set-9-files-31,2,email
EFTA00749655.pdf,data-set-9-files-31,1,email
EFTA00749656.pdf,data-set-9-files-31,1,email
EFTA00749657.pdf,data-set-9-files-31,1,email
EFTA00749658.pdf,data-set-9-files-31,1,email
EFTA00749659.pdf,data-set-9-files-31,1,email
EFTA00749660.pdf,data-set-9-files-31,1,email
EFTA00749661.pdf,data-set-9-files-31,1,photo
EFTA00749662.pdf,data-set-9-files-31,1,email
EFTA00749663.pdf,data-set-9-files-31,1,email
EFTA00749664.pdf,data-set-9-files-31,1,email
EFTA00749665.pdf,data-set-9-files-31,1,email
EFTA00749666.pdf,data-set-9-files-31,1,email
EFTA00749667.pdf,data-set-9-files-31,2,email
EFTA00749669.pdf,data-set-9-files-31,1,email
EFTA00749670.pdf,data-set-9-files-31,1,email
EFTA00749671.pdf,data-set-9-files-31,1,email
EFTA00749672.pdf,data-set-9-files-31,1,email
EFTA00749673.pdf,data-set-9-files-31,2,email
EFTA00749675.pdf,data-set-9-files-31,3,email
EFTA00749678.pdf,data-set-9-files-31,2,email
EFTA00749680.pdf,data-set-9-files-31,1,email
EFTA00749681.pdf,data-set-9-files-31,1,email
EFTA00749682.pdf,data-set-9-files-31,1,other
EFTA00749683.pdf,data-set-9-files-31,1,email
EFTA00749684.pdf,data-set-9-files-31,1,email
EFTA00749685.pdf,data-set-9-files-31,1,email
EFTA00749686.pdf,data-set-9-files-31,1,email
EFTA00749687.pdf,data-set-9-files-31,1,email
EFTA00749688.pdf,data-set-9-files-31,1,email
EFTA00749689.pdf,data-set-9-files-31,1,email
EFTA00749690.pdf,data-set-9-files-31,1,email
EFTA00749691.pdf,data-set-9-files-31,1,email
EFTA00749692.pdf,data-set-9-files-31,1,email
EFTA00749693.pdf,data-set-9-files-31,1,other
EFTA00749694.pdf,data-set-9-files-31,1,email
EFTA00749695.pdf,data-set-9-files-31,1,email
EFTA00749696.pdf,data-set-9-files-31,1,email
EFTA00749697.pdf,data-set-9-files-31,1,email
EFTA00749698.pdf,data-set-9-files-31,1,email
EFTA00749699.pdf,data-set-9-files-31,1,email
EFTA00749700.pdf,data-set-9-files-31,1,email
EFTA00749701.pdf,data-set-9-files-31,2,email
EFTA00749703.pdf,data-set-9-files-31,1,email
EFTA00749704.pdf,data-set-9-files-31,1,email
EFTA00749705.pdf,data-set-9-files-31,1,email
EFTA00749706.pdf,data-set-9-files-31,1,email
EFTA00749707.pdf,data-set-9-files-31,1,email
EFTA00749708.pdf,data-set-9-files-31,1,email
EFTA00749709.pdf,data-set-9-files-31,1,email
EFTA00749710.pdf,data-set-9-files-31,1,email
EFTA00749711.pdf,data-set-9-files-31,1,email
EFTA00749712.pdf,data-set-9-files-31,1,email
EFTA00749713.pdf,data-set-9-files-31,1,email
EFTA00749714.pdf,data-set-9-files-31,1,email
EFTA00749715.pdf,data-set-9-files-31,1,email
EFTA00749716.pdf,data-set-9-files-31,1,photo
EFTA00749717.pdf,data-set-9-files-31,1,email
EFTA00749718.pdf,data-set-9-files-31,1,email
EFTA00749719.pdf,data-set-9-files-31,1,email
EFTA00749720.pdf,data-set-9-files-31,1,email
EFTA00749721.pdf,data-set-9-files-31,1,email
EFTA00749722.pdf,data-set-9-files-31,1,email
EFTA00749723.pdf,data-set-9-files-31,1,email
EFTA00749724.pdf,data-set-9-files-31,1,email
EFTA00749725.pdf,data-set-9-files-31,2,email
EFTA00749727.pdf,data-set-9-files-31,1,email
EFTA00749728.pdf,data-set-9-files-31,1,email
EFTA00749729.pdf,data-set-9-files-31,1,email
EFTA00749730.pdf,data-set-9-files-31,1,photo
EFTA00749731.pdf,data-set-9-files-31,1,photo
EFTA00749732.pdf,data-set-9-files-31,1,photo
EFTA00749733.pdf,data-set-9-files-31,1,photo
EFTA00749734.pdf,data-set-9-files-31,1,photo
EFTA00749735.pdf,data-set-9-files-31,1,photo
EFTA00749736.pdf,data-set-9-files-31,1,photo
EFTA00749737.pdf,data-set-9-files-31,1,photo
EFTA00749738.pdf,data-set-9-files-31,1,photo
EFTA00749739.pdf,data-set-9-files-31,1,photo
EFTA00749740.pdf,data-set-9-files-31,1,photo
EFTA00749741.pdf,data-set-9-files-31,1,photo
EFTA00749742.pdf,data-set-9-files-31,1,photo
EFTA00749743.pdf,data-set-9-files-31,1,photo
EFTA00749744.pdf,data-set-9-files-31,1,photo
EFTA00749745.pdf,data-set-9-files-31,1,photo
EFTA00749746.pdf,data-set-9-files-31,1,photo
EFTA00749747.pdf,data-set-9-files-31,1,photo
EFTA00749748.pdf,data-set-9-files-31,1,photo
EFTA00749749.pdf,data-set-9-files-31,1,photo
EFTA00749750.pdf,data-set-9-files-31,1,photo
EFTA00749751.pdf,data-set-9-files-31,1,email
EFTA00749752.pdf,data-set-9-files-31,1,email
EFTA00749753.pdf,data-set-9-files-31,1,email
EFTA00749754.pdf,data-set-9-files-31,1,email
EFTA00749755.pdf,data-set-9-files-31,1,email
EFTA00749756.pdf,data-set-9-files-31,1,email
EFTA00749757.pdf,data-set-9-files-31,1,email
EFTA00749758.pdf,data-set-9-files-31,2,email
EFTA00749760.pdf,data-set-9-files-31,1,email
EFTA00749761.pdf,data-set-9-files-31,1,other
EFTA00749762.pdf,data-set-9-files-31,1,email
EFTA00749763.pdf,data-set-9-files-31,1,email
EFTA00749764.pdf,data-set-9-files-31,1,email
EFTA00749765.pdf,data-set-9-files-31,1,email
EFTA00749766.pdf,data-set-9-files-31,1,other
EFTA00749767.pdf,data-set-9-files-31,1,email
EFTA00749768.pdf,data-set-9-files-31,1,email
EFTA00749769.pdf,data-set-9-files-31,1,email
EFTA00749770.pdf,data-set-9-files-31,1,email
EFTA00749771.pdf,data-set-9-files-31,1,email
EFTA00749772.pdf,data-set-9-files-31,1,email
EFTA00749773.pdf,data-set-9-files-31,1,email
EFTA00749774.pdf,data-set-9-files-31,1,email
EFTA00749775.pdf,data-set-9-files-31,1,email
EFTA00749776.pdf,data-set-9-files-31,1,email
EFTA00749777.pdf,data-set-9-files-31,1,email
EFTA00749778.pdf,data-set-9-files-31,1,email
EFTA00749779.pdf,data-set-9-files-31,1,email
EFTA00749780.pdf,data-set-9-files-31,1,email
EFTA00749781.pdf,data-set-9-files-31,1,email
EFTA00749782.pdf,data-set-9-files-31,1,email
EFTA00749783.pdf,data-set-9-files-31,1,email
EFTA00749784.pdf,data-set-9-files-31,1,email
EFTA00749785.pdf,data-set-9-files-31,1,email
EFTA00749786.pdf,data-set-9-files-31,1,email
EFTA00749787.pdf,data-set-9-files-31,1,email
EFTA00749788.pdf,data-set-9-files-31,1,email
EFTA00749789.pdf,data-set-9-files-31,1,email
EFTA00749790.pdf,data-set-9-files-31,1,email
EFTA00749791.pdf,data-set-9-files-31,1,email
EFTA00749792.pdf,data-set-9-files-31,1,email
EFTA00749793.pdf,data-set-9-files-31,1,email
EFTA00749794.pdf,data-set-9-files-31,1,other
EFTA00749795.pdf,data-set-9-files-31,1,email
EFTA00749796.pdf,data-set-9-files-31,1,email
EFTA00749797.pdf,data-set-9-files-31,1,photo
EFTA00749798.pdf,data-set-9-files-31,1,email
EFTA00749799.pdf,data-set-9-files-31,1,email
EFTA00749800.pdf,data-set-9-files-31,1,email
EFTA00749801.pdf,data-set-9-files-31,1,photo
EFTA00749802.pdf,data-set-9-files-31,1,email
EFTA00749803.pdf,data-set-9-files-31,2,email
EFTA00749805.pdf,data-set-9-files-31,1,other
EFTA00749806.pdf,data-set-9-files-31,1,email
EFTA00749807.pdf,data-set-9-files-31,1,email
EFTA00749808.pdf,data-set-9-files-31,1,email
EFTA00749809.pdf,data-set-9-files-31,1,other
EFTA00749810.pdf,data-set-9-files-31,1,other
EFTA00749811.pdf,data-set-9-files-31,1,email
EFTA00749812.pdf,data-set-9-files-31,1,email
EFTA00749813.pdf,data-set-9-files-31,1,other
EFTA00749814.pdf,data-set-9-files-31,1,email
EFTA00749815.pdf,data-set-9-files-31,1,email
EFTA00749816.pdf,data-set-9-files-31,1,email
EFTA00749817.pdf,data-set-9-files-31,2,email
EFTA00749819.pdf,data-set-9-files-31,2,email
EFTA00749821.pdf,data-set-9-files-31,1,photo
EFTA00749822.pdf,data-set-9-files-31,1,photo
EFTA00749823.pdf,data-set-9-files-31,1,photo
EFTA00749824.pdf,data-set-9-files-31,1,email
EFTA00749825.pdf,data-set-9-files-31,1,email
EFTA00749826.pdf,data-set-9-files-31,1,other
EFTA00749827.pdf,data-set-9-files-31,1,email
EFTA00749828.pdf,data-set-9-files-31,1,email
EFTA00749829.pdf,data-set-9-files-31,1,email
EFTA00749830.pdf,data-set-9-files-31,1,email
EFTA00749831.pdf,data-set-9-files-31,1,email
EFTA00749832.pdf,data-set-9-files-31,1,email
EFTA00749833.pdf,data-set-9-files-31,1,email
EFTA00749834.pdf,data-set-9-files-31,1,email
EFTA00749835.pdf,data-set-9-files-31,1,email
EFTA00749836.pdf,data-set-9-files-31,1,email
EFTA00749837.pdf,data-set-9-files-31,1,email
EFTA00749838.pdf,data-set-9-files-31,1,email
EFTA00749839.pdf,data-set-9-files-31,1,email
EFTA00749840.pdf,data-set-9-files-31,1,email
EFTA00749841.pdf,data-set-9-files-31,1,email
EFTA00749842.pdf,data-set-9-files-31,1,email
EFTA00749843.pdf,data-set-9-files-31,1,email
EFTA00749844.pdf,data-set-9-files-31,1,email
EFTA00749845.pdf,data-set-9-files-31,1,email
EFTA00749846.pdf,data-set-9-files-31,1,email
EFTA00749847.pdf,data-set-9-files-31,1,email
EFTA00749848.pdf,data-set-9-files-31,1,email
EFTA00749849.pdf,data-set-9-files-31,1,email
EFTA00749850.pdf,data-set-9-files-31,1,email
EFTA00749851.pdf,data-set-9-files-31,1,email
EFTA00749852.pdf,data-set-9-files-31,2,email
EFTA00749854.pdf,data-set-9-files-31,1,email
EFTA00749855.pdf,data-set-9-files-31,1,other
EFTA00749856.pdf,data-set-9-files-31,1,email
EFTA00749857.pdf,data-set-9-files-31,1,email
EFTA00749858.pdf,data-set-9-files-31,1,email
EFTA00749859.pdf,data-set-9-files-31,1,email
EFTA00749860.pdf,data-set-9-files-31,1,email
EFTA00749861.pdf,data-set-9-files-31,1,email
EFTA00749862.pdf,data-set-9-files-31,2,email
EFTA00749864.pdf,data-set-9-files-31,1,email
EFTA00749865.pdf,data-set-9-files-31,1,email
EFTA00749866.pdf,data-set-9-files-31,1,other
EFTA00749867.pdf,data-set-9-files-31,2,email
EFTA00749869.pdf,data-set-9-files-31,1,email
EFTA00749870.pdf,data-set-9-files-31,1,photo
EFTA00749871.pdf,data-set-9-files-31,1,email
EFTA00749872.pdf,data-set-9-files-31,1,email
EFTA00749873.pdf,data-set-9-files-31,3,email
EFTA00749876.pdf,data-set-9-files-31,2,email
EFTA00749878.pdf,data-set-9-files-31,1,email
EFTA00749879.pdf,data-set-9-files-31,1,email
EFTA00749880.pdf,data-set-9-files-31,2,email
EFTA00749882.pdf,data-set-9-files-31,1,email
EFTA00749883.pdf,data-set-9-files-31,1,email
EFTA00749884.pdf,data-set-9-files-31,1,email
EFTA00749885.pdf,data-set-9-files-31,1,email
EFTA00749886.pdf,data-set-9-files-31,1,email
EFTA00749887.pdf,data-set-9-files-31,1,email
EFTA00749888.pdf,data-set-9-files-31,1,email
EFTA00749889.pdf,data-set-9-files-31,1,email
EFTA00749890.pdf,data-set-9-files-31,1,email
EFTA00749891.pdf,data-set-9-files-31,1,email
EFTA00749892.pdf,data-set-9-files-31,2,email
EFTA00749894.pdf,data-set-9-files-31,1,email
EFTA00749895.pdf,data-set-9-files-31,2,email
EFTA00749897.pdf,data-set-9-files-31,1,email
EFTA00749898.pdf,data-set-9-files-31,1,email
EFTA00749899.pdf,data-set-9-files-31,1,email
EFTA00749900.pdf,data-set-9-files-31,1,email
EFTA00749901.pdf,data-set-9-files-31,1,email
EFTA00749902.pdf,data-set-9-files-31,1,email
EFTA00749903.pdf,data-set-9-files-31,1,email
EFTA00749904.pdf,data-set-9-files-31,2,email
EFTA00749906.pdf,data-set-9-files-31,2,email
EFTA00749908.pdf,data-set-9-files-31,1,email
EFTA00749909.pdf,data-set-9-files-31,1,email
EFTA00749910.pdf,data-set-9-files-31,1,email
EFTA00749911.pdf,data-set-9-files-31,1,other
EFTA00749912.pdf,data-set-9-files-31,1,email
EFTA00749913.pdf,data-set-9-files-31,1,email
EFTA00749914.pdf,data-set-9-files-31,1,other
EFTA00749915.pdf,data-set-9-files-31,1,email
EFTA00749916.pdf,data-set-9-files-31,1,email
EFTA00749917.pdf,data-set-9-files-31,1,email
EFTA00749918.pdf,data-set-9-files-31,4,email
EFTA00749922.pdf,data-set-9-files-31,1,email
EFTA00749923.pdf,data-set-9-files-31,1,email
EFTA00749924.pdf,data-set-9-files-31,1,email
EFTA00749925.pdf,data-set-9-files-31,1,email
EFTA00749926.pdf,data-set-9-files-31,1,email
EFTA00749927.pdf,data-set-9-files-31,1,email
EFTA00749928.pdf,data-set-9-files-31,1,email
EFTA00749929.pdf,data-set-9-files-31,1,email
EFTA00749930.pdf,data-set-9-files-31,1,email
EFTA00749931.pdf,data-set-9-files-31,1,email
EFTA00749932.pdf,data-set-9-files-31,1,photo
EFTA00749933.pdf,data-set-9-files-31,1,email
EFTA00749934.pdf,data-set-9-files-31,1,email
EFTA00749935.pdf,data-set-9-files-31,1,email
EFTA00749936.pdf,data-set-9-files-31,1,email
EFTA00749937.pdf,data-set-9-files-31,1,email
EFTA00749938.pdf,data-set-9-files-31,1,email
EFTA00749939.pdf,data-set-9-files-31,3,email
EFTA00749942.pdf,data-set-9-files-31,1,other
EFTA00749943.pdf,data-set-9-files-31,1,email
EFTA00749944.pdf,data-set-9-files-31,2,email
EFTA00749946.pdf,data-set-9-files-31,1,email
EFTA00749947.pdf,data-set-9-files-31,1,email
EFTA00749948.pdf,data-set-9-files-31,1,email
EFTA00749949.pdf,data-set-9-files-31,1,email
EFTA00749950.pdf,data-set-9-files-31,1,other
EFTA00749951.pdf,data-set-9-files-31,1,email
EFTA00749952.pdf,data-set-9-files-31,1,email
EFTA00749953.pdf,data-set-9-files-31,1,photo
EFTA00749954.pdf,data-set-9-files-31,1,other
EFTA00749955.pdf,data-set-9-files-31,2,other
EFTA00749957.pdf,data-set-9-files-31,2,email
EFTA00749959.pdf,data-set-9-files-31,1,other
EFTA00749960.pdf,data-set-9-files-31,1,other
EFTA00749961.pdf,data-set-9-files-31,1,other
EFTA00749962.pdf,data-set-9-files-31,1,email
EFTA00749963.pdf,data-set-9-files-31,1,other
EFTA00749964.pdf,data-set-9-files-31,1,email
EFTA00749965.pdf,data-set-9-files-31,1,email
EFTA00749966.pdf,data-set-9-files-31,1,photo
EFTA00749967.pdf,data-set-9-files-31,1,photo
EFTA00749968.pdf,data-set-9-files-31,1,photo
EFTA00749969.pdf,data-set-9-files-31,1,photo
EFTA00749970.pdf,data-set-9-files-31,1,photo
EFTA00749971.pdf,data-set-9-files-31,1,email
EFTA00749972.pdf,data-set-9-files-31,1,email
EFTA00749973.pdf,data-set-9-files-31,1,email
EFTA00749974.pdf,data-set-9-files-31,2,email
EFTA00749976.pdf,data-set-9-files-31,2,email
EFTA00749978.pdf,data-set-9-files-31,1,other
EFTA00749979.pdf,data-set-9-files-31,1,other
EFTA00749980.pdf,data-set-9-files-31,1,email
EFTA00749981.pdf,data-set-9-files-31,1,email
EFTA00749982.pdf,data-set-9-files-31,1,email
EFTA00749983.pdf,data-set-9-files-31,1,email
EFTA00749984.pdf,data-set-9-files-31,1,email
EFTA00749985.pdf,data-set-9-files-31,1,email
EFTA00749986.pdf,data-set-9-files-31,1,email
EFTA00749987.pdf,data-set-9-files-31,1,email
EFTA00749988.pdf,data-set-9-files-31,1,email
EFTA00749989.pdf,data-set-9-files-31,1,email
EFTA00749990.pdf,data-set-9-files-31,1,email
EFTA00749991.pdf,data-set-9-files-31,1,email
EFTA00749992.pdf,data-set-9-files-31,1,email
EFTA00749993.pdf,data-set-9-files-31,1,email
EFTA00749994.pdf,data-set-9-files-31,1,other
EFTA00749995.pdf,data-set-9-files-31,1,email
EFTA00749996.pdf,data-set-9-files-31,1,email
EFTA00749997.pdf,data-set-9-files-31,1,email
EFTA00749998.pdf,data-set-9-files-31,3,email
EFTA00750001.pdf,data-set-9-files-31,1,email
EFTA00750002.pdf,data-set-9-files-31,1,other
EFTA00750003.pdf,data-set-9-files-31,1,other
EFTA00750004.pdf,data-set-9-files-31,1,email
EFTA00750005.pdf,data-set-9-files-31,1,email
EFTA00750006.pdf,data-set-9-files-31,1,email
EFTA00750007.pdf,data-set-9-files-31,1,email
EFTA00750008.pdf,data-set-9-files-31,1,email
EFTA00750009.pdf,data-set-9-files-31,1,other
EFTA00750010.pdf,data-set-9-files-31,1,email
EFTA00750011.pdf,data-set-9-files-31,1,email
EFTA00750012.pdf,data-set-9-files-31,1,other
EFTA00750013.pdf,data-set-9-files-31,1,other
EFTA00750014.pdf,data-set-9-files-31,1,other
EFTA00750015.pdf,data-set-9-files-31,1,other
EFTA00750016.pdf,data-set-9-files-31,1,email
EFTA00750017.pdf,data-set-9-files-31,1,other
EFTA00750018.pdf,data-set-9-files-31,1,email
EFTA00750019.pdf,data-set-9-files-31,1,email
EFTA00750020.pdf,data-set-9-files-31,1,email
EFTA00750021.pdf,data-set-9-files-31,1,email
EFTA00750022.pdf,data-set-9-files-31,2,email
EFTA00750024.pdf,data-set-9-files-31,2,email
EFTA00750026.pdf,data-set-9-files-31,1,email
EFTA00750027.pdf,data-set-9-files-31,1,email
EFTA00750028.pdf,data-set-9-files-31,1,email
EFTA00750029.pdf,data-set-9-files-31,1,email
EFTA00750030.pdf,data-set-9-files-31,1,email
EFTA00750031.pdf,data-set-9-files-31,1,email
EFTA00750032.pdf,data-set-9-files-31,2,email
EFTA00750034.pdf,data-set-9-files-31,1,email
EFTA00750035.pdf,data-set-9-files-31,1,email
EFTA00750036.pdf,data-set-9-files-31,1,email
EFTA00750037.pdf,data-set-9-files-31,1,email
EFTA00750038.pdf,data-set-9-files-31,2,email
EFTA00750040.pdf,data-set-9-files-31,1,email
EFTA00750041.pdf,data-set-9-files-31,2,email
EFTA00750043.pdf,data-set-9-files-31,1,email
EFTA00750044.pdf,data-set-9-files-31,1,photo
EFTA00750045.pdf,data-set-9-files-31,1,photo
EFTA00750046.pdf,data-set-9-files-31,1,email
EFTA00750047.pdf,data-set-9-files-31,1,email
EFTA00750048.pdf,data-set-9-files-31,1,email
EFTA00750049.pdf,data-set-9-files-31,1,email
EFTA00750050.pdf,data-set-9-files-31,1,email
EFTA00750051.pdf,data-set-9-files-31,1,email
EFTA00750052.pdf,data-set-9-files-31,1,email
EFTA00750053.pdf,data-set-9-files-31,1,email
EFTA00750054.pdf,data-set-9-files-31,3,email
EFTA00750057.pdf,data-set-9-files-31,2,email
EFTA00750059.pdf,data-set-9-files-31,1,email
EFTA00750060.pdf,data-set-9-files-31,1,email
EFTA00750061.pdf,data-set-9-files-31,1,email
EFTA00750062.pdf,data-set-9-files-31,1,email
EFTA00750063.pdf,data-set-9-files-31,1,email
EFTA00750064.pdf,data-set-9-files-31,1,email
EFTA00750065.pdf,data-set-9-files-31,4,email
EFTA00750069.pdf,data-set-9-files-31,1,email
EFTA00750070.pdf,data-set-9-files-31,1,email
EFTA00750071.pdf,data-set-9-files-31,1,photo
EFTA00750072.pdf,data-set-9-files-31,3,email
EFTA00750075.pdf,data-set-9-files-31,1,email
EFTA00750076.pdf,data-set-9-files-31,1,other
EFTA00750077.pdf,data-set-9-files-31,1,email
EFTA00750078.pdf,data-set-9-files-31,1,email
EFTA00750079.pdf,data-set-9-files-31,1,email
EFTA00750080.pdf,data-set-9-files-31,1,email
EFTA00750081.pdf,data-set-9-files-31,1,email
EFTA00750082.pdf,data-set-9-files-31,1,other
EFTA00750083.pdf,data-set-9-files-31,2,email
EFTA00750085.pdf,data-set-9-files-31,1,email
EFTA00750086.pdf,data-set-9-files-31,2,email
EFTA00750088.pdf,data-set-9-files-31,1,email
EFTA00750089.pdf,data-set-9-files-31,1,email
EFTA00750090.pdf,data-set-9-files-31,1,email
EFTA00750091.pdf,data-set-9-files-31,1,email
EFTA00750092.pdf,data-set-9-files-31,1,email
EFTA00750093.pdf,data-set-9-files-31,1,email
EFTA00750094.pdf,data-set-9-files-31,1,email
EFTA00750095.pdf,data-set-9-files-31,1,email
EFTA00750096.pdf,data-set-9-files-31,1,email
EFTA00750097.pdf,data-set-9-files-31,1,email
EFTA00750098.pdf,data-set-9-files-31,1,email
EFTA00750099.pdf,data-set-9-files-31,1,email
EFTA00750100.pdf,data-set-9-files-31,1,email
EFTA00750101.pdf,data-set-9-files-31,1,email
EFTA00750102.pdf,data-set-9-files-31,1,email
EFTA00750103.pdf,data-set-9-files-31,2,email
EFTA00750105.pdf,data-set-9-files-31,1,email
EFTA00750106.pdf,data-set-9-files-31,2,email
EFTA00750108.pdf,data-set-9-files-31,1,email
EFTA00750109.pdf,data-set-9-files-31,1,email
EFTA00750110.pdf,data-set-9-files-31,1,email
EFTA00750111.pdf,data-set-9-files-31,1,email
EFTA00750112.pdf,data-set-9-files-31,1,email
EFTA00750113.pdf,data-set-9-files-31,2,email
EFTA00750115.pdf,data-set-9-files-31,1,email
EFTA00750116.pdf,data-set-9-files-31,1,email
EFTA00750117.pdf,data-set-9-files-31,1,email
EFTA00750118.pdf,data-set-9-files-31,1,email
EFTA00750119.pdf,data-set-9-files-31,1,email
EFTA00750120.pdf,data-set-9-files-31,1,email
EFTA00750121.pdf,data-set-9-files-31,1,email
EFTA00750122.pdf,data-set-9-files-31,1,email
EFTA00750123.pdf,data-set-9-files-31,1,email
EFTA00750124.pdf,data-set-9-files-31,1,email
EFTA00750125.pdf,data-set-9-files-31,1,other
EFTA00750126.pdf,data-set-9-files-31,1,email
EFTA00750127.pdf,data-set-9-files-31,1,email
EFTA00750128.pdf,data-set-9-files-31,1,email
EFTA00750129.pdf,data-set-9-files-31,1,email
EFTA00750130.pdf,data-set-9-files-31,1,email
EFTA00750131.pdf,data-set-9-files-31,2,email
EFTA00750133.pdf,data-set-9-files-31,2,email
EFTA00750135.pdf,data-set-9-files-31,1,email
EFTA00750136.pdf,data-set-9-files-31,1,email
EFTA00750137.pdf,data-set-9-files-31,1,email
EFTA00750138.pdf,data-set-9-files-31,2,email
EFTA00750140.pdf,data-set-9-files-31,1,email
EFTA00750141.pdf,data-set-9-files-31,2,email
EFTA00750143.pdf,data-set-9-files-31,1,email
EFTA00750144.pdf,data-set-9-files-31,1,email
EFTA00750145.pdf,data-set-9-files-31,1,email
EFTA00750146.pdf,data-set-9-files-31,1,email
EFTA00750147.pdf,data-set-9-files-31,1,email
EFTA00750148.pdf,data-set-9-files-31,1,email
EFTA00750149.pdf,data-set-9-files-31,1,email
EFTA00750150.pdf,data-set-9-files-31,1,other
EFTA00750151.pdf,data-set-9-files-31,1,email
EFTA00750152.pdf,data-set-9-files-31,1,email
EFTA00750153.pdf,data-set-9-files-31,1,email
EFTA00750154.pdf,data-set-9-files-31,1,email
EFTA00750155.pdf,data-set-9-files-31,1,email
EFTA00750156.pdf,data-set-9-files-31,1,email
EFTA00750157.pdf,data-set-9-files-31,1,email
EFTA00750158.pdf,data-set-9-files-31,1,email
EFTA00750159.pdf,data-set-9-files-31,1,email
EFTA00750160.pdf,data-set-9-files-31,1,email
EFTA00750161.pdf,data-set-9-files-31,1,email
EFTA00750162.pdf,data-set-9-files-31,1,email
EFTA00750163.pdf,data-set-9-files-31,1,email
EFTA00750164.pdf,data-set-9-files-31,1,email
EFTA00750165.pdf,data-set-9-files-31,1,other
EFTA00750166.pdf,data-set-9-files-31,1,email
EFTA00750167.pdf,data-set-9-files-31,3,email
EFTA00750170.pdf,data-set-9-files-31,2,email
EFTA00750172.pdf,data-set-9-files-31,2,email
EFTA00750174.pdf,data-set-9-files-31,1,email
EFTA00750175.pdf,data-set-9-files-31,1,email
EFTA00750176.pdf,data-set-9-files-31,2,email
EFTA00750178.pdf,data-set-9-files-31,1,email
EFTA00750179.pdf,data-set-9-files-31,1,photo
EFTA00750180.pdf,data-set-9-files-31,1,email
EFTA00750181.pdf,data-set-9-files-31,1,email
EFTA00750182.pdf,data-set-9-files-31,1,photo
EFTA00750183.pdf,data-set-9-files-31,1,email
EFTA00750184.pdf,data-set-9-files-31,1,email
EFTA00750185.pdf,data-set-9-files-31,2,email
EFTA00750187.pdf,data-set-9-files-31,1,email
EFTA00750188.pdf,data-set-9-files-31,1,email
EFTA00750189.pdf,data-set-9-files-31,1,photo
EFTA00750190.pdf,data-set-9-files-31,2,email
EFTA00750192.pdf,data-set-9-files-31,1,email
EFTA00750193.pdf,data-set-9-files-31,1,email
EFTA00750194.pdf,data-set-9-files-31,1,email
EFTA00750195.pdf,data-set-9-files-31,1,email
EFTA00750196.pdf,data-set-9-files-31,1,email
EFTA00750197.pdf,data-set-9-files-31,1,email
EFTA00750198.pdf,data-set-9-files-31,1,email
EFTA00750199.pdf,data-set-9-files-31,1,email
EFTA00750200.pdf,data-set-9-files-31,1,email
EFTA00750201.pdf,data-set-9-files-31,2,email
EFTA00750203.pdf,data-set-9-files-31,1,email
EFTA00750204.pdf,data-set-9-files-31,1,email
EFTA00750205.pdf,data-set-9-files-31,1,email
EFTA00750206.pdf,data-set-9-files-31,1,email
EFTA00750207.pdf,data-set-9-files-31,1,email
EFTA00750208.pdf,data-set-9-files-31,1,email
EFTA00750209.pdf,data-set-9-files-31,1,email
EFTA00750210.pdf,data-set-9-files-31,1,email
EFTA00750211.pdf,data-set-9-files-31,1,email
EFTA00750212.pdf,data-set-9-files-31,1,email
EFTA00750213.pdf,data-set-9-files-31,1,email
EFTA00750214.pdf,data-set-9-files-31,1,email
EFTA00750215.pdf,data-set-9-files-31,1,email
EFTA00750216.pdf,data-set-9-files-31,1,email
EFTA00750217.pdf,data-set-9-files-31,1,email
EFTA00750218.pdf,data-set-9-files-31,1,email
EFTA00750219.pdf,data-set-9-files-31,1,email
EFTA00750220.pdf,data-set-9-files-31,1,email
EFTA00750221.pdf,data-set-9-files-31,1,other
EFTA00750222.pdf,data-set-9-files-31,1,other
EFTA00750223.pdf,data-set-9-files-31,1,other
EFTA00750224.pdf,data-set-9-files-31,2,email
EFTA00750226.pdf,data-set-9-files-31,1,email
EFTA00750227.pdf,data-set-9-files-31,1,email
EFTA00750228.pdf,data-set-9-files-31,1,email
EFTA00750229.pdf,data-set-9-files-31,1,email
EFTA00750230.pdf,data-set-9-files-31,1,email
EFTA00750231.pdf,data-set-9-files-31,1,email
EFTA00750232.pdf,data-set-9-files-31,1,email
EFTA00750233.pdf,data-set-9-files-31,3,email
EFTA00750236.pdf,data-set-9-files-31,1,email
EFTA00750237.pdf,data-set-9-files-31,1,email
EFTA00750238.pdf,data-set-9-files-31,2,email
EFTA00750240.pdf,data-set-9-files-31,1,email
EFTA00750241.pdf,data-set-9-files-31,1,email
EFTA00750242.pdf,data-set-9-files-31,2,email
EFTA00750244.pdf,data-set-9-files-31,1,email
EFTA00750245.pdf,data-set-9-files-31,1,email
EFTA00750246.pdf,data-set-9-files-31,1,email
EFTA00750247.pdf,data-set-9-files-31,1,email
EFTA00750248.pdf,data-set-9-files-31,2,email
EFTA00750250.pdf,data-set-9-files-31,4,email
EFTA00750254.pdf,data-set-9-files-31,1,email
EFTA00750255.pdf,data-set-9-files-31,1,email
EFTA00750256.pdf,data-set-9-files-31,1,email
EFTA00750257.pdf,data-set-9-files-31,1,email
EFTA00750258.pdf,data-set-9-files-31,1,email
EFTA00750259.pdf,data-set-9-files-31,1,email
EFTA00750260.pdf,data-set-9-files-31,1,email
EFTA00750261.pdf,data-set-9-files-31,1,email
EFTA00750262.pdf,data-set-9-files-31,1,email
EFTA00750263.pdf,data-set-9-files-31,1,email
EFTA00750264.pdf,data-set-9-files-31,1,email
EFTA00750265.pdf,data-set-9-files-31,2,email
EFTA00750267.pdf,data-set-9-files-31,1,email
EFTA00750268.pdf,data-set-9-files-31,2,email
EFTA00750270.pdf,data-set-9-files-31,1,email
EFTA00750271.pdf,data-set-9-files-31,1,email
EFTA00750272.pdf,data-set-9-files-31,1,email
EFTA00750273.pdf,data-set-9-files-31,1,email
EFTA00750274.pdf,data-set-9-files-31,1,photo
EFTA00750275.pdf,data-set-9-files-31,1,other
EFTA00750276.pdf,data-set-9-files-31,1,email
EFTA00750277.pdf,data-set-9-files-31,1,email
EFTA00750278.pdf,data-set-9-files-31,1,email
EFTA00750279.pdf,data-set-9-files-31,1,other
EFTA00750280.pdf,data-set-9-files-31,1,email
EFTA00750281.pdf,data-set-9-files-31,1,other
EFTA00750282.pdf,data-set-9-files-31,1,email
EFTA00750283.pdf,data-set-9-files-31,1,email
EFTA00750284.pdf,data-set-9-files-31,1,email
EFTA00750285.pdf,data-set-9-files-31,1,email
EFTA00750286.pdf,data-set-9-files-31,1,email
EFTA00750287.pdf,data-set-9-files-31,2,email
EFTA00750289.pdf,data-set-9-files-31,1,email
EFTA00750290.pdf,data-set-9-files-31,1,email
EFTA00750291.pdf,data-set-9-files-31,1,email
EFTA00750292.pdf,data-set-9-files-31,1,email
EFTA00750293.pdf,data-set-9-files-31,1,email
EFTA00750294.pdf,data-set-9-files-31,1,email
EFTA00750295.pdf,data-set-9-files-31,1,email
EFTA00750296.pdf,data-set-9-files-31,3,email
EFTA00750299.pdf,data-set-9-files-31,1,email
EFTA00750300.pdf,data-set-9-files-31,1,email
EFTA00750301.pdf,data-set-9-files-31,1,email
EFTA00750302.pdf,data-set-9-files-31,1,email
EFTA00750303.pdf,data-set-9-files-31,1,email
EFTA00750304.pdf,data-set-9-files-31,1,email
EFTA00750305.pdf,data-set-9-files-31,1,email
EFTA00750306.pdf,data-set-9-files-31,1,email
EFTA00750307.pdf,data-set-9-files-31,1,email
EFTA00750308.pdf,data-set-9-files-31,1,email
EFTA00750309.pdf,data-set-9-files-31,1,email
EFTA00750310.pdf,data-set-9-files-31,2,email
EFTA00750312.pdf,data-set-9-files-31,1,email
EFTA00750313.pdf,data-set-9-files-31,1,email
EFTA00750314.pdf,data-set-9-files-31,1,email
EFTA00750315.pdf,data-set-9-files-31,3,email
EFTA00750318.pdf,data-set-9-files-31,1,email
EFTA00750319.pdf,data-set-9-files-31,1,other
EFTA00750320.pdf,data-set-9-files-31,1,other
EFTA00750321.pdf,data-set-9-files-31,1,other
EFTA00750322.pdf,data-set-9-files-31,1,other
EFTA00750323.pdf,data-set-9-files-31,1,other
EFTA00750324.pdf,data-set-9-files-31,1,email
EFTA00750325.pdf,data-set-9-files-31,1,email
EFTA00750326.pdf,data-set-9-files-31,1,email
EFTA00750327.pdf,data-set-9-files-31,1,email
EFTA00750328.pdf,data-set-9-files-31,1,email
EFTA00750329.pdf,data-set-9-files-31,1,email
EFTA00750330.pdf,data-set-9-files-31,1,email
EFTA00750331.pdf,data-set-9-files-31,1,email
EFTA00750332.pdf,data-set-9-files-31,1,email
EFTA00750333.pdf,data-set-9-files-31,1,email
EFTA00750334.pdf,data-set-9-files-31,1,email
EFTA00750335.pdf,data-set-9-files-31,1,email
EFTA00750336.pdf,data-set-9-files-31,1,email
EFTA00750337.pdf,data-set-9-files-31,1,email
EFTA00750338.pdf,data-set-9-files-31,1,email
EFTA00750339.pdf,data-set-9-files-31,1,email
EFTA00750340.pdf,data-set-9-files-31,1,email
EFTA00750341.pdf,data-set-9-files-31,1,email
EFTA00750342.pdf,data-set-9-files-31,1,email
EFTA00750343.pdf,data-set-9-files-31,1,email
EFTA00750344.pdf,data-set-9-files-31,1,email
EFTA00750345.pdf,data-set-9-files-31,1,email
EFTA00750346.pdf,data-set-9-files-31,1,email
EFTA00750347.pdf,data-set-9-files-31,1,email
EFTA00750348.pdf,data-set-9-files-31,2,email
EFTA00750350.pdf,data-set-9-files-31,1,email
EFTA00750351.pdf,data-set-9-files-31,1,email
EFTA00750352.pdf,data-set-9-files-31,1,email
EFTA00750353.pdf,data-set-9-files-31,1,email
EFTA00750354.pdf,data-set-9-files-31,1,email
EFTA00750355.pdf,data-set-9-files-31,1,email
EFTA00750356.pdf,data-set-9-files-31,1,email
EFTA00750357.pdf,data-set-9-files-31,1,email
EFTA00750358.pdf,data-set-9-files-31,1,email
EFTA00750359.pdf,data-set-9-files-31,1,email
EFTA00750360.pdf,data-set-9-files-31,1,email
EFTA00750361.pdf,data-set-9-files-31,2,email
EFTA00750363.pdf,data-set-9-files-31,1,email
EFTA00750364.pdf,data-set-9-files-31,1,email
EFTA00750365.pdf,data-set-9-files-31,1,other
EFTA00750366.pdf,data-set-9-files-31,1,email
EFTA00750367.pdf,data-set-9-files-31,1,email
EFTA00750368.pdf,data-set-9-files-31,1,email
EFTA00750369.pdf,data-set-9-files-31,1,email
EFTA00750370.pdf,data-set-9-files-31,1,email
EFTA00750371.pdf,data-set-9-files-31,1,email
EFTA00750372.pdf,data-set-9-files-31,1,email
EFTA00750373.pdf,data-set-9-files-31,1,email
EFTA00750374.pdf,data-set-9-files-31,2,email
EFTA00750376.pdf,data-set-9-files-31,1,email
EFTA00750377.pdf,data-set-9-files-31,1,email
EFTA00750378.pdf,data-set-9-files-31,2,email
EFTA00750380.pdf,data-set-9-files-31,1,email
EFTA00750381.pdf,data-set-9-files-31,1,email
EFTA00750382.pdf,data-set-9-files-31,2,email
EFTA00750384.pdf,data-set-9-files-31,1,other
EFTA00750385.pdf,data-set-9-files-31,1,email
EFTA00750386.pdf,data-set-9-files-31,1,other
EFTA00750387.pdf,data-set-9-files-31,1,email
EFTA00750388.pdf,data-set-9-files-31,1,email
EFTA00750389.pdf,data-set-9-files-31,1,email
EFTA00750390.pdf,data-set-9-files-31,1,email
EFTA00750391.pdf,data-set-9-files-31,1,email
EFTA00750392.pdf,data-set-9-files-31,1,email
EFTA00750393.pdf,data-set-9-files-31,1,email
EFTA00750394.pdf,data-set-9-files-31,1,email
EFTA00750395.pdf,data-set-9-files-31,1,other
EFTA00750396.pdf,data-set-9-files-31,1,email
EFTA00750397.pdf,data-set-9-files-31,1,email
EFTA00750398.pdf,data-set-9-files-31,1,email
EFTA00750399.pdf,data-set-9-files-31,1,email
EFTA00750400.pdf,data-set-9-files-31,1,email
EFTA00750401.pdf,data-set-9-files-31,1,email
EFTA00750402.pdf,data-set-9-files-31,3,email
EFTA00750405.pdf,data-set-9-files-31,1,email
EFTA00750406.pdf,data-set-9-files-31,1,email
EFTA00750407.pdf,data-set-9-files-31,1,email
EFTA00750408.pdf,data-set-9-files-31,1,email
EFTA00750409.pdf,data-set-9-files-31,3,email
EFTA00750412.pdf,data-set-9-files-31,1,email
EFTA00750413.pdf,data-set-9-files-31,1,email
EFTA00750414.pdf,data-set-9-files-31,1,email
EFTA00750415.pdf,data-set-9-files-31,1,email
EFTA00750416.pdf,data-set-9-files-31,4,email
EFTA00750420.pdf,data-set-9-files-31,1,email
EFTA00750421.pdf,data-set-9-files-31,1,email
EFTA00750422.pdf,data-set-9-files-31,1,email
EFTA00750423.pdf,data-set-9-files-31,2,email
EFTA00750425.pdf,data-set-9-files-31,1,email
EFTA00750426.pdf,data-set-9-files-31,1,email
EFTA00750427.pdf,data-set-9-files-31,2,email
EFTA00750429.pdf,data-set-9-files-31,1,email
EFTA00750430.pdf,data-set-9-files-31,1,email
EFTA00750431.pdf,data-set-9-files-31,1,other
EFTA00750432.pdf,data-set-9-files-31,1,email
EFTA00750433.pdf,data-set-9-files-31,1,other
EFTA00750434.pdf,data-set-9-files-31,1,email
EFTA00750435.pdf,data-set-9-files-31,1,email
EFTA00750436.pdf,data-set-9-files-31,2,email
EFTA00750438.pdf,data-set-9-files-31,1,email
EFTA00750439.pdf,data-set-9-files-31,1,email
EFTA00750440.pdf,data-set-9-files-31,1,other
EFTA00750441.pdf,data-set-9-files-31,1,email
EFTA00750442.pdf,data-set-9-files-31,1,email
EFTA00750443.pdf,data-set-9-files-31,1,email
EFTA00750444.pdf,data-set-9-files-31,2,email
EFTA00750446.pdf,data-set-9-files-31,1,email
EFTA00750447.pdf,data-set-9-files-31,2,email
EFTA00750449.pdf,data-set-9-files-31,1,email
EFTA00750450.pdf,data-set-9-files-31,1,email
EFTA00750451.pdf,data-set-9-files-31,1,email
EFTA00750452.pdf,data-set-9-files-31,1,email
EFTA00750453.pdf,data-set-9-files-31,1,email
EFTA00750454.pdf,data-set-9-files-31,1,email
EFTA00750455.pdf,data-set-9-files-31,1,email
EFTA00750456.pdf,data-set-9-files-31,1,email
EFTA00750457.pdf,data-set-9-files-31,1,email
EFTA00750458.pdf,data-set-9-files-31,1,email
EFTA00750459.pdf,data-set-9-files-31,1,email
EFTA00750460.pdf,data-set-9-files-31,1,email
EFTA00750461.pdf,data-set-9-files-31,1,email
EFTA00750462.pdf,data-set-9-files-31,1,email
EFTA00750463.pdf,data-set-9-files-31,1,email
EFTA00750464.pdf,data-set-9-files-31,1,email
EFTA00750465.pdf,data-set-9-files-31,1,email
EFTA00750466.pdf,data-set-9-files-31,1,email
EFTA00750467.pdf,data-set-9-files-31,1,email
EFTA00750468.pdf,data-set-9-files-31,1,email
EFTA00750469.pdf,data-set-9-files-31,1,email
EFTA00750470.pdf,data-set-9-files-31,1,other
EFTA00750471.pdf,data-set-9-files-31,1,email
EFTA00750472.pdf,data-set-9-files-31,2,email
EFTA00750474.pdf,data-set-9-files-31,1,email
EFTA00750475.pdf,data-set-9-files-31,1,email
EFTA00750476.pdf,data-set-9-files-31,1,email
EFTA00750477.pdf,data-set-9-files-31,1,email
EFTA00750478.pdf,data-set-9-files-31,1,email
EFTA00750479.pdf,data-set-9-files-31,1,other
EFTA00750480.pdf,data-set-9-files-31,1,email
EFTA00750481.pdf,data-set-9-files-31,1,email
EFTA00750482.pdf,data-set-9-files-31,1,email
EFTA00750483.pdf,data-set-9-files-31,1,email
EFTA00750484.pdf,data-set-9-files-31,1,email
EFTA00750485.pdf,data-set-9-files-31,1,email
EFTA00750486.pdf,data-set-9-files-31,1,email
EFTA00750487.pdf,data-set-9-files-31,1,email
EFTA00750488.pdf,data-set-9-files-31,3,email
EFTA00750491.pdf,data-set-9-files-31,1,email
EFTA00750492.pdf,data-set-9-files-31,1,email
EFTA00750493.pdf,data-set-9-files-31,1,email
EFTA00750494.pdf,data-set-9-files-31,1,email
EFTA00750495.pdf,data-set-9-files-31,1,email
EFTA00750496.pdf,data-set-9-files-31,1,email
EFTA00750497.pdf,data-set-9-files-31,1,email
EFTA00750498.pdf,data-set-9-files-31,1,email
EFTA00750499.pdf,data-set-9-files-31,1,other
EFTA00750500.pdf,data-set-9-files-31,1,email
EFTA00750501.pdf,data-set-9-files-31,1,other
EFTA00750502.pdf,data-set-9-files-31,2,other
EFTA00750504.pdf,data-set-9-files-31,2,other
EFTA00750506.pdf,data-set-9-files-31,1,email
EFTA00750507.pdf,data-set-9-files-31,1,photo
EFTA00750508.pdf,data-set-9-files-31,1,email
EFTA00750509.pdf,data-set-9-files-31,1,email
EFTA00750510.pdf,data-set-9-files-31,1,email
EFTA00750511.pdf,data-set-9-files-31,1,email
EFTA00750512.pdf,data-set-9-files-31,4,email
EFTA00750516.pdf,data-set-9-files-31,1,email
EFTA00750517.pdf,data-set-9-files-31,1,email
EFTA00750518.pdf,data-set-9-files-31,1,email
EFTA00750519.pdf,data-set-9-files-31,1,email
EFTA00750520.pdf,data-set-9-files-31,1,email
EFTA00750521.pdf,data-set-9-files-31,1,email
EFTA00750522.pdf,data-set-9-files-31,2,email
EFTA00750524.pdf,data-set-9-files-31,1,email
EFTA00750525.pdf,data-set-9-files-31,1,email
EFTA00750526.pdf,data-set-9-files-31,2,email
EFTA00750528.pdf,data-set-9-files-31,1,email
EFTA00750529.pdf,data-set-9-files-31,1,other
EFTA00750530.pdf,data-set-9-files-31,1,email
EFTA00750531.pdf,data-set-9-files-31,4,email
EFTA00750535.pdf,data-set-9-files-31,1,email
EFTA00750536.pdf,data-set-9-files-31,3,email
EFTA00750539.pdf,data-set-9-files-31,3,email
EFTA00750542.pdf,data-set-9-files-31,4,email
EFTA00750546.pdf,data-set-9-files-31,4,other
EFTA00750550.pdf,data-set-9-files-31,1,email
EFTA00750551.pdf,data-set-9-files-31,1,email
EFTA00750552.pdf,data-set-9-files-31,1,email
EFTA00750553.pdf,data-set-9-files-31,1,email
EFTA00750554.pdf,data-set-9-files-31,1,email
EFTA00750555.pdf,data-set-9-files-31,1,email
EFTA00750556.pdf,data-set-9-files-31,5,email
EFTA00750561.pdf,data-set-9-files-31,3,email
EFTA00750564.pdf,data-set-9-files-31,1,email
EFTA00750565.pdf,data-set-9-files-31,2,email
EFTA00750567.pdf,data-set-9-files-31,2,email
EFTA00750569.pdf,data-set-9-files-31,1,email
EFTA00750570.pdf,data-set-9-files-31,1,email
EFTA00750571.pdf,data-set-9-files-31,1,email
EFTA00750572.pdf,data-set-9-files-31,1,email
EFTA00750573.pdf,data-set-9-files-31,1,email
EFTA00750574.pdf,data-set-9-files-31,1,email
EFTA00750575.pdf,data-set-9-files-31,1,email
EFTA00750576.pdf,data-set-9-files-31,1,other
EFTA00750577.pdf,data-set-9-files-31,1,other
EFTA00750578.pdf,data-set-9-files-31,2,email
EFTA00750580.pdf,data-set-9-files-31,3,email
EFTA00750583.pdf,data-set-9-files-31,1,email
EFTA00750584.pdf,data-set-9-files-31,2,email
EFTA00750586.pdf,data-set-9-files-31,1,email
EFTA00750587.pdf,data-set-9-files-31,1,email
EFTA00750588.pdf,data-set-9-files-31,1,email
EFTA00750589.pdf,data-set-9-files-31,1,email
EFTA00750590.pdf,data-set-9-files-31,4,email
EFTA00750594.pdf,data-set-9-files-31,2,email
EFTA00750596.pdf,data-set-9-files-31,1,email
EFTA00750597.pdf,data-set-9-files-31,1,email
EFTA00750598.pdf,data-set-9-files-31,1,email
EFTA00750599.pdf,data-set-9-files-31,1,email
EFTA00750600.pdf,data-set-9-files-31,1,email
EFTA00750601.pdf,data-set-9-files-31,1,email
EFTA00750602.pdf,data-set-9-files-31,1,email
EFTA00750603.pdf,data-set-9-files-31,1,email
EFTA00750604.pdf,data-set-9-files-31,1,email
EFTA00750605.pdf,data-set-9-files-31,1,email
EFTA00750606.pdf,data-set-9-files-31,1,email
EFTA00750607.pdf,data-set-9-files-31,1,email
EFTA00750608.pdf,data-set-9-files-31,1,email
EFTA00750609.pdf,data-set-9-files-31,1,email
EFTA00750610.pdf,data-set-9-files-31,2,email
EFTA00750612.pdf,data-set-9-files-31,1,other
EFTA00750613.pdf,data-set-9-files-31,1,email
EFTA00750614.pdf,data-set-9-files-31,3,email
EFTA00750617.pdf,data-set-9-files-31,3,email
EFTA00750620.pdf,data-set-9-files-31,1,email
EFTA00750621.pdf,data-set-9-files-31,1,other
EFTA00750622.pdf,data-set-9-files-31,1,other
EFTA00750623.pdf,data-set-9-files-31,1,email
EFTA00750624.pdf,data-set-9-files-31,1,email
EFTA00750625.pdf,data-set-9-files-31,1,email
EFTA00750626.pdf,data-set-9-files-31,1,email
EFTA00750627.pdf,data-set-9-files-31,1,email
EFTA00750628.pdf,data-set-9-files-31,1,other
EFTA00750629.pdf,data-set-9-files-31,1,email
EFTA00750630.pdf,data-set-9-files-31,2,email
EFTA00750632.pdf,data-set-9-files-31,1,email
EFTA00750633.pdf,data-set-9-files-31,2,email
EFTA00750635.pdf,data-set-9-files-31,1,email
EFTA00750636.pdf,data-set-9-files-31,2,email
EFTA00750638.pdf,data-set-9-files-31,1,email
EFTA00750639.pdf,data-set-9-files-31,1,other
EFTA00750640.pdf,data-set-9-files-31,1,other
EFTA00750641.pdf,data-set-9-files-31,2,email
EFTA00750643.pdf,data-set-9-files-31,1,email
EFTA00750644.pdf,data-set-9-files-31,1,email
EFTA00750645.pdf,data-set-9-files-31,1,email
EFTA00750646.pdf,data-set-9-files-31,1,other
EFTA00750647.pdf,data-set-9-files-31,1,email
EFTA00750648.pdf,data-set-9-files-31,1,email
EFTA00750649.pdf,data-set-9-files-31,1,other
EFTA00750650.pdf,data-set-9-files-31,1,other
EFTA00750651.pdf,data-set-9-files-31,1,email
EFTA00750652.pdf,data-set-9-files-31,1,email
EFTA00750653.pdf,data-set-9-files-31,1,email
EFTA00750654.pdf,data-set-9-files-31,1,email
EFTA00750655.pdf,data-set-9-files-31,1,email
EFTA00750656.pdf,data-set-9-files-31,1,email
EFTA00750657.pdf,data-set-9-files-31,1,email
EFTA00750658.pdf,data-set-9-files-31,1,email
EFTA00750659.pdf,data-set-9-files-31,1,email
EFTA00750660.pdf,data-set-9-files-31,1,email
EFTA00750661.pdf,data-set-9-files-31,1,email
EFTA00750662.pdf,data-set-9-files-31,1,email
EFTA00750663.pdf,data-set-9-files-31,1,email
EFTA00750664.pdf,data-set-9-files-31,1,email
EFTA00750665.pdf,data-set-9-files-31,2,email
EFTA00750667.pdf,data-set-9-files-31,1,email
EFTA00750668.pdf,data-set-9-files-31,2,email
EFTA00750670.pdf,data-set-9-files-31,1,email
EFTA00750671.pdf,data-set-9-files-31,2,email
EFTA00750673.pdf,data-set-9-files-31,2,email
EFTA00750675.pdf,data-set-9-files-31,1,email
EFTA00750676.pdf,data-set-9-files-31,3,email
EFTA00750679.pdf,data-set-9-files-31,1,other
EFTA00750680.pdf,data-set-9-files-31,1,email
EFTA00750681.pdf,data-set-9-files-31,1,email
EFTA00750682.pdf,data-set-9-files-31,1,other
EFTA00750683.pdf,data-set-9-files-31,1,other
EFTA00750684.pdf,data-set-9-files-31,1,email
EFTA00750685.pdf,data-set-9-files-31,1,email
EFTA00750686.pdf,data-set-9-files-31,3,email
EFTA00750689.pdf,data-set-9-files-31,1,email
EFTA00750690.pdf,data-set-9-files-31,1,email
EFTA00750691.pdf,data-set-9-files-31,1,email
EFTA00750692.pdf,data-set-9-files-31,1,other
EFTA00750693.pdf,data-set-9-files-31,1,email
EFTA00750694.pdf,data-set-9-files-31,1,email
EFTA00750695.pdf,data-set-9-files-31,1,other
EFTA00750696.pdf,data-set-9-files-31,1,email
EFTA00750697.pdf,data-set-9-files-31,1,email
EFTA00750698.pdf,data-set-9-files-31,1,email
EFTA00750699.pdf,data-set-9-files-31,1,email
EFTA00750700.pdf,data-set-9-files-31,1,email
EFTA00750701.pdf,data-set-9-files-31,1,email
EFTA00750702.pdf,data-set-9-files-31,1,other
EFTA00750703.pdf,data-set-9-files-31,1,email
EFTA00750704.pdf,data-set-9-files-31,1,email
EFTA00750705.pdf,data-set-9-files-31,1,email
EFTA00750706.pdf,data-set-9-files-31,1,email
EFTA00750707.pdf,data-set-9-files-31,33,other
EFTA00750740.pdf,data-set-9-files-31,34,other
EFTA00750774.pdf,data-set-9-files-31,45,other
EFTA00750819.pdf,data-set-9-files-31,2,email
EFTA00750821.pdf,data-set-9-files-31,1,other
EFTA00750822.pdf,data-set-9-files-31,1,email
EFTA00750823.pdf,data-set-9-files-31,3,email
EFTA00750826.pdf,data-set-9-files-31,1,email
EFTA00750827.pdf,data-set-9-files-31,1,email
EFTA00750828.pdf,data-set-9-files-31,1,email
EFTA00750829.pdf,data-set-9-files-31,1,email
EFTA00750830.pdf,data-set-9-files-31,3,other
EFTA00750833.pdf,data-set-9-files-31,19,email
EFTA00750852.pdf,data-set-9-files-31,5,other
EFTA00750857.pdf,data-set-9-files-31,1,other
EFTA00750858.pdf,data-set-9-files-31,1,email
EFTA00750859.pdf,data-set-9-files-31,1,email
EFTA00750860.pdf,data-set-9-files-31,1,email
EFTA00750861.pdf,data-set-9-files-31,1,other
EFTA00750862.pdf,data-set-9-files-31,4,other
EFTA00750866.pdf,data-set-9-files-31,2,other
EFTA00750868.pdf,data-set-9-files-31,4,other
EFTA00750872.pdf,data-set-9-files-31,2,other
EFTA00750874.pdf,data-set-9-files-31,2,other
EFTA00750876.pdf,data-set-9-files-31,2,other
EFTA00750878.pdf,data-set-9-files-31,2,other
EFTA00750880.pdf,data-set-9-files-31,2,other
EFTA00750882.pdf,data-set-9-files-31,2,other
EFTA00750884.pdf,data-set-9-files-31,2,other
EFTA00750886.pdf,data-set-9-files-31,2,other
EFTA00750888.pdf,data-set-9-files-31,2,other
EFTA00750890.pdf,data-set-9-files-31,1,other
EFTA00750891.pdf,data-set-9-files-31,13,other
EFTA00750904.pdf,data-set-9-files-31,4,other
EFTA00750908.pdf,data-set-9-files-31,5,other
EFTA00750913.pdf,data-set-9-files-31,8,other
EFTA00750921.pdf,data-set-9-files-31,2,other
EFTA00750923.pdf,data-set-9-files-31,2,other
EFTA00750925.pdf,data-set-9-files-31,2,other
EFTA00750927.pdf,data-set-9-files-31,3,other
EFTA00750930.pdf,data-set-9-files-31,3,other
EFTA00750933.pdf,data-set-9-files-31,3,other
EFTA00750936.pdf,data-set-9-files-31,2,email
EFTA00750938.pdf,data-set-9-files-31,31,other
EFTA00750969.pdf,data-set-9-files-31,2,email
EFTA00750971.pdf,data-set-9-files-31,2,email
EFTA00750973.pdf,data-set-9-files-31,1,email
EFTA00750974.pdf,data-set-9-files-31,1,email
EFTA00750975.pdf,data-set-9-files-31,1,email
EFTA00750976.pdf,data-set-9-files-31,3,email
EFTA00750979.pdf,data-set-9-files-31,2,email
EFTA00750981.pdf,data-set-9-files-31,1,email
EFTA00750982.pdf,data-set-9-files-31,1,email
EFTA00750983.pdf,data-set-9-files-31,2,email
EFTA00750985.pdf,data-set-9-files-31,1,email
EFTA00750986.pdf,data-set-9-files-31,1,photo
EFTA00750987.pdf,data-set-9-files-31,1,other
EFTA00750988.pdf,data-set-9-files-31,1,photo
EFTA00750989.pdf,data-set-9-files-31,1,photo
EFTA00750990.pdf,data-set-9-files-31,1,photo
EFTA00750991.pdf,data-set-9-files-31,1,other
EFTA00750992.pdf,data-set-9-files-31,1,photo
EFTA00750993.pdf,data-set-9-files-31,1,photo
EFTA00750994.pdf,data-set-9-files-31,1,other
EFTA00750995.pdf,data-set-9-files-31,1,email
EFTA00750996.pdf,data-set-9-files-31,3,email
EFTA00750999.pdf,data-set-9-files-31,1,email
EFTA00751000.pdf,data-set-9-files-31,1,photo
EFTA00751001.pdf,data-set-9-files-31,1,other
EFTA00751002.pdf,data-set-9-files-31,1,photo
EFTA00751003.pdf,data-set-9-files-31,1,photo
EFTA00751004.pdf,data-set-9-files-31,1,photo
EFTA00751005.pdf,data-set-9-files-31,1,photo
EFTA00751006.pdf,data-set-9-files-31,1,photo
EFTA00751007.pdf,data-set-9-files-31,1,photo
EFTA00751008.pdf,data-set-9-files-31,1,other
EFTA00751009.pdf,data-set-9-files-31,1,photo
EFTA00751010.pdf,data-set-9-files-31,1,photo
EFTA00751011.pdf,data-set-9-files-31,1,photo
EFTA00751012.pdf,data-set-9-files-31,1,photo
EFTA00751013.pdf,data-set-9-files-31,1,email
EFTA00751014.pdf,data-set-9-files-31,1,other
EFTA00751015.pdf,data-set-9-files-31,1,photo
EFTA00751016.pdf,data-set-9-files-31,1,other
EFTA00751017.pdf,data-set-9-files-31,1,other
EFTA00751018.pdf,data-set-9-files-31,1,email
EFTA00751019.pdf,data-set-9-files-31,1,email
EFTA00751020.pdf,data-set-9-files-31,1,photo
EFTA00751021.pdf,data-set-9-files-31,1,other
EFTA00751022.pdf,data-set-9-files-31,1,photo
EFTA00751023.pdf,data-set-9-files-31,1,other
EFTA00751024.pdf,data-set-9-files-31,1,photo
EFTA00751025.pdf,data-set-9-files-31,3,email
EFTA00751028.pdf,data-set-9-files-31,1,photo
EFTA00751029.pdf,data-set-9-files-31,1,photo
EFTA00751030.pdf,data-set-9-files-31,1,photo
EFTA00751031.pdf,data-set-9-files-31,1,photo
EFTA00751032.pdf,data-set-9-files-31,1,email
EFTA00751033.pdf,data-set-9-files-31,1,email
EFTA00751034.pdf,data-set-9-files-31,2,email
EFTA00751036.pdf,data-set-9-files-31,2,email
EFTA00751038.pdf,data-set-9-files-31,1,other
EFTA00751039.pdf,data-set-9-files-31,1,photo
EFTA00751040.pdf,data-set-9-files-31,1,email
EFTA00751041.pdf,data-set-9-files-31,1,email
EFTA00751042.pdf,data-set-9-files-31,1,photo
EFTA00751043.pdf,data-set-9-files-31,1,other
EFTA00751044.pdf,data-set-9-files-31,1,other
EFTA00751045.pdf,data-set-9-files-31,1,photo
EFTA00751046.pdf,data-set-9-files-31,1,email
EFTA00751047.pdf,data-set-9-files-31,1,other
EFTA00751048.pdf,data-set-9-files-31,3,email
EFTA00751051.pdf,data-set-9-files-31,1,email
EFTA00751052.pdf,data-set-9-files-31,1,email
EFTA00751053.pdf,data-set-9-files-31,1,other
EFTA00751054.pdf,data-set-9-files-31,1,email
EFTA00751055.pdf,data-set-9-files-31,1,email
EFTA00751056.pdf,data-set-9-files-31,1,email
EFTA00751057.pdf,data-set-9-files-31,1,email
EFTA00751058.pdf,data-set-9-files-31,1,email
EFTA00751059.pdf,data-set-9-files-31,1,other
EFTA00751060.pdf,data-set-9-files-31,1,email
EFTA00751061.pdf,data-set-9-files-31,1,other
EFTA00751062.pdf,data-set-9-files-31,1,email
EFTA00751063.pdf,data-set-9-files-31,1,email
EFTA00751064.pdf,data-set-9-files-31,1,email
EFTA00751065.pdf,data-set-9-files-31,1,email
EFTA00751066.pdf,data-set-9-files-31,2,other
EFTA00751068.pdf,data-set-9-files-31,1,email
EFTA00751069.pdf,data-set-9-files-31,1,email
EFTA00751070.pdf,data-set-9-files-31,1,email
EFTA00751071.pdf,data-set-9-files-31,1,email
EFTA00751072.pdf,data-set-9-files-31,1,email
EFTA00751073.pdf,data-set-9-files-31,1,email
EFTA00751074.pdf,data-set-9-files-31,2,email
EFTA00751076.pdf,data-set-9-files-31,1,email
EFTA00751077.pdf,data-set-9-files-31,2,email
EFTA00751079.pdf,data-set-9-files-31,1,other
EFTA00751080.pdf,data-set-9-files-31,1,other
EFTA00751081.pdf,data-set-9-files-31,1,email
EFTA00751082.pdf,data-set-9-files-31,1,email
EFTA00751083.pdf,data-set-9-files-31,1,email
EFTA00751084.pdf,data-set-9-files-31,2,email
EFTA00751086.pdf,data-set-9-files-31,1,email
EFTA00751087.pdf,data-set-9-files-31,1,email
EFTA00751088.pdf,data-set-9-files-31,1,email
EFTA00751089.pdf,data-set-9-files-31,2,email
EFTA00751091.pdf,data-set-9-files-31,1,email
EFTA00751092.pdf,data-set-9-files-31,1,email
EFTA00751093.pdf,data-set-9-files-31,1,other
EFTA00751094.pdf,data-set-9-files-31,1,email
EFTA00751095.pdf,data-set-9-files-31,1,email
EFTA00751096.pdf,data-set-9-files-31,2,email
EFTA00751098.pdf,data-set-9-files-31,1,email
EFTA00751099.pdf,data-set-9-files-31,2,email
EFTA00751101.pdf,data-set-9-files-31,1,email
EFTA00751102.pdf,data-set-9-files-31,1,email
EFTA00751103.pdf,data-set-9-files-31,1,photo
EFTA00751104.pdf,data-set-9-files-31,1,photo
EFTA00751105.pdf,data-set-9-files-31,1,photo
EFTA00751106.pdf,data-set-9-files-31,1,other
EFTA00751107.pdf,data-set-9-files-31,1,email
EFTA00751108.pdf,data-set-9-files-31,1,email
EFTA00751109.pdf,data-set-9-files-31,1,email
EFTA00751110.pdf,data-set-9-files-31,3,email
EFTA00751113.pdf,data-set-9-files-31,1,email
EFTA00751114.pdf,data-set-9-files-31,1,other
EFTA00751115.pdf,data-set-9-files-31,2,email
EFTA00751117.pdf,data-set-9-files-31,1,email
EFTA00751118.pdf,data-set-9-files-31,1,email
EFTA00751119.pdf,data-set-9-files-31,2,email
EFTA00751121.pdf,data-set-9-files-31,1,email
EFTA00751122.pdf,data-set-9-files-31,1,photo
EFTA00751123.pdf,data-set-9-files-31,1,email
EFTA00751124.pdf,data-set-9-files-31,1,photo
EFTA00751125.pdf,data-set-9-files-31,2,email
EFTA00751127.pdf,data-set-9-files-31,2,email
EFTA00751129.pdf,data-set-9-files-31,1,email
EFTA00751130.pdf,data-set-9-files-31,1,email
EFTA00751131.pdf,data-set-9-files-31,1,email
EFTA00751132.pdf,data-set-9-files-31,1,email
EFTA00751133.pdf,data-set-9-files-31,1,email
EFTA00751134.pdf,data-set-9-files-31,1,email
EFTA00751135.pdf,data-set-9-files-31,1,email
EFTA00751136.pdf,data-set-9-files-31,1,email
EFTA00751137.pdf,data-set-9-files-31,1,photo
EFTA00751138.pdf,data-set-9-files-31,1,photo
EFTA00751139.pdf,data-set-9-files-31,1,photo
EFTA00751140.pdf,data-set-9-files-31,1,photo
EFTA00751141.pdf,data-set-9-files-31,3,email
EFTA00751144.pdf,data-set-9-files-31,1,other
EFTA00751145.pdf,data-set-9-files-31,1,other
EFTA00751146.pdf,data-set-9-files-31,1,email
EFTA00751147.pdf,data-set-9-files-31,1,other
EFTA00751148.pdf,data-set-9-files-31,2,email
EFTA00751150.pdf,data-set-9-files-31,1,email
EFTA00751151.pdf,data-set-9-files-31,1,email
EFTA00751152.pdf,data-set-9-files-31,1,email
EFTA00751153.pdf,data-set-9-files-31,1,email
EFTA00751154.pdf,data-set-9-files-31,2,email
EFTA00751156.pdf,data-set-9-files-31,1,email
EFTA00751157.pdf,data-set-9-files-31,2,email
EFTA00751159.pdf,data-set-9-files-31,1,email
EFTA00751160.pdf,data-set-9-files-31,2,email
EFTA00751162.pdf,data-set-9-files-31,1,email
EFTA00751163.pdf,data-set-9-files-31,1,email
EFTA00751164.pdf,data-set-9-files-31,1,email
EFTA00751165.pdf,data-set-9-files-31,1,other
EFTA00751166.pdf,data-set-9-files-31,1,email
EFTA00751167.pdf,data-set-9-files-31,2,email
EFTA00751169.pdf,data-set-9-files-31,2,email
EFTA00751171.pdf,data-set-9-files-31,2,email
EFTA00751173.pdf,data-set-9-files-31,1,email
EFTA00751174.pdf,data-set-9-files-31,1,email
EFTA00751175.pdf,data-set-9-files-31,1,email
EFTA00751176.pdf,data-set-9-files-31,2,email
EFTA00751178.pdf,data-set-9-files-31,2,email
EFTA00751180.pdf,data-set-9-files-31,1,email
EFTA00751181.pdf,data-set-9-files-31,2,email
EFTA00751183.pdf,data-set-9-files-31,2,email
EFTA00751185.pdf,data-set-9-files-31,1,email
EFTA00751186.pdf,data-set-9-files-31,2,email
EFTA00751188.pdf,data-set-9-files-31,2,email
EFTA00751190.pdf,data-set-9-files-31,2,email
EFTA00751192.pdf,data-set-9-files-31,1,email
EFTA00751193.pdf,data-set-9-files-31,1,email
EFTA00751194.pdf,data-set-9-files-31,1,email
EFTA00751195.pdf,data-set-9-files-31,1,email
EFTA00751196.pdf,data-set-9-files-31,1,email
EFTA00751197.pdf,data-set-9-files-31,1,email
EFTA00751198.pdf,data-set-9-files-31,1,other
EFTA00751199.pdf,data-set-9-files-31,1,other
EFTA00751200.pdf,data-set-9-files-31,1,other
EFTA00751201.pdf,data-set-9-files-31,2,email
EFTA00751203.pdf,data-set-9-files-31,1,other
EFTA00751204.pdf,data-set-9-files-31,3,email
EFTA00751207.pdf,data-set-9-files-31,3,email
EFTA00751210.pdf,data-set-9-files-31,2,email
EFTA00751212.pdf,data-set-9-files-31,1,email
EFTA00751213.pdf,data-set-9-files-31,1,other
EFTA00751214.pdf,data-set-9-files-31,1,other
EFTA00751215.pdf,data-set-9-files-31,1,other
EFTA00751216.pdf,data-set-9-files-31,1,email
EFTA00751217.pdf,data-set-9-files-31,1,email
EFTA00751218.pdf,data-set-9-files-31,1,email
EFTA00751219.pdf,data-set-9-files-31,1,email
EFTA00751220.pdf,data-set-9-files-31,1,email
EFTA00751221.pdf,data-set-9-files-31,1,email
EFTA00751222.pdf,data-set-9-files-31,1,email
EFTA00751223.pdf,data-set-9-files-31,1,other
EFTA00751224.pdf,data-set-9-files-31,1,email
EFTA00751225.pdf,data-set-9-files-31,1,email
EFTA00751226.pdf,data-set-9-files-31,1,email
EFTA00751227.pdf,data-set-9-files-31,1,email
EFTA00751228.pdf,data-set-9-files-31,1,email
EFTA00751229.pdf,data-set-9-files-31,1,email
EFTA00751230.pdf,data-set-9-files-31,1,email
EFTA00751231.pdf,data-set-9-files-31,1,email
EFTA00751232.pdf,data-set-9-files-31,1,photo
EFTA00751233.pdf,data-set-9-files-31,1,email
EFTA00751234.pdf,data-set-9-files-31,1,photo
EFTA00751235.pdf,data-set-9-files-31,1,email
EFTA00751236.pdf,data-set-9-files-31,1,photo
EFTA00751237.pdf,data-set-9-files-31,1,email
EFTA00751238.pdf,data-set-9-files-31,1,email
EFTA00751239.pdf,data-set-9-files-31,2,email
EFTA00751241.pdf,data-set-9-files-31,2,email
EFTA00751243.pdf,data-set-9-files-31,1,other
EFTA00751244.pdf,data-set-9-files-31,1,email
EFTA00751245.pdf,data-set-9-files-31,2,email
EFTA00751247.pdf,data-set-9-files-31,1,email
EFTA00751248.pdf,data-set-9-files-31,1,email
EFTA00751249.pdf,data-set-9-files-31,1,email
EFTA00751250.pdf,data-set-9-files-31,1,photo
EFTA00751251.pdf,data-set-9-files-31,1,email
EFTA00751252.pdf,data-set-9-files-31,1,email
EFTA00751253.pdf,data-set-9-files-31,1,email
EFTA00751254.pdf,data-set-9-files-31,1,other
EFTA00751255.pdf,data-set-9-files-31,1,email
EFTA00751256.pdf,data-set-9-files-31,1,email
EFTA00751257.pdf,data-set-9-files-31,1,email
EFTA00751258.pdf,data-set-9-files-31,2,email
EFTA00751260.pdf,data-set-9-files-31,1,other
EFTA00751261.pdf,data-set-9-files-31,1,other
EFTA00751262.pdf,data-set-9-files-31,1,email
EFTA00751263.pdf,data-set-9-files-31,1,email
EFTA00751264.pdf,data-set-9-files-31,1,photo
EFTA00751265.pdf,data-set-9-files-31,1,photo
EFTA00751266.pdf,data-set-9-files-31,1,photo
EFTA00751267.pdf,data-set-9-files-31,1,email
EFTA00751268.pdf,data-set-9-files-31,1,email
EFTA00751269.pdf,data-set-9-files-31,1,email
EFTA00751270.pdf,data-set-9-files-31,1,email
EFTA00751271.pdf,data-set-9-files-31,2,email
EFTA00751273.pdf,data-set-9-files-31,2,email
EFTA00751275.pdf,data-set-9-files-31,1,email
EFTA00751276.pdf,data-set-9-files-31,1,other
EFTA00751277.pdf,data-set-9-files-31,1,email
EFTA00751278.pdf,data-set-9-files-31,1,email
EFTA00751279.pdf,data-set-9-files-31,1,email
EFTA00751280.pdf,data-set-9-files-31,1,email
EFTA00751281.pdf,data-set-9-files-31,1,email
EFTA00751282.pdf,data-set-9-files-31,1,email
EFTA00751283.pdf,data-set-9-files-31,1,email
EFTA00751284.pdf,data-set-9-files-31,2,email
EFTA00751286.pdf,data-set-9-files-31,1,email
EFTA00751287.pdf,data-set-9-files-31,1,email
EFTA00751288.pdf,data-set-9-files-31,1,email
EFTA00751289.pdf,data-set-9-files-31,1,email
EFTA00751290.pdf,data-set-9-files-31,1,email
EFTA00751291.pdf,data-set-9-files-31,2,email
EFTA00751293.pdf,data-set-9-files-31,1,email
EFTA00751294.pdf,data-set-9-files-31,1,other
EFTA00751295.pdf,data-set-9-files-31,3,email
EFTA00751298.pdf,data-set-9-files-31,1,email
EFTA00751299.pdf,data-set-9-files-31,1,other
EFTA00751300.pdf,data-set-9-files-31,1,email
EFTA00751301.pdf,data-set-9-files-31,1,email
EFTA00751302.pdf,data-set-9-files-31,1,other
EFTA00751303.pdf,data-set-9-files-31,1,email
EFTA00751304.pdf,data-set-9-files-31,1,other
EFTA00751305.pdf,data-set-9-files-31,1,email
EFTA00751306.pdf,data-set-9-files-31,1,email
EFTA00751307.pdf,data-set-9-files-31,1,photo
EFTA00751308.pdf,data-set-9-files-31,1,photo
EFTA00751309.pdf,data-set-9-files-31,1,photo
EFTA00751310.pdf,data-set-9-files-31,1,photo
EFTA00751311.pdf,data-set-9-files-31,1,photo
EFTA00751312.pdf,data-set-9-files-31,1,photo
EFTA00751313.pdf,data-set-9-files-31,1,email
EFTA00751314.pdf,data-set-9-files-31,1,email
EFTA00751315.pdf,data-set-9-files-31,1,email
EFTA00751316.pdf,data-set-9-files-31,1,photo
EFTA00751317.pdf,data-set-9-files-31,1,photo
EFTA00751318.pdf,data-set-9-files-31,1,photo
EFTA00751319.pdf,data-set-9-files-31,1,photo
EFTA00751320.pdf,data-set-9-files-31,1,photo
EFTA00751321.pdf,data-set-9-files-31,1,photo
EFTA00751322.pdf,data-set-9-files-31,1,photo
EFTA00751323.pdf,data-set-9-files-31,1,photo
EFTA00751324.pdf,data-set-9-files-31,1,email
EFTA00751325.pdf,data-set-9-files-31,1,photo
EFTA00751326.pdf,data-set-9-files-31,1,photo
EFTA00751327.pdf,data-set-9-files-31,1,photo
EFTA00751328.pdf,data-set-9-files-31,1,photo
EFTA00751329.pdf,data-set-9-files-31,1,photo
EFTA00751330.pdf,data-set-9-files-31,1,photo
EFTA00751331.pdf,data-set-9-files-31,1,email
EFTA00751332.pdf,data-set-9-files-31,1,photo
EFTA00751333.pdf,data-set-9-files-31,1,photo
EFTA00751334.pdf,data-set-9-files-31,1,photo
EFTA00751335.pdf,data-set-9-files-31,1,photo
EFTA00751336.pdf,data-set-9-files-31,1,photo
EFTA00751337.pdf,data-set-9-files-31,1,photo
EFTA00751338.pdf,data-set-9-files-31,1,other
EFTA00751339.pdf,data-set-9-files-31,1,photo
EFTA00751340.pdf,data-set-9-files-31,1,photo
EFTA00751341.pdf,data-set-9-files-31,1,photo
EFTA00751342.pdf,data-set-9-files-31,1,photo
EFTA00751343.pdf,data-set-9-files-31,1,photo
EFTA00751344.pdf,data-set-9-files-31,1,other
EFTA00751345.pdf,data-set-9-files-31,1,other
EFTA00751346.pdf,data-set-9-files-31,1,email
EFTA00751347.pdf,data-set-9-files-31,1,other
EFTA00751348.pdf,data-set-9-files-31,1,email
EFTA00751349.pdf,data-set-9-files-31,1,email
EFTA00751350.pdf,data-set-9-files-31,1,email
EFTA00751351.pdf,data-set-9-files-31,1,email
EFTA00751352.pdf,data-set-9-files-31,1,email
EFTA00751353.pdf,data-set-9-files-31,1,email
EFTA00751354.pdf,data-set-9-files-31,1,email
EFTA00751355.pdf,data-set-9-files-31,1,email
EFTA00751356.pdf,data-set-9-files-31,1,email
EFTA00751357.pdf,data-set-9-files-31,1,other
EFTA00751358.pdf,data-set-9-files-31,1,email
EFTA00751359.pdf,data-set-9-files-31,1,email
EFTA00751360.pdf,data-set-9-files-31,1,email
EFTA00751361.pdf,data-set-9-files-31,3,email
EFTA00751364.pdf,data-set-9-files-31,2,email
EFTA00751366.pdf,data-set-9-files-31,1,email
EFTA00751367.pdf,data-set-9-files-31,1,email
EFTA00751368.pdf,data-set-9-files-31,1,email
EFTA00751369.pdf,data-set-9-files-31,2,email
EFTA00751371.pdf,data-set-9-files-31,2,email
EFTA00751373.pdf,data-set-9-files-31,4,email
EFTA00751377.pdf,data-set-9-files-31,3,email
EFTA00751380.pdf,data-set-9-files-31,3,email
EFTA00751383.pdf,data-set-9-files-31,1,email
EFTA00751384.pdf,data-set-9-files-31,1,email
EFTA00751385.pdf,data-set-9-files-31,1,email
EFTA00751386.pdf,data-set-9-files-31,1,email
EFTA00751387.pdf,data-set-9-files-31,1,email
EFTA00751388.pdf,data-set-9-files-31,1,email
EFTA00751389.pdf,data-set-9-files-31,3,email
EFTA00751392.pdf,data-set-9-files-31,3,email
EFTA00751395.pdf,data-set-9-files-31,2,email
EFTA00751397.pdf,data-set-9-files-31,4,email
EFTA00751401.pdf,data-set-9-files-31,1,email
EFTA00751402.pdf,data-set-9-files-31,1,other
EFTA00751403.pdf,data-set-9-files-31,2,email
EFTA00751405.pdf,data-set-9-files-31,1,email
EFTA00751406.pdf,data-set-9-files-31,1,email
EFTA00751407.pdf,data-set-9-files-31,1,email
EFTA00751408.pdf,data-set-9-files-31,1,email
EFTA00751409.pdf,data-set-9-files-31,1,email
EFTA00751410.pdf,data-set-9-files-31,2,email
EFTA00751412.pdf,data-set-9-files-31,1,email
EFTA00751413.pdf,data-set-9-files-31,2,email
EFTA00751415.pdf,data-set-9-files-31,1,email
EFTA00751416.pdf,data-set-9-files-31,1,other
EFTA00751417.pdf,data-set-9-files-31,1,email
EFTA00751418.pdf,data-set-9-files-31,1,email
EFTA00751419.pdf,data-set-9-files-31,1,email
EFTA00751420.pdf,data-set-9-files-31,2,email
EFTA00751422.pdf,data-set-9-files-31,1,email
EFTA00751423.pdf,data-set-9-files-31,1,email
EFTA00751424.pdf,data-set-9-files-31,1,email
EFTA00751425.pdf,data-set-9-files-31,1,email
EFTA00751426.pdf,data-set-9-files-31,1,email
EFTA00751427.pdf,data-set-9-files-31,1,email
EFTA00751428.pdf,data-set-9-files-31,1,email
EFTA00751429.pdf,data-set-9-files-31,1,email
EFTA00751430.pdf,data-set-9-files-31,1,email
EFTA00751431.pdf,data-set-9-files-31,1,email
EFTA00751432.pdf,data-set-9-files-31,1,other
EFTA00751433.pdf,data-set-9-files-31,1,other
EFTA00751434.pdf,data-set-9-files-31,1,email
EFTA00751435.pdf,data-set-9-files-31,2,email
EFTA00751437.pdf,data-set-9-files-31,3,email
EFTA00751440.pdf,data-set-9-files-31,2,email
EFTA00751442.pdf,data-set-9-files-31,2,email
EFTA00751444.pdf,data-set-9-files-31,1,email
EFTA00751445.pdf,data-set-9-files-31,19,email
EFTA00751464.pdf,data-set-9-files-31,18,email
EFTA00751482.pdf,data-set-9-files-31,2,email
EFTA00751484.pdf,data-set-9-files-31,1,email
EFTA00751485.pdf,data-set-9-files-31,2,email
EFTA00751487.pdf,data-set-9-files-31,2,email
EFTA00751489.pdf,data-set-9-files-31,2,email
EFTA00751491.pdf,data-set-9-files-31,1,email
EFTA00751492.pdf,data-set-9-files-31,1,email
EFTA00751493.pdf,data-set-9-files-31,1,email
EFTA00751494.pdf,data-set-9-files-31,1,other
EFTA00751495.pdf,data-set-9-files-31,1,email
EFTA00751496.pdf,data-set-9-files-31,1,email
EFTA00751497.pdf,data-set-9-files-31,1,other
EFTA00751498.pdf,data-set-9-files-31,1,email
EFTA00751499.pdf,data-set-9-files-31,1,email
EFTA00751500.pdf,data-set-9-files-31,2,email
EFTA00751502.pdf,data-set-9-files-31,1,other
EFTA00751503.pdf,data-set-9-files-31,2,email
EFTA00751505.pdf,data-set-9-files-31,1,email
EFTA00751506.pdf,data-set-9-files-31,1,email
EFTA00751507.pdf,data-set-9-files-31,2,email
EFTA00751509.pdf,data-set-9-files-31,1,email
EFTA00751510.pdf,data-set-9-files-31,1,email
EFTA00751511.pdf,data-set-9-files-31,1,other
EFTA00751512.pdf,data-set-9-files-31,1,email
EFTA00751513.pdf,data-set-9-files-31,1,email
EFTA00751514.pdf,data-set-9-files-31,2,email
EFTA00751516.pdf,data-set-9-files-31,1,email
EFTA00751517.pdf,data-set-9-files-31,1,other
EFTA00751518.pdf,data-set-9-files-31,2,email
EFTA00751520.pdf,data-set-9-files-31,1,email
EFTA00751521.pdf,data-set-9-files-31,1,email
EFTA00751522.pdf,data-set-9-files-31,1,email
EFTA00751523.pdf,data-set-9-files-31,4,email
EFTA00751527.pdf,data-set-9-files-31,3,email
EFTA00751530.pdf,data-set-9-files-31,2,email
EFTA00751532.pdf,data-set-9-files-31,1,email
EFTA00751533.pdf,data-set-9-files-31,1,email
EFTA00751534.pdf,data-set-9-files-31,1,email
EFTA00751535.pdf,data-set-9-files-31,1,email
EFTA00751536.pdf,data-set-9-files-31,1,email
EFTA00751537.pdf,data-set-9-files-31,1,email
EFTA00751538.pdf,data-set-9-files-31,1,other
EFTA00751539.pdf,data-set-9-files-31,1,other
EFTA00751540.pdf,data-set-9-files-31,1,other
EFTA00751541.pdf,data-set-9-files-31,1,email
EFTA00751542.pdf,data-set-9-files-31,1,email
EFTA00751543.pdf,data-set-9-files-31,1,email
EFTA00751544.pdf,data-set-9-files-31,1,other
EFTA00751545.pdf,data-set-9-files-31,1,email
EFTA00751546.pdf,data-set-9-files-31,1,email
EFTA00751547.pdf,data-set-9-files-31,1,photo
EFTA00751548.pdf,data-set-9-files-31,1,email
EFTA00751549.pdf,data-set-9-files-31,1,email
EFTA00751550.pdf,data-set-9-files-31,1,email
EFTA00751551.pdf,data-set-9-files-31,1,email
EFTA00751552.pdf,data-set-9-files-31,1,email
EFTA00751553.pdf,data-set-9-files-31,1,other
EFTA00751554.pdf,data-set-9-files-31,1,email
EFTA00751555.pdf,data-set-9-files-31,1,email
EFTA00751556.pdf,data-set-9-files-31,1,email
EFTA00751557.pdf,data-set-9-files-31,1,email
EFTA00751558.pdf,data-set-9-files-31,1,email
EFTA00751559.pdf,data-set-9-files-31,1,email
EFTA00751560.pdf,data-set-9-files-31,1,email
EFTA00751561.pdf,data-set-9-files-31,2,email
EFTA00751563.pdf,data-set-9-files-31,1,email
EFTA00751564.pdf,data-set-9-files-31,7,email
EFTA00751571.pdf,data-set-9-files-31,5,other
EFTA00751576.pdf,data-set-9-files-31,1,email
EFTA00751577.pdf,data-set-9-files-31,1,email
EFTA00751578.pdf,data-set-9-files-31,1,other
EFTA00751579.pdf,data-set-9-files-31,1,email
EFTA00751580.pdf,data-set-9-files-31,1,email
EFTA00751581.pdf,data-set-9-files-31,1,email
EFTA00751582.pdf,data-set-9-files-31,3,email
EFTA00751585.pdf,data-set-9-files-31,1,email
EFTA00751586.pdf,data-set-9-files-31,3,email
EFTA00751589.pdf,data-set-9-files-31,1,email
EFTA00751590.pdf,data-set-9-files-31,1,photo
EFTA00751591.pdf,data-set-9-files-31,1,other
EFTA00751592.pdf,data-set-9-files-31,1,email
EFTA00751593.pdf,data-set-9-files-31,1,email
EFTA00751594.pdf,data-set-9-files-31,1,email
EFTA00751595.pdf,data-set-9-files-31,3,email
EFTA00751598.pdf,data-set-9-files-31,2,email
EFTA00751600.pdf,data-set-9-files-31,1,email
EFTA00751601.pdf,data-set-9-files-31,1,email
EFTA00751602.pdf,data-set-9-files-31,1,other
EFTA00751603.pdf,data-set-9-files-31,1,email
EFTA00751604.pdf,data-set-9-files-31,1,email
EFTA00751605.pdf,data-set-9-files-31,12,email
EFTA00751617.pdf,data-set-9-files-31,3,email
EFTA00751620.pdf,data-set-9-files-31,1,other
EFTA00751621.pdf,data-set-9-files-31,1,email
EFTA00751622.pdf,data-set-9-files-31,3,email
EFTA00751625.pdf,data-set-9-files-31,2,email
EFTA00751627.pdf,data-set-9-files-31,2,email
EFTA00751629.pdf,data-set-9-files-31,1,email
EFTA00751630.pdf,data-set-9-files-31,1,other
EFTA00751631.pdf,data-set-9-files-31,1,email
EFTA00751632.pdf,data-set-9-files-31,1,email
EFTA00751633.pdf,data-set-9-files-31,2,email
EFTA00751635.pdf,data-set-9-files-31,1,email
EFTA00751636.pdf,data-set-9-files-31,1,other
EFTA00751637.pdf,data-set-9-files-31,7,email
EFTA00751644.pdf,data-set-9-files-31,6,email
EFTA00751650.pdf,data-set-9-files-31,6,email
EFTA00751656.pdf,data-set-9-files-31,6,email
EFTA00751662.pdf,data-set-9-files-31,3,email
EFTA00751665.pdf,data-set-9-files-31,3,email
EFTA00751668.pdf,data-set-9-files-31,3,email
EFTA00751671.pdf,data-set-9-files-31,1,email
EFTA00751672.pdf,data-set-9-files-31,1,photo
EFTA00751673.pdf,data-set-9-files-31,4,email
EFTA00751677.pdf,data-set-9-files-31,1,email
EFTA00751678.pdf,data-set-9-files-31,1,photo
EFTA00751679.pdf,data-set-9-files-31,1,other
EFTA00751680.pdf,data-set-9-files-31,1,email
EFTA00751681.pdf,data-set-9-files-31,2,email
EFTA00751683.pdf,data-set-9-files-31,1,email
EFTA00751684.pdf,data-set-9-files-31,1,other
EFTA00751685.pdf,data-set-9-files-31,1,email
EFTA00751686.pdf,data-set-9-files-31,2,email
EFTA00751688.pdf,data-set-9-files-31,1,email
EFTA00751689.pdf,data-set-9-files-31,3,email
EFTA00751692.pdf,data-set-9-files-31,1,email
EFTA00751693.pdf,data-set-9-files-31,1,email
EFTA00751694.pdf,data-set-9-files-31,1,email
EFTA00751695.pdf,data-set-9-files-31,1,photo
EFTA00751696.pdf,data-set-9-files-31,2,email
EFTA00751698.pdf,data-set-9-files-31,2,email
EFTA00751700.pdf,data-set-9-files-31,1,email
EFTA00751701.pdf,data-set-9-files-31,1,other
EFTA00751702.pdf,data-set-9-files-31,1,email
EFTA00751703.pdf,data-set-9-files-31,1,email
EFTA00751704.pdf,data-set-9-files-31,1,email
EFTA00751705.pdf,data-set-9-files-31,1,email
EFTA00751706.pdf,data-set-9-files-31,2,email
EFTA00751708.pdf,data-set-9-files-31,1,email
EFTA00751709.pdf,data-set-9-files-31,1,photo
EFTA00751710.pdf,data-set-9-files-31,1,photo
EFTA00751711.pdf,data-set-9-files-31,1,photo
EFTA00751712.pdf,data-set-9-files-31,1,photo
EFTA00751713.pdf,data-set-9-files-31,1,photo
EFTA00751714.pdf,data-set-9-files-31,1,photo
EFTA00751715.pdf,data-set-9-files-31,1,photo
EFTA00751716.pdf,data-set-9-files-31,1,photo
EFTA00751717.pdf,data-set-9-files-31,1,photo
EFTA00751718.pdf,data-set-9-files-31,1,photo
EFTA00751719.pdf,data-set-9-files-31,1,photo
EFTA00751720.pdf,data-set-9-files-31,1,photo
EFTA00751721.pdf,data-set-9-files-31,1,email
EFTA00751722.pdf,data-set-9-files-31,1,photo
EFTA00751723.pdf,data-set-9-files-31,1,photo
EFTA00751724.pdf,data-set-9-files-31,1,photo
EFTA00751725.pdf,data-set-9-files-31,1,photo
EFTA00751726.pdf,data-set-9-files-31,1,photo
EFTA00751727.pdf,data-set-9-files-31,1,photo
EFTA00751728.pdf,data-set-9-files-31,1,photo
EFTA00751729.pdf,data-set-9-files-31,1,photo
EFTA00751730.pdf,data-set-9-files-31,1,photo
EFTA00751731.pdf,data-set-9-files-31,1,photo
EFTA00751732.pdf,data-set-9-files-31,1,photo
EFTA00751733.pdf,data-set-9-files-31,1,photo
EFTA00751734.pdf,data-set-9-files-31,1,photo
EFTA00751735.pdf,data-set-9-files-31,1,photo
EFTA00751736.pdf,data-set-9-files-31,1,photo
EFTA00751737.pdf,data-set-9-files-31,1,photo
EFTA00751738.pdf,data-set-9-files-31,6,email
EFTA00751744.pdf,data-set-9-files-31,2,email
EFTA00751746.pdf,data-set-9-files-31,1,email
EFTA00751747.pdf,data-set-9-files-31,1,email
EFTA00751748.pdf,data-set-9-files-31,1,email
EFTA00751749.pdf,data-set-9-files-31,1,email
EFTA00751750.pdf,data-set-9-files-31,1,email
EFTA00751751.pdf,data-set-9-files-31,2,email
EFTA00751753.pdf,data-set-9-files-31,3,email
EFTA00751756.pdf,data-set-9-files-31,2,email
EFTA00751758.pdf,data-set-9-files-31,2,email
EFTA00751760.pdf,data-set-9-files-31,2,email
EFTA00751762.pdf,data-set-9-files-31,1,email
EFTA00751763.pdf,data-set-9-files-31,1,email
EFTA00751764.pdf,data-set-9-files-31,1,email
EFTA00751765.pdf,data-set-9-files-31,1,email
EFTA00751766.pdf,data-set-9-files-31,1,email
EFTA00751767.pdf,data-set-9-files-31,1,email
EFTA00751768.pdf,data-set-9-files-31,1,other
EFTA00751769.pdf,data-set-9-files-31,1,email
EFTA00751770.pdf,data-set-9-files-31,1,email
EFTA00751771.pdf,data-set-9-files-31,1,other
EFTA00751772.pdf,data-set-9-files-31,1,email
EFTA00751773.pdf,data-set-9-files-31,2,email
EFTA00751775.pdf,data-set-9-files-31,2,email
EFTA00751777.pdf,data-set-9-files-31,1,email
EFTA00751778.pdf,data-set-9-files-31,1,email
EFTA00751779.pdf,data-set-9-files-31,1,email
EFTA00751780.pdf,data-set-9-files-31,2,email
EFTA00751782.pdf,data-set-9-files-31,2,email
EFTA00751784.pdf,data-set-9-files-31,2,email
EFTA00751786.pdf,data-set-9-files-31,1,email
EFTA00751787.pdf,data-set-9-files-31,1,other
EFTA00751788.pdf,data-set-9-files-31,1,other
EFTA00751789.pdf,data-set-9-files-31,3,email
EFTA00751792.pdf,data-set-9-files-31,1,email
EFTA00751793.pdf,data-set-9-files-31,2,email
EFTA00751795.pdf,data-set-9-files-31,1,email
EFTA00751796.pdf,data-set-9-files-31,1,other
EFTA00751797.pdf,data-set-9-files-31,2,email
EFTA00751799.pdf,data-set-9-files-31,1,email
EFTA00751800.pdf,data-set-9-files-31,1,photo
EFTA00751801.pdf,data-set-9-files-31,1,photo
EFTA00751802.pdf,data-set-9-files-31,1,photo
EFTA00751803.pdf,data-set-9-files-31,1,other
EFTA00751804.pdf,data-set-9-files-31,1,photo
EFTA00751805.pdf,data-set-9-files-31,1,photo
EFTA00751806.pdf,data-set-9-files-31,1,photo
EFTA00751807.pdf,data-set-9-files-31,1,photo
EFTA00751808.pdf,data-set-9-files-31,1,other
EFTA00751809.pdf,data-set-9-files-31,1,photo
EFTA00751810.pdf,data-set-9-files-31,1,photo
EFTA00751811.pdf,data-set-9-files-31,1,photo
EFTA00751812.pdf,data-set-9-files-31,1,photo
EFTA00751813.pdf,data-set-9-files-31,1,photo
EFTA00751814.pdf,data-set-9-files-31,1,photo
EFTA00751815.pdf,data-set-9-files-31,1,other
EFTA00751816.pdf,data-set-9-files-31,1,email
EFTA00751817.pdf,data-set-9-files-31,3,email
EFTA00751820.pdf,data-set-9-files-31,1,email
EFTA00751821.pdf,data-set-9-files-31,1,email
EFTA00751822.pdf,data-set-9-files-31,3,email
EFTA00751825.pdf,data-set-9-files-31,1,email
EFTA00751826.pdf,data-set-9-files-31,1,email
EFTA00751827.pdf,data-set-9-files-31,1,email
EFTA00751828.pdf,data-set-9-files-31,1,photo
EFTA00751829.pdf,data-set-9-files-31,1,email
EFTA00751830.pdf,data-set-9-files-31,1,email
EFTA00751831.pdf,data-set-9-files-31,1,email
EFTA00751832.pdf,data-set-9-files-31,1,email
EFTA00751833.pdf,data-set-9-files-31,1,other
EFTA00751834.pdf,data-set-9-files-31,1,email
EFTA00751835.pdf,data-set-9-files-31,1,email
EFTA00751836.pdf,data-set-9-files-31,1,email
EFTA00751837.pdf,data-set-9-files-31,3,email
EFTA00751840.pdf,data-set-9-files-31,1,email
EFTA00751841.pdf,data-set-9-files-31,1,email
EFTA00751842.pdf,data-set-9-files-31,1,email
EFTA00751843.pdf,data-set-9-files-31,4,email
EFTA00751847.pdf,data-set-9-files-31,4,email
EFTA00751851.pdf,data-set-9-files-31,3,email
EFTA00751854.pdf,data-set-9-files-31,2,email
EFTA00751856.pdf,data-set-9-files-31,1,email
EFTA00751857.pdf,data-set-9-files-31,1,email
EFTA00751858.pdf,data-set-9-files-31,1,other
EFTA00751859.pdf,data-set-9-files-31,3,email
EFTA00751862.pdf,data-set-9-files-31,1,email
EFTA00751863.pdf,data-set-9-files-31,1,email
EFTA00751864.pdf,data-set-9-files-31,1,email
EFTA00751865.pdf,data-set-9-files-31,1,email
EFTA00751866.pdf,data-set-9-files-31,1,email
EFTA00751867.pdf,data-set-9-files-31,1,email
EFTA00751868.pdf,data-set-9-files-31,1,email
EFTA00751869.pdf,data-set-9-files-31,1,email
EFTA00751870.pdf,data-set-9-files-31,2,email
EFTA00751872.pdf,data-set-9-files-31,1,other
EFTA00751873.pdf,data-set-9-files-31,1,other
EFTA00751874.pdf,data-set-9-files-31,2,email
EFTA00751876.pdf,data-set-9-files-31,1,email
EFTA00751877.pdf,data-set-9-files-31,1,email
EFTA00751878.pdf,data-set-9-files-31,1,email
EFTA00751879.pdf,data-set-9-files-31,1,email
EFTA00751880.pdf,data-set-9-files-31,1,photo
EFTA00751881.pdf,data-set-9-files-31,2,email
EFTA00751883.pdf,data-set-9-files-31,1,email
EFTA00751884.pdf,data-set-9-files-31,1,email
EFTA00751885.pdf,data-set-9-files-31,1,other
EFTA00751886.pdf,data-set-9-files-31,1,email
EFTA00751887.pdf,data-set-9-files-31,2,email
EFTA00751889.pdf,data-set-9-files-31,1,email
EFTA00751890.pdf,data-set-9-files-31,2,email
EFTA00751892.pdf,data-set-9-files-31,1,email
EFTA00751893.pdf,data-set-9-files-31,1,email
EFTA00751894.pdf,data-set-9-files-31,1,email
EFTA00751895.pdf,data-set-9-files-31,1,other
EFTA00751896.pdf,data-set-9-files-31,1,email
EFTA00751897.pdf,data-set-9-files-31,2,email
EFTA00751899.pdf,data-set-9-files-31,1,email
EFTA00751900.pdf,data-set-9-files-31,1,email
EFTA00751901.pdf,data-set-9-files-31,1,email
EFTA00751902.pdf,data-set-9-files-31,2,email
EFTA00751904.pdf,data-set-9-files-31,2,email
EFTA00751906.pdf,data-set-9-files-31,1,email
EFTA00751907.pdf,data-set-9-files-31,1,email
EFTA00751908.pdf,data-set-9-files-31,1,email
EFTA00751909.pdf,data-set-9-files-31,1,other
EFTA00751910.pdf,data-set-9-files-31,2,email
EFTA00751912.pdf,data-set-9-files-31,1,email
EFTA00751913.pdf,data-set-9-files-31,1,email
EFTA00751914.pdf,data-set-9-files-31,2,email
EFTA00751916.pdf,data-set-9-files-31,1,email
EFTA00751917.pdf,data-set-9-files-31,1,other
EFTA00751918.pdf,data-set-9-files-31,2,email
EFTA00751920.pdf,data-set-9-files-31,1,other
EFTA00751921.pdf,data-set-9-files-31,1,email
EFTA00751922.pdf,data-set-9-files-31,1,email
EFTA00751923.pdf,data-set-9-files-31,1,email
EFTA00751924.pdf,data-set-9-files-31,1,email
EFTA00751925.pdf,data-set-9-files-31,1,other
EFTA00751926.pdf,data-set-9-files-31,1,other
EFTA00751927.pdf,data-set-9-files-31,1,email
EFTA00751928.pdf,data-set-9-files-31,1,photo
EFTA00751929.pdf,data-set-9-files-31,1,photo
EFTA00751930.pdf,data-set-9-files-31,1,photo
EFTA00751931.pdf,data-set-9-files-31,1,photo
EFTA00751932.pdf,data-set-9-files-31,1,photo
EFTA00751933.pdf,data-set-9-files-31,1,photo
EFTA00751934.pdf,data-set-9-files-31,1,photo
EFTA00751935.pdf,data-set-9-files-31,1,photo
EFTA00751936.pdf,data-set-9-files-31,1,photo
EFTA00751937.pdf,data-set-9-files-31,1,photo
EFTA00751938.pdf,data-set-9-files-31,1,photo
EFTA00751939.pdf,data-set-9-files-31,1,photo
EFTA00751940.pdf,data-set-9-files-31,1,photo
EFTA00751941.pdf,data-set-9-files-31,2,email
EFTA00751943.pdf,data-set-9-files-31,1,email
EFTA00751944.pdf,data-set-9-files-31,2,other
EFTA00751946.pdf,data-set-9-files-31,1,email
EFTA00751947.pdf,data-set-9-files-31,2,email
EFTA00751949.pdf,data-set-9-files-31,2,email
EFTA00751951.pdf,data-set-9-files-31,2,email
EFTA00751953.pdf,data-set-9-files-31,1,email
EFTA00751954.pdf,data-set-9-files-31,1,other
EFTA00751955.pdf,data-set-9-files-31,1,email
EFTA00751956.pdf,data-set-9-files-31,1,email
EFTA00751957.pdf,data-set-9-files-31,1,email
EFTA00751958.pdf,data-set-9-files-31,1,email
EFTA00751959.pdf,data-set-9-files-31,1,email
EFTA00751960.pdf,data-set-9-files-31,1,email
EFTA00751961.pdf,data-set-9-files-31,1,email
EFTA00751962.pdf,data-set-9-files-31,1,email
EFTA00751963.pdf,data-set-9-files-31,1,email
EFTA00751964.pdf,data-set-9-files-31,1,email
EFTA00751965.pdf,data-set-9-files-31,2,email
EFTA00751967.pdf,data-set-9-files-31,1,email
EFTA00751968.pdf,data-set-9-files-31,2,email
EFTA00751970.pdf,data-set-9-files-31,1,email
EFTA00751971.pdf,data-set-9-files-31,1,email
EFTA00751972.pdf,data-set-9-files-31,1,email
EFTA00751973.pdf,data-set-9-files-31,1,email
EFTA00751974.pdf,data-set-9-files-31,1,email
EFTA00751975.pdf,data-set-9-files-31,1,email
EFTA00751976.pdf,data-set-9-files-31,1,email
EFTA00751977.pdf,data-set-9-files-31,1,photo
EFTA00751978.pdf,data-set-9-files-31,1,photo
EFTA00751979.pdf,data-set-9-files-31,1,photo
EFTA00751980.pdf,data-set-9-files-31,1,photo
EFTA00751981.pdf,data-set-9-files-31,1,photo
EFTA00751982.pdf,data-set-9-files-31,1,photo
EFTA00751983.pdf,data-set-9-files-31,1,other
EFTA00751984.pdf,data-set-9-files-31,1,photo
EFTA00751985.pdf,data-set-9-files-31,1,other
EFTA00751986.pdf,data-set-9-files-31,1,photo
EFTA00751987.pdf,data-set-9-files-31,1,photo
EFTA00751988.pdf,data-set-9-files-31,1,photo
EFTA00751989.pdf,data-set-9-files-31,1,email
EFTA00751990.pdf,data-set-9-files-31,1,photo
EFTA00751991.pdf,data-set-9-files-31,1,photo
EFTA00751992.pdf,data-set-9-files-31,1,photo
EFTA00751993.pdf,data-set-9-files-31,1,photo
EFTA00751994.pdf,data-set-9-files-31,1,photo
EFTA00751995.pdf,data-set-9-files-31,1,photo
EFTA00751996.pdf,data-set-9-files-31,1,photo
EFTA00751997.pdf,data-set-9-files-31,1,photo
EFTA00751998.pdf,data-set-9-files-31,1,photo
EFTA00751999.pdf,data-set-9-files-31,1,photo
EFTA00752000.pdf,data-set-9-files-31,1,photo
EFTA00752001.pdf,data-set-9-files-31,1,photo
EFTA00752002.pdf,data-set-9-files-31,1,photo
EFTA00752003.pdf,data-set-9-files-31,3,email
EFTA00752006.pdf,data-set-9-files-31,3,email
EFTA00752009.pdf,data-set-9-files-31,1,photo
EFTA00752010.pdf,data-set-9-files-31,1,email
EFTA00752011.pdf,data-set-9-files-31,1,photo
EFTA00752012.pdf,data-set-9-files-31,1,photo
EFTA00752013.pdf,data-set-9-files-31,1,photo
EFTA00752014.pdf,data-set-9-files-31,1,photo
EFTA00752015.pdf,data-set-9-files-31,1,photo
EFTA00752016.pdf,data-set-9-files-31,1,photo
EFTA00752017.pdf,data-set-9-files-31,1,photo
EFTA00752018.pdf,data-set-9-files-31,1,photo
EFTA00752019.pdf,data-set-9-files-31,1,photo
EFTA00752020.pdf,data-set-9-files-31,1,photo
EFTA00752021.pdf,data-set-9-files-31,1,photo
EFTA00752022.pdf,data-set-9-files-31,1,photo
EFTA00752023.pdf,data-set-9-files-31,1,email
EFTA00752024.pdf,data-set-9-files-31,1,photo
EFTA00752025.pdf,data-set-9-files-31,1,photo
EFTA00752026.pdf,data-set-9-files-31,1,photo
EFTA00752027.pdf,data-set-9-files-31,1,photo
EFTA00752028.pdf,data-set-9-files-31,1,photo
EFTA00752029.pdf,data-set-9-files-31,1,photo
EFTA00752030.pdf,data-set-9-files-31,1,photo
EFTA00752031.pdf,data-set-9-files-31,1,photo
EFTA00752032.pdf,data-set-9-files-31,1,photo
EFTA00752033.pdf,data-set-9-files-31,1,other
EFTA00752034.pdf,data-set-9-files-31,1,photo
EFTA00752035.pdf,data-set-9-files-31,1,photo
EFTA00752036.pdf,data-set-9-files-31,1,other
EFTA00752037.pdf,data-set-9-files-31,6,email
EFTA00752043.pdf,data-set-9-files-31,1,email
EFTA00752044.pdf,data-set-9-files-31,1,email
EFTA00752045.pdf,data-set-9-files-31,1,email
EFTA00752046.pdf,data-set-9-files-31,1,email
EFTA00752047.pdf,data-set-9-files-31,1,photo
EFTA00752048.pdf,data-set-9-files-31,1,email
EFTA00752049.pdf,data-set-9-files-31,2,email
EFTA00752051.pdf,data-set-9-files-31,1,email
EFTA00752052.pdf,data-set-9-files-31,1,email
EFTA00752053.pdf,data-set-9-files-31,2,email
EFTA00752055.pdf,data-set-9-files-31,3,email
EFTA00752058.pdf,data-set-9-files-31,1,email
EFTA00752059.pdf,data-set-9-files-31,1,other
EFTA00752060.pdf,data-set-9-files-31,1,email
EFTA00752061.pdf,data-set-9-files-31,4,email
EFTA00752065.pdf,data-set-9-files-31,1,email
EFTA00752066.pdf,data-set-9-files-31,1,photo
EFTA00752067.pdf,data-set-9-files-31,1,email
EFTA00752068.pdf,data-set-9-files-31,2,email
EFTA00752070.pdf,data-set-9-files-31,2,email
EFTA00752072.pdf,data-set-9-files-31,1,email
EFTA00752073.pdf,data-set-9-files-31,1,email
EFTA00752074.pdf,data-set-9-files-31,1,email
EFTA00752075.pdf,data-set-9-files-31,1,other
EFTA00752076.pdf,data-set-9-files-31,1,email
EFTA00752077.pdf,data-set-9-files-31,2,email
EFTA00752079.pdf,data-set-9-files-31,1,other
EFTA00752080.pdf,data-set-9-files-31,1,email
EFTA00752081.pdf,data-set-9-files-31,1,photo
EFTA00752082.pdf,data-set-9-files-31,1,email
EFTA00752083.pdf,data-set-9-files-31,2,email
EFTA00752085.pdf,data-set-9-files-31,1,email
EFTA00752086.pdf,data-set-9-files-31,3,email
EFTA00752089.pdf,data-set-9-files-31,2,email
EFTA00752091.pdf,data-set-9-files-31,4,email
EFTA00752095.pdf,data-set-9-files-31,2,email
EFTA00752097.pdf,data-set-9-files-31,1,email
EFTA00752098.pdf,data-set-9-files-31,1,email
EFTA00752099.pdf,data-set-9-files-31,1,email
EFTA00752100.pdf,data-set-9-files-31,3,email
EFTA00752103.pdf,data-set-9-files-31,2,email
EFTA00752105.pdf,data-set-9-files-31,1,email
EFTA00752106.pdf,data-set-9-files-31,1,email
EFTA00752107.pdf,data-set-9-files-31,1,other
EFTA00752108.pdf,data-set-9-files-31,1,other
EFTA00752109.pdf,data-set-9-files-31,1,email
EFTA00752110.pdf,data-set-9-files-31,2,email
EFTA00752112.pdf,data-set-9-files-31,2,email
EFTA00752114.pdf,data-set-9-files-31,1,email
EFTA00752115.pdf,data-set-9-files-31,1,email
EFTA00752116.pdf,data-set-9-files-31,2,email
EFTA00752118.pdf,data-set-9-files-31,3,email
EFTA00752121.pdf,data-set-9-files-31,1,email
EFTA00752122.pdf,data-set-9-files-31,1,email
EFTA00752123.pdf,data-set-9-files-31,1,email
EFTA00752124.pdf,data-set-9-files-31,1,email
EFTA00752125.pdf,data-set-9-files-31,1,email
EFTA00752126.pdf,data-set-9-files-31,2,email
EFTA00752128.pdf,data-set-9-files-31,1,email
EFTA00752129.pdf,data-set-9-files-31,1,email
EFTA00752130.pdf,data-set-9-files-31,1,email
EFTA00752131.pdf,data-set-9-files-31,1,other
EFTA00752132.pdf,data-set-9-files-31,1,email
EFTA00752133.pdf,data-set-9-files-31,1,other
EFTA00752134.pdf,data-set-9-files-31,1,other
EFTA00752135.pdf,data-set-9-files-31,1,other
EFTA00752136.pdf,data-set-9-files-31,1,email
EFTA00752137.pdf,data-set-9-files-31,1,other
EFTA00752138.pdf,data-set-9-files-31,1,email
EFTA00752139.pdf,data-set-9-files-31,1,email
EFTA00752140.pdf,data-set-9-files-31,1,email
EFTA00752141.pdf,data-set-9-files-31,1,email
EFTA00752142.pdf,data-set-9-files-31,1,email
EFTA00752143.pdf,data-set-9-files-31,1,email
EFTA00752144.pdf,data-set-9-files-31,1,email
EFTA00752145.pdf,data-set-9-files-31,1,email
EFTA00752146.pdf,data-set-9-files-31,3,email
EFTA00752149.pdf,data-set-9-files-31,1,other
EFTA00752150.pdf,data-set-9-files-31,4,email
EFTA00752154.pdf,data-set-9-files-31,4,email
EFTA00752158.pdf,data-set-9-files-31,3,email
EFTA00752161.pdf,data-set-9-files-31,2,email
EFTA00752163.pdf,data-set-9-files-31,1,email
EFTA00752164.pdf,data-set-9-files-31,1,email
EFTA00752165.pdf,data-set-9-files-31,1,email
EFTA00752166.pdf,data-set-9-files-31,1,email
EFTA00752167.pdf,data-set-9-files-31,4,email
EFTA00752171.pdf,data-set-9-files-31,3,email
EFTA00752174.pdf,data-set-9-files-31,1,other
EFTA00752175.pdf,data-set-9-files-31,1,email
EFTA00752176.pdf,data-set-9-files-31,1,other
EFTA00752177.pdf,data-set-9-files-31,1,email
EFTA00752178.pdf,data-set-9-files-31,1,other
EFTA00752179.pdf,data-set-9-files-31,1,email
EFTA00752180.pdf,data-set-9-files-31,1,other
EFTA00752181.pdf,data-set-9-files-31,1,email
EFTA00752182.pdf,data-set-9-files-31,2,email
EFTA00752184.pdf,data-set-9-files-31,2,email
EFTA00752186.pdf,data-set-9-files-31,2,email
EFTA00752188.pdf,data-set-9-files-31,1,email
EFTA00752189.pdf,data-set-9-files-31,1,email
EFTA00752190.pdf,data-set-9-files-31,1,email
EFTA00752191.pdf,data-set-9-files-31,2,email
EFTA00752193.pdf,data-set-9-files-31,1,email
EFTA00752194.pdf,data-set-9-files-31,1,email
EFTA00752195.pdf,data-set-9-files-31,1,email
EFTA00752196.pdf,data-set-9-files-31,1,email
EFTA00752197.pdf,data-set-9-files-31,1,email
EFTA00752198.pdf,data-set-9-files-31,1,email
EFTA00752199.pdf,data-set-9-files-31,1,email
EFTA00752200.pdf,data-set-9-files-31,1,email
EFTA00752201.pdf,data-set-9-files-31,1,email
EFTA00752202.pdf,data-set-9-files-31,1,email
EFTA00752203.pdf,data-set-9-files-31,1,email
EFTA00752204.pdf,data-set-9-files-31,2,email
EFTA00752206.pdf,data-set-9-files-31,2,email
EFTA00752208.pdf,data-set-9-files-31,2,email
EFTA00752210.pdf,data-set-9-files-31,1,email
EFTA00752211.pdf,data-set-9-files-31,2,email
EFTA00752213.pdf,data-set-9-files-31,2,email
EFTA00752215.pdf,data-set-9-files-31,1,email
EFTA00752216.pdf,data-set-9-files-31,1,email
EFTA00752217.pdf,data-set-9-files-31,1,email
EFTA00752218.pdf,data-set-9-files-31,2,email
EFTA00752220.pdf,data-set-9-files-31,1,email
EFTA00752221.pdf,data-set-9-files-31,1,email
EFTA00752222.pdf,data-set-9-files-31,1,email
EFTA00752223.pdf,data-set-9-files-31,1,email
EFTA00752224.pdf,data-set-9-files-31,3,email
EFTA00752227.pdf,data-set-9-files-31,3,email
EFTA00752230.pdf,data-set-9-files-31,2,email
EFTA00752232.pdf,data-set-9-files-31,2,email
EFTA00752234.pdf,data-set-9-files-31,1,email
EFTA00752235.pdf,data-set-9-files-31,1,email
EFTA00752236.pdf,data-set-9-files-31,1,email
EFTA00752237.pdf,data-set-9-files-31,1,email
EFTA00752238.pdf,data-set-9-files-31,1,email
EFTA00752239.pdf,data-set-9-files-31,9,email
EFTA00752248.pdf,data-set-9-files-31,1,email
EFTA00752249.pdf,data-set-9-files-31,2,email
EFTA00752251.pdf,data-set-9-files-31,2,email
EFTA00752253.pdf,data-set-9-files-31,1,email
EFTA00752254.pdf,data-set-9-files-31,1,email
EFTA00752255.pdf,data-set-9-files-31,1,email
EFTA00752256.pdf,data-set-9-files-31,1,other
EFTA00752257.pdf,data-set-9-files-31,1,email
EFTA00752258.pdf,data-set-9-files-31,1,photo
EFTA00752259.pdf,data-set-9-files-31,1,email
EFTA00752260.pdf,data-set-9-files-31,1,email
EFTA00752261.pdf,data-set-9-files-31,1,other
EFTA00752262.pdf,data-set-9-files-31,2,email
EFTA00752264.pdf,data-set-9-files-31,1,email
EFTA00752265.pdf,data-set-9-files-31,1,photo
EFTA00752266.pdf,data-set-9-files-31,1,photo
EFTA00752267.pdf,data-set-9-files-31,1,email
EFTA00752268.pdf,data-set-9-files-31,1,other
EFTA00752269.pdf,data-set-9-files-31,1,email
EFTA00752270.pdf,data-set-9-files-31,1,email
EFTA00752271.pdf,data-set-9-files-31,1,other
EFTA00752272.pdf,data-set-9-files-31,1,email
EFTA00752273.pdf,data-set-9-files-31,1,other
EFTA00752274.pdf,data-set-9-files-31,1,email
EFTA00752275.pdf,data-set-9-files-31,5,other
EFTA00752280.pdf,data-set-9-files-31,1,other
EFTA00752281.pdf,data-set-9-files-31,1,email
EFTA00752282.pdf,data-set-9-files-31,1,email
EFTA00752283.pdf,data-set-9-files-31,2,email
EFTA00752285.pdf,data-set-9-files-31,1,other
EFTA00752286.pdf,data-set-9-files-31,1,other
EFTA00752287.pdf,data-set-9-files-31,3,email
EFTA00752290.pdf,data-set-9-files-31,1,other
EFTA00752291.pdf,data-set-9-files-31,1,email
EFTA00752292.pdf,data-set-9-files-31,1,other
EFTA00752293.pdf,data-set-9-files-31,1,email
EFTA00752294.pdf,data-set-9-files-31,1,email
EFTA00752295.pdf,data-set-9-files-31,1,other
EFTA00752296.pdf,data-set-9-files-31,1,photo
EFTA00752297.pdf,data-set-9-files-31,1,other
EFTA00752298.pdf,data-set-9-files-31,1,photo
EFTA00752299.pdf,data-set-9-files-31,1,photo
EFTA00752300.pdf,data-set-9-files-31,1,email
EFTA00752301.pdf,data-set-9-files-31,1,photo
EFTA00752302.pdf,data-set-9-files-31,1,photo
EFTA00752303.pdf,data-set-9-files-31,1,photo
EFTA00752304.pdf,data-set-9-files-31,1,photo
EFTA00752305.pdf,data-set-9-files-31,1,other
EFTA00752306.pdf,data-set-9-files-31,1,email
EFTA00752307.pdf,data-set-9-files-31,1,other
EFTA00752308.pdf,data-set-9-files-31,3,email
EFTA00752311.pdf,data-set-9-files-31,2,email
EFTA00752313.pdf,data-set-9-files-31,1,email
EFTA00752314.pdf,data-set-9-files-31,2,email
EFTA00752316.pdf,data-set-9-files-31,1,email
EFTA00752317.pdf,data-set-9-files-31,1,email
EFTA00752318.pdf,data-set-9-files-31,1,email
EFTA00752319.pdf,data-set-9-files-31,1,email
EFTA00752320.pdf,data-set-9-files-31,1,email
EFTA00752321.pdf,data-set-9-files-31,1,email
EFTA00752322.pdf,data-set-9-files-31,1,email
EFTA00752323.pdf,data-set-9-files-31,1,email
EFTA00752324.pdf,data-set-9-files-31,1,other
EFTA00752325.pdf,data-set-9-files-31,1,email
EFTA00752326.pdf,data-set-9-files-31,1,other
EFTA00752327.pdf,data-set-9-files-31,2,email
EFTA00752329.pdf,data-set-9-files-31,2,email
EFTA00752331.pdf,data-set-9-files-31,2,email
EFTA00752333.pdf,data-set-9-files-31,1,email
EFTA00752334.pdf,data-set-9-files-31,1,email
EFTA00752335.pdf,data-set-9-files-31,1,email
EFTA00752336.pdf,data-set-9-files-31,1,email
EFTA00752337.pdf,data-set-9-files-31,2,email
EFTA00752339.pdf,data-set-9-files-31,1,email
EFTA00752340.pdf,data-set-9-files-31,1,email
EFTA00752341.pdf,data-set-9-files-31,1,email
EFTA00752342.pdf,data-set-9-files-31,2,email
EFTA00752344.pdf,data-set-9-files-31,1,other
EFTA00752345.pdf,data-set-9-files-31,1,other
EFTA00752346.pdf,data-set-9-files-31,1,email
EFTA00752347.pdf,data-set-9-files-31,1,photo
EFTA00752348.pdf,data-set-9-files-31,1,email
EFTA00752349.pdf,data-set-9-files-31,1,email
EFTA00752350.pdf,data-set-9-files-31,1,email
EFTA00752351.pdf,data-set-9-files-31,1,photo
EFTA00752352.pdf,data-set-9-files-31,1,photo
EFTA00752353.pdf,data-set-9-files-31,1,photo
EFTA00752354.pdf,data-set-9-files-31,1,other
EFTA00752355.pdf,data-set-9-files-31,1,other
EFTA00752356.pdf,data-set-9-files-31,2,email
EFTA00752358.pdf,data-set-9-files-31,1,email
EFTA00752359.pdf,data-set-9-files-31,1,email
EFTA00752360.pdf,data-set-9-files-31,2,email
EFTA00752362.pdf,data-set-9-files-31,1,photo
EFTA00752363.pdf,data-set-9-files-31,4,email
EFTA00752367.pdf,data-set-9-files-31,4,email
EFTA00752371.pdf,data-set-9-files-31,3,email
EFTA00752374.pdf,data-set-9-files-31,4,email
EFTA00752378.pdf,data-set-9-files-31,3,email
EFTA00752381.pdf,data-set-9-files-31,2,email
EFTA00752383.pdf,data-set-9-files-31,2,email
EFTA00752385.pdf,data-set-9-files-31,1,email
EFTA00752386.pdf,data-set-9-files-31,1,other
EFTA00752387.pdf,data-set-9-files-31,1,email
EFTA00752388.pdf,data-set-9-files-31,1,other
EFTA00752389.pdf,data-set-9-files-31,1,email
EFTA00752390.pdf,data-set-9-files-31,1,other
EFTA00752391.pdf,data-set-9-files-31,1,other
EFTA00752392.pdf,data-set-9-files-31,2,email
EFTA00752394.pdf,data-set-9-files-31,1,email
EFTA00752395.pdf,data-set-9-files-31,1,email
EFTA00752396.pdf,data-set-9-files-31,3,email
EFTA00752399.pdf,data-set-9-files-31,1,email
EFTA00752400.pdf,data-set-9-files-31,1,photo
EFTA00752401.pdf,data-set-9-files-31,1,photo
EFTA00752402.pdf,data-set-9-files-31,1,other
EFTA00752403.pdf,data-set-9-files-31,1,photo
EFTA00752404.pdf,data-set-9-files-31,1,photo
EFTA00752405.pdf,data-set-9-files-31,1,photo
EFTA00752406.pdf,data-set-9-files-31,1,photo
EFTA00752407.pdf,data-set-9-files-31,1,photo
EFTA00752408.pdf,data-set-9-files-31,1,photo
EFTA00752409.pdf,data-set-9-files-31,1,photo
EFTA00752410.pdf,data-set-9-files-31,1,photo
EFTA00752411.pdf,data-set-9-files-31,1,photo
EFTA00752412.pdf,data-set-9-files-31,1,photo
EFTA00752413.pdf,data-set-9-files-31,1,photo
EFTA00752414.pdf,data-set-9-files-31,1,photo
EFTA00752415.pdf,data-set-9-files-31,1,photo
EFTA00752416.pdf,data-set-9-files-31,1,photo
EFTA00752417.pdf,data-set-9-files-31,6,email
EFTA00752423.pdf,data-set-9-files-31,2,email
EFTA00752425.pdf,data-set-9-files-31,2,email
EFTA00752427.pdf,data-set-9-files-31,2,email
EFTA00752429.pdf,data-set-9-files-31,1,email
EFTA00752430.pdf,data-set-9-files-31,1,email
EFTA00752431.pdf,data-set-9-files-31,1,email
EFTA00752432.pdf,data-set-9-files-31,2,email
EFTA00752434.pdf,data-set-9-files-31,1,email
EFTA00752435.pdf,data-set-9-files-31,2,email
EFTA00752437.pdf,data-set-9-files-31,2,email
EFTA00752439.pdf,data-set-9-files-31,1,email
EFTA00752440.pdf,data-set-9-files-31,1,photo
EFTA00752441.pdf,data-set-9-files-31,1,photo
EFTA00752442.pdf,data-set-9-files-31,1,photo
EFTA00752443.pdf,data-set-9-files-31,1,photo
EFTA00752444.pdf,data-set-9-files-31,1,photo
EFTA00752445.pdf,data-set-9-files-31,1,photo
EFTA00752446.pdf,data-set-9-files-31,1,photo
EFTA00752447.pdf,data-set-9-files-31,1,photo
EFTA00752448.pdf,data-set-9-files-31,1,photo
EFTA00752449.pdf,data-set-9-files-31,1,photo
EFTA00752450.pdf,data-set-9-files-31,1,photo
EFTA00752451.pdf,data-set-9-files-31,1,email
EFTA00752452.pdf,data-set-9-files-31,1,email
EFTA00752453.pdf,data-set-9-files-31,2,email
EFTA00752455.pdf,data-set-9-files-31,1,photo
EFTA00752456.pdf,data-set-9-files-31,1,photo
EFTA00752457.pdf,data-set-9-files-31,1,other
EFTA00752458.pdf,data-set-9-files-31,1,photo
EFTA00752459.pdf,data-set-9-files-31,1,photo
EFTA00752460.pdf,data-set-9-files-31,1,photo
EFTA00752461.pdf,data-set-9-files-31,1,photo
EFTA00752462.pdf,data-set-9-files-31,1,photo
EFTA00752463.pdf,data-set-9-files-31,1,photo
EFTA00752464.pdf,data-set-9-files-31,1,photo
EFTA00752465.pdf,data-set-9-files-31,1,photo
EFTA00752466.pdf,data-set-9-files-31,1,photo
EFTA00752467.pdf,data-set-9-files-31,1,photo
EFTA00752468.pdf,data-set-9-files-31,1,photo
EFTA00752469.pdf,data-set-9-files-31,1,photo
EFTA00752470.pdf,data-set-9-files-31,1,photo
EFTA00752471.pdf,data-set-9-files-31,1,photo
EFTA00752472.pdf,data-set-9-files-31,2,email
EFTA00752474.pdf,data-set-9-files-31,1,other
EFTA00752475.pdf,data-set-9-files-31,1,photo
EFTA00752476.pdf,data-set-9-files-31,1,email
EFTA00752477.pdf,data-set-9-files-31,2,email
EFTA00752479.pdf,data-set-9-files-31,6,email
EFTA00752485.pdf,data-set-9-files-31,2,email
EFTA00752487.pdf,data-set-9-files-31,2,email
EFTA00752489.pdf,data-set-9-files-31,1,other
EFTA00752490.pdf,data-set-9-files-31,2,email
EFTA00752492.pdf,data-set-9-files-31,2,email
EFTA00752494.pdf,data-set-9-files-31,7,email
EFTA00752501.pdf,data-set-9-files-31,1,other
EFTA00752502.pdf,data-set-9-files-31,1,email
EFTA00752503.pdf,data-set-9-files-31,1,email
EFTA00752504.pdf,data-set-9-files-31,1,email
EFTA00752505.pdf,data-set-9-files-31,1,other
EFTA00752506.pdf,data-set-9-files-31,1,other
EFTA00752507.pdf,data-set-9-files-31,1,email
EFTA00752508.pdf,data-set-9-files-31,2,email
EFTA00752510.pdf,data-set-9-files-31,2,email
EFTA00752512.pdf,data-set-9-files-31,2,email
EFTA00752514.pdf,data-set-9-files-31,2,email
EFTA00752516.pdf,data-set-9-files-31,1,other
EFTA00752517.pdf,data-set-9-files-31,3,email
EFTA00752520.pdf,data-set-9-files-31,1,email
EFTA00752521.pdf,data-set-9-files-31,2,email
EFTA00752523.pdf,data-set-9-files-31,1,other
EFTA00752524.pdf,data-set-9-files-31,2,email
EFTA00752526.pdf,data-set-9-files-31,2,email
EFTA00752528.pdf,data-set-9-files-31,1,email
EFTA00752529.pdf,data-set-9-files-31,1,email
EFTA00752530.pdf,data-set-9-files-31,1,email
EFTA00752531.pdf,data-set-9-files-31,3,email
EFTA00752534.pdf,data-set-9-files-31,3,email
EFTA00752537.pdf,data-set-9-files-31,1,email
EFTA00752538.pdf,data-set-9-files-31,1,email
EFTA00752539.pdf,data-set-9-files-31,1,email
EFTA00752540.pdf,data-set-9-files-31,1,email
EFTA00752541.pdf,data-set-9-files-31,1,other
EFTA00752542.pdf,data-set-9-files-31,4,email
EFTA00752546.pdf,data-set-9-files-31,1,email
EFTA00752547.pdf,data-set-9-files-31,1,photo
EFTA00752548.pdf,data-set-9-files-31,1,photo
EFTA00752549.pdf,data-set-9-files-31,1,photo
EFTA00752550.pdf,data-set-9-files-31,1,photo
EFTA00752551.pdf,data-set-9-files-31,1,photo
EFTA00752552.pdf,data-set-9-files-31,1,photo
EFTA00752553.pdf,data-set-9-files-31,1,photo
EFTA00752554.pdf,data-set-9-files-31,1,photo
EFTA00752555.pdf,data-set-9-files-31,1,photo
EFTA00752556.pdf,data-set-9-files-31,1,photo
EFTA00752557.pdf,data-set-9-files-31,1,photo
EFTA00752558.pdf,data-set-9-files-31,1,photo
EFTA00752559.pdf,data-set-9-files-31,1,email
EFTA00752560.pdf,data-set-9-files-31,1,photo
EFTA00752561.pdf,data-set-9-files-31,1,photo
EFTA00752562.pdf,data-set-9-files-31,1,photo
EFTA00752563.pdf,data-set-9-files-31,1,photo
EFTA00752564.pdf,data-set-9-files-31,1,photo
EFTA00752565.pdf,data-set-9-files-31,1,photo
EFTA00752566.pdf,data-set-9-files-31,1,photo
EFTA00752567.pdf,data-set-9-files-31,1,photo
EFTA00752568.pdf,data-set-9-files-31,1,photo
EFTA00752569.pdf,data-set-9-files-31,1,photo
EFTA00752570.pdf,data-set-9-files-31,1,photo
EFTA00752571.pdf,data-set-9-files-31,1,photo
EFTA00752572.pdf,data-set-9-files-31,1,email
EFTA00752573.pdf,data-set-9-files-31,1,photo
EFTA00752574.pdf,data-set-9-files-31,1,photo
EFTA00752575.pdf,data-set-9-files-31,1,photo
EFTA00752576.pdf,data-set-9-files-31,1,other
EFTA00752577.pdf,data-set-9-files-31,1,photo
EFTA00752578.pdf,data-set-9-files-31,1,photo
EFTA00752579.pdf,data-set-9-files-31,1,photo
EFTA00752580.pdf,data-set-9-files-31,1,photo
EFTA00752581.pdf,data-set-9-files-31,1,photo
EFTA00752582.pdf,data-set-9-files-31,1,photo
EFTA00752583.pdf,data-set-9-files-31,1,photo
EFTA00752584.pdf,data-set-9-files-31,1,photo
EFTA00752585.pdf,data-set-9-files-31,1,photo
EFTA00752586.pdf,data-set-9-files-31,1,email
EFTA00752587.pdf,data-set-9-files-31,1,photo
EFTA00752588.pdf,data-set-9-files-31,1,photo
EFTA00752589.pdf,data-set-9-files-31,1,photo
EFTA00752590.pdf,data-set-9-files-31,1,photo
EFTA00752591.pdf,data-set-9-files-31,1,photo
EFTA00752592.pdf,data-set-9-files-31,1,photo
EFTA00752593.pdf,data-set-9-files-31,1,photo
EFTA00752594.pdf,data-set-9-files-31,1,photo
EFTA00752595.pdf,data-set-9-files-31,1,photo
EFTA00752596.pdf,data-set-9-files-31,1,photo
EFTA00752597.pdf,data-set-9-files-31,1,other
EFTA00752598.pdf,data-set-9-files-31,1,photo
EFTA00752599.pdf,data-set-9-files-31,1,photo
EFTA00752600.pdf,data-set-9-files-31,1,photo
EFTA00752601.pdf,data-set-9-files-31,1,photo
EFTA00752602.pdf,data-set-9-files-31,1,photo
EFTA00752603.pdf,data-set-9-files-31,1,photo
EFTA00752604.pdf,data-set-9-files-31,2,other
EFTA00752606.pdf,data-set-9-files-31,2,other
EFTA00752608.pdf,data-set-9-files-31,1,email
EFTA00752609.pdf,data-set-9-files-31,1,email
EFTA00752610.pdf,data-set-9-files-31,1,email
EFTA00752611.pdf,data-set-9-files-31,1,other
EFTA00752612.pdf,data-set-9-files-31,1,email
EFTA00752613.pdf,data-set-9-files-31,5,email
EFTA00752618.pdf,data-set-9-files-31,1,photo
EFTA00752619.pdf,data-set-9-files-31,1,photo
EFTA00752620.pdf,data-set-9-files-31,1,email
EFTA00752621.pdf,data-set-9-files-31,1,email
EFTA00752622.pdf,data-set-9-files-31,1,email
EFTA00752623.pdf,data-set-9-files-31,1,email
EFTA00752624.pdf,data-set-9-files-31,1,email
EFTA00752625.pdf,data-set-9-files-31,1,email
EFTA00752626.pdf,data-set-9-files-31,1,email
EFTA00752627.pdf,data-set-9-files-31,1,email
EFTA00752628.pdf,data-set-9-files-31,1,email
EFTA00752629.pdf,data-set-9-files-31,3,email
EFTA00752632.pdf,data-set-9-files-31,2,email
EFTA00752634.pdf,data-set-9-files-31,2,email
EFTA00752636.pdf,data-set-9-files-31,2,email
EFTA00752638.pdf,data-set-9-files-31,3,email
EFTA00752641.pdf,data-set-9-files-31,2,email
EFTA00752643.pdf,data-set-9-files-31,1,email
EFTA00752644.pdf,data-set-9-files-31,3,email
EFTA00752647.pdf,data-set-9-files-31,1,other
EFTA00752648.pdf,data-set-9-files-31,2,email
EFTA00752650.pdf,data-set-9-files-31,1,email
EFTA00752651.pdf,data-set-9-files-31,2,email
EFTA00752653.pdf,data-set-9-files-31,1,email
EFTA00752654.pdf,data-set-9-files-31,1,email
EFTA00752655.pdf,data-set-9-files-31,2,email
EFTA00752657.pdf,data-set-9-files-31,1,email
EFTA00752658.pdf,data-set-9-files-31,4,email
EFTA00752662.pdf,data-set-9-files-31,1,email
EFTA00752663.pdf,data-set-9-files-31,1,email
EFTA00752664.pdf,data-set-9-files-31,1,email
EFTA00752665.pdf,data-set-9-files-31,1,email
EFTA00752666.pdf,data-set-9-files-31,2,email
EFTA00752668.pdf,data-set-9-files-31,1,email
EFTA00752669.pdf,data-set-9-files-31,1,email
EFTA00752670.pdf,data-set-9-files-31,1,email
EFTA00752671.pdf,data-set-9-files-31,1,other
EFTA00752672.pdf,data-set-9-files-31,2,email
EFTA00752674.pdf,data-set-9-files-31,1,other
EFTA00752675.pdf,data-set-9-files-31,3,email
EFTA00752678.pdf,data-set-9-files-31,1,photo
EFTA00752679.pdf,data-set-9-files-31,1,photo
EFTA00752680.pdf,data-set-9-files-31,1,photo
EFTA00752681.pdf,data-set-9-files-31,1,photo
EFTA00752682.pdf,data-set-9-files-31,1,email
EFTA00752683.pdf,data-set-9-files-31,3,other
EFTA00752686.pdf,data-set-9-files-31,3,email
EFTA00752689.pdf,data-set-9-files-31,1,email
EFTA00752690.pdf,data-set-9-files-31,1,email
EFTA00752691.pdf,data-set-9-files-31,1,other
EFTA00752692.pdf,data-set-9-files-31,1,email
EFTA00752693.pdf,data-set-9-files-31,1,email
EFTA00752694.pdf,data-set-9-files-31,1,email
EFTA00752695.pdf,data-set-9-files-31,1,email
EFTA00752696.pdf,data-set-9-files-31,1,email
EFTA00752697.pdf,data-set-9-files-31,1,email
EFTA00752698.pdf,data-set-9-files-31,1,email
EFTA00752699.pdf,data-set-9-files-31,1,email
EFTA00752700.pdf,data-set-9-files-31,1,email
EFTA00752701.pdf,data-set-9-files-31,1,other
EFTA00752702.pdf,data-set-9-files-31,1,email
EFTA00752703.pdf,data-set-9-files-31,1,email
EFTA00752704.pdf,data-set-9-files-31,1,other
EFTA00752705.pdf,data-set-9-files-31,1,other
EFTA00752706.pdf,data-set-9-files-31,1,email
EFTA00752707.pdf,data-set-9-files-31,2,email
EFTA00752709.pdf,data-set-9-files-31,1,email
EFTA00752710.pdf,data-set-9-files-31,1,email
EFTA00752711.pdf,data-set-9-files-31,1,email
EFTA00752712.pdf,data-set-9-files-31,1,email
EFTA00752713.pdf,data-set-9-files-31,1,email
EFTA00752714.pdf,data-set-9-files-31,3,email
EFTA00752717.pdf,data-set-9-files-31,1,email
EFTA00752718.pdf,data-set-9-files-31,1,email
EFTA00752719.pdf,data-set-9-files-31,21,email
EFTA00752740.pdf,data-set-9-files-31,1,email
EFTA00752741.pdf,data-set-9-files-31,2,email
EFTA00752743.pdf,data-set-9-files-31,1,email
EFTA00752744.pdf,data-set-9-files-31,1,email
EFTA00752745.pdf,data-set-9-files-31,1,email
EFTA00752746.pdf,data-set-9-files-31,2,email
EFTA00752748.pdf,data-set-9-files-31,1,email
EFTA00752749.pdf,data-set-9-files-31,1,email
EFTA00752750.pdf,data-set-9-files-31,1,email
EFTA00752751.pdf,data-set-9-files-31,1,email
EFTA00752752.pdf,data-set-9-files-31,1,email
EFTA00752753.pdf,data-set-9-files-31,1,email
EFTA00752754.pdf,data-set-9-files-31,2,email
EFTA00752756.pdf,data-set-9-files-31,1,email
EFTA00752757.pdf,data-set-9-files-31,1,email
EFTA00752758.pdf,data-set-9-files-31,1,email
EFTA00752759.pdf,data-set-9-files-31,1,email
EFTA00752760.pdf,data-set-9-files-31,1,email
EFTA00752761.pdf,data-set-9-files-31,1,photo
EFTA00752762.pdf,data-set-9-files-31,1,photo
EFTA00752763.pdf,data-set-9-files-31,1,other
EFTA00752764.pdf,data-set-9-files-31,1,photo
EFTA00752765.pdf,data-set-9-files-31,1,photo
EFTA00752766.pdf,data-set-9-files-31,1,photo
EFTA00752767.pdf,data-set-9-files-31,1,photo
EFTA00752768.pdf,data-set-9-files-31,1,email
EFTA00752769.pdf,data-set-9-files-31,1,photo
EFTA00752770.pdf,data-set-9-files-31,1,photo
EFTA00752771.pdf,data-set-9-files-31,1,photo
EFTA00752772.pdf,data-set-9-files-31,1,photo
EFTA00752773.pdf,data-set-9-files-31,1,photo
EFTA00752774.pdf,data-set-9-files-31,1,photo
EFTA00752775.pdf,data-set-9-files-31,1,email
EFTA00752776.pdf,data-set-9-files-31,1,photo
EFTA00752777.pdf,data-set-9-files-31,1,photo
EFTA00752778.pdf,data-set-9-files-31,1,photo
EFTA00752779.pdf,data-set-9-files-31,1,photo
EFTA00752780.pdf,data-set-9-files-31,1,photo
EFTA00752781.pdf,data-set-9-files-31,1,other
EFTA00752782.pdf,data-set-9-files-31,1,other
EFTA00752783.pdf,data-set-9-files-31,1,email
EFTA00752784.pdf,data-set-9-files-31,1,other
EFTA00752785.pdf,data-set-9-files-31,1,email
EFTA00752786.pdf,data-set-9-files-31,1,other
EFTA00752787.pdf,data-set-9-files-31,1,email
EFTA00752788.pdf,data-set-9-files-31,1,email
EFTA00752789.pdf,data-set-9-files-31,1,email
EFTA00752790.pdf,data-set-9-files-31,1,email
EFTA00752791.pdf,data-set-9-files-31,2,email
EFTA00752793.pdf,data-set-9-files-31,3,email
EFTA00752796.pdf,data-set-9-files-31,4,email
EFTA00752800.pdf,data-set-9-files-31,4,email
EFTA00752804.pdf,data-set-9-files-31,1,email
EFTA00752805.pdf,data-set-9-files-31,1,email
EFTA00752806.pdf,data-set-9-files-31,1,email
EFTA00752807.pdf,data-set-9-files-31,1,email
EFTA00752808.pdf,data-set-9-files-31,1,email
EFTA00752809.pdf,data-set-9-files-31,2,email
EFTA00752811.pdf,data-set-9-files-31,1,email
EFTA00752812.pdf,data-set-9-files-31,1,email
EFTA00752813.pdf,data-set-9-files-31,2,email
EFTA00752815.pdf,data-set-9-files-31,1,email
EFTA00752816.pdf,data-set-9-files-31,1,email
EFTA00752817.pdf,data-set-9-files-31,3,email
EFTA00752820.pdf,data-set-9-files-31,1,email
EFTA00752821.pdf,data-set-9-files-31,1,other
EFTA00752822.pdf,data-set-9-files-31,1,other
EFTA00752823.pdf,data-set-9-files-31,1,email
EFTA00752824.pdf,data-set-9-files-31,2,email
EFTA00752826.pdf,data-set-9-files-31,1,photo
EFTA00752827.pdf,data-set-9-files-31,1,photo
EFTA00752828.pdf,data-set-9-files-31,1,other
EFTA00752829.pdf,data-set-9-files-31,1,photo
EFTA00752830.pdf,data-set-9-files-31,1,photo
EFTA00752831.pdf,data-set-9-files-31,3,email
EFTA00752834.pdf,data-set-9-files-31,2,email
EFTA00752836.pdf,data-set-9-files-31,2,email
EFTA00752838.pdf,data-set-9-files-31,1,other
EFTA00752839.pdf,data-set-9-files-31,1,other
EFTA00752840.pdf,data-set-9-files-31,1,email
EFTA00752841.pdf,data-set-9-files-31,3,email
EFTA00752844.pdf,data-set-9-files-31,1,email
EFTA00752845.pdf,data-set-9-files-31,2,email
EFTA00752847.pdf,data-set-9-files-31,1,email
EFTA00752848.pdf,data-set-9-files-31,1,email
EFTA00752849.pdf,data-set-9-files-31,1,email
EFTA00752850.pdf,data-set-9-files-31,1,email
EFTA00752851.pdf,data-set-9-files-31,1,email
EFTA00752852.pdf,data-set-9-files-31,2,email
EFTA00752854.pdf,data-set-9-files-31,1,email
EFTA00752855.pdf,data-set-9-files-31,1,email
EFTA00752856.pdf,data-set-9-files-31,1,email
EFTA00752857.pdf,data-set-9-files-31,1,email
EFTA00752858.pdf,data-set-9-files-31,1,other
EFTA00752859.pdf,data-set-9-files-31,1,email
EFTA00752860.pdf,data-set-9-files-31,10,email
EFTA00752870.pdf,data-set-9-files-31,1,email
EFTA00752871.pdf,data-set-9-files-31,1,email
EFTA00752872.pdf,data-set-9-files-31,1,email
EFTA00752873.pdf,data-set-9-files-31,1,email
EFTA00752874.pdf,data-set-9-files-31,2,email
EFTA00752876.pdf,data-set-9-files-31,1,email
EFTA00752877.pdf,data-set-9-files-31,1,email
EFTA00752878.pdf,data-set-9-files-31,3,email
EFTA00752881.pdf,data-set-9-files-31,1,other
EFTA00752882.pdf,data-set-9-files-31,1,email
EFTA00752883.pdf,data-set-9-files-31,1,other
EFTA00752884.pdf,data-set-9-files-31,1,email
EFTA00752885.pdf,data-set-9-files-31,3,email
EFTA00752888.pdf,data-set-9-files-31,1,email
EFTA00752889.pdf,data-set-9-files-31,2,email
EFTA00752891.pdf,data-set-9-files-31,1,other
EFTA00752892.pdf,data-set-9-files-31,1,photo
EFTA00752893.pdf,data-set-9-files-31,1,email
EFTA00752894.pdf,data-set-9-files-31,1,email
EFTA00752895.pdf,data-set-9-files-31,1,email
EFTA00752896.pdf,data-set-9-files-31,1,other
EFTA00752897.pdf,data-set-9-files-31,1,email
EFTA00752898.pdf,data-set-9-files-31,1,email
EFTA00752899.pdf,data-set-9-files-31,1,other
EFTA00752900.pdf,data-set-9-files-31,1,photo
EFTA00752901.pdf,data-set-9-files-31,1,email
EFTA00752902.pdf,data-set-9-files-31,1,other
EFTA00752903.pdf,data-set-9-files-31,1,email
EFTA00752904.pdf,data-set-9-files-31,3,email
EFTA00752907.pdf,data-set-9-files-31,5,email
EFTA00752912.pdf,data-set-9-files-31,4,email
EFTA00752916.pdf,data-set-9-files-31,3,email
EFTA00752919.pdf,data-set-9-files-31,3,email
EFTA00752922.pdf,data-set-9-files-31,2,email
EFTA00752924.pdf,data-set-9-files-31,2,email
EFTA00752926.pdf,data-set-9-files-31,1,email
EFTA00752927.pdf,data-set-9-files-31,1,other
EFTA00752928.pdf,data-set-9-files-31,2,other
EFTA00752930.pdf,data-set-9-files-31,5,email
EFTA00752935.pdf,data-set-9-files-31,1,other
EFTA00752936.pdf,data-set-9-files-31,1,email
EFTA00752937.pdf,data-set-9-files-31,1,email
EFTA00752938.pdf,data-set-9-files-31,1,other
EFTA00752939.pdf,data-set-9-files-31,1,email
EFTA00752940.pdf,data-set-9-files-31,1,email
EFTA00752941.pdf,data-set-9-files-31,1,other
EFTA00752942.pdf,data-set-9-files-31,1,email
EFTA00752943.pdf,data-set-9-files-31,1,email
EFTA00752944.pdf,data-set-9-files-31,2,email
EFTA00752946.pdf,data-set-9-files-31,1,email
EFTA00752947.pdf,data-set-9-files-31,1,email
EFTA00752948.pdf,data-set-9-files-31,1,email
EFTA00752949.pdf,data-set-9-files-31,1,email
EFTA00752950.pdf,data-set-9-files-31,1,email
EFTA00752951.pdf,data-set-9-files-31,1,email
EFTA00752952.pdf,data-set-9-files-31,1,email
EFTA00752953.pdf,data-set-9-files-31,1,email
EFTA00752954.pdf,data-set-9-files-31,1,photo
EFTA00752955.pdf,data-set-9-files-31,1,photo
EFTA00752956.pdf,data-set-9-files-31,1,photo
EFTA00752957.pdf,data-set-9-files-31,1,photo
EFTA00752958.pdf,data-set-9-files-31,1,photo
EFTA00752959.pdf,data-set-9-files-31,1,photo
EFTA00752960.pdf,data-set-9-files-31,1,photo
EFTA00752961.pdf,data-set-9-files-31,2,email
EFTA00752963.pdf,data-set-9-files-31,1,photo
EFTA00752964.pdf,data-set-9-files-31,1,email
EFTA00752965.pdf,data-set-9-files-31,1,email
EFTA00752966.pdf,data-set-9-files-31,1,email
EFTA00752967.pdf,data-set-9-files-31,1,email
EFTA00752968.pdf,data-set-9-files-31,1,other
EFTA00752969.pdf,data-set-9-files-31,1,email
EFTA00752970.pdf,data-set-9-files-31,2,email
EFTA00752972.pdf,data-set-9-files-31,1,email
EFTA00752973.pdf,data-set-9-files-31,1,email
EFTA00752974.pdf,data-set-9-files-31,1,email
EFTA00752975.pdf,data-set-9-files-31,2,email
EFTA00752977.pdf,data-set-9-files-31,2,email
EFTA00752979.pdf,data-set-9-files-31,3,email
EFTA00752982.pdf,data-set-9-files-31,1,email
EFTA00752983.pdf,data-set-9-files-31,1,email
EFTA00752984.pdf,data-set-9-files-31,2,email
EFTA00752986.pdf,data-set-9-files-31,1,email
EFTA00752987.pdf,data-set-9-files-31,1,email
EFTA00752988.pdf,data-set-9-files-31,1,email
EFTA00752989.pdf,data-set-9-files-31,1,other
EFTA00752990.pdf,data-set-9-files-31,1,email
EFTA00752991.pdf,data-set-9-files-31,3,email
EFTA00752994.pdf,data-set-9-files-31,1,email
EFTA00752995.pdf,data-set-9-files-31,1,email
EFTA00752996.pdf,data-set-9-files-31,2,email
EFTA00752998.pdf,data-set-9-files-31,1,email
EFTA00752999.pdf,data-set-9-files-31,2,email
EFTA00753001.pdf,data-set-9-files-31,1,email
EFTA00753002.pdf,data-set-9-files-31,1,email
EFTA00753003.pdf,data-set-9-files-31,1,email
EFTA00753004.pdf,data-set-9-files-31,1,photo
EFTA00753005.pdf,data-set-9-files-31,1,photo
EFTA00753006.pdf,data-set-9-files-31,1,photo
EFTA00753007.pdf,data-set-9-files-31,1,photo
EFTA00753008.pdf,data-set-9-files-31,1,other
EFTA00753009.pdf,data-set-9-files-31,1,photo
EFTA00753010.pdf,data-set-9-files-31,1,photo
EFTA00753011.pdf,data-set-9-files-31,1,photo
EFTA00753012.pdf,data-set-9-files-31,1,photo
EFTA00753013.pdf,data-set-9-files-31,1,photo
EFTA00753014.pdf,data-set-9-files-31,1,photo
EFTA00753015.pdf,data-set-9-files-31,1,photo
EFTA00753016.pdf,data-set-9-files-31,1,photo
EFTA00753017.pdf,data-set-9-files-31,1,photo
EFTA00753018.pdf,data-set-9-files-31,1,email
EFTA00753019.pdf,data-set-9-files-31,1,photo
EFTA00753020.pdf,data-set-9-files-31,1,photo
EFTA00753021.pdf,data-set-9-files-31,1,photo
EFTA00753022.pdf,data-set-9-files-31,1,photo
EFTA00753023.pdf,data-set-9-files-31,1,photo
EFTA00753024.pdf,data-set-9-files-31,1,photo
EFTA00753025.pdf,data-set-9-files-31,1,photo
EFTA00753026.pdf,data-set-9-files-31,1,photo
EFTA00753027.pdf,data-set-9-files-31,1,photo
EFTA00753028.pdf,data-set-9-files-31,1,photo
EFTA00753029.pdf,data-set-9-files-31,1,photo
EFTA00753030.pdf,data-set-9-files-31,1,photo
EFTA00753031.pdf,data-set-9-files-31,1,photo
EFTA00753032.pdf,data-set-9-files-31,1,photo
EFTA00753033.pdf,data-set-9-files-31,1,photo
EFTA00753034.pdf,data-set-9-files-31,1,photo
EFTA00753035.pdf,data-set-9-files-31,1,email
EFTA00753036.pdf,data-set-9-files-31,1,email
EFTA00753037.pdf,data-set-9-files-31,1,email
EFTA00753038.pdf,data-set-9-files-31,1,email
EFTA00753039.pdf,data-set-9-files-31,1,other
EFTA00753040.pdf,data-set-9-files-31,1,email
EFTA00753041.pdf,data-set-9-files-31,2,email
EFTA00753043.pdf,data-set-9-files-31,2,email
EFTA00753045.pdf,data-set-9-files-31,1,email
EFTA00753046.pdf,data-set-9-files-31,2,email
EFTA00753048.pdf,data-set-9-files-31,1,other
EFTA00753049.pdf,data-set-9-files-31,4,email
EFTA00753053.pdf,data-set-9-files-31,2,email
EFTA00753055.pdf,data-set-9-files-31,1,email
EFTA00753056.pdf,data-set-9-files-31,1,email
EFTA00753057.pdf,data-set-9-files-31,2,email
EFTA00753059.pdf,data-set-9-files-31,1,email
EFTA00753060.pdf,data-set-9-files-31,2,email
EFTA00753062.pdf,data-set-9-files-31,1,email
EFTA00753063.pdf,data-set-9-files-31,4,email
EFTA00753067.pdf,data-set-9-files-31,4,email
EFTA00753071.pdf,data-set-9-files-31,1,email
EFTA00753072.pdf,data-set-9-files-31,1,email
EFTA00753073.pdf,data-set-9-files-31,1,photo
EFTA00753074.pdf,data-set-9-files-31,1,photo
EFTA00753075.pdf,data-set-9-files-31,1,photo
EFTA00753076.pdf,data-set-9-files-31,1,photo
EFTA00753077.pdf,data-set-9-files-31,1,email
EFTA00753078.pdf,data-set-9-files-31,1,email
EFTA00753079.pdf,data-set-9-files-31,1,email
EFTA00753080.pdf,data-set-9-files-31,2,email
EFTA00753082.pdf,data-set-9-files-31,1,email
EFTA00753083.pdf,data-set-9-files-31,1,email
EFTA00753084.pdf,data-set-9-files-31,1,email
EFTA00753085.pdf,data-set-9-files-31,1,email
EFTA00753086.pdf,data-set-9-files-31,2,email
EFTA00753088.pdf,data-set-9-files-31,1,email
EFTA00753089.pdf,data-set-9-files-31,4,email
EFTA00753093.pdf,data-set-9-files-31,4,email
EFTA00753097.pdf,data-set-9-files-31,4,email
EFTA00753101.pdf,data-set-9-files-31,3,email
EFTA00753104.pdf,data-set-9-files-31,1,email
EFTA00753105.pdf,data-set-9-files-31,1,email
EFTA00753106.pdf,data-set-9-files-31,1,other
EFTA00753107.pdf,data-set-9-files-31,3,email
EFTA00753110.pdf,data-set-9-files-31,1,email
EFTA00753111.pdf,data-set-9-files-31,1,photo
EFTA00753112.pdf,data-set-9-files-31,1,photo
EFTA00753113.pdf,data-set-9-files-31,1,photo
EFTA00753114.pdf,data-set-9-files-31,1,photo
EFTA00753115.pdf,data-set-9-files-31,1,photo
EFTA00753116.pdf,data-set-9-files-31,1,photo
EFTA00753117.pdf,data-set-9-files-31,1,photo
EFTA00753118.pdf,data-set-9-files-31,1,other
EFTA00753119.pdf,data-set-9-files-31,1,email
EFTA00753120.pdf,data-set-9-files-31,1,email
EFTA00753121.pdf,data-set-9-files-31,1,email
EFTA00753122.pdf,data-set-9-files-31,1,email
EFTA00753123.pdf,data-set-9-files-31,1,other
EFTA00753124.pdf,data-set-9-files-31,1,email
EFTA00753125.pdf,data-set-9-files-31,1,other
EFTA00753126.pdf,data-set-9-files-31,1,email
EFTA00753127.pdf,data-set-9-files-31,1,email
EFTA00753128.pdf,data-set-9-files-31,1,email
EFTA00753129.pdf,data-set-9-files-31,1,other
EFTA00753130.pdf,data-set-9-files-31,1,email
EFTA00753131.pdf,data-set-9-files-31,1,email
EFTA00753132.pdf,data-set-9-files-31,1,email
EFTA00753133.pdf,data-set-9-files-31,1,photo
EFTA00753134.pdf,data-set-9-files-31,1,email
EFTA00753135.pdf,data-set-9-files-31,1,photo
EFTA00753136.pdf,data-set-9-files-31,1,photo
EFTA00753137.pdf,data-set-9-files-31,1,photo
EFTA00753138.pdf,data-set-9-files-31,1,photo
EFTA00753139.pdf,data-set-9-files-31,1,other
EFTA00753140.pdf,data-set-9-files-31,1,photo
EFTA00753141.pdf,data-set-9-files-31,1,photo
EFTA00753142.pdf,data-set-9-files-31,1,email
EFTA00753143.pdf,data-set-9-files-31,1,other
EFTA00753144.pdf,data-set-9-files-31,1,photo
EFTA00753145.pdf,data-set-9-files-31,1,photo
EFTA00753146.pdf,data-set-9-files-31,1,photo
EFTA00753147.pdf,data-set-9-files-31,1,photo
EFTA00753148.pdf,data-set-9-files-31,1,photo
EFTA00753149.pdf,data-set-9-files-31,1,email
EFTA00753150.pdf,data-set-9-files-31,1,photo
EFTA00753151.pdf,data-set-9-files-31,2,email
EFTA00753153.pdf,data-set-9-files-31,1,email
EFTA00753154.pdf,data-set-9-files-31,1,photo
EFTA00753155.pdf,data-set-9-files-31,1,photo
EFTA00753156.pdf,data-set-9-files-31,1,other
EFTA00753157.pdf,data-set-9-files-31,4,email
EFTA00753161.pdf,data-set-9-files-31,1,email
EFTA00753162.pdf,data-set-9-files-31,1,email
EFTA00753163.pdf,data-set-9-files-31,1,photo
EFTA00753164.pdf,data-set-9-files-31,1,email
EFTA00753165.pdf,data-set-9-files-31,1,email
EFTA00753166.pdf,data-set-9-files-31,1,photo
EFTA00753167.pdf,data-set-9-files-31,1,photo
EFTA00753168.pdf,data-set-9-files-31,1,photo
EFTA00753169.pdf,data-set-9-files-31,4,email
EFTA00753173.pdf,data-set-9-files-31,4,email
EFTA00753177.pdf,data-set-9-files-31,1,email
EFTA00753178.pdf,data-set-9-files-31,2,email
EFTA00753180.pdf,data-set-9-files-31,1,other
EFTA00753181.pdf,data-set-9-files-31,4,email
EFTA00753185.pdf,data-set-9-files-31,2,email
EFTA00753187.pdf,data-set-9-files-31,2,email
EFTA00753189.pdf,data-set-9-files-31,1,other
EFTA00753190.pdf,data-set-9-files-31,9,email
EFTA00753199.pdf,data-set-9-files-31,1,email
EFTA00753200.pdf,data-set-9-files-31,1,other
EFTA00753201.pdf,data-set-9-files-31,1,email
EFTA00753202.pdf,data-set-9-files-31,1,other
EFTA00753203.pdf,data-set-9-files-31,1,email
EFTA00753204.pdf,data-set-9-files-31,1,email
EFTA00753205.pdf,data-set-9-files-31,1,email
EFTA00753206.pdf,data-set-9-files-31,2,email
EFTA00753208.pdf,data-set-9-files-31,1,email
EFTA00753209.pdf,data-set-9-files-31,1,photo
EFTA00753210.pdf,data-set-9-files-31,1,other
EFTA00753211.pdf,data-set-9-files-31,1,photo
EFTA00753212.pdf,data-set-9-files-31,1,photo
EFTA00753213.pdf,data-set-9-files-31,1,photo
EFTA00753214.pdf,data-set-9-files-31,1,photo
EFTA00753215.pdf,data-set-9-files-31,2,email
EFTA00753217.pdf,data-set-9-files-31,1,other
EFTA00753218.pdf,data-set-9-files-31,2,email
EFTA00753220.pdf,data-set-9-files-31,1,email
EFTA00753221.pdf,data-set-9-files-31,2,email
EFTA00753223.pdf,data-set-9-files-31,1,other
EFTA00753224.pdf,data-set-9-files-31,2,email
EFTA00753226.pdf,data-set-9-files-31,1,other
EFTA00753227.pdf,data-set-9-files-31,1,email
EFTA00753228.pdf,data-set-9-files-31,1,email
EFTA00753229.pdf,data-set-9-files-31,1,other
EFTA00753230.pdf,data-set-9-files-31,1,email
EFTA00753231.pdf,data-set-9-files-31,1,email
EFTA00753232.pdf,data-set-9-files-31,1,other
EFTA00753233.pdf,data-set-9-files-31,1,email
EFTA00753234.pdf,data-set-9-files-31,4,email
EFTA00753238.pdf,data-set-9-files-31,3,email
EFTA00753241.pdf,data-set-9-files-31,3,email
EFTA00753244.pdf,data-set-9-files-31,3,email
EFTA00753247.pdf,data-set-9-files-31,1,other
EFTA00753248.pdf,data-set-9-files-31,1,email
EFTA00753249.pdf,data-set-9-files-31,1,email
EFTA00753250.pdf,data-set-9-files-31,1,email
EFTA00753251.pdf,data-set-9-files-31,1,email
EFTA00753252.pdf,data-set-9-files-31,1,email
EFTA00753253.pdf,data-set-9-files-31,2,email
EFTA00753255.pdf,data-set-9-files-31,1,email
EFTA00753256.pdf,data-set-9-files-31,2,email
EFTA00753258.pdf,data-set-9-files-31,1,other
EFTA00753259.pdf,data-set-9-files-31,2,email
EFTA00753261.pdf,data-set-9-files-31,1,email
EFTA00753262.pdf,data-set-9-files-31,1,email
EFTA00753263.pdf,data-set-9-files-31,1,email
EFTA00753264.pdf,data-set-9-files-31,1,email
EFTA00753265.pdf,data-set-9-files-31,1,email
EFTA00753266.pdf,data-set-9-files-31,1,email
EFTA00753267.pdf,data-set-9-files-31,1,email
EFTA00753268.pdf,data-set-9-files-31,3,email
EFTA00753271.pdf,data-set-9-files-31,1,email
EFTA00753272.pdf,data-set-9-files-31,1,email
EFTA00753273.pdf,data-set-9-files-31,1,email
EFTA00753274.pdf,data-set-9-files-31,1,email
EFTA00753275.pdf,data-set-9-files-31,1,email
EFTA00753276.pdf,data-set-9-files-31,3,email
EFTA00753279.pdf,data-set-9-files-31,2,email
EFTA00753281.pdf,data-set-9-files-31,1,email
EFTA00753282.pdf,data-set-9-files-31,1,email
EFTA00753283.pdf,data-set-9-files-31,2,email
EFTA00753285.pdf,data-set-9-files-31,1,email
EFTA00753286.pdf,data-set-9-files-31,1,email
EFTA00753287.pdf,data-set-9-files-31,1,email
EFTA00753288.pdf,data-set-9-files-31,1,email
EFTA00753289.pdf,data-set-9-files-31,1,email
EFTA00753290.pdf,data-set-9-files-31,2,email
EFTA00753292.pdf,data-set-9-files-31,3,email
EFTA00753295.pdf,data-set-9-files-31,3,email
EFTA00753298.pdf,data-set-9-files-31,3,email
EFTA00753301.pdf,data-set-9-files-31,2,email
EFTA00753303.pdf,data-set-9-files-31,2,email
EFTA00753305.pdf,data-set-9-files-31,1,email
EFTA00753306.pdf,data-set-9-files-31,1,email
EFTA00753307.pdf,data-set-9-files-31,1,email
EFTA00753308.pdf,data-set-9-files-31,2,email
EFTA00753310.pdf,data-set-9-files-31,1,email
EFTA00753311.pdf,data-set-9-files-31,1,email
EFTA00753312.pdf,data-set-9-files-31,1,email
EFTA00753313.pdf,data-set-9-files-31,1,email
EFTA00753314.pdf,data-set-9-files-31,1,email
EFTA00753315.pdf,data-set-9-files-31,1,email
EFTA00753316.pdf,data-set-9-files-31,1,email
EFTA00753317.pdf,data-set-9-files-31,1,email
EFTA00753318.pdf,data-set-9-files-31,1,email
EFTA00753319.pdf,data-set-9-files-31,1,email
EFTA00753320.pdf,data-set-9-files-31,1,other
EFTA00753321.pdf,data-set-9-files-31,1,email
EFTA00753322.pdf,data-set-9-files-31,1,email
EFTA00753323.pdf,data-set-9-files-31,2,email
EFTA00753325.pdf,data-set-9-files-31,2,email
EFTA00753327.pdf,data-set-9-files-31,1,email
EFTA00753328.pdf,data-set-9-files-31,1,email
EFTA00753329.pdf,data-set-9-files-31,1,other
EFTA00753330.pdf,data-set-9-files-31,1,email
EFTA00753331.pdf,data-set-9-files-31,1,email
EFTA00753332.pdf,data-set-9-files-31,1,email
EFTA00753333.pdf,data-set-9-files-31,1,email
EFTA00753334.pdf,data-set-9-files-31,2,email
EFTA00753336.pdf,data-set-9-files-31,1,photo
EFTA00753337.pdf,data-set-9-files-31,1,email
EFTA00753338.pdf,data-set-9-files-31,1,email
EFTA00753339.pdf,data-set-9-files-31,1,email
EFTA00753340.pdf,data-set-9-files-31,2,email
EFTA00753342.pdf,data-set-9-files-31,3,email
EFTA00753345.pdf,data-set-9-files-31,1,other
EFTA00753346.pdf,data-set-9-files-31,1,email
EFTA00753347.pdf,data-set-9-files-31,1,email
EFTA00753348.pdf,data-set-9-files-31,1,email
EFTA00753349.pdf,data-set-9-files-31,1,email
EFTA00753350.pdf,data-set-9-files-31,1,email
EFTA00753351.pdf,data-set-9-files-31,1,other
EFTA00753352.pdf,data-set-9-files-31,4,email
EFTA00753356.pdf,data-set-9-files-31,1,other
EFTA00753357.pdf,data-set-9-files-31,2,email
EFTA00753359.pdf,data-set-9-files-31,1,email
EFTA00753360.pdf,data-set-9-files-31,1,email
EFTA00753361.pdf,data-set-9-files-31,2,email
EFTA00753363.pdf,data-set-9-files-31,1,email
EFTA00753364.pdf,data-set-9-files-31,1,email
EFTA00753365.pdf,data-set-9-files-31,1,email
EFTA00753366.pdf,data-set-9-files-31,1,email
EFTA00753367.pdf,data-set-9-files-31,1,email
EFTA00753368.pdf,data-set-9-files-31,1,email
EFTA00753369.pdf,data-set-9-files-31,1,email
EFTA00753370.pdf,data-set-9-files-31,1,email
EFTA00753371.pdf,data-set-9-files-31,1,email
EFTA00753372.pdf,data-set-9-files-31,1,email
EFTA00753373.pdf,data-set-9-files-31,1,photo
EFTA00753374.pdf,data-set-9-files-31,1,other
EFTA00753375.pdf,data-set-9-files-31,2,email
EFTA00753377.pdf,data-set-9-files-31,1,email
EFTA00753378.pdf,data-set-9-files-31,1,email
EFTA00753379.pdf,data-set-9-files-31,1,email
EFTA00753380.pdf,data-set-9-files-31,2,email
EFTA00753382.pdf,data-set-9-files-31,1,email
EFTA00753383.pdf,data-set-9-files-31,2,email
EFTA00753385.pdf,data-set-9-files-31,1,email
EFTA00753386.pdf,data-set-9-files-31,1,email
EFTA00753387.pdf,data-set-9-files-31,1,photo
EFTA00753388.pdf,data-set-9-files-31,1,photo
EFTA00753389.pdf,data-set-9-files-31,1,photo
EFTA00753390.pdf,data-set-9-files-31,1,photo
EFTA00753391.pdf,data-set-9-files-31,1,photo
EFTA00753392.pdf,data-set-9-files-31,1,photo
EFTA00753393.pdf,data-set-9-files-31,1,other
EFTA00753394.pdf,data-set-9-files-31,1,photo
EFTA00753395.pdf,data-set-9-files-31,1,photo
EFTA00753396.pdf,data-set-9-files-31,1,other
EFTA00753397.pdf,data-set-9-files-31,1,photo
EFTA00753398.pdf,data-set-9-files-31,1,photo
EFTA00753399.pdf,data-set-9-files-31,1,photo
EFTA00753400.pdf,data-set-9-files-31,1,photo
EFTA00753401.pdf,data-set-9-files-31,1,photo
EFTA00753402.pdf,data-set-9-files-31,2,email
EFTA00753404.pdf,data-set-9-files-31,1,email
EFTA00753405.pdf,data-set-9-files-31,1,email
EFTA00753406.pdf,data-set-9-files-31,1,email
EFTA00753407.pdf,data-set-9-files-31,1,email
EFTA00753408.pdf,data-set-9-files-31,1,email
EFTA00753409.pdf,data-set-9-files-31,1,email
EFTA00753410.pdf,data-set-9-files-31,3,email
EFTA00753413.pdf,data-set-9-files-31,3,email
EFTA00753416.pdf,data-set-9-files-31,3,email
EFTA00753419.pdf,data-set-9-files-31,2,email
EFTA00753421.pdf,data-set-9-files-31,1,email
EFTA00753422.pdf,data-set-9-files-31,1,email
EFTA00753423.pdf,data-set-9-files-31,1,email
EFTA00753424.pdf,data-set-9-files-31,1,email
EFTA00753425.pdf,data-set-9-files-31,2,email
EFTA00753427.pdf,data-set-9-files-31,2,email
EFTA00753429.pdf,data-set-9-files-31,1,email
EFTA00753430.pdf,data-set-9-files-31,1,email
EFTA00753431.pdf,data-set-9-files-31,2,email
EFTA00753433.pdf,data-set-9-files-31,1,email
EFTA00753434.pdf,data-set-9-files-31,2,email
EFTA00753436.pdf,data-set-9-files-31,2,email
EFTA00753438.pdf,data-set-9-files-31,1,email
EFTA00753439.pdf,data-set-9-files-31,1,email
EFTA00753440.pdf,data-set-9-files-31,1,email
EFTA00753441.pdf,data-set-9-files-31,2,email
EFTA00753443.pdf,data-set-9-files-31,1,email
EFTA00753444.pdf,data-set-9-files-31,1,email
EFTA00753445.pdf,data-set-9-files-31,1,email
EFTA00753446.pdf,data-set-9-files-31,1,email
EFTA00753447.pdf,data-set-9-files-31,1,other
EFTA00753448.pdf,data-set-9-files-31,1,email
EFTA00753449.pdf,data-set-9-files-31,1,email
EFTA00753450.pdf,data-set-9-files-31,1,email
EFTA00753451.pdf,data-set-9-files-31,1,email
EFTA00753452.pdf,data-set-9-files-31,1,email
EFTA00753453.pdf,data-set-9-files-31,1,email
EFTA00753454.pdf,data-set-9-files-31,1,email
EFTA00753455.pdf,data-set-9-files-31,2,email
EFTA00753457.pdf,data-set-9-files-31,1,email
EFTA00753458.pdf,data-set-9-files-31,1,email
EFTA00753459.pdf,data-set-9-files-31,3,email
EFTA00753462.pdf,data-set-9-files-31,2,email
EFTA00753464.pdf,data-set-9-files-31,1,email
EFTA00753465.pdf,data-set-9-files-31,1,email
EFTA00753466.pdf,data-set-9-files-31,1,email
EFTA00753467.pdf,data-set-9-files-31,2,email
EFTA00753469.pdf,data-set-9-files-31,1,email
EFTA00753470.pdf,data-set-9-files-31,1,email
EFTA00753471.pdf,data-set-9-files-31,1,email
EFTA00753472.pdf,data-set-9-files-31,2,email
EFTA00753474.pdf,data-set-9-files-31,2,email
EFTA00753476.pdf,data-set-9-files-31,1,email
EFTA00753477.pdf,data-set-9-files-31,1,email
EFTA00753478.pdf,data-set-9-files-31,2,email
EFTA00753480.pdf,data-set-9-files-31,2,email
EFTA00753482.pdf,data-set-9-files-31,1,email
EFTA00753483.pdf,data-set-9-files-31,2,email
EFTA00753485.pdf,data-set-9-files-31,2,email
EFTA00753487.pdf,data-set-9-files-31,2,email
EFTA00753489.pdf,data-set-9-files-31,2,email
EFTA00753491.pdf,data-set-9-files-31,4,email
EFTA00753495.pdf,data-set-9-files-31,1,email
EFTA00753496.pdf,data-set-9-files-31,1,email
EFTA00753497.pdf,data-set-9-files-31,1,email
EFTA00753498.pdf,data-set-9-files-31,1,email
EFTA00753499.pdf,data-set-9-files-31,2,email
EFTA00753501.pdf,data-set-9-files-31,1,other
EFTA00753502.pdf,data-set-9-files-31,1,email
EFTA00753503.pdf,data-set-9-files-31,2,email
EFTA00753505.pdf,data-set-9-files-31,1,other
EFTA00753506.pdf,data-set-9-files-31,2,email
EFTA00753508.pdf,data-set-9-files-31,1,email
EFTA00753509.pdf,data-set-9-files-31,1,email
EFTA00753510.pdf,data-set-9-files-31,1,email
EFTA00753511.pdf,data-set-9-files-31,1,email
EFTA00753512.pdf,data-set-9-files-31,2,email
EFTA00753514.pdf,data-set-9-files-31,1,email
EFTA00753515.pdf,data-set-9-files-31,2,email
EFTA00753517.pdf,data-set-9-files-31,2,email
EFTA00753519.pdf,data-set-9-files-31,1,other
EFTA00753520.pdf,data-set-9-files-31,1,other
EFTA00753521.pdf,data-set-9-files-31,2,email
EFTA00753523.pdf,data-set-9-files-31,5,email
EFTA00753528.pdf,data-set-9-files-31,4,email
EFTA00753532.pdf,data-set-9-files-31,4,email
EFTA00753536.pdf,data-set-9-files-31,1,email
EFTA00753537.pdf,data-set-9-files-31,1,email
EFTA00753538.pdf,data-set-9-files-31,1,email
EFTA00753539.pdf,data-set-9-files-31,1,other
EFTA00753540.pdf,data-set-9-files-31,1,email
EFTA00753541.pdf,data-set-9-files-31,2,email
EFTA00753543.pdf,data-set-9-files-31,1,email
EFTA00753544.pdf,data-set-9-files-31,1,email
EFTA00753545.pdf,data-set-9-files-31,1,email
EFTA00753546.pdf,data-set-9-files-31,1,email
EFTA00753547.pdf,data-set-9-files-31,1,email
EFTA00753548.pdf,data-set-9-files-31,1,email
EFTA00753549.pdf,data-set-9-files-31,1,email
EFTA00753550.pdf,data-set-9-files-31,1,email
EFTA00753551.pdf,data-set-9-files-31,2,email
EFTA00753553.pdf,data-set-9-files-31,1,email
EFTA00753554.pdf,data-set-9-files-31,2,email
EFTA00753556.pdf,data-set-9-files-31,1,email
EFTA00753557.pdf,data-set-9-files-31,1,email
EFTA00753558.pdf,data-set-9-files-31,1,email
EFTA00753559.pdf,data-set-9-files-31,1,email
EFTA00753560.pdf,data-set-9-files-31,1,email
EFTA00753561.pdf,data-set-9-files-31,1,email
EFTA00753562.pdf,data-set-9-files-31,1,email
EFTA00753563.pdf,data-set-9-files-31,1,email
EFTA00753564.pdf,data-set-9-files-31,1,email
EFTA00753565.pdf,data-set-9-files-31,2,email
EFTA00753567.pdf,data-set-9-files-31,1,email
EFTA00753568.pdf,data-set-9-files-31,1,email
EFTA00753569.pdf,data-set-9-files-31,1,email
EFTA00753570.pdf,data-set-9-files-31,2,email
EFTA00753572.pdf,data-set-9-files-31,2,email
EFTA00753574.pdf,data-set-9-files-31,1,email
EFTA00753575.pdf,data-set-9-files-31,1,email
EFTA00753576.pdf,data-set-9-files-31,1,email
EFTA00753577.pdf,data-set-9-files-31,3,email
EFTA00753580.pdf,data-set-9-files-31,1,email
EFTA00753581.pdf,data-set-9-files-31,2,email
EFTA00753583.pdf,data-set-9-files-31,2,email
EFTA00753585.pdf,data-set-9-files-31,1,email
EFTA00753586.pdf,data-set-9-files-31,1,other
EFTA00753587.pdf,data-set-9-files-31,1,email
EFTA00753588.pdf,data-set-9-files-31,3,email
EFTA00753591.pdf,data-set-9-files-31,1,other
EFTA00753592.pdf,data-set-9-files-31,2,email
EFTA00753594.pdf,data-set-9-files-31,2,email
EFTA00753596.pdf,data-set-9-files-31,3,other
EFTA00753599.pdf,data-set-9-files-31,7,other
EFTA00753606.pdf,data-set-9-files-31,49,other
EFTA00753655.pdf,data-set-9-files-31,2,other
EFTA00753657.pdf,data-set-9-files-31,1,email
EFTA00753658.pdf,data-set-9-files-31,3,other
EFTA00753661.pdf,data-set-9-files-31,1,other
EFTA00753662.pdf,data-set-9-files-31,8,other
EFTA00753670.pdf,data-set-9-files-31,2,email
EFTA00753672.pdf,data-set-9-files-31,1,email
EFTA00753673.pdf,data-set-9-files-31,2,email
EFTA00753675.pdf,data-set-9-files-31,1,email
EFTA00753676.pdf,data-set-9-files-31,1,email
EFTA00753677.pdf,data-set-9-files-31,4,email
EFTA00753681.pdf,data-set-9-files-31,2,other
EFTA00753683.pdf,data-set-9-files-31,1,other
EFTA00753684.pdf,data-set-9-files-31,3,email
EFTA00753687.pdf,data-set-9-files-31,2,email
EFTA00753689.pdf,data-set-9-files-31,2,other
EFTA00753691.pdf,data-set-9-files-31,1,email
EFTA00753692.pdf,data-set-9-files-31,3,email
EFTA00753695.pdf,data-set-9-files-31,1,email
EFTA00753696.pdf,data-set-9-files-31,2,email
EFTA00753698.pdf,data-set-9-files-31,1,email
EFTA00753699.pdf,data-set-9-files-31,1,email
EFTA00753700.pdf,data-set-9-files-31,1,other
EFTA00753701.pdf,data-set-9-files-31,1,email
EFTA00753702.pdf,data-set-9-files-31,1,email
EFTA00753703.pdf,data-set-9-files-31,1,other
EFTA00753704.pdf,data-set-9-files-31,1,other
EFTA00753705.pdf,data-set-9-files-31,1,email
EFTA00753706.pdf,data-set-9-files-31,1,other
EFTA00753707.pdf,data-set-9-files-31,18,email
EFTA00753725.pdf,data-set-9-files-31,1,other
EFTA00753726.pdf,data-set-9-files-31,1,email
EFTA00753727.pdf,data-set-9-files-31,1,email
EFTA00753728.pdf,data-set-9-files-31,1,email
EFTA00753729.pdf,data-set-9-files-31,1,other
EFTA00753730.pdf,data-set-9-files-31,2,email
EFTA00753732.pdf,data-set-9-files-31,1,other
EFTA00753733.pdf,data-set-9-files-31,1,email
EFTA00753734.pdf,data-set-9-files-31,1,email
EFTA00753735.pdf,data-set-9-files-31,1,email
EFTA00753736.pdf,data-set-9-files-31,1,email
EFTA00753737.pdf,data-set-9-files-31,1,email
EFTA00753738.pdf,data-set-9-files-31,1,email
EFTA00753739.pdf,data-set-9-files-31,1,email
EFTA00753740.pdf,data-set-9-files-31,1,other
EFTA00753741.pdf,data-set-9-files-31,1,other
EFTA00753742.pdf,data-set-9-files-31,2,email
EFTA00753744.pdf,data-set-9-files-31,1,email
EFTA00753745.pdf,data-set-9-files-31,1,photo
EFTA00753746.pdf,data-set-9-files-31,1,photo
EFTA00753747.pdf,data-set-9-files-31,1,photo
EFTA00753748.pdf,data-set-9-files-31,1,other
EFTA00753749.pdf,data-set-9-files-31,1,photo
EFTA00753750.pdf,data-set-9-files-31,1,email
EFTA00753751.pdf,data-set-9-files-31,2,email
EFTA00753753.pdf,data-set-9-files-31,1,email
EFTA00753754.pdf,data-set-9-files-31,3,email
EFTA00753757.pdf,data-set-9-files-31,1,email
EFTA00753758.pdf,data-set-9-files-31,1,email
EFTA00753759.pdf,data-set-9-files-31,1,email
EFTA00753760.pdf,data-set-9-files-31,1,email
EFTA00753761.pdf,data-set-9-files-31,1,email
EFTA00753762.pdf,data-set-9-files-31,1,email
EFTA00753763.pdf,data-set-9-files-31,1,photo
EFTA00753764.pdf,data-set-9-files-31,2,email
EFTA00753766.pdf,data-set-9-files-31,4,email
EFTA00753770.pdf,data-set-9-files-31,2,email
EFTA00753772.pdf,data-set-9-files-31,1,email
EFTA00753773.pdf,data-set-9-files-31,4,email
EFTA00753777.pdf,data-set-9-files-31,1,email
EFTA00753778.pdf,data-set-9-files-31,1,other
EFTA00753779.pdf,data-set-9-files-31,1,email
EFTA00753780.pdf,data-set-9-files-31,1,other
EFTA00753781.pdf,data-set-9-files-31,1,other
EFTA00753782.pdf,data-set-9-files-31,1,email
EFTA00753783.pdf,data-set-9-files-31,1,email
EFTA00753784.pdf,data-set-9-files-31,1,email
EFTA00753785.pdf,data-set-9-files-31,1,email
EFTA00753786.pdf,data-set-9-files-31,1,email
EFTA00753787.pdf,data-set-9-files-31,1,email
EFTA00753788.pdf,data-set-9-files-31,1,other
EFTA00753789.pdf,data-set-9-files-31,1,other
EFTA00753790.pdf,data-set-9-files-31,1,other
EFTA00753791.pdf,data-set-9-files-31,1,other
EFTA00753792.pdf,data-set-9-files-31,1,other
EFTA00753793.pdf,data-set-9-files-31,1,other
EFTA00753794.pdf,data-set-9-files-31,1,other
EFTA00753795.pdf,data-set-9-files-31,1,other
EFTA00753796.pdf,data-set-9-files-31,1,other
EFTA00753797.pdf,data-set-9-files-31,1,email
EFTA00753798.pdf,data-set-9-files-31,1,other
EFTA00753799.pdf,data-set-9-files-31,2,email
EFTA00753801.pdf,data-set-9-files-31,1,email
EFTA00753802.pdf,data-set-9-files-31,2,email
EFTA00753804.pdf,data-set-9-files-31,1,email
EFTA00753805.pdf,data-set-9-files-31,1,email
EFTA00753806.pdf,data-set-9-files-31,1,email
EFTA00753807.pdf,data-set-9-files-31,1,email
EFTA00753808.pdf,data-set-9-files-31,1,photo
EFTA00753809.pdf,data-set-9-files-31,1,other
EFTA00753810.pdf,data-set-9-files-31,1,other
EFTA00753811.pdf,data-set-9-files-31,1,photo
EFTA00753812.pdf,data-set-9-files-31,1,photo
EFTA00753813.pdf,data-set-9-files-31,1,photo
EFTA00753814.pdf,data-set-9-files-31,1,photo
EFTA00753815.pdf,data-set-9-files-31,2,email
EFTA00753817.pdf,data-set-9-files-31,1,other
EFTA00753818.pdf,data-set-9-files-31,2,email
EFTA00753820.pdf,data-set-9-files-31,1,email
EFTA00753821.pdf,data-set-9-files-31,1,email
EFTA00753822.pdf,data-set-9-files-31,1,email
EFTA00753823.pdf,data-set-9-files-31,1,email
EFTA00753824.pdf,data-set-9-files-31,6,other
EFTA00753830.pdf,data-set-9-files-31,1,email
EFTA00753831.pdf,data-set-9-files-31,1,email
EFTA00753832.pdf,data-set-9-files-31,1,email
EFTA00753833.pdf,data-set-9-files-31,1,email
EFTA00753834.pdf,data-set-9-files-31,1,photo
EFTA00753835.pdf,data-set-9-files-31,1,photo
EFTA00753836.pdf,data-set-9-files-31,1,photo
EFTA00753837.pdf,data-set-9-files-31,1,photo
EFTA00753838.pdf,data-set-9-files-31,1,photo
EFTA00753839.pdf,data-set-9-files-31,1,photo
EFTA00753840.pdf,data-set-9-files-31,1,photo
EFTA00753841.pdf,data-set-9-files-31,1,photo
EFTA00753842.pdf,data-set-9-files-31,1,photo
EFTA00753843.pdf,data-set-9-files-31,1,photo
EFTA00753844.pdf,data-set-9-files-31,1,photo
EFTA00753845.pdf,data-set-9-files-31,1,photo
EFTA00753846.pdf,data-set-9-files-31,1,photo
EFTA00753847.pdf,data-set-9-files-31,1,photo
EFTA00753848.pdf,data-set-9-files-31,1,photo
EFTA00753849.pdf,data-set-9-files-31,1,other
EFTA00753850.pdf,data-set-9-files-31,1,email
EFTA00753851.pdf,data-set-9-files-31,1,photo
EFTA00753852.pdf,data-set-9-files-31,1,photo
EFTA00753853.pdf,data-set-9-files-31,1,photo
EFTA00753854.pdf,data-set-9-files-31,1,photo
EFTA00753855.pdf,data-set-9-files-31,1,photo
EFTA00753856.pdf,data-set-9-files-31,1,photo
EFTA00753857.pdf,data-set-9-files-31,1,photo
EFTA00753858.pdf,data-set-9-files-31,1,photo
EFTA00753859.pdf,data-set-9-files-31,1,photo
EFTA00753860.pdf,data-set-9-files-31,1,photo
EFTA00753861.pdf,data-set-9-files-31,1,photo
EFTA00753862.pdf,data-set-9-files-31,1,photo
EFTA00753863.pdf,data-set-9-files-31,1,photo
EFTA00753864.pdf,data-set-9-files-31,1,photo
EFTA00753865.pdf,data-set-9-files-31,1,photo
EFTA00753866.pdf,data-set-9-files-31,1,photo
EFTA00753867.pdf,data-set-9-files-31,1,photo
EFTA00753868.pdf,data-set-9-files-31,2,email
EFTA00753870.pdf,data-set-9-files-31,1,email
EFTA00753871.pdf,data-set-9-files-31,1,email
EFTA00753872.pdf,data-set-9-files-31,4,email
EFTA00753876.pdf,data-set-9-files-31,1,email
EFTA00753877.pdf,data-set-9-files-31,1,email
EFTA00753878.pdf,data-set-9-files-31,1,email
EFTA00753879.pdf,data-set-9-files-31,1,email
EFTA00753880.pdf,data-set-9-files-31,1,email
EFTA00753881.pdf,data-set-9-files-31,2,email
EFTA00753883.pdf,data-set-9-files-31,2,email
EFTA00753885.pdf,data-set-9-files-31,1,email
EFTA00753886.pdf,data-set-9-files-31,1,email
EFTA00753887.pdf,data-set-9-files-31,2,email
EFTA00753889.pdf,data-set-9-files-31,1,email
EFTA00753890.pdf,data-set-9-files-31,1,email
EFTA00753891.pdf,data-set-9-files-31,1,email
EFTA00753892.pdf,data-set-9-files-31,1,other
EFTA00753893.pdf,data-set-9-files-31,1,photo
EFTA00753894.pdf,data-set-9-files-31,1,photo
EFTA00753895.pdf,data-set-9-files-31,1,photo
EFTA00753896.pdf,data-set-9-files-31,1,photo
EFTA00753897.pdf,data-set-9-files-31,1,photo
EFTA00753898.pdf,data-set-9-files-31,1,photo
EFTA00753899.pdf,data-set-9-files-31,1,photo
EFTA00753900.pdf,data-set-9-files-31,1,photo
EFTA00753901.pdf,data-set-9-files-31,1,photo
EFTA00753902.pdf,data-set-9-files-31,1,photo
EFTA00753903.pdf,data-set-9-files-31,1,photo
EFTA00753904.pdf,data-set-9-files-31,1,photo
EFTA00753905.pdf,data-set-9-files-31,1,email
EFTA00753906.pdf,data-set-9-files-31,2,email
EFTA00753908.pdf,data-set-9-files-31,3,email
EFTA00753911.pdf,data-set-9-files-31,2,email
EFTA00753913.pdf,data-set-9-files-31,2,email
EFTA00753915.pdf,data-set-9-files-31,1,email
EFTA00753916.pdf,data-set-9-files-31,1,other
EFTA00753917.pdf,data-set-9-files-31,1,other
EFTA00753918.pdf,data-set-9-files-31,2,email
EFTA00753920.pdf,data-set-9-files-31,1,email
EFTA00753921.pdf,data-set-9-files-31,1,email
EFTA00753922.pdf,data-set-9-files-31,1,email
EFTA00753923.pdf,data-set-9-files-31,1,email
EFTA00753924.pdf,data-set-9-files-31,1,email
EFTA00753925.pdf,data-set-9-files-31,3,email
EFTA00753928.pdf,data-set-9-files-31,1,other
EFTA00753929.pdf,data-set-9-files-31,2,email
EFTA00753931.pdf,data-set-9-files-31,2,email
EFTA00753933.pdf,data-set-9-files-31,1,other
EFTA00753934.pdf,data-set-9-files-31,2,email
EFTA00753936.pdf,data-set-9-files-31,1,other
EFTA00753937.pdf,data-set-9-files-31,2,email
EFTA00753939.pdf,data-set-9-files-31,2,email
EFTA00753941.pdf,data-set-9-files-31,2,email
EFTA00753943.pdf,data-set-9-files-31,2,email
EFTA00753945.pdf,data-set-9-files-31,1,other
EFTA00753946.pdf,data-set-9-files-31,1,email
EFTA00753947.pdf,data-set-9-files-31,2,email
EFTA00753949.pdf,data-set-9-files-31,1,email
EFTA00753950.pdf,data-set-9-files-31,2,email
EFTA00753952.pdf,data-set-9-files-31,2,other
EFTA00753954.pdf,data-set-9-files-31,3,email
EFTA00753957.pdf,data-set-9-files-31,2,email
EFTA00753959.pdf,data-set-9-files-31,1,email
EFTA00753960.pdf,data-set-9-files-31,2,email
EFTA00753962.pdf,data-set-9-files-31,1,other
EFTA00753963.pdf,data-set-9-files-31,1,email
EFTA00753964.pdf,data-set-9-files-31,1,email
EFTA00753965.pdf,data-set-9-files-31,1,email
EFTA00753966.pdf,data-set-9-files-31,2,email
EFTA00753968.pdf,data-set-9-files-31,1,email
EFTA00753969.pdf,data-set-9-files-31,1,email
EFTA00753970.pdf,data-set-9-files-31,2,email
EFTA00753972.pdf,data-set-9-files-31,1,email
EFTA00753973.pdf,data-set-9-files-31,2,email
EFTA00753975.pdf,data-set-9-files-31,2,other
EFTA00753977.pdf,data-set-9-files-31,1,email
EFTA00753978.pdf,data-set-9-files-31,6,email
EFTA00753984.pdf,data-set-9-files-31,2,email
EFTA00753986.pdf,data-set-9-files-31,2,email
EFTA00753988.pdf,data-set-9-files-31,2,email
EFTA00753990.pdf,data-set-9-files-31,2,email
EFTA00753992.pdf,data-set-9-files-31,1,other
EFTA00753993.pdf,data-set-9-files-31,2,email
EFTA00753995.pdf,data-set-9-files-31,1,photo
EFTA00753996.pdf,data-set-9-files-31,1,photo
EFTA00753997.pdf,data-set-9-files-31,3,email
EFTA00754000.pdf,data-set-9-files-31,1,email
EFTA00754001.pdf,data-set-9-files-31,2,email
EFTA00754003.pdf,data-set-9-files-31,1,email
EFTA00754004.pdf,data-set-9-files-31,2,email
EFTA00754006.pdf,data-set-9-files-31,1,other
EFTA00754007.pdf,data-set-9-files-31,1,other
EFTA00754008.pdf,data-set-9-files-31,3,email
EFTA00754011.pdf,data-set-9-files-31,2,email
EFTA00754013.pdf,data-set-9-files-31,1,email
EFTA00754014.pdf,data-set-9-files-31,1,email
EFTA00754015.pdf,data-set-9-files-31,1,other
EFTA00754016.pdf,data-set-9-files-31,4,email
EFTA00754020.pdf,data-set-9-files-31,3,email
EFTA00754023.pdf,data-set-9-files-31,1,email
EFTA00754024.pdf,data-set-9-files-31,1,other
EFTA00754025.pdf,data-set-9-files-31,1,email
EFTA00754026.pdf,data-set-9-files-31,1,email
EFTA00754027.pdf,data-set-9-files-31,1,email
EFTA00754028.pdf,data-set-9-files-31,1,email
EFTA00754029.pdf,data-set-9-files-31,2,email
EFTA00754031.pdf,data-set-9-files-31,1,other
EFTA00754032.pdf,data-set-9-files-31,1,email
EFTA00754033.pdf,data-set-9-files-31,1,email
EFTA00754034.pdf,data-set-9-files-31,1,email
EFTA00754035.pdf,data-set-9-files-31,1,other
EFTA00754036.pdf,data-set-9-files-31,1,other
EFTA00754037.pdf,data-set-9-files-31,1,email
EFTA00754038.pdf,data-set-9-files-31,1,email
EFTA00754039.pdf,data-set-9-files-31,1,email
EFTA00754040.pdf,data-set-9-files-31,2,email
EFTA00754042.pdf,data-set-9-files-31,1,other
EFTA00754043.pdf,data-set-9-files-31,2,email
EFTA00754045.pdf,data-set-9-files-31,2,email
EFTA00754047.pdf,data-set-9-files-31,2,email
EFTA00754049.pdf,data-set-9-files-31,1,email
EFTA00754050.pdf,data-set-9-files-31,4,email
EFTA00754054.pdf,data-set-9-files-31,3,email
EFTA00754057.pdf,data-set-9-files-31,3,email
EFTA00754060.pdf,data-set-9-files-31,12,email
EFTA00754072.pdf,data-set-9-files-31,1,email
EFTA00754073.pdf,data-set-9-files-31,1,email
EFTA00754074.pdf,data-set-9-files-31,1,email
EFTA00754075.pdf,data-set-9-files-31,1,photo
EFTA00754076.pdf,data-set-9-files-31,1,photo
EFTA00754077.pdf,data-set-9-files-31,1,photo
EFTA00754078.pdf,data-set-9-files-31,1,photo
EFTA00754079.pdf,data-set-9-files-31,1,photo
EFTA00754080.pdf,data-set-9-files-31,1,email
EFTA00754081.pdf,data-set-9-files-31,2,email
EFTA00754083.pdf,data-set-9-files-31,1,email
EFTA00754084.pdf,data-set-9-files-31,1,photo
EFTA00754085.pdf,data-set-9-files-31,1,photo
EFTA00754086.pdf,data-set-9-files-31,1,photo
EFTA00754087.pdf,data-set-9-files-31,1,photo
EFTA00754088.pdf,data-set-9-files-31,1,photo
EFTA00754089.pdf,data-set-9-files-31,1,photo
EFTA00754090.pdf,data-set-9-files-31,1,photo
EFTA00754091.pdf,data-set-9-files-31,1,photo
EFTA00754092.pdf,data-set-9-files-31,1,photo
EFTA00754093.pdf,data-set-9-files-31,1,photo
EFTA00754094.pdf,data-set-9-files-31,1,photo
EFTA00754095.pdf,data-set-9-files-31,1,email
EFTA00754096.pdf,data-set-9-files-31,1,email
EFTA00754097.pdf,data-set-9-files-31,2,email
EFTA00754099.pdf,data-set-9-files-31,1,email
EFTA00754100.pdf,data-set-9-files-31,1,email
EFTA00754101.pdf,data-set-9-files-31,1,email
EFTA00754102.pdf,data-set-9-files-31,1,photo
EFTA00754103.pdf,data-set-9-files-31,2,email
EFTA00754105.pdf,data-set-9-files-31,2,email
EFTA00754107.pdf,data-set-9-files-31,5,email
EFTA00754112.pdf,data-set-9-files-31,1,email
EFTA00754113.pdf,data-set-9-files-31,1,email
EFTA00754114.pdf,data-set-9-files-31,1,other
EFTA00754115.pdf,data-set-9-files-31,1,email
EFTA00754116.pdf,data-set-9-files-31,1,email
EFTA00754117.pdf,data-set-9-files-31,2,email
EFTA00754119.pdf,data-set-9-files-31,2,email
EFTA00754121.pdf,data-set-9-files-31,1,email
EFTA00754122.pdf,data-set-9-files-31,1,email
EFTA00754123.pdf,data-set-9-files-31,2,email
EFTA00754125.pdf,data-set-9-files-31,1,email
EFTA00754126.pdf,data-set-9-files-31,1,email
EFTA00754127.pdf,data-set-9-files-31,1,email
EFTA00754128.pdf,data-set-9-files-31,1,email
EFTA00754129.pdf,data-set-9-files-31,1,email
EFTA00754130.pdf,data-set-9-files-31,2,email
EFTA00754132.pdf,data-set-9-files-31,1,email
EFTA00754133.pdf,data-set-9-files-31,1,email
EFTA00754134.pdf,data-set-9-files-31,1,email
EFTA00754135.pdf,data-set-9-files-31,1,email
EFTA00754136.pdf,data-set-9-files-31,2,email
EFTA00754138.pdf,data-set-9-files-31,3,email
EFTA00754141.pdf,data-set-9-files-31,2,email
EFTA00754143.pdf,data-set-9-files-31,1,email
EFTA00754144.pdf,data-set-9-files-31,1,email
EFTA00754145.pdf,data-set-9-files-31,1,email
EFTA00754146.pdf,data-set-9-files-31,1,email
EFTA00754147.pdf,data-set-9-files-31,1,email
EFTA00754148.pdf,data-set-9-files-31,1,email
EFTA00754149.pdf,data-set-9-files-31,1,email
EFTA00754150.pdf,data-set-9-files-31,1,email
EFTA00754151.pdf,data-set-9-files-31,1,email
EFTA00754152.pdf,data-set-9-files-31,1,email
EFTA00754153.pdf,data-set-9-files-31,1,email
EFTA00754154.pdf,data-set-9-files-31,1,photo
EFTA00754155.pdf,data-set-9-files-31,1,other
EFTA00754156.pdf,data-set-9-files-31,1,email
EFTA00754157.pdf,data-set-9-files-31,1,photo
EFTA00754158.pdf,data-set-9-files-31,1,email
EFTA00754159.pdf,data-set-9-files-31,1,photo
EFTA00754160.pdf,data-set-9-files-31,1,other
EFTA00754161.pdf,data-set-9-files-31,1,email
EFTA00754162.pdf,data-set-9-files-31,3,email
EFTA00754165.pdf,data-set-9-files-31,2,email
EFTA00754167.pdf,data-set-9-files-31,1,email
EFTA00754168.pdf,data-set-9-files-31,1,email
EFTA00754169.pdf,data-set-9-files-31,1,email
EFTA00754170.pdf,data-set-9-files-31,1,email
EFTA00754171.pdf,data-set-9-files-31,1,other
EFTA00754172.pdf,data-set-9-files-31,1,email
EFTA00754173.pdf,data-set-9-files-31,2,email
EFTA00754175.pdf,data-set-9-files-31,1,email
EFTA00754176.pdf,data-set-9-files-31,1,email
EFTA00754177.pdf,data-set-9-files-31,1,photo
EFTA00754178.pdf,data-set-9-files-31,1,other
EFTA00754179.pdf,data-set-9-files-31,1,email
EFTA00754180.pdf,data-set-9-files-31,1,photo
EFTA00754181.pdf,data-set-9-files-31,1,photo
EFTA00754182.pdf,data-set-9-files-31,1,email
EFTA00754183.pdf,data-set-9-files-31,1,email
EFTA00754184.pdf,data-set-9-files-31,3,email
EFTA00754187.pdf,data-set-9-files-31,1,email
EFTA00754188.pdf,data-set-9-files-31,1,email
EFTA00754189.pdf,data-set-9-files-31,1,other
EFTA00754190.pdf,data-set-9-files-31,2,email
EFTA00754192.pdf,data-set-9-files-31,1,other
EFTA00754193.pdf,data-set-9-files-31,2,email
EFTA00754195.pdf,data-set-9-files-31,1,email
EFTA00754196.pdf,data-set-9-files-31,1,email
EFTA00754197.pdf,data-set-9-files-31,1,other
EFTA00754198.pdf,data-set-9-files-31,2,email
EFTA00754200.pdf,data-set-9-files-31,4,email
EFTA00754204.pdf,data-set-9-files-31,2,email
EFTA00754206.pdf,data-set-9-files-31,2,email
EFTA00754208.pdf,data-set-9-files-31,1,email
EFTA00754209.pdf,data-set-9-files-31,4,email
EFTA00754213.pdf,data-set-9-files-31,1,email
EFTA00754214.pdf,data-set-9-files-31,1,email
EFTA00754215.pdf,data-set-9-files-31,1,email
EFTA00754216.pdf,data-set-9-files-31,2,email
EFTA00754218.pdf,data-set-9-files-31,1,email
EFTA00754219.pdf,data-set-9-files-31,1,email
EFTA00754220.pdf,data-set-9-files-31,1,email
EFTA00754221.pdf,data-set-9-files-31,1,other
EFTA00754222.pdf,data-set-9-files-31,1,email
EFTA00754223.pdf,data-set-9-files-31,1,email
EFTA00754224.pdf,data-set-9-files-31,1,other
EFTA00754225.pdf,data-set-9-files-31,3,email
EFTA00754228.pdf,data-set-9-files-31,1,email
EFTA00754229.pdf,data-set-9-files-31,1,email
EFTA00754230.pdf,data-set-9-files-31,1,other
EFTA00754231.pdf,data-set-9-files-31,1,other
EFTA00754232.pdf,data-set-9-files-31,2,email
EFTA00754234.pdf,data-set-9-files-31,1,email
EFTA00754235.pdf,data-set-9-files-31,1,email
EFTA00754236.pdf,data-set-9-files-31,1,other
EFTA00754237.pdf,data-set-9-files-31,1,email
EFTA00754238.pdf,data-set-9-files-31,1,email
EFTA00754239.pdf,data-set-9-files-31,1,email
EFTA00754240.pdf,data-set-9-files-31,1,email
EFTA00754241.pdf,data-set-9-files-31,1,email
EFTA00754242.pdf,data-set-9-files-31,2,email
EFTA00754244.pdf,data-set-9-files-31,2,email
EFTA00754246.pdf,data-set-9-files-31,1,email
EFTA00754247.pdf,data-set-9-files-31,1,email
EFTA00754248.pdf,data-set-9-files-31,2,email
EFTA00754250.pdf,data-set-9-files-31,1,email
EFTA00754251.pdf,data-set-9-files-31,1,email
EFTA00754252.pdf,data-set-9-files-31,1,email
EFTA00754253.pdf,data-set-9-files-31,1,email
EFTA00754254.pdf,data-set-9-files-31,1,email
EFTA00754255.pdf,data-set-9-files-31,2,email
EFTA00754257.pdf,data-set-9-files-31,1,email
EFTA00754258.pdf,data-set-9-files-31,2,email
EFTA00754260.pdf,data-set-9-files-31,1,email
EFTA00754261.pdf,data-set-9-files-31,1,email
EFTA00754262.pdf,data-set-9-files-31,1,email
EFTA00754263.pdf,data-set-9-files-31,1,email
EFTA00754264.pdf,data-set-9-files-31,1,email
EFTA00754265.pdf,data-set-9-files-31,2,email
EFTA00754267.pdf,data-set-9-files-31,1,email
EFTA00754268.pdf,data-set-9-files-31,1,email
EFTA00754269.pdf,data-set-9-files-31,1,email
EFTA00754270.pdf,data-set-9-files-31,1,other
EFTA00754271.pdf,data-set-9-files-31,1,email
EFTA00754272.pdf,data-set-9-files-31,1,other
EFTA00754273.pdf,data-set-9-files-31,3,email
EFTA00754276.pdf,data-set-9-files-31,1,photo
EFTA00754277.pdf,data-set-9-files-31,1,photo
EFTA00754278.pdf,data-set-9-files-31,1,photo
EFTA00754279.pdf,data-set-9-files-31,1,photo
EFTA00754280.pdf,data-set-9-files-31,1,photo
EFTA00754281.pdf,data-set-9-files-31,1,photo
EFTA00754282.pdf,data-set-9-files-31,1,photo
EFTA00754283.pdf,data-set-9-files-31,1,photo
EFTA00754284.pdf,data-set-9-files-31,1,other
EFTA00754285.pdf,data-set-9-files-31,1,photo
EFTA00754286.pdf,data-set-9-files-31,1,photo
EFTA00754287.pdf,data-set-9-files-31,1,other
EFTA00754288.pdf,data-set-9-files-31,1,other
EFTA00754289.pdf,data-set-9-files-31,1,photo
EFTA00754290.pdf,data-set-9-files-31,1,other
EFTA00754291.pdf,data-set-9-files-31,1,photo
EFTA00754292.pdf,data-set-9-files-31,1,photo
EFTA00754293.pdf,data-set-9-files-31,1,photo
EFTA00754294.pdf,data-set-9-files-31,1,photo
EFTA00754295.pdf,data-set-9-files-31,1,photo
EFTA00754296.pdf,data-set-9-files-31,1,photo
EFTA00754297.pdf,data-set-9-files-31,1,photo
EFTA00754298.pdf,data-set-9-files-31,1,photo
EFTA00754299.pdf,data-set-9-files-31,1,photo
EFTA00754300.pdf,data-set-9-files-31,1,photo
EFTA00754301.pdf,data-set-9-files-31,1,email
EFTA00754302.pdf,data-set-9-files-31,1,email
EFTA00754303.pdf,data-set-9-files-31,1,email
EFTA00754304.pdf,data-set-9-files-31,1,email
EFTA00754305.pdf,data-set-9-files-31,1,email
EFTA00754306.pdf,data-set-9-files-31,1,email
EFTA00754307.pdf,data-set-9-files-31,1,email
EFTA00754308.pdf,data-set-9-files-31,1,other
EFTA00754309.pdf,data-set-9-files-31,1,email
EFTA00754310.pdf,data-set-9-files-31,13,email
EFTA00754323.pdf,data-set-9-files-31,2,email
EFTA00754325.pdf,data-set-9-files-31,2,email
EFTA00754327.pdf,data-set-9-files-31,2,email
EFTA00754329.pdf,data-set-9-files-31,1,other
EFTA00754330.pdf,data-set-9-files-31,1,email
EFTA00754331.pdf,data-set-9-files-31,1,email
EFTA00754332.pdf,data-set-9-files-31,2,email
EFTA00754334.pdf,data-set-9-files-31,1,email
EFTA00754335.pdf,data-set-9-files-31,1,email
EFTA00754336.pdf,data-set-9-files-31,2,email
EFTA00754338.pdf,data-set-9-files-31,1,email
EFTA00754339.pdf,data-set-9-files-31,1,email
EFTA00754340.pdf,data-set-9-files-31,2,email
EFTA00754342.pdf,data-set-9-files-31,1,email
EFTA00754343.pdf,data-set-9-files-31,1,email
EFTA00754344.pdf,data-set-9-files-31,1,email
EFTA00754345.pdf,data-set-9-files-31,2,email
EFTA00754347.pdf,data-set-9-files-31,1,email
EFTA00754348.pdf,data-set-9-files-31,2,email
EFTA00754350.pdf,data-set-9-files-31,4,email
EFTA00754354.pdf,data-set-9-files-31,1,email
EFTA00754355.pdf,data-set-9-files-31,1,other
EFTA00754356.pdf,data-set-9-files-31,1,other
EFTA00754357.pdf,data-set-9-files-31,4,email
EFTA00754361.pdf,data-set-9-files-31,1,email
EFTA00754362.pdf,data-set-9-files-31,2,email
EFTA00754364.pdf,data-set-9-files-31,1,email
EFTA00754365.pdf,data-set-9-files-31,1,email
EFTA00754366.pdf,data-set-9-files-31,1,photo
EFTA00754367.pdf,data-set-9-files-31,1,email
EFTA00754368.pdf,data-set-9-files-31,1,photo
EFTA00754369.pdf,data-set-9-files-31,1,email
EFTA00754370.pdf,data-set-9-files-31,1,photo
EFTA00754371.pdf,data-set-9-files-31,1,photo
EFTA00754372.pdf,data-set-9-files-31,1,photo
EFTA00754373.pdf,data-set-9-files-31,1,photo
EFTA00754374.pdf,data-set-9-files-31,1,photo
EFTA00754375.pdf,data-set-9-files-31,2,email
EFTA00754377.pdf,data-set-9-files-31,2,email
EFTA00754379.pdf,data-set-9-files-31,3,email
EFTA00754382.pdf,data-set-9-files-31,3,email
EFTA00754385.pdf,data-set-9-files-31,2,email
EFTA00754387.pdf,data-set-9-files-31,1,email
EFTA00754388.pdf,data-set-9-files-31,1,email
EFTA00754389.pdf,data-set-9-files-31,1,other
EFTA00754390.pdf,data-set-9-files-31,1,email
EFTA00754391.pdf,data-set-9-files-31,1,email
EFTA00754392.pdf,data-set-9-files-31,1,email
EFTA00754393.pdf,data-set-9-files-31,2,email
EFTA00754395.pdf,data-set-9-files-31,1,email
EFTA00754396.pdf,data-set-9-files-31,1,email
EFTA00754397.pdf,data-set-9-files-31,1,email
EFTA00754398.pdf,data-set-9-files-31,6,email
EFTA00754404.pdf,data-set-9-files-31,1,email
EFTA00754405.pdf,data-set-9-files-31,1,email
EFTA00754406.pdf,data-set-9-files-31,1,email
EFTA00754407.pdf,data-set-9-files-31,1,email
EFTA00754408.pdf,data-set-9-files-31,1,email
EFTA00754409.pdf,data-set-9-files-31,1,other
EFTA00754410.pdf,data-set-9-files-31,4,email
EFTA00754414.pdf,data-set-9-files-31,3,email
EFTA00754417.pdf,data-set-9-files-31,3,email
EFTA00754420.pdf,data-set-9-files-31,5,email
EFTA00754425.pdf,data-set-9-files-31,1,email
EFTA00754426.pdf,data-set-9-files-31,1,photo
EFTA00754427.pdf,data-set-9-files-31,1,email
EFTA00754428.pdf,data-set-9-files-31,4,email
EFTA00754432.pdf,data-set-9-files-31,2,email
EFTA00754434.pdf,data-set-9-files-31,2,email
EFTA00754436.pdf,data-set-9-files-31,1,email
EFTA00754437.pdf,data-set-9-files-31,1,other
EFTA00754438.pdf,data-set-9-files-31,1,email
EFTA00754439.pdf,data-set-9-files-31,1,email
EFTA00754440.pdf,data-set-9-files-31,1,email
EFTA00754441.pdf,data-set-9-files-31,1,email
EFTA00754442.pdf,data-set-9-files-31,1,email
EFTA00754443.pdf,data-set-9-files-31,1,email
EFTA00754444.pdf,data-set-9-files-31,1,email
EFTA00754445.pdf,data-set-9-files-31,2,email
EFTA00754447.pdf,data-set-9-files-31,1,email
EFTA00754448.pdf,data-set-9-files-31,1,other
EFTA00754449.pdf,data-set-9-files-31,1,email
EFTA00754450.pdf,data-set-9-files-31,1,other
EFTA00754451.pdf,data-set-9-files-31,1,email
EFTA00754452.pdf,data-set-9-files-31,1,email
EFTA00754453.pdf,data-set-9-files-31,1,email
EFTA00754454.pdf,data-set-9-files-31,1,email
EFTA00754455.pdf,data-set-9-files-31,1,email
EFTA00754456.pdf,data-set-9-files-31,1,photo
EFTA00754457.pdf,data-set-9-files-31,1,email
EFTA00754458.pdf,data-set-9-files-31,1,email
EFTA00754459.pdf,data-set-9-files-31,1,email
EFTA00754460.pdf,data-set-9-files-31,1,email
EFTA00754461.pdf,data-set-9-files-31,1,email
EFTA00754462.pdf,data-set-9-files-31,6,email
EFTA00754468.pdf,data-set-9-files-31,2,email
EFTA00754470.pdf,data-set-9-files-31,1,email
EFTA00754471.pdf,data-set-9-files-31,1,other
EFTA00754472.pdf,data-set-9-files-31,1,email
EFTA00754473.pdf,data-set-9-files-31,1,email
EFTA00754474.pdf,data-set-9-files-31,6,email
EFTA00754480.pdf,data-set-9-files-31,1,email
EFTA00754481.pdf,data-set-9-files-31,1,email
EFTA00754482.pdf,data-set-9-files-31,5,email
EFTA00754487.pdf,data-set-9-files-31,1,email
EFTA00754488.pdf,data-set-9-files-31,1,email
EFTA00754489.pdf,data-set-9-files-31,1,other
EFTA00754490.pdf,data-set-9-files-31,4,email
EFTA00754494.pdf,data-set-9-files-31,3,email
EFTA00754497.pdf,data-set-9-files-31,2,email
EFTA00754499.pdf,data-set-9-files-31,1,email
EFTA00754500.pdf,data-set-9-files-31,1,email
EFTA00754501.pdf,data-set-9-files-31,1,email
EFTA00754502.pdf,data-set-9-files-31,1,email
EFTA00754503.pdf,data-set-9-files-31,2,email
EFTA00754505.pdf,data-set-9-files-31,2,email
EFTA00754507.pdf,data-set-9-files-31,2,email
EFTA00754509.pdf,data-set-9-files-31,2,email
EFTA00754511.pdf,data-set-9-files-31,2,email
EFTA00754513.pdf,data-set-9-files-31,2,email
EFTA00754515.pdf,data-set-9-files-31,1,email
EFTA00754516.pdf,data-set-9-files-31,1,photo
EFTA00754517.pdf,data-set-9-files-31,3,email
EFTA00754520.pdf,data-set-9-files-31,1,email
EFTA00754521.pdf,data-set-9-files-31,1,email
EFTA00754522.pdf,data-set-9-files-31,2,email
EFTA00754524.pdf,data-set-9-files-31,1,email
EFTA00754525.pdf,data-set-9-files-31,2,email
EFTA00754527.pdf,data-set-9-files-31,1,email
EFTA00754528.pdf,data-set-9-files-31,1,email
EFTA00754529.pdf,data-set-9-files-31,1,email
EFTA00754530.pdf,data-set-9-files-31,1,email
EFTA00754531.pdf,data-set-9-files-31,1,photo
EFTA00754532.pdf,data-set-9-files-31,1,other
EFTA00754533.pdf,data-set-9-files-31,1,email
EFTA00754534.pdf,data-set-9-files-31,1,email
EFTA00754535.pdf,data-set-9-files-31,2,email
EFTA00754537.pdf,data-set-9-files-31,1,email
EFTA00754538.pdf,data-set-9-files-31,1,email
EFTA00754539.pdf,data-set-9-files-31,1,email
EFTA00754540.pdf,data-set-9-files-31,1,email
EFTA00754541.pdf,data-set-9-files-31,1,email
EFTA00754542.pdf,data-set-9-files-31,1,other
EFTA00754543.pdf,data-set-9-files-31,1,email
EFTA00754544.pdf,data-set-9-files-31,1,photo
EFTA00754545.pdf,data-set-9-files-31,3,email
EFTA00754548.pdf,data-set-9-files-31,1,email
EFTA00754549.pdf,data-set-9-files-31,1,email
EFTA00754550.pdf,data-set-9-files-31,1,email
EFTA00754551.pdf,data-set-9-files-31,1,email
EFTA00754552.pdf,data-set-9-files-31,1,email
EFTA00754553.pdf,data-set-9-files-31,3,email
EFTA00754556.pdf,data-set-9-files-31,2,email
EFTA00754558.pdf,data-set-9-files-31,2,email
EFTA00754560.pdf,data-set-9-files-31,1,email
EFTA00754561.pdf,data-set-9-files-31,1,email
EFTA00754562.pdf,data-set-9-files-31,3,email
EFTA00754565.pdf,data-set-9-files-31,1,email
EFTA00754566.pdf,data-set-9-files-31,1,email
EFTA00754567.pdf,data-set-9-files-31,1,email
EFTA00754568.pdf,data-set-9-files-31,1,email
EFTA00754569.pdf,data-set-9-files-31,1,email
EFTA00754570.pdf,data-set-9-files-31,1,email
EFTA00754571.pdf,data-set-9-files-31,1,email
EFTA00754572.pdf,data-set-9-files-31,2,email
EFTA00754574.pdf,data-set-9-files-31,4,email
EFTA00754578.pdf,data-set-9-files-31,1,email
EFTA00754579.pdf,data-set-9-files-31,1,email
EFTA00754580.pdf,data-set-9-files-31,2,email
EFTA00754582.pdf,data-set-9-files-31,1,email
EFTA00754583.pdf,data-set-9-files-31,1,other
EFTA00754584.pdf,data-set-9-files-31,2,email
EFTA00754586.pdf,data-set-9-files-31,1,email
EFTA00754587.pdf,data-set-9-files-31,1,email
EFTA00754588.pdf,data-set-9-files-31,1,other
EFTA00754589.pdf,data-set-9-files-31,4,email
EFTA00754593.pdf,data-set-9-files-31,1,other
EFTA00754594.pdf,data-set-9-files-31,2,email
EFTA00754596.pdf,data-set-9-files-31,1,email
EFTA00754597.pdf,data-set-9-files-31,1,email
EFTA00754598.pdf,data-set-9-files-31,1,email
EFTA00754599.pdf,data-set-9-files-31,1,email
EFTA00754600.pdf,data-set-9-files-31,1,email
EFTA00754601.pdf,data-set-9-files-31,1,email
EFTA00754602.pdf,data-set-9-files-31,1,email
EFTA00754603.pdf,data-set-9-files-31,1,email
EFTA00754604.pdf,data-set-9-files-31,1,other
EFTA00754605.pdf,data-set-9-files-31,1,email
EFTA00754606.pdf,data-set-9-files-31,1,email
EFTA00754607.pdf,data-set-9-files-31,1,email
EFTA00754608.pdf,data-set-9-files-31,2,email
EFTA00754610.pdf,data-set-9-files-31,1,email
EFTA00754611.pdf,data-set-9-files-31,1,email
EFTA00754612.pdf,data-set-9-files-31,1,email
EFTA00754613.pdf,data-set-9-files-31,1,email
EFTA00754614.pdf,data-set-9-files-31,1,email
EFTA00754615.pdf,data-set-9-files-31,1,email
EFTA00754616.pdf,data-set-9-files-31,2,email
EFTA00754618.pdf,data-set-9-files-31,1,other
EFTA00754619.pdf,data-set-9-files-31,1,email
EFTA00754620.pdf,data-set-9-files-31,1,email
EFTA00754621.pdf,data-set-9-files-31,1,email
EFTA00754622.pdf,data-set-9-files-31,1,email
EFTA00754623.pdf,data-set-9-files-31,1,email
EFTA00754624.pdf,data-set-9-files-31,3,email
EFTA00754627.pdf,data-set-9-files-31,1,email
EFTA00754628.pdf,data-set-9-files-31,1,email
EFTA00754629.pdf,data-set-9-files-31,4,email
EFTA00754633.pdf,data-set-9-files-31,10,email
EFTA00754643.pdf,data-set-9-files-31,9,email
EFTA00754652.pdf,data-set-9-files-31,1,email
EFTA00754653.pdf,data-set-9-files-31,2,other
EFTA00754655.pdf,data-set-9-files-31,2,other
EFTA00754657.pdf,data-set-9-files-31,1,email
EFTA00754658.pdf,data-set-9-files-31,2,email
EFTA00754660.pdf,data-set-9-files-31,1,email
EFTA00754661.pdf,data-set-9-files-31,1,email
EFTA00754662.pdf,data-set-9-files-31,2,email
EFTA00754664.pdf,data-set-9-files-31,2,email
EFTA00754666.pdf,data-set-9-files-31,1,other
EFTA00754667.pdf,data-set-9-files-31,1,email
EFTA00754668.pdf,data-set-9-files-31,1,email
EFTA00754669.pdf,data-set-9-files-31,1,email
EFTA00754670.pdf,data-set-9-files-31,4,email
EFTA00754674.pdf,data-set-9-files-31,4,email
EFTA00754678.pdf,data-set-9-files-31,3,email
EFTA00754681.pdf,data-set-9-files-31,1,email
EFTA00754682.pdf,data-set-9-files-31,1,email
EFTA00754683.pdf,data-set-9-files-31,1,email
EFTA00754684.pdf,data-set-9-files-31,1,email
EFTA00754685.pdf,data-set-9-files-31,1,email
EFTA00754686.pdf,data-set-9-files-31,9,email
EFTA00754695.pdf,data-set-9-files-31,1,email
EFTA00754696.pdf,data-set-9-files-31,2,email
EFTA00754698.pdf,data-set-9-files-31,2,email
EFTA00754700.pdf,data-set-9-files-31,1,email
EFTA00754701.pdf,data-set-9-files-31,1,email
EFTA00754702.pdf,data-set-9-files-31,4,email
EFTA00754706.pdf,data-set-9-files-31,3,email
EFTA00754709.pdf,data-set-9-files-31,3,email
EFTA00754712.pdf,data-set-9-files-31,1,email
EFTA00754713.pdf,data-set-9-files-31,1,photo
EFTA00754714.pdf,data-set-9-files-31,1,other
EFTA00754715.pdf,data-set-9-files-31,1,photo
EFTA00754716.pdf,data-set-9-files-31,1,photo
EFTA00754717.pdf,data-set-9-files-31,1,photo
EFTA00754718.pdf,data-set-9-files-31,1,photo
EFTA00754719.pdf,data-set-9-files-31,1,photo
EFTA00754720.pdf,data-set-9-files-31,1,photo
EFTA00754721.pdf,data-set-9-files-31,1,other
EFTA00754722.pdf,data-set-9-files-31,1,email
EFTA00754723.pdf,data-set-9-files-31,4,email
EFTA00754727.pdf,data-set-9-files-31,2,email
EFTA00754729.pdf,data-set-9-files-31,1,email
EFTA00754730.pdf,data-set-9-files-31,1,email
EFTA00754731.pdf,data-set-9-files-31,1,email
EFTA00754732.pdf,data-set-9-files-31,1,photo
EFTA00754733.pdf,data-set-9-files-31,1,other
EFTA00754734.pdf,data-set-9-files-31,1,email
EFTA00754735.pdf,data-set-9-files-31,1,email
EFTA00754736.pdf,data-set-9-files-31,1,other
EFTA00754737.pdf,data-set-9-files-31,3,email
EFTA00754740.pdf,data-set-9-files-31,1,other
EFTA00754741.pdf,data-set-9-files-31,1,photo
EFTA00754742.pdf,data-set-9-files-31,1,other
EFTA00754743.pdf,data-set-9-files-31,1,photo
EFTA00754744.pdf,data-set-9-files-31,1,email
EFTA00754745.pdf,data-set-9-files-31,2,email
EFTA00754747.pdf,data-set-9-files-31,1,email
EFTA00754748.pdf,data-set-9-files-31,1,email
EFTA00754749.pdf,data-set-9-files-31,2,email
EFTA00754751.pdf,data-set-9-files-31,1,email
EFTA00754752.pdf,data-set-9-files-31,1,email
EFTA00754753.pdf,data-set-9-files-31,1,email
EFTA00754754.pdf,data-set-9-files-31,1,email
EFTA00754755.pdf,data-set-9-files-31,1,email
EFTA00754756.pdf,data-set-9-files-31,1,photo
EFTA00754757.pdf,data-set-9-files-31,1,other
EFTA00754758.pdf,data-set-9-files-31,1,other
EFTA00754759.pdf,data-set-9-files-31,1,email
EFTA00754760.pdf,data-set-9-files-31,1,email
EFTA00754761.pdf,data-set-9-files-31,1,email
EFTA00754762.pdf,data-set-9-files-31,1,email
EFTA00754763.pdf,data-set-9-files-31,1,email
EFTA00754764.pdf,data-set-9-files-31,1,email
EFTA00754765.pdf,data-set-9-files-31,10,email
EFTA00754775.pdf,data-set-9-files-31,1,email
EFTA00754776.pdf,data-set-9-files-31,2,email
EFTA00754778.pdf,data-set-9-files-31,1,email
EFTA00754779.pdf,data-set-9-files-31,1,email
EFTA00754780.pdf,data-set-9-files-31,2,email
EFTA00754782.pdf,data-set-9-files-31,1,email
EFTA00754783.pdf,data-set-9-files-31,1,other
EFTA00754784.pdf,data-set-9-files-31,1,other
EFTA00754785.pdf,data-set-9-files-31,1,email
EFTA00754786.pdf,data-set-9-files-31,2,email
EFTA00754788.pdf,data-set-9-files-31,1,email
EFTA00754789.pdf,data-set-9-files-31,1,email
EFTA00754790.pdf,data-set-9-files-31,6,email
EFTA00754796.pdf,data-set-9-files-31,6,email
EFTA00754802.pdf,data-set-9-files-31,1,other
EFTA00754803.pdf,data-set-9-files-31,2,email
EFTA00754805.pdf,data-set-9-files-31,1,email
EFTA00754806.pdf,data-set-9-files-31,1,email
EFTA00754807.pdf,data-set-9-files-31,2,email
EFTA00754809.pdf,data-set-9-files-31,1,email
EFTA00754810.pdf,data-set-9-files-31,1,email
EFTA00754811.pdf,data-set-9-files-31,2,email
EFTA00754813.pdf,data-set-9-files-31,1,email
EFTA00754814.pdf,data-set-9-files-31,1,other
EFTA00754815.pdf,data-set-9-files-31,1,photo
EFTA00754816.pdf,data-set-9-files-31,1,photo
EFTA00754817.pdf,data-set-9-files-31,1,email
EFTA00754818.pdf,data-set-9-files-31,1,other
EFTA00754819.pdf,data-set-9-files-31,1,other
EFTA00754820.pdf,data-set-9-files-31,1,email
EFTA00754821.pdf,data-set-9-files-31,57,email
EFTA00754878.pdf,data-set-9-files-31,1,other
EFTA00754879.pdf,data-set-9-files-31,4,email
EFTA00754883.pdf,data-set-9-files-31,1,email
EFTA00754884.pdf,data-set-9-files-31,1,email
EFTA00754885.pdf,data-set-9-files-31,1,email
EFTA00754886.pdf,data-set-9-files-31,1,other
EFTA00754887.pdf,data-set-9-files-31,1,email
EFTA00754888.pdf,data-set-9-files-31,2,email
EFTA00754890.pdf,data-set-9-files-31,1,photo
EFTA00754891.pdf,data-set-9-files-31,2,email
EFTA00754893.pdf,data-set-9-files-31,1,email
EFTA00754894.pdf,data-set-9-files-31,1,email
EFTA00754895.pdf,data-set-9-files-31,3,email
EFTA00754898.pdf,data-set-9-files-31,2,other
EFTA00754900.pdf,data-set-9-files-31,2,email
EFTA00754902.pdf,data-set-9-files-31,1,email
EFTA00754903.pdf,data-set-9-files-31,1,email
EFTA00754904.pdf,data-set-9-files-31,1,email
EFTA00754905.pdf,data-set-9-files-31,1,email
EFTA00754906.pdf,data-set-9-files-31,1,other
EFTA00754907.pdf,data-set-9-files-31,1,email
EFTA00754908.pdf,data-set-9-files-31,1,other
EFTA00754909.pdf,data-set-9-files-31,2,email
EFTA00754911.pdf,data-set-9-files-31,2,email
EFTA00754913.pdf,data-set-9-files-31,1,email
EFTA00754914.pdf,data-set-9-files-31,2,email
EFTA00754916.pdf,data-set-9-files-31,1,email
EFTA00754917.pdf,data-set-9-files-31,2,email
EFTA00754919.pdf,data-set-9-files-31,1,email
EFTA00754920.pdf,data-set-9-files-31,1,email
EFTA00754921.pdf,data-set-9-files-31,1,email
EFTA00754922.pdf,data-set-9-files-31,2,email
EFTA00754924.pdf,data-set-9-files-31,2,email
EFTA00754926.pdf,data-set-9-files-31,2,email
EFTA00754928.pdf,data-set-9-files-31,1,email
EFTA00754929.pdf,data-set-9-files-31,1,other
EFTA00754930.pdf,data-set-9-files-31,2,email
EFTA00754932.pdf,data-set-9-files-31,2,email
EFTA00754934.pdf,data-set-9-files-31,4,email
EFTA00754938.pdf,data-set-9-files-31,2,email
EFTA00754940.pdf,data-set-9-files-31,1,email
EFTA00754941.pdf,data-set-9-files-31,3,email
EFTA00754944.pdf,data-set-9-files-31,2,email
EFTA00754946.pdf,data-set-9-files-31,1,email
EFTA00754947.pdf,data-set-9-files-31,1,email
EFTA00754948.pdf,data-set-9-files-31,2,email
EFTA00754950.pdf,data-set-9-files-31,1,email
EFTA00754951.pdf,data-set-9-files-31,2,email
EFTA00754953.pdf,data-set-9-files-31,2,email
EFTA00754955.pdf,data-set-9-files-31,2,email
EFTA00754957.pdf,data-set-9-files-31,1,email
EFTA00754958.pdf,data-set-9-files-31,1,email
EFTA00754959.pdf,data-set-9-files-31,1,email
EFTA00754960.pdf,data-set-9-files-31,2,email
EFTA00754962.pdf,data-set-9-files-31,1,other
EFTA00754963.pdf,data-set-9-files-31,1,email
EFTA00754964.pdf,data-set-9-files-31,1,email
EFTA00754965.pdf,data-set-9-files-31,2,email
EFTA00754967.pdf,data-set-9-files-31,2,email
EFTA00754969.pdf,data-set-9-files-31,1,photo
EFTA00754970.pdf,data-set-9-files-31,2,email
EFTA00754972.pdf,data-set-9-files-31,1,email
EFTA00754973.pdf,data-set-9-files-31,1,email
EFTA00754974.pdf,data-set-9-files-31,1,email
EFTA00754975.pdf,data-set-9-files-31,1,email
EFTA00754976.pdf,data-set-9-files-31,1,email
EFTA00754977.pdf,data-set-9-files-31,1,email
EFTA00754978.pdf,data-set-9-files-31,1,email
EFTA00754979.pdf,data-set-9-files-31,1,email
EFTA00754980.pdf,data-set-9-files-31,1,email
EFTA00754981.pdf,data-set-9-files-31,1,email
EFTA00754982.pdf,data-set-9-files-31,1,email
EFTA00754983.pdf,data-set-9-files-31,1,email
EFTA00754984.pdf,data-set-9-files-31,3,email
EFTA00754987.pdf,data-set-9-files-31,1,email
EFTA00754988.pdf,data-set-9-files-31,1,other
EFTA00754989.pdf,data-set-9-files-31,1,email
EFTA00754990.pdf,data-set-9-files-31,2,email
EFTA00754992.pdf,data-set-9-files-31,1,email
EFTA00754993.pdf,data-set-9-files-31,1,email
EFTA00754994.pdf,data-set-9-files-31,1,email
EFTA00754995.pdf,data-set-9-files-31,1,email
EFTA00754996.pdf,data-set-9-files-31,1,email
EFTA00754997.pdf,data-set-9-files-31,10,email
EFTA00755007.pdf,data-set-9-files-31,2,email
EFTA00755009.pdf,data-set-9-files-31,1,email
EFTA00755010.pdf,data-set-9-files-31,2,email
EFTA00755012.pdf,data-set-9-files-31,1,other
EFTA00755013.pdf,data-set-9-files-31,1,email
EFTA00755014.pdf,data-set-9-files-31,1,email
EFTA00755015.pdf,data-set-9-files-31,1,email
EFTA00755016.pdf,data-set-9-files-31,6,email
EFTA00755022.pdf,data-set-9-files-31,1,email
EFTA00755023.pdf,data-set-9-files-31,2,email
EFTA00755025.pdf,data-set-9-files-31,1,email
EFTA00755026.pdf,data-set-9-files-31,1,email
EFTA00755027.pdf,data-set-9-files-31,1,email
EFTA00755028.pdf,data-set-9-files-31,1,email
EFTA00755029.pdf,data-set-9-files-31,1,email
EFTA00755030.pdf,data-set-9-files-31,3,email
EFTA00755033.pdf,data-set-9-files-31,2,email
EFTA00755035.pdf,data-set-9-files-31,2,email
EFTA00755037.pdf,data-set-9-files-31,2,email
EFTA00755039.pdf,data-set-9-files-31,1,email
EFTA00755040.pdf,data-set-9-files-31,1,email
EFTA00755041.pdf,data-set-9-files-31,1,email
EFTA00755042.pdf,data-set-9-files-31,1,email
EFTA00755043.pdf,data-set-9-files-31,1,email
EFTA00755044.pdf,data-set-9-files-31,2,email
EFTA00755046.pdf,data-set-9-files-31,1,email
EFTA00755047.pdf,data-set-9-files-31,2,email
EFTA00755049.pdf,data-set-9-files-31,1,other
EFTA00755050.pdf,data-set-9-files-31,2,email
EFTA00755052.pdf,data-set-9-files-31,1,email
EFTA00755053.pdf,data-set-9-files-31,1,email
EFTA00755054.pdf,data-set-9-files-31,1,email
EFTA00755055.pdf,data-set-9-files-31,1,email
EFTA00755056.pdf,data-set-9-files-31,2,email
EFTA00755058.pdf,data-set-9-files-31,2,email
EFTA00755060.pdf,data-set-9-files-31,1,email
EFTA00755061.pdf,data-set-9-files-31,1,email
EFTA00755062.pdf,data-set-9-files-31,1,email
EFTA00755063.pdf,data-set-9-files-31,1,other
EFTA00755064.pdf,data-set-9-files-31,1,email
EFTA00755065.pdf,data-set-9-files-31,1,email
EFTA00755066.pdf,data-set-9-files-31,1,email
EFTA00755067.pdf,data-set-9-files-31,1,email
EFTA00755068.pdf,data-set-9-files-31,2,email
EFTA00755070.pdf,data-set-9-files-31,1,email
EFTA00755071.pdf,data-set-9-files-31,1,other
EFTA00755072.pdf,data-set-9-files-31,1,photo
EFTA00755073.pdf,data-set-9-files-31,1,other
EFTA00755074.pdf,data-set-9-files-31,1,photo
EFTA00755075.pdf,data-set-9-files-31,1,other
EFTA00755076.pdf,data-set-9-files-31,1,other
EFTA00755077.pdf,data-set-9-files-31,1,photo
EFTA00755078.pdf,data-set-9-files-31,1,other
EFTA00755079.pdf,data-set-9-files-31,1,photo
EFTA00755080.pdf,data-set-9-files-31,1,photo
EFTA00755081.pdf,data-set-9-files-31,1,photo
EFTA00755082.pdf,data-set-9-files-31,1,email
EFTA00755083.pdf,data-set-9-files-31,5,email
EFTA00755088.pdf,data-set-9-files-31,1,other
EFTA00755089.pdf,data-set-9-files-31,1,email
EFTA00755090.pdf,data-set-9-files-31,1,photo
EFTA00755091.pdf,data-set-9-files-31,1,other
EFTA00755092.pdf,data-set-9-files-31,1,photo
EFTA00755093.pdf,data-set-9-files-31,1,other
EFTA00755094.pdf,data-set-9-files-31,1,photo
EFTA00755095.pdf,data-set-9-files-31,1,photo
EFTA00755096.pdf,data-set-9-files-31,1,photo
EFTA00755097.pdf,data-set-9-files-31,1,photo
EFTA00755098.pdf,data-set-9-files-31,1,photo
EFTA00755099.pdf,data-set-9-files-31,1,photo
EFTA00755100.pdf,data-set-9-files-31,1,email
EFTA00755101.pdf,data-set-9-files-31,1,photo
EFTA00755102.pdf,data-set-9-files-31,1,photo
EFTA00755103.pdf,data-set-9-files-31,1,photo
EFTA00755104.pdf,data-set-9-files-31,1,photo
EFTA00755105.pdf,data-set-9-files-31,1,photo
EFTA00755106.pdf,data-set-9-files-31,1,photo
EFTA00755107.pdf,data-set-9-files-31,1,photo
EFTA00755108.pdf,data-set-9-files-31,1,photo
EFTA00755109.pdf,data-set-9-files-31,1,photo
EFTA00755110.pdf,data-set-9-files-31,1,other
EFTA00755111.pdf,data-set-9-files-31,1,photo
EFTA00755112.pdf,data-set-9-files-31,1,other
EFTA00755113.pdf,data-set-9-files-31,3,email
EFTA00755116.pdf,data-set-9-files-31,2,email
EFTA00755118.pdf,data-set-9-files-31,1,email
EFTA00755119.pdf,data-set-9-files-31,3,email
EFTA00755122.pdf,data-set-9-files-31,2,email
EFTA00755124.pdf,data-set-9-files-31,2,email
EFTA00755126.pdf,data-set-9-files-31,2,email
EFTA00755128.pdf,data-set-9-files-31,2,email
EFTA00755130.pdf,data-set-9-files-31,1,other
EFTA00755131.pdf,data-set-9-files-31,2,email
EFTA00755133.pdf,data-set-9-files-31,1,email
EFTA00755134.pdf,data-set-9-files-31,2,email
EFTA00755136.pdf,data-set-9-files-31,1,email
EFTA00755137.pdf,data-set-9-files-31,1,email
EFTA00755138.pdf,data-set-9-files-31,1,email
EFTA00755139.pdf,data-set-9-files-31,1,email
EFTA00755140.pdf,data-set-9-files-31,1,email
EFTA00755141.pdf,data-set-9-files-31,1,email
EFTA00755142.pdf,data-set-9-files-31,1,email
EFTA00755143.pdf,data-set-9-files-31,3,email
EFTA00755146.pdf,data-set-9-files-31,1,email
EFTA00755147.pdf,data-set-9-files-31,1,email
EFTA00755148.pdf,data-set-9-files-31,3,email
EFTA00755151.pdf,data-set-9-files-31,1,email
EFTA00755152.pdf,data-set-9-files-31,1,other
EFTA00755153.pdf,data-set-9-files-31,1,email
EFTA00755154.pdf,data-set-9-files-31,1,email
EFTA00755155.pdf,data-set-9-files-31,1,email
EFTA00755156.pdf,data-set-9-files-31,4,email
EFTA00755160.pdf,data-set-9-files-31,1,email
EFTA00755161.pdf,data-set-9-files-31,1,email
EFTA00755162.pdf,data-set-9-files-31,2,email
EFTA00755164.pdf,data-set-9-files-31,1,email
EFTA00755165.pdf,data-set-9-files-31,1,email
EFTA00755166.pdf,data-set-9-files-31,2,email
EFTA00755168.pdf,data-set-9-files-31,2,email
EFTA00755170.pdf,data-set-9-files-31,2,email
EFTA00755172.pdf,data-set-9-files-31,2,email
EFTA00755174.pdf,data-set-9-files-31,1,email
EFTA00755175.pdf,data-set-9-files-31,2,email
EFTA00755177.pdf,data-set-9-files-31,1,email
EFTA00755178.pdf,data-set-9-files-31,1,email
EFTA00755179.pdf,data-set-9-files-31,1,email
EFTA00755180.pdf,data-set-9-files-31,1,email
EFTA00755181.pdf,data-set-9-files-31,1,email
EFTA00755182.pdf,data-set-9-files-31,1,email
EFTA00755183.pdf,data-set-9-files-31,1,email
EFTA00755184.pdf,data-set-9-files-31,1,email
EFTA00755185.pdf,data-set-9-files-31,3,email
EFTA00755188.pdf,data-set-9-files-31,1,email
EFTA00755189.pdf,data-set-9-files-31,1,email
EFTA00755190.pdf,data-set-9-files-31,1,email
EFTA00755191.pdf,data-set-9-files-31,2,email
EFTA00755193.pdf,data-set-9-files-31,1,email
EFTA00755194.pdf,data-set-9-files-31,1,email
EFTA00755195.pdf,data-set-9-files-31,1,email
EFTA00755196.pdf,data-set-9-files-31,1,email
EFTA00755197.pdf,data-set-9-files-31,3,email
EFTA00755200.pdf,data-set-9-files-31,1,email
EFTA00755201.pdf,data-set-9-files-31,1,email
EFTA00755202.pdf,data-set-9-files-31,1,email
EFTA00755203.pdf,data-set-9-files-31,1,email
EFTA00755204.pdf,data-set-9-files-31,1,email
EFTA00755205.pdf,data-set-9-files-31,1,email
EFTA00755206.pdf,data-set-9-files-31,2,email
EFTA00755208.pdf,data-set-9-files-31,1,email
EFTA00755209.pdf,data-set-9-files-31,1,email
EFTA00755210.pdf,data-set-9-files-31,1,email
EFTA00755211.pdf,data-set-9-files-31,1,other
EFTA00755212.pdf,data-set-9-files-31,1,email
EFTA00755213.pdf,data-set-9-files-31,1,email
EFTA00755214.pdf,data-set-9-files-31,1,email
EFTA00755215.pdf,data-set-9-files-31,1,email
EFTA00755216.pdf,data-set-9-files-31,1,email
EFTA00755217.pdf,data-set-9-files-31,1,email
EFTA00755218.pdf,data-set-9-files-31,2,email
EFTA00755220.pdf,data-set-9-files-31,2,email
EFTA00755222.pdf,data-set-9-files-31,1,email
EFTA00755223.pdf,data-set-9-files-31,2,email
EFTA00755225.pdf,data-set-9-files-31,1,email
EFTA00755226.pdf,data-set-9-files-31,2,email
EFTA00755228.pdf,data-set-9-files-31,2,email
EFTA00755230.pdf,data-set-9-files-31,1,email
EFTA00755231.pdf,data-set-9-files-31,1,email
EFTA00755232.pdf,data-set-9-files-31,2,email
EFTA00755234.pdf,data-set-9-files-31,1,other
EFTA00755235.pdf,data-set-9-files-31,6,email
EFTA00755241.pdf,data-set-9-files-31,1,email
EFTA00755242.pdf,data-set-9-files-31,2,email
EFTA00755244.pdf,data-set-9-files-31,2,email
EFTA00755246.pdf,data-set-9-files-31,3,email
EFTA00755249.pdf,data-set-9-files-31,1,email
EFTA00755250.pdf,data-set-9-files-31,1,email
EFTA00755251.pdf,data-set-9-files-31,3,email
EFTA00755254.pdf,data-set-9-files-31,1,email
EFTA00755255.pdf,data-set-9-files-31,2,email
EFTA00755257.pdf,data-set-9-files-31,1,email
EFTA00755258.pdf,data-set-9-files-31,1,email
EFTA00755259.pdf,data-set-9-files-31,1,email
EFTA00755260.pdf,data-set-9-files-31,1,email
EFTA00755261.pdf,data-set-9-files-31,1,email
EFTA00755262.pdf,data-set-9-files-31,2,email
EFTA00755264.pdf,data-set-9-files-31,2,email
EFTA00755266.pdf,data-set-9-files-31,1,email
EFTA00755267.pdf,data-set-9-files-31,1,email
EFTA00755268.pdf,data-set-9-files-31,1,photo
EFTA00755269.pdf,data-set-9-files-31,1,email
EFTA00755270.pdf,data-set-9-files-31,1,email
EFTA00755271.pdf,data-set-9-files-31,1,email
EFTA00755272.pdf,data-set-9-files-31,1,email
EFTA00755273.pdf,data-set-9-files-31,2,email
EFTA00755275.pdf,data-set-9-files-31,1,email
EFTA00755276.pdf,data-set-9-files-31,3,email
EFTA00755279.pdf,data-set-9-files-31,1,email
EFTA00755280.pdf,data-set-9-files-31,2,email
EFTA00755282.pdf,data-set-9-files-31,2,email
EFTA00755284.pdf,data-set-9-files-31,1,email
EFTA00755285.pdf,data-set-9-files-31,1,email
EFTA00755286.pdf,data-set-9-files-31,1,other
EFTA00755287.pdf,data-set-9-files-31,2,email
EFTA00755289.pdf,data-set-9-files-31,2,email
EFTA00755291.pdf,data-set-9-files-31,1,email
EFTA00755292.pdf,data-set-9-files-31,1,email
EFTA00755293.pdf,data-set-9-files-31,1,email
EFTA00755294.pdf,data-set-9-files-31,1,email
EFTA00755295.pdf,data-set-9-files-31,1,email
EFTA00755296.pdf,data-set-9-files-31,1,email
EFTA00755297.pdf,data-set-9-files-31,2,email
EFTA00755299.pdf,data-set-9-files-31,1,email
EFTA00755300.pdf,data-set-9-files-31,1,other
EFTA00755301.pdf,data-set-9-files-31,1,other
EFTA00755302.pdf,data-set-9-files-31,1,email
EFTA00755303.pdf,data-set-9-files-31,1,email
EFTA00755304.pdf,data-set-9-files-31,1,email
EFTA00755305.pdf,data-set-9-files-31,1,email
EFTA00755306.pdf,data-set-9-files-31,1,other
EFTA00755307.pdf,data-set-9-files-31,1,other
EFTA00755308.pdf,data-set-9-files-31,1,email
EFTA00755309.pdf,data-set-9-files-31,1,email
EFTA00755310.pdf,data-set-9-files-31,1,email
EFTA00755311.pdf,data-set-9-files-31,1,email
EFTA00755312.pdf,data-set-9-files-31,2,email
EFTA00755314.pdf,data-set-9-files-31,1,email
EFTA00755315.pdf,data-set-9-files-31,1,other
EFTA00755316.pdf,data-set-9-files-31,1,email
EFTA00755317.pdf,data-set-9-files-31,2,email
EFTA00755319.pdf,data-set-9-files-31,1,email
EFTA00755320.pdf,data-set-9-files-31,1,email
EFTA00755321.pdf,data-set-9-files-31,1,photo
EFTA00755322.pdf,data-set-9-files-31,1,photo
EFTA00755323.pdf,data-set-9-files-31,1,photo
EFTA00755324.pdf,data-set-9-files-31,1,other
EFTA00755325.pdf,data-set-9-files-31,1,photo
EFTA00755326.pdf,data-set-9-files-31,1,photo
EFTA00755327.pdf,data-set-9-files-31,1,photo
EFTA00755328.pdf,data-set-9-files-31,1,photo
EFTA00755329.pdf,data-set-9-files-31,1,photo
EFTA00755330.pdf,data-set-9-files-31,1,photo
EFTA00755331.pdf,data-set-9-files-31,1,photo
EFTA00755332.pdf,data-set-9-files-31,1,photo
EFTA00755333.pdf,data-set-9-files-31,1,photo
EFTA00755334.pdf,data-set-9-files-31,1,photo
EFTA00755335.pdf,data-set-9-files-31,1,other
EFTA00755336.pdf,data-set-9-files-31,1,photo
EFTA00755337.pdf,data-set-9-files-31,1,photo
EFTA00755338.pdf,data-set-9-files-31,1,photo
EFTA00755339.pdf,data-set-9-files-31,1,photo
EFTA00755340.pdf,data-set-9-files-31,1,photo
EFTA00755341.pdf,data-set-9-files-31,1,photo
EFTA00755342.pdf,data-set-9-files-31,1,photo
EFTA00755343.pdf,data-set-9-files-31,1,photo
EFTA00755344.pdf,data-set-9-files-31,1,other
EFTA00755345.pdf,data-set-9-files-31,1,photo
EFTA00755346.pdf,data-set-9-files-31,1,photo
EFTA00755347.pdf,data-set-9-files-31,1,photo
EFTA00755348.pdf,data-set-9-files-31,1,other
EFTA00755349.pdf,data-set-9-files-31,1,photo
EFTA00755350.pdf,data-set-9-files-31,1,email
EFTA00755351.pdf,data-set-9-files-31,2,email
EFTA00755353.pdf,data-set-9-files-31,1,email
EFTA00755354.pdf,data-set-9-files-31,1,photo
EFTA00755355.pdf,data-set-9-files-31,2,email
EFTA00755357.pdf,data-set-9-files-31,2,email
EFTA00755359.pdf,data-set-9-files-31,2,email
EFTA00755361.pdf,data-set-9-files-31,1,email
EFTA00755362.pdf,data-set-9-files-31,1,email
EFTA00755363.pdf,data-set-9-files-31,1,email
EFTA00755364.pdf,data-set-9-files-31,3,email
EFTA00755367.pdf,data-set-9-files-31,4,email
EFTA00755371.pdf,data-set-9-files-31,2,email
EFTA00755373.pdf,data-set-9-files-31,3,email
EFTA00755376.pdf,data-set-9-files-31,1,email
EFTA00755377.pdf,data-set-9-files-31,2,email
EFTA00755379.pdf,data-set-9-files-31,2,email
EFTA00755381.pdf,data-set-9-files-31,3,email
EFTA00755384.pdf,data-set-9-files-31,1,email
EFTA00755385.pdf,data-set-9-files-31,1,email
EFTA00755386.pdf,data-set-9-files-31,2,email
EFTA00755388.pdf,data-set-9-files-31,2,email
EFTA00755390.pdf,data-set-9-files-31,1,email
EFTA00755391.pdf,data-set-9-files-31,2,email
EFTA00755393.pdf,data-set-9-files-31,1,email
EFTA00755394.pdf,data-set-9-files-31,1,email
EFTA00755395.pdf,data-set-9-files-31,2,email
EFTA00755397.pdf,data-set-9-files-31,1,email
EFTA00755398.pdf,data-set-9-files-31,1,email
EFTA00755399.pdf,data-set-9-files-31,2,email
EFTA00755401.pdf,data-set-9-files-31,1,email
EFTA00755402.pdf,data-set-9-files-31,1,email
EFTA00755403.pdf,data-set-9-files-31,1,email
EFTA00755404.pdf,data-set-9-files-31,2,email
EFTA00755406.pdf,data-set-9-files-31,2,email
EFTA00755408.pdf,data-set-9-files-31,2,email
EFTA00755410.pdf,data-set-9-files-31,1,email
EFTA00755411.pdf,data-set-9-files-31,2,email
EFTA00755413.pdf,data-set-9-files-31,1,email
EFTA00755414.pdf,data-set-9-files-31,1,email
EFTA00755415.pdf,data-set-9-files-31,1,email
EFTA00755416.pdf,data-set-9-files-31,1,email
EFTA00755417.pdf,data-set-9-files-31,1,other
EFTA00755418.pdf,data-set-9-files-31,1,email
EFTA00755419.pdf,data-set-9-files-31,1,email
EFTA00755420.pdf,data-set-9-files-31,1,email
EFTA00755421.pdf,data-set-9-files-31,1,email
EFTA00755422.pdf,data-set-9-files-31,1,email
EFTA00755423.pdf,data-set-9-files-31,7,other
EFTA00755430.pdf,data-set-9-files-31,2,other
EFTA00755432.pdf,data-set-9-files-31,2,email
EFTA00755434.pdf,data-set-9-files-31,1,email
EFTA00755435.pdf,data-set-9-files-31,1,email
EFTA00755436.pdf,data-set-9-files-31,2,email
EFTA00755438.pdf,data-set-9-files-31,2,email
EFTA00755440.pdf,data-set-9-files-31,1,email
EFTA00755441.pdf,data-set-9-files-31,1,email
EFTA00755442.pdf,data-set-9-files-31,1,email
EFTA00755443.pdf,data-set-9-files-31,1,email
EFTA00755444.pdf,data-set-9-files-31,1,email
EFTA00755445.pdf,data-set-9-files-31,1,email
EFTA00755446.pdf,data-set-9-files-31,1,email
EFTA00755447.pdf,data-set-9-files-31,1,email
EFTA00755448.pdf,data-set-9-files-31,1,email
EFTA00755449.pdf,data-set-9-files-31,3,email
EFTA00755452.pdf,data-set-9-files-31,2,email
EFTA00755454.pdf,data-set-9-files-31,1,email
EFTA00755455.pdf,data-set-9-files-31,1,email
EFTA00755456.pdf,data-set-9-files-31,1,email
EFTA00755457.pdf,data-set-9-files-31,1,email
EFTA00755458.pdf,data-set-9-files-31,1,email
EFTA00755459.pdf,data-set-9-files-31,1,email
EFTA00755460.pdf,data-set-9-files-31,1,email
EFTA00755461.pdf,data-set-9-files-31,1,email
EFTA00755462.pdf,data-set-9-files-31,1,email
EFTA00755463.pdf,data-set-9-files-31,1,email
EFTA00755464.pdf,data-set-9-files-31,1,photo
EFTA00755465.pdf,data-set-9-files-31,1,photo
EFTA00755466.pdf,data-set-9-files-31,1,photo
EFTA00755467.pdf,data-set-9-files-31,1,other
EFTA00755468.pdf,data-set-9-files-31,1,photo
EFTA00755469.pdf,data-set-9-files-31,1,photo
EFTA00755470.pdf,data-set-9-files-31,1,other
EFTA00755471.pdf,data-set-9-files-31,1,photo
EFTA00755472.pdf,data-set-9-files-31,1,photo
EFTA00755473.pdf,data-set-9-files-31,1,photo
EFTA00755474.pdf,data-set-9-files-31,1,photo
EFTA00755475.pdf,data-set-9-files-31,1,photo
EFTA00755476.pdf,data-set-9-files-31,1,photo
EFTA00755477.pdf,data-set-9-files-31,1,other
EFTA00755478.pdf,data-set-9-files-31,1,photo
EFTA00755479.pdf,data-set-9-files-31,2,email
EFTA00755481.pdf,data-set-9-files-31,1,email
EFTA00755482.pdf,data-set-9-files-31,2,email
EFTA00755484.pdf,data-set-9-files-31,2,email
EFTA00755486.pdf,data-set-9-files-31,1,email
EFTA00755487.pdf,data-set-9-files-31,1,email
EFTA00755488.pdf,data-set-9-files-31,2,email
EFTA00755490.pdf,data-set-9-files-31,1,email
EFTA00755491.pdf,data-set-9-files-31,1,email
EFTA00755492.pdf,data-set-9-files-31,3,email
EFTA00755495.pdf,data-set-9-files-31,1,email
EFTA00755496.pdf,data-set-9-files-31,1,email
EFTA00755497.pdf,data-set-9-files-31,1,email
EFTA00755498.pdf,data-set-9-files-31,2,email
EFTA00755500.pdf,data-set-9-files-31,3,email
EFTA00755503.pdf,data-set-9-files-31,4,email
EFTA00755507.pdf,data-set-9-files-31,1,email
EFTA00755508.pdf,data-set-9-files-31,2,email
EFTA00755510.pdf,data-set-9-files-31,1,email
EFTA00755511.pdf,data-set-9-files-31,1,email
EFTA00755512.pdf,data-set-9-files-31,1,email
EFTA00755513.pdf,data-set-9-files-31,1,email
EFTA00755514.pdf,data-set-9-files-31,1,email
EFTA00755515.pdf,data-set-9-files-31,1,email
EFTA00755516.pdf,data-set-9-files-31,1,other
EFTA00755517.pdf,data-set-9-files-31,5,email
EFTA00755522.pdf,data-set-9-files-31,1,other
EFTA00755523.pdf,data-set-9-files-31,6,email
EFTA00755529.pdf,data-set-9-files-31,6,email
EFTA00755535.pdf,data-set-9-files-31,1,email
EFTA00755536.pdf,data-set-9-files-31,1,other
EFTA00755537.pdf,data-set-9-files-31,2,email
EFTA00755539.pdf,data-set-9-files-31,2,email
EFTA00755541.pdf,data-set-9-files-31,1,other
EFTA00755542.pdf,data-set-9-files-31,1,email
EFTA00755543.pdf,data-set-9-files-31,2,email
EFTA00755545.pdf,data-set-9-files-31,1,email
EFTA00755546.pdf,data-set-9-files-31,1,email
EFTA00755547.pdf,data-set-9-files-31,1,email
EFTA00755548.pdf,data-set-9-files-31,1,email
EFTA00755549.pdf,data-set-9-files-31,2,email
EFTA00755551.pdf,data-set-9-files-31,2,email
EFTA00755553.pdf,data-set-9-files-31,1,email
EFTA00755554.pdf,data-set-9-files-31,1,email
EFTA00755555.pdf,data-set-9-files-31,1,email
EFTA00755556.pdf,data-set-9-files-31,1,email
EFTA00755557.pdf,data-set-9-files-31,1,other
EFTA00755558.pdf,data-set-9-files-31,2,email
EFTA00755560.pdf,data-set-9-files-31,1,email
EFTA00755561.pdf,data-set-9-files-31,1,email
EFTA00755562.pdf,data-set-9-files-31,2,email
EFTA00755564.pdf,data-set-9-files-31,1,email
EFTA00755565.pdf,data-set-9-files-31,1,photo
EFTA00755566.pdf,data-set-9-files-31,1,other
EFTA00755567.pdf,data-set-9-files-31,1,other
EFTA00755568.pdf,data-set-9-files-31,1,photo
EFTA00755569.pdf,data-set-9-files-31,1,photo
EFTA00755570.pdf,data-set-9-files-31,1,photo
EFTA00755571.pdf,data-set-9-files-31,1,photo
EFTA00755572.pdf,data-set-9-files-31,2,email
EFTA00755574.pdf,data-set-9-files-31,1,other
EFTA00755575.pdf,data-set-9-files-31,1,other
EFTA00755576.pdf,data-set-9-files-31,1,email
EFTA00755577.pdf,data-set-9-files-31,1,email
EFTA00755578.pdf,data-set-9-files-31,1,email
EFTA00755579.pdf,data-set-9-files-31,2,email
EFTA00755581.pdf,data-set-9-files-31,2,email
EFTA00755583.pdf,data-set-9-files-31,2,email
EFTA00755585.pdf,data-set-9-files-31,2,email
EFTA00755587.pdf,data-set-9-files-31,2,email
EFTA00755589.pdf,data-set-9-files-31,1,email
EFTA00755590.pdf,data-set-9-files-31,4,email
EFTA00755594.pdf,data-set-9-files-31,3,email
EFTA00755597.pdf,data-set-9-files-31,1,other
EFTA00755598.pdf,data-set-9-files-31,1,email
EFTA00755599.pdf,data-set-9-files-31,2,email
EFTA00755601.pdf,data-set-9-files-31,1,email
EFTA00755602.pdf,data-set-9-files-31,1,other
EFTA00755603.pdf,data-set-9-files-31,1,email
EFTA00755604.pdf,data-set-9-files-31,2,email
EFTA00755606.pdf,data-set-9-files-31,1,photo
EFTA00755607.pdf,data-set-9-files-31,1,email
EFTA00755608.pdf,data-set-9-files-31,2,email
EFTA00755610.pdf,data-set-9-files-31,1,email
EFTA00755611.pdf,data-set-9-files-31,1,email
EFTA00755612.pdf,data-set-9-files-31,1,email
EFTA00755613.pdf,data-set-9-files-31,1,other
EFTA00755614.pdf,data-set-9-files-31,4,email
EFTA00755618.pdf,data-set-9-files-31,3,email
EFTA00755621.pdf,data-set-9-files-31,1,email
EFTA00755622.pdf,data-set-9-files-31,1,email
EFTA00755623.pdf,data-set-9-files-31,1,email
EFTA00755624.pdf,data-set-9-files-31,2,email
EFTA00755626.pdf,data-set-9-files-31,2,email
EFTA00755628.pdf,data-set-9-files-31,1,email
EFTA00755629.pdf,data-set-9-files-31,1,other
EFTA00755630.pdf,data-set-9-files-31,1,email
EFTA00755631.pdf,data-set-9-files-31,1,email
EFTA00755632.pdf,data-set-9-files-31,1,email
EFTA00755633.pdf,data-set-9-files-31,1,email
EFTA00755634.pdf,data-set-9-files-31,1,other
EFTA00755635.pdf,data-set-9-files-31,2,email
EFTA00755637.pdf,data-set-9-files-31,1,email
EFTA00755638.pdf,data-set-9-files-31,1,email
EFTA00755639.pdf,data-set-9-files-31,1,email
EFTA00755640.pdf,data-set-9-files-31,1,email
EFTA00755641.pdf,data-set-9-files-31,1,email
EFTA00755642.pdf,data-set-9-files-31,1,email
EFTA00755643.pdf,data-set-9-files-31,1,other
EFTA00755644.pdf,data-set-9-files-31,2,email
EFTA00755646.pdf,data-set-9-files-31,2,email
EFTA00755648.pdf,data-set-9-files-31,1,other
EFTA00755649.pdf,data-set-9-files-31,1,email
EFTA00755650.pdf,data-set-9-files-31,1,other
EFTA00755651.pdf,data-set-9-files-31,1,photo
EFTA00755652.pdf,data-set-9-files-31,1,photo
EFTA00755653.pdf,data-set-9-files-31,1,email
EFTA00755654.pdf,data-set-9-files-31,3,email
EFTA00755657.pdf,data-set-9-files-31,2,email
EFTA00755659.pdf,data-set-9-files-31,1,email
EFTA00755660.pdf,data-set-9-files-31,2,email
EFTA00755662.pdf,data-set-9-files-31,1,email
EFTA00755663.pdf,data-set-9-files-31,3,email
EFTA00755666.pdf,data-set-9-files-31,1,photo
EFTA00755667.pdf,data-set-9-files-31,1,other
EFTA00755668.pdf,data-set-9-files-31,1,email
EFTA00755669.pdf,data-set-9-files-31,2,email
EFTA00755671.pdf,data-set-9-files-31,2,email
EFTA00755673.pdf,data-set-9-files-31,2,email
EFTA00755675.pdf,data-set-9-files-31,1,email
EFTA00755676.pdf,data-set-9-files-31,1,email
EFTA00755677.pdf,data-set-9-files-31,1,email
EFTA00755678.pdf,data-set-9-files-31,1,email
EFTA00755679.pdf,data-set-9-files-31,1,email
EFTA00755680.pdf,data-set-9-files-31,1,email
EFTA00755681.pdf,data-set-9-files-31,2,email
EFTA00755683.pdf,data-set-9-files-31,1,email
EFTA00755684.pdf,data-set-9-files-31,1,email
EFTA00755685.pdf,data-set-9-files-31,1,email
EFTA00755686.pdf,data-set-9-files-31,1,email
EFTA00755687.pdf,data-set-9-files-31,1,email
EFTA00755688.pdf,data-set-9-files-31,2,email
EFTA00755690.pdf,data-set-9-files-31,1,email
EFTA00755691.pdf,data-set-9-files-31,1,email
EFTA00755692.pdf,data-set-9-files-31,1,email
EFTA00755693.pdf,data-set-9-files-31,2,email
EFTA00755695.pdf,data-set-9-files-31,1,other
EFTA00755696.pdf,data-set-9-files-31,1,email
EFTA00755697.pdf,data-set-9-files-31,1,email
EFTA00755698.pdf,data-set-9-files-31,2,email
EFTA00755700.pdf,data-set-9-files-31,3,email
EFTA00755703.pdf,data-set-9-files-31,2,email
EFTA00755705.pdf,data-set-9-files-31,2,email
EFTA00755707.pdf,data-set-9-files-31,1,email
EFTA00755708.pdf,data-set-9-files-31,2,email
EFTA00755710.pdf,data-set-9-files-31,1,email
EFTA00755711.pdf,data-set-9-files-31,1,email
EFTA00755712.pdf,data-set-9-files-31,2,email
EFTA00755714.pdf,data-set-9-files-31,1,email
EFTA00755715.pdf,data-set-9-files-31,1,email
EFTA00755716.pdf,data-set-9-files-31,1,email
EFTA00755717.pdf,data-set-9-files-31,1,email
EFTA00755718.pdf,data-set-9-files-31,1,email
EFTA00755719.pdf,data-set-9-files-31,1,email
EFTA00755720.pdf,data-set-9-files-31,1,other
EFTA00755721.pdf,data-set-9-files-31,1,email
EFTA00755722.pdf,data-set-9-files-31,1,email
EFTA00755723.pdf,data-set-9-files-31,1,other
EFTA00755724.pdf,data-set-9-files-31,1,email
EFTA00755725.pdf,data-set-9-files-31,4,email
EFTA00755729.pdf,data-set-9-files-31,2,email
EFTA00755731.pdf,data-set-9-files-31,1,email
EFTA00755732.pdf,data-set-9-files-31,1,email
EFTA00755733.pdf,data-set-9-files-31,1,email
EFTA00755734.pdf,data-set-9-files-31,1,email
EFTA00755735.pdf,data-set-9-files-31,1,email
EFTA00755736.pdf,data-set-9-files-31,1,email
EFTA00755737.pdf,data-set-9-files-31,2,email
EFTA00755739.pdf,data-set-9-files-31,1,email
EFTA00755740.pdf,data-set-9-files-31,2,email
EFTA00755742.pdf,data-set-9-files-31,1,email
EFTA00755743.pdf,data-set-9-files-31,1,email
EFTA00755744.pdf,data-set-9-files-31,1,email
EFTA00755745.pdf,data-set-9-files-31,1,email
EFTA00755746.pdf,data-set-9-files-31,1,email
EFTA00755747.pdf,data-set-9-files-31,1,email
EFTA00755748.pdf,data-set-9-files-31,11,email
EFTA00755759.pdf,data-set-9-files-31,9,email
EFTA00755768.pdf,data-set-9-files-31,1,email
EFTA00755769.pdf,data-set-9-files-31,1,email
EFTA00755770.pdf,data-set-9-files-31,1,email
EFTA00755771.pdf,data-set-9-files-31,1,email
EFTA00755772.pdf,data-set-9-files-31,1,email
EFTA00755773.pdf,data-set-9-files-31,1,other
EFTA00755774.pdf,data-set-9-files-31,1,email
EFTA00755775.pdf,data-set-9-files-31,1,email
EFTA00755776.pdf,data-set-9-files-31,1,email
EFTA00755777.pdf,data-set-9-files-31,1,email
EFTA00755778.pdf,data-set-9-files-31,1,other
EFTA00755779.pdf,data-set-9-files-31,3,email
EFTA00755782.pdf,data-set-9-files-31,2,email
EFTA00755784.pdf,data-set-9-files-31,1,email
EFTA00755785.pdf,data-set-9-files-31,1,email
EFTA00755786.pdf,data-set-9-files-31,1,email
EFTA00755787.pdf,data-set-9-files-31,1,email
EFTA00755788.pdf,data-set-9-files-31,1,email
EFTA00755789.pdf,data-set-9-files-31,1,email
EFTA00755790.pdf,data-set-9-files-31,1,email
EFTA00755791.pdf,data-set-9-files-31,2,email
EFTA00755793.pdf,data-set-9-files-31,1,email
EFTA00755794.pdf,data-set-9-files-31,1,email
EFTA00755795.pdf,data-set-9-files-31,2,email
EFTA00755797.pdf,data-set-9-files-31,2,email
EFTA00755799.pdf,data-set-9-files-31,1,email
EFTA00755800.pdf,data-set-9-files-31,1,other
EFTA00755801.pdf,data-set-9-files-31,1,other
EFTA00755802.pdf,data-set-9-files-31,2,email
EFTA00755804.pdf,data-set-9-files-31,2,email
EFTA00755806.pdf,data-set-9-files-31,2,email
EFTA00755808.pdf,data-set-9-files-31,1,email
EFTA00755809.pdf,data-set-9-files-31,2,email
EFTA00755811.pdf,data-set-9-files-31,1,email
EFTA00755812.pdf,data-set-9-files-31,1,other
EFTA00755813.pdf,data-set-9-files-31,1,other
EFTA00755814.pdf,data-set-9-files-31,1,email
EFTA00755815.pdf,data-set-9-files-31,2,email
EFTA00755817.pdf,data-set-9-files-31,1,other
EFTA00755818.pdf,data-set-9-files-31,1,email
EFTA00755819.pdf,data-set-9-files-31,1,email
EFTA00755820.pdf,data-set-9-files-31,1,email
EFTA00755821.pdf,data-set-9-files-31,1,email
EFTA00755822.pdf,data-set-9-files-31,1,email
EFTA00755823.pdf,data-set-9-files-31,1,email
EFTA00755824.pdf,data-set-9-files-31,3,email
EFTA00755827.pdf,data-set-9-files-31,2,email
EFTA00755829.pdf,data-set-9-files-31,2,email
EFTA00755831.pdf,data-set-9-files-31,1,email
EFTA00755832.pdf,data-set-9-files-31,1,email
EFTA00755833.pdf,data-set-9-files-31,1,email
EFTA00755834.pdf,data-set-9-files-31,1,email
EFTA00755835.pdf,data-set-9-files-31,2,email
EFTA00755837.pdf,data-set-9-files-31,1,other
EFTA00755838.pdf,data-set-9-files-31,1,email
EFTA00755839.pdf,data-set-9-files-31,1,email
EFTA00755840.pdf,data-set-9-files-31,1,email
EFTA00755841.pdf,data-set-9-files-31,1,email
EFTA00755842.pdf,data-set-9-files-31,1,email
EFTA00755843.pdf,data-set-9-files-31,1,email
EFTA00755844.pdf,data-set-9-files-31,1,email
EFTA00755845.pdf,data-set-9-files-31,1,email
EFTA00755846.pdf,data-set-9-files-31,1,email
EFTA00755847.pdf,data-set-9-files-31,1,email
EFTA00755848.pdf,data-set-9-files-31,1,email
EFTA00755849.pdf,data-set-9-files-31,1,email
EFTA00755850.pdf,data-set-9-files-31,1,email
EFTA00755851.pdf,data-set-9-files-31,1,email
EFTA00755852.pdf,data-set-9-files-31,2,email
EFTA00755854.pdf,data-set-9-files-31,2,other
EFTA00755856.pdf,data-set-9-files-31,4,email
EFTA00755860.pdf,data-set-9-files-31,1,other
EFTA00755861.pdf,data-set-9-files-31,1,email
EFTA00755862.pdf,data-set-9-files-31,1,email
EFTA00755863.pdf,data-set-9-files-31,1,email
EFTA00755864.pdf,data-set-9-files-31,1,email
EFTA00755865.pdf,data-set-9-files-31,1,email
EFTA00755866.pdf,data-set-9-files-31,1,email
EFTA00755867.pdf,data-set-9-files-31,1,email
EFTA00755868.pdf,data-set-9-files-31,4,email
EFTA00755872.pdf,data-set-9-files-31,3,email
EFTA00755875.pdf,data-set-9-files-31,2,email
EFTA00755877.pdf,data-set-9-files-31,1,email
EFTA00755878.pdf,data-set-9-files-31,1,email
EFTA00755879.pdf,data-set-9-files-31,1,email
EFTA00755880.pdf,data-set-9-files-31,1,email
EFTA00755881.pdf,data-set-9-files-31,1,email
EFTA00755882.pdf,data-set-9-files-31,1,email
EFTA00755883.pdf,data-set-9-files-31,1,email
EFTA00755884.pdf,data-set-9-files-31,1,email
EFTA00755885.pdf,data-set-9-files-31,1,email
EFTA00755886.pdf,data-set-9-files-31,2,email
EFTA00755888.pdf,data-set-9-files-31,1,email
EFTA00755889.pdf,data-set-9-files-31,1,other
EFTA00755890.pdf,data-set-9-files-31,1,email
EFTA00755891.pdf,data-set-9-files-31,1,email
EFTA00755892.pdf,data-set-9-files-31,1,email
EFTA00755893.pdf,data-set-9-files-31,1,other
EFTA00755894.pdf,data-set-9-files-31,2,email
EFTA00755896.pdf,data-set-9-files-31,1,email
EFTA00755897.pdf,data-set-9-files-31,3,email
EFTA00755900.pdf,data-set-9-files-31,3,email
EFTA00755903.pdf,data-set-9-files-31,2,email
EFTA00755905.pdf,data-set-9-files-31,1,other
EFTA00755906.pdf,data-set-9-files-31,2,email
EFTA00755908.pdf,data-set-9-files-31,2,email
EFTA00755910.pdf,data-set-9-files-31,1,email
EFTA00755911.pdf,data-set-9-files-31,1,other
EFTA00755912.pdf,data-set-9-files-31,2,email
EFTA00755914.pdf,data-set-9-files-31,2,email
EFTA00755916.pdf,data-set-9-files-31,1,email
EFTA00755917.pdf,data-set-9-files-31,1,other
EFTA00755918.pdf,data-set-9-files-31,2,email
EFTA00755920.pdf,data-set-9-files-31,1,email
EFTA00755921.pdf,data-set-9-files-31,1,email
EFTA00755922.pdf,data-set-9-files-31,1,email
EFTA00755923.pdf,data-set-9-files-31,1,email
EFTA00755924.pdf,data-set-9-files-31,1,email
EFTA00755925.pdf,data-set-9-files-31,1,email
EFTA00755926.pdf,data-set-9-files-31,1,email
EFTA00755927.pdf,data-set-9-files-31,1,other
EFTA00755928.pdf,data-set-9-files-31,1,email
EFTA00755929.pdf,data-set-9-files-31,1,email
EFTA00755930.pdf,data-set-9-files-31,1,email
EFTA00755931.pdf,data-set-9-files-31,1,email
EFTA00755932.pdf,data-set-9-files-31,1,email
EFTA00755933.pdf,data-set-9-files-31,1,email
EFTA00755934.pdf,data-set-9-files-31,2,email
EFTA00755936.pdf,data-set-9-files-31,1,email
EFTA00755937.pdf,data-set-9-files-31,1,other
EFTA00755938.pdf,data-set-9-files-31,2,email
EFTA00755940.pdf,data-set-9-files-31,2,email
EFTA00755942.pdf,data-set-9-files-31,1,other
EFTA00755943.pdf,data-set-9-files-31,2,email
EFTA00755945.pdf,data-set-9-files-31,1,email
EFTA00755946.pdf,data-set-9-files-31,1,email
EFTA00755947.pdf,data-set-9-files-31,1,email
EFTA00755948.pdf,data-set-9-files-31,1,email
EFTA00755949.pdf,data-set-9-files-31,1,email
EFTA00755950.pdf,data-set-9-files-31,1,other
EFTA00755951.pdf,data-set-9-files-31,2,email
EFTA00755953.pdf,data-set-9-files-31,1,email
EFTA00755954.pdf,data-set-9-files-31,1,email
EFTA00755955.pdf,data-set-9-files-31,2,email
EFTA00755957.pdf,data-set-9-files-31,2,email
EFTA00755959.pdf,data-set-9-files-31,1,email
EFTA00755960.pdf,data-set-9-files-31,2,email
EFTA00755962.pdf,data-set-9-files-31,1,email
EFTA00755963.pdf,data-set-9-files-31,2,email
EFTA00755965.pdf,data-set-9-files-31,3,other
EFTA00755968.pdf,data-set-9-files-31,1,other
EFTA00755969.pdf,data-set-9-files-31,1,email
EFTA00755970.pdf,data-set-9-files-31,1,email
EFTA00755971.pdf,data-set-9-files-31,1,email
EFTA00755972.pdf,data-set-9-files-31,1,email
EFTA00755973.pdf,data-set-9-files-31,1,other
EFTA00755974.pdf,data-set-9-files-31,1,email
EFTA00755975.pdf,data-set-9-files-31,1,other
EFTA00755976.pdf,data-set-9-files-31,1,email
EFTA00755977.pdf,data-set-9-files-31,1,other
EFTA00755978.pdf,data-set-9-files-31,1,email
EFTA00755979.pdf,data-set-9-files-31,1,email
EFTA00755980.pdf,data-set-9-files-31,1,email
EFTA00755981.pdf,data-set-9-files-31,3,email
EFTA00755984.pdf,data-set-9-files-31,4,email
EFTA00755988.pdf,data-set-9-files-31,5,email
EFTA00755993.pdf,data-set-9-files-31,4,email
EFTA00755997.pdf,data-set-9-files-31,1,email
EFTA00755998.pdf,data-set-9-files-31,1,email
EFTA00755999.pdf,data-set-9-files-31,2,email
EFTA00756001.pdf,data-set-9-files-31,1,email
EFTA00756002.pdf,data-set-9-files-31,1,email
EFTA00756003.pdf,data-set-9-files-31,1,email
EFTA00756004.pdf,data-set-9-files-31,1,email
EFTA00756005.pdf,data-set-9-files-31,1,email
EFTA00756006.pdf,data-set-9-files-31,1,email
EFTA00756007.pdf,data-set-9-files-31,1,other
EFTA00756008.pdf,data-set-9-files-31,1,email
EFTA00756009.pdf,data-set-9-files-31,1,email
EFTA00756010.pdf,data-set-9-files-31,1,email
EFTA00756011.pdf,data-set-9-files-31,1,email
EFTA00756012.pdf,data-set-9-files-31,2,email
EFTA00756014.pdf,data-set-9-files-31,2,email
EFTA00756016.pdf,data-set-9-files-31,1,email
EFTA00756017.pdf,data-set-9-files-31,1,email
EFTA00756018.pdf,data-set-9-files-31,1,email
EFTA00756019.pdf,data-set-9-files-31,1,email
EFTA00756020.pdf,data-set-9-files-31,1,email
EFTA00756021.pdf,data-set-9-files-31,2,other
EFTA00756023.pdf,data-set-9-files-31,1,other
EFTA00756024.pdf,data-set-9-files-31,2,email
EFTA00756026.pdf,data-set-9-files-31,1,email
EFTA00756027.pdf,data-set-9-files-31,1,other
EFTA00756028.pdf,data-set-9-files-31,1,email
EFTA00756029.pdf,data-set-9-files-31,1,email
EFTA00756030.pdf,data-set-9-files-31,1,email
EFTA00756031.pdf,data-set-9-files-31,1,other
EFTA00756032.pdf,data-set-9-files-31,1,email
EFTA00756033.pdf,data-set-9-files-31,1,email
EFTA00756034.pdf,data-set-9-files-31,1,email
EFTA00756035.pdf,data-set-9-files-31,1,email
EFTA00756036.pdf,data-set-9-files-31,1,other
EFTA00756037.pdf,data-set-9-files-31,1,photo
EFTA00756038.pdf,data-set-9-files-31,1,photo
EFTA00756039.pdf,data-set-9-files-31,1,email
EFTA00756040.pdf,data-set-9-files-31,1,other
EFTA00756041.pdf,data-set-9-files-31,1,other
EFTA00756042.pdf,data-set-9-files-31,1,email
EFTA00756043.pdf,data-set-9-files-31,2,email
EFTA00756045.pdf,data-set-9-files-31,2,email
EFTA00756047.pdf,data-set-9-files-31,2,email
EFTA00756049.pdf,data-set-9-files-31,3,email
EFTA00756052.pdf,data-set-9-files-31,2,email
EFTA00756054.pdf,data-set-9-files-31,2,email
EFTA00756056.pdf,data-set-9-files-31,1,email
EFTA00756057.pdf,data-set-9-files-31,1,email
EFTA00756058.pdf,data-set-9-files-31,1,email
EFTA00756059.pdf,data-set-9-files-31,1,email
EFTA00756060.pdf,data-set-9-files-31,1,email
EFTA00756061.pdf,data-set-9-files-31,1,email
EFTA00756062.pdf,data-set-9-files-31,1,email
EFTA00756063.pdf,data-set-9-files-31,1,email
EFTA00756064.pdf,data-set-9-files-31,2,email
EFTA00756066.pdf,data-set-9-files-31,1,email
EFTA00756067.pdf,data-set-9-files-31,1,email
EFTA00756068.pdf,data-set-9-files-31,2,email
EFTA00756070.pdf,data-set-9-files-31,1,email
EFTA00756071.pdf,data-set-9-files-31,1,other
EFTA00756072.pdf,data-set-9-files-31,2,email
EFTA00756074.pdf,data-set-9-files-31,1,email
EFTA00756075.pdf,data-set-9-files-31,1,email
EFTA00756076.pdf,data-set-9-files-31,1,email
EFTA00756077.pdf,data-set-9-files-31,1,email
EFTA00756078.pdf,data-set-9-files-31,1,email
EFTA00756079.pdf,data-set-9-files-31,1,email
EFTA00756080.pdf,data-set-9-files-31,2,email
EFTA00756082.pdf,data-set-9-files-31,1,email
EFTA00756083.pdf,data-set-9-files-31,1,email
EFTA00756084.pdf,data-set-9-files-31,1,email
EFTA00756085.pdf,data-set-9-files-31,1,email
EFTA00756086.pdf,data-set-9-files-31,1,email
EFTA00756087.pdf,data-set-9-files-31,2,email
EFTA00756089.pdf,data-set-9-files-31,1,other
EFTA00756090.pdf,data-set-9-files-31,1,photo
EFTA00756091.pdf,data-set-9-files-31,2,email
EFTA00756093.pdf,data-set-9-files-31,1,email
EFTA00756094.pdf,data-set-9-files-31,1,other
EFTA00756095.pdf,data-set-9-files-31,1,email
EFTA00756096.pdf,data-set-9-files-31,1,email
EFTA00756097.pdf,data-set-9-files-31,2,email
EFTA00756099.pdf,data-set-9-files-31,1,email
EFTA00756100.pdf,data-set-9-files-31,2,email
EFTA00756102.pdf,data-set-9-files-31,1,other
EFTA00756103.pdf,data-set-9-files-31,1,email
EFTA00756104.pdf,data-set-9-files-31,1,email
EFTA00756105.pdf,data-set-9-files-31,1,email
EFTA00756106.pdf,data-set-9-files-31,1,email
EFTA00756107.pdf,data-set-9-files-31,1,email
EFTA00756108.pdf,data-set-9-files-31,1,email
EFTA00756109.pdf,data-set-9-files-31,1,email
EFTA00756110.pdf,data-set-9-files-31,1,email
EFTA00756111.pdf,data-set-9-files-31,1,email
EFTA00756112.pdf,data-set-9-files-31,1,email
EFTA00756113.pdf,data-set-9-files-31,1,email
EFTA00756114.pdf,data-set-9-files-31,1,other
EFTA00756115.pdf,data-set-9-files-31,1,email
EFTA00756116.pdf,data-set-9-files-31,1,email
EFTA00756117.pdf,data-set-9-files-31,1,email
EFTA00756118.pdf,data-set-9-files-31,1,other
EFTA00756119.pdf,data-set-9-files-31,1,email
EFTA00756120.pdf,data-set-9-files-31,1,email
EFTA00756121.pdf,data-set-9-files-31,1,email
EFTA00756122.pdf,data-set-9-files-31,2,email
EFTA00756124.pdf,data-set-9-files-31,1,other
EFTA00756125.pdf,data-set-9-files-31,1,email
EFTA00756126.pdf,data-set-9-files-31,1,email
EFTA00756127.pdf,data-set-9-files-31,1,email
EFTA00756128.pdf,data-set-9-files-31,1,email
EFTA00756129.pdf,data-set-9-files-31,1,email
EFTA00756130.pdf,data-set-9-files-31,1,email
EFTA00756131.pdf,data-set-9-files-31,1,email
EFTA00756132.pdf,data-set-9-files-31,5,email
EFTA00756137.pdf,data-set-9-files-31,1,email
EFTA00756138.pdf,data-set-9-files-31,1,email
EFTA00756139.pdf,data-set-9-files-31,1,email
EFTA00756140.pdf,data-set-9-files-31,1,email
EFTA00756141.pdf,data-set-9-files-31,2,email
EFTA00756143.pdf,data-set-9-files-31,2,email
EFTA00756145.pdf,data-set-9-files-31,1,email
EFTA00756146.pdf,data-set-9-files-31,2,email
EFTA00756148.pdf,data-set-9-files-31,1,email
EFTA00756149.pdf,data-set-9-files-31,1,other
EFTA00756150.pdf,data-set-9-files-31,1,email
EFTA00756151.pdf,data-set-9-files-31,3,email
EFTA00756154.pdf,data-set-9-files-31,1,email
EFTA00756155.pdf,data-set-9-files-31,1,email
EFTA00756156.pdf,data-set-9-files-31,1,photo
EFTA00756157.pdf,data-set-9-files-31,1,other
EFTA00756158.pdf,data-set-9-files-31,1,photo
EFTA00756159.pdf,data-set-9-files-31,1,other
EFTA00756160.pdf,data-set-9-files-31,1,photo
EFTA00756161.pdf,data-set-9-files-31,1,other
EFTA00756162.pdf,data-set-9-files-31,1,photo
EFTA00756163.pdf,data-set-9-files-31,1,photo
EFTA00756164.pdf,data-set-9-files-31,1,other
EFTA00756165.pdf,data-set-9-files-31,1,photo
EFTA00756166.pdf,data-set-9-files-31,1,photo
EFTA00756167.pdf,data-set-9-files-31,1,photo
EFTA00756168.pdf,data-set-9-files-31,1,other
EFTA00756169.pdf,data-set-9-files-31,1,photo
EFTA00756170.pdf,data-set-9-files-31,1,other
EFTA00756171.pdf,data-set-9-files-31,1,other
EFTA00756172.pdf,data-set-9-files-31,1,photo
EFTA00756173.pdf,data-set-9-files-31,1,photo
EFTA00756174.pdf,data-set-9-files-31,1,email
EFTA00756175.pdf,data-set-9-files-31,7,email
EFTA00756182.pdf,data-set-9-files-31,6,email
EFTA00756188.pdf,data-set-9-files-31,6,email
EFTA00756194.pdf,data-set-9-files-31,5,email
EFTA00756199.pdf,data-set-9-files-31,6,email
EFTA00756205.pdf,data-set-9-files-31,5,email
EFTA00756210.pdf,data-set-9-files-31,1,email
EFTA00756211.pdf,data-set-9-files-31,1,photo
EFTA00756212.pdf,data-set-9-files-31,1,photo
EFTA00756213.pdf,data-set-9-files-31,1,other
EFTA00756214.pdf,data-set-9-files-31,1,other
EFTA00756215.pdf,data-set-9-files-31,1,other
EFTA00756216.pdf,data-set-9-files-31,1,email
EFTA00756217.pdf,data-set-9-files-31,1,email
EFTA00756218.pdf,data-set-9-files-31,2,email
EFTA00756220.pdf,data-set-9-files-31,1,email
EFTA00756221.pdf,data-set-9-files-31,2,email
EFTA00756223.pdf,data-set-9-files-31,1,email
EFTA00756224.pdf,data-set-9-files-31,2,email
EFTA00756226.pdf,data-set-9-files-31,2,email
EFTA00756228.pdf,data-set-9-files-31,1,email
EFTA00756229.pdf,data-set-9-files-31,1,email
EFTA00756230.pdf,data-set-9-files-31,1,other
EFTA00756231.pdf,data-set-9-files-31,1,email
EFTA00756232.pdf,data-set-9-files-31,2,email
EFTA00756234.pdf,data-set-9-files-31,3,email
EFTA00756237.pdf,data-set-9-files-31,1,email
EFTA00756238.pdf,data-set-9-files-31,1,email
EFTA00756239.pdf,data-set-9-files-31,1,email
EFTA00756240.pdf,data-set-9-files-31,1,other
EFTA00756241.pdf,data-set-9-files-31,1,email
EFTA00756242.pdf,data-set-9-files-31,1,email
EFTA00756243.pdf,data-set-9-files-31,2,email
EFTA00756245.pdf,data-set-9-files-31,2,email
EFTA00756247.pdf,data-set-9-files-31,1,email
EFTA00756248.pdf,data-set-9-files-31,1,email
EFTA00756249.pdf,data-set-9-files-31,1,email
EFTA00756250.pdf,data-set-9-files-31,1,email
EFTA00756251.pdf,data-set-9-files-31,1,email
EFTA00756252.pdf,data-set-9-files-31,1,email
EFTA00756253.pdf,data-set-9-files-31,1,email
EFTA00756254.pdf,data-set-9-files-31,1,email
EFTA00756255.pdf,data-set-9-files-31,1,email
EFTA00756256.pdf,data-set-9-files-31,1,email
EFTA00756257.pdf,data-set-9-files-31,1,email
EFTA00756258.pdf,data-set-9-files-31,1,email
EFTA00756259.pdf,data-set-9-files-31,1,email
EFTA00756260.pdf,data-set-9-files-31,1,email
EFTA00756261.pdf,data-set-9-files-31,2,email
EFTA00756263.pdf,data-set-9-files-31,1,email
EFTA00756264.pdf,data-set-9-files-31,1,email
EFTA00756265.pdf,data-set-9-files-31,8,email
EFTA00756273.pdf,data-set-9-files-31,1,email
EFTA00756274.pdf,data-set-9-files-31,1,email
EFTA00756275.pdf,data-set-9-files-31,1,email
EFTA00756276.pdf,data-set-9-files-31,1,other
EFTA00756277.pdf,data-set-9-files-31,2,email
EFTA00756279.pdf,data-set-9-files-31,1,email
EFTA00756280.pdf,data-set-9-files-31,1,email
EFTA00756281.pdf,data-set-9-files-31,2,email
EFTA00756283.pdf,data-set-9-files-31,1,email
EFTA00756284.pdf,data-set-9-files-31,3,email
EFTA00756287.pdf,data-set-9-files-31,1,email
EFTA00756288.pdf,data-set-9-files-31,1,other
EFTA00756289.pdf,data-set-9-files-31,1,email
EFTA00756290.pdf,data-set-9-files-31,1,email
EFTA00756291.pdf,data-set-9-files-31,2,email
EFTA00756293.pdf,data-set-9-files-31,1,email
EFTA00756294.pdf,data-set-9-files-31,1,email
EFTA00756295.pdf,data-set-9-files-31,1,other
EFTA00756296.pdf,data-set-9-files-31,1,other
EFTA00756297.pdf,data-set-9-files-31,3,email
EFTA00756300.pdf,data-set-9-files-31,1,email
EFTA00756301.pdf,data-set-9-files-31,1,email
EFTA00756302.pdf,data-set-9-files-31,1,email
EFTA00756303.pdf,data-set-9-files-31,2,email
EFTA00756305.pdf,data-set-9-files-31,1,email
EFTA00756306.pdf,data-set-9-files-31,1,email
EFTA00756307.pdf,data-set-9-files-31,1,email
EFTA00756308.pdf,data-set-9-files-31,2,email
EFTA00756310.pdf,data-set-9-files-31,5,other
EFTA00756315.pdf,data-set-9-files-31,1,email
EFTA00756316.pdf,data-set-9-files-31,1,email
EFTA00756317.pdf,data-set-9-files-31,1,email
EFTA00756318.pdf,data-set-9-files-31,1,email
EFTA00756319.pdf,data-set-9-files-31,1,email
EFTA00756320.pdf,data-set-9-files-31,1,email
EFTA00756321.pdf,data-set-9-files-31,1,email
EFTA00756322.pdf,data-set-9-files-31,1,email
EFTA00756323.pdf,data-set-9-files-31,3,email
EFTA00756326.pdf,data-set-9-files-31,1,email
EFTA00756327.pdf,data-set-9-files-31,2,email
EFTA00756329.pdf,data-set-9-files-31,2,email
EFTA00756331.pdf,data-set-9-files-31,1,email
EFTA00756332.pdf,data-set-9-files-31,1,email
EFTA00756333.pdf,data-set-9-files-31,2,email
EFTA00756335.pdf,data-set-9-files-31,1,email
EFTA00756336.pdf,data-set-9-files-31,1,other
EFTA00756337.pdf,data-set-9-files-31,1,email
EFTA00756338.pdf,data-set-9-files-31,1,email
EFTA00756339.pdf,data-set-9-files-31,1,email
EFTA00756340.pdf,data-set-9-files-31,1,email
EFTA00756341.pdf,data-set-9-files-31,1,other
EFTA00756342.pdf,data-set-9-files-31,1,email
EFTA00756343.pdf,data-set-9-files-31,1,email
EFTA00756344.pdf,data-set-9-files-31,1,email
EFTA00756345.pdf,data-set-9-files-31,1,email
EFTA00756346.pdf,data-set-9-files-31,1,email
EFTA00756347.pdf,data-set-9-files-31,2,email
EFTA00756349.pdf,data-set-9-files-31,1,other
EFTA00756350.pdf,data-set-9-files-31,2,email
EFTA00756352.pdf,data-set-9-files-31,2,email
EFTA00756354.pdf,data-set-9-files-31,2,email
EFTA00756356.pdf,data-set-9-files-31,1,email
EFTA00756357.pdf,data-set-9-files-31,1,email
EFTA00756358.pdf,data-set-9-files-31,2,email
EFTA00756360.pdf,data-set-9-files-31,1,email
EFTA00756361.pdf,data-set-9-files-31,1,email
EFTA00756362.pdf,data-set-9-files-31,1,email
EFTA00756363.pdf,data-set-9-files-31,1,email
EFTA00756364.pdf,data-set-9-files-31,1,email
EFTA00756365.pdf,data-set-9-files-31,1,email
EFTA00756366.pdf,data-set-9-files-31,1,email
EFTA00756367.pdf,data-set-9-files-31,1,email
EFTA00756368.pdf,data-set-9-files-31,1,email
EFTA00756369.pdf,data-set-9-files-31,1,email
EFTA00756370.pdf,data-set-9-files-31,1,other
EFTA00756371.pdf,data-set-9-files-31,1,email
EFTA00756372.pdf,data-set-9-files-31,1,email
EFTA00756373.pdf,data-set-9-files-31,1,email
EFTA00756374.pdf,data-set-9-files-31,1,other
EFTA00756375.pdf,data-set-9-files-31,1,email
EFTA00756376.pdf,data-set-9-files-31,1,email
EFTA00756377.pdf,data-set-9-files-31,1,email
EFTA00756378.pdf,data-set-9-files-31,1,email
EFTA00756379.pdf,data-set-9-files-31,1,other
EFTA00756380.pdf,data-set-9-files-31,1,email
EFTA00756381.pdf,data-set-9-files-31,1,email
EFTA00756382.pdf,data-set-9-files-31,3,email
EFTA00756385.pdf,data-set-9-files-31,1,email
EFTA00756386.pdf,data-set-9-files-31,3,email
EFTA00756389.pdf,data-set-9-files-31,1,email
EFTA00756390.pdf,data-set-9-files-31,2,email
EFTA00756392.pdf,data-set-9-files-31,3,email
EFTA00756395.pdf,data-set-9-files-31,3,email
EFTA00756398.pdf,data-set-9-files-31,2,email
EFTA00756400.pdf,data-set-9-files-31,2,email
EFTA00756402.pdf,data-set-9-files-31,2,email
EFTA00756404.pdf,data-set-9-files-31,1,email
EFTA00756405.pdf,data-set-9-files-31,1,email
EFTA00756406.pdf,data-set-9-files-31,1,email
EFTA00756407.pdf,data-set-9-files-31,3,email
EFTA00756410.pdf,data-set-9-files-31,1,email
EFTA00756411.pdf,data-set-9-files-31,3,email
EFTA00756414.pdf,data-set-9-files-31,1,email
EFTA00756415.pdf,data-set-9-files-31,2,email
EFTA00756417.pdf,data-set-9-files-31,1,email
EFTA00756418.pdf,data-set-9-files-31,1,email
EFTA00756419.pdf,data-set-9-files-31,1,email
EFTA00756420.pdf,data-set-9-files-31,1,email
EFTA00756421.pdf,data-set-9-files-31,1,email
EFTA00756422.pdf,data-set-9-files-31,1,email
EFTA00756423.pdf,data-set-9-files-31,2,email
EFTA00756425.pdf,data-set-9-files-31,1,email
EFTA00756426.pdf,data-set-9-files-31,1,email
EFTA00756427.pdf,data-set-9-files-31,1,email
EFTA00756428.pdf,data-set-9-files-31,1,email
EFTA00756429.pdf,data-set-9-files-31,1,photo
EFTA00756430.pdf,data-set-9-files-31,1,email
EFTA00756431.pdf,data-set-9-files-31,1,email
EFTA00756432.pdf,data-set-9-files-31,1,email
EFTA00756433.pdf,data-set-9-files-31,1,email
EFTA00756434.pdf,data-set-9-files-31,1,email
EFTA00756435.pdf,data-set-9-files-31,1,email
EFTA00756436.pdf,data-set-9-files-31,3,email
EFTA00756439.pdf,data-set-9-files-31,1,email
EFTA00756440.pdf,data-set-9-files-31,1,email
EFTA00756441.pdf,data-set-9-files-31,1,email
EFTA00756442.pdf,data-set-9-files-31,1,email
EFTA00756443.pdf,data-set-9-files-31,1,email
EFTA00756444.pdf,data-set-9-files-31,1,email
EFTA00756445.pdf,data-set-9-files-31,2,email
EFTA00756447.pdf,data-set-9-files-31,1,other
EFTA00756448.pdf,data-set-9-files-31,1,other
EFTA00756449.pdf,data-set-9-files-31,1,email
EFTA00756450.pdf,data-set-9-files-31,1,other
EFTA00756451.pdf,data-set-9-files-31,1,email
EFTA00756452.pdf,data-set-9-files-31,1,email
EFTA00756453.pdf,data-set-9-files-31,1,email
EFTA00756454.pdf,data-set-9-files-31,2,email
EFTA00756456.pdf,data-set-9-files-31,2,email
EFTA00756458.pdf,data-set-9-files-31,1,email
EFTA00756459.pdf,data-set-9-files-31,1,email
EFTA00756460.pdf,data-set-9-files-31,1,email
EFTA00756461.pdf,data-set-9-files-31,2,email
EFTA00756463.pdf,data-set-9-files-31,2,email
EFTA00756465.pdf,data-set-9-files-31,2,email
EFTA00756467.pdf,data-set-9-files-31,1,email
EFTA00756468.pdf,data-set-9-files-31,1,email
EFTA00756469.pdf,data-set-9-files-31,1,email
EFTA00756470.pdf,data-set-9-files-31,1,email
EFTA00756471.pdf,data-set-9-files-31,3,email
EFTA00756474.pdf,data-set-9-files-31,2,email
EFTA00756476.pdf,data-set-9-files-31,1,email
EFTA00756477.pdf,data-set-9-files-31,1,email
EFTA00756478.pdf,data-set-9-files-31,3,email
EFTA00756481.pdf,data-set-9-files-31,3,email
EFTA00756484.pdf,data-set-9-files-31,2,email
EFTA00756486.pdf,data-set-9-files-31,1,other
EFTA00756487.pdf,data-set-9-files-31,1,email
EFTA00756488.pdf,data-set-9-files-31,1,email
EFTA00756489.pdf,data-set-9-files-31,4,email
EFTA00756493.pdf,data-set-9-files-31,3,email
EFTA00756496.pdf,data-set-9-files-31,4,email
EFTA00756500.pdf,data-set-9-files-31,1,email
EFTA00900683.pdf,data-set-9-files-31,1,email
EFTA00900684.pdf,data-set-9-files-31,1,email
EFTA00900685.pdf,data-set-9-files-31,1,email
EFTA00900686.pdf,data-set-9-files-31,1,email
EFTA00900687.pdf,data-set-9-files-31,1,email
EFTA00900688.pdf,data-set-9-files-31,1,email
EFTA00900689.pdf,data-set-9-files-31,1,email
EFTA00900690.pdf,data-set-9-files-31,1,email
EFTA00900691.pdf,data-set-9-files-31,1,email
EFTA00900692.pdf,data-set-9-files-31,2,email
EFTA00900694.pdf,data-set-9-files-31,3,email
EFTA00900697.pdf,data-set-9-files-31,1,email
EFTA00900698.pdf,data-set-9-files-31,1,email
EFTA00900699.pdf,data-set-9-files-31,1,email
EFTA00900700.pdf,data-set-9-files-31,1,email
EFTA00900701.pdf,data-set-9-files-31,2,email
EFTA00900703.pdf,data-set-9-files-31,2,email
EFTA00900705.pdf,data-set-9-files-31,2,email
EFTA00900707.pdf,data-set-9-files-31,3,email
EFTA00900710.pdf,data-set-9-files-31,1,email
EFTA00900711.pdf,data-set-9-files-31,1,email
EFTA00900712.pdf,data-set-9-files-31,1,email
EFTA00900713.pdf,data-set-9-files-31,1,email
EFTA00900714.pdf,data-set-9-files-31,1,email
EFTA00900715.pdf,data-set-9-files-31,1,email
EFTA00900716.pdf,data-set-9-files-31,1,email
EFTA00900717.pdf,data-set-9-files-31,1,email
EFTA00900718.pdf,data-set-9-files-31,1,email
EFTA00900719.pdf,data-set-9-files-31,2,email
EFTA00900721.pdf,data-set-9-files-31,1,email
EFTA00900722.pdf,data-set-9-files-31,1,email
EFTA00900723.pdf,data-set-9-files-31,1,email
EFTA00900724.pdf,data-set-9-files-31,1,email
EFTA00900725.pdf,data-set-9-files-31,2,email
EFTA00900727.pdf,data-set-9-files-31,1,other
EFTA00900728.pdf,data-set-9-files-31,1,email
EFTA00900729.pdf,data-set-9-files-31,1,email
EFTA00900730.pdf,data-set-9-files-31,1,email
EFTA00900731.pdf,data-set-9-files-31,3,email
EFTA00900734.pdf,data-set-9-files-31,1,email
EFTA00900735.pdf,data-set-9-files-31,1,email
EFTA00900736.pdf,data-set-9-files-31,1,email
EFTA00900737.pdf,data-set-9-files-31,1,email
EFTA00900738.pdf,data-set-9-files-31,1,email
EFTA00900739.pdf,data-set-9-files-31,1,email
EFTA00900740.pdf,data-set-9-files-31,1,email
EFTA00900741.pdf,data-set-9-files-31,2,email
EFTA00900743.pdf,data-set-9-files-31,1,email
EFTA00900744.pdf,data-set-9-files-31,1,email
EFTA00900745.pdf,data-set-9-files-31,1,email
EFTA00900746.pdf,data-set-9-files-31,2,email
EFTA00900748.pdf,data-set-9-files-31,3,email
EFTA00900751.pdf,data-set-9-files-31,2,email
EFTA00900753.pdf,data-set-9-files-31,1,email
EFTA00900754.pdf,data-set-9-files-31,1,email
EFTA00900755.pdf,data-set-9-files-31,2,email
EFTA00900757.pdf,data-set-9-files-31,1,email
EFTA00900758.pdf,data-set-9-files-31,1,email
EFTA00900759.pdf,data-set-9-files-31,1,email
EFTA00900760.pdf,data-set-9-files-31,1,email
EFTA00900761.pdf,data-set-9-files-31,2,email
EFTA00900763.pdf,data-set-9-files-31,1,email
EFTA00900764.pdf,data-set-9-files-31,1,email
EFTA00900765.pdf,data-set-9-files-31,1,email
EFTA00900766.pdf,data-set-9-files-31,1,email
EFTA00900767.pdf,data-set-9-files-31,1,email
EFTA00900768.pdf,data-set-9-files-31,1,other
EFTA00900769.pdf,data-set-9-files-31,1,email
EFTA00900770.pdf,data-set-9-files-31,1,email
EFTA00900771.pdf,data-set-9-files-31,1,email
EFTA00900772.pdf,data-set-9-files-31,2,email
EFTA00900774.pdf,data-set-9-files-31,1,email
EFTA00900775.pdf,data-set-9-files-31,1,email
EFTA00900776.pdf,data-set-9-files-31,1,email
EFTA00900777.pdf,data-set-9-files-31,2,email
EFTA00900779.pdf,data-set-9-files-31,2,email
EFTA00900781.pdf,data-set-9-files-31,1,email
EFTA00900782.pdf,data-set-9-files-31,1,email
EFTA00900783.pdf,data-set-9-files-31,2,email
EFTA00900785.pdf,data-set-9-files-31,2,email
EFTA00900787.pdf,data-set-9-files-31,1,email
EFTA00900788.pdf,data-set-9-files-31,11,email
EFTA00900799.pdf,data-set-9-files-31,1,email
EFTA00900800.pdf,data-set-9-files-31,1,email
EFTA00900801.pdf,data-set-9-files-31,1,email
EFTA00900802.pdf,data-set-9-files-31,2,email
EFTA00900804.pdf,data-set-9-files-31,2,email
EFTA00900806.pdf,data-set-9-files-31,1,email
EFTA00900807.pdf,data-set-9-files-31,2,email
EFTA00900809.pdf,data-set-9-files-31,1,email
EFTA00900810.pdf,data-set-9-files-31,1,email
EFTA00900811.pdf,data-set-9-files-31,1,email
EFTA00900812.pdf,data-set-9-files-31,2,email
EFTA00900814.pdf,data-set-9-files-31,1,email
EFTA00900815.pdf,data-set-9-files-31,1,email
EFTA00900816.pdf,data-set-9-files-31,1,email
EFTA00900817.pdf,data-set-9-files-31,1,other
EFTA00900818.pdf,data-set-9-files-31,1,email
EFTA00900819.pdf,data-set-9-files-31,1,email
EFTA00900820.pdf,data-set-9-files-31,1,email
EFTA00900821.pdf,data-set-9-files-31,1,email
EFTA00900822.pdf,data-set-9-files-31,1,email
EFTA00900823.pdf,data-set-9-files-31,1,email
EFTA00900824.pdf,data-set-9-files-31,1,email
EFTA00900825.pdf,data-set-9-files-31,1,email
EFTA00900826.pdf,data-set-9-files-31,1,email
EFTA00900827.pdf,data-set-9-files-31,1,email
EFTA00900828.pdf,data-set-9-files-31,1,email
EFTA00900829.pdf,data-set-9-files-31,2,email
EFTA00900831.pdf,data-set-9-files-31,1,email
EFTA00900832.pdf,data-set-9-files-31,1,email
EFTA00900833.pdf,data-set-9-files-31,1,email
EFTA00900834.pdf,data-set-9-files-31,1,email
EFTA00900835.pdf,data-set-9-files-31,2,email
EFTA00900837.pdf,data-set-9-files-31,3,email
EFTA00900840.pdf,data-set-9-files-31,3,email
EFTA00900843.pdf,data-set-9-files-31,3,email
EFTA00900846.pdf,data-set-9-files-31,1,email
EFTA00900847.pdf,data-set-9-files-31,3,email
EFTA00900850.pdf,data-set-9-files-31,1,email
EFTA00900851.pdf,data-set-9-files-31,1,email
EFTA00900852.pdf,data-set-9-files-31,1,email
EFTA00900853.pdf,data-set-9-files-31,1,email
EFTA00900854.pdf,data-set-9-files-31,2,email
EFTA00900856.pdf,data-set-9-files-31,2,email
EFTA00900858.pdf,data-set-9-files-31,2,email
EFTA00900860.pdf,data-set-9-files-31,1,email
EFTA00900861.pdf,data-set-9-files-31,7,email
EFTA00900868.pdf,data-set-9-files-31,1,email
EFTA00900869.pdf,data-set-9-files-31,1,email
EFTA00900870.pdf,data-set-9-files-31,2,email
EFTA00900872.pdf,data-set-9-files-31,1,email
EFTA00900873.pdf,data-set-9-files-31,4,email
EFTA00900877.pdf,data-set-9-files-31,3,email
EFTA00900880.pdf,data-set-9-files-31,1,email
EFTA00900881.pdf,data-set-9-files-31,1,email
EFTA00900882.pdf,data-set-9-files-31,1,email
EFTA00900883.pdf,data-set-9-files-31,1,email
EFTA00900884.pdf,data-set-9-files-31,2,email
EFTA00900886.pdf,data-set-9-files-31,1,email
EFTA00900887.pdf,data-set-9-files-31,1,email
EFTA00900888.pdf,data-set-9-files-31,1,email
EFTA00900889.pdf,data-set-9-files-31,1,email
EFTA00900890.pdf,data-set-9-files-31,4,email
EFTA00900894.pdf,data-set-9-files-31,1,email
EFTA00900895.pdf,data-set-9-files-31,1,email
EFTA00900896.pdf,data-set-9-files-31,1,email
EFTA00900897.pdf,data-set-9-files-31,1,email
EFTA00900898.pdf,data-set-9-files-31,1,other
EFTA00900899.pdf,data-set-9-files-31,1,email
EFTA00900900.pdf,data-set-9-files-31,1,email
EFTA00900901.pdf,data-set-9-files-31,1,email
EFTA00900902.pdf,data-set-9-files-31,1,email
EFTA00900903.pdf,data-set-9-files-31,1,email
EFTA00900904.pdf,data-set-9-files-31,1,email
EFTA00900905.pdf,data-set-9-files-31,1,email
EFTA00900906.pdf,data-set-9-files-31,1,email
EFTA00900907.pdf,data-set-9-files-31,1,email
EFTA00900908.pdf,data-set-9-files-31,9,email
EFTA00900917.pdf,data-set-9-files-31,1,email
EFTA00900918.pdf,data-set-9-files-31,1,email
EFTA00900919.pdf,data-set-9-files-31,1,other
EFTA00900920.pdf,data-set-9-files-31,1,other
EFTA00900921.pdf,data-set-9-files-31,1,other
EFTA00900922.pdf,data-set-9-files-31,1,email
EFTA00900923.pdf,data-set-9-files-31,1,other
EFTA00900924.pdf,data-set-9-files-31,1,email
EFTA00900925.pdf,data-set-9-files-31,1,email
EFTA00900926.pdf,data-set-9-files-31,1,email
EFTA00900927.pdf,data-set-9-files-31,1,email
EFTA00900928.pdf,data-set-9-files-31,1,email
EFTA00900929.pdf,data-set-9-files-31,4,email
EFTA00900933.pdf,data-set-9-files-31,4,email
EFTA00900937.pdf,data-set-9-files-31,1,email
EFTA00900938.pdf,data-set-9-files-31,1,email
EFTA00900939.pdf,data-set-9-files-31,5,email
EFTA00900944.pdf,data-set-9-files-31,5,email
EFTA00900949.pdf,data-set-9-files-31,1,email
EFTA00900950.pdf,data-set-9-files-31,8,email
EFTA00900958.pdf,data-set-9-files-31,1,other
EFTA00900959.pdf,data-set-9-files-31,1,email
EFTA00900960.pdf,data-set-9-files-31,1,email
EFTA00900961.pdf,data-set-9-files-31,6,email
EFTA00900967.pdf,data-set-9-files-31,3,email
EFTA00900970.pdf,data-set-9-files-31,1,email
EFTA00900971.pdf,data-set-9-files-31,9,email
EFTA00900980.pdf,data-set-9-files-31,1,email
EFTA00900981.pdf,data-set-9-files-31,1,email
EFTA00900982.pdf,data-set-9-files-31,11,email
EFTA00900993.pdf,data-set-9-files-31,8,email
EFTA00901001.pdf,data-set-9-files-31,1,email
EFTA00901002.pdf,data-set-9-files-31,1,other
EFTA00901003.pdf,data-set-9-files-31,1,email
EFTA00901004.pdf,data-set-9-files-31,8,email
EFTA00901012.pdf,data-set-9-files-31,1,email
EFTA00901013.pdf,data-set-9-files-31,1,email
EFTA00901014.pdf,data-set-9-files-31,2,email
EFTA00901016.pdf,data-set-9-files-31,3,email
EFTA00901019.pdf,data-set-9-files-31,1,email
EFTA00901020.pdf,data-set-9-files-31,8,email
EFTA00901028.pdf,data-set-9-files-31,2,email
EFTA00901030.pdf,data-set-9-files-31,1,email
EFTA00901031.pdf,data-set-9-files-31,1,email
EFTA00901032.pdf,data-set-9-files-31,1,other
EFTA00901033.pdf,data-set-9-files-31,1,other
EFTA00901034.pdf,data-set-9-files-31,1,email
EFTA00901035.pdf,data-set-9-files-31,1,email
EFTA00901036.pdf,data-set-9-files-31,1,email
EFTA00901037.pdf,data-set-9-files-31,1,other
EFTA00901038.pdf,data-set-9-files-31,1,email
EFTA00901039.pdf,data-set-9-files-31,1,email
EFTA00901040.pdf,data-set-9-files-31,1,email
EFTA00901041.pdf,data-set-9-files-31,1,email
EFTA00901042.pdf,data-set-9-files-31,2,email
EFTA00901044.pdf,data-set-9-files-31,1,email
EFTA00901045.pdf,data-set-9-files-31,1,email
EFTA00901046.pdf,data-set-9-files-31,1,email
EFTA00901047.pdf,data-set-9-files-31,1,email
EFTA00901048.pdf,data-set-9-files-31,2,email
EFTA00901050.pdf,data-set-9-files-31,1,email
EFTA00901051.pdf,data-set-9-files-31,2,email
EFTA00901053.pdf,data-set-9-files-31,3,email
EFTA00901056.pdf,data-set-9-files-31,1,email
EFTA00901057.pdf,data-set-9-files-31,1,email
EFTA00901058.pdf,data-set-9-files-31,1,email
EFTA00901059.pdf,data-set-9-files-31,1,email
EFTA00901060.pdf,data-set-9-files-31,1,email
EFTA00901061.pdf,data-set-9-files-31,1,email
EFTA00901062.pdf,data-set-9-files-31,3,email
EFTA00901065.pdf,data-set-9-files-31,4,email
EFTA00901069.pdf,data-set-9-files-31,4,email
EFTA00901073.pdf,data-set-9-files-31,8,email
EFTA00901081.pdf,data-set-9-files-31,4,email
EFTA00901085.pdf,data-set-9-files-31,1,email
EFTA00901086.pdf,data-set-9-files-31,2,email
EFTA00901088.pdf,data-set-9-files-31,1,email
EFTA00901089.pdf,data-set-9-files-31,1,email
EFTA00901090.pdf,data-set-9-files-31,2,email
EFTA00901092.pdf,data-set-9-files-31,1,email
EFTA00901093.pdf,data-set-9-files-31,1,email
EFTA00901094.pdf,data-set-9-files-31,1,email
EFTA00901095.pdf,data-set-9-files-31,1,email
EFTA00901096.pdf,data-set-9-files-31,1,email
EFTA00901097.pdf,data-set-9-files-31,1,email
EFTA00901098.pdf,data-set-9-files-31,1,email
EFTA00901099.pdf,data-set-9-files-31,1,email
EFTA00901100.pdf,data-set-9-files-31,2,email
EFTA00901102.pdf,data-set-9-files-31,1,email
EFTA00901103.pdf,data-set-9-files-31,1,email
EFTA00901104.pdf,data-set-9-files-31,1,email
EFTA00901105.pdf,data-set-9-files-31,1,email
EFTA00901106.pdf,data-set-9-files-31,2,email
EFTA00901108.pdf,data-set-9-files-31,1,email
EFTA00901109.pdf,data-set-9-files-31,1,email
EFTA00901110.pdf,data-set-9-files-31,1,email
EFTA00901111.pdf,data-set-9-files-31,1,email
EFTA00901112.pdf,data-set-9-files-31,3,email
EFTA00901115.pdf,data-set-9-files-31,1,email
EFTA00901116.pdf,data-set-9-files-31,1,email
EFTA00901117.pdf,data-set-9-files-31,3,email
EFTA00901120.pdf,data-set-9-files-31,1,email
EFTA00901121.pdf,data-set-9-files-31,1,email
EFTA00901122.pdf,data-set-9-files-31,1,email
EFTA00901123.pdf,data-set-9-files-31,1,email
EFTA00901124.pdf,data-set-9-files-31,1,email
EFTA00901125.pdf,data-set-9-files-31,1,email
EFTA00901126.pdf,data-set-9-files-31,1,email
EFTA00901127.pdf,data-set-9-files-31,1,email
EFTA00901128.pdf,data-set-9-files-31,1,email
EFTA00901129.pdf,data-set-9-files-31,1,email
EFTA00901130.pdf,data-set-9-files-31,1,email
EFTA00901131.pdf,data-set-9-files-31,1,email
EFTA00901132.pdf,data-set-9-files-31,1,email
EFTA00901133.pdf,data-set-9-files-31,2,email
EFTA00901135.pdf,data-set-9-files-31,3,email
EFTA00901138.pdf,data-set-9-files-31,1,email
EFTA00901139.pdf,data-set-9-files-31,1,email
EFTA00901140.pdf,data-set-9-files-31,1,email
EFTA00901141.pdf,data-set-9-files-31,1,email
EFTA00901142.pdf,data-set-9-files-31,2,email
EFTA00901144.pdf,data-set-9-files-31,1,email
EFTA00901145.pdf,data-set-9-files-31,1,email
EFTA00901146.pdf,data-set-9-files-31,1,email
EFTA00901147.pdf,data-set-9-files-31,1,email
EFTA00901148.pdf,data-set-9-files-31,1,email
EFTA00901149.pdf,data-set-9-files-31,1,email
EFTA00901150.pdf,data-set-9-files-31,1,email
EFTA00901151.pdf,data-set-9-files-31,1,email
EFTA00901152.pdf,data-set-9-files-31,1,email
EFTA00901153.pdf,data-set-9-files-31,1,email
EFTA00901154.pdf,data-set-9-files-31,1,email
EFTA00901155.pdf,data-set-9-files-31,2,email
EFTA00901157.pdf,data-set-9-files-31,2,email
EFTA00901159.pdf,data-set-9-files-31,1,email
EFTA00901160.pdf,data-set-9-files-31,2,email
EFTA00901162.pdf,data-set-9-files-31,1,email
EFTA00901163.pdf,data-set-9-files-31,2,email
EFTA00901165.pdf,data-set-9-files-31,1,email
EFTA00901166.pdf,data-set-9-files-31,1,email
EFTA00901167.pdf,data-set-9-files-31,2,email
EFTA00901169.pdf,data-set-9-files-31,2,email
EFTA00901171.pdf,data-set-9-files-31,1,email
EFTA00901172.pdf,data-set-9-files-31,2,email
EFTA00901174.pdf,data-set-9-files-31,3,email
EFTA00901177.pdf,data-set-9-files-31,1,email
EFTA00901178.pdf,data-set-9-files-31,1,email
EFTA00901179.pdf,data-set-9-files-31,1,email
EFTA00901180.pdf,data-set-9-files-31,1,email
EFTA00901181.pdf,data-set-9-files-31,2,email
EFTA00901183.pdf,data-set-9-files-31,2,email
EFTA00901185.pdf,data-set-9-files-31,2,email
EFTA00901187.pdf,data-set-9-files-31,2,email
EFTA00901189.pdf,data-set-9-files-31,1,email
EFTA00901190.pdf,data-set-9-files-31,1,email
EFTA00901191.pdf,data-set-9-files-31,2,email
EFTA00901193.pdf,data-set-9-files-31,1,email
EFTA00901194.pdf,data-set-9-files-31,1,email
EFTA00901195.pdf,data-set-9-files-31,1,email
EFTA00901196.pdf,data-set-9-files-31,3,email
EFTA00901199.pdf,data-set-9-files-31,2,email
EFTA00901201.pdf,data-set-9-files-31,1,email
EFTA00901202.pdf,data-set-9-files-31,2,email
EFTA00901204.pdf,data-set-9-files-31,1,email
EFTA00901205.pdf,data-set-9-files-31,1,email
EFTA00901206.pdf,data-set-9-files-31,1,email
EFTA00901207.pdf,data-set-9-files-31,1,email
EFTA00901208.pdf,data-set-9-files-31,1,email
EFTA00901209.pdf,data-set-9-files-31,7,email
EFTA00901216.pdf,data-set-9-files-31,2,email
EFTA00901218.pdf,data-set-9-files-31,2,email
EFTA00901220.pdf,data-set-9-files-31,7,email
EFTA00901227.pdf,data-set-9-files-31,1,email
EFTA00901228.pdf,data-set-9-files-31,1,email
EFTA00901229.pdf,data-set-9-files-31,1,email
EFTA00901230.pdf,data-set-9-files-31,3,email
EFTA00901233.pdf,data-set-9-files-31,1,email
EFTA00901234.pdf,data-set-9-files-31,1,email
EFTA00901235.pdf,data-set-9-files-31,2,email
EFTA00901237.pdf,data-set-9-files-31,1,email
EFTA00901238.pdf,data-set-9-files-31,3,email
EFTA00901241.pdf,data-set-9-files-31,3,email
EFTA00901244.pdf,data-set-9-files-31,2,email
EFTA00901246.pdf,data-set-9-files-31,1,email
EFTA00901247.pdf,data-set-9-files-31,1,email
EFTA00901248.pdf,data-set-9-files-31,1,email
EFTA00901249.pdf,data-set-9-files-31,1,email
EFTA00901250.pdf,data-set-9-files-31,1,email
EFTA00901251.pdf,data-set-9-files-31,1,email
EFTA00901252.pdf,data-set-9-files-31,1,email
EFTA00901253.pdf,data-set-9-files-31,1,email
EFTA00901254.pdf,data-set-9-files-31,2,email
EFTA00901256.pdf,data-set-9-files-31,1,email
EFTA00901257.pdf,data-set-9-files-31,1,email
EFTA00901258.pdf,data-set-9-files-31,1,email
EFTA00901259.pdf,data-set-9-files-31,2,email
EFTA00901261.pdf,data-set-9-files-31,2,email
EFTA00901263.pdf,data-set-9-files-31,1,email
EFTA00901264.pdf,data-set-9-files-31,2,email
EFTA00901266.pdf,data-set-9-files-31,1,email
EFTA00901267.pdf,data-set-9-files-31,1,other
EFTA00901268.pdf,data-set-9-files-31,1,email
EFTA00901269.pdf,data-set-9-files-31,1,email
EFTA00901270.pdf,data-set-9-files-31,1,email
EFTA00901271.pdf,data-set-9-files-31,1,email
EFTA00901272.pdf,data-set-9-files-31,1,email
EFTA00901273.pdf,data-set-9-files-31,1,other
EFTA00901274.pdf,data-set-9-files-31,1,other
EFTA00901275.pdf,data-set-9-files-31,1,email
EFTA00901276.pdf,data-set-9-files-31,1,email
EFTA00901277.pdf,data-set-9-files-31,1,email
EFTA00901278.pdf,data-set-9-files-31,2,email
EFTA00901280.pdf,data-set-9-files-31,2,email
EFTA00901282.pdf,data-set-9-files-31,1,email
EFTA00901283.pdf,data-set-9-files-31,1,email
EFTA00901284.pdf,data-set-9-files-31,1,email
EFTA00901285.pdf,data-set-9-files-31,1,email
EFTA00901286.pdf,data-set-9-files-31,1,email
EFTA00901287.pdf,data-set-9-files-31,1,email
EFTA00901288.pdf,data-set-9-files-31,1,email
EFTA00901289.pdf,data-set-9-files-31,1,other
EFTA00901290.pdf,data-set-9-files-31,1,email
EFTA00901291.pdf,data-set-9-files-31,1,email
EFTA00901292.pdf,data-set-9-files-31,1,email
EFTA00901293.pdf,data-set-9-files-31,1,email
EFTA00901294.pdf,data-set-9-files-31,1,email
EFTA00901295.pdf,data-set-9-files-31,1,email
EFTA00901296.pdf,data-set-9-files-31,1,email
EFTA00901297.pdf,data-set-9-files-31,2,email
EFTA00901299.pdf,data-set-9-files-31,2,email
EFTA00901301.pdf,data-set-9-files-31,1,email
EFTA00901302.pdf,data-set-9-files-31,1,email
EFTA00901303.pdf,data-set-9-files-31,1,email
EFTA00901304.pdf,data-set-9-files-31,1,email
EFTA00901305.pdf,data-set-9-files-31,1,other
EFTA00901306.pdf,data-set-9-files-31,1,email
EFTA00901307.pdf,data-set-9-files-31,1,email
EFTA00901308.pdf,data-set-9-files-31,1,other
EFTA00901309.pdf,data-set-9-files-31,1,email
EFTA00901310.pdf,data-set-9-files-31,1,email
EFTA00901311.pdf,data-set-9-files-31,1,email
EFTA00901312.pdf,data-set-9-files-31,1,email
EFTA00901313.pdf,data-set-9-files-31,2,email
EFTA00901315.pdf,data-set-9-files-31,2,email
EFTA00901317.pdf,data-set-9-files-31,2,email
EFTA00901319.pdf,data-set-9-files-31,2,email
EFTA00901321.pdf,data-set-9-files-31,1,email
EFTA00901322.pdf,data-set-9-files-31,1,email
EFTA00901323.pdf,data-set-9-files-31,1,email
EFTA00901324.pdf,data-set-9-files-31,1,email
EFTA00901325.pdf,data-set-9-files-31,1,email
EFTA00901326.pdf,data-set-9-files-31,3,email
EFTA00901329.pdf,data-set-9-files-31,1,email
EFTA00901330.pdf,data-set-9-files-31,1,email
EFTA00901331.pdf,data-set-9-files-31,1,email
EFTA00901332.pdf,data-set-9-files-31,1,email
EFTA00901333.pdf,data-set-9-files-31,1,other
EFTA00901334.pdf,data-set-9-files-31,1,email
EFTA00901335.pdf,data-set-9-files-31,1,email
EFTA00901336.pdf,data-set-9-files-31,2,email
EFTA00901338.pdf,data-set-9-files-31,1,email
EFTA00901339.pdf,data-set-9-files-31,1,email
EFTA00901340.pdf,data-set-9-files-31,1,email
EFTA00901341.pdf,data-set-9-files-31,1,email
EFTA00901342.pdf,data-set-9-files-31,1,email
EFTA00901343.pdf,data-set-9-files-31,1,email
EFTA00901344.pdf,data-set-9-files-31,1,email
EFTA00901345.pdf,data-set-9-files-31,1,email
EFTA00901346.pdf,data-set-9-files-31,1,email
EFTA00901347.pdf,data-set-9-files-31,1,email
EFTA00901348.pdf,data-set-9-files-31,1,email
EFTA00901349.pdf,data-set-9-files-31,1,email
EFTA00901350.pdf,data-set-9-files-31,1,email
EFTA00901351.pdf,data-set-9-files-31,1,email
EFTA00901352.pdf,data-set-9-files-31,2,email
EFTA00901354.pdf,data-set-9-files-31,2,email
EFTA00901356.pdf,data-set-9-files-31,1,email
EFTA00901357.pdf,data-set-9-files-31,1,email
EFTA00901358.pdf,data-set-9-files-31,1,email
EFTA00901359.pdf,data-set-9-files-31,3,email
EFTA00901362.pdf,data-set-9-files-31,1,email
EFTA00901363.pdf,data-set-9-files-31,1,other
EFTA00901364.pdf,data-set-9-files-31,1,email
EFTA00901365.pdf,data-set-9-files-31,1,email
EFTA00901366.pdf,data-set-9-files-31,2,email
EFTA00901368.pdf,data-set-9-files-31,1,other
EFTA00901369.pdf,data-set-9-files-31,1,other
EFTA00901370.pdf,data-set-9-files-31,1,email
EFTA00901371.pdf,data-set-9-files-31,1,email
EFTA00901372.pdf,data-set-9-files-31,1,email
EFTA00901373.pdf,data-set-9-files-31,1,email
EFTA00901374.pdf,data-set-9-files-31,1,email
EFTA00901375.pdf,data-set-9-files-31,2,email
EFTA00901377.pdf,data-set-9-files-31,2,email
EFTA00901379.pdf,data-set-9-files-31,1,email
EFTA00901380.pdf,data-set-9-files-31,2,email
EFTA00901382.pdf,data-set-9-files-31,1,email
EFTA00901383.pdf,data-set-9-files-31,1,email
EFTA00901384.pdf,data-set-9-files-31,2,email
EFTA00901386.pdf,data-set-9-files-31,1,email
EFTA00901387.pdf,data-set-9-files-31,1,email
EFTA00901388.pdf,data-set-9-files-31,3,email
EFTA00901391.pdf,data-set-9-files-31,1,other
EFTA00901392.pdf,data-set-9-files-31,1,email
EFTA00901393.pdf,data-set-9-files-31,1,email
EFTA00901394.pdf,data-set-9-files-31,1,email
EFTA00901395.pdf,data-set-9-files-31,2,email
EFTA00901397.pdf,data-set-9-files-31,1,email
EFTA00901398.pdf,data-set-9-files-31,1,email
EFTA00901399.pdf,data-set-9-files-31,3,email
EFTA00901402.pdf,data-set-9-files-31,1,email
EFTA00901403.pdf,data-set-9-files-31,1,email
EFTA00901404.pdf,data-set-9-files-31,1,email
EFTA00901405.pdf,data-set-9-files-31,1,email
EFTA00901406.pdf,data-set-9-files-31,1,email
EFTA00901407.pdf,data-set-9-files-31,1,email
EFTA00901408.pdf,data-set-9-files-31,1,email
EFTA00901409.pdf,data-set-9-files-31,1,email
EFTA00901410.pdf,data-set-9-files-31,1,other
EFTA00901411.pdf,data-set-9-files-31,1,other
EFTA00901412.pdf,data-set-9-files-31,1,other
EFTA00901413.pdf,data-set-9-files-31,1,other
EFTA00901414.pdf,data-set-9-files-31,2,email
EFTA00901416.pdf,data-set-9-files-31,1,email
EFTA00901417.pdf,data-set-9-files-31,1,other
EFTA00901418.pdf,data-set-9-files-31,2,email
EFTA00901420.pdf,data-set-9-files-31,1,email
EFTA00901421.pdf,data-set-9-files-31,1,other
EFTA00901422.pdf,data-set-9-files-31,1,email
EFTA00901423.pdf,data-set-9-files-31,1,email
EFTA00901424.pdf,data-set-9-files-31,1,email
EFTA00901425.pdf,data-set-9-files-31,2,email
EFTA00901427.pdf,data-set-9-files-31,1,email
EFTA00901428.pdf,data-set-9-files-31,4,email
EFTA00901432.pdf,data-set-9-files-31,1,email
EFTA00901433.pdf,data-set-9-files-31,1,email
EFTA00901434.pdf,data-set-9-files-31,1,other
EFTA00901435.pdf,data-set-9-files-31,1,email
EFTA00901436.pdf,data-set-9-files-31,4,email
EFTA00901440.pdf,data-set-9-files-31,1,email
EFTA00901441.pdf,data-set-9-files-31,1,email
EFTA00901442.pdf,data-set-9-files-31,1,email
EFTA00901443.pdf,data-set-9-files-31,1,email
EFTA00901444.pdf,data-set-9-files-31,1,email
EFTA00901445.pdf,data-set-9-files-31,1,email
EFTA00901446.pdf,data-set-9-files-31,1,email
EFTA00901447.pdf,data-set-9-files-31,2,email
EFTA00901449.pdf,data-set-9-files-31,2,email
EFTA00901451.pdf,data-set-9-files-31,1,email
EFTA00901452.pdf,data-set-9-files-31,1,email
EFTA00901453.pdf,data-set-9-files-31,1,email
EFTA00901454.pdf,data-set-9-files-31,4,email
EFTA00901458.pdf,data-set-9-files-31,1,email
EFTA00901459.pdf,data-set-9-files-31,1,email
EFTA00901460.pdf,data-set-9-files-31,1,email
EFTA00901461.pdf,data-set-9-files-31,1,email
EFTA00901462.pdf,data-set-9-files-31,2,email
EFTA00901464.pdf,data-set-9-files-31,1,email
EFTA00901465.pdf,data-set-9-files-31,1,email
EFTA00901466.pdf,data-set-9-files-31,1,email
EFTA00901467.pdf,data-set-9-files-31,1,email
EFTA00901468.pdf,data-set-9-files-31,1,email
EFTA00901469.pdf,data-set-9-files-31,1,email
EFTA00901470.pdf,data-set-9-files-31,1,email
EFTA00901471.pdf,data-set-9-files-31,1,email
EFTA00901472.pdf,data-set-9-files-31,1,email
EFTA00901473.pdf,data-set-9-files-31,1,email
EFTA00901474.pdf,data-set-9-files-31,1,email
EFTA00901475.pdf,data-set-9-files-31,1,email
EFTA00901476.pdf,data-set-9-files-31,1,email
EFTA00901477.pdf,data-set-9-files-31,2,email
EFTA00901479.pdf,data-set-9-files-31,1,email
EFTA00901480.pdf,data-set-9-files-31,1,email
EFTA00901481.pdf,data-set-9-files-31,2,email
EFTA00901483.pdf,data-set-9-files-31,1,email
EFTA00901484.pdf,data-set-9-files-31,1,email
EFTA00901485.pdf,data-set-9-files-31,1,email
EFTA00901486.pdf,data-set-9-files-31,1,email
EFTA00901487.pdf,data-set-9-files-31,3,email
EFTA00901490.pdf,data-set-9-files-31,1,email
EFTA00901491.pdf,data-set-9-files-31,1,email
EFTA00901492.pdf,data-set-9-files-31,1,email
EFTA00901493.pdf,data-set-9-files-31,2,email
EFTA00901495.pdf,data-set-9-files-31,2,email
EFTA00901497.pdf,data-set-9-files-31,1,email
EFTA00901498.pdf,data-set-9-files-31,1,email
EFTA00901499.pdf,data-set-9-files-31,1,other
EFTA00901500.pdf,data-set-9-files-31,3,email
EFTA00901503.pdf,data-set-9-files-31,1,other
EFTA00901504.pdf,data-set-9-files-31,1,other
EFTA00901505.pdf,data-set-9-files-31,1,email
EFTA00901506.pdf,data-set-9-files-31,1,email
EFTA00901507.pdf,data-set-9-files-31,1,email
EFTA00901508.pdf,data-set-9-files-31,1,email
EFTA00901509.pdf,data-set-9-files-31,1,email
EFTA00901510.pdf,data-set-9-files-31,1,email
EFTA00901511.pdf,data-set-9-files-31,1,email
EFTA00901512.pdf,data-set-9-files-31,2,email
EFTA00901514.pdf,data-set-9-files-31,1,email
EFTA00901515.pdf,data-set-9-files-31,2,email
EFTA00901517.pdf,data-set-9-files-31,1,email
EFTA00901518.pdf,data-set-9-files-31,1,email
EFTA00901519.pdf,data-set-9-files-31,1,email
EFTA00901520.pdf,data-set-9-files-31,1,email
EFTA00901521.pdf,data-set-9-files-31,1,email
EFTA00901522.pdf,data-set-9-files-31,1,email
EFTA00901523.pdf,data-set-9-files-31,1,email
EFTA00901524.pdf,data-set-9-files-31,1,email
EFTA00901525.pdf,data-set-9-files-31,1,email
EFTA00901526.pdf,data-set-9-files-31,1,email
EFTA00901527.pdf,data-set-9-files-31,1,email
EFTA00901528.pdf,data-set-9-files-31,1,email
EFTA00901529.pdf,data-set-9-files-31,1,email
EFTA00901530.pdf,data-set-9-files-31,2,email
EFTA00901532.pdf,data-set-9-files-31,1,email
EFTA00901533.pdf,data-set-9-files-31,1,email
EFTA00901534.pdf,data-set-9-files-31,1,email
EFTA00901535.pdf,data-set-9-files-31,1,email
EFTA00901536.pdf,data-set-9-files-31,1,email
EFTA00901537.pdf,data-set-9-files-31,2,email
EFTA00901539.pdf,data-set-9-files-31,1,email
EFTA00901540.pdf,data-set-9-files-31,1,email
EFTA00901541.pdf,data-set-9-files-31,1,other
EFTA00901542.pdf,data-set-9-files-31,1,other
EFTA00901543.pdf,data-set-9-files-31,1,email
EFTA00901544.pdf,data-set-9-files-31,1,email
EFTA00901545.pdf,data-set-9-files-31,1,email
EFTA00901546.pdf,data-set-9-files-31,1,email
EFTA00901547.pdf,data-set-9-files-31,1,email
EFTA00901548.pdf,data-set-9-files-31,1,email
EFTA00901549.pdf,data-set-9-files-31,3,email
EFTA00901552.pdf,data-set-9-files-31,1,email
EFTA00901553.pdf,data-set-9-files-31,2,email
EFTA00901555.pdf,data-set-9-files-31,1,email
EFTA00901556.pdf,data-set-9-files-31,4,email
EFTA00901560.pdf,data-set-9-files-31,1,other
EFTA00901561.pdf,data-set-9-files-31,5,email
EFTA00901566.pdf,data-set-9-files-31,1,email
EFTA00901567.pdf,data-set-9-files-31,1,email
EFTA00901568.pdf,data-set-9-files-31,1,email
EFTA00901569.pdf,data-set-9-files-31,1,email
EFTA00901570.pdf,data-set-9-files-31,1,email
EFTA00901571.pdf,data-set-9-files-31,1,email
EFTA00901572.pdf,data-set-9-files-31,1,email
EFTA00901573.pdf,data-set-9-files-31,1,other
EFTA00901574.pdf,data-set-9-files-31,1,email
EFTA00901575.pdf,data-set-9-files-31,1,other
EFTA00901576.pdf,data-set-9-files-31,1,email
EFTA00901577.pdf,data-set-9-files-31,1,email
EFTA00901578.pdf,data-set-9-files-31,1,email
EFTA00901579.pdf,data-set-9-files-31,1,email
EFTA00901580.pdf,data-set-9-files-31,1,email
EFTA00901581.pdf,data-set-9-files-31,2,email
EFTA00901583.pdf,data-set-9-files-31,1,email
EFTA00901584.pdf,data-set-9-files-31,1,email
EFTA00901585.pdf,data-set-9-files-31,1,email
EFTA00901586.pdf,data-set-9-files-31,1,email
EFTA00901587.pdf,data-set-9-files-31,1,other
EFTA00901588.pdf,data-set-9-files-31,4,email
EFTA00901592.pdf,data-set-9-files-31,1,email
EFTA00901593.pdf,data-set-9-files-31,1,other
EFTA00901594.pdf,data-set-9-files-31,1,email
EFTA00901595.pdf,data-set-9-files-31,1,email
EFTA00901596.pdf,data-set-9-files-31,1,email
EFTA00901597.pdf,data-set-9-files-31,1,email
EFTA00901598.pdf,data-set-9-files-31,1,email
EFTA00901599.pdf,data-set-9-files-31,1,email
EFTA00901600.pdf,data-set-9-files-31,1,email
EFTA00901601.pdf,data-set-9-files-31,2,email
EFTA00901603.pdf,data-set-9-files-31,1,email
EFTA00901604.pdf,data-set-9-files-31,2,email
EFTA00901606.pdf,data-set-9-files-31,1,email
EFTA00901607.pdf,data-set-9-files-31,2,email
EFTA00901609.pdf,data-set-9-files-31,1,email
EFTA00901610.pdf,data-set-9-files-31,1,email
EFTA00901611.pdf,data-set-9-files-31,1,email
EFTA00901612.pdf,data-set-9-files-31,1,email
EFTA00901613.pdf,data-set-9-files-31,1,email
EFTA00901614.pdf,data-set-9-files-31,1,email
EFTA00901615.pdf,data-set-9-files-31,11,email
EFTA00901626.pdf,data-set-9-files-31,1,email
EFTA00901627.pdf,data-set-9-files-31,2,email
EFTA00901629.pdf,data-set-9-files-31,2,email
EFTA00901631.pdf,data-set-9-files-31,1,email
EFTA00901632.pdf,data-set-9-files-31,1,email
EFTA00901633.pdf,data-set-9-files-31,1,email
EFTA00901634.pdf,data-set-9-files-31,1,email
EFTA00901635.pdf,data-set-9-files-31,1,email
EFTA00901636.pdf,data-set-9-files-31,1,email
EFTA00901637.pdf,data-set-9-files-31,1,email
EFTA00901638.pdf,data-set-9-files-31,1,email
EFTA00901639.pdf,data-set-9-files-31,1,email
EFTA00901640.pdf,data-set-9-files-31,1,email
EFTA00901641.pdf,data-set-9-files-31,1,email
EFTA00901642.pdf,data-set-9-files-31,1,email
EFTA00901643.pdf,data-set-9-files-31,1,email
EFTA00901644.pdf,data-set-9-files-31,1,email
EFTA00901645.pdf,data-set-9-files-31,2,email
EFTA00901647.pdf,data-set-9-files-31,1,email
EFTA00901648.pdf,data-set-9-files-31,3,email
EFTA00901651.pdf,data-set-9-files-31,1,email
EFTA00901652.pdf,data-set-9-files-31,1,email
EFTA00901653.pdf,data-set-9-files-31,1,email
EFTA00901654.pdf,data-set-9-files-31,1,email
EFTA00901655.pdf,data-set-9-files-31,1,email
EFTA00901656.pdf,data-set-9-files-31,1,email
EFTA00901657.pdf,data-set-9-files-31,1,email
EFTA00901658.pdf,data-set-9-files-31,1,email
EFTA00901659.pdf,data-set-9-files-31,1,email
EFTA00901660.pdf,data-set-9-files-31,1,email
EFTA00901661.pdf,data-set-9-files-31,1,email
EFTA00901662.pdf,data-set-9-files-31,1,email
EFTA00901663.pdf,data-set-9-files-31,1,email
EFTA00901664.pdf,data-set-9-files-31,1,email
EFTA00901665.pdf,data-set-9-files-31,2,email
EFTA00901667.pdf,data-set-9-files-31,1,other
EFTA00901668.pdf,data-set-9-files-31,1,other
EFTA00901669.pdf,data-set-9-files-31,1,email
EFTA00901670.pdf,data-set-9-files-31,1,email
EFTA00901671.pdf,data-set-9-files-31,1,email
EFTA00901672.pdf,data-set-9-files-31,2,email
EFTA00901674.pdf,data-set-9-files-31,1,email
EFTA00901675.pdf,data-set-9-files-31,1,email
EFTA00901676.pdf,data-set-9-files-31,1,email
EFTA00901677.pdf,data-set-9-files-31,1,email
EFTA00901678.pdf,data-set-9-files-31,1,email
EFTA00901679.pdf,data-set-9-files-31,2,email
EFTA00901681.pdf,data-set-9-files-31,1,other
EFTA00901682.pdf,data-set-9-files-31,1,email
EFTA00901683.pdf,data-set-9-files-31,1,email
EFTA00901684.pdf,data-set-9-files-31,1,email
EFTA00901685.pdf,data-set-9-files-31,1,email
EFTA00901686.pdf,data-set-9-files-31,2,email
EFTA00901688.pdf,data-set-9-files-31,1,email
EFTA00901689.pdf,data-set-9-files-31,1,email
EFTA00901690.pdf,data-set-9-files-31,1,email
EFTA00901691.pdf,data-set-9-files-31,2,email
EFTA00901693.pdf,data-set-9-files-31,1,other
EFTA00901694.pdf,data-set-9-files-31,1,email
EFTA00901695.pdf,data-set-9-files-31,1,email
EFTA00901696.pdf,data-set-9-files-31,3,email
EFTA00901699.pdf,data-set-9-files-31,3,email
EFTA00901702.pdf,data-set-9-files-31,1,email
EFTA00901703.pdf,data-set-9-files-31,1,email
EFTA00901704.pdf,data-set-9-files-31,2,email
EFTA00901706.pdf,data-set-9-files-31,1,email
EFTA00901707.pdf,data-set-9-files-31,1,email
EFTA00901708.pdf,data-set-9-files-31,1,email
EFTA00901709.pdf,data-set-9-files-31,1,email
EFTA00901710.pdf,data-set-9-files-31,2,email
EFTA00901712.pdf,data-set-9-files-31,1,email
EFTA00901713.pdf,data-set-9-files-31,2,email
EFTA00901715.pdf,data-set-9-files-31,1,email
EFTA00901716.pdf,data-set-9-files-31,1,email
EFTA00901717.pdf,data-set-9-files-31,2,email
EFTA00901719.pdf,data-set-9-files-31,2,email
EFTA00901721.pdf,data-set-9-files-31,3,email
EFTA00901724.pdf,data-set-9-files-31,3,email
EFTA00901727.pdf,data-set-9-files-31,1,email
EFTA00901728.pdf,data-set-9-files-31,1,email
EFTA00901729.pdf,data-set-9-files-31,1,other
EFTA00901730.pdf,data-set-9-files-31,2,email
EFTA00901732.pdf,data-set-9-files-31,1,email
EFTA00901733.pdf,data-set-9-files-31,1,email
EFTA00901734.pdf,data-set-9-files-31,2,email
EFTA00901736.pdf,data-set-9-files-31,3,email
EFTA00901739.pdf,data-set-9-files-31,1,other
EFTA00901741.pdf,data-set-9-files-31,1,email
EFTA00901742.pdf,data-set-9-files-31,1,email
EFTA00901743.pdf,data-set-9-files-31,1,email
EFTA00901744.pdf,data-set-9-files-31,1,email
EFTA00901745.pdf,data-set-9-files-31,1,email
EFTA00901746.pdf,data-set-9-files-31,1,email
EFTA00901747.pdf,data-set-9-files-31,1,other
EFTA00901748.pdf,data-set-9-files-31,1,other
EFTA00901749.pdf,data-set-9-files-31,1,other
EFTA00901750.pdf,data-set-9-files-31,1,email
EFTA00901751.pdf,data-set-9-files-31,1,email
EFTA00901752.pdf,data-set-9-files-31,1,email
EFTA00901753.pdf,data-set-9-files-31,8,email
EFTA00901761.pdf,data-set-9-files-31,2,email
EFTA00901763.pdf,data-set-9-files-31,1,email
EFTA00901764.pdf,data-set-9-files-31,3,email
EFTA00901767.pdf,data-set-9-files-31,1,email
EFTA00901768.pdf,data-set-9-files-31,1,email
EFTA00901769.pdf,data-set-9-files-31,2,email
EFTA00901771.pdf,data-set-9-files-31,1,email
EFTA00901772.pdf,data-set-9-files-31,9,email
EFTA00901781.pdf,data-set-9-files-31,2,email
EFTA00901783.pdf,data-set-9-files-31,3,email
EFTA00901786.pdf,data-set-9-files-31,2,email
EFTA00901788.pdf,data-set-9-files-31,1,email
EFTA00901789.pdf,data-set-9-files-31,2,email
EFTA00901791.pdf,data-set-9-files-31,3,email
EFTA00901794.pdf,data-set-9-files-31,1,email
EFTA00901795.pdf,data-set-9-files-31,2,email
EFTA00901797.pdf,data-set-9-files-31,2,email
EFTA00901799.pdf,data-set-9-files-31,1,email
EFTA00901800.pdf,data-set-9-files-31,2,email
EFTA00901802.pdf,data-set-9-files-31,1,email
EFTA00901803.pdf,data-set-9-files-31,1,email
EFTA00901804.pdf,data-set-9-files-31,1,email
EFTA00901805.pdf,data-set-9-files-31,2,email
EFTA00901807.pdf,data-set-9-files-31,1,email
EFTA00901808.pdf,data-set-9-files-31,2,email
EFTA00901810.pdf,data-set-9-files-31,1,email
EFTA00901811.pdf,data-set-9-files-31,2,email
EFTA00901813.pdf,data-set-9-files-31,1,email
EFTA00901814.pdf,data-set-9-files-31,1,email
EFTA00901815.pdf,data-set-9-files-31,2,email
EFTA00901817.pdf,data-set-9-files-31,2,email
EFTA00901819.pdf,data-set-9-files-31,1,email
EFTA00901820.pdf,data-set-9-files-31,1,email
EFTA00901821.pdf,data-set-9-files-31,2,email
EFTA00901823.pdf,data-set-9-files-31,1,email
EFTA00901824.pdf,data-set-9-files-31,2,email
EFTA00901826.pdf,data-set-9-files-31,2,email
EFTA00901828.pdf,data-set-9-files-31,1,email
EFTA00901829.pdf,data-set-9-files-31,1,email
EFTA00901830.pdf,data-set-9-files-31,1,email
EFTA00901831.pdf,data-set-9-files-31,2,email
EFTA00901833.pdf,data-set-9-files-31,2,email
EFTA00901835.pdf,data-set-9-files-31,1,email
EFTA00901836.pdf,data-set-9-files-31,2,email
EFTA00901838.pdf,data-set-9-files-31,2,email
EFTA00901840.pdf,data-set-9-files-31,1,email
EFTA00901841.pdf,data-set-9-files-31,2,email
EFTA00901843.pdf,data-set-9-files-31,2,email
EFTA00901845.pdf,data-set-9-files-31,1,email
EFTA00901846.pdf,data-set-9-files-31,1,email
EFTA00901847.pdf,data-set-9-files-31,1,email
EFTA00901848.pdf,data-set-9-files-31,1,email
EFTA00901849.pdf,data-set-9-files-31,1,email
EFTA00901850.pdf,data-set-9-files-31,2,email
EFTA00901852.pdf,data-set-9-files-31,1,email
EFTA00901853.pdf,data-set-9-files-31,1,email
EFTA00901854.pdf,data-set-9-files-31,1,email
EFTA00901855.pdf,data-set-9-files-31,1,email
EFTA00901856.pdf,data-set-9-files-31,1,email
EFTA00901857.pdf,data-set-9-files-31,1,email
EFTA00901858.pdf,data-set-9-files-31,1,email
EFTA00901859.pdf,data-set-9-files-31,1,email
EFTA00901860.pdf,data-set-9-files-31,1,email
EFTA00901861.pdf,data-set-9-files-31,1,email
EFTA00901862.pdf,data-set-9-files-31,3,email
EFTA00901865.pdf,data-set-9-files-31,2,email
EFTA00901867.pdf,data-set-9-files-31,1,email
EFTA00901868.pdf,data-set-9-files-31,1,email
EFTA00901869.pdf,data-set-9-files-31,1,email
EFTA00901870.pdf,data-set-9-files-31,2,email
EFTA00901872.pdf,data-set-9-files-31,2,email
EFTA00901874.pdf,data-set-9-files-31,2,email
EFTA00901876.pdf,data-set-9-files-31,1,email
EFTA00901877.pdf,data-set-9-files-31,2,email
EFTA00901879.pdf,data-set-9-files-31,2,email
EFTA00901881.pdf,data-set-9-files-31,1,email
EFTA00901882.pdf,data-set-9-files-31,1,email
EFTA00901883.pdf,data-set-9-files-31,2,email
EFTA00901885.pdf,data-set-9-files-31,1,email
EFTA00901886.pdf,data-set-9-files-31,1,email
EFTA00901887.pdf,data-set-9-files-31,1,email
EFTA00901888.pdf,data-set-9-files-31,1,email
EFTA00901889.pdf,data-set-9-files-31,1,email
EFTA00901890.pdf,data-set-9-files-31,1,email
EFTA00901891.pdf,data-set-9-files-31,1,email
EFTA00901892.pdf,data-set-9-files-31,1,email
EFTA00901893.pdf,data-set-9-files-31,2,email
EFTA00901895.pdf,data-set-9-files-31,1,email
EFTA00901896.pdf,data-set-9-files-31,1,email
EFTA00901897.pdf,data-set-9-files-31,1,email
EFTA00901898.pdf,data-set-9-files-31,1,email
EFTA00901899.pdf,data-set-9-files-31,1,email
EFTA00901900.pdf,data-set-9-files-31,1,email
EFTA00901901.pdf,data-set-9-files-31,1,email
EFTA00901902.pdf,data-set-9-files-31,1,email
EFTA00901903.pdf,data-set-9-files-31,1,email
EFTA00901904.pdf,data-set-9-files-31,1,email
EFTA00901905.pdf,data-set-9-files-31,1,email
EFTA00901906.pdf,data-set-9-files-31,1,email
EFTA00901907.pdf,data-set-9-files-31,2,email
EFTA00901909.pdf,data-set-9-files-31,6,email
EFTA00901915.pdf,data-set-9-files-31,2,email
EFTA00901917.pdf,data-set-9-files-31,4,email
EFTA00901921.pdf,data-set-9-files-31,2,email
EFTA00901923.pdf,data-set-9-files-31,2,email
EFTA00901925.pdf,data-set-9-files-31,1,email
EFTA00901926.pdf,data-set-9-files-31,1,email
EFTA00901927.pdf,data-set-9-files-31,1,email
EFTA00901928.pdf,data-set-9-files-31,1,email
EFTA00901929.pdf,data-set-9-files-31,1,email
EFTA00901930.pdf,data-set-9-files-31,2,email
EFTA00901932.pdf,data-set-9-files-31,2,email
EFTA00901934.pdf,data-set-9-files-31,1,email
EFTA00901935.pdf,data-set-9-files-31,1,email
EFTA00901936.pdf,data-set-9-files-31,1,email
EFTA00901937.pdf,data-set-9-files-31,1,email
EFTA00901938.pdf,data-set-9-files-31,1,email
EFTA00901939.pdf,data-set-9-files-31,2,email
EFTA00901941.pdf,data-set-9-files-31,2,email
EFTA00901943.pdf,data-set-9-files-31,3,email
EFTA00901946.pdf,data-set-9-files-31,1,email
EFTA00901947.pdf,data-set-9-files-31,2,email
EFTA00901949.pdf,data-set-9-files-31,1,email
EFTA00901950.pdf,data-set-9-files-31,1,email
EFTA00901951.pdf,data-set-9-files-31,1,email
EFTA00901952.pdf,data-set-9-files-31,2,email
EFTA00901954.pdf,data-set-9-files-31,1,email
EFTA00901955.pdf,data-set-9-files-31,4,email
EFTA00901959.pdf,data-set-9-files-31,1,email
EFTA00901960.pdf,data-set-9-files-31,4,email
EFTA00901964.pdf,data-set-9-files-31,2,email
EFTA00901966.pdf,data-set-9-files-31,1,email
EFTA00901967.pdf,data-set-9-files-31,1,other
EFTA00901968.pdf,data-set-9-files-31,1,other
EFTA00901969.pdf,data-set-9-files-31,1,other
EFTA00901970.pdf,data-set-9-files-31,3,email
EFTA00901973.pdf,data-set-9-files-31,1,email
EFTA00901974.pdf,data-set-9-files-31,5,email
EFTA00901979.pdf,data-set-9-files-31,1,email
EFTA00901980.pdf,data-set-9-files-31,1,email
EFTA00901981.pdf,data-set-9-files-31,1,email
EFTA00901982.pdf,data-set-9-files-31,1,email
EFTA00901983.pdf,data-set-9-files-31,2,email
EFTA00901985.pdf,data-set-9-files-31,1,email
EFTA00901986.pdf,data-set-9-files-31,2,email
EFTA00901988.pdf,data-set-9-files-31,1,email
EFTA00901989.pdf,data-set-9-files-31,1,email
EFTA00901990.pdf,data-set-9-files-31,1,email
EFTA00901991.pdf,data-set-9-files-31,2,email
EFTA00901993.pdf,data-set-9-files-31,2,email
EFTA00901995.pdf,data-set-9-files-31,1,email
EFTA00901996.pdf,data-set-9-files-31,3,email
EFTA00901999.pdf,data-set-9-files-31,2,email
EFTA00902001.pdf,data-set-9-files-31,2,email
EFTA00902003.pdf,data-set-9-files-31,2,email
EFTA00902005.pdf,data-set-9-files-31,1,other
EFTA00902006.pdf,data-set-9-files-31,1,email
EFTA00902007.pdf,data-set-9-files-31,2,email
EFTA00902009.pdf,data-set-9-files-31,2,email
EFTA00902011.pdf,data-set-9-files-31,2,email
EFTA00902013.pdf,data-set-9-files-31,2,email
EFTA00902015.pdf,data-set-9-files-31,1,email
EFTA00902016.pdf,data-set-9-files-31,1,email
EFTA00902017.pdf,data-set-9-files-31,1,email
EFTA00902018.pdf,data-set-9-files-31,1,email
EFTA00902019.pdf,data-set-9-files-31,1,email
EFTA00902020.pdf,data-set-9-files-31,1,email
EFTA00902021.pdf,data-set-9-files-31,1,email
EFTA00902022.pdf,data-set-9-files-31,2,email
EFTA00902024.pdf,data-set-9-files-31,2,email
EFTA00902026.pdf,data-set-9-files-31,1,email
EFTA00902027.pdf,data-set-9-files-31,1,email
EFTA00902028.pdf,data-set-9-files-31,2,email
EFTA00902030.pdf,data-set-9-files-31,3,email
EFTA00902033.pdf,data-set-9-files-31,1,email
EFTA00902034.pdf,data-set-9-files-31,3,email
EFTA00902037.pdf,data-set-9-files-31,3,email
EFTA00902040.pdf,data-set-9-files-31,1,email
EFTA00902041.pdf,data-set-9-files-31,3,email
EFTA00902044.pdf,data-set-9-files-31,1,email
EFTA00902045.pdf,data-set-9-files-31,1,email
EFTA00902046.pdf,data-set-9-files-31,3,email
EFTA00902049.pdf,data-set-9-files-31,2,email
EFTA00902051.pdf,data-set-9-files-31,4,email
EFTA00902055.pdf,data-set-9-files-31,1,email
EFTA00902056.pdf,data-set-9-files-31,2,email
EFTA00902058.pdf,data-set-9-files-31,1,email
EFTA00902059.pdf,data-set-9-files-31,1,email
EFTA00902060.pdf,data-set-9-files-31,1,email
EFTA00902061.pdf,data-set-9-files-31,2,email
EFTA00902063.pdf,data-set-9-files-31,2,email
EFTA00902065.pdf,data-set-9-files-31,1,email
EFTA00902066.pdf,data-set-9-files-31,1,email
EFTA00902067.pdf,data-set-9-files-31,1,email
EFTA00902068.pdf,data-set-9-files-31,1,email
EFTA00902069.pdf,data-set-9-files-31,1,email
EFTA00902070.pdf,data-set-9-files-31,2,email
EFTA00902072.pdf,data-set-9-files-31,2,email
EFTA00902074.pdf,data-set-9-files-31,2,email
EFTA00902076.pdf,data-set-9-files-31,1,email
EFTA00902077.pdf,data-set-9-files-31,1,email
EFTA00902078.pdf,data-set-9-files-31,1,email
EFTA00902079.pdf,data-set-9-files-31,1,email
EFTA00902080.pdf,data-set-9-files-31,1,email
EFTA00902081.pdf,data-set-9-files-31,1,email
EFTA00902082.pdf,data-set-9-files-31,1,email
EFTA00902083.pdf,data-set-9-files-31,1,email
EFTA00902084.pdf,data-set-9-files-31,1,email
EFTA00902085.pdf,data-set-9-files-31,1,email
EFTA00902086.pdf,data-set-9-files-31,1,email
EFTA00902087.pdf,data-set-9-files-31,2,email
EFTA00902089.pdf,data-set-9-files-31,1,email
EFTA00902090.pdf,data-set-9-files-31,1,email
EFTA00902091.pdf,data-set-9-files-31,1,email
EFTA00902092.pdf,data-set-9-files-31,1,email
EFTA00902093.pdf,data-set-9-files-31,1,email
EFTA00902094.pdf,data-set-9-files-31,1,email
EFTA00902095.pdf,data-set-9-files-31,1,email
EFTA00902096.pdf,data-set-9-files-31,1,email
EFTA00902097.pdf,data-set-9-files-31,1,email
EFTA00902098.pdf,data-set-9-files-31,1,email
EFTA00902099.pdf,data-set-9-files-31,1,email
EFTA00902100.pdf,data-set-9-files-31,1,email
EFTA00902101.pdf,data-set-9-files-31,1,email
EFTA00902102.pdf,data-set-9-files-31,1,email
EFTA00902103.pdf,data-set-9-files-31,1,email
EFTA00902104.pdf,data-set-9-files-31,1,email
EFTA00902105.pdf,data-set-9-files-31,1,email
EFTA00902106.pdf,data-set-9-files-31,1,email
EFTA00902107.pdf,data-set-9-files-31,1,email
EFTA00902108.pdf,data-set-9-files-31,1,email
EFTA00902109.pdf,data-set-9-files-31,3,email
EFTA00902112.pdf,data-set-9-files-31,1,email
EFTA00902113.pdf,data-set-9-files-31,1,email
EFTA00902114.pdf,data-set-9-files-31,1,email
EFTA00902115.pdf,data-set-9-files-31,1,email
EFTA00902116.pdf,data-set-9-files-31,1,email
EFTA00902117.pdf,data-set-9-files-31,1,email
EFTA00902118.pdf,data-set-9-files-31,1,email
EFTA00902119.pdf,data-set-9-files-31,2,email
EFTA00902121.pdf,data-set-9-files-31,1,email
EFTA00902122.pdf,data-set-9-files-31,1,email
EFTA00902123.pdf,data-set-9-files-31,2,email
EFTA00902125.pdf,data-set-9-files-31,1,email
EFTA00902126.pdf,data-set-9-files-31,2,email
EFTA00902128.pdf,data-set-9-files-31,2,email
EFTA00902130.pdf,data-set-9-files-31,1,other
EFTA00902131.pdf,data-set-9-files-31,1,email
EFTA00902132.pdf,data-set-9-files-31,1,email
EFTA00902133.pdf,data-set-9-files-31,1,email
EFTA00902134.pdf,data-set-9-files-31,2,email
EFTA00902136.pdf,data-set-9-files-31,1,email
EFTA00902137.pdf,data-set-9-files-31,2,email
EFTA00902139.pdf,data-set-9-files-31,1,email
EFTA00902140.pdf,data-set-9-files-31,3,email
EFTA00902143.pdf,data-set-9-files-31,1,email
EFTA00902144.pdf,data-set-9-files-31,3,email
EFTA00902147.pdf,data-set-9-files-31,1,email
EFTA00902148.pdf,data-set-9-files-31,1,email
EFTA00902149.pdf,data-set-9-files-31,1,email
EFTA00902150.pdf,data-set-9-files-31,1,email
EFTA00902151.pdf,data-set-9-files-31,2,email
EFTA00902153.pdf,data-set-9-files-31,2,email
EFTA00902155.pdf,data-set-9-files-31,1,email
EFTA00902156.pdf,data-set-9-files-31,1,email
EFTA00902157.pdf,data-set-9-files-31,1,email
EFTA00902158.pdf,data-set-9-files-31,1,email
EFTA00902159.pdf,data-set-9-files-31,1,email
EFTA00902160.pdf,data-set-9-files-31,2,email
EFTA00902162.pdf,data-set-9-files-31,1,email
EFTA00902163.pdf,data-set-9-files-31,2,email
EFTA00902165.pdf,data-set-9-files-31,1,email
EFTA00902166.pdf,data-set-9-files-31,1,email
EFTA00902167.pdf,data-set-9-files-31,1,email
EFTA00902168.pdf,data-set-9-files-31,1,email
EFTA00902169.pdf,data-set-9-files-31,1,email
EFTA00902170.pdf,data-set-9-files-31,1,email
EFTA00902171.pdf,data-set-9-files-31,1,email
EFTA00902172.pdf,data-set-9-files-31,1,email
EFTA00902173.pdf,data-set-9-files-31,1,email
EFTA00902174.pdf,data-set-9-files-31,2,email
EFTA00902176.pdf,data-set-9-files-31,2,email
EFTA00902178.pdf,data-set-9-files-31,1,email
EFTA00902179.pdf,data-set-9-files-31,2,email
EFTA00902181.pdf,data-set-9-files-31,1,email
EFTA00902182.pdf,data-set-9-files-31,1,email
EFTA00902183.pdf,data-set-9-files-31,1,email
EFTA00902184.pdf,data-set-9-files-31,1,email
EFTA00902185.pdf,data-set-9-files-31,1,email
EFTA00902186.pdf,data-set-9-files-31,2,email
EFTA00902188.pdf,data-set-9-files-31,1,email
EFTA00902189.pdf,data-set-9-files-31,1,email
EFTA00902190.pdf,data-set-9-files-31,1,email
EFTA00902191.pdf,data-set-9-files-31,4,email
EFTA00902195.pdf,data-set-9-files-31,1,email
EFTA00902196.pdf,data-set-9-files-31,1,email
EFTA00902197.pdf,data-set-9-files-31,1,email
EFTA00902198.pdf,data-set-9-files-31,1,email
EFTA00902199.pdf,data-set-9-files-31,1,email
EFTA00902200.pdf,data-set-9-files-31,1,email
EFTA00902201.pdf,data-set-9-files-31,1,email
EFTA00902202.pdf,data-set-9-files-31,1,email
EFTA00902203.pdf,data-set-9-files-31,1,email
EFTA00902204.pdf,data-set-9-files-31,2,email
EFTA00902206.pdf,data-set-9-files-31,1,other
EFTA00902207.pdf,data-set-9-files-31,1,email
EFTA00902208.pdf,data-set-9-files-31,1,email
EFTA00902209.pdf,data-set-9-files-31,1,email
EFTA00902210.pdf,data-set-9-files-31,1,email
EFTA00902211.pdf,data-set-9-files-31,1,other
EFTA00902212.pdf,data-set-9-files-31,2,email
EFTA00902214.pdf,data-set-9-files-31,1,email
EFTA00902215.pdf,data-set-9-files-31,2,email
EFTA00902217.pdf,data-set-9-files-31,1,email
EFTA00902218.pdf,data-set-9-files-31,1,other
EFTA00902219.pdf,data-set-9-files-31,2,email
EFTA00902221.pdf,data-set-9-files-31,2,email
EFTA00902223.pdf,data-set-9-files-31,1,email
EFTA00902224.pdf,data-set-9-files-31,1,email
EFTA00902225.pdf,data-set-9-files-31,2,email
EFTA00902227.pdf,data-set-9-files-31,2,email
EFTA00902229.pdf,data-set-9-files-31,3,email
EFTA00902232.pdf,data-set-9-files-31,1,email
EFTA00902233.pdf,data-set-9-files-31,1,email
EFTA00902234.pdf,data-set-9-files-31,1,email
EFTA00902235.pdf,data-set-9-files-31,2,email
EFTA00902237.pdf,data-set-9-files-31,2,email
EFTA00902239.pdf,data-set-9-files-31,2,email
EFTA00902241.pdf,data-set-9-files-31,1,email
EFTA00902242.pdf,data-set-9-files-31,2,email
EFTA00902244.pdf,data-set-9-files-31,1,other
EFTA00902245.pdf,data-set-9-files-31,1,other
EFTA00902246.pdf,data-set-9-files-31,2,email
EFTA00902248.pdf,data-set-9-files-31,1,email
EFTA00902249.pdf,data-set-9-files-31,2,email
EFTA00902251.pdf,data-set-9-files-31,1,email
EFTA00902252.pdf,data-set-9-files-31,2,email
EFTA00902254.pdf,data-set-9-files-31,1,email
EFTA00902255.pdf,data-set-9-files-31,1,email
EFTA00902256.pdf,data-set-9-files-31,1,email
EFTA00902257.pdf,data-set-9-files-31,2,email
EFTA00902259.pdf,data-set-9-files-31,1,email
EFTA00902260.pdf,data-set-9-files-31,2,email
EFTA00902262.pdf,data-set-9-files-31,1,email
EFTA00902263.pdf,data-set-9-files-31,1,email
EFTA00902264.pdf,data-set-9-files-31,1,email
EFTA00902265.pdf,data-set-9-files-31,1,email
EFTA00902266.pdf,data-set-9-files-31,2,email
EFTA00902268.pdf,data-set-9-files-31,2,email
EFTA00902270.pdf,data-set-9-files-31,1,other
EFTA00902271.pdf,data-set-9-files-31,2,email
EFTA00902273.pdf,data-set-9-files-31,2,email
EFTA00902275.pdf,data-set-9-files-31,1,email
EFTA00902276.pdf,data-set-9-files-31,2,email
EFTA00902278.pdf,data-set-9-files-31,1,email
EFTA00902279.pdf,data-set-9-files-31,1,other
EFTA00902280.pdf,data-set-9-files-31,1,email
EFTA00902281.pdf,data-set-9-files-31,1,email
EFTA00902282.pdf,data-set-9-files-31,1,email
EFTA00902283.pdf,data-set-9-files-31,1,email
EFTA00902284.pdf,data-set-9-files-31,1,email
EFTA00902285.pdf,data-set-9-files-31,2,email
EFTA00902287.pdf,data-set-9-files-31,1,email
EFTA00902288.pdf,data-set-9-files-31,1,email
EFTA00902289.pdf,data-set-9-files-31,2,email
EFTA00902291.pdf,data-set-9-files-31,3,email
EFTA00902294.pdf,data-set-9-files-31,3,email
EFTA00902297.pdf,data-set-9-files-31,1,email
EFTA00902298.pdf,data-set-9-files-31,1,email
EFTA00902299.pdf,data-set-9-files-31,2,email
EFTA00902301.pdf,data-set-9-files-31,2,email
EFTA00902303.pdf,data-set-9-files-31,2,email
EFTA00902305.pdf,data-set-9-files-31,2,email
EFTA00902307.pdf,data-set-9-files-31,3,email
EFTA00902310.pdf,data-set-9-files-31,1,email
EFTA00902311.pdf,data-set-9-files-31,1,email
EFTA00902312.pdf,data-set-9-files-31,1,email
EFTA00902313.pdf,data-set-9-files-31,2,email
EFTA00902315.pdf,data-set-9-files-31,1,email
EFTA00902316.pdf,data-set-9-files-31,1,email
EFTA00902317.pdf,data-set-9-files-31,1,email
EFTA00902318.pdf,data-set-9-files-31,1,email
EFTA00902319.pdf,data-set-9-files-31,2,email
EFTA00902321.pdf,data-set-9-files-31,2,email
EFTA00902323.pdf,data-set-9-files-31,2,email
EFTA00902325.pdf,data-set-9-files-31,1,email
EFTA00902326.pdf,data-set-9-files-31,1,email
EFTA00902327.pdf,data-set-9-files-31,1,email
EFTA00902328.pdf,data-set-9-files-31,1,email
EFTA00902329.pdf,data-set-9-files-31,1,email
EFTA00902330.pdf,data-set-9-files-31,2,email
EFTA00902332.pdf,data-set-9-files-31,1,email
EFTA00902333.pdf,data-set-9-files-31,2,email
EFTA00902335.pdf,data-set-9-files-31,2,email
EFTA00902337.pdf,data-set-9-files-31,2,email
EFTA00902339.pdf,data-set-9-files-31,1,email
EFTA00902340.pdf,data-set-9-files-31,1,email
EFTA00902341.pdf,data-set-9-files-31,1,email
EFTA00902342.pdf,data-set-9-files-31,1,email
EFTA00902343.pdf,data-set-9-files-31,1,email
EFTA00902344.pdf,data-set-9-files-31,1,email
EFTA00902345.pdf,data-set-9-files-31,1,email
EFTA00902346.pdf,data-set-9-files-31,1,other
EFTA00902347.pdf,data-set-9-files-31,1,email
EFTA00902348.pdf,data-set-9-files-31,2,email
EFTA00902350.pdf,data-set-9-files-31,1,email
EFTA00902351.pdf,data-set-9-files-31,1,other
EFTA00902352.pdf,data-set-9-files-31,1,other
EFTA00902353.pdf,data-set-9-files-31,1,email
EFTA00902354.pdf,data-set-9-files-31,1,email
EFTA00902355.pdf,data-set-9-files-31,1,email
EFTA00902356.pdf,data-set-9-files-31,1,email
EFTA00902357.pdf,data-set-9-files-31,1,email
EFTA00902358.pdf,data-set-9-files-31,1,other
EFTA00902359.pdf,data-set-9-files-31,2,email
EFTA00902361.pdf,data-set-9-files-31,1,email
EFTA00902362.pdf,data-set-9-files-31,1,email
EFTA00902363.pdf,data-set-9-files-31,1,other
EFTA00902364.pdf,data-set-9-files-31,1,email
EFTA00902365.pdf,data-set-9-files-31,1,email
EFTA00902366.pdf,data-set-9-files-31,1,email
EFTA00902367.pdf,data-set-9-files-31,1,email
EFTA00902368.pdf,data-set-9-files-31,1,email
EFTA00902369.pdf,data-set-9-files-31,1,email
EFTA00902370.pdf,data-set-9-files-31,1,other
EFTA00902371.pdf,data-set-9-files-31,1,email
EFTA00902372.pdf,data-set-9-files-31,1,email
EFTA00902373.pdf,data-set-9-files-31,1,email
EFTA00902374.pdf,data-set-9-files-31,1,email
EFTA00902375.pdf,data-set-9-files-31,3,email
EFTA00902378.pdf,data-set-9-files-31,2,email
EFTA00902380.pdf,data-set-9-files-31,2,email
EFTA00902382.pdf,data-set-9-files-31,1,email
EFTA00902383.pdf,data-set-9-files-31,2,email
EFTA00902385.pdf,data-set-9-files-31,1,email
EFTA00902386.pdf,data-set-9-files-31,1,email
EFTA00902387.pdf,data-set-9-files-31,1,email
EFTA00902388.pdf,data-set-9-files-31,1,email
EFTA00902389.pdf,data-set-9-files-31,1,email
EFTA00902390.pdf,data-set-9-files-31,1,email
EFTA00902391.pdf,data-set-9-files-31,2,email
EFTA00902393.pdf,data-set-9-files-31,1,email
EFTA00902394.pdf,data-set-9-files-31,2,email
EFTA00902396.pdf,data-set-9-files-31,1,email
EFTA00902397.pdf,data-set-9-files-31,1,email
EFTA00902398.pdf,data-set-9-files-31,2,email
EFTA00902400.pdf,data-set-9-files-31,1,email
EFTA00902401.pdf,data-set-9-files-31,2,email
EFTA00902403.pdf,data-set-9-files-31,2,email
EFTA00902405.pdf,data-set-9-files-31,3,email
EFTA00902408.pdf,data-set-9-files-31,1,other
EFTA00902409.pdf,data-set-9-files-31,1,email
EFTA00902410.pdf,data-set-9-files-31,2,email
EFTA00902412.pdf,data-set-9-files-31,1,email
EFTA00902413.pdf,data-set-9-files-31,1,email
EFTA00902414.pdf,data-set-9-files-31,2,email
EFTA00902416.pdf,data-set-9-files-31,1,email
EFTA00902417.pdf,data-set-9-files-31,3,email
EFTA00902420.pdf,data-set-9-files-31,1,email
EFTA00902421.pdf,data-set-9-files-31,2,email
EFTA00902423.pdf,data-set-9-files-31,1,email
EFTA00902424.pdf,data-set-9-files-31,1,email
EFTA00902425.pdf,data-set-9-files-31,1,email
EFTA00902426.pdf,data-set-9-files-31,1,email
EFTA00902427.pdf,data-set-9-files-31,2,email
EFTA00902429.pdf,data-set-9-files-31,1,email
EFTA00902430.pdf,data-set-9-files-31,2,email
EFTA00902432.pdf,data-set-9-files-31,1,email
EFTA00902433.pdf,data-set-9-files-31,1,email
EFTA00902434.pdf,data-set-9-files-31,1,email
EFTA00902435.pdf,data-set-9-files-31,2,email
EFTA00902437.pdf,data-set-9-files-31,2,email
EFTA00902439.pdf,data-set-9-files-31,1,email
EFTA00902440.pdf,data-set-9-files-31,2,email
EFTA00902442.pdf,data-set-9-files-31,2,email
EFTA00902444.pdf,data-set-9-files-31,1,other
EFTA00902445.pdf,data-set-9-files-31,1,other
EFTA00902446.pdf,data-set-9-files-31,2,email
EFTA00902448.pdf,data-set-9-files-31,1,email
EFTA00902449.pdf,data-set-9-files-31,3,email
EFTA00902452.pdf,data-set-9-files-31,1,email
EFTA00902453.pdf,data-set-9-files-31,1,email
EFTA00902454.pdf,data-set-9-files-31,1,email
EFTA00902455.pdf,data-set-9-files-31,2,email
EFTA00902457.pdf,data-set-9-files-31,2,email
EFTA00902459.pdf,data-set-9-files-31,2,email
EFTA00902461.pdf,data-set-9-files-31,2,email
EFTA00902463.pdf,data-set-9-files-31,1,email
EFTA00902464.pdf,data-set-9-files-31,1,email
EFTA00902465.pdf,data-set-9-files-31,1,email
EFTA00902466.pdf,data-set-9-files-31,1,email
EFTA00902467.pdf,data-set-9-files-31,2,email
EFTA00902469.pdf,data-set-9-files-31,2,email
EFTA00902471.pdf,data-set-9-files-31,1,email
EFTA00902472.pdf,data-set-9-files-31,1,email
EFTA00902473.pdf,data-set-9-files-31,2,email
EFTA00902475.pdf,data-set-9-files-31,2,email
EFTA00902477.pdf,data-set-9-files-31,1,email
EFTA00902478.pdf,data-set-9-files-31,1,email
EFTA00902479.pdf,data-set-9-files-31,1,email
EFTA00902480.pdf,data-set-9-files-31,2,email
EFTA00902482.pdf,data-set-9-files-31,1,email
EFTA00902483.pdf,data-set-9-files-31,2,email
EFTA00902485.pdf,data-set-9-files-31,1,email
EFTA00902486.pdf,data-set-9-files-31,3,email
EFTA00902489.pdf,data-set-9-files-31,2,email
EFTA00902491.pdf,data-set-9-files-31,1,other
EFTA00902492.pdf,data-set-9-files-31,1,email
EFTA00902493.pdf,data-set-9-files-31,1,email
EFTA00902494.pdf,data-set-9-files-31,1,email
EFTA00902495.pdf,data-set-9-files-31,1,email
EFTA00902496.pdf,data-set-9-files-31,1,email
EFTA00902497.pdf,data-set-9-files-31,1,email
EFTA00902498.pdf,data-set-9-files-31,1,email
EFTA00902499.pdf,data-set-9-files-31,3,email
EFTA00902502.pdf,data-set-9-files-31,3,email
EFTA00902505.pdf,data-set-9-files-31,3,email
EFTA00902508.pdf,data-set-9-files-31,1,email
EFTA00902509.pdf,data-set-9-files-31,1,email
EFTA00902510.pdf,data-set-9-files-31,1,email
EFTA00902511.pdf,data-set-9-files-31,1,email
EFTA00902512.pdf,data-set-9-files-31,1,email
EFTA00902513.pdf,data-set-9-files-31,2,email
EFTA00902515.pdf,data-set-9-files-31,1,email
EFTA00902516.pdf,data-set-9-files-31,1,email
EFTA00902517.pdf,data-set-9-files-31,2,email
EFTA00902519.pdf,data-set-9-files-31,1,email
EFTA00902520.pdf,data-set-9-files-31,1,email
EFTA00902521.pdf,data-set-9-files-31,2,email
EFTA00902523.pdf,data-set-9-files-31,1,email
EFTA00902524.pdf,data-set-9-files-31,2,email
EFTA00902526.pdf,data-set-9-files-31,1,email
EFTA00902527.pdf,data-set-9-files-31,1,email
EFTA00902528.pdf,data-set-9-files-31,3,email
EFTA00902531.pdf,data-set-9-files-31,4,email
EFTA00902535.pdf,data-set-9-files-31,1,email
EFTA00902536.pdf,data-set-9-files-31,1,other
EFTA00902537.pdf,data-set-9-files-31,1,email
EFTA00902538.pdf,data-set-9-files-31,1,email
EFTA00902539.pdf,data-set-9-files-31,1,email
EFTA00902540.pdf,data-set-9-files-31,1,email
EFTA00902541.pdf,data-set-9-files-31,1,email
EFTA00902542.pdf,data-set-9-files-31,1,email
EFTA00902543.pdf,data-set-9-files-31,1,email
EFTA00902544.pdf,data-set-9-files-31,1,email
EFTA00902545.pdf,data-set-9-files-31,2,email
EFTA00902547.pdf,data-set-9-files-31,1,email
EFTA00902548.pdf,data-set-9-files-31,1,email
EFTA00902549.pdf,data-set-9-files-31,1,email
EFTA00902550.pdf,data-set-9-files-31,1,email
EFTA00902551.pdf,data-set-9-files-31,1,email
EFTA00902552.pdf,data-set-9-files-31,1,other
EFTA00902553.pdf,data-set-9-files-31,1,email
EFTA00902554.pdf,data-set-9-files-31,1,email
EFTA00902555.pdf,data-set-9-files-31,1,other
EFTA00902556.pdf,data-set-9-files-31,1,email
EFTA00902557.pdf,data-set-9-files-31,7,email
EFTA00902564.pdf,data-set-9-files-31,1,email
EFTA00902565.pdf,data-set-9-files-31,1,other
EFTA00902566.pdf,data-set-9-files-31,1,email
EFTA00902567.pdf,data-set-9-files-31,1,email
EFTA00902568.pdf,data-set-9-files-31,1,email
EFTA00902569.pdf,data-set-9-files-31,1,email
EFTA00902570.pdf,data-set-9-files-31,1,email
EFTA00902571.pdf,data-set-9-files-31,1,email
EFTA00902572.pdf,data-set-9-files-31,2,email
EFTA00902574.pdf,data-set-9-files-31,1,email
EFTA00902575.pdf,data-set-9-files-31,1,email
EFTA00902576.pdf,data-set-9-files-31,1,email
EFTA00902577.pdf,data-set-9-files-31,1,email
EFTA00902578.pdf,data-set-9-files-31,1,email
EFTA00902579.pdf,data-set-9-files-31,1,email
EFTA00902580.pdf,data-set-9-files-31,1,email
EFTA00902581.pdf,data-set-9-files-31,1,email
EFTA00902582.pdf,data-set-9-files-31,1,email
EFTA00902583.pdf,data-set-9-files-31,1,email
EFTA00902584.pdf,data-set-9-files-31,1,email
EFTA00902585.pdf,data-set-9-files-31,1,email
EFTA00902586.pdf,data-set-9-files-31,1,email
EFTA00902587.pdf,data-set-9-files-31,2,email
EFTA00902589.pdf,data-set-9-files-31,2,email
EFTA00902591.pdf,data-set-9-files-31,1,other
EFTA00902592.pdf,data-set-9-files-31,5,email
EFTA00902597.pdf,data-set-9-files-31,1,email
EFTA00902598.pdf,data-set-9-files-31,1,email
EFTA00902599.pdf,data-set-9-files-31,1,email
EFTA00902600.pdf,data-set-9-files-31,5,email
EFTA00902605.pdf,data-set-9-files-31,1,email
EFTA00902606.pdf,data-set-9-files-31,1,email
EFTA00902607.pdf,data-set-9-files-31,1,email
EFTA00902608.pdf,data-set-9-files-31,1,email
EFTA00902609.pdf,data-set-9-files-31,2,email
EFTA00902611.pdf,data-set-9-files-31,1,email
EFTA00902612.pdf,data-set-9-files-31,1,other
EFTA00902613.pdf,data-set-9-files-31,1,email
EFTA00902614.pdf,data-set-9-files-31,1,email
EFTA00902615.pdf,data-set-9-files-31,1,email
EFTA00902616.pdf,data-set-9-files-31,1,email
EFTA00902617.pdf,data-set-9-files-31,1,email
EFTA00902618.pdf,data-set-9-files-31,1,email
EFTA00902619.pdf,data-set-9-files-31,1,email
EFTA00902620.pdf,data-set-9-files-31,1,email
EFTA00902621.pdf,data-set-9-files-31,1,email
EFTA00902622.pdf,data-set-9-files-31,2,email
EFTA00902624.pdf,data-set-9-files-31,2,email
EFTA00902626.pdf,data-set-9-files-31,2,email
EFTA00902628.pdf,data-set-9-files-31,1,email
EFTA00902629.pdf,data-set-9-files-31,1,email
EFTA00902630.pdf,data-set-9-files-31,1,other
EFTA00902631.pdf,data-set-9-files-31,1,email
EFTA00902632.pdf,data-set-9-files-31,2,email
EFTA00902634.pdf,data-set-9-files-31,2,email
EFTA00902636.pdf,data-set-9-files-31,1,email
EFTA00902637.pdf,data-set-9-files-31,1,email
EFTA00902638.pdf,data-set-9-files-31,1,email
EFTA00902639.pdf,data-set-9-files-31,2,email
EFTA00902641.pdf,data-set-9-files-31,1,email
EFTA00902642.pdf,data-set-9-files-31,1,email
EFTA00902643.pdf,data-set-9-files-31,1,email
EFTA00902644.pdf,data-set-9-files-31,1,email
EFTA00902645.pdf,data-set-9-files-31,1,email
EFTA00902646.pdf,data-set-9-files-31,1,email
EFTA00902647.pdf,data-set-9-files-31,1,email
EFTA00902648.pdf,data-set-9-files-31,1,email
EFTA00902649.pdf,data-set-9-files-31,1,email
EFTA00902650.pdf,data-set-9-files-31,1,email
EFTA00902651.pdf,data-set-9-files-31,1,email
EFTA00902652.pdf,data-set-9-files-31,1,email
EFTA00902653.pdf,data-set-9-files-31,1,email
EFTA00902654.pdf,data-set-9-files-31,1,email
EFTA00902655.pdf,data-set-9-files-31,2,email
EFTA00902657.pdf,data-set-9-files-31,1,email
EFTA00902658.pdf,data-set-9-files-31,1,email
EFTA00902659.pdf,data-set-9-files-31,2,email
EFTA00902661.pdf,data-set-9-files-31,1,email
EFTA00902662.pdf,data-set-9-files-31,1,email
EFTA00902663.pdf,data-set-9-files-31,1,email
EFTA00902664.pdf,data-set-9-files-31,1,email
EFTA00902665.pdf,data-set-9-files-31,2,email
EFTA00902667.pdf,data-set-9-files-31,1,email
EFTA00902668.pdf,data-set-9-files-31,9,email
EFTA00902677.pdf,data-set-9-files-31,2,email
EFTA00902679.pdf,data-set-9-files-31,2,email
EFTA00902681.pdf,data-set-9-files-31,3,email
EFTA00902684.pdf,data-set-9-files-31,1,email
EFTA00902685.pdf,data-set-9-files-31,2,email
EFTA00902687.pdf,data-set-9-files-31,1,email
EFTA00902688.pdf,data-set-9-files-31,1,email
EFTA00902689.pdf,data-set-9-files-31,2,email
EFTA00902691.pdf,data-set-9-files-31,2,email
EFTA00902693.pdf,data-set-9-files-31,1,email
EFTA00902694.pdf,data-set-9-files-31,1,email
EFTA00902695.pdf,data-set-9-files-31,1,email
EFTA00902696.pdf,data-set-9-files-31,1,email
EFTA00902697.pdf,data-set-9-files-31,1,email
EFTA00902698.pdf,data-set-9-files-31,2,email
EFTA00902700.pdf,data-set-9-files-31,1,email
EFTA00902701.pdf,data-set-9-files-31,1,email
EFTA00902702.pdf,data-set-9-files-31,1,email
EFTA00902703.pdf,data-set-9-files-31,1,email
EFTA00902704.pdf,data-set-9-files-31,1,email
EFTA00902705.pdf,data-set-9-files-31,1,email
EFTA00902706.pdf,data-set-9-files-31,2,email
EFTA00902708.pdf,data-set-9-files-31,2,email
EFTA00902710.pdf,data-set-9-files-31,2,email
EFTA00902712.pdf,data-set-9-files-31,2,email
EFTA00902714.pdf,data-set-9-files-31,2,email
EFTA00902716.pdf,data-set-9-files-31,1,email
EFTA00902717.pdf,data-set-9-files-31,1,email
EFTA00902718.pdf,data-set-9-files-31,2,email
EFTA00902720.pdf,data-set-9-files-31,1,email
EFTA00902721.pdf,data-set-9-files-31,2,email
EFTA00902723.pdf,data-set-9-files-31,2,email
EFTA00902725.pdf,data-set-9-files-31,1,email
EFTA00902726.pdf,data-set-9-files-31,1,other
EFTA00902727.pdf,data-set-9-files-31,1,email
EFTA00902728.pdf,data-set-9-files-31,1,email
EFTA00902729.pdf,data-set-9-files-31,1,email
EFTA00902730.pdf,data-set-9-files-31,1,email
EFTA00902731.pdf,data-set-9-files-31,1,other
EFTA00902732.pdf,data-set-9-files-31,1,other
EFTA00902733.pdf,data-set-9-files-31,1,email
EFTA00902734.pdf,data-set-9-files-31,2,email
EFTA00902736.pdf,data-set-9-files-31,1,other
EFTA00902737.pdf,data-set-9-files-31,1,email
EFTA00902738.pdf,data-set-9-files-31,1,email
EFTA00902739.pdf,data-set-9-files-31,2,email
EFTA00902741.pdf,data-set-9-files-31,1,email
EFTA00902742.pdf,data-set-9-files-31,1,other
EFTA00902743.pdf,data-set-9-files-31,2,email
EFTA00902745.pdf,data-set-9-files-31,2,email
EFTA00902747.pdf,data-set-9-files-31,2,email
EFTA00902749.pdf,data-set-9-files-31,1,email
EFTA00902750.pdf,data-set-9-files-31,1,other
EFTA00902751.pdf,data-set-9-files-31,1,other
EFTA00902752.pdf,data-set-9-files-31,1,email
EFTA00902753.pdf,data-set-9-files-31,1,email
EFTA00902754.pdf,data-set-9-files-31,1,email
EFTA00902755.pdf,data-set-9-files-31,1,email
EFTA00902756.pdf,data-set-9-files-31,1,email
EFTA00902757.pdf,data-set-9-files-31,1,email
EFTA00902758.pdf,data-set-9-files-31,1,other
EFTA00902759.pdf,data-set-9-files-31,1,email
EFTA00902760.pdf,data-set-9-files-31,1,email
EFTA00902761.pdf,data-set-9-files-31,1,other
EFTA00902762.pdf,data-set-9-files-31,1,email
EFTA00902763.pdf,data-set-9-files-31,1,other
EFTA00902764.pdf,data-set-9-files-31,1,email
EFTA00902765.pdf,data-set-9-files-31,1,email
EFTA00902766.pdf,data-set-9-files-31,1,email
EFTA00902767.pdf,data-set-9-files-31,1,other
EFTA00902768.pdf,data-set-9-files-31,1,email
EFTA00902769.pdf,data-set-9-files-31,1,email
EFTA00902770.pdf,data-set-9-files-31,2,email
EFTA00902772.pdf,data-set-9-files-31,1,email
EFTA00902773.pdf,data-set-9-files-31,1,email
EFTA00902774.pdf,data-set-9-files-31,2,email
EFTA00902776.pdf,data-set-9-files-31,1,other
EFTA00902777.pdf,data-set-9-files-31,1,email
EFTA00902778.pdf,data-set-9-files-31,1,email
EFTA00902779.pdf,data-set-9-files-31,1,email
EFTA00902780.pdf,data-set-9-files-31,2,email
EFTA00902782.pdf,data-set-9-files-31,2,email
EFTA00902784.pdf,data-set-9-files-31,1,other
EFTA00902785.pdf,data-set-9-files-31,1,other
EFTA00902786.pdf,data-set-9-files-31,1,email
EFTA00902787.pdf,data-set-9-files-31,1,email
EFTA00902788.pdf,data-set-9-files-31,1,email
EFTA00902789.pdf,data-set-9-files-31,2,email
EFTA00902791.pdf,data-set-9-files-31,2,email
EFTA00902793.pdf,data-set-9-files-31,1,email
EFTA00902794.pdf,data-set-9-files-31,2,email
EFTA00902796.pdf,data-set-9-files-31,2,email
EFTA00902798.pdf,data-set-9-files-31,1,email
EFTA00902799.pdf,data-set-9-files-31,1,email
EFTA00902800.pdf,data-set-9-files-31,2,email
EFTA00902802.pdf,data-set-9-files-31,1,email
EFTA00902803.pdf,data-set-9-files-31,1,email
EFTA00902804.pdf,data-set-9-files-31,1,other
EFTA00902805.pdf,data-set-9-files-31,1,email
EFTA00902806.pdf,data-set-9-files-31,1,email
EFTA00902807.pdf,data-set-9-files-31,1,email
EFTA00902808.pdf,data-set-9-files-31,1,email
EFTA00902809.pdf,data-set-9-files-31,2,email
EFTA00902811.pdf,data-set-9-files-31,1,email
EFTA00902812.pdf,data-set-9-files-31,2,email
EFTA00902814.pdf,data-set-9-files-31,2,email
EFTA00902816.pdf,data-set-9-files-31,1,email
EFTA00902817.pdf,data-set-9-files-31,2,email
EFTA00902819.pdf,data-set-9-files-31,1,email
EFTA00902820.pdf,data-set-9-files-31,1,email
EFTA00902821.pdf,data-set-9-files-31,2,email
EFTA00902823.pdf,data-set-9-files-31,1,email
EFTA00902824.pdf,data-set-9-files-31,2,email
EFTA00902826.pdf,data-set-9-files-31,2,email
EFTA00902828.pdf,data-set-9-files-31,1,email
EFTA00902829.pdf,data-set-9-files-31,1,email
EFTA00902830.pdf,data-set-9-files-31,1,email
EFTA00902831.pdf,data-set-9-files-31,1,email
EFTA00902832.pdf,data-set-9-files-31,1,email
EFTA00902833.pdf,data-set-9-files-31,2,email
EFTA00902835.pdf,data-set-9-files-31,1,email
EFTA00902836.pdf,data-set-9-files-31,2,email
EFTA00902838.pdf,data-set-9-files-31,1,email
EFTA00902839.pdf,data-set-9-files-31,2,email
EFTA00902841.pdf,data-set-9-files-31,2,email
EFTA00902843.pdf,data-set-9-files-31,1,email
EFTA00902844.pdf,data-set-9-files-31,2,email
EFTA00902846.pdf,data-set-9-files-31,1,email
EFTA00902847.pdf,data-set-9-files-31,1,email
EFTA00902848.pdf,data-set-9-files-31,2,email
EFTA00902850.pdf,data-set-9-files-31,2,email
EFTA00902852.pdf,data-set-9-files-31,2,email
EFTA00902854.pdf,data-set-9-files-31,1,email
EFTA00902855.pdf,data-set-9-files-31,1,email
EFTA00902856.pdf,data-set-9-files-31,2,email
EFTA00902858.pdf,data-set-9-files-31,1,email
EFTA00902859.pdf,data-set-9-files-31,1,email
EFTA00902860.pdf,data-set-9-files-31,1,other
EFTA00902861.pdf,data-set-9-files-31,2,email
EFTA00902863.pdf,data-set-9-files-31,1,email
EFTA00902864.pdf,data-set-9-files-31,2,email
EFTA00902866.pdf,data-set-9-files-31,1,email
EFTA00902867.pdf,data-set-9-files-31,2,email
EFTA00902869.pdf,data-set-9-files-31,2,email
EFTA00902871.pdf,data-set-9-files-31,1,email
EFTA00902872.pdf,data-set-9-files-31,1,email
EFTA00902873.pdf,data-set-9-files-31,1,email
EFTA00902874.pdf,data-set-9-files-31,1,email
EFTA00902875.pdf,data-set-9-files-31,1,email
EFTA00902876.pdf,data-set-9-files-31,1,email
EFTA00902877.pdf,data-set-9-files-31,2,email
EFTA00902879.pdf,data-set-9-files-31,2,email
EFTA00902881.pdf,data-set-9-files-31,2,email
EFTA00902883.pdf,data-set-9-files-31,1,email
EFTA00902884.pdf,data-set-9-files-31,2,email
EFTA00902886.pdf,data-set-9-files-31,1,email
EFTA00902887.pdf,data-set-9-files-31,1,email
EFTA00902888.pdf,data-set-9-files-31,1,email
EFTA00902889.pdf,data-set-9-files-31,2,email
EFTA00902891.pdf,data-set-9-files-31,1,email
EFTA00902892.pdf,data-set-9-files-31,3,email
EFTA00902895.pdf,data-set-9-files-31,1,email
EFTA00902896.pdf,data-set-9-files-31,2,email
EFTA00902898.pdf,data-set-9-files-31,1,email
EFTA00902899.pdf,data-set-9-files-31,1,email
EFTA00902900.pdf,data-set-9-files-31,1,email
EFTA00902901.pdf,data-set-9-files-31,1,email
EFTA00902902.pdf,data-set-9-files-31,2,email
EFTA00902904.pdf,data-set-9-files-31,1,email
EFTA00902905.pdf,data-set-9-files-31,1,email
EFTA00902906.pdf,data-set-9-files-31,2,email
EFTA00902908.pdf,data-set-9-files-31,2,email
EFTA00902910.pdf,data-set-9-files-31,1,email
EFTA00902911.pdf,data-set-9-files-31,4,email
EFTA00902915.pdf,data-set-9-files-31,1,email
EFTA00902916.pdf,data-set-9-files-31,1,email
EFTA00902917.pdf,data-set-9-files-31,1,email
EFTA00902918.pdf,data-set-9-files-31,3,email
EFTA00902921.pdf,data-set-9-files-31,3,email
EFTA00902924.pdf,data-set-9-files-31,4,email
EFTA00902928.pdf,data-set-9-files-31,1,email
EFTA00902929.pdf,data-set-9-files-31,1,email
EFTA00902930.pdf,data-set-9-files-31,4,email
EFTA00902934.pdf,data-set-9-files-31,2,email
EFTA00902936.pdf,data-set-9-files-31,1,email
EFTA00902937.pdf,data-set-9-files-31,1,email
EFTA00902938.pdf,data-set-9-files-31,1,email
EFTA00902939.pdf,data-set-9-files-31,1,email
EFTA00902940.pdf,data-set-9-files-31,2,email
EFTA00902942.pdf,data-set-9-files-31,3,email
EFTA00902945.pdf,data-set-9-files-31,1,email
EFTA00902946.pdf,data-set-9-files-31,1,email
EFTA00902947.pdf,data-set-9-files-31,1,email
EFTA00902948.pdf,data-set-9-files-31,1,email
EFTA00902949.pdf,data-set-9-files-31,2,email
EFTA00902951.pdf,data-set-9-files-31,1,email
EFTA00902952.pdf,data-set-9-files-31,2,email
EFTA00902954.pdf,data-set-9-files-31,1,email
EFTA00902955.pdf,data-set-9-files-31,1,email
EFTA00902956.pdf,data-set-9-files-31,1,email
EFTA00902957.pdf,data-set-9-files-31,1,email
EFTA00902958.pdf,data-set-9-files-31,2,email
EFTA00902960.pdf,data-set-9-files-31,1,email
EFTA00902961.pdf,data-set-9-files-31,3,email
EFTA00902964.pdf,data-set-9-files-31,2,email
EFTA00902966.pdf,data-set-9-files-31,2,email
EFTA00902968.pdf,data-set-9-files-31,2,email
EFTA00902970.pdf,data-set-9-files-31,2,email
EFTA00902972.pdf,data-set-9-files-31,5,email
EFTA00902977.pdf,data-set-9-files-31,2,email
EFTA00902979.pdf,data-set-9-files-31,1,email
EFTA00902980.pdf,data-set-9-files-31,1,email
EFTA00902981.pdf,data-set-9-files-31,5,email
EFTA00902986.pdf,data-set-9-files-31,1,email
EFTA00902987.pdf,data-set-9-files-31,3,email
EFTA00902990.pdf,data-set-9-files-31,1,email
EFTA00902991.pdf,data-set-9-files-31,1,email
EFTA00902992.pdf,data-set-9-files-31,1,email
EFTA00902993.pdf,data-set-9-files-31,2,email
EFTA00902995.pdf,data-set-9-files-31,1,email
EFTA00902996.pdf,data-set-9-files-31,2,email
EFTA00902998.pdf,data-set-9-files-31,1,email
EFTA00902999.pdf,data-set-9-files-31,1,other
EFTA00903000.pdf,data-set-9-files-31,1,email
EFTA00903001.pdf,data-set-9-files-31,1,email
EFTA00903002.pdf,data-set-9-files-31,1,email
EFTA00903003.pdf,data-set-9-files-31,1,email
EFTA00903004.pdf,data-set-9-files-31,1,email
EFTA00903005.pdf,data-set-9-files-31,1,email
EFTA00903006.pdf,data-set-9-files-31,1,email
EFTA00903007.pdf,data-set-9-files-31,1,email
EFTA00903008.pdf,data-set-9-files-31,1,email
EFTA00903009.pdf,data-set-9-files-31,1,email
EFTA00903010.pdf,data-set-9-files-31,2,email
EFTA00903012.pdf,data-set-9-files-31,1,email
EFTA00903013.pdf,data-set-9-files-31,2,email
EFTA00903015.pdf,data-set-9-files-31,2,email
EFTA00903017.pdf,data-set-9-files-31,1,email
EFTA00903018.pdf,data-set-9-files-31,2,email
EFTA00903020.pdf,data-set-9-files-31,3,email
EFTA00903023.pdf,data-set-9-files-31,1,email
EFTA00903024.pdf,data-set-9-files-31,2,email
EFTA00903026.pdf,data-set-9-files-31,1,other
EFTA00903027.pdf,data-set-9-files-31,1,email
EFTA00903028.pdf,data-set-9-files-31,1,email
EFTA00903029.pdf,data-set-9-files-31,2,email
EFTA00903031.pdf,data-set-9-files-31,1,email
EFTA00903032.pdf,data-set-9-files-31,1,email
EFTA00903033.pdf,data-set-9-files-31,1,email
EFTA00903034.pdf,data-set-9-files-31,1,email
EFTA00903035.pdf,data-set-9-files-31,1,email
EFTA00903036.pdf,data-set-9-files-31,1,email
EFTA00903037.pdf,data-set-9-files-31,1,email
EFTA00903038.pdf,data-set-9-files-31,1,email
EFTA00903039.pdf,data-set-9-files-31,1,email
EFTA00903040.pdf,data-set-9-files-31,2,email
EFTA00903042.pdf,data-set-9-files-31,2,email
EFTA00903044.pdf,data-set-9-files-31,1,email
EFTA00903045.pdf,data-set-9-files-31,1,email
EFTA00903046.pdf,data-set-9-files-31,1,email
EFTA00903047.pdf,data-set-9-files-31,2,email
EFTA00903049.pdf,data-set-9-files-31,2,email
EFTA00903051.pdf,data-set-9-files-31,1,email
EFTA00903052.pdf,data-set-9-files-31,3,email
EFTA00903055.pdf,data-set-9-files-31,1,email
EFTA00903056.pdf,data-set-9-files-31,1,email
EFTA00903057.pdf,data-set-9-files-31,1,email
EFTA00903058.pdf,data-set-9-files-31,1,email
EFTA00903059.pdf,data-set-9-files-31,1,email
EFTA00903060.pdf,data-set-9-files-31,1,email
EFTA00903061.pdf,data-set-9-files-31,1,email
EFTA00903062.pdf,data-set-9-files-31,1,email
EFTA00903063.pdf,data-set-9-files-31,1,email
EFTA00903064.pdf,data-set-9-files-31,3,email
EFTA00903067.pdf,data-set-9-files-31,2,email
EFTA00903069.pdf,data-set-9-files-31,1,email
EFTA00903070.pdf,data-set-9-files-31,2,email
EFTA00903072.pdf,data-set-9-files-31,4,email
EFTA00903076.pdf,data-set-9-files-31,4,email
EFTA00903080.pdf,data-set-9-files-31,2,email
EFTA00903082.pdf,data-set-9-files-31,2,email
EFTA00903084.pdf,data-set-9-files-31,2,email
EFTA00903086.pdf,data-set-9-files-31,2,email
EFTA00903088.pdf,data-set-9-files-31,2,email
EFTA00903090.pdf,data-set-9-files-31,1,email
EFTA00903091.pdf,data-set-9-files-31,1,email
EFTA00903092.pdf,data-set-9-files-31,1,email
EFTA00903093.pdf,data-set-9-files-31,1,email
EFTA00903094.pdf,data-set-9-files-31,2,email
EFTA00903096.pdf,data-set-9-files-31,2,email
EFTA00903098.pdf,data-set-9-files-31,1,email
EFTA00903099.pdf,data-set-9-files-31,1,other
EFTA00903100.pdf,data-set-9-files-31,1,other
EFTA00903101.pdf,data-set-9-files-31,1,email
EFTA00903102.pdf,data-set-9-files-31,2,email
EFTA00903104.pdf,data-set-9-files-31,2,email
EFTA00903106.pdf,data-set-9-files-31,1,email
EFTA00903107.pdf,data-set-9-files-31,1,email
EFTA00903108.pdf,data-set-9-files-31,1,email
EFTA00903109.pdf,data-set-9-files-31,2,email
EFTA00903111.pdf,data-set-9-files-31,1,email
EFTA00903112.pdf,data-set-9-files-31,2,email
EFTA00903114.pdf,data-set-9-files-31,1,email
EFTA00903115.pdf,data-set-9-files-31,1,email
EFTA00903116.pdf,data-set-9-files-31,1,email
EFTA00903117.pdf,data-set-9-files-31,1,email
EFTA00903118.pdf,data-set-9-files-31,1,email
EFTA00903119.pdf,data-set-9-files-31,1,email
EFTA00903120.pdf,data-set-9-files-31,1,email
EFTA00903121.pdf,data-set-9-files-31,1,email
EFTA00903122.pdf,data-set-9-files-31,1,other
EFTA00903123.pdf,data-set-9-files-31,1,email
EFTA00903124.pdf,data-set-9-files-31,2,email
EFTA00903126.pdf,data-set-9-files-31,1,other
EFTA00903127.pdf,data-set-9-files-31,1,email
EFTA00903128.pdf,data-set-9-files-31,1,email
EFTA00903129.pdf,data-set-9-files-31,1,email
EFTA00903130.pdf,data-set-9-files-31,2,email
EFTA00903132.pdf,data-set-9-files-31,1,email
EFTA00903133.pdf,data-set-9-files-31,1,email
EFTA00903134.pdf,data-set-9-files-31,1,email
EFTA00903135.pdf,data-set-9-files-31,2,email
EFTA00903137.pdf,data-set-9-files-31,1,email
EFTA00903138.pdf,data-set-9-files-31,1,email
EFTA00903139.pdf,data-set-9-files-31,1,email
EFTA00903140.pdf,data-set-9-files-31,1,email
EFTA00903141.pdf,data-set-9-files-31,1,email
EFTA00903142.pdf,data-set-9-files-31,2,email
EFTA00903144.pdf,data-set-9-files-31,1,email
EFTA00903145.pdf,data-set-9-files-31,1,email
EFTA00903146.pdf,data-set-9-files-31,1,email
EFTA00903147.pdf,data-set-9-files-31,1,email
EFTA00903148.pdf,data-set-9-files-31,1,email
EFTA00903149.pdf,data-set-9-files-31,1,email
EFTA00903150.pdf,data-set-9-files-31,1,email
EFTA00903151.pdf,data-set-9-files-31,1,email
EFTA00903152.pdf,data-set-9-files-31,2,email
EFTA00903154.pdf,data-set-9-files-31,1,email
EFTA00903155.pdf,data-set-9-files-31,1,email
EFTA00903156.pdf,data-set-9-files-31,1,email
EFTA00903157.pdf,data-set-9-files-31,1,email
EFTA00903158.pdf,data-set-9-files-31,1,email
EFTA00903159.pdf,data-set-9-files-31,1,email
EFTA00903160.pdf,data-set-9-files-31,2,email
EFTA00903162.pdf,data-set-9-files-31,1,email
EFTA00903163.pdf,data-set-9-files-31,1,email
EFTA00903164.pdf,data-set-9-files-31,3,email
EFTA00903167.pdf,data-set-9-files-31,1,email
EFTA00903168.pdf,data-set-9-files-31,1,email
EFTA00903169.pdf,data-set-9-files-31,2,email
EFTA00903171.pdf,data-set-9-files-31,3,email
EFTA00903174.pdf,data-set-9-files-31,3,email
EFTA00903177.pdf,data-set-9-files-31,1,email
EFTA00903178.pdf,data-set-9-files-31,1,email
EFTA00903179.pdf,data-set-9-files-31,1,email
EFTA00903180.pdf,data-set-9-files-31,1,email
EFTA00903181.pdf,data-set-9-files-31,1,email
EFTA00903182.pdf,data-set-9-files-31,1,email
EFTA00903183.pdf,data-set-9-files-31,1,email
EFTA00903184.pdf,data-set-9-files-31,3,email
EFTA00903187.pdf,data-set-9-files-31,6,email
EFTA00903193.pdf,data-set-9-files-31,1,email
EFTA00903194.pdf,data-set-9-files-31,1,email
EFTA00903195.pdf,data-set-9-files-31,1,email
EFTA00903196.pdf,data-set-9-files-31,1,email
EFTA00903197.pdf,data-set-9-files-31,1,email
EFTA00903198.pdf,data-set-9-files-31,1,email
EFTA00903199.pdf,data-set-9-files-31,2,email
EFTA00903201.pdf,data-set-9-files-31,2,email
EFTA00903203.pdf,data-set-9-files-31,2,email
EFTA00903205.pdf,data-set-9-files-31,1,email
EFTA00903206.pdf,data-set-9-files-31,4,email
EFTA00903210.pdf,data-set-9-files-31,1,email
EFTA00903211.pdf,data-set-9-files-31,2,email
EFTA00903213.pdf,data-set-9-files-31,1,email
EFTA00903214.pdf,data-set-9-files-31,2,email
EFTA00903216.pdf,data-set-9-files-31,3,email
EFTA00903219.pdf,data-set-9-files-31,1,email
EFTA00903220.pdf,data-set-9-files-31,2,email
EFTA00903222.pdf,data-set-9-files-31,2,email
EFTA00903224.pdf,data-set-9-files-31,1,email
EFTA00903225.pdf,data-set-9-files-31,3,email
EFTA00903228.pdf,data-set-9-files-31,1,email
EFTA00903229.pdf,data-set-9-files-31,2,email
EFTA00903231.pdf,data-set-9-files-31,2,email
EFTA00903233.pdf,data-set-9-files-31,1,email
EFTA00903234.pdf,data-set-9-files-31,2,email
EFTA00903236.pdf,data-set-9-files-31,1,email
EFTA00903237.pdf,data-set-9-files-31,1,email
EFTA00903238.pdf,data-set-9-files-31,2,email
EFTA00903240.pdf,data-set-9-files-31,1,email
EFTA00903241.pdf,data-set-9-files-31,1,email
EFTA00903242.pdf,data-set-9-files-31,1,email
EFTA00903243.pdf,data-set-9-files-31,1,email
EFTA00903244.pdf,data-set-9-files-31,1,email
EFTA00903245.pdf,data-set-9-files-31,2,email
EFTA00903247.pdf,data-set-9-files-31,1,email
EFTA00903248.pdf,data-set-9-files-31,1,email
EFTA00903249.pdf,data-set-9-files-31,1,email
EFTA00903250.pdf,data-set-9-files-31,2,email
EFTA00903252.pdf,data-set-9-files-31,1,email
EFTA00903253.pdf,data-set-9-files-31,1,email
EFTA00903254.pdf,data-set-9-files-31,1,email
EFTA00903255.pdf,data-set-9-files-31,1,email
EFTA00903256.pdf,data-set-9-files-31,1,email
EFTA00903257.pdf,data-set-9-files-31,1,email
EFTA00903258.pdf,data-set-9-files-31,1,email
EFTA00903259.pdf,data-set-9-files-31,1,email
EFTA00903260.pdf,data-set-9-files-31,2,email
EFTA00903262.pdf,data-set-9-files-31,1,email
EFTA00903263.pdf,data-set-9-files-31,1,email
EFTA00903264.pdf,data-set-9-files-31,1,email
EFTA00903265.pdf,data-set-9-files-31,1,email
EFTA00903266.pdf,data-set-9-files-31,1,email
EFTA00903267.pdf,data-set-9-files-31,1,email
EFTA00903268.pdf,data-set-9-files-31,1,email
EFTA00903269.pdf,data-set-9-files-31,1,email
EFTA00903270.pdf,data-set-9-files-31,2,email
EFTA00903272.pdf,data-set-9-files-31,1,email
EFTA00903273.pdf,data-set-9-files-31,1,email
EFTA00903274.pdf,data-set-9-files-31,1,email
EFTA00903275.pdf,data-set-9-files-31,3,email
EFTA00903278.pdf,data-set-9-files-31,1,email
EFTA00903279.pdf,data-set-9-files-31,2,email
EFTA00903281.pdf,data-set-9-files-31,1,email
EFTA00903282.pdf,data-set-9-files-31,1,email
EFTA00903283.pdf,data-set-9-files-31,2,email
EFTA00903285.pdf,data-set-9-files-31,1,email
EFTA00903286.pdf,data-set-9-files-31,3,email
EFTA00903289.pdf,data-set-9-files-31,1,email
EFTA00903290.pdf,data-set-9-files-31,2,email
EFTA00903292.pdf,data-set-9-files-31,1,email
EFTA00903293.pdf,data-set-9-files-31,2,email
EFTA00903295.pdf,data-set-9-files-31,2,email
EFTA00903297.pdf,data-set-9-files-31,2,email
EFTA00903299.pdf,data-set-9-files-31,3,email
EFTA00903302.pdf,data-set-9-files-31,2,email
EFTA00903304.pdf,data-set-9-files-31,1,email
EFTA00903305.pdf,data-set-9-files-31,1,email
EFTA00903306.pdf,data-set-9-files-31,1,email
EFTA00903307.pdf,data-set-9-files-31,4,email
EFTA00903311.pdf,data-set-9-files-31,1,email
EFTA00903312.pdf,data-set-9-files-31,2,email
EFTA00903314.pdf,data-set-9-files-31,2,email
EFTA00903316.pdf,data-set-9-files-31,1,email
EFTA00903317.pdf,data-set-9-files-31,2,email
EFTA00903319.pdf,data-set-9-files-31,1,email
EFTA00903320.pdf,data-set-9-files-31,1,email
EFTA00903321.pdf,data-set-9-files-31,1,email
EFTA00903322.pdf,data-set-9-files-31,1,email
EFTA00903323.pdf,data-set-9-files-31,1,email
EFTA00903324.pdf,data-set-9-files-31,1,email
EFTA00903325.pdf,data-set-9-files-31,1,email
EFTA00903326.pdf,data-set-9-files-31,1,email
EFTA00903327.pdf,data-set-9-files-31,2,email
EFTA00903329.pdf,data-set-9-files-31,1,email
EFTA00903330.pdf,data-set-9-files-31,1,email
EFTA00903331.pdf,data-set-9-files-31,1,email
EFTA00903332.pdf,data-set-9-files-31,1,email
EFTA00903333.pdf,data-set-9-files-31,2,other
EFTA00903335.pdf,data-set-9-files-31,2,email
EFTA00903337.pdf,data-set-9-files-31,1,email
EFTA00903338.pdf,data-set-9-files-31,1,email
EFTA00903339.pdf,data-set-9-files-31,2,email
EFTA00903341.pdf,data-set-9-files-31,3,email
EFTA00903344.pdf,data-set-9-files-31,1,email
EFTA00903345.pdf,data-set-9-files-31,1,email
EFTA00903346.pdf,data-set-9-files-31,1,email
EFTA00903347.pdf,data-set-9-files-31,1,other
EFTA00903348.pdf,data-set-9-files-31,2,email
EFTA00903350.pdf,data-set-9-files-31,1,email
EFTA00903351.pdf,data-set-9-files-31,2,email
EFTA00903353.pdf,data-set-9-files-31,1,email
EFTA00903354.pdf,data-set-9-files-31,1,email
EFTA00903355.pdf,data-set-9-files-31,1,email
EFTA00903356.pdf,data-set-9-files-31,1,email
EFTA00903357.pdf,data-set-9-files-31,1,email
EFTA00903358.pdf,data-set-9-files-31,1,email
EFTA00903359.pdf,data-set-9-files-31,3,email
EFTA00903362.pdf,data-set-9-files-31,1,email
EFTA00903363.pdf,data-set-9-files-31,2,email
EFTA00903365.pdf,data-set-9-files-31,1,email
EFTA00903366.pdf,data-set-9-files-31,1,email
EFTA00903367.pdf,data-set-9-files-31,1,email
EFTA00903368.pdf,data-set-9-files-31,1,email
EFTA00903369.pdf,data-set-9-files-31,1,email
EFTA00903370.pdf,data-set-9-files-31,2,email
EFTA00903372.pdf,data-set-9-files-31,1,email
EFTA00903373.pdf,data-set-9-files-31,1,email
EFTA00903374.pdf,data-set-9-files-31,1,email
EFTA00903375.pdf,data-set-9-files-31,1,email
EFTA00903376.pdf,data-set-9-files-31,2,email
EFTA00903378.pdf,data-set-9-files-31,1,email
EFTA00903379.pdf,data-set-9-files-31,1,email
EFTA00903380.pdf,data-set-9-files-31,1,other
EFTA00903381.pdf,data-set-9-files-31,1,email
EFTA00903382.pdf,data-set-9-files-31,1,email
EFTA00903383.pdf,data-set-9-files-31,2,email
EFTA00903385.pdf,data-set-9-files-31,2,email
EFTA00903387.pdf,data-set-9-files-31,1,email
EFTA00903388.pdf,data-set-9-files-31,1,email
EFTA00903389.pdf,data-set-9-files-31,1,email
EFTA00903390.pdf,data-set-9-files-31,3,email
EFTA00903393.pdf,data-set-9-files-31,2,email
EFTA00903395.pdf,data-set-9-files-31,1,email
EFTA00903396.pdf,data-set-9-files-31,1,email
EFTA00903397.pdf,data-set-9-files-31,2,email
EFTA00903399.pdf,data-set-9-files-31,2,email
EFTA00903401.pdf,data-set-9-files-31,2,email
EFTA00903403.pdf,data-set-9-files-31,1,email
EFTA00903404.pdf,data-set-9-files-31,1,email
EFTA00903405.pdf,data-set-9-files-31,1,email
EFTA00903406.pdf,data-set-9-files-31,2,email
EFTA00903408.pdf,data-set-9-files-31,1,email
EFTA00903409.pdf,data-set-9-files-31,3,email
EFTA00903412.pdf,data-set-9-files-31,4,email
EFTA00903416.pdf,data-set-9-files-31,1,email
EFTA00903417.pdf,data-set-9-files-31,1,email
EFTA00903418.pdf,data-set-9-files-31,1,email
EFTA00903419.pdf,data-set-9-files-31,2,email
EFTA00903421.pdf,data-set-9-files-31,1,email
EFTA00903422.pdf,data-set-9-files-31,2,email
EFTA00903424.pdf,data-set-9-files-31,1,email
EFTA00903425.pdf,data-set-9-files-31,2,email
EFTA00903427.pdf,data-set-9-files-31,1,email
EFTA00903428.pdf,data-set-9-files-31,4,email
EFTA00903432.pdf,data-set-9-files-31,2,email
EFTA00903434.pdf,data-set-9-files-31,1,email
EFTA00903435.pdf,data-set-9-files-31,1,email
EFTA00903436.pdf,data-set-9-files-31,1,email
EFTA00903437.pdf,data-set-9-files-31,1,email
EFTA00903438.pdf,data-set-9-files-31,1,email
EFTA00903439.pdf,data-set-9-files-31,1,email
EFTA00903440.pdf,data-set-9-files-31,2,email
EFTA00903442.pdf,data-set-9-files-31,1,email
EFTA00903443.pdf,data-set-9-files-31,1,email
EFTA00903444.pdf,data-set-9-files-31,2,email
EFTA00903446.pdf,data-set-9-files-31,2,email
EFTA00903448.pdf,data-set-9-files-31,1,email
EFTA00903449.pdf,data-set-9-files-31,1,email
EFTA00903450.pdf,data-set-9-files-31,1,email
EFTA00903451.pdf,data-set-9-files-31,1,email
EFTA00903452.pdf,data-set-9-files-31,1,other
EFTA00903453.pdf,data-set-9-files-31,3,email
EFTA00903456.pdf,data-set-9-files-31,1,email
EFTA00903457.pdf,data-set-9-files-31,1,other
EFTA00903458.pdf,data-set-9-files-31,1,email
EFTA00903459.pdf,data-set-9-files-31,1,email
EFTA00903460.pdf,data-set-9-files-31,2,email
EFTA00903462.pdf,data-set-9-files-31,3,email
EFTA00903465.pdf,data-set-9-files-31,1,email
EFTA00903466.pdf,data-set-9-files-31,1,other
EFTA00903467.pdf,data-set-9-files-31,1,email
EFTA00903468.pdf,data-set-9-files-31,1,email
EFTA00903469.pdf,data-set-9-files-31,2,email
EFTA00903471.pdf,data-set-9-files-31,1,email
EFTA00903472.pdf,data-set-9-files-31,2,email
EFTA00903474.pdf,data-set-9-files-31,1,email
EFTA00903475.pdf,data-set-9-files-31,1,email
EFTA00903476.pdf,data-set-9-files-31,1,email
EFTA00903477.pdf,data-set-9-files-31,1,email
EFTA00903478.pdf,data-set-9-files-31,1,email
EFTA00903479.pdf,data-set-9-files-31,1,email
EFTA00903480.pdf,data-set-9-files-31,3,email
EFTA00903483.pdf,data-set-9-files-31,2,email
EFTA00903485.pdf,data-set-9-files-31,2,email
EFTA00903487.pdf,data-set-9-files-31,2,email
EFTA00903489.pdf,data-set-9-files-31,2,email
EFTA00903491.pdf,data-set-9-files-31,1,email
EFTA00903492.pdf,data-set-9-files-31,1,email
EFTA00903493.pdf,data-set-9-files-31,1,email
EFTA00903494.pdf,data-set-9-files-31,1,email
EFTA00903495.pdf,data-set-9-files-31,2,email
EFTA00903497.pdf,data-set-9-files-31,1,email
EFTA00903498.pdf,data-set-9-files-31,1,email
EFTA00903499.pdf,data-set-9-files-31,1,email
EFTA00903500.pdf,data-set-9-files-31,2,email
EFTA00903502.pdf,data-set-9-files-31,1,email
EFTA00903503.pdf,data-set-9-files-31,1,email
EFTA00903504.pdf,data-set-9-files-31,1,email
EFTA00903505.pdf,data-set-9-files-31,1,email
EFTA00903506.pdf,data-set-9-files-31,3,email
EFTA00903509.pdf,data-set-9-files-31,1,email
EFTA00903510.pdf,data-set-9-files-31,1,email
EFTA00903511.pdf,data-set-9-files-31,1,email
EFTA00903512.pdf,data-set-9-files-31,1,email
EFTA00903513.pdf,data-set-9-files-31,2,email
EFTA00903515.pdf,data-set-9-files-31,2,email
EFTA00903517.pdf,data-set-9-files-31,2,email
EFTA00903519.pdf,data-set-9-files-31,2,email
EFTA00903521.pdf,data-set-9-files-31,1,email
EFTA00903522.pdf,data-set-9-files-31,2,email
EFTA00903524.pdf,data-set-9-files-31,3,email
EFTA00903527.pdf,data-set-9-files-31,3,email
EFTA00903530.pdf,data-set-9-files-31,1,email
EFTA00903531.pdf,data-set-9-files-31,1,email
EFTA00903532.pdf,data-set-9-files-31,1,email
EFTA00903533.pdf,data-set-9-files-31,1,email
EFTA00903534.pdf,data-set-9-files-31,1,email
EFTA00903535.pdf,data-set-9-files-31,1,email
EFTA00903536.pdf,data-set-9-files-31,2,email
EFTA00903538.pdf,data-set-9-files-31,2,email
EFTA00903540.pdf,data-set-9-files-31,2,email
EFTA00903542.pdf,data-set-9-files-31,1,email
EFTA00903543.pdf,data-set-9-files-31,3,email
EFTA00903546.pdf,data-set-9-files-31,1,email
EFTA00903547.pdf,data-set-9-files-31,3,email
EFTA00903550.pdf,data-set-9-files-31,1,email
EFTA00903551.pdf,data-set-9-files-31,1,email
EFTA00903552.pdf,data-set-9-files-31,1,email
EFTA00903553.pdf,data-set-9-files-31,1,email
EFTA00903554.pdf,data-set-9-files-31,1,email
EFTA00903555.pdf,data-set-9-files-31,1,email
EFTA00903556.pdf,data-set-9-files-31,1,email
EFTA00903557.pdf,data-set-9-files-31,1,email
EFTA00903558.pdf,data-set-9-files-31,1,email
EFTA00903559.pdf,data-set-9-files-31,2,email
EFTA00903561.pdf,data-set-9-files-31,3,email
EFTA00903564.pdf,data-set-9-files-31,1,email
EFTA00903565.pdf,data-set-9-files-31,1,email
EFTA00903566.pdf,data-set-9-files-31,2,email
EFTA00903568.pdf,data-set-9-files-31,1,email
EFTA00903569.pdf,data-set-9-files-31,1,email
EFTA00903570.pdf,data-set-9-files-31,1,email
EFTA00903571.pdf,data-set-9-files-31,2,email
EFTA00903573.pdf,data-set-9-files-31,2,email
EFTA00903575.pdf,data-set-9-files-31,1,email
EFTA00903576.pdf,data-set-9-files-31,2,email
EFTA00903578.pdf,data-set-9-files-31,3,email
EFTA00903581.pdf,data-set-9-files-31,4,email
EFTA00903585.pdf,data-set-9-files-31,4,email
EFTA00903589.pdf,data-set-9-files-31,1,email
EFTA00903590.pdf,data-set-9-files-31,4,email
EFTA00903594.pdf,data-set-9-files-31,4,email
EFTA00903598.pdf,data-set-9-files-31,2,email
EFTA00903600.pdf,data-set-9-files-31,1,other
EFTA00903601.pdf,data-set-9-files-31,4,email
EFTA00903605.pdf,data-set-9-files-31,1,other
EFTA00903606.pdf,data-set-9-files-31,1,email
EFTA00903607.pdf,data-set-9-files-31,1,email
EFTA00903608.pdf,data-set-9-files-31,1,email
EFTA00903609.pdf,data-set-9-files-31,1,email
EFTA00903610.pdf,data-set-9-files-31,1,email
EFTA00903611.pdf,data-set-9-files-31,1,email
EFTA00903612.pdf,data-set-9-files-31,1,email
EFTA00903613.pdf,data-set-9-files-31,1,email
EFTA00903614.pdf,data-set-9-files-31,1,email
EFTA00903615.pdf,data-set-9-files-31,2,email
EFTA00903617.pdf,data-set-9-files-31,1,email
EFTA00903618.pdf,data-set-9-files-31,1,email
EFTA00903619.pdf,data-set-9-files-31,2,email
EFTA00903621.pdf,data-set-9-files-31,2,email
EFTA00903623.pdf,data-set-9-files-31,1,email
EFTA00903624.pdf,data-set-9-files-31,1,email
EFTA00903625.pdf,data-set-9-files-31,2,email
EFTA00903627.pdf,data-set-9-files-31,3,email
EFTA00903630.pdf,data-set-9-files-31,1,email
EFTA00903631.pdf,data-set-9-files-31,1,email
EFTA00903632.pdf,data-set-9-files-31,1,email
EFTA00903633.pdf,data-set-9-files-31,1,email
EFTA00903634.pdf,data-set-9-files-31,1,email
EFTA00903635.pdf,data-set-9-files-31,1,email
EFTA00903636.pdf,data-set-9-files-31,4,email
EFTA00903640.pdf,data-set-9-files-31,1,email
EFTA00903641.pdf,data-set-9-files-31,1,email
EFTA00903642.pdf,data-set-9-files-31,1,email
EFTA00903643.pdf,data-set-9-files-31,1,email
EFTA00903644.pdf,data-set-9-files-31,1,email
EFTA00903645.pdf,data-set-9-files-31,2,email
EFTA00903647.pdf,data-set-9-files-31,2,email
EFTA00903649.pdf,data-set-9-files-31,1,email
EFTA00903650.pdf,data-set-9-files-31,1,email
EFTA00903651.pdf,data-set-9-files-31,1,email
EFTA00903652.pdf,data-set-9-files-31,1,email
EFTA00903653.pdf,data-set-9-files-31,1,email
EFTA00903654.pdf,data-set-9-files-31,1,email
EFTA00903655.pdf,data-set-9-files-31,1,email
EFTA00903656.pdf,data-set-9-files-31,4,email
EFTA00903660.pdf,data-set-9-files-31,1,email
EFTA00903661.pdf,data-set-9-files-31,2,email
EFTA00903663.pdf,data-set-9-files-31,1,email
EFTA00903664.pdf,data-set-9-files-31,2,email
EFTA00903666.pdf,data-set-9-files-31,1,other
EFTA00903667.pdf,data-set-9-files-31,1,other
EFTA00903668.pdf,data-set-9-files-31,1,email
EFTA00903669.pdf,data-set-9-files-31,1,email
EFTA00903670.pdf,data-set-9-files-31,1,email
EFTA00903671.pdf,data-set-9-files-31,1,email
EFTA00903672.pdf,data-set-9-files-31,1,email
EFTA00903673.pdf,data-set-9-files-31,2,email
EFTA00903675.pdf,data-set-9-files-31,1,email
EFTA00903676.pdf,data-set-9-files-31,1,email
EFTA00903677.pdf,data-set-9-files-31,1,email
EFTA00903678.pdf,data-set-9-files-31,2,email
EFTA00903680.pdf,data-set-9-files-31,2,email
EFTA00903682.pdf,data-set-9-files-31,1,email
EFTA00903683.pdf,data-set-9-files-31,2,email
EFTA00903685.pdf,data-set-9-files-31,1,email
EFTA00903686.pdf,data-set-9-files-31,1,email
EFTA00903687.pdf,data-set-9-files-31,1,email
EFTA00903688.pdf,data-set-9-files-31,1,email
EFTA00903689.pdf,data-set-9-files-31,1,email
EFTA00903690.pdf,data-set-9-files-31,1,email
EFTA00903691.pdf,data-set-9-files-31,1,email
EFTA00903692.pdf,data-set-9-files-31,1,email
EFTA00903693.pdf,data-set-9-files-31,1,email
EFTA00903694.pdf,data-set-9-files-31,1,email
EFTA00903695.pdf,data-set-9-files-31,2,email
EFTA00903697.pdf,data-set-9-files-31,1,email
EFTA00903698.pdf,data-set-9-files-31,2,email
EFTA00903700.pdf,data-set-9-files-31,1,email
EFTA00903701.pdf,data-set-9-files-31,1,email
EFTA00903702.pdf,data-set-9-files-31,1,email
EFTA00903703.pdf,data-set-9-files-31,1,email
EFTA00903704.pdf,data-set-9-files-31,1,email
EFTA00903705.pdf,data-set-9-files-31,1,email
EFTA00903706.pdf,data-set-9-files-31,2,email
EFTA00903708.pdf,data-set-9-files-31,2,email
EFTA00903710.pdf,data-set-9-files-31,1,email
EFTA00903711.pdf,data-set-9-files-31,2,email
EFTA00903713.pdf,data-set-9-files-31,2,email
EFTA00903715.pdf,data-set-9-files-31,1,email
EFTA00903716.pdf,data-set-9-files-31,2,email
EFTA00903718.pdf,data-set-9-files-31,2,email
EFTA00903720.pdf,data-set-9-files-31,1,email
EFTA00903721.pdf,data-set-9-files-31,2,email
EFTA00903723.pdf,data-set-9-files-31,1,email
EFTA00903724.pdf,data-set-9-files-31,3,email
EFTA00903727.pdf,data-set-9-files-31,2,email
EFTA00903729.pdf,data-set-9-files-31,1,email
EFTA00903730.pdf,data-set-9-files-31,1,email
EFTA00903731.pdf,data-set-9-files-31,1,email
EFTA00903732.pdf,data-set-9-files-31,1,email
EFTA00903733.pdf,data-set-9-files-31,1,email
EFTA00903734.pdf,data-set-9-files-31,1,email
EFTA00903735.pdf,data-set-9-files-31,1,email
EFTA00903736.pdf,data-set-9-files-31,1,email
EFTA00903737.pdf,data-set-9-files-31,1,email
EFTA00903738.pdf,data-set-9-files-31,1,email
EFTA00903739.pdf,data-set-9-files-31,1,email
EFTA00903740.pdf,data-set-9-files-31,1,email
EFTA00903741.pdf,data-set-9-files-31,2,email
EFTA00903743.pdf,data-set-9-files-31,2,email
EFTA00903745.pdf,data-set-9-files-31,1,email
EFTA00903746.pdf,data-set-9-files-31,1,email
EFTA00903747.pdf,data-set-9-files-31,1,email
EFTA00903748.pdf,data-set-9-files-31,1,email
EFTA00903749.pdf,data-set-9-files-31,6,email
EFTA00903755.pdf,data-set-9-files-31,1,email
EFTA00903756.pdf,data-set-9-files-31,1,email
EFTA00903757.pdf,data-set-9-files-31,2,email
EFTA00903759.pdf,data-set-9-files-31,1,email
EFTA00903760.pdf,data-set-9-files-31,1,other
EFTA00903761.pdf,data-set-9-files-31,2,email
EFTA00903763.pdf,data-set-9-files-31,3,email
EFTA00903766.pdf,data-set-9-files-31,2,email
EFTA00903768.pdf,data-set-9-files-31,2,email
EFTA00903770.pdf,data-set-9-files-31,1,email
EFTA00903771.pdf,data-set-9-files-31,3,email
EFTA00903774.pdf,data-set-9-files-31,2,email
EFTA00903776.pdf,data-set-9-files-31,1,email
EFTA00903777.pdf,data-set-9-files-31,1,email
EFTA00903778.pdf,data-set-9-files-31,1,email
EFTA00903779.pdf,data-set-9-files-31,1,email
EFTA00903780.pdf,data-set-9-files-31,2,email
EFTA00903782.pdf,data-set-9-files-31,4,email
EFTA00903786.pdf,data-set-9-files-31,1,email
EFTA00903787.pdf,data-set-9-files-31,1,email
EFTA00903788.pdf,data-set-9-files-31,1,email
EFTA00903789.pdf,data-set-9-files-31,3,email
EFTA00903792.pdf,data-set-9-files-31,1,email
EFTA00903793.pdf,data-set-9-files-31,1,email
EFTA00903794.pdf,data-set-9-files-31,2,email
EFTA00903796.pdf,data-set-9-files-31,1,email
EFTA00903797.pdf,data-set-9-files-31,1,email
EFTA00903798.pdf,data-set-9-files-31,1,email
EFTA00903799.pdf,data-set-9-files-31,1,email
EFTA00903800.pdf,data-set-9-files-31,1,email
EFTA00903801.pdf,data-set-9-files-31,5,email
EFTA00903806.pdf,data-set-9-files-31,1,email
EFTA00903807.pdf,data-set-9-files-31,4,email
EFTA00903811.pdf,data-set-9-files-31,5,email
EFTA00903816.pdf,data-set-9-files-31,1,email
EFTA00903817.pdf,data-set-9-files-31,1,email
EFTA00903818.pdf,data-set-9-files-31,2,email
EFTA00903820.pdf,data-set-9-files-31,2,email
EFTA00903822.pdf,data-set-9-files-31,1,email
EFTA00903823.pdf,data-set-9-files-31,2,email
EFTA00903825.pdf,data-set-9-files-31,1,email
EFTA00903826.pdf,data-set-9-files-31,3,email
EFTA00903829.pdf,data-set-9-files-31,1,email
EFTA00903830.pdf,data-set-9-files-31,2,email
EFTA00903832.pdf,data-set-9-files-31,1,email
EFTA00903833.pdf,data-set-9-files-31,7,email
EFTA00903840.pdf,data-set-9-files-31,8,email
EFTA00903848.pdf,data-set-9-files-31,1,email
EFTA00903849.pdf,data-set-9-files-31,2,email
EFTA00903851.pdf,data-set-9-files-31,1,email
EFTA00903852.pdf,data-set-9-files-31,1,email
EFTA00903853.pdf,data-set-9-files-31,1,email
EFTA00903854.pdf,data-set-9-files-31,1,email
EFTA00903855.pdf,data-set-9-files-31,1,email
EFTA00903856.pdf,data-set-9-files-31,2,email
EFTA00903858.pdf,data-set-9-files-31,1,email
EFTA00903859.pdf,data-set-9-files-31,1,email
EFTA00903860.pdf,data-set-9-files-31,3,email
EFTA00903863.pdf,data-set-9-files-31,3,email
EFTA00903866.pdf,data-set-9-files-31,4,email
EFTA00903870.pdf,data-set-9-files-31,3,email
EFTA00903873.pdf,data-set-9-files-31,1,email
EFTA00903874.pdf,data-set-9-files-31,1,email
EFTA00903875.pdf,data-set-9-files-31,1,email
EFTA00903876.pdf,data-set-9-files-31,1,email
EFTA00903877.pdf,data-set-9-files-31,1,email
EFTA00903878.pdf,data-set-9-files-31,1,email
EFTA00903879.pdf,data-set-9-files-31,2,email
EFTA00903881.pdf,data-set-9-files-31,1,email
EFTA00903882.pdf,data-set-9-files-31,1,email
EFTA00903883.pdf,data-set-9-files-31,1,email
EFTA00903884.pdf,data-set-9-files-31,1,email
EFTA00903885.pdf,data-set-9-files-31,1,email
EFTA00903886.pdf,data-set-9-files-31,1,email
EFTA00903887.pdf,data-set-9-files-31,2,email
EFTA00903889.pdf,data-set-9-files-31,1,email
EFTA00903890.pdf,data-set-9-files-31,1,email
EFTA00903891.pdf,data-set-9-files-31,1,email
EFTA00903892.pdf,data-set-9-files-31,2,email
EFTA00903894.pdf,data-set-9-files-31,2,email
EFTA00903896.pdf,data-set-9-files-31,4,email
EFTA00903900.pdf,data-set-9-files-31,1,email
EFTA00903901.pdf,data-set-9-files-31,1,email
EFTA00903902.pdf,data-set-9-files-31,2,email
EFTA00903904.pdf,data-set-9-files-31,2,email
EFTA00903906.pdf,data-set-9-files-31,1,email
EFTA00903907.pdf,data-set-9-files-31,1,email
EFTA00903908.pdf,data-set-9-files-31,1,other
EFTA00903909.pdf,data-set-9-files-31,1,email
EFTA00903910.pdf,data-set-9-files-31,2,email
EFTA00903912.pdf,data-set-9-files-31,1,email
EFTA00903913.pdf,data-set-9-files-31,2,email
EFTA00903915.pdf,data-set-9-files-31,1,email
EFTA00903916.pdf,data-set-9-files-31,1,email
EFTA00903917.pdf,data-set-9-files-31,1,email
EFTA00903918.pdf,data-set-9-files-31,1,email
EFTA00903919.pdf,data-set-9-files-31,1,email
EFTA00903920.pdf,data-set-9-files-31,1,email
EFTA00903921.pdf,data-set-9-files-31,1,email
EFTA00903922.pdf,data-set-9-files-31,1,email
EFTA00903923.pdf,data-set-9-files-31,1,email
EFTA00903924.pdf,data-set-9-files-31,1,email
EFTA00903925.pdf,data-set-9-files-31,1,email
EFTA00903926.pdf,data-set-9-files-31,1,email
EFTA00903927.pdf,data-set-9-files-31,1,email
EFTA00903928.pdf,data-set-9-files-31,2,email
EFTA00903930.pdf,data-set-9-files-31,1,email
EFTA00903931.pdf,data-set-9-files-31,2,email
EFTA00903933.pdf,data-set-9-files-31,2,email
EFTA00903935.pdf,data-set-9-files-31,1,email
EFTA00903936.pdf,data-set-9-files-31,1,email
EFTA00903937.pdf,data-set-9-files-31,2,email
EFTA00903939.pdf,data-set-9-files-31,2,email
EFTA00903941.pdf,data-set-9-files-31,2,email
EFTA00903943.pdf,data-set-9-files-31,1,email
EFTA00903944.pdf,data-set-9-files-31,1,email
EFTA00903945.pdf,data-set-9-files-31,1,email
EFTA00903946.pdf,data-set-9-files-31,2,email
EFTA00903948.pdf,data-set-9-files-31,1,other
EFTA00903949.pdf,data-set-9-files-31,1,email
EFTA00903950.pdf,data-set-9-files-31,1,other
EFTA00903951.pdf,data-set-9-files-31,2,email
EFTA00903953.pdf,data-set-9-files-31,2,email
EFTA00903955.pdf,data-set-9-files-31,1,email
EFTA00903956.pdf,data-set-9-files-31,1,email
EFTA00903957.pdf,data-set-9-files-31,1,email
EFTA00903958.pdf,data-set-9-files-31,2,email
EFTA00903960.pdf,data-set-9-files-31,1,email
EFTA00903961.pdf,data-set-9-files-31,1,email
EFTA00903962.pdf,data-set-9-files-31,2,email
EFTA00903964.pdf,data-set-9-files-31,1,email
EFTA00903965.pdf,data-set-9-files-31,3,email
EFTA00903968.pdf,data-set-9-files-31,1,other
EFTA00903969.pdf,data-set-9-files-31,2,email
EFTA00903971.pdf,data-set-9-files-31,1,email
EFTA00903972.pdf,data-set-9-files-31,3,email
EFTA00903975.pdf,data-set-9-files-31,2,email
EFTA00903977.pdf,data-set-9-files-31,1,email
EFTA00903978.pdf,data-set-9-files-31,2,email
EFTA00903980.pdf,data-set-9-files-31,1,email
EFTA00903981.pdf,data-set-9-files-31,3,email
EFTA00903984.pdf,data-set-9-files-31,2,email
EFTA00903986.pdf,data-set-9-files-31,1,email
EFTA00903987.pdf,data-set-9-files-31,2,email
EFTA00903989.pdf,data-set-9-files-31,3,email
EFTA00903992.pdf,data-set-9-files-31,2,email
EFTA00903994.pdf,data-set-9-files-31,1,email
EFTA00903995.pdf,data-set-9-files-31,1,email
EFTA00903996.pdf,data-set-9-files-31,1,email
EFTA00903997.pdf,data-set-9-files-31,3,email
EFTA00904000.pdf,data-set-9-files-31,1,email
EFTA00904001.pdf,data-set-9-files-31,1,email
EFTA00904002.pdf,data-set-9-files-31,2,email
EFTA00904004.pdf,data-set-9-files-31,2,email
EFTA00904006.pdf,data-set-9-files-31,1,email
EFTA00904007.pdf,data-set-9-files-31,1,email
EFTA00904008.pdf,data-set-9-files-31,2,email
EFTA00904010.pdf,data-set-9-files-31,2,email
EFTA00904012.pdf,data-set-9-files-31,1,email
EFTA00904013.pdf,data-set-9-files-31,1,email
EFTA00904014.pdf,data-set-9-files-31,1,email
EFTA00904015.pdf,data-set-9-files-31,1,email
EFTA00904016.pdf,data-set-9-files-31,1,email
EFTA00904017.pdf,data-set-9-files-31,2,email
EFTA00904019.pdf,data-set-9-files-31,1,email
EFTA00904020.pdf,data-set-9-files-31,1,email
EFTA00904021.pdf,data-set-9-files-31,1,email
EFTA00904022.pdf,data-set-9-files-31,2,email
EFTA00904024.pdf,data-set-9-files-31,1,email
EFTA00904025.pdf,data-set-9-files-31,1,email
EFTA00904026.pdf,data-set-9-files-31,1,email
EFTA00904027.pdf,data-set-9-files-31,2,email
EFTA00904029.pdf,data-set-9-files-31,2,email
EFTA00904031.pdf,data-set-9-files-31,3,email
EFTA00904034.pdf,data-set-9-files-31,1,email
EFTA00904035.pdf,data-set-9-files-31,1,email
EFTA00904036.pdf,data-set-9-files-31,2,email
EFTA00904038.pdf,data-set-9-files-31,1,email
EFTA00904039.pdf,data-set-9-files-31,3,email
EFTA00904042.pdf,data-set-9-files-31,3,email
EFTA00904045.pdf,data-set-9-files-31,1,email
EFTA00904046.pdf,data-set-9-files-31,1,email
EFTA00904047.pdf,data-set-9-files-31,1,email
EFTA00904048.pdf,data-set-9-files-31,1,email
EFTA00904049.pdf,data-set-9-files-31,1,email
EFTA00904050.pdf,data-set-9-files-31,1,email
EFTA00904051.pdf,data-set-9-files-31,1,email
EFTA00904052.pdf,data-set-9-files-31,1,email
EFTA00904053.pdf,data-set-9-files-31,1,email
EFTA00904054.pdf,data-set-9-files-31,1,email
EFTA00904055.pdf,data-set-9-files-31,1,email
EFTA00904056.pdf,data-set-9-files-31,1,email
EFTA00904057.pdf,data-set-9-files-31,1,email
EFTA00904058.pdf,data-set-9-files-31,1,email
EFTA00904059.pdf,data-set-9-files-31,1,email
EFTA00904060.pdf,data-set-9-files-31,4,email
EFTA00904064.pdf,data-set-9-files-31,1,email
EFTA00904065.pdf,data-set-9-files-31,1,other
EFTA00904066.pdf,data-set-9-files-31,1,other
EFTA00904067.pdf,data-set-9-files-31,5,email
EFTA00904072.pdf,data-set-9-files-31,1,email
EFTA00904073.pdf,data-set-9-files-31,1,email
EFTA00904074.pdf,data-set-9-files-31,1,email
EFTA00904075.pdf,data-set-9-files-31,1,email
EFTA00904076.pdf,data-set-9-files-31,1,email
EFTA00904077.pdf,data-set-9-files-31,1,email
EFTA00904078.pdf,data-set-9-files-31,1,email
EFTA00904079.pdf,data-set-9-files-31,2,email
EFTA00904081.pdf,data-set-9-files-31,1,other
EFTA00904082.pdf,data-set-9-files-31,1,email
EFTA00904083.pdf,data-set-9-files-31,1,email
EFTA00904084.pdf,data-set-9-files-31,2,email
EFTA00904086.pdf,data-set-9-files-31,1,email
EFTA00904087.pdf,data-set-9-files-31,2,email
EFTA00904089.pdf,data-set-9-files-31,3,email
EFTA00904092.pdf,data-set-9-files-31,1,email
EFTA00904093.pdf,data-set-9-files-31,3,email
EFTA00904096.pdf,data-set-9-files-31,1,other
EFTA00904097.pdf,data-set-9-files-31,1,email
EFTA00904098.pdf,data-set-9-files-31,1,email
EFTA00904099.pdf,data-set-9-files-31,1,email
EFTA00904100.pdf,data-set-9-files-31,1,other
EFTA00904101.pdf,data-set-9-files-31,1,email
EFTA00904102.pdf,data-set-9-files-31,1,other
EFTA00904103.pdf,data-set-9-files-31,3,email
EFTA00904106.pdf,data-set-9-files-31,1,email
EFTA00904107.pdf,data-set-9-files-31,1,email
EFTA00904108.pdf,data-set-9-files-31,1,email
EFTA00904109.pdf,data-set-9-files-31,1,email
EFTA00904110.pdf,data-set-9-files-31,1,email
EFTA00904111.pdf,data-set-9-files-31,2,email
EFTA00904113.pdf,data-set-9-files-31,1,email
EFTA00904114.pdf,data-set-9-files-31,1,email
EFTA00904115.pdf,data-set-9-files-31,4,email
EFTA00904119.pdf,data-set-9-files-31,1,other
EFTA00904120.pdf,data-set-9-files-31,1,email
EFTA00904121.pdf,data-set-9-files-31,1,email
EFTA00904122.pdf,data-set-9-files-31,1,email
EFTA00904123.pdf,data-set-9-files-31,2,email
EFTA00904125.pdf,data-set-9-files-31,1,email
EFTA00904126.pdf,data-set-9-files-31,1,email
EFTA00904127.pdf,data-set-9-files-31,1,email
EFTA00904128.pdf,data-set-9-files-31,1,email
EFTA00904129.pdf,data-set-9-files-31,1,email
EFTA00904130.pdf,data-set-9-files-31,1,email
EFTA00904131.pdf,data-set-9-files-31,1,email
EFTA00904132.pdf,data-set-9-files-31,2,email
EFTA00904134.pdf,data-set-9-files-31,2,email
EFTA00904136.pdf,data-set-9-files-31,1,email
EFTA00904137.pdf,data-set-9-files-31,1,email
EFTA00904138.pdf,data-set-9-files-31,2,email
EFTA00904140.pdf,data-set-9-files-31,1,email
EFTA00904141.pdf,data-set-9-files-31,1,email
EFTA00904142.pdf,data-set-9-files-31,1,email
EFTA00904143.pdf,data-set-9-files-31,1,email
EFTA00904144.pdf,data-set-9-files-31,1,email
EFTA00904145.pdf,data-set-9-files-31,1,email
EFTA00904146.pdf,data-set-9-files-31,1,email
EFTA00904147.pdf,data-set-9-files-31,2,email
EFTA00904149.pdf,data-set-9-files-31,2,email
EFTA00904151.pdf,data-set-9-files-31,1,email
EFTA00904152.pdf,data-set-9-files-31,1,email
EFTA00904153.pdf,data-set-9-files-31,1,email
EFTA00904154.pdf,data-set-9-files-31,1,email
EFTA00904155.pdf,data-set-9-files-31,1,email
EFTA00904156.pdf,data-set-9-files-31,1,email
EFTA00904157.pdf,data-set-9-files-31,2,email
EFTA00904159.pdf,data-set-9-files-31,1,email
EFTA00904160.pdf,data-set-9-files-31,1,email
EFTA00904161.pdf,data-set-9-files-31,1,email
EFTA00904162.pdf,data-set-9-files-31,1,email
EFTA00904163.pdf,data-set-9-files-31,4,email
EFTA00904167.pdf,data-set-9-files-31,2,email
EFTA00904169.pdf,data-set-9-files-31,1,email
EFTA00904170.pdf,data-set-9-files-31,1,email
EFTA00904171.pdf,data-set-9-files-31,1,email
EFTA00904172.pdf,data-set-9-files-31,1,email
EFTA00904173.pdf,data-set-9-files-31,1,email
EFTA00904174.pdf,data-set-9-files-31,2,email
EFTA00904176.pdf,data-set-9-files-31,1,email
EFTA00904177.pdf,data-set-9-files-31,1,email
EFTA00904178.pdf,data-set-9-files-31,1,email
EFTA00904179.pdf,data-set-9-files-31,1,email
EFTA00904180.pdf,data-set-9-files-31,2,email
EFTA00904182.pdf,data-set-9-files-31,1,email
EFTA00904183.pdf,data-set-9-files-31,1,email
EFTA00904184.pdf,data-set-9-files-31,1,email
EFTA00904185.pdf,data-set-9-files-31,1,email
EFTA00904186.pdf,data-set-9-files-31,1,email
EFTA00904187.pdf,data-set-9-files-31,1,email
EFTA00904188.pdf,data-set-9-files-31,1,email
EFTA00904189.pdf,data-set-9-files-31,1,email
EFTA00904190.pdf,data-set-9-files-31,1,email
EFTA00904191.pdf,data-set-9-files-31,2,email
EFTA00904193.pdf,data-set-9-files-31,2,email
EFTA00904195.pdf,data-set-9-files-31,1,email
EFTA00904196.pdf,data-set-9-files-31,2,email
EFTA00904198.pdf,data-set-9-files-31,1,email
EFTA00904199.pdf,data-set-9-files-31,1,email
EFTA00904200.pdf,data-set-9-files-31,1,other
EFTA00904201.pdf,data-set-9-files-31,1,other
EFTA00904202.pdf,data-set-9-files-31,1,email
EFTA00904203.pdf,data-set-9-files-31,1,other
EFTA00904204.pdf,data-set-9-files-31,1,other
EFTA00904205.pdf,data-set-9-files-31,1,email
EFTA00904206.pdf,data-set-9-files-31,1,email
EFTA00904207.pdf,data-set-9-files-31,1,email
EFTA00904208.pdf,data-set-9-files-31,2,email
EFTA00904210.pdf,data-set-9-files-31,1,other
EFTA00904211.pdf,data-set-9-files-31,1,email
EFTA00904212.pdf,data-set-9-files-31,1,email
EFTA00904213.pdf,data-set-9-files-31,1,email
EFTA00904214.pdf,data-set-9-files-31,1,email
EFTA00904215.pdf,data-set-9-files-31,1,email
EFTA00904216.pdf,data-set-9-files-31,1,email
EFTA00904217.pdf,data-set-9-files-31,1,email
EFTA00904218.pdf,data-set-9-files-31,1,email
EFTA00904219.pdf,data-set-9-files-31,1,email
EFTA00904220.pdf,data-set-9-files-31,1,email
EFTA00904221.pdf,data-set-9-files-31,1,email
EFTA00904222.pdf,data-set-9-files-31,1,email
EFTA00904223.pdf,data-set-9-files-31,1,email
EFTA00904224.pdf,data-set-9-files-31,1,email
EFTA00904225.pdf,data-set-9-files-31,1,email
EFTA00904226.pdf,data-set-9-files-31,1,email
EFTA00904227.pdf,data-set-9-files-31,1,email
EFTA00904228.pdf,data-set-9-files-31,1,email
EFTA00904229.pdf,data-set-9-files-31,1,email
EFTA00904230.pdf,data-set-9-files-31,1,email
EFTA00904231.pdf,data-set-9-files-31,1,email
EFTA00904232.pdf,data-set-9-files-31,1,email
EFTA00904233.pdf,data-set-9-files-31,1,email
EFTA00904234.pdf,data-set-9-files-31,1,email
EFTA00904235.pdf,data-set-9-files-31,1,email
EFTA00904236.pdf,data-set-9-files-31,1,email
EFTA00904237.pdf,data-set-9-files-31,1,email
EFTA00904238.pdf,data-set-9-files-31,1,email
EFTA00904239.pdf,data-set-9-files-31,1,email
EFTA00904240.pdf,data-set-9-files-31,1,email
EFTA00904241.pdf,data-set-9-files-31,1,email
EFTA00904242.pdf,data-set-9-files-31,1,email
EFTA00904243.pdf,data-set-9-files-31,1,email
EFTA00904244.pdf,data-set-9-files-31,2,email
EFTA00904246.pdf,data-set-9-files-31,1,email
EFTA00904247.pdf,data-set-9-files-31,1,email
EFTA00904248.pdf,data-set-9-files-31,2,email
EFTA00904250.pdf,data-set-9-files-31,2,email
EFTA00904252.pdf,data-set-9-files-31,2,email
EFTA00904254.pdf,data-set-9-files-31,1,email
EFTA00904255.pdf,data-set-9-files-31,1,email
EFTA00904256.pdf,data-set-9-files-31,1,email
EFTA00904257.pdf,data-set-9-files-31,2,email
EFTA00904259.pdf,data-set-9-files-31,2,email
EFTA00904261.pdf,data-set-9-files-31,1,email
EFTA00904262.pdf,data-set-9-files-31,1,other
EFTA00904263.pdf,data-set-9-files-31,1,email
EFTA00904264.pdf,data-set-9-files-31,1,other
EFTA00904265.pdf,data-set-9-files-31,1,email
EFTA00904266.pdf,data-set-9-files-31,3,email
EFTA00904269.pdf,data-set-9-files-31,3,email
EFTA00904272.pdf,data-set-9-files-31,1,email
EFTA00904273.pdf,data-set-9-files-31,3,email
EFTA00904276.pdf,data-set-9-files-31,3,email
EFTA00904279.pdf,data-set-9-files-31,1,email
EFTA00904280.pdf,data-set-9-files-31,1,other
EFTA00904281.pdf,data-set-9-files-31,1,other
EFTA00904282.pdf,data-set-9-files-31,1,other
EFTA00904283.pdf,data-set-9-files-31,1,email
EFTA00904284.pdf,data-set-9-files-31,1,email
EFTA00904285.pdf,data-set-9-files-31,2,email
EFTA00904287.pdf,data-set-9-files-31,1,email
EFTA00904288.pdf,data-set-9-files-31,1,email
EFTA00904289.pdf,data-set-9-files-31,1,email
EFTA00904290.pdf,data-set-9-files-31,1,email
EFTA00904291.pdf,data-set-9-files-31,1,email
EFTA00904292.pdf,data-set-9-files-31,1,email
EFTA00904293.pdf,data-set-9-files-31,1,email
EFTA00904294.pdf,data-set-9-files-31,2,email
EFTA00904296.pdf,data-set-9-files-31,2,email
EFTA00904298.pdf,data-set-9-files-31,2,email
EFTA00904300.pdf,data-set-9-files-31,1,email
EFTA00904301.pdf,data-set-9-files-31,1,email
EFTA00904302.pdf,data-set-9-files-31,1,email
EFTA00904303.pdf,data-set-9-files-31,1,other
EFTA00904304.pdf,data-set-9-files-31,1,email
EFTA00904305.pdf,data-set-9-files-31,1,email
EFTA00904306.pdf,data-set-9-files-31,3,email
EFTA00904309.pdf,data-set-9-files-31,2,email
EFTA00904311.pdf,data-set-9-files-31,1,email
EFTA00904312.pdf,data-set-9-files-31,2,email
EFTA00904314.pdf,data-set-9-files-31,1,email
EFTA00904315.pdf,data-set-9-files-31,1,email
EFTA00904316.pdf,data-set-9-files-31,1,email
EFTA00904317.pdf,data-set-9-files-31,1,email
EFTA00904318.pdf,data-set-9-files-31,2,email
EFTA00904320.pdf,data-set-9-files-31,3,email
EFTA00904323.pdf,data-set-9-files-31,1,email
EFTA00904324.pdf,data-set-9-files-31,2,email
EFTA00904326.pdf,data-set-9-files-31,1,email
EFTA00904327.pdf,data-set-9-files-31,1,email
EFTA00904328.pdf,data-set-9-files-31,2,email
EFTA00904330.pdf,data-set-9-files-31,3,email
EFTA00904333.pdf,data-set-9-files-31,1,email
EFTA00904334.pdf,data-set-9-files-31,1,email
EFTA00904335.pdf,data-set-9-files-31,2,email
EFTA00904337.pdf,data-set-9-files-31,1,email
EFTA00904338.pdf,data-set-9-files-31,1,email
EFTA00904339.pdf,data-set-9-files-31,1,email
EFTA00904340.pdf,data-set-9-files-31,1,email
EFTA00904341.pdf,data-set-9-files-31,6,email
EFTA00904347.pdf,data-set-9-files-31,1,email
EFTA00904348.pdf,data-set-9-files-31,6,email
EFTA00904354.pdf,data-set-9-files-31,2,email
EFTA00904356.pdf,data-set-9-files-31,2,email
EFTA00904358.pdf,data-set-9-files-31,1,email
EFTA00904359.pdf,data-set-9-files-31,1,email
EFTA00904360.pdf,data-set-9-files-31,1,email
EFTA00904361.pdf,data-set-9-files-31,1,email
EFTA00904362.pdf,data-set-9-files-31,1,email
EFTA00904363.pdf,data-set-9-files-31,1,email
EFTA00904364.pdf,data-set-9-files-31,2,email
EFTA00904366.pdf,data-set-9-files-31,1,email
EFTA00904367.pdf,data-set-9-files-31,2,email
EFTA00904369.pdf,data-set-9-files-31,1,email
EFTA00904370.pdf,data-set-9-files-31,1,email
EFTA00904371.pdf,data-set-9-files-31,2,email
EFTA00904373.pdf,data-set-9-files-31,2,email
EFTA00904375.pdf,data-set-9-files-31,1,email
EFTA00904376.pdf,data-set-9-files-31,1,email
EFTA00904377.pdf,data-set-9-files-31,1,email
EFTA00904378.pdf,data-set-9-files-31,1,email
EFTA00904379.pdf,data-set-9-files-31,1,email
EFTA00904380.pdf,data-set-9-files-31,2,email
EFTA00904382.pdf,data-set-9-files-31,2,email
EFTA00904384.pdf,data-set-9-files-31,2,email
EFTA00904386.pdf,data-set-9-files-31,2,email
EFTA00904388.pdf,data-set-9-files-31,1,email
EFTA00904389.pdf,data-set-9-files-31,1,email
EFTA00904390.pdf,data-set-9-files-31,1,email
EFTA00904391.pdf,data-set-9-files-31,1,email
EFTA00904392.pdf,data-set-9-files-31,1,email
EFTA00904393.pdf,data-set-9-files-31,1,email
EFTA00904394.pdf,data-set-9-files-31,1,email
EFTA00904395.pdf,data-set-9-files-31,1,email
EFTA00904396.pdf,data-set-9-files-31,2,email
EFTA00904398.pdf,data-set-9-files-31,2,email
EFTA00904400.pdf,data-set-9-files-31,2,email
EFTA00904402.pdf,data-set-9-files-31,1,email
EFTA00904403.pdf,data-set-9-files-31,1,email
EFTA00904404.pdf,data-set-9-files-31,2,email
EFTA00904406.pdf,data-set-9-files-31,2,email
EFTA00904408.pdf,data-set-9-files-31,1,email
EFTA00904409.pdf,data-set-9-files-31,1,email
EFTA00904410.pdf,data-set-9-files-31,2,email
EFTA00904412.pdf,data-set-9-files-31,1,email
EFTA00904413.pdf,data-set-9-files-31,1,email
EFTA00904414.pdf,data-set-9-files-31,3,email
EFTA00904417.pdf,data-set-9-files-31,2,email
EFTA00904419.pdf,data-set-9-files-31,2,email
EFTA00904421.pdf,data-set-9-files-31,1,email
EFTA00904422.pdf,data-set-9-files-31,1,other
EFTA00904423.pdf,data-set-9-files-31,2,email
EFTA00904425.pdf,data-set-9-files-31,1,email
EFTA00904426.pdf,data-set-9-files-31,1,email
EFTA00904427.pdf,data-set-9-files-31,1,email
EFTA00904428.pdf,data-set-9-files-31,1,email
EFTA00904429.pdf,data-set-9-files-31,1,email
EFTA00904430.pdf,data-set-9-files-31,1,email
EFTA00904431.pdf,data-set-9-files-31,2,email
EFTA00904433.pdf,data-set-9-files-31,1,email
EFTA00904434.pdf,data-set-9-files-31,1,other
EFTA00904435.pdf,data-set-9-files-31,1,email
EFTA00904436.pdf,data-set-9-files-31,1,other
EFTA00904437.pdf,data-set-9-files-31,1,email
EFTA00904438.pdf,data-set-9-files-31,2,email
EFTA00904440.pdf,data-set-9-files-31,1,email
EFTA00904441.pdf,data-set-9-files-31,1,email
EFTA00904442.pdf,data-set-9-files-31,1,email
EFTA00904443.pdf,data-set-9-files-31,1,email
EFTA00904444.pdf,data-set-9-files-31,1,email
EFTA00904445.pdf,data-set-9-files-31,1,email
EFTA00904446.pdf,data-set-9-files-31,2,email
EFTA00904448.pdf,data-set-9-files-31,2,email
EFTA00904450.pdf,data-set-9-files-31,1,email
EFTA00904451.pdf,data-set-9-files-31,1,email
EFTA00904452.pdf,data-set-9-files-31,1,email
EFTA00904453.pdf,data-set-9-files-31,1,email
EFTA00904454.pdf,data-set-9-files-31,1,email
EFTA00904455.pdf,data-set-9-files-31,2,email
EFTA00904457.pdf,data-set-9-files-31,1,email
EFTA00904458.pdf,data-set-9-files-31,1,email
EFTA00904459.pdf,data-set-9-files-31,1,email
EFTA00904460.pdf,data-set-9-files-31,1,email
EFTA00904461.pdf,data-set-9-files-31,1,email
EFTA00904462.pdf,data-set-9-files-31,1,email
EFTA00904463.pdf,data-set-9-files-31,1,email
EFTA00904464.pdf,data-set-9-files-31,1,email
EFTA00904465.pdf,data-set-9-files-31,2,email
EFTA00904467.pdf,data-set-9-files-31,1,email
EFTA00904468.pdf,data-set-9-files-31,1,email
EFTA00904469.pdf,data-set-9-files-31,2,email
EFTA00904471.pdf,data-set-9-files-31,1,email
EFTA00904472.pdf,data-set-9-files-31,1,email
EFTA00904473.pdf,data-set-9-files-31,1,email
EFTA00904474.pdf,data-set-9-files-31,2,email
EFTA00904476.pdf,data-set-9-files-31,1,email
EFTA00904477.pdf,data-set-9-files-31,2,email
EFTA00904479.pdf,data-set-9-files-31,1,email
EFTA00904480.pdf,data-set-9-files-31,2,email
EFTA00904482.pdf,data-set-9-files-31,2,email
EFTA00904484.pdf,data-set-9-files-31,1,other
EFTA00904485.pdf,data-set-9-files-31,1,email
EFTA00904486.pdf,data-set-9-files-31,1,email
EFTA00904487.pdf,data-set-9-files-31,3,email
EFTA00904490.pdf,data-set-9-files-31,1,email
EFTA00904491.pdf,data-set-9-files-31,1,email
EFTA00904492.pdf,data-set-9-files-31,1,email
EFTA00904493.pdf,data-set-9-files-31,2,email
EFTA00904495.pdf,data-set-9-files-31,1,email
EFTA00904496.pdf,data-set-9-files-31,1,other
EFTA00904497.pdf,data-set-9-files-31,1,email
EFTA00904498.pdf,data-set-9-files-31,1,email
EFTA00904499.pdf,data-set-9-files-31,1,other
EFTA00904500.pdf,data-set-9-files-31,1,email
EFTA00904501.pdf,data-set-9-files-31,1,email
EFTA00904502.pdf,data-set-9-files-31,1,email
EFTA00904503.pdf,data-set-9-files-31,1,email
EFTA00904504.pdf,data-set-9-files-31,1,email
EFTA00904505.pdf,data-set-9-files-31,3,email
EFTA00904508.pdf,data-set-9-files-31,1,email
EFTA00904509.pdf,data-set-9-files-31,1,email
EFTA00904510.pdf,data-set-9-files-31,3,email
EFTA00904513.pdf,data-set-9-files-31,1,other
EFTA00904514.pdf,data-set-9-files-31,1,email
EFTA00904515.pdf,data-set-9-files-31,3,email
EFTA00904518.pdf,data-set-9-files-31,1,email
EFTA00904519.pdf,data-set-9-files-31,1,other
EFTA00904520.pdf,data-set-9-files-31,1,email
EFTA00904521.pdf,data-set-9-files-31,1,email
EFTA00904522.pdf,data-set-9-files-31,2,email
EFTA00904524.pdf,data-set-9-files-31,1,other
EFTA00904525.pdf,data-set-9-files-31,1,other
EFTA00904526.pdf,data-set-9-files-31,1,email
EFTA00904527.pdf,data-set-9-files-31,1,email
EFTA00904528.pdf,data-set-9-files-31,1,email
EFTA00904529.pdf,data-set-9-files-31,1,email
EFTA00904530.pdf,data-set-9-files-31,2,email
EFTA00904532.pdf,data-set-9-files-31,1,email
EFTA00904533.pdf,data-set-9-files-31,1,email
EFTA00904534.pdf,data-set-9-files-31,1,email
EFTA00904535.pdf,data-set-9-files-31,3,email
EFTA00904538.pdf,data-set-9-files-31,1,email
EFTA00904539.pdf,data-set-9-files-31,1,email
EFTA00904540.pdf,data-set-9-files-31,1,email
EFTA00904541.pdf,data-set-9-files-31,1,email
EFTA00904542.pdf,data-set-9-files-31,1,email
EFTA00904543.pdf,data-set-9-files-31,1,email
EFTA00904544.pdf,data-set-9-files-31,1,email
EFTA00904545.pdf,data-set-9-files-31,4,email
EFTA00904549.pdf,data-set-9-files-31,1,email
EFTA00904550.pdf,data-set-9-files-31,1,email
EFTA00904551.pdf,data-set-9-files-31,1,email
EFTA00904552.pdf,data-set-9-files-31,1,email
EFTA00904553.pdf,data-set-9-files-31,1,email
EFTA00904554.pdf,data-set-9-files-31,1,email
EFTA00904555.pdf,data-set-9-files-31,1,email
EFTA00904556.pdf,data-set-9-files-31,1,email
EFTA00904557.pdf,data-set-9-files-31,1,email
EFTA00904558.pdf,data-set-9-files-31,1,email
EFTA00904559.pdf,data-set-9-files-31,1,email
EFTA00904560.pdf,data-set-9-files-31,2,email
EFTA00904562.pdf,data-set-9-files-31,1,email
EFTA00904563.pdf,data-set-9-files-31,1,email
EFTA00904564.pdf,data-set-9-files-31,1,other
EFTA00904565.pdf,data-set-9-files-31,1,email
EFTA00904566.pdf,data-set-9-files-31,1,email
EFTA00904567.pdf,data-set-9-files-31,1,email
EFTA00904568.pdf,data-set-9-files-31,1,email
EFTA00904569.pdf,data-set-9-files-31,2,email
EFTA00904571.pdf,data-set-9-files-31,1,email
EFTA00904572.pdf,data-set-9-files-31,3,email
EFTA00904575.pdf,data-set-9-files-31,1,email
EFTA00904576.pdf,data-set-9-files-31,1,other
EFTA00904577.pdf,data-set-9-files-31,1,other
EFTA00904578.pdf,data-set-9-files-31,2,email
EFTA00904580.pdf,data-set-9-files-31,1,email
EFTA00904581.pdf,data-set-9-files-31,2,email
EFTA00904583.pdf,data-set-9-files-31,1,other
EFTA00904584.pdf,data-set-9-files-31,1,other
EFTA00904585.pdf,data-set-9-files-31,1,email
EFTA00904586.pdf,data-set-9-files-31,1,email
EFTA00904587.pdf,data-set-9-files-31,3,email
EFTA00904590.pdf,data-set-9-files-31,2,email
EFTA00904592.pdf,data-set-9-files-31,1,email
EFTA00904593.pdf,data-set-9-files-31,3,email
EFTA00904596.pdf,data-set-9-files-31,1,email
EFTA00904597.pdf,data-set-9-files-31,1,email
EFTA00904598.pdf,data-set-9-files-31,1,other
EFTA00904599.pdf,data-set-9-files-31,1,email
EFTA00904600.pdf,data-set-9-files-31,1,email
EFTA00904601.pdf,data-set-9-files-31,1,email
EFTA00904602.pdf,data-set-9-files-31,1,email
EFTA00904603.pdf,data-set-9-files-31,1,other
EFTA00904604.pdf,data-set-9-files-31,2,email
EFTA00904606.pdf,data-set-9-files-31,3,email
EFTA00904609.pdf,data-set-9-files-31,1,email
EFTA00904610.pdf,data-set-9-files-31,1,email
EFTA00904611.pdf,data-set-9-files-31,1,email
EFTA00904612.pdf,data-set-9-files-31,1,email
EFTA00904613.pdf,data-set-9-files-31,1,email
EFTA00904614.pdf,data-set-9-files-31,1,email
EFTA00904615.pdf,data-set-9-files-31,5,email
EFTA00904620.pdf,data-set-9-files-31,5,email
EFTA00904625.pdf,data-set-9-files-31,1,email
EFTA00904626.pdf,data-set-9-files-31,1,other
EFTA00904627.pdf,data-set-9-files-31,1,email
EFTA00904628.pdf,data-set-9-files-31,1,email
EFTA00904629.pdf,data-set-9-files-31,1,email
EFTA00904630.pdf,data-set-9-files-31,1,email
EFTA00904631.pdf,data-set-9-files-31,1,other
EFTA00904632.pdf,data-set-9-files-31,1,other
EFTA00904633.pdf,data-set-9-files-31,1,other
EFTA00904634.pdf,data-set-9-files-31,1,other
EFTA00904635.pdf,data-set-9-files-31,1,email
EFTA00904636.pdf,data-set-9-files-31,1,email
EFTA00904637.pdf,data-set-9-files-31,1,email
EFTA00904638.pdf,data-set-9-files-31,1,email
EFTA00904639.pdf,data-set-9-files-31,2,email
EFTA00904641.pdf,data-set-9-files-31,1,email
EFTA00904642.pdf,data-set-9-files-31,2,email
EFTA00904644.pdf,data-set-9-files-31,1,email
EFTA00904645.pdf,data-set-9-files-31,1,email
EFTA00904646.pdf,data-set-9-files-31,1,email
EFTA00904647.pdf,data-set-9-files-31,2,email
EFTA00904649.pdf,data-set-9-files-31,1,email
EFTA00904650.pdf,data-set-9-files-31,1,email
EFTA00904651.pdf,data-set-9-files-31,1,email
EFTA00904652.pdf,data-set-9-files-31,2,email
EFTA00904654.pdf,data-set-9-files-31,2,email
EFTA00904656.pdf,data-set-9-files-31,1,email
EFTA00904657.pdf,data-set-9-files-31,2,email
EFTA00904659.pdf,data-set-9-files-31,1,other
EFTA00904660.pdf,data-set-9-files-31,1,email
EFTA00904661.pdf,data-set-9-files-31,1,email
EFTA00904662.pdf,data-set-9-files-31,1,email
EFTA00904663.pdf,data-set-9-files-31,1,email
EFTA00904664.pdf,data-set-9-files-31,1,email
EFTA00904665.pdf,data-set-9-files-31,1,email
EFTA00904666.pdf,data-set-9-files-31,1,email
EFTA00904667.pdf,data-set-9-files-31,1,email
EFTA00904668.pdf,data-set-9-files-31,1,email
EFTA00904669.pdf,data-set-9-files-31,1,email
EFTA00904670.pdf,data-set-9-files-31,1,email
EFTA00904671.pdf,data-set-9-files-31,2,email
EFTA00904673.pdf,data-set-9-files-31,1,email
EFTA00904674.pdf,data-set-9-files-31,1,email
EFTA00904675.pdf,data-set-9-files-31,6,email
EFTA00904681.pdf,data-set-9-files-31,1,other
EFTA00904682.pdf,data-set-9-files-31,1,email
EFTA00904683.pdf,data-set-9-files-31,2,email
EFTA00904685.pdf,data-set-9-files-31,1,other
EFTA00904686.pdf,data-set-9-files-31,1,other
EFTA00904687.pdf,data-set-9-files-31,1,other
EFTA00904688.pdf,data-set-9-files-31,1,email
EFTA00904689.pdf,data-set-9-files-31,1,email
EFTA00904690.pdf,data-set-9-files-31,1,email
EFTA00904691.pdf,data-set-9-files-31,1,other
EFTA00904692.pdf,data-set-9-files-31,1,email
EFTA00904693.pdf,data-set-9-files-31,2,email
EFTA00904695.pdf,data-set-9-files-31,2,email
EFTA00904697.pdf,data-set-9-files-31,1,email
EFTA00904698.pdf,data-set-9-files-31,2,email
EFTA00904700.pdf,data-set-9-files-31,1,other
EFTA00904701.pdf,data-set-9-files-31,1,email
EFTA00904702.pdf,data-set-9-files-31,2,email
EFTA00904704.pdf,data-set-9-files-31,2,email
EFTA00904706.pdf,data-set-9-files-31,3,email
EFTA00904709.pdf,data-set-9-files-31,4,email
EFTA00904713.pdf,data-set-9-files-31,1,email
EFTA00904714.pdf,data-set-9-files-31,2,email
EFTA00904716.pdf,data-set-9-files-31,4,email
EFTA00904720.pdf,data-set-9-files-31,1,other
EFTA00904721.pdf,data-set-9-files-31,1,email
EFTA00904722.pdf,data-set-9-files-31,1,email
EFTA00904723.pdf,data-set-9-files-31,1,email
EFTA00904724.pdf,data-set-9-files-31,1,other
EFTA00904725.pdf,data-set-9-files-31,1,email
EFTA00904726.pdf,data-set-9-files-31,2,email
EFTA00904728.pdf,data-set-9-files-31,1,other
EFTA00904729.pdf,data-set-9-files-31,1,email
EFTA00904730.pdf,data-set-9-files-31,1,email
EFTA00904731.pdf,data-set-9-files-31,1,email
EFTA00904732.pdf,data-set-9-files-31,1,email
EFTA00904733.pdf,data-set-9-files-31,2,email
EFTA00904735.pdf,data-set-9-files-31,1,email
EFTA00904736.pdf,data-set-9-files-31,2,email
EFTA00904738.pdf,data-set-9-files-31,1,email
EFTA00904739.pdf,data-set-9-files-31,2,email
EFTA00904741.pdf,data-set-9-files-31,1,email
EFTA00904742.pdf,data-set-9-files-31,1,email
EFTA00904743.pdf,data-set-9-files-31,1,email
EFTA00904744.pdf,data-set-9-files-31,2,email
EFTA00904746.pdf,data-set-9-files-31,3,email
EFTA00904749.pdf,data-set-9-files-31,1,email
EFTA00904750.pdf,data-set-9-files-31,1,email
EFTA00904751.pdf,data-set-9-files-31,1,email
EFTA00904752.pdf,data-set-9-files-31,2,email
EFTA00904754.pdf,data-set-9-files-31,1,email
EFTA00904755.pdf,data-set-9-files-31,1,email
EFTA00904756.pdf,data-set-9-files-31,1,other
EFTA00904757.pdf,data-set-9-files-31,1,email
EFTA00904758.pdf,data-set-9-files-31,1,email
EFTA00904759.pdf,data-set-9-files-31,1,email
EFTA00904760.pdf,data-set-9-files-31,1,other
EFTA00904761.pdf,data-set-9-files-31,1,email
EFTA00904762.pdf,data-set-9-files-31,1,email
EFTA00904763.pdf,data-set-9-files-31,1,email
EFTA00904764.pdf,data-set-9-files-31,1,email
EFTA00904765.pdf,data-set-9-files-31,1,email
EFTA00904766.pdf,data-set-9-files-31,1,email
EFTA00904767.pdf,data-set-9-files-31,1,email
EFTA00904768.pdf,data-set-9-files-31,1,email
EFTA00904769.pdf,data-set-9-files-31,1,email
EFTA00904770.pdf,data-set-9-files-31,1,email
EFTA00904771.pdf,data-set-9-files-31,1,email
EFTA00904772.pdf,data-set-9-files-31,1,email
EFTA00904773.pdf,data-set-9-files-31,2,email
EFTA00904775.pdf,data-set-9-files-31,2,email
EFTA00904777.pdf,data-set-9-files-31,1,email
EFTA00904778.pdf,data-set-9-files-31,3,email
EFTA00904781.pdf,data-set-9-files-31,1,email
EFTA00904782.pdf,data-set-9-files-31,2,email
EFTA00904784.pdf,data-set-9-files-31,1,email
EFTA00904785.pdf,data-set-9-files-31,1,email
EFTA00904786.pdf,data-set-9-files-31,2,email
EFTA00904788.pdf,data-set-9-files-31,2,email
EFTA00904790.pdf,data-set-9-files-31,1,email
EFTA00904791.pdf,data-set-9-files-31,1,email
EFTA00904792.pdf,data-set-9-files-31,3,email
EFTA00904795.pdf,data-set-9-files-31,2,email
EFTA00904797.pdf,data-set-9-files-31,1,email
EFTA00904798.pdf,data-set-9-files-31,1,email
EFTA00904799.pdf,data-set-9-files-31,2,email
EFTA00904801.pdf,data-set-9-files-31,2,email
EFTA00904803.pdf,data-set-9-files-31,1,email
EFTA00904804.pdf,data-set-9-files-31,1,email
EFTA00904805.pdf,data-set-9-files-31,2,email
EFTA00904807.pdf,data-set-9-files-31,3,email
EFTA00904810.pdf,data-set-9-files-31,2,email
EFTA00904812.pdf,data-set-9-files-31,1,email
EFTA00904813.pdf,data-set-9-files-31,1,email
EFTA00904814.pdf,data-set-9-files-31,1,email
EFTA00904815.pdf,data-set-9-files-31,1,email
EFTA00904816.pdf,data-set-9-files-31,3,email
EFTA00904819.pdf,data-set-9-files-31,1,email
EFTA00904820.pdf,data-set-9-files-31,1,email
EFTA00904821.pdf,data-set-9-files-31,1,email
EFTA00904822.pdf,data-set-9-files-31,1,email
EFTA00904823.pdf,data-set-9-files-31,1,email
EFTA00904824.pdf,data-set-9-files-31,1,email
EFTA00904825.pdf,data-set-9-files-31,1,email
EFTA00904826.pdf,data-set-9-files-31,1,email
EFTA00904827.pdf,data-set-9-files-31,2,email
EFTA00904829.pdf,data-set-9-files-31,2,email
EFTA00904831.pdf,data-set-9-files-31,3,email
EFTA00904834.pdf,data-set-9-files-31,1,email
EFTA00904835.pdf,data-set-9-files-31,1,email
EFTA00904836.pdf,data-set-9-files-31,1,email
EFTA00904837.pdf,data-set-9-files-31,1,other
EFTA00904838.pdf,data-set-9-files-31,1,email
EFTA00904839.pdf,data-set-9-files-31,1,email
EFTA00904840.pdf,data-set-9-files-31,1,other
EFTA00904841.pdf,data-set-9-files-31,2,email
EFTA00904843.pdf,data-set-9-files-31,1,email
EFTA00904844.pdf,data-set-9-files-31,1,email
EFTA00904845.pdf,data-set-9-files-31,1,email
EFTA00904846.pdf,data-set-9-files-31,2,email
EFTA00904848.pdf,data-set-9-files-31,1,other
EFTA00904849.pdf,data-set-9-files-31,2,email
EFTA00904851.pdf,data-set-9-files-31,2,email
EFTA00904853.pdf,data-set-9-files-31,1,other
EFTA00904854.pdf,data-set-9-files-31,1,email
EFTA00904855.pdf,data-set-9-files-31,1,email
EFTA00904856.pdf,data-set-9-files-31,2,email
EFTA00904858.pdf,data-set-9-files-31,1,email
EFTA00904859.pdf,data-set-9-files-31,1,email
EFTA00904860.pdf,data-set-9-files-31,1,email
EFTA00904861.pdf,data-set-9-files-31,1,email
EFTA00904862.pdf,data-set-9-files-31,1,email
EFTA00904863.pdf,data-set-9-files-31,1,email
EFTA00904864.pdf,data-set-9-files-31,1,email
EFTA00904865.pdf,data-set-9-files-31,1,email
EFTA00904866.pdf,data-set-9-files-31,1,email
EFTA00904867.pdf,data-set-9-files-31,1,email
EFTA00904868.pdf,data-set-9-files-31,3,email
EFTA00904871.pdf,data-set-9-files-31,1,email
EFTA00904872.pdf,data-set-9-files-31,2,email
EFTA00904874.pdf,data-set-9-files-31,2,email
EFTA00904876.pdf,data-set-9-files-31,2,email
EFTA00904878.pdf,data-set-9-files-31,1,email
EFTA00904879.pdf,data-set-9-files-31,1,email
EFTA00904880.pdf,data-set-9-files-31,1,email
EFTA00904881.pdf,data-set-9-files-31,1,email
EFTA00904882.pdf,data-set-9-files-31,2,email
EFTA00904884.pdf,data-set-9-files-31,1,email
EFTA00904885.pdf,data-set-9-files-31,2,email
EFTA00904887.pdf,data-set-9-files-31,2,email
EFTA00904889.pdf,data-set-9-files-31,1,email
EFTA00904890.pdf,data-set-9-files-31,1,email
EFTA00904891.pdf,data-set-9-files-31,1,email
EFTA00904892.pdf,data-set-9-files-31,2,email
EFTA00904894.pdf,data-set-9-files-31,1,email
EFTA00904895.pdf,data-set-9-files-31,1,other
EFTA00904896.pdf,data-set-9-files-31,2,email
EFTA00904898.pdf,data-set-9-files-31,1,other
EFTA00904899.pdf,data-set-9-files-31,2,email
EFTA00904901.pdf,data-set-9-files-31,1,other
EFTA00904902.pdf,data-set-9-files-31,1,email
EFTA00904903.pdf,data-set-9-files-31,1,email
EFTA00904904.pdf,data-set-9-files-31,2,email
EFTA00904906.pdf,data-set-9-files-31,2,email
EFTA00904908.pdf,data-set-9-files-31,1,email
EFTA00904909.pdf,data-set-9-files-31,1,email
EFTA00904910.pdf,data-set-9-files-31,1,email
EFTA00904911.pdf,data-set-9-files-31,2,email
EFTA00904913.pdf,data-set-9-files-31,2,email
EFTA00904915.pdf,data-set-9-files-31,1,other
EFTA00904916.pdf,data-set-9-files-31,1,other
EFTA00904917.pdf,data-set-9-files-31,1,email
EFTA00904918.pdf,data-set-9-files-31,1,email
EFTA00904919.pdf,data-set-9-files-31,1,email
EFTA00904920.pdf,data-set-9-files-31,1,email
EFTA00904921.pdf,data-set-9-files-31,1,email
EFTA00904922.pdf,data-set-9-files-31,1,email
EFTA00904923.pdf,data-set-9-files-31,1,other
EFTA00904924.pdf,data-set-9-files-31,1,other
EFTA00904925.pdf,data-set-9-files-31,2,email
EFTA00904927.pdf,data-set-9-files-31,1,email
EFTA00904928.pdf,data-set-9-files-31,1,email
EFTA00904929.pdf,data-set-9-files-31,1,email
EFTA00904930.pdf,data-set-9-files-31,1,other
EFTA00904931.pdf,data-set-9-files-31,4,email
EFTA00904935.pdf,data-set-9-files-31,1,email
EFTA00904936.pdf,data-set-9-files-31,2,email
EFTA00904938.pdf,data-set-9-files-31,1,email
EFTA00904939.pdf,data-set-9-files-31,1,email
EFTA00904940.pdf,data-set-9-files-31,2,email
EFTA00904942.pdf,data-set-9-files-31,1,email
EFTA00904943.pdf,data-set-9-files-31,1,email
EFTA00904944.pdf,data-set-9-files-31,1,email
EFTA00904945.pdf,data-set-9-files-31,1,email
EFTA00904946.pdf,data-set-9-files-31,1,email
EFTA00904947.pdf,data-set-9-files-31,1,email
EFTA00904948.pdf,data-set-9-files-31,2,email
EFTA00904950.pdf,data-set-9-files-31,1,email
EFTA00904951.pdf,data-set-9-files-31,1,email
EFTA00904952.pdf,data-set-9-files-31,1,email
EFTA00904953.pdf,data-set-9-files-31,1,email
EFTA00904954.pdf,data-set-9-files-31,1,email
EFTA00904955.pdf,data-set-9-files-31,1,email
EFTA00904956.pdf,data-set-9-files-31,1,email
EFTA00904957.pdf,data-set-9-files-31,1,email
EFTA00904958.pdf,data-set-9-files-31,1,email
EFTA00904959.pdf,data-set-9-files-31,1,email
EFTA00904960.pdf,data-set-9-files-31,1,email
EFTA00904961.pdf,data-set-9-files-31,2,email
EFTA00904963.pdf,data-set-9-files-31,2,email
EFTA00904965.pdf,data-set-9-files-31,2,email
EFTA00904967.pdf,data-set-9-files-31,2,email
EFTA00904969.pdf,data-set-9-files-31,1,email
EFTA00904970.pdf,data-set-9-files-31,1,email
EFTA00904971.pdf,data-set-9-files-31,1,email
EFTA00904972.pdf,data-set-9-files-31,1,email
EFTA00904973.pdf,data-set-9-files-31,1,email
EFTA00904974.pdf,data-set-9-files-31,2,email
EFTA00904976.pdf,data-set-9-files-31,2,email
EFTA00904978.pdf,data-set-9-files-31,2,email
EFTA00904980.pdf,data-set-9-files-31,2,email
EFTA00904982.pdf,data-set-9-files-31,1,email
EFTA00904983.pdf,data-set-9-files-31,1,email
EFTA00904984.pdf,data-set-9-files-31,2,email
EFTA00904986.pdf,data-set-9-files-31,3,email
EFTA00904989.pdf,data-set-9-files-31,2,email
EFTA00904991.pdf,data-set-9-files-31,1,other
EFTA00904992.pdf,data-set-9-files-31,1,email
EFTA00904993.pdf,data-set-9-files-31,1,email
EFTA00904994.pdf,data-set-9-files-31,1,other
EFTA00904995.pdf,data-set-9-files-31,1,other
EFTA00904996.pdf,data-set-9-files-31,2,email
EFTA00904998.pdf,data-set-9-files-31,1,email
EFTA00904999.pdf,data-set-9-files-31,2,email
EFTA00905001.pdf,data-set-9-files-31,1,email
EFTA00905002.pdf,data-set-9-files-31,1,email
EFTA00905003.pdf,data-set-9-files-31,1,email
EFTA00905004.pdf,data-set-9-files-31,1,email
EFTA00905005.pdf,data-set-9-files-31,1,email
EFTA00905006.pdf,data-set-9-files-31,1,email
EFTA00905007.pdf,data-set-9-files-31,1,email
EFTA00905008.pdf,data-set-9-files-31,1,email
EFTA00905009.pdf,data-set-9-files-31,2,email
EFTA00905011.pdf,data-set-9-files-31,1,email
EFTA00905012.pdf,data-set-9-files-31,1,email
EFTA00905013.pdf,data-set-9-files-31,1,email
EFTA00905014.pdf,data-set-9-files-31,4,email
EFTA00905018.pdf,data-set-9-files-31,1,email
EFTA00905019.pdf,data-set-9-files-31,5,email
EFTA00905024.pdf,data-set-9-files-31,3,email
EFTA00905027.pdf,data-set-9-files-31,1,email
EFTA00905028.pdf,data-set-9-files-31,5,email
EFTA00905033.pdf,data-set-9-files-31,5,email
EFTA00905038.pdf,data-set-9-files-31,1,email
EFTA00905039.pdf,data-set-9-files-31,1,other
EFTA00905040.pdf,data-set-9-files-31,1,email
EFTA00905041.pdf,data-set-9-files-31,1,email
EFTA00905042.pdf,data-set-9-files-31,1,email
EFTA00905043.pdf,data-set-9-files-31,2,email
EFTA00905045.pdf,data-set-9-files-31,1,email
EFTA00905046.pdf,data-set-9-files-31,1,email
EFTA00905047.pdf,data-set-9-files-31,1,email
EFTA00905048.pdf,data-set-9-files-31,1,email
EFTA00905049.pdf,data-set-9-files-31,1,email
EFTA00905050.pdf,data-set-9-files-31,1,email
EFTA00905051.pdf,data-set-9-files-31,2,email
EFTA00905053.pdf,data-set-9-files-31,3,email
EFTA00905056.pdf,data-set-9-files-31,1,email
EFTA00905057.pdf,data-set-9-files-31,1,email
EFTA00905058.pdf,data-set-9-files-31,1,email
EFTA00905059.pdf,data-set-9-files-31,1,email
EFTA00905060.pdf,data-set-9-files-31,1,email
EFTA00905061.pdf,data-set-9-files-31,1,email
EFTA00905062.pdf,data-set-9-files-31,3,email
EFTA00905065.pdf,data-set-9-files-31,1,email
EFTA00905066.pdf,data-set-9-files-31,2,email
EFTA00905068.pdf,data-set-9-files-31,1,email
EFTA00905069.pdf,data-set-9-files-31,2,email
EFTA00905071.pdf,data-set-9-files-31,2,email
EFTA00905073.pdf,data-set-9-files-31,1,email
EFTA00905074.pdf,data-set-9-files-31,2,email
EFTA00905076.pdf,data-set-9-files-31,2,email
EFTA00905078.pdf,data-set-9-files-31,2,email
EFTA00905080.pdf,data-set-9-files-31,1,email
EFTA00905081.pdf,data-set-9-files-31,2,email
EFTA00905083.pdf,data-set-9-files-31,1,email
EFTA00905084.pdf,data-set-9-files-31,1,email
EFTA00905085.pdf,data-set-9-files-31,1,email
EFTA00905086.pdf,data-set-9-files-31,1,email
EFTA00905087.pdf,data-set-9-files-31,3,email
EFTA00905090.pdf,data-set-9-files-31,1,email
EFTA00905091.pdf,data-set-9-files-31,1,email
EFTA00905092.pdf,data-set-9-files-31,1,email
EFTA00905093.pdf,data-set-9-files-31,3,email
EFTA00905096.pdf,data-set-9-files-31,1,email
EFTA00905097.pdf,data-set-9-files-31,4,email
EFTA00905101.pdf,data-set-9-files-31,2,email
EFTA00905103.pdf,data-set-9-files-31,1,email
EFTA00905104.pdf,data-set-9-files-31,1,email
EFTA00905105.pdf,data-set-9-files-31,1,email
EFTA00905106.pdf,data-set-9-files-31,2,email
EFTA00905108.pdf,data-set-9-files-31,1,email
EFTA00905109.pdf,data-set-9-files-31,1,email
EFTA00905110.pdf,data-set-9-files-31,2,email
EFTA00905112.pdf,data-set-9-files-31,1,email
EFTA00905113.pdf,data-set-9-files-31,1,email
EFTA00905114.pdf,data-set-9-files-31,1,email
EFTA00905115.pdf,data-set-9-files-31,2,email
EFTA00905117.pdf,data-set-9-files-31,1,other
EFTA00905118.pdf,data-set-9-files-31,1,other
EFTA00905119.pdf,data-set-9-files-31,2,email
EFTA00905121.pdf,data-set-9-files-31,1,other
EFTA00905122.pdf,data-set-9-files-31,1,email
EFTA00905123.pdf,data-set-9-files-31,1,email
EFTA00905124.pdf,data-set-9-files-31,1,email
EFTA00905125.pdf,data-set-9-files-31,1,other
EFTA00905126.pdf,data-set-9-files-31,1,email
EFTA00905127.pdf,data-set-9-files-31,1,email
EFTA00905128.pdf,data-set-9-files-31,1,email
EFTA00905129.pdf,data-set-9-files-31,1,email
EFTA00905130.pdf,data-set-9-files-31,1,other
EFTA00905131.pdf,data-set-9-files-31,1,email
EFTA00905132.pdf,data-set-9-files-31,1,other
EFTA00905133.pdf,data-set-9-files-31,1,email
EFTA00905134.pdf,data-set-9-files-31,1,email
EFTA00905135.pdf,data-set-9-files-31,1,email
EFTA00905136.pdf,data-set-9-files-31,1,email
EFTA00905137.pdf,data-set-9-files-31,1,email
EFTA00905138.pdf,data-set-9-files-31,2,email
EFTA00905140.pdf,data-set-9-files-31,1,email
EFTA00905141.pdf,data-set-9-files-31,1,other
EFTA00905142.pdf,data-set-9-files-31,2,email
EFTA00905144.pdf,data-set-9-files-31,1,email
EFTA00905145.pdf,data-set-9-files-31,2,email
EFTA00905147.pdf,data-set-9-files-31,1,email
EFTA00905148.pdf,data-set-9-files-31,3,email
EFTA00905151.pdf,data-set-9-files-31,1,email
EFTA00905152.pdf,data-set-9-files-31,1,other
EFTA00905153.pdf,data-set-9-files-31,1,email
EFTA00905154.pdf,data-set-9-files-31,3,email
EFTA00905157.pdf,data-set-9-files-31,1,email
EFTA00905158.pdf,data-set-9-files-31,1,email
EFTA00905159.pdf,data-set-9-files-31,1,email
EFTA00905160.pdf,data-set-9-files-31,3,email
EFTA00905163.pdf,data-set-9-files-31,1,email
EFTA00905164.pdf,data-set-9-files-31,4,email
EFTA00905168.pdf,data-set-9-files-31,1,email
EFTA00905169.pdf,data-set-9-files-31,1,email
EFTA00905170.pdf,data-set-9-files-31,1,email
EFTA00905171.pdf,data-set-9-files-31,2,email
EFTA00905173.pdf,data-set-9-files-31,1,email
EFTA00905174.pdf,data-set-9-files-31,2,email
EFTA00905176.pdf,data-set-9-files-31,1,email
EFTA00905177.pdf,data-set-9-files-31,1,email
EFTA00905178.pdf,data-set-9-files-31,1,email
EFTA00905179.pdf,data-set-9-files-31,1,email
EFTA00905180.pdf,data-set-9-files-31,1,email
EFTA00905181.pdf,data-set-9-files-31,1,email
EFTA00905182.pdf,data-set-9-files-31,2,email
EFTA00905184.pdf,data-set-9-files-31,2,email
EFTA00905186.pdf,data-set-9-files-31,1,email
EFTA00905187.pdf,data-set-9-files-31,1,email
EFTA00905188.pdf,data-set-9-files-31,1,email
EFTA00905189.pdf,data-set-9-files-31,2,email
EFTA00905191.pdf,data-set-9-files-31,1,other
EFTA00905192.pdf,data-set-9-files-31,1,email
EFTA00905193.pdf,data-set-9-files-31,2,email
EFTA00905195.pdf,data-set-9-files-31,1,email
EFTA00905196.pdf,data-set-9-files-31,1,other
EFTA00905197.pdf,data-set-9-files-31,1,email
EFTA00905198.pdf,data-set-9-files-31,2,email
EFTA00905200.pdf,data-set-9-files-31,2,email
EFTA00905202.pdf,data-set-9-files-31,2,email
EFTA00905204.pdf,data-set-9-files-31,1,email
EFTA00905205.pdf,data-set-9-files-31,2,email
EFTA00905207.pdf,data-set-9-files-31,1,email
EFTA00905208.pdf,data-set-9-files-31,1,other
EFTA00905209.pdf,data-set-9-files-31,2,email
EFTA00905211.pdf,data-set-9-files-31,1,other
EFTA00905212.pdf,data-set-9-files-31,1,email
EFTA00905213.pdf,data-set-9-files-31,1,email
EFTA00905214.pdf,data-set-9-files-31,1,email
EFTA00905215.pdf,data-set-9-files-31,1,other
EFTA00905216.pdf,data-set-9-files-31,2,email
EFTA00905218.pdf,data-set-9-files-31,2,email
EFTA00905220.pdf,data-set-9-files-31,1,other
EFTA00905221.pdf,data-set-9-files-31,1,email
EFTA00905222.pdf,data-set-9-files-31,1,email
EFTA00905223.pdf,data-set-9-files-31,2,email
EFTA00905225.pdf,data-set-9-files-31,2,email
EFTA00905227.pdf,data-set-9-files-31,1,email
EFTA00905228.pdf,data-set-9-files-31,1,email
EFTA00905229.pdf,data-set-9-files-31,1,other
EFTA00905230.pdf,data-set-9-files-31,1,other
EFTA00905231.pdf,data-set-9-files-31,2,email
EFTA00905233.pdf,data-set-9-files-31,1,other
EFTA00905234.pdf,data-set-9-files-31,2,email
EFTA00905236.pdf,data-set-9-files-31,1,email
EFTA00905237.pdf,data-set-9-files-31,1,email
EFTA00905238.pdf,data-set-9-files-31,1,email
EFTA00905239.pdf,data-set-9-files-31,1,email
EFTA00905240.pdf,data-set-9-files-31,1,email
EFTA00905241.pdf,data-set-9-files-31,1,email
EFTA00905242.pdf,data-set-9-files-31,1,email
EFTA00905243.pdf,data-set-9-files-31,1,other
EFTA00905244.pdf,data-set-9-files-31,2,email
EFTA00905246.pdf,data-set-9-files-31,1,email
EFTA00905247.pdf,data-set-9-files-31,2,email
EFTA00905249.pdf,data-set-9-files-31,1,email
EFTA00905250.pdf,data-set-9-files-31,1,email
EFTA00905251.pdf,data-set-9-files-31,1,email
EFTA00905252.pdf,data-set-9-files-31,1,email
EFTA00905253.pdf,data-set-9-files-31,2,email
EFTA00905255.pdf,data-set-9-files-31,1,email
EFTA00905256.pdf,data-set-9-files-31,1,email
EFTA00905257.pdf,data-set-9-files-31,1,email
EFTA00905258.pdf,data-set-9-files-31,3,email
EFTA00905261.pdf,data-set-9-files-31,1,email
EFTA00905262.pdf,data-set-9-files-31,2,email
EFTA00905264.pdf,data-set-9-files-31,2,email
EFTA00905266.pdf,data-set-9-files-31,1,email
EFTA00905267.pdf,data-set-9-files-31,1,email
EFTA00905268.pdf,data-set-9-files-31,2,email
EFTA00905270.pdf,data-set-9-files-31,2,email
EFTA00905272.pdf,data-set-9-files-31,1,email
EFTA00905273.pdf,data-set-9-files-31,1,email
EFTA00905274.pdf,data-set-9-files-31,1,email
EFTA00905275.pdf,data-set-9-files-31,1,email
EFTA00905276.pdf,data-set-9-files-31,1,email
EFTA00905277.pdf,data-set-9-files-31,1,email
EFTA00905278.pdf,data-set-9-files-31,1,email
EFTA00905279.pdf,data-set-9-files-31,1,email
EFTA00905280.pdf,data-set-9-files-31,1,email
EFTA00905281.pdf,data-set-9-files-31,1,email
EFTA00905282.pdf,data-set-9-files-31,1,email
EFTA00905283.pdf,data-set-9-files-31,2,email
EFTA00905285.pdf,data-set-9-files-31,1,email
EFTA00905286.pdf,data-set-9-files-31,1,email
EFTA00905287.pdf,data-set-9-files-31,1,email
EFTA00905288.pdf,data-set-9-files-31,1,email
EFTA00905289.pdf,data-set-9-files-31,2,email
EFTA00905291.pdf,data-set-9-files-31,1,email
EFTA00905292.pdf,data-set-9-files-31,2,email
EFTA00905294.pdf,data-set-9-files-31,1,email
EFTA00905295.pdf,data-set-9-files-31,1,email
EFTA00905296.pdf,data-set-9-files-31,1,email
EFTA00905297.pdf,data-set-9-files-31,1,email
EFTA00905298.pdf,data-set-9-files-31,2,email
EFTA00905300.pdf,data-set-9-files-31,1,email
EFTA00905301.pdf,data-set-9-files-31,1,email
EFTA00905302.pdf,data-set-9-files-31,1,email
EFTA00905303.pdf,data-set-9-files-31,1,other
EFTA00905304.pdf,data-set-9-files-31,1,email
EFTA00905305.pdf,data-set-9-files-31,1,email
EFTA00905306.pdf,data-set-9-files-31,1,email
EFTA00905307.pdf,data-set-9-files-31,1,email
EFTA00905308.pdf,data-set-9-files-31,1,email
EFTA00905309.pdf,data-set-9-files-31,1,email
EFTA00905310.pdf,data-set-9-files-31,2,email
EFTA00905312.pdf,data-set-9-files-31,1,email
EFTA00905313.pdf,data-set-9-files-31,2,email
EFTA00905315.pdf,data-set-9-files-31,1,email
EFTA00905316.pdf,data-set-9-files-31,1,email
EFTA00905317.pdf,data-set-9-files-31,1,email
EFTA00905318.pdf,data-set-9-files-31,1,email
EFTA00905319.pdf,data-set-9-files-31,1,email
EFTA00905320.pdf,data-set-9-files-31,2,email
EFTA00905322.pdf,data-set-9-files-31,2,email
EFTA00905324.pdf,data-set-9-files-31,1,email
EFTA00905325.pdf,data-set-9-files-31,3,email
EFTA00905328.pdf,data-set-9-files-31,3,email
EFTA00905331.pdf,data-set-9-files-31,1,email
EFTA00905332.pdf,data-set-9-files-31,1,email
EFTA00905333.pdf,data-set-9-files-31,3,email
EFTA00905336.pdf,data-set-9-files-31,2,email
EFTA00905338.pdf,data-set-9-files-31,1,email
EFTA00905339.pdf,data-set-9-files-31,2,email
EFTA00905341.pdf,data-set-9-files-31,1,email
EFTA00905342.pdf,data-set-9-files-31,1,email
EFTA00905343.pdf,data-set-9-files-31,1,email
EFTA00905344.pdf,data-set-9-files-31,1,email
EFTA00905345.pdf,data-set-9-files-31,1,email
EFTA00905346.pdf,data-set-9-files-31,1,email
EFTA00905347.pdf,data-set-9-files-31,2,email
EFTA00905349.pdf,data-set-9-files-31,1,email
EFTA00905350.pdf,data-set-9-files-31,1,email
EFTA00905351.pdf,data-set-9-files-31,1,email
EFTA00905352.pdf,data-set-9-files-31,1,email
EFTA00905353.pdf,data-set-9-files-31,1,email
EFTA00905354.pdf,data-set-9-files-31,1,email
EFTA00905355.pdf,data-set-9-files-31,1,email
EFTA00905356.pdf,data-set-9-files-31,1,email
EFTA00905357.pdf,data-set-9-files-31,1,email
EFTA00905358.pdf,data-set-9-files-31,1,email
EFTA00905359.pdf,data-set-9-files-31,1,email
EFTA00905360.pdf,data-set-9-files-31,1,email
EFTA00905361.pdf,data-set-9-files-31,1,email
EFTA00905362.pdf,data-set-9-files-31,1,email
EFTA00905363.pdf,data-set-9-files-31,2,email
EFTA00905365.pdf,data-set-9-files-31,1,email
EFTA00905366.pdf,data-set-9-files-31,1,email
EFTA00905367.pdf,data-set-9-files-31,2,email
EFTA00905369.pdf,data-set-9-files-31,1,email
EFTA00905370.pdf,data-set-9-files-31,2,email
EFTA00905372.pdf,data-set-9-files-31,2,email
EFTA00905374.pdf,data-set-9-files-31,1,other
EFTA00905375.pdf,data-set-9-files-31,1,email
EFTA00905376.pdf,data-set-9-files-31,5,email
EFTA00905381.pdf,data-set-9-files-31,2,email
EFTA00905383.pdf,data-set-9-files-31,5,email
EFTA00905388.pdf,data-set-9-files-31,5,email
EFTA00905393.pdf,data-set-9-files-31,1,email
EFTA00905394.pdf,data-set-9-files-31,1,email
EFTA00905395.pdf,data-set-9-files-31,1,other
EFTA00905396.pdf,data-set-9-files-31,1,email
EFTA00905397.pdf,data-set-9-files-31,1,email
EFTA00905398.pdf,data-set-9-files-31,1,email
EFTA00905399.pdf,data-set-9-files-31,1,email
EFTA00905400.pdf,data-set-9-files-31,1,email
EFTA00905401.pdf,data-set-9-files-31,3,email
EFTA00905404.pdf,data-set-9-files-31,2,email
EFTA00905406.pdf,data-set-9-files-31,1,email
EFTA00905407.pdf,data-set-9-files-31,2,email
EFTA00905409.pdf,data-set-9-files-31,1,email
EFTA00905410.pdf,data-set-9-files-31,1,email
EFTA00905411.pdf,data-set-9-files-31,1,email
EFTA00905412.pdf,data-set-9-files-31,1,email
EFTA00905413.pdf,data-set-9-files-31,1,email
EFTA00905414.pdf,data-set-9-files-31,1,email
EFTA00905415.pdf,data-set-9-files-31,1,email
EFTA00905416.pdf,data-set-9-files-31,2,email
EFTA00905418.pdf,data-set-9-files-31,3,email
EFTA00905421.pdf,data-set-9-files-31,2,email
EFTA00905423.pdf,data-set-9-files-31,1,email
EFTA00905424.pdf,data-set-9-files-31,1,email
EFTA00905425.pdf,data-set-9-files-31,2,email
EFTA00905427.pdf,data-set-9-files-31,2,email
EFTA00905429.pdf,data-set-9-files-31,1,email
EFTA00905430.pdf,data-set-9-files-31,1,email
EFTA00905431.pdf,data-set-9-files-31,1,email
EFTA00905432.pdf,data-set-9-files-31,2,email
EFTA00905434.pdf,data-set-9-files-31,2,email
EFTA00905436.pdf,data-set-9-files-31,1,email
EFTA00905437.pdf,data-set-9-files-31,4,email
EFTA00905441.pdf,data-set-9-files-31,1,email
EFTA00905442.pdf,data-set-9-files-31,2,email
EFTA00905444.pdf,data-set-9-files-31,1,email
EFTA00905445.pdf,data-set-9-files-31,1,email
EFTA00905446.pdf,data-set-9-files-31,1,email
EFTA00905447.pdf,data-set-9-files-31,1,email
EFTA00905448.pdf,data-set-9-files-31,1,email
EFTA00905449.pdf,data-set-9-files-31,2,email
EFTA00905451.pdf,data-set-9-files-31,2,email
EFTA00905453.pdf,data-set-9-files-31,3,email
EFTA00905456.pdf,data-set-9-files-31,1,email
EFTA00905457.pdf,data-set-9-files-31,1,email
EFTA00905458.pdf,data-set-9-files-31,1,email
EFTA00905459.pdf,data-set-9-files-31,1,email
EFTA00905460.pdf,data-set-9-files-31,1,email
EFTA00905461.pdf,data-set-9-files-31,1,email
EFTA00905462.pdf,data-set-9-files-31,1,email
EFTA00905463.pdf,data-set-9-files-31,1,email
EFTA00905464.pdf,data-set-9-files-31,1,email
EFTA00905465.pdf,data-set-9-files-31,1,email
EFTA00905466.pdf,data-set-9-files-31,1,email
EFTA00905467.pdf,data-set-9-files-31,1,email
EFTA00905468.pdf,data-set-9-files-31,1,email
EFTA00905469.pdf,data-set-9-files-31,1,email
EFTA00905470.pdf,data-set-9-files-31,1,email
EFTA00905471.pdf,data-set-9-files-31,1,other
EFTA00905472.pdf,data-set-9-files-31,1,other
EFTA00905473.pdf,data-set-9-files-31,1,email
EFTA00905474.pdf,data-set-9-files-31,2,email
EFTA00905476.pdf,data-set-9-files-31,3,email
EFTA00905479.pdf,data-set-9-files-31,1,email
EFTA00905480.pdf,data-set-9-files-31,1,email
EFTA00905481.pdf,data-set-9-files-31,1,email
EFTA00905482.pdf,data-set-9-files-31,1,other
EFTA00905483.pdf,data-set-9-files-31,1,email
EFTA00905484.pdf,data-set-9-files-31,1,email
EFTA00905485.pdf,data-set-9-files-31,2,email
EFTA00905487.pdf,data-set-9-files-31,1,email
EFTA00905488.pdf,data-set-9-files-31,1,email
EFTA00905489.pdf,data-set-9-files-31,2,email
EFTA00905491.pdf,data-set-9-files-31,2,email
EFTA00905493.pdf,data-set-9-files-31,1,email
EFTA00905494.pdf,data-set-9-files-31,1,other
EFTA00905495.pdf,data-set-9-files-31,1,email
EFTA00905496.pdf,data-set-9-files-31,1,other
EFTA00905497.pdf,data-set-9-files-31,1,other
EFTA00905498.pdf,data-set-9-files-31,1,other
EFTA00905499.pdf,data-set-9-files-31,1,email
EFTA00905500.pdf,data-set-9-files-31,1,other
EFTA00905501.pdf,data-set-9-files-31,1,email
EFTA00905502.pdf,data-set-9-files-31,1,email
EFTA00905503.pdf,data-set-9-files-31,1,other
EFTA00905504.pdf,data-set-9-files-31,1,email
EFTA00905505.pdf,data-set-9-files-31,1,email
EFTA00905506.pdf,data-set-9-files-31,1,email
EFTA00905507.pdf,data-set-9-files-31,1,email
EFTA00905508.pdf,data-set-9-files-31,1,email
EFTA00905509.pdf,data-set-9-files-31,2,email
EFTA00905511.pdf,data-set-9-files-31,1,email
EFTA00905512.pdf,data-set-9-files-31,1,email
EFTA00905513.pdf,data-set-9-files-31,1,email
EFTA00905514.pdf,data-set-9-files-31,1,email
EFTA00905515.pdf,data-set-9-files-31,2,email
EFTA00905517.pdf,data-set-9-files-31,1,email
EFTA00905518.pdf,data-set-9-files-31,2,email
EFTA00905520.pdf,data-set-9-files-31,1,email
EFTA00905521.pdf,data-set-9-files-31,1,email
EFTA00905522.pdf,data-set-9-files-31,1,other
EFTA00905523.pdf,data-set-9-files-31,1,email
EFTA00905524.pdf,data-set-9-files-31,1,email
EFTA00905525.pdf,data-set-9-files-31,1,other
EFTA00905526.pdf,data-set-9-files-31,1,other
EFTA00905527.pdf,data-set-9-files-31,1,email
EFTA00905528.pdf,data-set-9-files-31,1,email
EFTA00905529.pdf,data-set-9-files-31,1,email
EFTA00905530.pdf,data-set-9-files-31,1,email
EFTA00905531.pdf,data-set-9-files-31,1,email
EFTA00905532.pdf,data-set-9-files-31,1,email
EFTA00905533.pdf,data-set-9-files-31,1,email
EFTA00905534.pdf,data-set-9-files-31,3,email
EFTA00905537.pdf,data-set-9-files-31,1,other
EFTA00905538.pdf,data-set-9-files-31,1,other
EFTA00905539.pdf,data-set-9-files-31,1,other
EFTA00905540.pdf,data-set-9-files-31,1,other
EFTA00905541.pdf,data-set-9-files-31,1,email
EFTA00905542.pdf,data-set-9-files-31,1,email
EFTA00905543.pdf,data-set-9-files-31,1,email
EFTA00905544.pdf,data-set-9-files-31,1,email
EFTA00905545.pdf,data-set-9-files-31,1,email
EFTA00905546.pdf,data-set-9-files-31,2,email
EFTA00905548.pdf,data-set-9-files-31,1,email
EFTA00905549.pdf,data-set-9-files-31,1,email
EFTA00905550.pdf,data-set-9-files-31,1,email
EFTA00905551.pdf,data-set-9-files-31,1,email
EFTA00905552.pdf,data-set-9-files-31,1,other
EFTA00905553.pdf,data-set-9-files-31,1,email
EFTA00905554.pdf,data-set-9-files-31,1,email
EFTA00905555.pdf,data-set-9-files-31,2,email
EFTA00905557.pdf,data-set-9-files-31,1,email
EFTA00905558.pdf,data-set-9-files-31,1,email
EFTA00905559.pdf,data-set-9-files-31,1,email
EFTA00905560.pdf,data-set-9-files-31,1,email
EFTA00905561.pdf,data-set-9-files-31,1,email
EFTA00905562.pdf,data-set-9-files-31,1,email
EFTA00905563.pdf,data-set-9-files-31,1,email
EFTA00905564.pdf,data-set-9-files-31,1,email
EFTA00905565.pdf,data-set-9-files-31,1,email
EFTA00905566.pdf,data-set-9-files-31,2,email
EFTA00905568.pdf,data-set-9-files-31,1,email
EFTA00905569.pdf,data-set-9-files-31,1,email
EFTA00905570.pdf,data-set-9-files-31,1,email
EFTA00905571.pdf,data-set-9-files-31,1,email
EFTA00905572.pdf,data-set-9-files-31,1,email
EFTA00905573.pdf,data-set-9-files-31,1,email
EFTA00905574.pdf,data-set-9-files-31,2,email
EFTA00905576.pdf,data-set-9-files-31,1,email
EFTA00905577.pdf,data-set-9-files-31,1,email
EFTA00905578.pdf,data-set-9-files-31,1,email
EFTA00905579.pdf,data-set-9-files-31,1,email
EFTA00905580.pdf,data-set-9-files-31,2,email
EFTA00905582.pdf,data-set-9-files-31,2,email
EFTA00905584.pdf,data-set-9-files-31,1,email
EFTA00905585.pdf,data-set-9-files-31,2,email
EFTA00905587.pdf,data-set-9-files-31,1,email
EFTA00905588.pdf,data-set-9-files-31,1,email
EFTA00905589.pdf,data-set-9-files-31,1,email
EFTA00905590.pdf,data-set-9-files-31,2,email
EFTA00905592.pdf,data-set-9-files-31,1,email
EFTA00905593.pdf,data-set-9-files-31,1,email
EFTA00905594.pdf,data-set-9-files-31,1,email
EFTA00905595.pdf,data-set-9-files-31,1,email
EFTA00905596.pdf,data-set-9-files-31,1,email
EFTA00905597.pdf,data-set-9-files-31,2,email
EFTA00905599.pdf,data-set-9-files-31,2,email
EFTA00905601.pdf,data-set-9-files-31,1,email
EFTA00905602.pdf,data-set-9-files-31,1,email
EFTA00905603.pdf,data-set-9-files-31,1,email
EFTA00905604.pdf,data-set-9-files-31,1,email
EFTA00905605.pdf,data-set-9-files-31,2,email
EFTA00905607.pdf,data-set-9-files-31,2,email
EFTA00905609.pdf,data-set-9-files-31,2,email
EFTA00905611.pdf,data-set-9-files-31,1,email
EFTA00905612.pdf,data-set-9-files-31,1,email
EFTA00905613.pdf,data-set-9-files-31,1,email
EFTA00905614.pdf,data-set-9-files-31,4,email
EFTA00905618.pdf,data-set-9-files-31,1,email
EFTA00905619.pdf,data-set-9-files-31,1,email
EFTA00905620.pdf,data-set-9-files-31,2,email
EFTA00905622.pdf,data-set-9-files-31,1,email
EFTA00905623.pdf,data-set-9-files-31,1,email
EFTA00905624.pdf,data-set-9-files-31,2,email
EFTA00905626.pdf,data-set-9-files-31,2,email
EFTA00905628.pdf,data-set-9-files-31,1,email
EFTA00905629.pdf,data-set-9-files-31,1,email
EFTA00905630.pdf,data-set-9-files-31,1,email
EFTA00905631.pdf,data-set-9-files-31,1,email
EFTA00905632.pdf,data-set-9-files-31,1,email
EFTA00905633.pdf,data-set-9-files-31,1,email
EFTA00905634.pdf,data-set-9-files-31,1,email
EFTA00905635.pdf,data-set-9-files-31,1,email
EFTA00905636.pdf,data-set-9-files-31,1,email
EFTA00905637.pdf,data-set-9-files-31,1,other
EFTA00905638.pdf,data-set-9-files-31,1,email
EFTA00905639.pdf,data-set-9-files-31,1,other
EFTA00905640.pdf,data-set-9-files-31,1,email
EFTA00905641.pdf,data-set-9-files-31,1,email
EFTA00905642.pdf,data-set-9-files-31,3,email
EFTA00905645.pdf,data-set-9-files-31,2,email
EFTA00905647.pdf,data-set-9-files-31,1,email
EFTA00905648.pdf,data-set-9-files-31,1,email
EFTA00905649.pdf,data-set-9-files-31,1,email
EFTA00905650.pdf,data-set-9-files-31,1,email
EFTA00905651.pdf,data-set-9-files-31,1,email
EFTA00905652.pdf,data-set-9-files-31,1,email
EFTA00905653.pdf,data-set-9-files-31,1,email
EFTA00905654.pdf,data-set-9-files-31,1,email
EFTA00905655.pdf,data-set-9-files-31,1,email
EFTA00905656.pdf,data-set-9-files-31,1,email
EFTA00905657.pdf,data-set-9-files-31,1,email
EFTA00905658.pdf,data-set-9-files-31,1,email
EFTA00905659.pdf,data-set-9-files-31,1,email
EFTA00905660.pdf,data-set-9-files-31,1,email
EFTA00905661.pdf,data-set-9-files-31,1,email
EFTA00905662.pdf,data-set-9-files-31,1,email
EFTA00905663.pdf,data-set-9-files-31,2,email
EFTA00905665.pdf,data-set-9-files-31,1,email
EFTA00905666.pdf,data-set-9-files-31,1,email
EFTA00905667.pdf,data-set-9-files-31,2,email
EFTA00905669.pdf,data-set-9-files-31,1,email
EFTA00905670.pdf,data-set-9-files-31,1,email
EFTA00905671.pdf,data-set-9-files-31,1,email
EFTA00905672.pdf,data-set-9-files-31,1,other
EFTA00905673.pdf,data-set-9-files-31,2,email
EFTA00905675.pdf,data-set-9-files-31,2,email
EFTA00905677.pdf,data-set-9-files-31,1,email
EFTA00905678.pdf,data-set-9-files-31,1,other
EFTA00905679.pdf,data-set-9-files-31,1,email
EFTA00905680.pdf,data-set-9-files-31,1,other
EFTA00905681.pdf,data-set-9-files-31,1,email
EFTA00905682.pdf,data-set-9-files-31,1,email
EFTA00905683.pdf,data-set-9-files-31,1,email
EFTA00905684.pdf,data-set-9-files-31,1,email
EFTA00905685.pdf,data-set-9-files-31,1,email
EFTA00905686.pdf,data-set-9-files-31,2,email
EFTA00905688.pdf,data-set-9-files-31,1,email
EFTA00905689.pdf,data-set-9-files-31,1,email
EFTA00905690.pdf,data-set-9-files-31,3,email
EFTA00905693.pdf,data-set-9-files-31,3,email
EFTA00905696.pdf,data-set-9-files-31,3,email
EFTA00905699.pdf,data-set-9-files-31,1,email
EFTA00905700.pdf,data-set-9-files-31,3,email
EFTA00905703.pdf,data-set-9-files-31,1,email
EFTA00905704.pdf,data-set-9-files-31,1,other
EFTA00905705.pdf,data-set-9-files-31,1,other
EFTA00905706.pdf,data-set-9-files-31,3,email
EFTA00905709.pdf,data-set-9-files-31,1,email
EFTA00905710.pdf,data-set-9-files-31,1,email
EFTA00905711.pdf,data-set-9-files-31,3,email
EFTA00905714.pdf,data-set-9-files-31,1,email
EFTA00905715.pdf,data-set-9-files-31,1,email
EFTA00905716.pdf,data-set-9-files-31,1,email
EFTA00905717.pdf,data-set-9-files-31,1,email
EFTA00905718.pdf,data-set-9-files-31,1,email
EFTA00905719.pdf,data-set-9-files-31,1,email
EFTA00905720.pdf,data-set-9-files-31,1,email
EFTA00905721.pdf,data-set-9-files-31,1,email
EFTA00905722.pdf,data-set-9-files-31,1,email
EFTA00905723.pdf,data-set-9-files-31,3,email
EFTA00905726.pdf,data-set-9-files-31,4,email
EFTA00905730.pdf,data-set-9-files-31,1,email
EFTA00905731.pdf,data-set-9-files-31,1,email
EFTA00905732.pdf,data-set-9-files-31,1,email
EFTA00905733.pdf,data-set-9-files-31,1,other
EFTA00905734.pdf,data-set-9-files-31,1,email
EFTA00905735.pdf,data-set-9-files-31,2,email
EFTA00905737.pdf,data-set-9-files-31,1,email
EFTA00905738.pdf,data-set-9-files-31,1,email
EFTA00905739.pdf,data-set-9-files-31,1,other
EFTA00905740.pdf,data-set-9-files-31,1,other
EFTA00905741.pdf,data-set-9-files-31,4,email
EFTA00905745.pdf,data-set-9-files-31,1,email
EFTA00905746.pdf,data-set-9-files-31,1,email
EFTA00905747.pdf,data-set-9-files-31,1,other
EFTA00905748.pdf,data-set-9-files-31,1,email
EFTA00905749.pdf,data-set-9-files-31,1,email
EFTA00905750.pdf,data-set-9-files-31,1,email
EFTA00905751.pdf,data-set-9-files-31,1,email
EFTA00905752.pdf,data-set-9-files-31,1,email
EFTA00905753.pdf,data-set-9-files-31,1,email
EFTA00905754.pdf,data-set-9-files-31,1,email
EFTA00905755.pdf,data-set-9-files-31,1,email
EFTA00905756.pdf,data-set-9-files-31,1,email
EFTA00905757.pdf,data-set-9-files-31,1,email
EFTA00905758.pdf,data-set-9-files-31,1,email
EFTA00905759.pdf,data-set-9-files-31,1,email
EFTA00905760.pdf,data-set-9-files-31,2,email
EFTA00905762.pdf,data-set-9-files-31,1,email
EFTA00905763.pdf,data-set-9-files-31,1,email
EFTA00905764.pdf,data-set-9-files-31,1,email
EFTA00905765.pdf,data-set-9-files-31,1,email
EFTA00905766.pdf,data-set-9-files-31,1,email
EFTA00905767.pdf,data-set-9-files-31,1,email
EFTA00905768.pdf,data-set-9-files-31,1,other
EFTA00905769.pdf,data-set-9-files-31,1,email
EFTA00905770.pdf,data-set-9-files-31,1,email
EFTA00905771.pdf,data-set-9-files-31,1,other
EFTA00905772.pdf,data-set-9-files-31,1,other
EFTA00905773.pdf,data-set-9-files-31,2,email
EFTA00905775.pdf,data-set-9-files-31,1,email
EFTA00905776.pdf,data-set-9-files-31,1,email
EFTA00905777.pdf,data-set-9-files-31,1,email
EFTA00905778.pdf,data-set-9-files-31,1,email
EFTA00905779.pdf,data-set-9-files-31,1,email
EFTA00905780.pdf,data-set-9-files-31,1,email
EFTA00905781.pdf,data-set-9-files-31,1,email
EFTA00905782.pdf,data-set-9-files-31,1,email
EFTA00905783.pdf,data-set-9-files-31,1,email
EFTA00905784.pdf,data-set-9-files-31,1,email
EFTA00905785.pdf,data-set-9-files-31,1,email
EFTA00905786.pdf,data-set-9-files-31,1,email
EFTA00905787.pdf,data-set-9-files-31,3,email
EFTA00905790.pdf,data-set-9-files-31,1,email
EFTA00905791.pdf,data-set-9-files-31,1,email
EFTA00905792.pdf,data-set-9-files-31,1,email
EFTA00905793.pdf,data-set-9-files-31,1,email
EFTA00905794.pdf,data-set-9-files-31,3,email
EFTA00905797.pdf,data-set-9-files-31,1,email
EFTA00905798.pdf,data-set-9-files-31,1,email
EFTA00905799.pdf,data-set-9-files-31,3,email
EFTA00905802.pdf,data-set-9-files-31,2,email
EFTA00905804.pdf,data-set-9-files-31,2,email
EFTA00905806.pdf,data-set-9-files-31,1,email
EFTA00905807.pdf,data-set-9-files-31,1,email
EFTA00905808.pdf,data-set-9-files-31,1,email
EFTA00905809.pdf,data-set-9-files-31,1,email
EFTA00905810.pdf,data-set-9-files-31,1,email
EFTA00905811.pdf,data-set-9-files-31,1,email
EFTA00905812.pdf,data-set-9-files-31,1,email
EFTA00905813.pdf,data-set-9-files-31,2,email
EFTA00905815.pdf,data-set-9-files-31,1,email
EFTA00905816.pdf,data-set-9-files-31,1,email
EFTA00905817.pdf,data-set-9-files-31,2,email
EFTA00905819.pdf,data-set-9-files-31,1,email
EFTA00905820.pdf,data-set-9-files-31,1,email
EFTA00905821.pdf,data-set-9-files-31,1,email
EFTA00905822.pdf,data-set-9-files-31,2,email
EFTA00905824.pdf,data-set-9-files-31,1,email
EFTA00905825.pdf,data-set-9-files-31,1,email
EFTA00905826.pdf,data-set-9-files-31,1,email
EFTA00905827.pdf,data-set-9-files-31,1,email
EFTA00905828.pdf,data-set-9-files-31,1,email
EFTA00905829.pdf,data-set-9-files-31,1,email
EFTA00905830.pdf,data-set-9-files-31,1,email
EFTA00905831.pdf,data-set-9-files-31,1,email
EFTA00905832.pdf,data-set-9-files-31,1,email
EFTA00905833.pdf,data-set-9-files-31,1,email
EFTA00905834.pdf,data-set-9-files-31,2,email
EFTA00905836.pdf,data-set-9-files-31,2,email
EFTA00905838.pdf,data-set-9-files-31,3,email
EFTA00905841.pdf,data-set-9-files-31,1,email
EFTA00905842.pdf,data-set-9-files-31,1,email
EFTA00905843.pdf,data-set-9-files-31,1,email
EFTA00905844.pdf,data-set-9-files-31,1,email
EFTA00905845.pdf,data-set-9-files-31,1,email
EFTA00905846.pdf,data-set-9-files-31,2,email
EFTA00905848.pdf,data-set-9-files-31,1,email
EFTA00905849.pdf,data-set-9-files-31,2,email
EFTA00905851.pdf,data-set-9-files-31,1,email
EFTA00905852.pdf,data-set-9-files-31,1,other
EFTA00905853.pdf,data-set-9-files-31,1,email
EFTA00905854.pdf,data-set-9-files-31,2,email
EFTA00905856.pdf,data-set-9-files-31,1,other
EFTA00905857.pdf,data-set-9-files-31,2,email
EFTA00905859.pdf,data-set-9-files-31,1,email
EFTA00905860.pdf,data-set-9-files-31,4,email
EFTA00905864.pdf,data-set-9-files-31,1,email
EFTA00905865.pdf,data-set-9-files-31,1,email
EFTA00905866.pdf,data-set-9-files-31,2,email
EFTA00905868.pdf,data-set-9-files-31,1,email
EFTA00905869.pdf,data-set-9-files-31,1,email
EFTA00905870.pdf,data-set-9-files-31,1,email
EFTA00905871.pdf,data-set-9-files-31,1,email
EFTA00905872.pdf,data-set-9-files-31,2,email
EFTA00905874.pdf,data-set-9-files-31,2,email
EFTA00905876.pdf,data-set-9-files-31,1,email
EFTA00905877.pdf,data-set-9-files-31,1,email
EFTA00905878.pdf,data-set-9-files-31,2,email
EFTA00905880.pdf,data-set-9-files-31,2,email
EFTA00905882.pdf,data-set-9-files-31,1,email
EFTA00905883.pdf,data-set-9-files-31,1,email
EFTA00905884.pdf,data-set-9-files-31,6,email
EFTA00905890.pdf,data-set-9-files-31,2,email
EFTA00905892.pdf,data-set-9-files-31,2,email
EFTA00905894.pdf,data-set-9-files-31,1,email
EFTA00905895.pdf,data-set-9-files-31,1,email
EFTA00905896.pdf,data-set-9-files-31,1,email
EFTA00905897.pdf,data-set-9-files-31,2,email
EFTA00905899.pdf,data-set-9-files-31,1,email
EFTA00905900.pdf,data-set-9-files-31,2,email
EFTA00905902.pdf,data-set-9-files-31,1,email
EFTA00905903.pdf,data-set-9-files-31,1,email
EFTA00905904.pdf,data-set-9-files-31,2,email
EFTA00905906.pdf,data-set-9-files-31,1,email
EFTA00905907.pdf,data-set-9-files-31,2,email
EFTA00905909.pdf,data-set-9-files-31,1,email
EFTA00905910.pdf,data-set-9-files-31,1,email
EFTA00905911.pdf,data-set-9-files-31,1,email
EFTA00905912.pdf,data-set-9-files-31,1,email
EFTA00905913.pdf,data-set-9-files-31,1,email
EFTA00905914.pdf,data-set-9-files-31,1,email
EFTA00905915.pdf,data-set-9-files-31,1,email
EFTA00905916.pdf,data-set-9-files-31,1,email
EFTA00905917.pdf,data-set-9-files-31,1,email
EFTA00905918.pdf,data-set-9-files-31,1,email
EFTA00905919.pdf,data-set-9-files-31,1,email
EFTA00905920.pdf,data-set-9-files-31,1,email
EFTA00905921.pdf,data-set-9-files-31,1,email
EFTA00905922.pdf,data-set-9-files-31,2,email
EFTA00905924.pdf,data-set-9-files-31,2,email
EFTA00905926.pdf,data-set-9-files-31,2,email
EFTA00905928.pdf,data-set-9-files-31,1,other
EFTA00905929.pdf,data-set-9-files-31,1,email
EFTA00905930.pdf,data-set-9-files-31,1,email
EFTA00905931.pdf,data-set-9-files-31,1,email
EFTA00905932.pdf,data-set-9-files-31,3,email
EFTA00905935.pdf,data-set-9-files-31,2,email
EFTA00905937.pdf,data-set-9-files-31,2,email
EFTA00905939.pdf,data-set-9-files-31,2,email
EFTA00905941.pdf,data-set-9-files-31,2,email
EFTA00905943.pdf,data-set-9-files-31,2,email
EFTA00905945.pdf,data-set-9-files-31,1,email
EFTA00905946.pdf,data-set-9-files-31,2,email
EFTA00905948.pdf,data-set-9-files-31,3,email
EFTA00905951.pdf,data-set-9-files-31,1,email
EFTA00905952.pdf,data-set-9-files-31,1,email
EFTA00905953.pdf,data-set-9-files-31,1,email
EFTA00905954.pdf,data-set-9-files-31,1,email
EFTA00905955.pdf,data-set-9-files-31,1,email
EFTA00905956.pdf,data-set-9-files-31,1,email
EFTA00905957.pdf,data-set-9-files-31,1,email
EFTA00905958.pdf,data-set-9-files-31,1,email
EFTA00905959.pdf,data-set-9-files-31,1,email
EFTA00905960.pdf,data-set-9-files-31,1,email
EFTA00905961.pdf,data-set-9-files-31,1,other
EFTA00905962.pdf,data-set-9-files-31,1,other
EFTA00905963.pdf,data-set-9-files-31,1,other
EFTA00905964.pdf,data-set-9-files-31,1,other
EFTA00905965.pdf,data-set-9-files-31,1,email
EFTA00905966.pdf,data-set-9-files-31,1,email
EFTA00905967.pdf,data-set-9-files-31,1,email
EFTA00905968.pdf,data-set-9-files-31,1,email
EFTA00905969.pdf,data-set-9-files-31,1,email
EFTA00905970.pdf,data-set-9-files-31,1,email
EFTA00905971.pdf,data-set-9-files-31,1,email
EFTA00905972.pdf,data-set-9-files-31,1,email
EFTA00905973.pdf,data-set-9-files-31,2,email
EFTA00905975.pdf,data-set-9-files-31,1,email
EFTA00905976.pdf,data-set-9-files-31,1,email
EFTA00905977.pdf,data-set-9-files-31,1,other
EFTA00905978.pdf,data-set-9-files-31,1,email
EFTA00905979.pdf,data-set-9-files-31,1,email
EFTA00905980.pdf,data-set-9-files-31,2,email
EFTA00905982.pdf,data-set-9-files-31,1,email
EFTA00905983.pdf,data-set-9-files-31,1,other
EFTA00905984.pdf,data-set-9-files-31,1,email
EFTA00905985.pdf,data-set-9-files-31,1,email
EFTA00905986.pdf,data-set-9-files-31,1,email
EFTA00905987.pdf,data-set-9-files-31,1,email
EFTA00905988.pdf,data-set-9-files-31,1,email
EFTA00905989.pdf,data-set-9-files-31,1,other
EFTA00905990.pdf,data-set-9-files-31,1,email
EFTA00905991.pdf,data-set-9-files-31,5,email
EFTA00905996.pdf,data-set-9-files-31,2,email
EFTA00905998.pdf,data-set-9-files-31,3,email
EFTA00906001.pdf,data-set-9-files-31,1,email
EFTA00906002.pdf,data-set-9-files-31,1,email
EFTA00906003.pdf,data-set-9-files-31,2,email
EFTA00906005.pdf,data-set-9-files-31,2,email
EFTA00906007.pdf,data-set-9-files-31,1,email
EFTA00906008.pdf,data-set-9-files-31,1,email
EFTA00906009.pdf,data-set-9-files-31,2,email
EFTA00906011.pdf,data-set-9-files-31,2,email
EFTA00906013.pdf,data-set-9-files-31,1,email
EFTA00906014.pdf,data-set-9-files-31,2,email
EFTA00906016.pdf,data-set-9-files-31,2,email
EFTA00906018.pdf,data-set-9-files-31,3,email
EFTA00906021.pdf,data-set-9-files-31,2,email
EFTA00906023.pdf,data-set-9-files-31,2,email
EFTA00906025.pdf,data-set-9-files-31,3,email
EFTA00906028.pdf,data-set-9-files-31,1,email
EFTA00906029.pdf,data-set-9-files-31,1,email
EFTA00906030.pdf,data-set-9-files-31,2,email
EFTA00906032.pdf,data-set-9-files-31,1,email
EFTA00906033.pdf,data-set-9-files-31,1,email
EFTA00906034.pdf,data-set-9-files-31,2,email
EFTA00906036.pdf,data-set-9-files-31,2,email
EFTA00906038.pdf,data-set-9-files-31,2,email
EFTA00906040.pdf,data-set-9-files-31,2,email
EFTA00906042.pdf,data-set-9-files-31,2,email
EFTA00906044.pdf,data-set-9-files-31,2,email
EFTA00906046.pdf,data-set-9-files-31,1,email
EFTA00906047.pdf,data-set-9-files-31,1,email
EFTA00906048.pdf,data-set-9-files-31,1,email
EFTA00906049.pdf,data-set-9-files-31,1,email
EFTA00906050.pdf,data-set-9-files-31,2,email
EFTA00906052.pdf,data-set-9-files-31,3,email
EFTA00906055.pdf,data-set-9-files-31,3,email
EFTA00906058.pdf,data-set-9-files-31,1,email
EFTA00906059.pdf,data-set-9-files-31,1,other
EFTA00906060.pdf,data-set-9-files-31,1,other
EFTA00906061.pdf,data-set-9-files-31,3,email
EFTA00906064.pdf,data-set-9-files-31,1,email
EFTA00906065.pdf,data-set-9-files-31,2,email
EFTA00906067.pdf,data-set-9-files-31,1,email
EFTA00906068.pdf,data-set-9-files-31,5,email
EFTA00906073.pdf,data-set-9-files-31,1,other
EFTA00906074.pdf,data-set-9-files-31,1,email
EFTA00906075.pdf,data-set-9-files-31,1,email
EFTA00906076.pdf,data-set-9-files-31,2,email
EFTA00906078.pdf,data-set-9-files-31,1,email
EFTA00906079.pdf,data-set-9-files-31,1,email
EFTA00906080.pdf,data-set-9-files-31,1,email
EFTA00906081.pdf,data-set-9-files-31,1,email
EFTA00906082.pdf,data-set-9-files-31,1,other
EFTA00906083.pdf,data-set-9-files-31,2,email
EFTA00906085.pdf,data-set-9-files-31,1,email
EFTA00906086.pdf,data-set-9-files-31,1,email
EFTA00906087.pdf,data-set-9-files-31,3,email
EFTA00906090.pdf,data-set-9-files-31,1,email
EFTA00906091.pdf,data-set-9-files-31,1,email
EFTA00906092.pdf,data-set-9-files-31,1,email
EFTA00906093.pdf,data-set-9-files-31,1,email
EFTA00906094.pdf,data-set-9-files-31,1,email
EFTA00906095.pdf,data-set-9-files-31,2,email
EFTA00906097.pdf,data-set-9-files-31,2,email
EFTA00906099.pdf,data-set-9-files-31,1,other
EFTA00906100.pdf,data-set-9-files-31,1,email
EFTA00906101.pdf,data-set-9-files-31,3,email
EFTA00906104.pdf,data-set-9-files-31,1,email
EFTA00906105.pdf,data-set-9-files-31,1,email
EFTA00906106.pdf,data-set-9-files-31,2,email
EFTA00906108.pdf,data-set-9-files-31,1,email
EFTA00906109.pdf,data-set-9-files-31,1,email
EFTA00906110.pdf,data-set-9-files-31,1,email
EFTA00906111.pdf,data-set-9-files-31,3,email
EFTA00906114.pdf,data-set-9-files-31,1,email
EFTA00906115.pdf,data-set-9-files-31,1,email
EFTA00906116.pdf,data-set-9-files-31,1,email
EFTA00906117.pdf,data-set-9-files-31,1,email
EFTA00906118.pdf,data-set-9-files-31,3,email
EFTA00906121.pdf,data-set-9-files-31,1,email
EFTA00906122.pdf,data-set-9-files-31,1,email
EFTA00906123.pdf,data-set-9-files-31,5,email
EFTA00906128.pdf,data-set-9-files-31,1,email
EFTA00906129.pdf,data-set-9-files-31,1,email
EFTA00906130.pdf,data-set-9-files-31,1,email
EFTA00906131.pdf,data-set-9-files-31,1,email
EFTA00906132.pdf,data-set-9-files-31,2,email
EFTA00906134.pdf,data-set-9-files-31,2,email
EFTA00906136.pdf,data-set-9-files-31,3,email
EFTA00906139.pdf,data-set-9-files-31,1,email
EFTA00906140.pdf,data-set-9-files-31,1,email
EFTA00906141.pdf,data-set-9-files-31,1,email
EFTA00906142.pdf,data-set-9-files-31,1,email
EFTA00906143.pdf,data-set-9-files-31,2,email
EFTA00906145.pdf,data-set-9-files-31,1,email
EFTA00906146.pdf,data-set-9-files-31,3,email
EFTA00906149.pdf,data-set-9-files-31,1,email
EFTA00906150.pdf,data-set-9-files-31,1,email
EFTA00906151.pdf,data-set-9-files-31,1,email
EFTA00906152.pdf,data-set-9-files-31,1,email
EFTA00906153.pdf,data-set-9-files-31,2,email
EFTA00906155.pdf,data-set-9-files-31,1,email
EFTA00906156.pdf,data-set-9-files-31,1,email
EFTA00906157.pdf,data-set-9-files-31,1,email
EFTA00906158.pdf,data-set-9-files-31,2,email
EFTA00906160.pdf,data-set-9-files-31,2,email
EFTA00906162.pdf,data-set-9-files-31,1,email
EFTA00906163.pdf,data-set-9-files-31,2,email
EFTA00906165.pdf,data-set-9-files-31,2,email
EFTA00906167.pdf,data-set-9-files-31,1,email
EFTA00906168.pdf,data-set-9-files-31,2,email
EFTA00906170.pdf,data-set-9-files-31,1,email
EFTA00906171.pdf,data-set-9-files-31,1,other
EFTA00906172.pdf,data-set-9-files-31,1,email
EFTA00906173.pdf,data-set-9-files-31,1,email
EFTA00906174.pdf,data-set-9-files-31,1,email
EFTA00906175.pdf,data-set-9-files-31,1,email
EFTA00906176.pdf,data-set-9-files-31,1,email
EFTA00906177.pdf,data-set-9-files-31,1,email
EFTA00906178.pdf,data-set-9-files-31,1,email
EFTA00906179.pdf,data-set-9-files-31,1,email
EFTA00906180.pdf,data-set-9-files-31,1,email
EFTA00906181.pdf,data-set-9-files-31,2,email
EFTA00906183.pdf,data-set-9-files-31,1,email
EFTA00906184.pdf,data-set-9-files-31,1,email
EFTA00906185.pdf,data-set-9-files-31,1,email
EFTA00906186.pdf,data-set-9-files-31,2,email
EFTA00906188.pdf,data-set-9-files-31,2,email
EFTA00906190.pdf,data-set-9-files-31,1,email
EFTA00906191.pdf,data-set-9-files-31,1,email
EFTA00906192.pdf,data-set-9-files-31,1,email
EFTA00906193.pdf,data-set-9-files-31,3,email
EFTA00906196.pdf,data-set-9-files-31,3,email
EFTA00906199.pdf,data-set-9-files-31,2,email
EFTA00906201.pdf,data-set-9-files-31,4,email
EFTA00906205.pdf,data-set-9-files-31,2,email
EFTA00906207.pdf,data-set-9-files-31,2,email
EFTA00906209.pdf,data-set-9-files-31,2,email
EFTA00906211.pdf,data-set-9-files-31,2,email
EFTA00906213.pdf,data-set-9-files-31,1,email
EFTA00906214.pdf,data-set-9-files-31,2,email
EFTA00906216.pdf,data-set-9-files-31,2,email
EFTA00906218.pdf,data-set-9-files-31,2,email
EFTA00906220.pdf,data-set-9-files-31,2,email
EFTA00906222.pdf,data-set-9-files-31,2,email
EFTA00906224.pdf,data-set-9-files-31,3,email
EFTA00906227.pdf,data-set-9-files-31,2,email
EFTA00906229.pdf,data-set-9-files-31,2,email
EFTA00906231.pdf,data-set-9-files-31,1,email
EFTA00906232.pdf,data-set-9-files-31,3,email
EFTA00906235.pdf,data-set-9-files-31,1,email
EFTA00906236.pdf,data-set-9-files-31,1,email
EFTA00906237.pdf,data-set-9-files-31,2,email
EFTA00906239.pdf,data-set-9-files-31,1,email
EFTA00906240.pdf,data-set-9-files-31,1,email
EFTA00906241.pdf,data-set-9-files-31,2,email
EFTA00906243.pdf,data-set-9-files-31,1,email
EFTA00906244.pdf,data-set-9-files-31,2,email
EFTA00906246.pdf,data-set-9-files-31,1,email
EFTA00906247.pdf,data-set-9-files-31,2,email
EFTA00906249.pdf,data-set-9-files-31,1,email
EFTA00906250.pdf,data-set-9-files-31,2,email
EFTA00906252.pdf,data-set-9-files-31,1,email
EFTA00906253.pdf,data-set-9-files-31,1,email
EFTA00906254.pdf,data-set-9-files-31,1,email
EFTA00906255.pdf,data-set-9-files-31,3,email
EFTA00906258.pdf,data-set-9-files-31,2,email
EFTA00906260.pdf,data-set-9-files-31,1,email
EFTA00906261.pdf,data-set-9-files-31,1,email
EFTA00906262.pdf,data-set-9-files-31,1,email
EFTA00906263.pdf,data-set-9-files-31,1,email
EFTA00906264.pdf,data-set-9-files-31,1,email
EFTA00906265.pdf,data-set-9-files-31,1,email
EFTA00906266.pdf,data-set-9-files-31,1,email
EFTA00906267.pdf,data-set-9-files-31,1,email
EFTA00906268.pdf,data-set-9-files-31,1,email
EFTA00906269.pdf,data-set-9-files-31,1,email
EFTA00906270.pdf,data-set-9-files-31,1,email
EFTA00906271.pdf,data-set-9-files-31,1,email
EFTA00906272.pdf,data-set-9-files-31,3,email
EFTA00906275.pdf,data-set-9-files-31,3,email
EFTA00906278.pdf,data-set-9-files-31,1,email
EFTA00906279.pdf,data-set-9-files-31,3,email
EFTA00906282.pdf,data-set-9-files-31,1,email
EFTA00906283.pdf,data-set-9-files-31,1,email
EFTA00906284.pdf,data-set-9-files-31,2,email
EFTA00906286.pdf,data-set-9-files-31,1,email
EFTA00906287.pdf,data-set-9-files-31,1,email
EFTA00906288.pdf,data-set-9-files-31,1,email
EFTA00906289.pdf,data-set-9-files-31,1,email
EFTA00906290.pdf,data-set-9-files-31,1,email
EFTA00906291.pdf,data-set-9-files-31,1,email
EFTA00906292.pdf,data-set-9-files-31,2,email
EFTA00906294.pdf,data-set-9-files-31,1,email
EFTA00906295.pdf,data-set-9-files-31,1,email
EFTA00906296.pdf,data-set-9-files-31,1,email
EFTA00906297.pdf,data-set-9-files-31,1,email
EFTA00906298.pdf,data-set-9-files-31,6,email
EFTA00906304.pdf,data-set-9-files-31,1,email
EFTA00906305.pdf,data-set-9-files-31,2,email
EFTA00906307.pdf,data-set-9-files-31,1,email
EFTA00906308.pdf,data-set-9-files-31,1,email
EFTA00906309.pdf,data-set-9-files-31,1,email
EFTA00906310.pdf,data-set-9-files-31,1,email
EFTA00906311.pdf,data-set-9-files-31,2,email
EFTA00906313.pdf,data-set-9-files-31,1,email
EFTA00906314.pdf,data-set-9-files-31,1,email
EFTA00906315.pdf,data-set-9-files-31,1,email
EFTA00906316.pdf,data-set-9-files-31,1,email
EFTA00906317.pdf,data-set-9-files-31,1,email
EFTA00906318.pdf,data-set-9-files-31,1,email
EFTA00906319.pdf,data-set-9-files-31,2,email
EFTA00906321.pdf,data-set-9-files-31,2,email
EFTA00906323.pdf,data-set-9-files-31,1,email
EFTA00906324.pdf,data-set-9-files-31,1,email
EFTA00906325.pdf,data-set-9-files-31,1,email
EFTA00906326.pdf,data-set-9-files-31,1,email
EFTA00906327.pdf,data-set-9-files-31,1,email
EFTA00906328.pdf,data-set-9-files-31,1,email
EFTA00906329.pdf,data-set-9-files-31,1,email
EFTA00906330.pdf,data-set-9-files-31,1,email
EFTA00906331.pdf,data-set-9-files-31,1,email
EFTA00906332.pdf,data-set-9-files-31,1,email
EFTA00906333.pdf,data-set-9-files-31,1,email
EFTA00906334.pdf,data-set-9-files-31,2,email
EFTA00906336.pdf,data-set-9-files-31,1,email
EFTA00906337.pdf,data-set-9-files-31,1,email
EFTA00906338.pdf,data-set-9-files-31,1,email
EFTA00906339.pdf,data-set-9-files-31,1,email
EFTA00906340.pdf,data-set-9-files-31,1,email
EFTA00906341.pdf,data-set-9-files-31,2,email
EFTA00906343.pdf,data-set-9-files-31,1,email
EFTA00906344.pdf,data-set-9-files-31,1,other
EFTA00906345.pdf,data-set-9-files-31,3,email
EFTA00906348.pdf,data-set-9-files-31,1,email
EFTA00906349.pdf,data-set-9-files-31,1,email
EFTA00906350.pdf,data-set-9-files-31,2,email
EFTA00906352.pdf,data-set-9-files-31,2,email
EFTA00906354.pdf,data-set-9-files-31,1,email
EFTA00906355.pdf,data-set-9-files-31,1,other
EFTA00906356.pdf,data-set-9-files-31,1,email
EFTA00906357.pdf,data-set-9-files-31,2,email
EFTA00906359.pdf,data-set-9-files-31,1,email
EFTA00906360.pdf,data-set-9-files-31,1,email
EFTA00906361.pdf,data-set-9-files-31,2,email
EFTA00906363.pdf,data-set-9-files-31,2,email
EFTA00906365.pdf,data-set-9-files-31,2,email
EFTA00906367.pdf,data-set-9-files-31,1,email
EFTA00906368.pdf,data-set-9-files-31,1,email
EFTA00906369.pdf,data-set-9-files-31,1,email
EFTA00906370.pdf,data-set-9-files-31,2,email
EFTA00906372.pdf,data-set-9-files-31,1,email
EFTA00906373.pdf,data-set-9-files-31,1,email
EFTA00906374.pdf,data-set-9-files-31,1,email
EFTA00906375.pdf,data-set-9-files-31,3,email
EFTA00906378.pdf,data-set-9-files-31,1,email
EFTA00906379.pdf,data-set-9-files-31,3,email
EFTA00906382.pdf,data-set-9-files-31,1,email
EFTA00906383.pdf,data-set-9-files-31,1,email
EFTA00906384.pdf,data-set-9-files-31,1,email
EFTA00906385.pdf,data-set-9-files-31,1,email
EFTA00906386.pdf,data-set-9-files-31,1,email
EFTA00906387.pdf,data-set-9-files-31,1,email
EFTA00906388.pdf,data-set-9-files-31,1,email
EFTA00906389.pdf,data-set-9-files-31,1,email
EFTA00906390.pdf,data-set-9-files-31,1,email
EFTA00906391.pdf,data-set-9-files-31,2,email
EFTA00906393.pdf,data-set-9-files-31,1,email
EFTA00906394.pdf,data-set-9-files-31,1,email
EFTA00906395.pdf,data-set-9-files-31,1,email
EFTA00906396.pdf,data-set-9-files-31,2,email
EFTA00906398.pdf,data-set-9-files-31,1,email
EFTA00906399.pdf,data-set-9-files-31,1,email
EFTA00906400.pdf,data-set-9-files-31,2,email
EFTA00906402.pdf,data-set-9-files-31,1,email
EFTA00906403.pdf,data-set-9-files-31,1,email
EFTA00906404.pdf,data-set-9-files-31,1,email
EFTA00906405.pdf,data-set-9-files-31,1,email
EFTA00906406.pdf,data-set-9-files-31,1,email
EFTA00906407.pdf,data-set-9-files-31,1,email
EFTA00906408.pdf,data-set-9-files-31,1,email
EFTA00906409.pdf,data-set-9-files-31,4,email
EFTA00906413.pdf,data-set-9-files-31,1,email
EFTA00906414.pdf,data-set-9-files-31,1,email
EFTA00906415.pdf,data-set-9-files-31,3,email
EFTA00906418.pdf,data-set-9-files-31,2,email
EFTA00906420.pdf,data-set-9-files-31,1,email
EFTA00906421.pdf,data-set-9-files-31,1,email
EFTA00906422.pdf,data-set-9-files-31,3,email
EFTA00906425.pdf,data-set-9-files-31,3,email
EFTA00906428.pdf,data-set-9-files-31,1,email
EFTA00906429.pdf,data-set-9-files-31,4,email
EFTA00906433.pdf,data-set-9-files-31,1,email
EFTA00906434.pdf,data-set-9-files-31,1,other
EFTA00906435.pdf,data-set-9-files-31,1,email
EFTA00906436.pdf,data-set-9-files-31,4,email
EFTA00906440.pdf,data-set-9-files-31,1,email
EFTA00906441.pdf,data-set-9-files-31,4,email
EFTA00906445.pdf,data-set-9-files-31,5,email
EFTA00906450.pdf,data-set-9-files-31,2,email
EFTA00906452.pdf,data-set-9-files-31,1,email
EFTA00906453.pdf,data-set-9-files-31,1,email
EFTA00906454.pdf,data-set-9-files-31,1,email
EFTA00906455.pdf,data-set-9-files-31,1,email
EFTA00906456.pdf,data-set-9-files-31,1,email
EFTA00906457.pdf,data-set-9-files-31,1,email
EFTA00906458.pdf,data-set-9-files-31,1,email
EFTA00906459.pdf,data-set-9-files-31,1,email
EFTA00906460.pdf,data-set-9-files-31,1,email
EFTA00906461.pdf,data-set-9-files-31,1,other
EFTA00906462.pdf,data-set-9-files-31,1,email
EFTA00906463.pdf,data-set-9-files-31,1,email
EFTA00906464.pdf,data-set-9-files-31,2,email
EFTA00906466.pdf,data-set-9-files-31,3,email
EFTA00906469.pdf,data-set-9-files-31,1,email
EFTA00906470.pdf,data-set-9-files-31,1,email
EFTA00906471.pdf,data-set-9-files-31,1,email
EFTA00906472.pdf,data-set-9-files-31,1,email
EFTA00906473.pdf,data-set-9-files-31,1,email
EFTA00906474.pdf,data-set-9-files-31,1,other
EFTA00906475.pdf,data-set-9-files-31,1,email
EFTA00906476.pdf,data-set-9-files-31,1,email
EFTA00906477.pdf,data-set-9-files-31,1,email
EFTA00906478.pdf,data-set-9-files-31,2,email
EFTA00906480.pdf,data-set-9-files-31,1,email
EFTA00906481.pdf,data-set-9-files-31,1,email
EFTA00906482.pdf,data-set-9-files-31,1,email
EFTA00906483.pdf,data-set-9-files-31,1,email
EFTA00906484.pdf,data-set-9-files-31,1,email
EFTA00906485.pdf,data-set-9-files-31,1,email
EFTA00906486.pdf,data-set-9-files-31,1,email
EFTA00906487.pdf,data-set-9-files-31,2,email
EFTA00906489.pdf,data-set-9-files-31,1,email
EFTA00906490.pdf,data-set-9-files-31,1,email
EFTA00906491.pdf,data-set-9-files-31,1,email
EFTA00906492.pdf,data-set-9-files-31,1,email
EFTA00906493.pdf,data-set-9-files-31,1,email
EFTA00906494.pdf,data-set-9-files-31,1,email
EFTA00906495.pdf,data-set-9-files-31,1,email
EFTA00906496.pdf,data-set-9-files-31,1,email
EFTA00906497.pdf,data-set-9-files-31,1,email
EFTA00906498.pdf,data-set-9-files-31,1,email
EFTA00906499.pdf,data-set-9-files-31,1,email
EFTA00906500.pdf,data-set-9-files-31,1,email
EFTA00906501.pdf,data-set-9-files-31,1,other
EFTA00906502.pdf,data-set-9-files-31,1,email
EFTA00906503.pdf,data-set-9-files-31,1,email
EFTA00906504.pdf,data-set-9-files-31,1,email
EFTA00906505.pdf,data-set-9-files-31,2,email
EFTA00906507.pdf,data-set-9-files-31,2,email
EFTA00906509.pdf,data-set-9-files-31,2,email
EFTA00906511.pdf,data-set-9-files-31,2,email
EFTA00906513.pdf,data-set-9-files-31,2,email
EFTA00906515.pdf,data-set-9-files-31,3,email
EFTA00906518.pdf,data-set-9-files-31,1,email
EFTA00906519.pdf,data-set-9-files-31,2,email
EFTA00906521.pdf,data-set-9-files-31,1,email
EFTA00906522.pdf,data-set-9-files-31,1,email
EFTA00906523.pdf,data-set-9-files-31,1,email
EFTA00906524.pdf,data-set-9-files-31,1,email
EFTA00906525.pdf,data-set-9-files-31,2,email
EFTA00906527.pdf,data-set-9-files-31,2,email
EFTA00906529.pdf,data-set-9-files-31,1,email
EFTA00906530.pdf,data-set-9-files-31,1,email
EFTA00906531.pdf,data-set-9-files-31,1,email
EFTA00906532.pdf,data-set-9-files-31,2,email
EFTA00906534.pdf,data-set-9-files-31,1,email
EFTA00906535.pdf,data-set-9-files-31,1,other
EFTA00906536.pdf,data-set-9-files-31,1,email
EFTA00906537.pdf,data-set-9-files-31,1,email
EFTA00906538.pdf,data-set-9-files-31,2,email
EFTA00906540.pdf,data-set-9-files-31,1,email
EFTA00906541.pdf,data-set-9-files-31,2,email
EFTA00906543.pdf,data-set-9-files-31,2,email
EFTA00906545.pdf,data-set-9-files-31,2,email
EFTA00906547.pdf,data-set-9-files-31,2,email
EFTA00906549.pdf,data-set-9-files-31,1,email
EFTA00906550.pdf,data-set-9-files-31,1,email
EFTA00906551.pdf,data-set-9-files-31,2,email
EFTA00906553.pdf,data-set-9-files-31,1,email
EFTA00906554.pdf,data-set-9-files-31,3,email
EFTA00906557.pdf,data-set-9-files-31,2,email
EFTA00906559.pdf,data-set-9-files-31,1,email
EFTA00906560.pdf,data-set-9-files-31,2,email
EFTA00906562.pdf,data-set-9-files-31,1,email
EFTA00906563.pdf,data-set-9-files-31,1,email
EFTA00906564.pdf,data-set-9-files-31,3,email
EFTA00906567.pdf,data-set-9-files-31,2,email
EFTA00906569.pdf,data-set-9-files-31,3,email
EFTA00906572.pdf,data-set-9-files-31,2,email
EFTA00906574.pdf,data-set-9-files-31,1,email
EFTA00906575.pdf,data-set-9-files-31,1,email
EFTA00906576.pdf,data-set-9-files-31,1,email
EFTA00906577.pdf,data-set-9-files-31,1,email
EFTA00906578.pdf,data-set-9-files-31,1,email
EFTA00906579.pdf,data-set-9-files-31,1,email
EFTA00906580.pdf,data-set-9-files-31,1,email
EFTA00906581.pdf,data-set-9-files-31,2,email
EFTA00906583.pdf,data-set-9-files-31,1,email
EFTA00906584.pdf,data-set-9-files-31,2,email
EFTA00906586.pdf,data-set-9-files-31,1,email
EFTA00906587.pdf,data-set-9-files-31,1,email
EFTA00906588.pdf,data-set-9-files-31,3,email
EFTA00906591.pdf,data-set-9-files-31,1,email
EFTA00906592.pdf,data-set-9-files-31,1,email
EFTA00906593.pdf,data-set-9-files-31,7,email
EFTA00906600.pdf,data-set-9-files-31,1,email
EFTA00906601.pdf,data-set-9-files-31,1,email
EFTA00906602.pdf,data-set-9-files-31,1,email
EFTA00906603.pdf,data-set-9-files-31,1,email
EFTA00906604.pdf,data-set-9-files-31,1,email
EFTA00906605.pdf,data-set-9-files-31,1,email
EFTA00906606.pdf,data-set-9-files-31,1,email
EFTA00906607.pdf,data-set-9-files-31,1,email
EFTA00906608.pdf,data-set-9-files-31,1,email
EFTA00906609.pdf,data-set-9-files-31,1,email
EFTA00906610.pdf,data-set-9-files-31,3,email
EFTA00906613.pdf,data-set-9-files-31,1,email
EFTA00906614.pdf,data-set-9-files-31,3,email
EFTA00906617.pdf,data-set-9-files-31,1,email
EFTA00906618.pdf,data-set-9-files-31,1,email
EFTA00906619.pdf,data-set-9-files-31,2,email
EFTA00906621.pdf,data-set-9-files-31,1,email
EFTA00906622.pdf,data-set-9-files-31,2,email
EFTA00906624.pdf,data-set-9-files-31,1,email
EFTA00906625.pdf,data-set-9-files-31,1,email
EFTA00906626.pdf,data-set-9-files-31,1,email
EFTA00906627.pdf,data-set-9-files-31,1,email
EFTA00906628.pdf,data-set-9-files-31,3,email
EFTA00906631.pdf,data-set-9-files-31,1,email
EFTA00906632.pdf,data-set-9-files-31,1,email
EFTA00906633.pdf,data-set-9-files-31,1,email
EFTA00906634.pdf,data-set-9-files-31,1,email
EFTA00906635.pdf,data-set-9-files-31,1,email
EFTA00906636.pdf,data-set-9-files-31,2,email
EFTA00906638.pdf,data-set-9-files-31,3,email
EFTA00906641.pdf,data-set-9-files-31,1,email
EFTA00906642.pdf,data-set-9-files-31,3,email
EFTA00906645.pdf,data-set-9-files-31,1,email
EFTA00906646.pdf,data-set-9-files-31,1,email
EFTA00906647.pdf,data-set-9-files-31,1,email
EFTA00906648.pdf,data-set-9-files-31,1,email
EFTA00906649.pdf,data-set-9-files-31,1,email
EFTA00906650.pdf,data-set-9-files-31,1,email
EFTA00906651.pdf,data-set-9-files-31,2,email
EFTA00906653.pdf,data-set-9-files-31,1,other
EFTA00906654.pdf,data-set-9-files-31,1,email
EFTA00906655.pdf,data-set-9-files-31,1,email
EFTA00906656.pdf,data-set-9-files-31,1,email
EFTA00906657.pdf,data-set-9-files-31,1,email
EFTA00906658.pdf,data-set-9-files-31,1,other
EFTA00906659.pdf,data-set-9-files-31,1,email
EFTA00906660.pdf,data-set-9-files-31,2,email
EFTA00906662.pdf,data-set-9-files-31,2,email
EFTA00906664.pdf,data-set-9-files-31,1,email
EFTA00906665.pdf,data-set-9-files-31,1,email
EFTA00906666.pdf,data-set-9-files-31,1,other
EFTA00906667.pdf,data-set-9-files-31,1,email
EFTA00906668.pdf,data-set-9-files-31,1,email
EFTA00906669.pdf,data-set-9-files-31,1,email
EFTA00906670.pdf,data-set-9-files-31,2,email
EFTA00906672.pdf,data-set-9-files-31,2,email
EFTA00906674.pdf,data-set-9-files-31,2,email
EFTA00906676.pdf,data-set-9-files-31,1,email
EFTA00906677.pdf,data-set-9-files-31,1,email
EFTA00906678.pdf,data-set-9-files-31,4,email
EFTA00906682.pdf,data-set-9-files-31,1,other
EFTA00906683.pdf,data-set-9-files-31,1,email
EFTA00906684.pdf,data-set-9-files-31,1,other
EFTA00906685.pdf,data-set-9-files-31,1,other
EFTA00906686.pdf,data-set-9-files-31,1,email
EFTA00906687.pdf,data-set-9-files-31,1,email
EFTA00906688.pdf,data-set-9-files-31,5,email
EFTA00906693.pdf,data-set-9-files-31,1,other
EFTA00906694.pdf,data-set-9-files-31,1,email
EFTA00906695.pdf,data-set-9-files-31,1,email
EFTA00906696.pdf,data-set-9-files-31,1,email
EFTA00906697.pdf,data-set-9-files-31,2,email
EFTA00906699.pdf,data-set-9-files-31,1,email
EFTA00906700.pdf,data-set-9-files-31,1,other
EFTA00906701.pdf,data-set-9-files-31,1,other
EFTA00906702.pdf,data-set-9-files-31,1,email
EFTA00906703.pdf,data-set-9-files-31,1,email
EFTA00906704.pdf,data-set-9-files-31,1,email
EFTA00906705.pdf,data-set-9-files-31,2,email
EFTA00906707.pdf,data-set-9-files-31,2,email
EFTA00906709.pdf,data-set-9-files-31,1,email
EFTA00906710.pdf,data-set-9-files-31,1,email
EFTA00906711.pdf,data-set-9-files-31,1,email
EFTA00906712.pdf,data-set-9-files-31,1,email
EFTA00906713.pdf,data-set-9-files-31,2,email
EFTA00906715.pdf,data-set-9-files-31,2,email
EFTA00906717.pdf,data-set-9-files-31,2,email
EFTA00906719.pdf,data-set-9-files-31,1,email
EFTA00906720.pdf,data-set-9-files-31,5,email
EFTA00906725.pdf,data-set-9-files-31,1,email
EFTA00906726.pdf,data-set-9-files-31,1,email
EFTA00906727.pdf,data-set-9-files-31,1,email
EFTA00906728.pdf,data-set-9-files-31,1,email
EFTA00906729.pdf,data-set-9-files-31,1,email
EFTA00906730.pdf,data-set-9-files-31,1,email
EFTA00906731.pdf,data-set-9-files-31,1,email
EFTA00906732.pdf,data-set-9-files-31,1,email
EFTA00906733.pdf,data-set-9-files-31,1,email
EFTA00906734.pdf,data-set-9-files-31,1,email
EFTA00906735.pdf,data-set-9-files-31,1,email
EFTA00906736.pdf,data-set-9-files-31,1,email
EFTA00906737.pdf,data-set-9-files-31,1,email
EFTA00906738.pdf,data-set-9-files-31,2,email
EFTA00906740.pdf,data-set-9-files-31,3,email
EFTA00906743.pdf,data-set-9-files-31,6,email
EFTA00906749.pdf,data-set-9-files-31,1,email
EFTA00906750.pdf,data-set-9-files-31,1,email
EFTA00906751.pdf,data-set-9-files-31,2,email
EFTA00906753.pdf,data-set-9-files-31,7,email
EFTA00906760.pdf,data-set-9-files-31,7,email
EFTA00906767.pdf,data-set-9-files-31,2,email
EFTA00906769.pdf,data-set-9-files-31,1,email
EFTA00906770.pdf,data-set-9-files-31,1,email
EFTA00906771.pdf,data-set-9-files-31,2,email
EFTA00906773.pdf,data-set-9-files-31,1,email
EFTA00906774.pdf,data-set-9-files-31,2,email
EFTA00906776.pdf,data-set-9-files-31,2,email
EFTA00906778.pdf,data-set-9-files-31,1,email
EFTA00906779.pdf,data-set-9-files-31,2,email
EFTA00906781.pdf,data-set-9-files-31,1,email
EFTA00906782.pdf,data-set-9-files-31,1,email
EFTA00906783.pdf,data-set-9-files-31,1,email
EFTA00906784.pdf,data-set-9-files-31,1,email
EFTA00906785.pdf,data-set-9-files-31,1,email
EFTA00906786.pdf,data-set-9-files-31,1,email
EFTA00906787.pdf,data-set-9-files-31,1,email
EFTA00906788.pdf,data-set-9-files-31,1,email
EFTA00906789.pdf,data-set-9-files-31,1,email
EFTA00906790.pdf,data-set-9-files-31,1,email
EFTA00906791.pdf,data-set-9-files-31,1,email
EFTA00906792.pdf,data-set-9-files-31,1,email
EFTA00906793.pdf,data-set-9-files-31,1,email
EFTA00906794.pdf,data-set-9-files-31,1,email
EFTA00906795.pdf,data-set-9-files-31,1,email
EFTA00906796.pdf,data-set-9-files-31,1,email
EFTA00906797.pdf,data-set-9-files-31,1,email
EFTA00906798.pdf,data-set-9-files-31,1,email
EFTA00906799.pdf,data-set-9-files-31,2,email
EFTA00906801.pdf,data-set-9-files-31,2,email
EFTA00906803.pdf,data-set-9-files-31,2,email
EFTA00906805.pdf,data-set-9-files-31,2,email
EFTA00906807.pdf,data-set-9-files-31,3,email
EFTA00906810.pdf,data-set-9-files-31,1,email
EFTA00906811.pdf,data-set-9-files-31,1,email
EFTA00906812.pdf,data-set-9-files-31,3,email
EFTA00906815.pdf,data-set-9-files-31,3,email
EFTA00906818.pdf,data-set-9-files-31,1,email
EFTA00906819.pdf,data-set-9-files-31,2,email
EFTA00906821.pdf,data-set-9-files-31,1,email
EFTA00906822.pdf,data-set-9-files-31,1,email
EFTA00906823.pdf,data-set-9-files-31,1,email
EFTA00906824.pdf,data-set-9-files-31,1,email
EFTA00906825.pdf,data-set-9-files-31,1,email
EFTA00906826.pdf,data-set-9-files-31,1,email
EFTA00906827.pdf,data-set-9-files-31,1,email
EFTA00906828.pdf,data-set-9-files-31,2,email
EFTA00906830.pdf,data-set-9-files-31,1,email
EFTA00906831.pdf,data-set-9-files-31,1,email
EFTA00906832.pdf,data-set-9-files-31,1,email
EFTA00906833.pdf,data-set-9-files-31,1,email
EFTA00906834.pdf,data-set-9-files-31,1,email
EFTA00906835.pdf,data-set-9-files-31,1,email
EFTA00906836.pdf,data-set-9-files-31,1,email
EFTA00906837.pdf,data-set-9-files-31,2,email
EFTA00906839.pdf,data-set-9-files-31,1,email
EFTA00906840.pdf,data-set-9-files-31,2,email
EFTA00906842.pdf,data-set-9-files-31,1,email
EFTA00906843.pdf,data-set-9-files-31,1,email
EFTA00906844.pdf,data-set-9-files-31,1,email
EFTA00906845.pdf,data-set-9-files-31,1,email
EFTA00906846.pdf,data-set-9-files-31,1,email
EFTA00906847.pdf,data-set-9-files-31,1,email
EFTA00906848.pdf,data-set-9-files-31,1,email
EFTA00906849.pdf,data-set-9-files-31,1,email
EFTA00906850.pdf,data-set-9-files-31,1,email
EFTA00906851.pdf,data-set-9-files-31,1,email
EFTA00906852.pdf,data-set-9-files-31,1,email
EFTA00906853.pdf,data-set-9-files-31,1,email
EFTA00906854.pdf,data-set-9-files-31,1,email
EFTA00906855.pdf,data-set-9-files-31,2,email
EFTA00906857.pdf,data-set-9-files-31,1,email
EFTA00906858.pdf,data-set-9-files-31,1,email
EFTA00906859.pdf,data-set-9-files-31,1,email
EFTA00906860.pdf,data-set-9-files-31,1,email
EFTA00906861.pdf,data-set-9-files-31,1,email
EFTA00906862.pdf,data-set-9-files-31,1,email
EFTA00906863.pdf,data-set-9-files-31,2,email
EFTA00906865.pdf,data-set-9-files-31,2,email
EFTA00906867.pdf,data-set-9-files-31,1,email
EFTA00906868.pdf,data-set-9-files-31,2,email
EFTA00906870.pdf,data-set-9-files-31,2,email
EFTA00906872.pdf,data-set-9-files-31,2,email
EFTA00906874.pdf,data-set-9-files-31,2,email
EFTA00906876.pdf,data-set-9-files-31,2,email
EFTA00906878.pdf,data-set-9-files-31,2,email
EFTA00906880.pdf,data-set-9-files-31,2,email
EFTA00906882.pdf,data-set-9-files-31,2,email
EFTA00906884.pdf,data-set-9-files-31,2,email
EFTA00906886.pdf,data-set-9-files-31,2,email
EFTA00906888.pdf,data-set-9-files-31,1,email
EFTA00906889.pdf,data-set-9-files-31,2,email
EFTA00906891.pdf,data-set-9-files-31,1,email
EFTA00906892.pdf,data-set-9-files-31,1,email
EFTA00906893.pdf,data-set-9-files-31,1,email
EFTA00906894.pdf,data-set-9-files-31,2,email
EFTA00906896.pdf,data-set-9-files-31,2,email
EFTA00906898.pdf,data-set-9-files-31,1,email
EFTA00906899.pdf,data-set-9-files-31,2,email
EFTA00906901.pdf,data-set-9-files-31,1,email
EFTA00906902.pdf,data-set-9-files-31,1,other
EFTA00906903.pdf,data-set-9-files-31,1,email
EFTA00906904.pdf,data-set-9-files-31,1,email
EFTA00906905.pdf,data-set-9-files-31,1,email
EFTA00906906.pdf,data-set-9-files-31,1,email
EFTA00906907.pdf,data-set-9-files-31,1,email
EFTA00906908.pdf,data-set-9-files-31,2,email
EFTA00906910.pdf,data-set-9-files-31,1,email
EFTA00906911.pdf,data-set-9-files-31,1,email
EFTA00906912.pdf,data-set-9-files-31,1,email
EFTA00906913.pdf,data-set-9-files-31,1,email
EFTA00906914.pdf,data-set-9-files-31,1,email
EFTA00906915.pdf,data-set-9-files-31,1,email
EFTA00906916.pdf,data-set-9-files-31,1,email
EFTA00906917.pdf,data-set-9-files-31,1,email
EFTA00906918.pdf,data-set-9-files-31,1,email
EFTA00906919.pdf,data-set-9-files-31,2,email
EFTA00906921.pdf,data-set-9-files-31,2,email
EFTA00906923.pdf,data-set-9-files-31,3,email
EFTA00906926.pdf,data-set-9-files-31,1,email
EFTA00906927.pdf,data-set-9-files-31,1,email
EFTA00906928.pdf,data-set-9-files-31,1,email
EFTA00906929.pdf,data-set-9-files-31,1,email
EFTA00906930.pdf,data-set-9-files-31,3,email
EFTA00906933.pdf,data-set-9-files-31,1,email
EFTA00906934.pdf,data-set-9-files-31,1,email
EFTA00906935.pdf,data-set-9-files-31,2,email
EFTA00906937.pdf,data-set-9-files-31,2,email
EFTA00906939.pdf,data-set-9-files-31,1,email
EFTA00906940.pdf,data-set-9-files-31,1,email
EFTA00906941.pdf,data-set-9-files-31,2,email
EFTA00906943.pdf,data-set-9-files-31,1,email
EFTA00906944.pdf,data-set-9-files-31,1,email
EFTA00906945.pdf,data-set-9-files-31,1,email
EFTA00906946.pdf,data-set-9-files-31,1,email
EFTA00906947.pdf,data-set-9-files-31,1,email
EFTA00906948.pdf,data-set-9-files-31,2,email
EFTA00906950.pdf,data-set-9-files-31,1,email
EFTA00906951.pdf,data-set-9-files-31,1,email
EFTA00906952.pdf,data-set-9-files-31,1,email
EFTA00906953.pdf,data-set-9-files-31,1,email
EFTA00906954.pdf,data-set-9-files-31,1,email
EFTA00906955.pdf,data-set-9-files-31,1,email
EFTA00906956.pdf,data-set-9-files-31,1,email
EFTA00906957.pdf,data-set-9-files-31,1,email
EFTA00906958.pdf,data-set-9-files-31,1,email
EFTA00906959.pdf,data-set-9-files-31,1,email
EFTA00906960.pdf,data-set-9-files-31,1,other
EFTA00906961.pdf,data-set-9-files-31,1,email
EFTA00906962.pdf,data-set-9-files-31,1,email
EFTA00906963.pdf,data-set-9-files-31,2,email
EFTA00906965.pdf,data-set-9-files-31,2,email
EFTA00906967.pdf,data-set-9-files-31,2,email
EFTA00906969.pdf,data-set-9-files-31,1,email
EFTA00906970.pdf,data-set-9-files-31,1,email
EFTA00906971.pdf,data-set-9-files-31,1,email
EFTA00906972.pdf,data-set-9-files-31,1,email
EFTA00906973.pdf,data-set-9-files-31,1,email
EFTA00906974.pdf,data-set-9-files-31,3,email
EFTA00906977.pdf,data-set-9-files-31,2,email
EFTA00906979.pdf,data-set-9-files-31,2,email
EFTA00906981.pdf,data-set-9-files-31,1,email
EFTA00906982.pdf,data-set-9-files-31,1,email
EFTA00906983.pdf,data-set-9-files-31,1,other
EFTA00906984.pdf,data-set-9-files-31,2,email
EFTA00906986.pdf,data-set-9-files-31,1,email
EFTA00906987.pdf,data-set-9-files-31,2,email
EFTA00906989.pdf,data-set-9-files-31,2,email
EFTA00906991.pdf,data-set-9-files-31,1,email
EFTA00906992.pdf,data-set-9-files-31,1,email
EFTA00906993.pdf,data-set-9-files-31,1,email
EFTA00906994.pdf,data-set-9-files-31,1,email
EFTA00906995.pdf,data-set-9-files-31,1,email
EFTA00906996.pdf,data-set-9-files-31,1,email
EFTA00906997.pdf,data-set-9-files-31,2,email
EFTA00906999.pdf,data-set-9-files-31,1,email
EFTA00907000.pdf,data-set-9-files-31,2,email
EFTA00907002.pdf,data-set-9-files-31,2,email
EFTA00907004.pdf,data-set-9-files-31,2,email
EFTA00907006.pdf,data-set-9-files-31,1,email
EFTA00907007.pdf,data-set-9-files-31,2,email
EFTA00907009.pdf,data-set-9-files-31,1,email
EFTA00907010.pdf,data-set-9-files-31,3,email
EFTA00907013.pdf,data-set-9-files-31,2,email
EFTA00907015.pdf,data-set-9-files-31,2,email
EFTA00907017.pdf,data-set-9-files-31,1,email
EFTA00907018.pdf,data-set-9-files-31,1,other
EFTA00907019.pdf,data-set-9-files-31,1,email
EFTA00907020.pdf,data-set-9-files-31,2,email
EFTA00907022.pdf,data-set-9-files-31,3,email
EFTA00907025.pdf,data-set-9-files-31,1,email
EFTA00907026.pdf,data-set-9-files-31,1,email
EFTA00907027.pdf,data-set-9-files-31,1,email
EFTA00907028.pdf,data-set-9-files-31,1,other
EFTA00907029.pdf,data-set-9-files-31,1,email
EFTA00907030.pdf,data-set-9-files-31,1,email
EFTA00907031.pdf,data-set-9-files-31,1,other
EFTA00907032.pdf,data-set-9-files-31,1,email
EFTA00907033.pdf,data-set-9-files-31,1,email
EFTA00907034.pdf,data-set-9-files-31,1,email
EFTA00907035.pdf,data-set-9-files-31,1,other
EFTA00907036.pdf,data-set-9-files-31,1,email
EFTA00907037.pdf,data-set-9-files-31,1,other
EFTA00907038.pdf,data-set-9-files-31,4,email
EFTA00907042.pdf,data-set-9-files-31,1,email
EFTA00907043.pdf,data-set-9-files-31,1,email
EFTA00907044.pdf,data-set-9-files-31,1,email
EFTA00907045.pdf,data-set-9-files-31,1,email
EFTA00907046.pdf,data-set-9-files-31,1,email
EFTA00907047.pdf,data-set-9-files-31,1,email
EFTA00907048.pdf,data-set-9-files-31,1,email
EFTA00907049.pdf,data-set-9-files-31,3,email
EFTA00907052.pdf,data-set-9-files-31,1,email
EFTA00907053.pdf,data-set-9-files-31,1,email
EFTA00907054.pdf,data-set-9-files-31,1,email
EFTA00907055.pdf,data-set-9-files-31,1,email
EFTA00907056.pdf,data-set-9-files-31,4,email
EFTA00907060.pdf,data-set-9-files-31,1,email
EFTA00907061.pdf,data-set-9-files-31,1,email
EFTA00907062.pdf,data-set-9-files-31,2,email
EFTA00907064.pdf,data-set-9-files-31,1,email
EFTA00907065.pdf,data-set-9-files-31,1,email
EFTA00907066.pdf,data-set-9-files-31,1,email
EFTA00907067.pdf,data-set-9-files-31,1,email
EFTA00907068.pdf,data-set-9-files-31,2,email
EFTA00907070.pdf,data-set-9-files-31,1,email
EFTA00907071.pdf,data-set-9-files-31,3,email
EFTA00907074.pdf,data-set-9-files-31,1,email
EFTA00907075.pdf,data-set-9-files-31,1,email
EFTA00907076.pdf,data-set-9-files-31,1,email
EFTA00907077.pdf,data-set-9-files-31,1,email
EFTA00907078.pdf,data-set-9-files-31,4,email
EFTA00907082.pdf,data-set-9-files-31,1,email
EFTA00907083.pdf,data-set-9-files-31,1,email
EFTA00907084.pdf,data-set-9-files-31,1,email
EFTA00907085.pdf,data-set-9-files-31,3,email
EFTA00907088.pdf,data-set-9-files-31,1,email
EFTA00907089.pdf,data-set-9-files-31,1,email
EFTA00907090.pdf,data-set-9-files-31,1,email
EFTA00907091.pdf,data-set-9-files-31,2,email
EFTA00907093.pdf,data-set-9-files-31,1,email
EFTA00907094.pdf,data-set-9-files-31,1,email
EFTA00907095.pdf,data-set-9-files-31,1,email
EFTA00907096.pdf,data-set-9-files-31,1,email
EFTA00907097.pdf,data-set-9-files-31,1,email
EFTA00907098.pdf,data-set-9-files-31,1,email
EFTA00907099.pdf,data-set-9-files-31,1,email
EFTA00907100.pdf,data-set-9-files-31,1,email
EFTA00907101.pdf,data-set-9-files-31,2,email
EFTA00907103.pdf,data-set-9-files-31,1,email
EFTA00907104.pdf,data-set-9-files-31,1,email
EFTA00907105.pdf,data-set-9-files-31,1,email
EFTA00907106.pdf,data-set-9-files-31,2,email
EFTA00907108.pdf,data-set-9-files-31,2,email
EFTA00907110.pdf,data-set-9-files-31,1,email
EFTA00907111.pdf,data-set-9-files-31,1,email
EFTA00907112.pdf,data-set-9-files-31,2,email
EFTA00907114.pdf,data-set-9-files-31,2,email
EFTA00907116.pdf,data-set-9-files-31,1,email
EFTA00907117.pdf,data-set-9-files-31,2,email
EFTA00907119.pdf,data-set-9-files-31,3,email
EFTA00907122.pdf,data-set-9-files-31,3,email
EFTA00907125.pdf,data-set-9-files-31,2,email
EFTA00907127.pdf,data-set-9-files-31,2,email
EFTA00907129.pdf,data-set-9-files-31,2,email
EFTA00907131.pdf,data-set-9-files-31,1,email
EFTA00907132.pdf,data-set-9-files-31,3,email
EFTA00907135.pdf,data-set-9-files-31,1,email
EFTA00907136.pdf,data-set-9-files-31,1,email
EFTA00907137.pdf,data-set-9-files-31,1,email
EFTA00907138.pdf,data-set-9-files-31,1,email
EFTA00907139.pdf,data-set-9-files-31,3,email
EFTA00907142.pdf,data-set-9-files-31,1,email
EFTA00907143.pdf,data-set-9-files-31,1,email
EFTA00907144.pdf,data-set-9-files-31,1,email
EFTA00907145.pdf,data-set-9-files-31,1,email
EFTA00907146.pdf,data-set-9-files-31,1,email
EFTA00907147.pdf,data-set-9-files-31,1,email
EFTA00907148.pdf,data-set-9-files-31,1,email
EFTA00907149.pdf,data-set-9-files-31,1,email
EFTA00907150.pdf,data-set-9-files-31,2,email
EFTA00907152.pdf,data-set-9-files-31,1,email
EFTA00907153.pdf,data-set-9-files-31,1,email
EFTA00907154.pdf,data-set-9-files-31,1,email
EFTA00907155.pdf,data-set-9-files-31,6,email
EFTA00907161.pdf,data-set-9-files-31,1,email
EFTA00907162.pdf,data-set-9-files-31,1,email
EFTA00907163.pdf,data-set-9-files-31,1,email
EFTA00907164.pdf,data-set-9-files-31,1,email
EFTA00907165.pdf,data-set-9-files-31,1,email
EFTA00907166.pdf,data-set-9-files-31,1,email
EFTA00907167.pdf,data-set-9-files-31,3,email
EFTA00907170.pdf,data-set-9-files-31,2,email
EFTA00907172.pdf,data-set-9-files-31,1,email
EFTA00907173.pdf,data-set-9-files-31,1,email
EFTA00907174.pdf,data-set-9-files-31,1,email
EFTA00907175.pdf,data-set-9-files-31,2,email
EFTA00907177.pdf,data-set-9-files-31,1,email
EFTA00907178.pdf,data-set-9-files-31,1,email
EFTA00907179.pdf,data-set-9-files-31,4,email
EFTA00907183.pdf,data-set-9-files-31,2,email
EFTA00907185.pdf,data-set-9-files-31,1,email
EFTA00907186.pdf,data-set-9-files-31,1,other
EFTA00907187.pdf,data-set-9-files-31,1,email
EFTA00907188.pdf,data-set-9-files-31,1,email
EFTA00907189.pdf,data-set-9-files-31,1,email
EFTA00907190.pdf,data-set-9-files-31,1,email
EFTA00907191.pdf,data-set-9-files-31,1,email
EFTA00907192.pdf,data-set-9-files-31,1,email
EFTA00907193.pdf,data-set-9-files-31,1,email
EFTA00907194.pdf,data-set-9-files-31,2,email
EFTA00907196.pdf,data-set-9-files-31,1,email
EFTA00907197.pdf,data-set-9-files-31,2,email
EFTA00907199.pdf,data-set-9-files-31,3,email
EFTA00907202.pdf,data-set-9-files-31,2,email
EFTA00907204.pdf,data-set-9-files-31,1,email
EFTA00907205.pdf,data-set-9-files-31,1,email
EFTA00907206.pdf,data-set-9-files-31,2,email
EFTA00907208.pdf,data-set-9-files-31,1,email
EFTA00907209.pdf,data-set-9-files-31,1,email
EFTA00907210.pdf,data-set-9-files-31,1,email
EFTA00907211.pdf,data-set-9-files-31,2,email
EFTA00907213.pdf,data-set-9-files-31,1,email
EFTA00907214.pdf,data-set-9-files-31,1,email
EFTA00907215.pdf,data-set-9-files-31,1,email
EFTA00907216.pdf,data-set-9-files-31,1,email
EFTA00907217.pdf,data-set-9-files-31,1,email
EFTA00907218.pdf,data-set-9-files-31,1,email
EFTA00907219.pdf,data-set-9-files-31,2,email
EFTA00907221.pdf,data-set-9-files-31,2,email
EFTA00907223.pdf,data-set-9-files-31,1,email
EFTA00907224.pdf,data-set-9-files-31,1,email
EFTA00907225.pdf,data-set-9-files-31,1,email
EFTA00907226.pdf,data-set-9-files-31,1,email
EFTA00907227.pdf,data-set-9-files-31,1,email
EFTA00907228.pdf,data-set-9-files-31,2,email
EFTA00907230.pdf,data-set-9-files-31,1,other
EFTA00907231.pdf,data-set-9-files-31,2,email
EFTA00907233.pdf,data-set-9-files-31,3,email
EFTA00907236.pdf,data-set-9-files-31,4,email
EFTA00907240.pdf,data-set-9-files-31,6,email
EFTA00907246.pdf,data-set-9-files-31,1,email
EFTA00907247.pdf,data-set-9-files-31,1,email
EFTA00907248.pdf,data-set-9-files-31,1,email
EFTA00907249.pdf,data-set-9-files-31,1,email
EFTA00907250.pdf,data-set-9-files-31,1,email
EFTA00907251.pdf,data-set-9-files-31,1,email
EFTA00907252.pdf,data-set-9-files-31,1,email
EFTA00907253.pdf,data-set-9-files-31,1,email
EFTA00907254.pdf,data-set-9-files-31,1,email
EFTA00907255.pdf,data-set-9-files-31,1,email
EFTA00907256.pdf,data-set-9-files-31,1,email
EFTA00907257.pdf,data-set-9-files-31,1,email
EFTA00907258.pdf,data-set-9-files-31,1,email
EFTA00907259.pdf,data-set-9-files-31,1,email
EFTA00907260.pdf,data-set-9-files-31,1,email
EFTA00907261.pdf,data-set-9-files-31,1,email
EFTA00907262.pdf,data-set-9-files-31,2,email
EFTA00907264.pdf,data-set-9-files-31,1,email
EFTA00907265.pdf,data-set-9-files-31,2,email
EFTA00907267.pdf,data-set-9-files-31,1,email
EFTA00907268.pdf,data-set-9-files-31,3,email
EFTA00907271.pdf,data-set-9-files-31,3,email
EFTA00907274.pdf,data-set-9-files-31,1,email
EFTA00907275.pdf,data-set-9-files-31,4,email
EFTA00907279.pdf,data-set-9-files-31,1,email
EFTA00907280.pdf,data-set-9-files-31,2,email
EFTA00907282.pdf,data-set-9-files-31,1,email
EFTA00907283.pdf,data-set-9-files-31,2,email
EFTA00907285.pdf,data-set-9-files-31,1,email
EFTA00907286.pdf,data-set-9-files-31,1,email
EFTA00907287.pdf,data-set-9-files-31,1,email
EFTA00907288.pdf,data-set-9-files-31,2,email
EFTA00907290.pdf,data-set-9-files-31,2,email
EFTA00907292.pdf,data-set-9-files-31,1,email
EFTA00907293.pdf,data-set-9-files-31,2,email
EFTA00907295.pdf,data-set-9-files-31,2,email
EFTA00907297.pdf,data-set-9-files-31,2,email
EFTA00907299.pdf,data-set-9-files-31,2,email
EFTA00907301.pdf,data-set-9-files-31,4,email
EFTA00907305.pdf,data-set-9-files-31,1,email
EFTA00907306.pdf,data-set-9-files-31,2,email
EFTA00907308.pdf,data-set-9-files-31,1,email
EFTA00907309.pdf,data-set-9-files-31,1,email
EFTA00907310.pdf,data-set-9-files-31,1,email
EFTA00907311.pdf,data-set-9-files-31,2,email
EFTA00907313.pdf,data-set-9-files-31,2,email
EFTA00907315.pdf,data-set-9-files-31,1,email
EFTA00907316.pdf,data-set-9-files-31,1,email
EFTA00907317.pdf,data-set-9-files-31,1,email
EFTA00907318.pdf,data-set-9-files-31,1,email
EFTA00907319.pdf,data-set-9-files-31,1,email
EFTA00907320.pdf,data-set-9-files-31,1,email
EFTA00907321.pdf,data-set-9-files-31,2,email
EFTA00907323.pdf,data-set-9-files-31,1,email
EFTA00907324.pdf,data-set-9-files-31,2,email
EFTA00907326.pdf,data-set-9-files-31,1,email
EFTA00907327.pdf,data-set-9-files-31,1,email
EFTA00907328.pdf,data-set-9-files-31,1,email
EFTA00907329.pdf,data-set-9-files-31,6,email
EFTA00907335.pdf,data-set-9-files-31,1,email
EFTA00907336.pdf,data-set-9-files-31,1,email
EFTA00907337.pdf,data-set-9-files-31,1,email
EFTA00907338.pdf,data-set-9-files-31,1,email
EFTA00907339.pdf,data-set-9-files-31,1,email
EFTA00907340.pdf,data-set-9-files-31,1,email
EFTA00907341.pdf,data-set-9-files-31,2,email
EFTA00907343.pdf,data-set-9-files-31,1,email
EFTA00907344.pdf,data-set-9-files-31,1,email
EFTA00907345.pdf,data-set-9-files-31,6,email
EFTA00907351.pdf,data-set-9-files-31,1,email
EFTA00907352.pdf,data-set-9-files-31,1,email
EFTA00907353.pdf,data-set-9-files-31,1,email
EFTA00907354.pdf,data-set-9-files-31,1,email
EFTA00907355.pdf,data-set-9-files-31,1,email
EFTA00907356.pdf,data-set-9-files-31,1,email
EFTA00907357.pdf,data-set-9-files-31,1,email
EFTA00907358.pdf,data-set-9-files-31,1,email
EFTA00907359.pdf,data-set-9-files-31,1,email
EFTA00907360.pdf,data-set-9-files-31,1,email
EFTA00907361.pdf,data-set-9-files-31,1,email
EFTA00907362.pdf,data-set-9-files-31,1,email
EFTA00907363.pdf,data-set-9-files-31,1,email
EFTA00907364.pdf,data-set-9-files-31,1,email
EFTA00907365.pdf,data-set-9-files-31,1,email
EFTA00907366.pdf,data-set-9-files-31,2,email
EFTA00907368.pdf,data-set-9-files-31,1,email
EFTA00907369.pdf,data-set-9-files-31,1,email
EFTA00907370.pdf,data-set-9-files-31,6,email
EFTA00907376.pdf,data-set-9-files-31,1,email
EFTA00907377.pdf,data-set-9-files-31,1,email
EFTA00907378.pdf,data-set-9-files-31,1,email
EFTA00907379.pdf,data-set-9-files-31,1,email
EFTA00907380.pdf,data-set-9-files-31,1,email
EFTA00907381.pdf,data-set-9-files-31,1,other
EFTA00907382.pdf,data-set-9-files-31,1,email
EFTA00907383.pdf,data-set-9-files-31,1,email
EFTA00907384.pdf,data-set-9-files-31,1,email
EFTA00907385.pdf,data-set-9-files-31,1,email
EFTA00907386.pdf,data-set-9-files-31,1,email
EFTA00907387.pdf,data-set-9-files-31,2,email
EFTA00907389.pdf,data-set-9-files-31,1,other
EFTA00907390.pdf,data-set-9-files-31,1,other
EFTA00907391.pdf,data-set-9-files-31,2,email
EFTA00907393.pdf,data-set-9-files-31,1,email
EFTA00907394.pdf,data-set-9-files-31,2,email
EFTA00907396.pdf,data-set-9-files-31,1,email
EFTA00907397.pdf,data-set-9-files-31,1,email
EFTA00907398.pdf,data-set-9-files-31,1,other
EFTA00907399.pdf,data-set-9-files-31,1,email
EFTA00907400.pdf,data-set-9-files-31,1,email
EFTA00907401.pdf,data-set-9-files-31,2,email
EFTA00907403.pdf,data-set-9-files-31,1,other
EFTA00907404.pdf,data-set-9-files-31,1,email
EFTA00907405.pdf,data-set-9-files-31,1,email
EFTA00907406.pdf,data-set-9-files-31,1,email
EFTA00907407.pdf,data-set-9-files-31,1,email
EFTA00907408.pdf,data-set-9-files-31,1,email
EFTA00907409.pdf,data-set-9-files-31,2,email
EFTA00907411.pdf,data-set-9-files-31,4,email
EFTA00907415.pdf,data-set-9-files-31,2,email
EFTA00907417.pdf,data-set-9-files-31,2,email
EFTA00907419.pdf,data-set-9-files-31,1,other
EFTA00907420.pdf,data-set-9-files-31,1,email
EFTA00907421.pdf,data-set-9-files-31,2,email
EFTA00907423.pdf,data-set-9-files-31,1,email
EFTA00907424.pdf,data-set-9-files-31,2,email
EFTA00907426.pdf,data-set-9-files-31,1,email
EFTA00907427.pdf,data-set-9-files-31,2,email
EFTA00907429.pdf,data-set-9-files-31,2,email
EFTA00907431.pdf,data-set-9-files-31,1,email
EFTA00907432.pdf,data-set-9-files-31,1,email
EFTA00907433.pdf,data-set-9-files-31,1,email
EFTA00907434.pdf,data-set-9-files-31,2,email
EFTA00907436.pdf,data-set-9-files-31,1,email
EFTA00907437.pdf,data-set-9-files-31,1,email
EFTA00907438.pdf,data-set-9-files-31,3,email
EFTA00907441.pdf,data-set-9-files-31,1,email
EFTA00907442.pdf,data-set-9-files-31,1,other
EFTA00907443.pdf,data-set-9-files-31,1,email
EFTA00907444.pdf,data-set-9-files-31,1,email
EFTA00907445.pdf,data-set-9-files-31,1,email
EFTA00907446.pdf,data-set-9-files-31,3,email
EFTA00907449.pdf,data-set-9-files-31,1,email
EFTA00907450.pdf,data-set-9-files-31,1,email
EFTA00907451.pdf,data-set-9-files-31,1,email
EFTA00907452.pdf,data-set-9-files-31,3,email
EFTA00907455.pdf,data-set-9-files-31,2,email
EFTA00907457.pdf,data-set-9-files-31,1,email
EFTA00907458.pdf,data-set-9-files-31,2,email
EFTA00907460.pdf,data-set-9-files-31,1,email
EFTA00907461.pdf,data-set-9-files-31,3,email
EFTA00907464.pdf,data-set-9-files-31,1,email
EFTA00907465.pdf,data-set-9-files-31,1,email
EFTA00907466.pdf,data-set-9-files-31,1,email
EFTA00907467.pdf,data-set-9-files-31,1,email
EFTA00907468.pdf,data-set-9-files-31,1,email
EFTA00907469.pdf,data-set-9-files-31,1,email
EFTA00907470.pdf,data-set-9-files-31,1,email
EFTA00907471.pdf,data-set-9-files-31,1,email
EFTA00907472.pdf,data-set-9-files-31,1,email
EFTA00907473.pdf,data-set-9-files-31,1,email
EFTA00907474.pdf,data-set-9-files-31,2,email
EFTA00907476.pdf,data-set-9-files-31,1,email
EFTA00907477.pdf,data-set-9-files-31,2,email
EFTA00907479.pdf,data-set-9-files-31,1,email
EFTA00907480.pdf,data-set-9-files-31,1,email
EFTA00907481.pdf,data-set-9-files-31,1,email
EFTA00907482.pdf,data-set-9-files-31,1,email
EFTA00907483.pdf,data-set-9-files-31,1,email
EFTA00907484.pdf,data-set-9-files-31,1,email
EFTA00907485.pdf,data-set-9-files-31,1,email
EFTA00907486.pdf,data-set-9-files-31,1,email
EFTA00907487.pdf,data-set-9-files-31,2,email
EFTA00907489.pdf,data-set-9-files-31,1,email
EFTA00907490.pdf,data-set-9-files-31,1,email
EFTA00907491.pdf,data-set-9-files-31,1,email
EFTA00907492.pdf,data-set-9-files-31,1,email
EFTA00907493.pdf,data-set-9-files-31,1,email
EFTA00907494.pdf,data-set-9-files-31,1,email
EFTA00907495.pdf,data-set-9-files-31,2,email
EFTA00907497.pdf,data-set-9-files-31,3,email
EFTA00907500.pdf,data-set-9-files-31,3,email
EFTA00907503.pdf,data-set-9-files-31,2,email
EFTA00907505.pdf,data-set-9-files-31,1,email
EFTA00907506.pdf,data-set-9-files-31,1,email
EFTA00907507.pdf,data-set-9-files-31,1,email
EFTA00907508.pdf,data-set-9-files-31,2,email
EFTA00907510.pdf,data-set-9-files-31,1,email
EFTA00907511.pdf,data-set-9-files-31,1,email
EFTA00907512.pdf,data-set-9-files-31,1,email
EFTA00907513.pdf,data-set-9-files-31,2,email
EFTA00907515.pdf,data-set-9-files-31,2,email
EFTA00907517.pdf,data-set-9-files-31,2,email
EFTA00907519.pdf,data-set-9-files-31,4,email
EFTA00907523.pdf,data-set-9-files-31,1,email
EFTA00907524.pdf,data-set-9-files-31,1,email
EFTA00907525.pdf,data-set-9-files-31,1,email
EFTA00907526.pdf,data-set-9-files-31,1,email
EFTA00907527.pdf,data-set-9-files-31,1,email
EFTA00907528.pdf,data-set-9-files-31,1,email
EFTA00907529.pdf,data-set-9-files-31,2,email
EFTA00907531.pdf,data-set-9-files-31,1,email
EFTA00907532.pdf,data-set-9-files-31,1,email
EFTA00907533.pdf,data-set-9-files-31,1,email
EFTA00907534.pdf,data-set-9-files-31,1,email
EFTA00907535.pdf,data-set-9-files-31,4,email
EFTA00907539.pdf,data-set-9-files-31,2,email
EFTA00907541.pdf,data-set-9-files-31,1,email
EFTA00907542.pdf,data-set-9-files-31,1,email
EFTA00907543.pdf,data-set-9-files-31,1,email
EFTA00907544.pdf,data-set-9-files-31,1,email
EFTA00907545.pdf,data-set-9-files-31,1,email
EFTA00907546.pdf,data-set-9-files-31,2,email
EFTA00907548.pdf,data-set-9-files-31,1,email
EFTA00907549.pdf,data-set-9-files-31,1,email
EFTA00907550.pdf,data-set-9-files-31,1,email
EFTA00907551.pdf,data-set-9-files-31,1,email
EFTA00907552.pdf,data-set-9-files-31,1,email
EFTA00907553.pdf,data-set-9-files-31,2,email
EFTA00907555.pdf,data-set-9-files-31,2,email
EFTA00907557.pdf,data-set-9-files-31,1,email
EFTA00907558.pdf,data-set-9-files-31,2,email
EFTA00907560.pdf,data-set-9-files-31,2,email
EFTA00907562.pdf,data-set-9-files-31,1,email
EFTA00907563.pdf,data-set-9-files-31,1,email
EFTA00907564.pdf,data-set-9-files-31,5,email
EFTA00907569.pdf,data-set-9-files-31,2,email
EFTA00907571.pdf,data-set-9-files-31,1,email
EFTA00907572.pdf,data-set-9-files-31,1,email
EFTA00907573.pdf,data-set-9-files-31,1,email
EFTA00907574.pdf,data-set-9-files-31,2,email
EFTA00907576.pdf,data-set-9-files-31,1,email
EFTA00907577.pdf,data-set-9-files-31,1,email
EFTA00907578.pdf,data-set-9-files-31,1,email
EFTA00907579.pdf,data-set-9-files-31,1,email
EFTA00907580.pdf,data-set-9-files-31,1,email
EFTA00907581.pdf,data-set-9-files-31,1,email
EFTA00907582.pdf,data-set-9-files-31,1,email
EFTA00907583.pdf,data-set-9-files-31,1,email
EFTA00907584.pdf,data-set-9-files-31,2,email
EFTA00907586.pdf,data-set-9-files-31,1,email
EFTA00907587.pdf,data-set-9-files-31,1,email
EFTA00907588.pdf,data-set-9-files-31,1,email
EFTA00907589.pdf,data-set-9-files-31,1,email
EFTA00907590.pdf,data-set-9-files-31,1,email
EFTA00907591.pdf,data-set-9-files-31,1,email
EFTA00907592.pdf,data-set-9-files-31,1,email
EFTA00907593.pdf,data-set-9-files-31,5,email
EFTA00907598.pdf,data-set-9-files-31,1,email
EFTA00907599.pdf,data-set-9-files-31,1,other
EFTA00907600.pdf,data-set-9-files-31,1,email
EFTA00907601.pdf,data-set-9-files-31,1,email
EFTA00907602.pdf,data-set-9-files-31,1,email
EFTA00907603.pdf,data-set-9-files-31,1,email
EFTA00907604.pdf,data-set-9-files-31,1,email
EFTA00907605.pdf,data-set-9-files-31,2,email
EFTA00907607.pdf,data-set-9-files-31,1,email
EFTA00907608.pdf,data-set-9-files-31,2,email
EFTA00907610.pdf,data-set-9-files-31,1,email
EFTA00907611.pdf,data-set-9-files-31,1,email
EFTA00907612.pdf,data-set-9-files-31,1,email
EFTA00907613.pdf,data-set-9-files-31,2,email
EFTA00907615.pdf,data-set-9-files-31,1,email
EFTA00907616.pdf,data-set-9-files-31,1,email
EFTA00907617.pdf,data-set-9-files-31,1,email
EFTA00907618.pdf,data-set-9-files-31,1,other
EFTA00907619.pdf,data-set-9-files-31,1,email
EFTA00907620.pdf,data-set-9-files-31,1,other
EFTA00907621.pdf,data-set-9-files-31,1,email
EFTA00907622.pdf,data-set-9-files-31,2,email
EFTA00907624.pdf,data-set-9-files-31,1,email
EFTA00907625.pdf,data-set-9-files-31,1,email
EFTA00907626.pdf,data-set-9-files-31,1,email
EFTA00907627.pdf,data-set-9-files-31,1,email
EFTA00907628.pdf,data-set-9-files-31,1,email
EFTA00907629.pdf,data-set-9-files-31,1,email
EFTA00907630.pdf,data-set-9-files-31,1,email
EFTA00907631.pdf,data-set-9-files-31,1,email
EFTA00907632.pdf,data-set-9-files-31,1,email
EFTA00907633.pdf,data-set-9-files-31,1,email
EFTA00907634.pdf,data-set-9-files-31,1,email
EFTA00907635.pdf,data-set-9-files-31,1,email
EFTA00907636.pdf,data-set-9-files-31,2,email
EFTA00907638.pdf,data-set-9-files-31,2,email
EFTA00907640.pdf,data-set-9-files-31,2,email
EFTA00907642.pdf,data-set-9-files-31,2,email
EFTA00907644.pdf,data-set-9-files-31,1,email
EFTA00907645.pdf,data-set-9-files-31,1,email
EFTA00907646.pdf,data-set-9-files-31,1,email
EFTA00907647.pdf,data-set-9-files-31,1,email
EFTA00907648.pdf,data-set-9-files-31,1,other
EFTA00907649.pdf,data-set-9-files-31,1,other
EFTA00907650.pdf,data-set-9-files-31,1,other
EFTA00907651.pdf,data-set-9-files-31,1,email
EFTA00907652.pdf,data-set-9-files-31,2,email
EFTA00907654.pdf,data-set-9-files-31,1,email
EFTA00907655.pdf,data-set-9-files-31,2,email
EFTA00907657.pdf,data-set-9-files-31,2,email
EFTA00907659.pdf,data-set-9-files-31,1,other
EFTA00907660.pdf,data-set-9-files-31,3,email
EFTA00907663.pdf,data-set-9-files-31,1,email
EFTA00907664.pdf,data-set-9-files-31,1,email
EFTA00907665.pdf,data-set-9-files-31,1,email
EFTA00907666.pdf,data-set-9-files-31,1,email
EFTA00907667.pdf,data-set-9-files-31,2,email
EFTA00907669.pdf,data-set-9-files-31,1,email
EFTA00907670.pdf,data-set-9-files-31,1,email
EFTA00907671.pdf,data-set-9-files-31,1,email
EFTA00907672.pdf,data-set-9-files-31,1,email
EFTA00907673.pdf,data-set-9-files-31,1,email
EFTA00907674.pdf,data-set-9-files-31,2,email
EFTA00907676.pdf,data-set-9-files-31,1,email
EFTA00907677.pdf,data-set-9-files-31,1,email
EFTA00907678.pdf,data-set-9-files-31,1,email
EFTA00907679.pdf,data-set-9-files-31,2,email
EFTA00907681.pdf,data-set-9-files-31,2,email
EFTA00907683.pdf,data-set-9-files-31,3,email
EFTA00907686.pdf,data-set-9-files-31,2,email
EFTA00907688.pdf,data-set-9-files-31,1,email
EFTA00907689.pdf,data-set-9-files-31,1,email
EFTA00907690.pdf,data-set-9-files-31,1,email
EFTA00907691.pdf,data-set-9-files-31,1,email
EFTA00907692.pdf,data-set-9-files-31,1,email
EFTA00907693.pdf,data-set-9-files-31,1,email
EFTA00907694.pdf,data-set-9-files-31,1,email
EFTA00907695.pdf,data-set-9-files-31,1,email
EFTA00907696.pdf,data-set-9-files-31,1,other
EFTA00907697.pdf,data-set-9-files-31,1,email
EFTA00907698.pdf,data-set-9-files-31,1,other
EFTA00907699.pdf,data-set-9-files-31,1,email
EFTA00907700.pdf,data-set-9-files-31,1,other
EFTA00907701.pdf,data-set-9-files-31,1,other
EFTA00907702.pdf,data-set-9-files-31,1,other
EFTA00907703.pdf,data-set-9-files-31,1,other
EFTA00907704.pdf,data-set-9-files-31,1,other
EFTA00907705.pdf,data-set-9-files-31,1,email
EFTA00907706.pdf,data-set-9-files-31,1,email
EFTA00907707.pdf,data-set-9-files-31,1,email
EFTA00907708.pdf,data-set-9-files-31,1,other
EFTA00907709.pdf,data-set-9-files-31,1,email
EFTA00907710.pdf,data-set-9-files-31,1,email
EFTA00907711.pdf,data-set-9-files-31,1,email
EFTA00907712.pdf,data-set-9-files-31,1,email
EFTA00907713.pdf,data-set-9-files-31,1,email
EFTA00907714.pdf,data-set-9-files-31,1,other
EFTA00907715.pdf,data-set-9-files-31,1,email
EFTA00907716.pdf,data-set-9-files-31,1,email
EFTA00907717.pdf,data-set-9-files-31,1,email
EFTA00907718.pdf,data-set-9-files-31,1,email
EFTA00907719.pdf,data-set-9-files-31,1,email
EFTA00907720.pdf,data-set-9-files-31,1,email
EFTA00907721.pdf,data-set-9-files-31,1,email
EFTA00907722.pdf,data-set-9-files-31,1,email
EFTA00907723.pdf,data-set-9-files-31,1,email
EFTA00907724.pdf,data-set-9-files-31,1,email
EFTA00907725.pdf,data-set-9-files-31,1,email
EFTA00907726.pdf,data-set-9-files-31,2,email
EFTA00907728.pdf,data-set-9-files-31,1,email
EFTA00907729.pdf,data-set-9-files-31,1,email
EFTA00907730.pdf,data-set-9-files-31,2,email
EFTA00907732.pdf,data-set-9-files-31,2,email
EFTA00907734.pdf,data-set-9-files-31,1,email
EFTA00907735.pdf,data-set-9-files-31,1,email
EFTA00907736.pdf,data-set-9-files-31,1,email
EFTA00907737.pdf,data-set-9-files-31,1,email
EFTA00907738.pdf,data-set-9-files-31,2,email
EFTA00907740.pdf,data-set-9-files-31,2,email
EFTA00907742.pdf,data-set-9-files-31,1,email
EFTA00907743.pdf,data-set-9-files-31,1,email
EFTA00907744.pdf,data-set-9-files-31,2,email
EFTA00907746.pdf,data-set-9-files-31,1,email
EFTA00907747.pdf,data-set-9-files-31,1,email
EFTA00907748.pdf,data-set-9-files-31,2,email
EFTA00907750.pdf,data-set-9-files-31,2,email
EFTA00907752.pdf,data-set-9-files-31,3,email
EFTA00907755.pdf,data-set-9-files-31,1,other
EFTA00907756.pdf,data-set-9-files-31,1,other
EFTA00907757.pdf,data-set-9-files-31,1,other
EFTA00907758.pdf,data-set-9-files-31,1,email
EFTA00907759.pdf,data-set-9-files-31,1,email
EFTA00907760.pdf,data-set-9-files-31,1,email
EFTA00907761.pdf,data-set-9-files-31,2,email
EFTA00907763.pdf,data-set-9-files-31,2,email
EFTA00907765.pdf,data-set-9-files-31,1,email
EFTA00907766.pdf,data-set-9-files-31,3,email
EFTA00907769.pdf,data-set-9-files-31,1,email
EFTA00907770.pdf,data-set-9-files-31,1,email
EFTA00907771.pdf,data-set-9-files-31,1,email
EFTA00907772.pdf,data-set-9-files-31,1,email
EFTA00907773.pdf,data-set-9-files-31,1,email
EFTA00907774.pdf,data-set-9-files-31,4,email
EFTA00907778.pdf,data-set-9-files-31,1,email
EFTA00907779.pdf,data-set-9-files-31,1,email
EFTA00907780.pdf,data-set-9-files-31,1,email
EFTA00907781.pdf,data-set-9-files-31,1,email
EFTA00907782.pdf,data-set-9-files-31,1,email
EFTA00907783.pdf,data-set-9-files-31,1,email
EFTA00907784.pdf,data-set-9-files-31,1,email
EFTA00907785.pdf,data-set-9-files-31,1,email
EFTA00907786.pdf,data-set-9-files-31,1,email
EFTA00907787.pdf,data-set-9-files-31,1,email
EFTA00907788.pdf,data-set-9-files-31,1,email
EFTA00907789.pdf,data-set-9-files-31,1,email
EFTA00907790.pdf,data-set-9-files-31,1,email
EFTA00907791.pdf,data-set-9-files-31,2,email
EFTA00907793.pdf,data-set-9-files-31,1,email
EFTA00907794.pdf,data-set-9-files-31,2,email
EFTA00907796.pdf,data-set-9-files-31,2,email
EFTA00907798.pdf,data-set-9-files-31,1,email
EFTA00907799.pdf,data-set-9-files-31,1,email
EFTA00907800.pdf,data-set-9-files-31,2,email
EFTA00907802.pdf,data-set-9-files-31,2,email
EFTA00907804.pdf,data-set-9-files-31,2,email
EFTA00907806.pdf,data-set-9-files-31,1,email
EFTA00907807.pdf,data-set-9-files-31,2,email
EFTA00907809.pdf,data-set-9-files-31,1,email
EFTA00907810.pdf,data-set-9-files-31,2,email
EFTA00907812.pdf,data-set-9-files-31,2,email
EFTA00907814.pdf,data-set-9-files-31,1,email
EFTA00907815.pdf,data-set-9-files-31,1,email
EFTA00907816.pdf,data-set-9-files-31,1,email
EFTA00907817.pdf,data-set-9-files-31,1,email
EFTA00907818.pdf,data-set-9-files-31,2,email
EFTA00907820.pdf,data-set-9-files-31,1,email
EFTA00907821.pdf,data-set-9-files-31,1,email
EFTA00907822.pdf,data-set-9-files-31,1,email
EFTA00907823.pdf,data-set-9-files-31,2,email
EFTA00907825.pdf,data-set-9-files-31,2,email
EFTA00907827.pdf,data-set-9-files-31,2,email
EFTA00907829.pdf,data-set-9-files-31,2,email
EFTA00907831.pdf,data-set-9-files-31,1,email
EFTA00907832.pdf,data-set-9-files-31,1,email
EFTA00907833.pdf,data-set-9-files-31,2,email
EFTA00907835.pdf,data-set-9-files-31,1,email
EFTA00907836.pdf,data-set-9-files-31,5,email
EFTA00907841.pdf,data-set-9-files-31,2,email
EFTA00907843.pdf,data-set-9-files-31,2,email
EFTA00907845.pdf,data-set-9-files-31,1,email
EFTA00907846.pdf,data-set-9-files-31,1,email
EFTA00907847.pdf,data-set-9-files-31,2,email
EFTA00907849.pdf,data-set-9-files-31,2,email
EFTA00907851.pdf,data-set-9-files-31,2,email
EFTA00907853.pdf,data-set-9-files-31,2,email
EFTA00907855.pdf,data-set-9-files-31,1,email
EFTA00907856.pdf,data-set-9-files-31,1,email
EFTA00907857.pdf,data-set-9-files-31,1,email
EFTA00907858.pdf,data-set-9-files-31,1,email
EFTA00907859.pdf,data-set-9-files-31,1,email
EFTA00907860.pdf,data-set-9-files-31,1,email
EFTA00907861.pdf,data-set-9-files-31,1,email
EFTA00907862.pdf,data-set-9-files-31,1,email
EFTA00907863.pdf,data-set-9-files-31,1,email
EFTA00907864.pdf,data-set-9-files-31,2,email
EFTA00907866.pdf,data-set-9-files-31,1,email
EFTA00907867.pdf,data-set-9-files-31,1,email
EFTA00907868.pdf,data-set-9-files-31,1,email
EFTA00907869.pdf,data-set-9-files-31,1,email
EFTA00907870.pdf,data-set-9-files-31,2,email
EFTA00907872.pdf,data-set-9-files-31,2,email
EFTA00907874.pdf,data-set-9-files-31,1,email
EFTA00907875.pdf,data-set-9-files-31,1,email
EFTA00907876.pdf,data-set-9-files-31,1,email
EFTA00907877.pdf,data-set-9-files-31,2,email
EFTA00907879.pdf,data-set-9-files-31,2,email
EFTA00907881.pdf,data-set-9-files-31,1,email
EFTA00907882.pdf,data-set-9-files-31,2,email
EFTA00907884.pdf,data-set-9-files-31,3,email
EFTA00907887.pdf,data-set-9-files-31,1,email
EFTA00907888.pdf,data-set-9-files-31,2,email
EFTA00907890.pdf,data-set-9-files-31,1,email
EFTA00907891.pdf,data-set-9-files-31,1,email
EFTA00907892.pdf,data-set-9-files-31,1,email
EFTA00907893.pdf,data-set-9-files-31,1,email
EFTA00907894.pdf,data-set-9-files-31,2,email
EFTA00907896.pdf,data-set-9-files-31,2,email
EFTA00907898.pdf,data-set-9-files-31,2,email
EFTA00907900.pdf,data-set-9-files-31,3,email
EFTA00907903.pdf,data-set-9-files-31,1,email
EFTA00907904.pdf,data-set-9-files-31,1,email
EFTA00907905.pdf,data-set-9-files-31,1,email
EFTA00907906.pdf,data-set-9-files-31,2,email
EFTA00907908.pdf,data-set-9-files-31,2,email
EFTA00907910.pdf,data-set-9-files-31,1,email
EFTA00907911.pdf,data-set-9-files-31,1,email
EFTA00907912.pdf,data-set-9-files-31,1,email
EFTA00907913.pdf,data-set-9-files-31,1,email
EFTA00907914.pdf,data-set-9-files-31,1,email
EFTA00907915.pdf,data-set-9-files-31,1,email
EFTA00907916.pdf,data-set-9-files-31,1,email
EFTA00907917.pdf,data-set-9-files-31,3,email
EFTA00907920.pdf,data-set-9-files-31,1,email
EFTA00907921.pdf,data-set-9-files-31,3,email
EFTA00907924.pdf,data-set-9-files-31,3,email
EFTA00907927.pdf,data-set-9-files-31,1,email
EFTA00907928.pdf,data-set-9-files-31,4,email
