file_name,file_origin,file_length,file_type
EFTA02402304.pdf,data-set-11-files-3,2,email
EFTA02402306.pdf,data-set-11-files-3,1,email
EFTA02402307.pdf,data-set-11-files-3,1,email
EFTA02402308.pdf,data-set-11-files-3,2,email
EFTA02402310.pdf,data-set-11-files-3,1,other
EFTA02402311.pdf,data-set-11-files-3,1,other
EFTA02402312.pdf,data-set-11-files-3,1,email
EFTA02402313.pdf,data-set-11-files-3,1,other
EFTA02402314.pdf,data-set-11-files-3,1,email
EFTA02402315.pdf,data-set-11-files-3,4,email
EFTA02402319.pdf,data-set-11-files-3,4,other
EFTA02402323.pdf,data-set-11-files-3,4,email
EFTA02402327.pdf,data-set-11-files-3,1,other
EFTA02402328.pdf,data-set-11-files-3,1,email
EFTA02402329.pdf,data-set-11-files-3,1,email
EFTA02402330.pdf,data-set-11-files-3,3,email
EFTA02402333.pdf,data-set-11-files-3,1,email
EFTA02402334.pdf,data-set-11-files-3,1,email
EFTA02402335.pdf,data-set-11-files-3,1,email
EFTA02402336.pdf,data-set-11-files-3,1,email
EFTA02402337.pdf,data-set-11-files-3,1,other
EFTA02402338.pdf,data-set-11-files-3,2,email
EFTA02402340.pdf,data-set-11-files-3,3,email
EFTA02402343.pdf,data-set-11-files-3,1,email
EFTA02402344.pdf,data-set-11-files-3,1,other
EFTA02402345.pdf,data-set-11-files-3,2,email
EFTA02402347.pdf,data-set-11-files-3,1,email
EFTA02402348.pdf,data-set-11-files-3,2,email
EFTA02402350.pdf,data-set-11-files-3,1,email
EFTA02402351.pdf,data-set-11-files-3,1,email
EFTA02402352.pdf,data-set-11-files-3,1,email
EFTA02402353.pdf,data-set-11-files-3,1,email
EFTA02402354.pdf,data-set-11-files-3,1,other
EFTA02402355.pdf,data-set-11-files-3,1,email
EFTA02402356.pdf,data-set-11-files-3,1,email
EFTA02402357.pdf,data-set-11-files-3,1,email
EFTA02402358.pdf,data-set-11-files-3,1,email
EFTA02402359.pdf,data-set-11-files-3,2,email
EFTA02402361.pdf,data-set-11-files-3,1,email
EFTA02402362.pdf,data-set-11-files-3,1,email
EFTA02402363.pdf,data-set-11-files-3,2,email
EFTA02402365.pdf,data-set-11-files-3,1,other
EFTA02402366.pdf,data-set-11-files-3,2,email
EFTA02402368.pdf,data-set-11-files-3,3,email
EFTA02402371.pdf,data-set-11-files-3,1,other
EFTA02402372.pdf,data-set-11-files-3,1,other
EFTA02402373.pdf,data-set-11-files-3,1,email
EFTA02402374.pdf,data-set-11-files-3,2,email
EFTA02402376.pdf,data-set-11-files-3,5,email
EFTA02402381.pdf,data-set-11-files-3,2,email
EFTA02402383.pdf,data-set-11-files-3,2,email
EFTA02402385.pdf,data-set-11-files-3,1,email
EFTA02402386.pdf,data-set-11-files-3,1,other
EFTA02402387.pdf,data-set-11-files-3,1,email
EFTA02402388.pdf,data-set-11-files-3,1,email
EFTA02402389.pdf,data-set-11-files-3,1,email
EFTA02402390.pdf,data-set-11-files-3,3,email
EFTA02402393.pdf,data-set-11-files-3,2,email
EFTA02402395.pdf,data-set-11-files-3,1,email
EFTA02402396.pdf,data-set-11-files-3,3,email
EFTA02402399.pdf,data-set-11-files-3,1,email
EFTA02402400.pdf,data-set-11-files-3,1,email
EFTA02402401.pdf,data-set-11-files-3,2,email
EFTA02402403.pdf,data-set-11-files-3,1,email
EFTA02402404.pdf,data-set-11-files-3,1,email
EFTA02402405.pdf,data-set-11-files-3,1,email
EFTA02402406.pdf,data-set-11-files-3,1,other
EFTA02402407.pdf,data-set-11-files-3,1,email
EFTA02402408.pdf,data-set-11-files-3,3,email
EFTA02402411.pdf,data-set-11-files-3,1,email
EFTA02402412.pdf,data-set-11-files-3,1,email
EFTA02402413.pdf,data-set-11-files-3,1,other
EFTA02402414.pdf,data-set-11-files-3,1,other
EFTA02402415.pdf,data-set-11-files-3,3,email
EFTA02402418.pdf,data-set-11-files-3,1,email
EFTA02402419.pdf,data-set-11-files-3,1,email
EFTA02402420.pdf,data-set-11-files-3,1,email
EFTA02402421.pdf,data-set-11-files-3,2,email
EFTA02402423.pdf,data-set-11-files-3,2,email
EFTA02402425.pdf,data-set-11-files-3,3,email
EFTA02402428.pdf,data-set-11-files-3,4,email
EFTA02402432.pdf,data-set-11-files-3,1,email
EFTA02402433.pdf,data-set-11-files-3,1,other
EFTA02402434.pdf,data-set-11-files-3,1,email
EFTA02402435.pdf,data-set-11-files-3,1,email
EFTA02402436.pdf,data-set-11-files-3,3,email
EFTA02402439.pdf,data-set-11-files-3,1,other
EFTA02402440.pdf,data-set-11-files-3,1,email
EFTA02402441.pdf,data-set-11-files-3,1,email
EFTA02402442.pdf,data-set-11-files-3,1,email
EFTA02402443.pdf,data-set-11-files-3,1,other
EFTA02402444.pdf,data-set-11-files-3,1,email
EFTA02402445.pdf,data-set-11-files-3,1,email
EFTA02402446.pdf,data-set-11-files-3,2,email
EFTA02402448.pdf,data-set-11-files-3,1,email
EFTA02402449.pdf,data-set-11-files-3,1,other
EFTA02402450.pdf,data-set-11-files-3,2,email
EFTA02402452.pdf,data-set-11-files-3,3,email
EFTA02402455.pdf,data-set-11-files-3,1,email
EFTA02402456.pdf,data-set-11-files-3,1,email
EFTA02402457.pdf,data-set-11-files-3,1,email
EFTA02402458.pdf,data-set-11-files-3,1,other
EFTA02402459.pdf,data-set-11-files-3,1,email
EFTA02402460.pdf,data-set-11-files-3,3,email
EFTA02402463.pdf,data-set-11-files-3,1,email
EFTA02402464.pdf,data-set-11-files-3,3,email
EFTA02402467.pdf,data-set-11-files-3,3,other
EFTA02402470.pdf,data-set-11-files-3,2,email
EFTA02402472.pdf,data-set-11-files-3,2,email
EFTA02402474.pdf,data-set-11-files-3,2,email
EFTA02402476.pdf,data-set-11-files-3,2,email
EFTA02402478.pdf,data-set-11-files-3,1,email
EFTA02402479.pdf,data-set-11-files-3,2,email
EFTA02402481.pdf,data-set-11-files-3,1,other
EFTA02402482.pdf,data-set-11-files-3,2,email
EFTA02402484.pdf,data-set-11-files-3,1,email
EFTA02402485.pdf,data-set-11-files-3,1,email
EFTA02402486.pdf,data-set-11-files-3,1,other
EFTA02402487.pdf,data-set-11-files-3,1,email
EFTA02402488.pdf,data-set-11-files-3,2,email
EFTA02402490.pdf,data-set-11-files-3,1,email
EFTA02402491.pdf,data-set-11-files-3,1,email
EFTA02402492.pdf,data-set-11-files-3,1,email
EFTA02402493.pdf,data-set-11-files-3,2,email
EFTA02402495.pdf,data-set-11-files-3,1,email
EFTA02402496.pdf,data-set-11-files-3,2,email
EFTA02402498.pdf,data-set-11-files-3,1,email
EFTA02402499.pdf,data-set-11-files-3,1,email
EFTA02402500.pdf,data-set-11-files-3,1,email
EFTA02402501.pdf,data-set-11-files-3,1,email
EFTA02402502.pdf,data-set-11-files-3,1,email
EFTA02402503.pdf,data-set-11-files-3,1,email
EFTA02402504.pdf,data-set-11-files-3,1,email
EFTA02402505.pdf,data-set-11-files-3,4,email
EFTA02402509.pdf,data-set-11-files-3,1,email
EFTA02402510.pdf,data-set-11-files-3,2,email
EFTA02402512.pdf,data-set-11-files-3,2,email
EFTA02402514.pdf,data-set-11-files-3,1,email
EFTA02402515.pdf,data-set-11-files-3,2,email
EFTA02402517.pdf,data-set-11-files-3,1,email
EFTA02402518.pdf,data-set-11-files-3,1,email
EFTA02402519.pdf,data-set-11-files-3,1,email
EFTA02402520.pdf,data-set-11-files-3,1,email
EFTA02402521.pdf,data-set-11-files-3,1,other
EFTA02402522.pdf,data-set-11-files-3,1,email
EFTA02402523.pdf,data-set-11-files-3,1,email
EFTA02402524.pdf,data-set-11-files-3,2,email
EFTA02402526.pdf,data-set-11-files-3,2,email
EFTA02402528.pdf,data-set-11-files-3,1,email
EFTA02402529.pdf,data-set-11-files-3,1,email
EFTA02402530.pdf,data-set-11-files-3,1,email
EFTA02402531.pdf,data-set-11-files-3,1,email
EFTA02402532.pdf,data-set-11-files-3,1,email
EFTA02402533.pdf,data-set-11-files-3,1,email
EFTA02402534.pdf,data-set-11-files-3,1,email
EFTA02402535.pdf,data-set-11-files-3,2,email
EFTA02402537.pdf,data-set-11-files-3,1,email
EFTA02402538.pdf,data-set-11-files-3,1,other
EFTA02402539.pdf,data-set-11-files-3,1,email
EFTA02402540.pdf,data-set-11-files-3,1,email
EFTA02402541.pdf,data-set-11-files-3,2,email
EFTA02402543.pdf,data-set-11-files-3,1,email
EFTA02402544.pdf,data-set-11-files-3,1,email
EFTA02402545.pdf,data-set-11-files-3,1,email
EFTA02402546.pdf,data-set-11-files-3,1,email
EFTA02402547.pdf,data-set-11-files-3,1,email
EFTA02402548.pdf,data-set-11-files-3,2,email
EFTA02402550.pdf,data-set-11-files-3,1,email
EFTA02402551.pdf,data-set-11-files-3,1,email
EFTA02402552.pdf,data-set-11-files-3,2,email
EFTA02402554.pdf,data-set-11-files-3,2,email
EFTA02402556.pdf,data-set-11-files-3,3,email
EFTA02402559.pdf,data-set-11-files-3,1,other
EFTA02402560.pdf,data-set-11-files-3,1,email
EFTA02402561.pdf,data-set-11-files-3,2,email
EFTA02402563.pdf,data-set-11-files-3,6,email
EFTA02402569.pdf,data-set-11-files-3,1,email
EFTA02402570.pdf,data-set-11-files-3,1,email
EFTA02402571.pdf,data-set-11-files-3,1,email
EFTA02402572.pdf,data-set-11-files-3,1,email
EFTA02402573.pdf,data-set-11-files-3,2,email
EFTA02402575.pdf,data-set-11-files-3,1,email
EFTA02402576.pdf,data-set-11-files-3,1,email
EFTA02402577.pdf,data-set-11-files-3,1,email
EFTA02402578.pdf,data-set-11-files-3,2,email
EFTA02402580.pdf,data-set-11-files-3,2,email
EFTA02402582.pdf,data-set-11-files-3,1,email
EFTA02402583.pdf,data-set-11-files-3,2,email
EFTA02402585.pdf,data-set-11-files-3,1,email
EFTA02402586.pdf,data-set-11-files-3,7,email
EFTA02402593.pdf,data-set-11-files-3,1,email
EFTA02402594.pdf,data-set-11-files-3,1,email
EFTA02402595.pdf,data-set-11-files-3,2,email
EFTA02402597.pdf,data-set-11-files-3,2,email
EFTA02402599.pdf,data-set-11-files-3,1,email
EFTA02402600.pdf,data-set-11-files-3,2,email
EFTA02402602.pdf,data-set-11-files-3,4,email
EFTA02402606.pdf,data-set-11-files-3,2,email
EFTA02402608.pdf,data-set-11-files-3,1,email
EFTA02402609.pdf,data-set-11-files-3,3,email
EFTA02402612.pdf,data-set-11-files-3,1,email
EFTA02402613.pdf,data-set-11-files-3,1,email
EFTA02402614.pdf,data-set-11-files-3,2,email
EFTA02402616.pdf,data-set-11-files-3,1,email
EFTA02402617.pdf,data-set-11-files-3,1,other
EFTA02402618.pdf,data-set-11-files-3,1,email
EFTA02402619.pdf,data-set-11-files-3,1,email
EFTA02402620.pdf,data-set-11-files-3,1,other
EFTA02402621.pdf,data-set-11-files-3,1,other
EFTA02402622.pdf,data-set-11-files-3,1,email
EFTA02402623.pdf,data-set-11-files-3,1,email
EFTA02402624.pdf,data-set-11-files-3,1,email
EFTA02402625.pdf,data-set-11-files-3,1,email
EFTA02402626.pdf,data-set-11-files-3,1,email
EFTA02402627.pdf,data-set-11-files-3,1,email
EFTA02402628.pdf,data-set-11-files-3,1,email
EFTA02402629.pdf,data-set-11-files-3,1,email
EFTA02402630.pdf,data-set-11-files-3,1,email
EFTA02402631.pdf,data-set-11-files-3,2,email
EFTA02402633.pdf,data-set-11-files-3,1,email
EFTA02402634.pdf,data-set-11-files-3,1,other
EFTA02402635.pdf,data-set-11-files-3,1,email
EFTA02402636.pdf,data-set-11-files-3,1,email
EFTA02402637.pdf,data-set-11-files-3,1,email
EFTA02402638.pdf,data-set-11-files-3,3,email
EFTA02402641.pdf,data-set-11-files-3,1,email
EFTA02402642.pdf,data-set-11-files-3,2,email
EFTA02402644.pdf,data-set-11-files-3,2,email
EFTA02402646.pdf,data-set-11-files-3,1,email
EFTA02402647.pdf,data-set-11-files-3,5,email
EFTA02402652.pdf,data-set-11-files-3,1,email
EFTA02402653.pdf,data-set-11-files-3,2,email
EFTA02402655.pdf,data-set-11-files-3,2,email
EFTA02402657.pdf,data-set-11-files-3,1,email
EFTA02402658.pdf,data-set-11-files-3,2,email
EFTA02402660.pdf,data-set-11-files-3,1,other
EFTA02402661.pdf,data-set-11-files-3,3,email
EFTA02402664.pdf,data-set-11-files-3,3,email
EFTA02402667.pdf,data-set-11-files-3,1,email
EFTA02402668.pdf,data-set-11-files-3,2,email
EFTA02402670.pdf,data-set-11-files-3,3,email
EFTA02402673.pdf,data-set-11-files-3,1,email
EFTA02402674.pdf,data-set-11-files-3,1,other
EFTA02402675.pdf,data-set-11-files-3,2,email
EFTA02402677.pdf,data-set-11-files-3,1,email
EFTA02402678.pdf,data-set-11-files-3,1,email
EFTA02402679.pdf,data-set-11-files-3,1,email
EFTA02402680.pdf,data-set-11-files-3,2,email
EFTA02402682.pdf,data-set-11-files-3,1,email
EFTA02402683.pdf,data-set-11-files-3,1,other
EFTA02402684.pdf,data-set-11-files-3,2,email
EFTA02402686.pdf,data-set-11-files-3,1,email
EFTA02402687.pdf,data-set-11-files-3,2,email
EFTA02402689.pdf,data-set-11-files-3,3,email
EFTA02402692.pdf,data-set-11-files-3,1,email
EFTA02402693.pdf,data-set-11-files-3,1,email
EFTA02402694.pdf,data-set-11-files-3,1,email
EFTA02402695.pdf,data-set-11-files-3,1,email
EFTA02402696.pdf,data-set-11-files-3,3,email
EFTA02402699.pdf,data-set-11-files-3,1,email
EFTA02402700.pdf,data-set-11-files-3,1,email
EFTA02402701.pdf,data-set-11-files-3,1,email
EFTA02402702.pdf,data-set-11-files-3,1,email
EFTA02402703.pdf,data-set-11-files-3,1,email
EFTA02402704.pdf,data-set-11-files-3,3,email
EFTA02402707.pdf,data-set-11-files-3,3,email
EFTA02402710.pdf,data-set-11-files-3,1,email
EFTA02402711.pdf,data-set-11-files-3,4,email
EFTA02402715.pdf,data-set-11-files-3,4,email
EFTA02402719.pdf,data-set-11-files-3,1,email
EFTA02402720.pdf,data-set-11-files-3,1,email
EFTA02402721.pdf,data-set-11-files-3,1,email
EFTA02402722.pdf,data-set-11-files-3,1,email
EFTA02402723.pdf,data-set-11-files-3,1,other
EFTA02402724.pdf,data-set-11-files-3,4,email
EFTA02402728.pdf,data-set-11-files-3,1,other
EFTA02402729.pdf,data-set-11-files-3,4,email
EFTA02402733.pdf,data-set-11-files-3,1,email
EFTA02402734.pdf,data-set-11-files-3,1,other
EFTA02402735.pdf,data-set-11-files-3,1,other
EFTA02402736.pdf,data-set-11-files-3,2,email
EFTA02402738.pdf,data-set-11-files-3,1,other
EFTA02402739.pdf,data-set-11-files-3,1,email
EFTA02402740.pdf,data-set-11-files-3,1,email
EFTA02402741.pdf,data-set-11-files-3,2,email
EFTA02402743.pdf,data-set-11-files-3,2,email
EFTA02402745.pdf,data-set-11-files-3,3,email
EFTA02402748.pdf,data-set-11-files-3,1,email
EFTA02402749.pdf,data-set-11-files-3,1,email
EFTA02402750.pdf,data-set-11-files-3,1,email
EFTA02402751.pdf,data-set-11-files-3,1,email
EFTA02402752.pdf,data-set-11-files-3,1,email
EFTA02402753.pdf,data-set-11-files-3,1,other
EFTA02402754.pdf,data-set-11-files-3,1,email
EFTA02402755.pdf,data-set-11-files-3,1,email
EFTA02402756.pdf,data-set-11-files-3,1,other
EFTA02402757.pdf,data-set-11-files-3,2,email
EFTA02402759.pdf,data-set-11-files-3,1,email
EFTA02402760.pdf,data-set-11-files-3,1,email
EFTA02402761.pdf,data-set-11-files-3,2,email
EFTA02402763.pdf,data-set-11-files-3,1,email
EFTA02402764.pdf,data-set-11-files-3,1,email
EFTA02402765.pdf,data-set-11-files-3,1,email
EFTA02402766.pdf,data-set-11-files-3,2,email
EFTA02402768.pdf,data-set-11-files-3,1,other
EFTA02402769.pdf,data-set-11-files-3,2,email
EFTA02402771.pdf,data-set-11-files-3,1,other
EFTA02402772.pdf,data-set-11-files-3,2,email
EFTA02402774.pdf,data-set-11-files-3,1,email
EFTA02402775.pdf,data-set-11-files-3,1,other
EFTA02402776.pdf,data-set-11-files-3,1,email
EFTA02402777.pdf,data-set-11-files-3,3,email
EFTA02402780.pdf,data-set-11-files-3,1,email
EFTA02402781.pdf,data-set-11-files-3,1,email
EFTA02402782.pdf,data-set-11-files-3,1,other
EFTA02402783.pdf,data-set-11-files-3,1,email
EFTA02402784.pdf,data-set-11-files-3,1,email
EFTA02402785.pdf,data-set-11-files-3,1,email
EFTA02402786.pdf,data-set-11-files-3,1,other
EFTA02402787.pdf,data-set-11-files-3,1,email
EFTA02402788.pdf,data-set-11-files-3,2,email
EFTA02402790.pdf,data-set-11-files-3,1,email
EFTA02402791.pdf,data-set-11-files-3,1,email
EFTA02402792.pdf,data-set-11-files-3,1,email
EFTA02402793.pdf,data-set-11-files-3,2,email
EFTA02402795.pdf,data-set-11-files-3,1,email
EFTA02402796.pdf,data-set-11-files-3,1,email
EFTA02402797.pdf,data-set-11-files-3,1,email
EFTA02402798.pdf,data-set-11-files-3,1,other
EFTA02402799.pdf,data-set-11-files-3,1,email
EFTA02402800.pdf,data-set-11-files-3,2,email
EFTA02402802.pdf,data-set-11-files-3,1,email
EFTA02402803.pdf,data-set-11-files-3,3,email
EFTA02402806.pdf,data-set-11-files-3,2,email
EFTA02402808.pdf,data-set-11-files-3,1,email
EFTA02402809.pdf,data-set-11-files-3,1,email
EFTA02402810.pdf,data-set-11-files-3,1,email
EFTA02402811.pdf,data-set-11-files-3,1,email
EFTA02402812.pdf,data-set-11-files-3,1,email
EFTA02402813.pdf,data-set-11-files-3,1,email
EFTA02402814.pdf,data-set-11-files-3,1,email
EFTA02402815.pdf,data-set-11-files-3,2,email
EFTA02402817.pdf,data-set-11-files-3,1,email
EFTA02402818.pdf,data-set-11-files-3,1,email
EFTA02402819.pdf,data-set-11-files-3,1,email
EFTA02402820.pdf,data-set-11-files-3,1,email
EFTA02402821.pdf,data-set-11-files-3,1,other
EFTA02402822.pdf,data-set-11-files-3,1,email
EFTA02402823.pdf,data-set-11-files-3,1,email
EFTA02402824.pdf,data-set-11-files-3,1,other
EFTA02402825.pdf,data-set-11-files-3,1,email
EFTA02402826.pdf,data-set-11-files-3,3,email
EFTA02402829.pdf,data-set-11-files-3,1,email
EFTA02402830.pdf,data-set-11-files-3,1,email
EFTA02402831.pdf,data-set-11-files-3,1,email
EFTA02402832.pdf,data-set-11-files-3,1,other
EFTA02402833.pdf,data-set-11-files-3,1,email
EFTA02402834.pdf,data-set-11-files-3,1,email
EFTA02402835.pdf,data-set-11-files-3,2,email
EFTA02402837.pdf,data-set-11-files-3,1,email
EFTA02402838.pdf,data-set-11-files-3,1,email
EFTA02402839.pdf,data-set-11-files-3,3,email
EFTA02402842.pdf,data-set-11-files-3,1,email
EFTA02402843.pdf,data-set-11-files-3,3,email
EFTA02402846.pdf,data-set-11-files-3,1,email
EFTA02402847.pdf,data-set-11-files-3,1,email
EFTA02402848.pdf,data-set-11-files-3,7,email
EFTA02402855.pdf,data-set-11-files-3,1,email
EFTA02402856.pdf,data-set-11-files-3,1,other
EFTA02402857.pdf,data-set-11-files-3,1,other
EFTA02402858.pdf,data-set-11-files-3,1,email
EFTA02402859.pdf,data-set-11-files-3,9,email
EFTA02402868.pdf,data-set-11-files-3,2,email
EFTA02402870.pdf,data-set-11-files-3,1,other
EFTA02402871.pdf,data-set-11-files-3,2,email
EFTA02402873.pdf,data-set-11-files-3,1,email
EFTA02402874.pdf,data-set-11-files-3,1,email
EFTA02402875.pdf,data-set-11-files-3,1,email
EFTA02402876.pdf,data-set-11-files-3,1,email
EFTA02402877.pdf,data-set-11-files-3,9,email
EFTA02402886.pdf,data-set-11-files-3,1,email
EFTA02402887.pdf,data-set-11-files-3,1,other
EFTA02402888.pdf,data-set-11-files-3,1,email
EFTA02402889.pdf,data-set-11-files-3,1,email
EFTA02402890.pdf,data-set-11-files-3,1,email
EFTA02402891.pdf,data-set-11-files-3,1,email
EFTA02402892.pdf,data-set-11-files-3,2,email
EFTA02402894.pdf,data-set-11-files-3,2,email
EFTA02402896.pdf,data-set-11-files-3,3,email
EFTA02402899.pdf,data-set-11-files-3,2,email
EFTA02402901.pdf,data-set-11-files-3,1,other
EFTA02402902.pdf,data-set-11-files-3,1,email
EFTA02402903.pdf,data-set-11-files-3,2,email
EFTA02402905.pdf,data-set-11-files-3,2,email
EFTA02402907.pdf,data-set-11-files-3,5,email
EFTA02402912.pdf,data-set-11-files-3,1,email
EFTA02402913.pdf,data-set-11-files-3,1,email
EFTA02402914.pdf,data-set-11-files-3,2,email
EFTA02402916.pdf,data-set-11-files-3,1,email
EFTA02402917.pdf,data-set-11-files-3,1,email
EFTA02402918.pdf,data-set-11-files-3,1,email
EFTA02402919.pdf,data-set-11-files-3,1,email
EFTA02402920.pdf,data-set-11-files-3,1,email
EFTA02402921.pdf,data-set-11-files-3,1,email
EFTA02402922.pdf,data-set-11-files-3,1,email
EFTA02402923.pdf,data-set-11-files-3,1,other
EFTA02402924.pdf,data-set-11-files-3,2,email
EFTA02402926.pdf,data-set-11-files-3,1,other
EFTA02402927.pdf,data-set-11-files-3,1,other
EFTA02402928.pdf,data-set-11-files-3,2,email
EFTA02402930.pdf,data-set-11-files-3,1,other
EFTA02402931.pdf,data-set-11-files-3,2,email
EFTA02402933.pdf,data-set-11-files-3,2,email
EFTA02402935.pdf,data-set-11-files-3,1,email
EFTA02402936.pdf,data-set-11-files-3,3,email
EFTA02402939.pdf,data-set-11-files-3,1,email
EFTA02402940.pdf,data-set-11-files-3,1,other
EFTA02402941.pdf,data-set-11-files-3,1,other
EFTA02402942.pdf,data-set-11-files-3,6,email
EFTA02402948.pdf,data-set-11-files-3,1,email
EFTA02402949.pdf,data-set-11-files-3,1,email
EFTA02402950.pdf,data-set-11-files-3,1,email
EFTA02402951.pdf,data-set-11-files-3,1,email
EFTA02402952.pdf,data-set-11-files-3,1,other
EFTA02402953.pdf,data-set-11-files-3,1,email
EFTA02402954.pdf,data-set-11-files-3,2,email
EFTA02402956.pdf,data-set-11-files-3,6,email
EFTA02402962.pdf,data-set-11-files-3,1,email
EFTA02402963.pdf,data-set-11-files-3,1,email
EFTA02402964.pdf,data-set-11-files-3,1,email
EFTA02402965.pdf,data-set-11-files-3,1,email
EFTA02402966.pdf,data-set-11-files-3,2,email
EFTA02402968.pdf,data-set-11-files-3,1,email
EFTA02402969.pdf,data-set-11-files-3,2,email
EFTA02402971.pdf,data-set-11-files-3,1,email
EFTA02402972.pdf,data-set-11-files-3,1,email
EFTA02402973.pdf,data-set-11-files-3,5,other
EFTA02402978.pdf,data-set-11-files-3,2,email
EFTA02402980.pdf,data-set-11-files-3,2,email
EFTA02402982.pdf,data-set-11-files-3,1,other
EFTA02402983.pdf,data-set-11-files-3,1,email
EFTA02402984.pdf,data-set-11-files-3,2,email
EFTA02402986.pdf,data-set-11-files-3,2,email
EFTA02402988.pdf,data-set-11-files-3,1,email
EFTA02402989.pdf,data-set-11-files-3,1,email
EFTA02402990.pdf,data-set-11-files-3,1,email
EFTA02402991.pdf,data-set-11-files-3,1,email
EFTA02402992.pdf,data-set-11-files-3,1,email
EFTA02402993.pdf,data-set-11-files-3,1,other
EFTA02402994.pdf,data-set-11-files-3,1,other
EFTA02402995.pdf,data-set-11-files-3,1,email
EFTA02402996.pdf,data-set-11-files-3,1,email
EFTA02402997.pdf,data-set-11-files-3,6,email
EFTA02403003.pdf,data-set-11-files-3,20,other
EFTA02403023.pdf,data-set-11-files-3,28,other
EFTA02403051.pdf,data-set-11-files-3,1,other
EFTA02403052.pdf,data-set-11-files-3,1,email
EFTA02403053.pdf,data-set-11-files-3,2,email
EFTA02403055.pdf,data-set-11-files-3,1,email
EFTA02403056.pdf,data-set-11-files-3,2,email
EFTA02403058.pdf,data-set-11-files-3,1,email
EFTA02403059.pdf,data-set-11-files-3,1,other
EFTA02403060.pdf,data-set-11-files-3,1,email
EFTA02403061.pdf,data-set-11-files-3,1,other
EFTA02403062.pdf,data-set-11-files-3,2,email
EFTA02403064.pdf,data-set-11-files-3,1,email
EFTA02403065.pdf,data-set-11-files-3,9,email
EFTA02403074.pdf,data-set-11-files-3,1,email
EFTA02403075.pdf,data-set-11-files-3,1,email
EFTA02403076.pdf,data-set-11-files-3,1,email
EFTA02403077.pdf,data-set-11-files-3,1,email
EFTA02403078.pdf,data-set-11-files-3,2,email
EFTA02403080.pdf,data-set-11-files-3,1,other
EFTA02403081.pdf,data-set-11-files-3,1,email
EFTA02403082.pdf,data-set-11-files-3,2,email
EFTA02403084.pdf,data-set-11-files-3,1,email
EFTA02403085.pdf,data-set-11-files-3,13,email
EFTA02403098.pdf,data-set-11-files-3,5,email
EFTA02403103.pdf,data-set-11-files-3,1,other
EFTA02403104.pdf,data-set-11-files-3,2,email
EFTA02403106.pdf,data-set-11-files-3,1,other
EFTA02403107.pdf,data-set-11-files-3,1,email
EFTA02403108.pdf,data-set-11-files-3,1,email
EFTA02403109.pdf,data-set-11-files-3,1,email
EFTA02403110.pdf,data-set-11-files-3,2,email
EFTA02403112.pdf,data-set-11-files-3,3,email
EFTA02403115.pdf,data-set-11-files-3,1,email
EFTA02403116.pdf,data-set-11-files-3,1,email
EFTA02403117.pdf,data-set-11-files-3,1,email
EFTA02403118.pdf,data-set-11-files-3,3,email
EFTA02403121.pdf,data-set-11-files-3,2,email
EFTA02403123.pdf,data-set-11-files-3,1,email
EFTA02403124.pdf,data-set-11-files-3,3,email
EFTA02403127.pdf,data-set-11-files-3,1,other
EFTA02403128.pdf,data-set-11-files-3,1,email
EFTA02403129.pdf,data-set-11-files-3,2,email
EFTA02403131.pdf,data-set-11-files-3,4,email
EFTA02403135.pdf,data-set-11-files-3,1,email
EFTA02403136.pdf,data-set-11-files-3,3,email
EFTA02403139.pdf,data-set-11-files-3,2,email
EFTA02403141.pdf,data-set-11-files-3,1,email
EFTA02403142.pdf,data-set-11-files-3,1,email
EFTA02403143.pdf,data-set-11-files-3,3,email
EFTA02403146.pdf,data-set-11-files-3,8,email
EFTA02403154.pdf,data-set-11-files-3,1,other
EFTA02403155.pdf,data-set-11-files-3,3,email
EFTA02403158.pdf,data-set-11-files-3,1,email
EFTA02403159.pdf,data-set-11-files-3,1,email
EFTA02403160.pdf,data-set-11-files-3,1,email
EFTA02403161.pdf,data-set-11-files-3,1,email
EFTA02403162.pdf,data-set-11-files-3,4,email
EFTA02403166.pdf,data-set-11-files-3,3,email
EFTA02403169.pdf,data-set-11-files-3,2,email
EFTA02403171.pdf,data-set-11-files-3,3,email
EFTA02403174.pdf,data-set-11-files-3,3,other
EFTA02403177.pdf,data-set-11-files-3,1,email
EFTA02403178.pdf,data-set-11-files-3,3,email
EFTA02403181.pdf,data-set-11-files-3,4,email
EFTA02403185.pdf,data-set-11-files-3,1,email
EFTA02403186.pdf,data-set-11-files-3,1,other
EFTA02403187.pdf,data-set-11-files-3,2,email
EFTA02403189.pdf,data-set-11-files-3,2,email
EFTA02403191.pdf,data-set-11-files-3,2,email
EFTA02403193.pdf,data-set-11-files-3,1,other
EFTA02403194.pdf,data-set-11-files-3,1,email
EFTA02403195.pdf,data-set-11-files-3,2,email
EFTA02403197.pdf,data-set-11-files-3,1,email
EFTA02403198.pdf,data-set-11-files-3,4,email
EFTA02403202.pdf,data-set-11-files-3,1,email
EFTA02403203.pdf,data-set-11-files-3,1,other
EFTA02403204.pdf,data-set-11-files-3,1,other
EFTA02403205.pdf,data-set-11-files-3,1,other
EFTA02403206.pdf,data-set-11-files-3,1,email
EFTA02403207.pdf,data-set-11-files-3,1,email
EFTA02403208.pdf,data-set-11-files-3,1,email
EFTA02403209.pdf,data-set-11-files-3,6,email
EFTA02403215.pdf,data-set-11-files-3,2,email
EFTA02403217.pdf,data-set-11-files-3,1,email
EFTA02403218.pdf,data-set-11-files-3,2,email
EFTA02403220.pdf,data-set-11-files-3,6,email
EFTA02403226.pdf,data-set-11-files-3,2,email
EFTA02403228.pdf,data-set-11-files-3,1,email
EFTA02403229.pdf,data-set-11-files-3,1,email
EFTA02403230.pdf,data-set-11-files-3,1,other
EFTA02403231.pdf,data-set-11-files-3,2,email
EFTA02403233.pdf,data-set-11-files-3,1,email
EFTA02403234.pdf,data-set-11-files-3,2,other
EFTA02403236.pdf,data-set-11-files-3,3,email
EFTA02403239.pdf,data-set-11-files-3,1,email
EFTA02403240.pdf,data-set-11-files-3,1,other
EFTA02403241.pdf,data-set-11-files-3,2,email
EFTA02403243.pdf,data-set-11-files-3,1,email
EFTA02403244.pdf,data-set-11-files-3,1,email
EFTA02403245.pdf,data-set-11-files-3,2,email
EFTA02403247.pdf,data-set-11-files-3,1,email
EFTA02403248.pdf,data-set-11-files-3,1,email
EFTA02403249.pdf,data-set-11-files-3,1,email
EFTA02403250.pdf,data-set-11-files-3,1,email
EFTA02403251.pdf,data-set-11-files-3,1,email
EFTA02403252.pdf,data-set-11-files-3,1,other
EFTA02403253.pdf,data-set-11-files-3,1,email
EFTA02403254.pdf,data-set-11-files-3,1,email
EFTA02403255.pdf,data-set-11-files-3,1,email
EFTA02403256.pdf,data-set-11-files-3,1,email
EFTA02403257.pdf,data-set-11-files-3,1,other
EFTA02403258.pdf,data-set-11-files-3,1,other
EFTA02403259.pdf,data-set-11-files-3,2,email
EFTA02403261.pdf,data-set-11-files-3,1,email
EFTA02403262.pdf,data-set-11-files-3,6,email
EFTA02403268.pdf,data-set-11-files-3,2,email
EFTA02403270.pdf,data-set-11-files-3,1,email
EFTA02403271.pdf,data-set-11-files-3,1,email
EFTA02403272.pdf,data-set-11-files-3,2,email
EFTA02403274.pdf,data-set-11-files-3,1,email
EFTA02403275.pdf,data-set-11-files-3,1,email
EFTA02403276.pdf,data-set-11-files-3,9,email
EFTA02403285.pdf,data-set-11-files-3,3,email
EFTA02403288.pdf,data-set-11-files-3,2,email
EFTA02403290.pdf,data-set-11-files-3,1,other
EFTA02403291.pdf,data-set-11-files-3,1,email
EFTA02403292.pdf,data-set-11-files-3,1,other
EFTA02403293.pdf,data-set-11-files-3,1,email
EFTA02403294.pdf,data-set-11-files-3,1,email
EFTA02403295.pdf,data-set-11-files-3,1,other
EFTA02403296.pdf,data-set-11-files-3,4,email
EFTA02403300.pdf,data-set-11-files-3,1,email
EFTA02403301.pdf,data-set-11-files-3,2,email
EFTA02403303.pdf,data-set-11-files-3,2,email
EFTA02403305.pdf,data-set-11-files-3,1,other
EFTA02403306.pdf,data-set-11-files-3,1,email
EFTA02403307.pdf,data-set-11-files-3,1,other
EFTA02403308.pdf,data-set-11-files-3,1,email
EFTA02403309.pdf,data-set-11-files-3,1,email
EFTA02403310.pdf,data-set-11-files-3,2,email
EFTA02403312.pdf,data-set-11-files-3,1,email
EFTA02403313.pdf,data-set-11-files-3,1,email
EFTA02403314.pdf,data-set-11-files-3,5,other
EFTA02403319.pdf,data-set-11-files-3,1,email
EFTA02403320.pdf,data-set-11-files-3,1,email
EFTA02403321.pdf,data-set-11-files-3,8,email
EFTA02403329.pdf,data-set-11-files-3,2,email
EFTA02403331.pdf,data-set-11-files-3,2,email
EFTA02403333.pdf,data-set-11-files-3,1,email
EFTA02403334.pdf,data-set-11-files-3,1,other
EFTA02403335.pdf,data-set-11-files-3,1,photo
EFTA02403336.pdf,data-set-11-files-3,1,email
EFTA02403337.pdf,data-set-11-files-3,1,email
EFTA02403338.pdf,data-set-11-files-3,3,email
EFTA02403341.pdf,data-set-11-files-3,7,email
EFTA02403348.pdf,data-set-11-files-3,1,other
EFTA02403349.pdf,data-set-11-files-3,2,email
EFTA02403351.pdf,data-set-11-files-3,1,other
EFTA02403352.pdf,data-set-11-files-3,2,email
EFTA02403354.pdf,data-set-11-files-3,1,email
EFTA02403355.pdf,data-set-11-files-3,1,email
EFTA02403356.pdf,data-set-11-files-3,2,email
EFTA02403358.pdf,data-set-11-files-3,1,other
EFTA02403359.pdf,data-set-11-files-3,1,email
EFTA02403360.pdf,data-set-11-files-3,1,email
EFTA02403361.pdf,data-set-11-files-3,1,email
EFTA02403362.pdf,data-set-11-files-3,1,email
EFTA02403363.pdf,data-set-11-files-3,1,email
EFTA02403364.pdf,data-set-11-files-3,5,email
EFTA02403369.pdf,data-set-11-files-3,1,email
EFTA02403370.pdf,data-set-11-files-3,1,other
EFTA02403371.pdf,data-set-11-files-3,1,email
EFTA02403372.pdf,data-set-11-files-3,2,email
EFTA02403374.pdf,data-set-11-files-3,1,email
EFTA02403375.pdf,data-set-11-files-3,1,email
EFTA02403376.pdf,data-set-11-files-3,1,other
EFTA02403377.pdf,data-set-11-files-3,2,email
EFTA02403379.pdf,data-set-11-files-3,1,email
EFTA02403380.pdf,data-set-11-files-3,1,email
EFTA02403381.pdf,data-set-11-files-3,1,email
EFTA02403382.pdf,data-set-11-files-3,1,email
EFTA02403383.pdf,data-set-11-files-3,2,email
EFTA02403385.pdf,data-set-11-files-3,1,email
EFTA02403386.pdf,data-set-11-files-3,2,email
EFTA02403388.pdf,data-set-11-files-3,1,email
EFTA02403389.pdf,data-set-11-files-3,1,email
EFTA02403390.pdf,data-set-11-files-3,1,other
EFTA02403391.pdf,data-set-11-files-3,1,email
EFTA02403392.pdf,data-set-11-files-3,1,email
EFTA02403393.pdf,data-set-11-files-3,2,email
EFTA02403395.pdf,data-set-11-files-3,4,email
EFTA02403399.pdf,data-set-11-files-3,1,other
EFTA02403400.pdf,data-set-11-files-3,3,email
EFTA02403403.pdf,data-set-11-files-3,1,email
EFTA02403404.pdf,data-set-11-files-3,1,email
EFTA02403405.pdf,data-set-11-files-3,1,other
EFTA02403406.pdf,data-set-11-files-3,2,email
EFTA02403408.pdf,data-set-11-files-3,1,email
EFTA02403409.pdf,data-set-11-files-3,2,email
EFTA02403411.pdf,data-set-11-files-3,3,email
EFTA02403414.pdf,data-set-11-files-3,1,other
EFTA02403415.pdf,data-set-11-files-3,1,email
EFTA02403416.pdf,data-set-11-files-3,6,email
EFTA02403422.pdf,data-set-11-files-3,1,email
EFTA02403423.pdf,data-set-11-files-3,2,email
EFTA02403425.pdf,data-set-11-files-3,1,email
EFTA02403426.pdf,data-set-11-files-3,1,email
EFTA02403427.pdf,data-set-11-files-3,1,email
EFTA02403428.pdf,data-set-11-files-3,1,email
EFTA02403429.pdf,data-set-11-files-3,1,email
EFTA02403430.pdf,data-set-11-files-3,1,email
EFTA02403431.pdf,data-set-11-files-3,1,other
EFTA02403432.pdf,data-set-11-files-3,2,email
EFTA02403434.pdf,data-set-11-files-3,1,email
EFTA02403435.pdf,data-set-11-files-3,3,email
EFTA02403438.pdf,data-set-11-files-3,1,email
EFTA02403439.pdf,data-set-11-files-3,1,email
EFTA02403440.pdf,data-set-11-files-3,1,email
EFTA02403441.pdf,data-set-11-files-3,1,email
EFTA02403442.pdf,data-set-11-files-3,3,email
EFTA02403445.pdf,data-set-11-files-3,3,email
EFTA02403448.pdf,data-set-11-files-3,1,email
EFTA02403449.pdf,data-set-11-files-3,1,email
EFTA02403450.pdf,data-set-11-files-3,1,email
EFTA02403451.pdf,data-set-11-files-3,1,email
EFTA02403452.pdf,data-set-11-files-3,3,email
EFTA02403455.pdf,data-set-11-files-3,2,email
EFTA02403457.pdf,data-set-11-files-3,1,email
EFTA02403458.pdf,data-set-11-files-3,1,email
EFTA02403459.pdf,data-set-11-files-3,1,other
EFTA02403460.pdf,data-set-11-files-3,1,other
EFTA02403461.pdf,data-set-11-files-3,2,email
EFTA02403463.pdf,data-set-11-files-3,1,email
EFTA02403464.pdf,data-set-11-files-3,1,email
EFTA02403465.pdf,data-set-11-files-3,1,email
EFTA02403466.pdf,data-set-11-files-3,2,email
EFTA02403468.pdf,data-set-11-files-3,1,email
EFTA02403469.pdf,data-set-11-files-3,1,email
EFTA02403470.pdf,data-set-11-files-3,1,email
EFTA02403471.pdf,data-set-11-files-3,1,other
EFTA02403472.pdf,data-set-11-files-3,4,email
EFTA02403476.pdf,data-set-11-files-3,1,email
EFTA02403477.pdf,data-set-11-files-3,1,other
EFTA02403478.pdf,data-set-11-files-3,1,email
EFTA02403479.pdf,data-set-11-files-3,1,email
EFTA02403480.pdf,data-set-11-files-3,1,email
EFTA02403481.pdf,data-set-11-files-3,2,email
EFTA02403483.pdf,data-set-11-files-3,1,email
EFTA02403484.pdf,data-set-11-files-3,1,email
EFTA02403485.pdf,data-set-11-files-3,1,other
EFTA02403486.pdf,data-set-11-files-3,1,email
EFTA02403487.pdf,data-set-11-files-3,1,email
EFTA02403488.pdf,data-set-11-files-3,3,email
EFTA02403491.pdf,data-set-11-files-3,1,email
EFTA02403492.pdf,data-set-11-files-3,4,email
EFTA02403496.pdf,data-set-11-files-3,1,email
EFTA02403497.pdf,data-set-11-files-3,2,email
EFTA02403499.pdf,data-set-11-files-3,1,email
EFTA02403500.pdf,data-set-11-files-3,4,email
EFTA02403504.pdf,data-set-11-files-3,3,email
EFTA02403507.pdf,data-set-11-files-3,2,email
EFTA02403509.pdf,data-set-11-files-3,3,email
EFTA02403512.pdf,data-set-11-files-3,1,email
EFTA02403513.pdf,data-set-11-files-3,2,email
EFTA02403515.pdf,data-set-11-files-3,1,email
EFTA02403516.pdf,data-set-11-files-3,2,email
EFTA02403518.pdf,data-set-11-files-3,1,email
EFTA02403519.pdf,data-set-11-files-3,1,email
EFTA02403520.pdf,data-set-11-files-3,1,other
EFTA02403521.pdf,data-set-11-files-3,1,email
EFTA02403522.pdf,data-set-11-files-3,2,email
EFTA02403524.pdf,data-set-11-files-3,1,other
EFTA02403525.pdf,data-set-11-files-3,4,email
EFTA02403529.pdf,data-set-11-files-3,1,email
EFTA02403530.pdf,data-set-11-files-3,4,email
EFTA02403534.pdf,data-set-11-files-3,2,email
EFTA02403536.pdf,data-set-11-files-3,1,email
EFTA02403537.pdf,data-set-11-files-3,1,email
EFTA02403538.pdf,data-set-11-files-3,2,email
EFTA02403540.pdf,data-set-11-files-3,2,email
EFTA02403542.pdf,data-set-11-files-3,3,email
EFTA02403545.pdf,data-set-11-files-3,1,email
EFTA02403546.pdf,data-set-11-files-3,4,email
EFTA02403550.pdf,data-set-11-files-3,1,other
EFTA02403551.pdf,data-set-11-files-3,1,email
EFTA02403552.pdf,data-set-11-files-3,1,email
EFTA02403553.pdf,data-set-11-files-3,1,email
EFTA02403554.pdf,data-set-11-files-3,2,email
EFTA02403556.pdf,data-set-11-files-3,1,email
EFTA02403557.pdf,data-set-11-files-3,4,email
EFTA02403561.pdf,data-set-11-files-3,1,email
EFTA02403562.pdf,data-set-11-files-3,2,email
EFTA02403564.pdf,data-set-11-files-3,2,email
EFTA02403566.pdf,data-set-11-files-3,1,email
EFTA02403567.pdf,data-set-11-files-3,1,email
EFTA02403568.pdf,data-set-11-files-3,1,email
EFTA02403569.pdf,data-set-11-files-3,2,email
EFTA02403571.pdf,data-set-11-files-3,1,email
EFTA02403572.pdf,data-set-11-files-3,1,other
EFTA02403573.pdf,data-set-11-files-3,1,email
EFTA02403574.pdf,data-set-11-files-3,8,email
EFTA02403582.pdf,data-set-11-files-3,3,email
EFTA02403585.pdf,data-set-11-files-3,1,email
EFTA02403586.pdf,data-set-11-files-3,1,other
EFTA02403587.pdf,data-set-11-files-3,1,other
EFTA02403588.pdf,data-set-11-files-3,1,email
EFTA02403589.pdf,data-set-11-files-3,2,email
EFTA02403591.pdf,data-set-11-files-3,1,email
EFTA02403592.pdf,data-set-11-files-3,1,email
EFTA02403593.pdf,data-set-11-files-3,1,email
EFTA02403594.pdf,data-set-11-files-3,3,email
EFTA02403597.pdf,data-set-11-files-3,2,email
EFTA02403599.pdf,data-set-11-files-3,1,other
EFTA02403600.pdf,data-set-11-files-3,1,email
EFTA02403601.pdf,data-set-11-files-3,1,email
EFTA02403602.pdf,data-set-11-files-3,1,email
EFTA02403603.pdf,data-set-11-files-3,1,email
EFTA02403604.pdf,data-set-11-files-3,1,email
EFTA02403605.pdf,data-set-11-files-3,2,email
EFTA02403607.pdf,data-set-11-files-3,1,email
EFTA02403608.pdf,data-set-11-files-3,2,email
EFTA02403610.pdf,data-set-11-files-3,1,email
EFTA02403611.pdf,data-set-11-files-3,1,email
EFTA02403612.pdf,data-set-11-files-3,1,email
EFTA02403613.pdf,data-set-11-files-3,1,email
EFTA02403614.pdf,data-set-11-files-3,1,email
EFTA02403615.pdf,data-set-11-files-3,2,email
EFTA02403617.pdf,data-set-11-files-3,1,email
EFTA02403618.pdf,data-set-11-files-3,2,email
EFTA02403620.pdf,data-set-11-files-3,2,email
EFTA02403622.pdf,data-set-11-files-3,1,email
EFTA02403623.pdf,data-set-11-files-3,1,email
EFTA02403624.pdf,data-set-11-files-3,4,email
EFTA02403628.pdf,data-set-11-files-3,1,email
EFTA02403629.pdf,data-set-11-files-3,2,email
EFTA02403631.pdf,data-set-11-files-3,1,email
EFTA02403632.pdf,data-set-11-files-3,1,email
EFTA02403633.pdf,data-set-11-files-3,1,email
EFTA02403634.pdf,data-set-11-files-3,3,email
EFTA02403637.pdf,data-set-11-files-3,1,email
EFTA02403638.pdf,data-set-11-files-3,1,other
EFTA02403639.pdf,data-set-11-files-3,1,email
EFTA02403640.pdf,data-set-11-files-3,1,email
EFTA02403641.pdf,data-set-11-files-3,1,email
EFTA02403642.pdf,data-set-11-files-3,1,email
EFTA02403643.pdf,data-set-11-files-3,1,email
EFTA02403644.pdf,data-set-11-files-3,1,other
EFTA02403645.pdf,data-set-11-files-3,1,other
EFTA02403646.pdf,data-set-11-files-3,1,email
EFTA02403647.pdf,data-set-11-files-3,1,other
EFTA02403648.pdf,data-set-11-files-3,1,email
EFTA02403649.pdf,data-set-11-files-3,3,email
EFTA02403652.pdf,data-set-11-files-3,1,email
EFTA02403653.pdf,data-set-11-files-3,1,email
EFTA02403654.pdf,data-set-11-files-3,1,email
EFTA02403655.pdf,data-set-11-files-3,1,email
EFTA02403656.pdf,data-set-11-files-3,1,other
EFTA02403657.pdf,data-set-11-files-3,1,other
EFTA02403658.pdf,data-set-11-files-3,3,email
EFTA02403661.pdf,data-set-11-files-3,4,email
EFTA02403665.pdf,data-set-11-files-3,1,email
EFTA02403666.pdf,data-set-11-files-3,2,email
EFTA02403668.pdf,data-set-11-files-3,1,email
EFTA02403669.pdf,data-set-11-files-3,1,email
EFTA02403670.pdf,data-set-11-files-3,3,email
EFTA02403673.pdf,data-set-11-files-3,1,email
EFTA02403674.pdf,data-set-11-files-3,2,email
EFTA02403676.pdf,data-set-11-files-3,1,email
EFTA02403677.pdf,data-set-11-files-3,1,email
EFTA02403678.pdf,data-set-11-files-3,6,email
EFTA02403684.pdf,data-set-11-files-3,2,email
EFTA02403686.pdf,data-set-11-files-3,1,email
EFTA02403687.pdf,data-set-11-files-3,1,email
EFTA02403688.pdf,data-set-11-files-3,2,email
EFTA02403690.pdf,data-set-11-files-3,1,email
EFTA02403691.pdf,data-set-11-files-3,1,other
EFTA02403692.pdf,data-set-11-files-3,3,email
EFTA02403695.pdf,data-set-11-files-3,1,other
EFTA02403696.pdf,data-set-11-files-3,2,email
EFTA02403698.pdf,data-set-11-files-3,1,email
EFTA02403699.pdf,data-set-11-files-3,2,email
EFTA02403701.pdf,data-set-11-files-3,1,email
EFTA02403702.pdf,data-set-11-files-3,1,email
EFTA02403703.pdf,data-set-11-files-3,2,email
EFTA02403705.pdf,data-set-11-files-3,1,email
EFTA02403706.pdf,data-set-11-files-3,1,email
EFTA02403707.pdf,data-set-11-files-3,1,email
EFTA02403708.pdf,data-set-11-files-3,2,email
EFTA02403710.pdf,data-set-11-files-3,1,other
EFTA02403711.pdf,data-set-11-files-3,1,email
EFTA02403712.pdf,data-set-11-files-3,1,email
EFTA02403713.pdf,data-set-11-files-3,4,email
EFTA02403717.pdf,data-set-11-files-3,1,email
EFTA02403718.pdf,data-set-11-files-3,1,other
EFTA02403719.pdf,data-set-11-files-3,1,email
EFTA02403720.pdf,data-set-11-files-3,1,email
EFTA02403721.pdf,data-set-11-files-3,1,other
EFTA02403722.pdf,data-set-11-files-3,3,email
EFTA02403725.pdf,data-set-11-files-3,1,other
EFTA02403726.pdf,data-set-11-files-3,2,email
EFTA02403728.pdf,data-set-11-files-3,3,email
EFTA02403731.pdf,data-set-11-files-3,1,email
EFTA02403732.pdf,data-set-11-files-3,2,email
EFTA02403734.pdf,data-set-11-files-3,1,email
EFTA02403735.pdf,data-set-11-files-3,4,email
EFTA02403739.pdf,data-set-11-files-3,1,email
EFTA02403740.pdf,data-set-11-files-3,2,email
EFTA02403742.pdf,data-set-11-files-3,1,other
EFTA02403743.pdf,data-set-11-files-3,1,email
EFTA02403744.pdf,data-set-11-files-3,4,email
EFTA02403748.pdf,data-set-11-files-3,1,other
EFTA02403749.pdf,data-set-11-files-3,1,email
EFTA02403750.pdf,data-set-11-files-3,1,email
EFTA02403751.pdf,data-set-11-files-3,1,other
EFTA02403752.pdf,data-set-11-files-3,2,email
EFTA02403754.pdf,data-set-11-files-3,1,email
EFTA02403755.pdf,data-set-11-files-3,1,email
EFTA02403756.pdf,data-set-11-files-3,1,email
EFTA02403757.pdf,data-set-11-files-3,2,email
EFTA02403759.pdf,data-set-11-files-3,1,email
EFTA02403760.pdf,data-set-11-files-3,1,other
EFTA02403761.pdf,data-set-11-files-3,1,email
EFTA02403762.pdf,data-set-11-files-3,1,email
EFTA02403763.pdf,data-set-11-files-3,2,email
EFTA02403765.pdf,data-set-11-files-3,2,email
EFTA02403767.pdf,data-set-11-files-3,2,email
EFTA02403769.pdf,data-set-11-files-3,2,email
EFTA02403771.pdf,data-set-11-files-3,2,email
EFTA02403773.pdf,data-set-11-files-3,3,email
EFTA02403776.pdf,data-set-11-files-3,1,email
EFTA02403777.pdf,data-set-11-files-3,12,email
EFTA02403789.pdf,data-set-11-files-3,1,email
EFTA02403790.pdf,data-set-11-files-3,3,email
EFTA02403793.pdf,data-set-11-files-3,1,email
EFTA02403794.pdf,data-set-11-files-3,2,email
EFTA02403796.pdf,data-set-11-files-3,1,email
EFTA02403797.pdf,data-set-11-files-3,1,other
EFTA02403798.pdf,data-set-11-files-3,2,email
EFTA02403800.pdf,data-set-11-files-3,1,email
EFTA02403801.pdf,data-set-11-files-3,3,email
EFTA02403804.pdf,data-set-11-files-3,4,email
EFTA02403808.pdf,data-set-11-files-3,1,email
EFTA02403809.pdf,data-set-11-files-3,1,email
EFTA02403810.pdf,data-set-11-files-3,1,email
EFTA02403811.pdf,data-set-11-files-3,1,email
EFTA02403812.pdf,data-set-11-files-3,1,email
EFTA02403813.pdf,data-set-11-files-3,1,email
EFTA02403814.pdf,data-set-11-files-3,2,email
EFTA02403816.pdf,data-set-11-files-3,1,email
EFTA02403817.pdf,data-set-11-files-3,1,email
EFTA02403818.pdf,data-set-11-files-3,1,email
EFTA02403819.pdf,data-set-11-files-3,3,email
EFTA02403822.pdf,data-set-11-files-3,1,email
EFTA02403823.pdf,data-set-11-files-3,2,email
EFTA02403825.pdf,data-set-11-files-3,2,email
EFTA02403827.pdf,data-set-11-files-3,2,email
EFTA02403829.pdf,data-set-11-files-3,1,email
EFTA02403830.pdf,data-set-11-files-3,1,email
EFTA02403831.pdf,data-set-11-files-3,1,other
EFTA02403832.pdf,data-set-11-files-3,1,other
EFTA02403833.pdf,data-set-11-files-3,1,email
EFTA02403834.pdf,data-set-11-files-3,1,email
EFTA02403835.pdf,data-set-11-files-3,1,email
EFTA02403836.pdf,data-set-11-files-3,1,email
EFTA02403837.pdf,data-set-11-files-3,1,other
EFTA02403838.pdf,data-set-11-files-3,2,email
EFTA02403840.pdf,data-set-11-files-3,1,email
EFTA02403841.pdf,data-set-11-files-3,2,email
EFTA02403843.pdf,data-set-11-files-3,1,email
EFTA02403844.pdf,data-set-11-files-3,1,email
EFTA02403845.pdf,data-set-11-files-3,1,other
EFTA02403846.pdf,data-set-11-files-3,2,email
EFTA02403848.pdf,data-set-11-files-3,3,email
EFTA02403851.pdf,data-set-11-files-3,1,other
EFTA02403852.pdf,data-set-11-files-3,2,email
EFTA02403854.pdf,data-set-11-files-3,1,email
EFTA02403855.pdf,data-set-11-files-3,4,email
EFTA02403859.pdf,data-set-11-files-3,2,email
EFTA02403861.pdf,data-set-11-files-3,2,email
EFTA02403863.pdf,data-set-11-files-3,2,email
EFTA02403865.pdf,data-set-11-files-3,1,email
EFTA02403866.pdf,data-set-11-files-3,1,other
EFTA02403867.pdf,data-set-11-files-3,2,email
EFTA02403869.pdf,data-set-11-files-3,1,email
EFTA02403870.pdf,data-set-11-files-3,2,email
EFTA02403872.pdf,data-set-11-files-3,1,other
EFTA02403873.pdf,data-set-11-files-3,1,email
EFTA02403874.pdf,data-set-11-files-3,4,email
EFTA02403878.pdf,data-set-11-files-3,1,email
EFTA02403879.pdf,data-set-11-files-3,9,email
EFTA02403888.pdf,data-set-11-files-3,1,email
EFTA02403889.pdf,data-set-11-files-3,1,email
EFTA02403890.pdf,data-set-11-files-3,1,email
EFTA02403891.pdf,data-set-11-files-3,1,email
EFTA02403892.pdf,data-set-11-files-3,3,email
EFTA02403895.pdf,data-set-11-files-3,1,email
EFTA02403896.pdf,data-set-11-files-3,1,other
EFTA02403897.pdf,data-set-11-files-3,1,email
EFTA02403898.pdf,data-set-11-files-3,3,email
EFTA02403901.pdf,data-set-11-files-3,1,email
EFTA02403902.pdf,data-set-11-files-3,1,email
EFTA02403903.pdf,data-set-11-files-3,3,email
EFTA02403906.pdf,data-set-11-files-3,2,email
EFTA02403908.pdf,data-set-11-files-3,1,other
EFTA02403909.pdf,data-set-11-files-3,2,email
EFTA02403911.pdf,data-set-11-files-3,1,email
EFTA02403912.pdf,data-set-11-files-3,1,email
EFTA02403913.pdf,data-set-11-files-3,1,email
EFTA02403914.pdf,data-set-11-files-3,2,email
EFTA02403916.pdf,data-set-11-files-3,1,email
EFTA02403917.pdf,data-set-11-files-3,1,email
EFTA02403918.pdf,data-set-11-files-3,7,email
EFTA02403925.pdf,data-set-11-files-3,1,other
EFTA02403926.pdf,data-set-11-files-3,1,email
EFTA02403927.pdf,data-set-11-files-3,3,email
EFTA02403930.pdf,data-set-11-files-3,1,email
EFTA02403931.pdf,data-set-11-files-3,1,email
EFTA02403932.pdf,data-set-11-files-3,1,email
EFTA02403933.pdf,data-set-11-files-3,1,email
EFTA02403934.pdf,data-set-11-files-3,1,email
EFTA02403935.pdf,data-set-11-files-3,1,email
EFTA02403936.pdf,data-set-11-files-3,1,email
EFTA02403937.pdf,data-set-11-files-3,2,email
EFTA02403939.pdf,data-set-11-files-3,2,email
EFTA02403941.pdf,data-set-11-files-3,1,email
EFTA02403942.pdf,data-set-11-files-3,1,email
EFTA02403943.pdf,data-set-11-files-3,2,email
EFTA02403945.pdf,data-set-11-files-3,4,email
EFTA02403949.pdf,data-set-11-files-3,1,email
EFTA02403950.pdf,data-set-11-files-3,1,email
EFTA02403951.pdf,data-set-11-files-3,1,other
EFTA02403952.pdf,data-set-11-files-3,1,email
EFTA02403953.pdf,data-set-11-files-3,1,other
EFTA02403954.pdf,data-set-11-files-3,1,email
EFTA02403955.pdf,data-set-11-files-3,2,email
EFTA02403957.pdf,data-set-11-files-3,1,email
EFTA02403958.pdf,data-set-11-files-3,1,email
EFTA02403959.pdf,data-set-11-files-3,3,email
EFTA02403962.pdf,data-set-11-files-3,1,other
EFTA02403963.pdf,data-set-11-files-3,1,email
EFTA02403964.pdf,data-set-11-files-3,3,email
EFTA02403967.pdf,data-set-11-files-3,1,email
EFTA02403968.pdf,data-set-11-files-3,2,email
EFTA02403970.pdf,data-set-11-files-3,1,email
EFTA02403971.pdf,data-set-11-files-3,1,email
EFTA02403972.pdf,data-set-11-files-3,1,email
EFTA02403973.pdf,data-set-11-files-3,2,email
EFTA02403975.pdf,data-set-11-files-3,3,email
EFTA02403978.pdf,data-set-11-files-3,1,other
EFTA02403979.pdf,data-set-11-files-3,1,email
EFTA02403980.pdf,data-set-11-files-3,1,email
EFTA02403981.pdf,data-set-11-files-3,1,other
EFTA02403982.pdf,data-set-11-files-3,1,email
EFTA02403983.pdf,data-set-11-files-3,2,email
EFTA02403985.pdf,data-set-11-files-3,1,email
EFTA02403986.pdf,data-set-11-files-3,2,email
EFTA02403988.pdf,data-set-11-files-3,1,email
EFTA02403989.pdf,data-set-11-files-3,1,email
EFTA02403990.pdf,data-set-11-files-3,1,email
EFTA02403991.pdf,data-set-11-files-3,1,email
EFTA02403992.pdf,data-set-11-files-3,1,other
EFTA02403993.pdf,data-set-11-files-3,1,email
EFTA02403994.pdf,data-set-11-files-3,1,other
EFTA02403995.pdf,data-set-11-files-3,1,email
EFTA02403996.pdf,data-set-11-files-3,1,email
EFTA02403997.pdf,data-set-11-files-3,7,email
EFTA02404004.pdf,data-set-11-files-3,1,email
EFTA02404005.pdf,data-set-11-files-3,1,other
EFTA02404006.pdf,data-set-11-files-3,1,email
EFTA02404007.pdf,data-set-11-files-3,1,email
EFTA02404008.pdf,data-set-11-files-3,1,email
EFTA02404009.pdf,data-set-11-files-3,1,email
EFTA02404010.pdf,data-set-11-files-3,1,other
EFTA02404011.pdf,data-set-11-files-3,1,other
EFTA02404012.pdf,data-set-11-files-3,1,email
EFTA02404013.pdf,data-set-11-files-3,1,email
EFTA02404014.pdf,data-set-11-files-3,1,email
EFTA02404015.pdf,data-set-11-files-3,1,other
EFTA02404016.pdf,data-set-11-files-3,2,email
EFTA02404018.pdf,data-set-11-files-3,1,other
EFTA02404019.pdf,data-set-11-files-3,1,email
EFTA02404020.pdf,data-set-11-files-3,1,email
EFTA02404021.pdf,data-set-11-files-3,1,email
EFTA02404022.pdf,data-set-11-files-3,1,email
EFTA02404023.pdf,data-set-11-files-3,2,email
EFTA02404025.pdf,data-set-11-files-3,2,email
EFTA02404027.pdf,data-set-11-files-3,2,email
EFTA02404029.pdf,data-set-11-files-3,8,email
EFTA02404037.pdf,data-set-11-files-3,1,email
EFTA02404038.pdf,data-set-11-files-3,1,email
EFTA02404039.pdf,data-set-11-files-3,1,other
EFTA02404040.pdf,data-set-11-files-3,1,email
EFTA02404041.pdf,data-set-11-files-3,2,other
EFTA02404043.pdf,data-set-11-files-3,70,email
EFTA02404113.pdf,data-set-11-files-3,1,other
EFTA02404114.pdf,data-set-11-files-3,5,email
EFTA02404119.pdf,data-set-11-files-3,1,email
EFTA02404120.pdf,data-set-11-files-3,1,other
EFTA02404121.pdf,data-set-11-files-3,1,email
EFTA02404122.pdf,data-set-11-files-3,2,email
EFTA02404124.pdf,data-set-11-files-3,1,email
EFTA02404125.pdf,data-set-11-files-3,1,email
EFTA02404126.pdf,data-set-11-files-3,1,other
EFTA02404127.pdf,data-set-11-files-3,1,email
EFTA02404128.pdf,data-set-11-files-3,1,email
EFTA02404129.pdf,data-set-11-files-3,2,email
EFTA02404131.pdf,data-set-11-files-3,2,email
EFTA02404133.pdf,data-set-11-files-3,1,email
EFTA02404134.pdf,data-set-11-files-3,1,email
EFTA02404135.pdf,data-set-11-files-3,1,email
EFTA02404136.pdf,data-set-11-files-3,1,email
EFTA02404137.pdf,data-set-11-files-3,2,email
EFTA02404139.pdf,data-set-11-files-3,1,email
EFTA02404140.pdf,data-set-11-files-3,1,email
EFTA02404141.pdf,data-set-11-files-3,1,email
EFTA02404142.pdf,data-set-11-files-3,1,other
EFTA02404143.pdf,data-set-11-files-3,1,email
EFTA02404144.pdf,data-set-11-files-3,1,email
EFTA02404145.pdf,data-set-11-files-3,2,email
EFTA02404147.pdf,data-set-11-files-3,1,email
EFTA02404148.pdf,data-set-11-files-3,2,email
EFTA02404150.pdf,data-set-11-files-3,1,email
EFTA02404151.pdf,data-set-11-files-3,1,email
EFTA02404152.pdf,data-set-11-files-3,2,email
EFTA02404154.pdf,data-set-11-files-3,1,other
EFTA02404155.pdf,data-set-11-files-3,2,email
EFTA02404157.pdf,data-set-11-files-3,2,email
EFTA02404159.pdf,data-set-11-files-3,1,email
EFTA02404160.pdf,data-set-11-files-3,1,email
EFTA02404161.pdf,data-set-11-files-3,1,email
EFTA02404162.pdf,data-set-11-files-3,2,email
EFTA02404164.pdf,data-set-11-files-3,1,email
EFTA02404165.pdf,data-set-11-files-3,2,email
EFTA02404167.pdf,data-set-11-files-3,1,email
EFTA02404168.pdf,data-set-11-files-3,1,email
EFTA02404169.pdf,data-set-11-files-3,8,email
EFTA02404177.pdf,data-set-11-files-3,1,email
EFTA02404178.pdf,data-set-11-files-3,2,email
EFTA02404180.pdf,data-set-11-files-3,1,email
EFTA02404181.pdf,data-set-11-files-3,1,email
EFTA02404182.pdf,data-set-11-files-3,2,email
EFTA02404184.pdf,data-set-11-files-3,1,other
EFTA02404185.pdf,data-set-11-files-3,1,email
EFTA02404186.pdf,data-set-11-files-3,1,email
EFTA02404187.pdf,data-set-11-files-3,1,email
EFTA02404188.pdf,data-set-11-files-3,1,email
EFTA02404189.pdf,data-set-11-files-3,1,email
EFTA02404190.pdf,data-set-11-files-3,6,email
EFTA02404196.pdf,data-set-11-files-3,1,email
EFTA02404197.pdf,data-set-11-files-3,2,email
EFTA02404199.pdf,data-set-11-files-3,1,other
EFTA02404200.pdf,data-set-11-files-3,1,email
EFTA02404201.pdf,data-set-11-files-3,1,other
EFTA02404202.pdf,data-set-11-files-3,2,email
EFTA02404204.pdf,data-set-11-files-3,1,email
EFTA02404205.pdf,data-set-11-files-3,1,email
EFTA02404206.pdf,data-set-11-files-3,1,email
EFTA02404207.pdf,data-set-11-files-3,1,email
EFTA02404208.pdf,data-set-11-files-3,2,email
EFTA02404210.pdf,data-set-11-files-3,1,other
EFTA02404211.pdf,data-set-11-files-3,1,email
EFTA02404212.pdf,data-set-11-files-3,1,email
EFTA02404213.pdf,data-set-11-files-3,1,email
EFTA02404214.pdf,data-set-11-files-3,1,email
EFTA02404215.pdf,data-set-11-files-3,1,email
EFTA02404216.pdf,data-set-11-files-3,1,email
EFTA02404217.pdf,data-set-11-files-3,1,email
EFTA02404218.pdf,data-set-11-files-3,1,email
EFTA02404219.pdf,data-set-11-files-3,1,email
EFTA02404220.pdf,data-set-11-files-3,1,email
EFTA02404221.pdf,data-set-11-files-3,1,other
EFTA02404222.pdf,data-set-11-files-3,1,email
EFTA02404223.pdf,data-set-11-files-3,2,email
EFTA02404225.pdf,data-set-11-files-3,1,email
EFTA02404226.pdf,data-set-11-files-3,1,email
EFTA02404227.pdf,data-set-11-files-3,2,email
EFTA02404229.pdf,data-set-11-files-3,1,email
EFTA02404230.pdf,data-set-11-files-3,1,email
EFTA02404231.pdf,data-set-11-files-3,1,email
EFTA02404232.pdf,data-set-11-files-3,3,email
EFTA02404235.pdf,data-set-11-files-3,1,email
EFTA02404236.pdf,data-set-11-files-3,1,email
EFTA02404237.pdf,data-set-11-files-3,1,email
EFTA02404238.pdf,data-set-11-files-3,1,email
EFTA02404239.pdf,data-set-11-files-3,2,email
EFTA02404241.pdf,data-set-11-files-3,1,email
EFTA02404242.pdf,data-set-11-files-3,1,email
EFTA02404243.pdf,data-set-11-files-3,1,other
EFTA02404244.pdf,data-set-11-files-3,2,email
EFTA02404246.pdf,data-set-11-files-3,2,email
EFTA02404248.pdf,data-set-11-files-3,5,email
EFTA02404253.pdf,data-set-11-files-3,4,email
EFTA02404257.pdf,data-set-11-files-3,1,email
EFTA02404258.pdf,data-set-11-files-3,1,other
EFTA02404259.pdf,data-set-11-files-3,1,email
EFTA02404260.pdf,data-set-11-files-3,1,email
EFTA02404261.pdf,data-set-11-files-3,1,email
EFTA02404262.pdf,data-set-11-files-3,1,email
EFTA02404263.pdf,data-set-11-files-3,1,email
EFTA02404264.pdf,data-set-11-files-3,1,email
EFTA02404265.pdf,data-set-11-files-3,1,email
EFTA02404266.pdf,data-set-11-files-3,1,email
EFTA02404267.pdf,data-set-11-files-3,2,email
EFTA02404269.pdf,data-set-11-files-3,2,other
EFTA02404271.pdf,data-set-11-files-3,1,other
EFTA02404272.pdf,data-set-11-files-3,1,email
EFTA02404273.pdf,data-set-11-files-3,1,email
EFTA02404274.pdf,data-set-11-files-3,1,email
EFTA02404275.pdf,data-set-11-files-3,237,email
EFTA02404512.pdf,data-set-11-files-3,7,email
EFTA02404519.pdf,data-set-11-files-3,1,email
EFTA02404520.pdf,data-set-11-files-3,1,email
EFTA02404521.pdf,data-set-11-files-3,1,other
EFTA02404522.pdf,data-set-11-files-3,1,email
EFTA02404523.pdf,data-set-11-files-3,1,email
EFTA02404524.pdf,data-set-11-files-3,1,email
EFTA02404525.pdf,data-set-11-files-3,1,email
EFTA02404526.pdf,data-set-11-files-3,1,email
EFTA02404527.pdf,data-set-11-files-3,2,email
EFTA02404529.pdf,data-set-11-files-3,1,email
EFTA02404530.pdf,data-set-11-files-3,1,email
EFTA02404531.pdf,data-set-11-files-3,1,email
EFTA02404532.pdf,data-set-11-files-3,1,email
EFTA02404533.pdf,data-set-11-files-3,1,email
EFTA02404534.pdf,data-set-11-files-3,3,email
EFTA02404537.pdf,data-set-11-files-3,1,email
EFTA02404538.pdf,data-set-11-files-3,1,email
EFTA02404539.pdf,data-set-11-files-3,1,email
EFTA02404540.pdf,data-set-11-files-3,1,email
EFTA02404541.pdf,data-set-11-files-3,1,email
EFTA02404542.pdf,data-set-11-files-3,1,email
EFTA02404543.pdf,data-set-11-files-3,1,email
EFTA02404544.pdf,data-set-11-files-3,1,email
EFTA02404545.pdf,data-set-11-files-3,2,email
EFTA02404547.pdf,data-set-11-files-3,1,other
EFTA02404548.pdf,data-set-11-files-3,1,email
EFTA02404549.pdf,data-set-11-files-3,1,email
EFTA02404550.pdf,data-set-11-files-3,1,email
EFTA02404551.pdf,data-set-11-files-3,1,email
EFTA02404552.pdf,data-set-11-files-3,1,email
EFTA02404553.pdf,data-set-11-files-3,1,email
EFTA02404554.pdf,data-set-11-files-3,1,email
EFTA02404555.pdf,data-set-11-files-3,2,email
EFTA02404557.pdf,data-set-11-files-3,1,other
EFTA02404558.pdf,data-set-11-files-3,1,email
EFTA02404559.pdf,data-set-11-files-3,1,email
EFTA02404560.pdf,data-set-11-files-3,1,email
EFTA02404561.pdf,data-set-11-files-3,1,other
EFTA02404562.pdf,data-set-11-files-3,1,email
EFTA02404563.pdf,data-set-11-files-3,1,email
EFTA02404564.pdf,data-set-11-files-3,1,other
EFTA02404565.pdf,data-set-11-files-3,1,email
EFTA02404566.pdf,data-set-11-files-3,1,other
EFTA02404567.pdf,data-set-11-files-3,1,email
EFTA02404568.pdf,data-set-11-files-3,1,email
EFTA02404569.pdf,data-set-11-files-3,1,other
EFTA02404570.pdf,data-set-11-files-3,1,email
EFTA02404571.pdf,data-set-11-files-3,1,email
EFTA02404572.pdf,data-set-11-files-3,1,email
EFTA02404573.pdf,data-set-11-files-3,2,email
EFTA02404575.pdf,data-set-11-files-3,1,email
EFTA02404576.pdf,data-set-11-files-3,1,other
EFTA02404577.pdf,data-set-11-files-3,1,email
EFTA02404578.pdf,data-set-11-files-3,1,other
EFTA02404579.pdf,data-set-11-files-3,1,email
EFTA02404580.pdf,data-set-11-files-3,7,email
EFTA02404587.pdf,data-set-11-files-3,1,email
EFTA02404588.pdf,data-set-11-files-3,2,email
EFTA02404590.pdf,data-set-11-files-3,4,email
EFTA02404594.pdf,data-set-11-files-3,1,email
EFTA02404595.pdf,data-set-11-files-3,1,email
EFTA02404596.pdf,data-set-11-files-3,2,email
EFTA02404598.pdf,data-set-11-files-3,1,email
EFTA02404599.pdf,data-set-11-files-3,1,email
EFTA02404600.pdf,data-set-11-files-3,1,email
EFTA02404601.pdf,data-set-11-files-3,2,email
EFTA02404603.pdf,data-set-11-files-3,1,email
EFTA02404604.pdf,data-set-11-files-3,1,other
EFTA02404605.pdf,data-set-11-files-3,1,email
EFTA02404606.pdf,data-set-11-files-3,1,email
EFTA02404607.pdf,data-set-11-files-3,2,email
EFTA02404609.pdf,data-set-11-files-3,1,email
EFTA02404610.pdf,data-set-11-files-3,1,other
EFTA02404611.pdf,data-set-11-files-3,1,email
EFTA02404612.pdf,data-set-11-files-3,1,email
EFTA02404613.pdf,data-set-11-files-3,1,email
EFTA02404614.pdf,data-set-11-files-3,1,email
EFTA02404615.pdf,data-set-11-files-3,1,email
EFTA02404616.pdf,data-set-11-files-3,1,other
EFTA02404617.pdf,data-set-11-files-3,1,email
EFTA02404618.pdf,data-set-11-files-3,1,email
EFTA02404619.pdf,data-set-11-files-3,1,email
EFTA02404620.pdf,data-set-11-files-3,1,other
EFTA02404621.pdf,data-set-11-files-3,1,email
EFTA02404622.pdf,data-set-11-files-3,1,email
EFTA02404623.pdf,data-set-11-files-3,3,email
EFTA02404626.pdf,data-set-11-files-3,1,email
EFTA02404627.pdf,data-set-11-files-3,3,email
EFTA02404630.pdf,data-set-11-files-3,1,email
EFTA02404631.pdf,data-set-11-files-3,1,other
EFTA02404632.pdf,data-set-11-files-3,1,email
EFTA02404633.pdf,data-set-11-files-3,1,email
EFTA02404634.pdf,data-set-11-files-3,1,email
EFTA02404635.pdf,data-set-11-files-3,1,email
EFTA02404636.pdf,data-set-11-files-3,1,email
EFTA02404637.pdf,data-set-11-files-3,1,email
EFTA02404638.pdf,data-set-11-files-3,1,email
EFTA02404639.pdf,data-set-11-files-3,3,email
EFTA02404642.pdf,data-set-11-files-3,2,email
EFTA02404644.pdf,data-set-11-files-3,1,email
EFTA02404645.pdf,data-set-11-files-3,1,email
EFTA02404646.pdf,data-set-11-files-3,1,email
EFTA02404647.pdf,data-set-11-files-3,2,email
EFTA02404649.pdf,data-set-11-files-3,1,email
EFTA02404650.pdf,data-set-11-files-3,2,email
EFTA02404652.pdf,data-set-11-files-3,2,email
EFTA02404654.pdf,data-set-11-files-3,2,email
EFTA02404656.pdf,data-set-11-files-3,1,other
EFTA02404657.pdf,data-set-11-files-3,1,email
EFTA02404658.pdf,data-set-11-files-3,3,email
EFTA02404661.pdf,data-set-11-files-3,1,email
EFTA02404662.pdf,data-set-11-files-3,1,email
EFTA02404663.pdf,data-set-11-files-3,1,other
EFTA02404664.pdf,data-set-11-files-3,1,email
EFTA02404665.pdf,data-set-11-files-3,2,email
EFTA02404667.pdf,data-set-11-files-3,1,other
EFTA02404668.pdf,data-set-11-files-3,2,email
EFTA02404670.pdf,data-set-11-files-3,1,email
EFTA02404671.pdf,data-set-11-files-3,4,email
EFTA02404675.pdf,data-set-11-files-3,1,email
EFTA02404676.pdf,data-set-11-files-3,1,other
EFTA02404677.pdf,data-set-11-files-3,1,email
EFTA02404678.pdf,data-set-11-files-3,1,other
EFTA02404679.pdf,data-set-11-files-3,1,email
EFTA02404680.pdf,data-set-11-files-3,3,email
EFTA02404683.pdf,data-set-11-files-3,2,email
EFTA02404685.pdf,data-set-11-files-3,1,other
EFTA02404686.pdf,data-set-11-files-3,2,email
EFTA02404688.pdf,data-set-11-files-3,2,email
EFTA02404690.pdf,data-set-11-files-3,1,email
EFTA02404691.pdf,data-set-11-files-3,1,email
EFTA02404692.pdf,data-set-11-files-3,1,other
EFTA02404693.pdf,data-set-11-files-3,1,email
EFTA02404694.pdf,data-set-11-files-3,1,email
EFTA02404695.pdf,data-set-11-files-3,1,other
EFTA02404696.pdf,data-set-11-files-3,1,email
EFTA02404697.pdf,data-set-11-files-3,1,email
EFTA02404698.pdf,data-set-11-files-3,1,other
EFTA02404699.pdf,data-set-11-files-3,1,other
EFTA02404700.pdf,data-set-11-files-3,1,email
EFTA02404701.pdf,data-set-11-files-3,4,email
EFTA02404705.pdf,data-set-11-files-3,1,other
EFTA02404706.pdf,data-set-11-files-3,1,email
EFTA02404707.pdf,data-set-11-files-3,1,other
EFTA02404708.pdf,data-set-11-files-3,1,email
EFTA02404709.pdf,data-set-11-files-3,1,email
EFTA02404710.pdf,data-set-11-files-3,1,email
EFTA02404711.pdf,data-set-11-files-3,1,email
EFTA02404712.pdf,data-set-11-files-3,1,email
EFTA02404713.pdf,data-set-11-files-3,1,email
EFTA02404714.pdf,data-set-11-files-3,1,email
EFTA02404715.pdf,data-set-11-files-3,1,email
EFTA02404716.pdf,data-set-11-files-3,3,email
EFTA02404719.pdf,data-set-11-files-3,1,email
EFTA02404720.pdf,data-set-11-files-3,1,other
EFTA02404721.pdf,data-set-11-files-3,2,email
EFTA02404723.pdf,data-set-11-files-3,4,email
EFTA02404727.pdf,data-set-11-files-3,1,email
EFTA02404728.pdf,data-set-11-files-3,1,email
EFTA02404729.pdf,data-set-11-files-3,1,email
EFTA02404730.pdf,data-set-11-files-3,1,email
EFTA02404731.pdf,data-set-11-files-3,1,email
EFTA02404732.pdf,data-set-11-files-3,1,email
EFTA02404733.pdf,data-set-11-files-3,1,email
EFTA02404734.pdf,data-set-11-files-3,1,email
EFTA02404735.pdf,data-set-11-files-3,1,other
EFTA02404736.pdf,data-set-11-files-3,1,email
EFTA02404737.pdf,data-set-11-files-3,1,email
EFTA02404738.pdf,data-set-11-files-3,2,email
EFTA02404740.pdf,data-set-11-files-3,1,email
EFTA02404741.pdf,data-set-11-files-3,1,other
EFTA02404742.pdf,data-set-11-files-3,1,email
EFTA02404743.pdf,data-set-11-files-3,1,email
EFTA02404744.pdf,data-set-11-files-3,3,email
EFTA02404747.pdf,data-set-11-files-3,1,email
EFTA02404748.pdf,data-set-11-files-3,2,email
EFTA02404750.pdf,data-set-11-files-3,1,email
EFTA02404751.pdf,data-set-11-files-3,1,email
EFTA02404752.pdf,data-set-11-files-3,2,email
EFTA02404754.pdf,data-set-11-files-3,1,email
EFTA02404755.pdf,data-set-11-files-3,2,email
EFTA02404757.pdf,data-set-11-files-3,2,email
EFTA02404759.pdf,data-set-11-files-3,1,email
EFTA02404760.pdf,data-set-11-files-3,1,email
EFTA02404761.pdf,data-set-11-files-3,1,email
EFTA02404762.pdf,data-set-11-files-3,1,email
EFTA02404763.pdf,data-set-11-files-3,3,email
EFTA02404766.pdf,data-set-11-files-3,1,email
EFTA02404767.pdf,data-set-11-files-3,1,email
EFTA02404768.pdf,data-set-11-files-3,1,other
EFTA02404769.pdf,data-set-11-files-3,1,email
EFTA02404770.pdf,data-set-11-files-3,1,email
EFTA02404771.pdf,data-set-11-files-3,1,other
EFTA02404772.pdf,data-set-11-files-3,1,email
EFTA02404773.pdf,data-set-11-files-3,1,email
EFTA02404774.pdf,data-set-11-files-3,1,other
EFTA02404775.pdf,data-set-11-files-3,1,other
EFTA02404776.pdf,data-set-11-files-3,2,email
EFTA02404778.pdf,data-set-11-files-3,1,email
EFTA02404779.pdf,data-set-11-files-3,1,email
EFTA02404780.pdf,data-set-11-files-3,1,email
EFTA02404781.pdf,data-set-11-files-3,2,email
EFTA02404783.pdf,data-set-11-files-3,1,email
EFTA02404784.pdf,data-set-11-files-3,1,other
EFTA02404785.pdf,data-set-11-files-3,1,email
EFTA02404786.pdf,data-set-11-files-3,1,other
EFTA02404787.pdf,data-set-11-files-3,1,email
EFTA02404788.pdf,data-set-11-files-3,1,other
EFTA02404789.pdf,data-set-11-files-3,1,other
EFTA02404790.pdf,data-set-11-files-3,1,email
EFTA02404791.pdf,data-set-11-files-3,5,email
EFTA02404796.pdf,data-set-11-files-3,2,email
EFTA02404798.pdf,data-set-11-files-3,1,email
EFTA02404799.pdf,data-set-11-files-3,1,email
EFTA02404800.pdf,data-set-11-files-3,1,email
EFTA02404801.pdf,data-set-11-files-3,1,email
EFTA02404802.pdf,data-set-11-files-3,2,email
EFTA02404804.pdf,data-set-11-files-3,1,email
EFTA02404805.pdf,data-set-11-files-3,1,email
EFTA02404806.pdf,data-set-11-files-3,1,email
EFTA02404807.pdf,data-set-11-files-3,1,email
EFTA02404808.pdf,data-set-11-files-3,2,email
EFTA02404810.pdf,data-set-11-files-3,1,email
EFTA02404811.pdf,data-set-11-files-3,1,email
EFTA02404812.pdf,data-set-11-files-3,1,email
EFTA02404813.pdf,data-set-11-files-3,2,email
EFTA02404815.pdf,data-set-11-files-3,2,email
EFTA02404817.pdf,data-set-11-files-3,1,email
EFTA02404818.pdf,data-set-11-files-3,2,email
EFTA02404820.pdf,data-set-11-files-3,1,email
EFTA02404821.pdf,data-set-11-files-3,1,email
EFTA02404822.pdf,data-set-11-files-3,2,email
EFTA02404824.pdf,data-set-11-files-3,2,email
EFTA02404826.pdf,data-set-11-files-3,1,email
EFTA02404827.pdf,data-set-11-files-3,1,email
EFTA02404828.pdf,data-set-11-files-3,1,email
EFTA02404829.pdf,data-set-11-files-3,1,email
EFTA02404830.pdf,data-set-11-files-3,3,email
EFTA02404833.pdf,data-set-11-files-3,2,email
EFTA02404835.pdf,data-set-11-files-3,5,email
EFTA02404840.pdf,data-set-11-files-3,1,email
EFTA02404841.pdf,data-set-11-files-3,1,other
EFTA02404842.pdf,data-set-11-files-3,1,other
EFTA02404843.pdf,data-set-11-files-3,1,other
EFTA02404844.pdf,data-set-11-files-3,1,other
EFTA02404845.pdf,data-set-11-files-3,2,email
EFTA02404847.pdf,data-set-11-files-3,1,email
EFTA02404848.pdf,data-set-11-files-3,1,email
EFTA02404849.pdf,data-set-11-files-3,2,email
EFTA02404851.pdf,data-set-11-files-3,1,email
EFTA02404852.pdf,data-set-11-files-3,3,email
EFTA02404855.pdf,data-set-11-files-3,1,email
EFTA02404856.pdf,data-set-11-files-3,1,email
EFTA02404857.pdf,data-set-11-files-3,1,email
EFTA02404858.pdf,data-set-11-files-3,2,email
EFTA02404860.pdf,data-set-11-files-3,2,email
EFTA02404862.pdf,data-set-11-files-3,1,email
EFTA02404863.pdf,data-set-11-files-3,1,email
EFTA02404864.pdf,data-set-11-files-3,1,email
EFTA02404865.pdf,data-set-11-files-3,1,email
EFTA02404866.pdf,data-set-11-files-3,1,other
EFTA02404867.pdf,data-set-11-files-3,25,email
EFTA02404892.pdf,data-set-11-files-3,1,email
EFTA02404893.pdf,data-set-11-files-3,1,email
EFTA02404894.pdf,data-set-11-files-3,1,other
EFTA02404895.pdf,data-set-11-files-3,1,other
EFTA02404896.pdf,data-set-11-files-3,1,email
EFTA02404897.pdf,data-set-11-files-3,1,other
EFTA02404898.pdf,data-set-11-files-3,1,other
EFTA02404899.pdf,data-set-11-files-3,1,email
EFTA02404900.pdf,data-set-11-files-3,1,email
EFTA02404901.pdf,data-set-11-files-3,1,email
EFTA02404902.pdf,data-set-11-files-3,1,other
EFTA02404903.pdf,data-set-11-files-3,1,email
EFTA02404904.pdf,data-set-11-files-3,2,email
EFTA02404906.pdf,data-set-11-files-3,1,email
EFTA02404907.pdf,data-set-11-files-3,1,other
EFTA02404908.pdf,data-set-11-files-3,1,email
EFTA02404909.pdf,data-set-11-files-3,1,email
EFTA02404910.pdf,data-set-11-files-3,1,email
EFTA02404911.pdf,data-set-11-files-3,1,email
EFTA02404912.pdf,data-set-11-files-3,1,email
EFTA02404913.pdf,data-set-11-files-3,4,email
EFTA02404917.pdf,data-set-11-files-3,1,other
EFTA02404918.pdf,data-set-11-files-3,1,email
EFTA02404919.pdf,data-set-11-files-3,1,email
EFTA02404920.pdf,data-set-11-files-3,1,other
EFTA02404921.pdf,data-set-11-files-3,2,email
EFTA02404923.pdf,data-set-11-files-3,4,email
EFTA02404927.pdf,data-set-11-files-3,1,email
EFTA02404928.pdf,data-set-11-files-3,3,email
EFTA02404931.pdf,data-set-11-files-3,1,other
EFTA02404932.pdf,data-set-11-files-3,1,email
EFTA02404933.pdf,data-set-11-files-3,2,email
EFTA02404935.pdf,data-set-11-files-3,1,email
EFTA02404936.pdf,data-set-11-files-3,1,other
EFTA02404937.pdf,data-set-11-files-3,1,email
EFTA02404938.pdf,data-set-11-files-3,1,other
EFTA02404939.pdf,data-set-11-files-3,1,email
EFTA02404940.pdf,data-set-11-files-3,1,other
EFTA02404941.pdf,data-set-11-files-3,1,email
EFTA02404942.pdf,data-set-11-files-3,3,email
EFTA02404945.pdf,data-set-11-files-3,1,email
EFTA02404946.pdf,data-set-11-files-3,1,email
EFTA02404947.pdf,data-set-11-files-3,2,email
EFTA02404949.pdf,data-set-11-files-3,1,email
EFTA02404950.pdf,data-set-11-files-3,1,email
EFTA02404951.pdf,data-set-11-files-3,2,email
EFTA02404953.pdf,data-set-11-files-3,1,email
EFTA02404954.pdf,data-set-11-files-3,7,email
EFTA02404961.pdf,data-set-11-files-3,4,email
EFTA02404965.pdf,data-set-11-files-3,2,email
EFTA02404967.pdf,data-set-11-files-3,2,email
EFTA02404969.pdf,data-set-11-files-3,2,email
EFTA02404971.pdf,data-set-11-files-3,1,email
EFTA02404972.pdf,data-set-11-files-3,1,email
EFTA02404973.pdf,data-set-11-files-3,1,email
EFTA02404974.pdf,data-set-11-files-3,2,email
EFTA02404976.pdf,data-set-11-files-3,1,email
EFTA02404977.pdf,data-set-11-files-3,2,email
EFTA02404979.pdf,data-set-11-files-3,1,email
EFTA02404980.pdf,data-set-11-files-3,1,email
EFTA02404981.pdf,data-set-11-files-3,1,email
EFTA02404982.pdf,data-set-11-files-3,2,email
EFTA02404984.pdf,data-set-11-files-3,1,email
EFTA02404985.pdf,data-set-11-files-3,1,other
EFTA02404986.pdf,data-set-11-files-3,1,other
EFTA02404987.pdf,data-set-11-files-3,1,email
EFTA02404988.pdf,data-set-11-files-3,2,email
EFTA02404990.pdf,data-set-11-files-3,1,email
EFTA02404991.pdf,data-set-11-files-3,1,email
EFTA02404992.pdf,data-set-11-files-3,1,other
EFTA02404993.pdf,data-set-11-files-3,1,email
EFTA02404994.pdf,data-set-11-files-3,1,email
EFTA02404995.pdf,data-set-11-files-3,4,email
EFTA02404999.pdf,data-set-11-files-3,1,email
EFTA02405000.pdf,data-set-11-files-3,2,email
EFTA02405002.pdf,data-set-11-files-3,1,email
EFTA02405003.pdf,data-set-11-files-3,2,email
EFTA02405005.pdf,data-set-11-files-3,1,email
EFTA02405006.pdf,data-set-11-files-3,1,email
EFTA02405007.pdf,data-set-11-files-3,1,other
EFTA02405008.pdf,data-set-11-files-3,2,email
EFTA02405010.pdf,data-set-11-files-3,1,email
EFTA02405011.pdf,data-set-11-files-3,1,other
EFTA02405012.pdf,data-set-11-files-3,1,other
EFTA02405013.pdf,data-set-11-files-3,1,email
EFTA02405014.pdf,data-set-11-files-3,2,email
EFTA02405016.pdf,data-set-11-files-3,1,email
EFTA02405017.pdf,data-set-11-files-3,1,other
EFTA02405018.pdf,data-set-11-files-3,1,email
EFTA02405019.pdf,data-set-11-files-3,2,email
EFTA02405021.pdf,data-set-11-files-3,1,email
EFTA02405022.pdf,data-set-11-files-3,2,email
EFTA02405024.pdf,data-set-11-files-3,1,other
EFTA02405025.pdf,data-set-11-files-3,1,email
EFTA02405026.pdf,data-set-11-files-3,1,other
EFTA02405027.pdf,data-set-11-files-3,1,other
EFTA02405028.pdf,data-set-11-files-3,1,email
EFTA02405029.pdf,data-set-11-files-3,1,email
EFTA02405030.pdf,data-set-11-files-3,1,email
EFTA02405031.pdf,data-set-11-files-3,1,other
EFTA02405032.pdf,data-set-11-files-3,1,email
EFTA02405033.pdf,data-set-11-files-3,1,other
EFTA02405034.pdf,data-set-11-files-3,1,email
EFTA02405035.pdf,data-set-11-files-3,1,email
EFTA02405036.pdf,data-set-11-files-3,1,email
EFTA02405037.pdf,data-set-11-files-3,1,email
EFTA02405038.pdf,data-set-11-files-3,1,email
EFTA02405039.pdf,data-set-11-files-3,1,email
EFTA02405040.pdf,data-set-11-files-3,1,email
EFTA02405041.pdf,data-set-11-files-3,1,email
EFTA02405042.pdf,data-set-11-files-3,1,email
EFTA02405043.pdf,data-set-11-files-3,1,email
EFTA02405044.pdf,data-set-11-files-3,1,email
EFTA02405045.pdf,data-set-11-files-3,1,other
EFTA02405046.pdf,data-set-11-files-3,3,email
EFTA02405049.pdf,data-set-11-files-3,2,email
EFTA02405051.pdf,data-set-11-files-3,1,email
EFTA02405052.pdf,data-set-11-files-3,1,other
EFTA02405053.pdf,data-set-11-files-3,1,email
EFTA02405054.pdf,data-set-11-files-3,2,email
EFTA02405056.pdf,data-set-11-files-3,1,email
EFTA02405057.pdf,data-set-11-files-3,1,email
EFTA02405058.pdf,data-set-11-files-3,1,email
EFTA02405059.pdf,data-set-11-files-3,1,email
EFTA02405060.pdf,data-set-11-files-3,1,email
EFTA02405061.pdf,data-set-11-files-3,1,other
EFTA02405062.pdf,data-set-11-files-3,1,other
EFTA02405063.pdf,data-set-11-files-3,1,email
EFTA02405064.pdf,data-set-11-files-3,1,email
EFTA02405065.pdf,data-set-11-files-3,1,email
EFTA02405066.pdf,data-set-11-files-3,2,email
EFTA02405068.pdf,data-set-11-files-3,1,email
EFTA02405069.pdf,data-set-11-files-3,1,other
EFTA02405070.pdf,data-set-11-files-3,1,email
EFTA02405071.pdf,data-set-11-files-3,1,email
EFTA02405072.pdf,data-set-11-files-3,1,other
EFTA02405073.pdf,data-set-11-files-3,1,email
EFTA02405074.pdf,data-set-11-files-3,1,email
EFTA02405075.pdf,data-set-11-files-3,1,email
EFTA02405076.pdf,data-set-11-files-3,1,email
EFTA02405077.pdf,data-set-11-files-3,1,email
EFTA02405078.pdf,data-set-11-files-3,1,email
EFTA02405079.pdf,data-set-11-files-3,1,email
EFTA02405080.pdf,data-set-11-files-3,1,email
EFTA02405081.pdf,data-set-11-files-3,1,email
EFTA02405082.pdf,data-set-11-files-3,1,email
EFTA02405083.pdf,data-set-11-files-3,1,email
EFTA02405084.pdf,data-set-11-files-3,1,email
EFTA02405085.pdf,data-set-11-files-3,2,email
EFTA02405087.pdf,data-set-11-files-3,1,email
EFTA02405088.pdf,data-set-11-files-3,1,email
EFTA02405089.pdf,data-set-11-files-3,1,email
EFTA02405090.pdf,data-set-11-files-3,1,email
EFTA02405091.pdf,data-set-11-files-3,1,other
EFTA02405092.pdf,data-set-11-files-3,1,email
EFTA02405093.pdf,data-set-11-files-3,1,email
EFTA02405094.pdf,data-set-11-files-3,1,other
EFTA02405095.pdf,data-set-11-files-3,1,email
EFTA02405096.pdf,data-set-11-files-3,2,email
EFTA02405098.pdf,data-set-11-files-3,2,email
EFTA02405100.pdf,data-set-11-files-3,1,email
EFTA02405101.pdf,data-set-11-files-3,1,email
EFTA02405102.pdf,data-set-11-files-3,1,other
EFTA02405103.pdf,data-set-11-files-3,1,email
EFTA02405104.pdf,data-set-11-files-3,1,email
EFTA02405105.pdf,data-set-11-files-3,1,email
EFTA02405106.pdf,data-set-11-files-3,1,email
EFTA02405107.pdf,data-set-11-files-3,1,email
EFTA02405108.pdf,data-set-11-files-3,1,email
EFTA02405109.pdf,data-set-11-files-3,1,other
EFTA02405110.pdf,data-set-11-files-3,1,email
EFTA02405111.pdf,data-set-11-files-3,1,email
EFTA02405112.pdf,data-set-11-files-3,1,email
EFTA02405113.pdf,data-set-11-files-3,1,email
EFTA02405114.pdf,data-set-11-files-3,1,email
EFTA02405115.pdf,data-set-11-files-3,1,email
EFTA02405116.pdf,data-set-11-files-3,1,other
EFTA02405117.pdf,data-set-11-files-3,1,email
EFTA02405118.pdf,data-set-11-files-3,1,email
EFTA02405119.pdf,data-set-11-files-3,3,email
EFTA02405122.pdf,data-set-11-files-3,1,other
EFTA02405123.pdf,data-set-11-files-3,2,email
EFTA02405125.pdf,data-set-11-files-3,1,email
EFTA02405126.pdf,data-set-11-files-3,1,email
EFTA02405127.pdf,data-set-11-files-3,2,email
EFTA02405129.pdf,data-set-11-files-3,1,email
EFTA02405130.pdf,data-set-11-files-3,1,email
EFTA02405131.pdf,data-set-11-files-3,1,other
EFTA02405132.pdf,data-set-11-files-3,1,email
EFTA02405133.pdf,data-set-11-files-3,1,email
EFTA02405134.pdf,data-set-11-files-3,1,other
EFTA02405135.pdf,data-set-11-files-3,1,email
EFTA02405136.pdf,data-set-11-files-3,1,other
EFTA02405137.pdf,data-set-11-files-3,1,email
EFTA02405138.pdf,data-set-11-files-3,1,email
EFTA02405139.pdf,data-set-11-files-3,1,email
EFTA02405140.pdf,data-set-11-files-3,1,email
EFTA02405141.pdf,data-set-11-files-3,1,email
EFTA02405142.pdf,data-set-11-files-3,1,email
EFTA02405143.pdf,data-set-11-files-3,2,email
EFTA02405145.pdf,data-set-11-files-3,1,other
EFTA02405146.pdf,data-set-11-files-3,1,other
EFTA02405147.pdf,data-set-11-files-3,1,other
EFTA02405148.pdf,data-set-11-files-3,1,email
EFTA02405149.pdf,data-set-11-files-3,2,email
EFTA02405151.pdf,data-set-11-files-3,3,email
EFTA02405154.pdf,data-set-11-files-3,1,other
EFTA02405155.pdf,data-set-11-files-3,1,other
EFTA02405156.pdf,data-set-11-files-3,1,email
EFTA02405157.pdf,data-set-11-files-3,2,email
EFTA02405159.pdf,data-set-11-files-3,1,email
EFTA02405160.pdf,data-set-11-files-3,1,email
EFTA02405161.pdf,data-set-11-files-3,2,email
EFTA02405163.pdf,data-set-11-files-3,1,email
EFTA02405164.pdf,data-set-11-files-3,1,email
EFTA02405165.pdf,data-set-11-files-3,1,other
EFTA02405166.pdf,data-set-11-files-3,1,email
EFTA02405167.pdf,data-set-11-files-3,1,email
EFTA02405168.pdf,data-set-11-files-3,1,email
EFTA02405169.pdf,data-set-11-files-3,1,email
EFTA02405170.pdf,data-set-11-files-3,1,other
EFTA02405171.pdf,data-set-11-files-3,2,email
EFTA02405173.pdf,data-set-11-files-3,1,other
EFTA02405174.pdf,data-set-11-files-3,1,email
EFTA02405175.pdf,data-set-11-files-3,1,email
EFTA02405176.pdf,data-set-11-files-3,1,email
EFTA02405177.pdf,data-set-11-files-3,1,email
EFTA02405178.pdf,data-set-11-files-3,2,email
EFTA02405180.pdf,data-set-11-files-3,1,email
EFTA02405181.pdf,data-set-11-files-3,3,email
EFTA02405184.pdf,data-set-11-files-3,2,email
EFTA02405186.pdf,data-set-11-files-3,7,email
EFTA02405193.pdf,data-set-11-files-3,1,email
EFTA02405194.pdf,data-set-11-files-3,1,email
EFTA02405195.pdf,data-set-11-files-3,1,other
EFTA02405196.pdf,data-set-11-files-3,1,other
EFTA02405197.pdf,data-set-11-files-3,1,email
EFTA02405198.pdf,data-set-11-files-3,1,email
EFTA02405199.pdf,data-set-11-files-3,1,email
EFTA02405200.pdf,data-set-11-files-3,1,other
EFTA02405201.pdf,data-set-11-files-3,1,other
EFTA02405202.pdf,data-set-11-files-3,1,other
EFTA02405203.pdf,data-set-11-files-3,1,other
EFTA02405204.pdf,data-set-11-files-3,1,email
EFTA02405205.pdf,data-set-11-files-3,2,email
EFTA02405207.pdf,data-set-11-files-3,1,email
EFTA02405208.pdf,data-set-11-files-3,1,email
EFTA02405209.pdf,data-set-11-files-3,2,email
EFTA02405211.pdf,data-set-11-files-3,2,email
EFTA02405213.pdf,data-set-11-files-3,1,email
EFTA02405214.pdf,data-set-11-files-3,2,email
EFTA02405216.pdf,data-set-11-files-3,1,email
EFTA02405217.pdf,data-set-11-files-3,1,email
EFTA02405218.pdf,data-set-11-files-3,2,email
EFTA02405220.pdf,data-set-11-files-3,1,other
EFTA02405221.pdf,data-set-11-files-3,1,email
EFTA02405222.pdf,data-set-11-files-3,1,email
EFTA02405223.pdf,data-set-11-files-3,1,email
EFTA02405224.pdf,data-set-11-files-3,1,email
EFTA02405225.pdf,data-set-11-files-3,1,email
EFTA02405226.pdf,data-set-11-files-3,2,email
EFTA02405228.pdf,data-set-11-files-3,8,email
EFTA02405236.pdf,data-set-11-files-3,1,email
EFTA02405237.pdf,data-set-11-files-3,3,email
EFTA02405240.pdf,data-set-11-files-3,1,other
EFTA02405241.pdf,data-set-11-files-3,2,email
EFTA02405243.pdf,data-set-11-files-3,1,email
EFTA02405244.pdf,data-set-11-files-3,1,other
EFTA02405245.pdf,data-set-11-files-3,1,email
EFTA02405246.pdf,data-set-11-files-3,1,email
EFTA02405247.pdf,data-set-11-files-3,1,email
EFTA02405248.pdf,data-set-11-files-3,3,email
EFTA02405251.pdf,data-set-11-files-3,1,email
EFTA02405252.pdf,data-set-11-files-3,3,email
EFTA02405255.pdf,data-set-11-files-3,2,email
EFTA02405257.pdf,data-set-11-files-3,1,other
EFTA02405258.pdf,data-set-11-files-3,1,email
EFTA02405259.pdf,data-set-11-files-3,2,email
EFTA02405261.pdf,data-set-11-files-3,1,email
EFTA02405262.pdf,data-set-11-files-3,1,email
EFTA02405263.pdf,data-set-11-files-3,1,other
EFTA02405264.pdf,data-set-11-files-3,2,email
EFTA02405266.pdf,data-set-11-files-3,1,other
EFTA02405267.pdf,data-set-11-files-3,1,other
EFTA02405268.pdf,data-set-11-files-3,1,email
EFTA02405269.pdf,data-set-11-files-3,1,email
EFTA02405270.pdf,data-set-11-files-3,2,email
EFTA02405272.pdf,data-set-11-files-3,1,other
EFTA02405273.pdf,data-set-11-files-3,1,email
EFTA02405274.pdf,data-set-11-files-3,3,email
EFTA02405277.pdf,data-set-11-files-3,3,email
EFTA02405280.pdf,data-set-11-files-3,1,email
EFTA02405281.pdf,data-set-11-files-3,1,email
EFTA02405282.pdf,data-set-11-files-3,1,other
EFTA02405283.pdf,data-set-11-files-3,1,other
EFTA02405284.pdf,data-set-11-files-3,1,email
EFTA02405285.pdf,data-set-11-files-3,1,email
EFTA02405286.pdf,data-set-11-files-3,3,email
EFTA02405289.pdf,data-set-11-files-3,2,email
EFTA02405291.pdf,data-set-11-files-3,1,other
EFTA02405292.pdf,data-set-11-files-3,1,other
EFTA02405293.pdf,data-set-11-files-3,1,other
EFTA02405294.pdf,data-set-11-files-3,1,other
EFTA02405295.pdf,data-set-11-files-3,1,email
EFTA02405296.pdf,data-set-11-files-3,2,email
EFTA02405298.pdf,data-set-11-files-3,1,email
EFTA02405299.pdf,data-set-11-files-3,3,email
EFTA02405302.pdf,data-set-11-files-3,1,email
EFTA02405303.pdf,data-set-11-files-3,1,email
EFTA02405304.pdf,data-set-11-files-3,1,other
EFTA02405305.pdf,data-set-11-files-3,1,other
EFTA02405306.pdf,data-set-11-files-3,1,other
EFTA02405307.pdf,data-set-11-files-3,1,email
EFTA02405308.pdf,data-set-11-files-3,1,email
EFTA02405309.pdf,data-set-11-files-3,1,email
EFTA02405310.pdf,data-set-11-files-3,1,email
EFTA02405311.pdf,data-set-11-files-3,1,other
EFTA02405312.pdf,data-set-11-files-3,1,email
EFTA02405313.pdf,data-set-11-files-3,3,email
EFTA02405316.pdf,data-set-11-files-3,2,email
EFTA02405318.pdf,data-set-11-files-3,1,email
EFTA02405319.pdf,data-set-11-files-3,1,other
EFTA02405320.pdf,data-set-11-files-3,2,email
EFTA02405322.pdf,data-set-11-files-3,1,other
EFTA02405323.pdf,data-set-11-files-3,2,email
EFTA02405325.pdf,data-set-11-files-3,2,email
EFTA02405327.pdf,data-set-11-files-3,1,email
EFTA02405328.pdf,data-set-11-files-3,3,email
EFTA02405331.pdf,data-set-11-files-3,1,email
EFTA02405332.pdf,data-set-11-files-3,1,email
EFTA02405333.pdf,data-set-11-files-3,1,email
EFTA02405334.pdf,data-set-11-files-3,1,email
EFTA02405335.pdf,data-set-11-files-3,1,email
EFTA02405336.pdf,data-set-11-files-3,3,email
EFTA02405339.pdf,data-set-11-files-3,247,email
EFTA02405586.pdf,data-set-11-files-3,1,email
EFTA02405587.pdf,data-set-11-files-3,3,email
EFTA02405590.pdf,data-set-11-files-3,3,email
EFTA02405593.pdf,data-set-11-files-3,1,email
EFTA02405594.pdf,data-set-11-files-3,1,email
EFTA02405595.pdf,data-set-11-files-3,1,email
EFTA02405596.pdf,data-set-11-files-3,1,email
EFTA02405597.pdf,data-set-11-files-3,1,email
EFTA02405598.pdf,data-set-11-files-3,2,email
EFTA02405600.pdf,data-set-11-files-3,1,other
EFTA02405601.pdf,data-set-11-files-3,1,email
EFTA02405602.pdf,data-set-11-files-3,1,other
EFTA02405603.pdf,data-set-11-files-3,1,email
EFTA02405604.pdf,data-set-11-files-3,1,email
EFTA02405605.pdf,data-set-11-files-3,1,other
EFTA02405606.pdf,data-set-11-files-3,1,email
EFTA02405607.pdf,data-set-11-files-3,1,email
EFTA02405608.pdf,data-set-11-files-3,1,email
EFTA02405609.pdf,data-set-11-files-3,1,email
EFTA02405610.pdf,data-set-11-files-3,3,email
EFTA02405613.pdf,data-set-11-files-3,1,email
EFTA02405614.pdf,data-set-11-files-3,1,email
EFTA02405615.pdf,data-set-11-files-3,1,email
EFTA02405616.pdf,data-set-11-files-3,1,other
EFTA02405617.pdf,data-set-11-files-3,1,email
EFTA02405618.pdf,data-set-11-files-3,1,other
EFTA02405619.pdf,data-set-11-files-3,1,other
EFTA02405620.pdf,data-set-11-files-3,1,email
EFTA02405621.pdf,data-set-11-files-3,1,other
EFTA02405622.pdf,data-set-11-files-3,1,email
EFTA02405623.pdf,data-set-11-files-3,1,email
EFTA02405624.pdf,data-set-11-files-3,1,email
EFTA02405625.pdf,data-set-11-files-3,2,email
EFTA02405627.pdf,data-set-11-files-3,1,email
EFTA02405628.pdf,data-set-11-files-3,1,email
EFTA02405629.pdf,data-set-11-files-3,1,other
EFTA02405630.pdf,data-set-11-files-3,1,email
EFTA02405631.pdf,data-set-11-files-3,1,other
EFTA02405632.pdf,data-set-11-files-3,1,email
EFTA02405633.pdf,data-set-11-files-3,2,email
EFTA02405635.pdf,data-set-11-files-3,1,other
EFTA02405636.pdf,data-set-11-files-3,2,email
EFTA02405638.pdf,data-set-11-files-3,1,other
EFTA02405639.pdf,data-set-11-files-3,1,email
EFTA02405640.pdf,data-set-11-files-3,2,other
EFTA02405642.pdf,data-set-11-files-3,1,email
EFTA02405643.pdf,data-set-11-files-3,1,other
EFTA02405644.pdf,data-set-11-files-3,1,other
EFTA02405645.pdf,data-set-11-files-3,4,email
EFTA02405649.pdf,data-set-11-files-3,1,email
EFTA02405650.pdf,data-set-11-files-3,1,other
EFTA02405651.pdf,data-set-11-files-3,1,email
EFTA02405652.pdf,data-set-11-files-3,1,email
EFTA02405653.pdf,data-set-11-files-3,1,other
EFTA02405654.pdf,data-set-11-files-3,2,email
EFTA02405656.pdf,data-set-11-files-3,1,email
EFTA02405657.pdf,data-set-11-files-3,4,email
EFTA02405661.pdf,data-set-11-files-3,1,other
EFTA02405662.pdf,data-set-11-files-3,2,email
EFTA02405664.pdf,data-set-11-files-3,1,other
EFTA02405665.pdf,data-set-11-files-3,2,email
EFTA02405667.pdf,data-set-11-files-3,1,email
EFTA02405668.pdf,data-set-11-files-3,1,email
EFTA02405669.pdf,data-set-11-files-3,1,email
EFTA02405670.pdf,data-set-11-files-3,1,other
EFTA02405671.pdf,data-set-11-files-3,1,email
EFTA02405672.pdf,data-set-11-files-3,1,email
EFTA02405673.pdf,data-set-11-files-3,1,email
EFTA02405674.pdf,data-set-11-files-3,1,other
EFTA02405675.pdf,data-set-11-files-3,2,email
EFTA02405677.pdf,data-set-11-files-3,1,other
EFTA02405678.pdf,data-set-11-files-3,1,email
EFTA02405679.pdf,data-set-11-files-3,1,email
EFTA02405680.pdf,data-set-11-files-3,1,email
EFTA02405681.pdf,data-set-11-files-3,1,email
EFTA02405682.pdf,data-set-11-files-3,1,email
EFTA02405683.pdf,data-set-11-files-3,1,email
EFTA02405684.pdf,data-set-11-files-3,1,email
EFTA02405685.pdf,data-set-11-files-3,1,other
EFTA02405686.pdf,data-set-11-files-3,1,email
EFTA02405687.pdf,data-set-11-files-3,1,email
EFTA02405688.pdf,data-set-11-files-3,1,email
EFTA02405689.pdf,data-set-11-files-3,1,other
EFTA02405690.pdf,data-set-11-files-3,1,other
EFTA02405691.pdf,data-set-11-files-3,1,email
EFTA02405692.pdf,data-set-11-files-3,1,email
EFTA02405693.pdf,data-set-11-files-3,1,email
EFTA02405694.pdf,data-set-11-files-3,1,email
EFTA02405695.pdf,data-set-11-files-3,2,email
EFTA02405697.pdf,data-set-11-files-3,1,email
EFTA02405698.pdf,data-set-11-files-3,1,email
EFTA02405699.pdf,data-set-11-files-3,1,email
EFTA02405700.pdf,data-set-11-files-3,1,other
EFTA02405701.pdf,data-set-11-files-3,1,email
EFTA02405702.pdf,data-set-11-files-3,1,email
EFTA02405703.pdf,data-set-11-files-3,1,email
EFTA02405704.pdf,data-set-11-files-3,1,email
EFTA02405705.pdf,data-set-11-files-3,3,email
EFTA02405708.pdf,data-set-11-files-3,1,other
EFTA02405709.pdf,data-set-11-files-3,1,email
EFTA02405710.pdf,data-set-11-files-3,1,email
EFTA02405711.pdf,data-set-11-files-3,1,email
EFTA02405712.pdf,data-set-11-files-3,2,email
EFTA02405714.pdf,data-set-11-files-3,1,email
EFTA02405715.pdf,data-set-11-files-3,1,other
EFTA02405716.pdf,data-set-11-files-3,1,email
EFTA02405717.pdf,data-set-11-files-3,1,other
EFTA02405718.pdf,data-set-11-files-3,1,email
EFTA02405719.pdf,data-set-11-files-3,1,email
EFTA02405720.pdf,data-set-11-files-3,1,email
EFTA02405721.pdf,data-set-11-files-3,1,other
EFTA02405722.pdf,data-set-11-files-3,1,email
EFTA02405723.pdf,data-set-11-files-3,1,email
EFTA02405724.pdf,data-set-11-files-3,1,email
EFTA02405725.pdf,data-set-11-files-3,1,email
EFTA02405726.pdf,data-set-11-files-3,1,email
EFTA02405727.pdf,data-set-11-files-3,1,email
EFTA02405728.pdf,data-set-11-files-3,1,email
EFTA02405729.pdf,data-set-11-files-3,1,other
EFTA02405730.pdf,data-set-11-files-3,1,email
EFTA02405731.pdf,data-set-11-files-3,1,email
EFTA02405732.pdf,data-set-11-files-3,1,email
EFTA02405733.pdf,data-set-11-files-3,1,email
EFTA02405734.pdf,data-set-11-files-3,1,other
EFTA02405735.pdf,data-set-11-files-3,1,email
EFTA02405736.pdf,data-set-11-files-3,1,email
EFTA02405737.pdf,data-set-11-files-3,1,email
EFTA02405738.pdf,data-set-11-files-3,1,email
EFTA02405739.pdf,data-set-11-files-3,1,email
EFTA02405740.pdf,data-set-11-files-3,1,other
EFTA02405741.pdf,data-set-11-files-3,1,other
EFTA02405742.pdf,data-set-11-files-3,1,email
EFTA02405743.pdf,data-set-11-files-3,2,email
EFTA02405745.pdf,data-set-11-files-3,1,email
EFTA02405746.pdf,data-set-11-files-3,1,other
EFTA02405747.pdf,data-set-11-files-3,1,email
EFTA02405748.pdf,data-set-11-files-3,1,other
EFTA02405749.pdf,data-set-11-files-3,1,other
EFTA02405750.pdf,data-set-11-files-3,1,email
EFTA02405751.pdf,data-set-11-files-3,2,email
EFTA02405753.pdf,data-set-11-files-3,1,other
EFTA02405754.pdf,data-set-11-files-3,1,email
EFTA02405755.pdf,data-set-11-files-3,1,email
EFTA02405756.pdf,data-set-11-files-3,1,email
EFTA02405757.pdf,data-set-11-files-3,1,email
EFTA02405758.pdf,data-set-11-files-3,1,email
EFTA02405759.pdf,data-set-11-files-3,1,email
EFTA02405760.pdf,data-set-11-files-3,3,email
EFTA02405763.pdf,data-set-11-files-3,1,other
EFTA02405764.pdf,data-set-11-files-3,1,other
EFTA02405765.pdf,data-set-11-files-3,1,email
EFTA02405766.pdf,data-set-11-files-3,2,email
EFTA02405768.pdf,data-set-11-files-3,1,email
EFTA02405769.pdf,data-set-11-files-3,1,email
EFTA02405770.pdf,data-set-11-files-3,1,email
EFTA02405771.pdf,data-set-11-files-3,1,other
EFTA02405772.pdf,data-set-11-files-3,1,email
EFTA02405773.pdf,data-set-11-files-3,1,email
EFTA02405774.pdf,data-set-11-files-3,1,email
EFTA02405775.pdf,data-set-11-files-3,1,email
EFTA02405776.pdf,data-set-11-files-3,1,email
EFTA02405777.pdf,data-set-11-files-3,154,email
EFTA02405931.pdf,data-set-11-files-3,1,email
EFTA02405932.pdf,data-set-11-files-3,2,email
EFTA02405934.pdf,data-set-11-files-3,1,email
EFTA02405935.pdf,data-set-11-files-3,1,email
EFTA02405936.pdf,data-set-11-files-3,2,email
EFTA02405938.pdf,data-set-11-files-3,8,email
EFTA02405946.pdf,data-set-11-files-3,4,email
EFTA02405950.pdf,data-set-11-files-3,1,other
EFTA02405951.pdf,data-set-11-files-3,3,email
EFTA02405954.pdf,data-set-11-files-3,1,email
EFTA02405955.pdf,data-set-11-files-3,1,email
EFTA02405956.pdf,data-set-11-files-3,1,email
EFTA02405957.pdf,data-set-11-files-3,1,other
EFTA02405958.pdf,data-set-11-files-3,2,email
EFTA02405960.pdf,data-set-11-files-3,1,email
EFTA02405961.pdf,data-set-11-files-3,1,other
EFTA02405962.pdf,data-set-11-files-3,1,email
EFTA02405963.pdf,data-set-11-files-3,1,email
EFTA02405964.pdf,data-set-11-files-3,1,email
EFTA02405965.pdf,data-set-11-files-3,1,email
EFTA02405966.pdf,data-set-11-files-3,2,email
EFTA02405968.pdf,data-set-11-files-3,1,email
EFTA02405969.pdf,data-set-11-files-3,2,email
EFTA02405971.pdf,data-set-11-files-3,1,email
EFTA02405972.pdf,data-set-11-files-3,1,email
EFTA02405973.pdf,data-set-11-files-3,1,other
EFTA02405974.pdf,data-set-11-files-3,1,other
EFTA02405975.pdf,data-set-11-files-3,1,other
EFTA02405976.pdf,data-set-11-files-3,1,email
EFTA02405977.pdf,data-set-11-files-3,1,email
EFTA02405978.pdf,data-set-11-files-3,1,other
EFTA02405979.pdf,data-set-11-files-3,1,email
EFTA02405980.pdf,data-set-11-files-3,1,other
EFTA02405981.pdf,data-set-11-files-3,1,other
EFTA02405982.pdf,data-set-11-files-3,1,other
EFTA02405983.pdf,data-set-11-files-3,2,email
EFTA02405985.pdf,data-set-11-files-3,1,email
EFTA02405986.pdf,data-set-11-files-3,2,email
EFTA02405988.pdf,data-set-11-files-3,1,other
EFTA02405989.pdf,data-set-11-files-3,1,email
EFTA02405990.pdf,data-set-11-files-3,1,email
EFTA02405991.pdf,data-set-11-files-3,1,email
EFTA02405992.pdf,data-set-11-files-3,1,other
EFTA02405993.pdf,data-set-11-files-3,1,email
EFTA02405994.pdf,data-set-11-files-3,1,email
EFTA02405995.pdf,data-set-11-files-3,1,email
EFTA02405996.pdf,data-set-11-files-3,1,other
EFTA02405997.pdf,data-set-11-files-3,1,other
EFTA02405998.pdf,data-set-11-files-3,1,other
EFTA02405999.pdf,data-set-11-files-3,1,other
EFTA02406000.pdf,data-set-11-files-3,1,other
EFTA02406001.pdf,data-set-11-files-3,2,email
EFTA02406003.pdf,data-set-11-files-3,1,other
EFTA02406004.pdf,data-set-11-files-3,1,email
EFTA02406005.pdf,data-set-11-files-3,1,email
EFTA02406006.pdf,data-set-11-files-3,1,email
EFTA02406007.pdf,data-set-11-files-3,1,email
EFTA02406008.pdf,data-set-11-files-3,1,other
EFTA02406009.pdf,data-set-11-files-3,2,email
EFTA02406011.pdf,data-set-11-files-3,1,other
EFTA02406012.pdf,data-set-11-files-3,1,other
EFTA02406013.pdf,data-set-11-files-3,1,email
EFTA02406014.pdf,data-set-11-files-3,1,other
EFTA02406015.pdf,data-set-11-files-3,1,email
EFTA02406016.pdf,data-set-11-files-3,1,other
EFTA02406017.pdf,data-set-11-files-3,1,email
EFTA02406018.pdf,data-set-11-files-3,1,other
EFTA02406019.pdf,data-set-11-files-3,1,other
EFTA02406020.pdf,data-set-11-files-3,1,email
EFTA02406021.pdf,data-set-11-files-3,1,other
EFTA02406022.pdf,data-set-11-files-3,1,email
EFTA02406023.pdf,data-set-11-files-3,1,email
EFTA02406024.pdf,data-set-11-files-3,1,email
EFTA02406025.pdf,data-set-11-files-3,1,email
EFTA02406026.pdf,data-set-11-files-3,2,email
EFTA02406028.pdf,data-set-11-files-3,5,email
EFTA02406033.pdf,data-set-11-files-3,1,other
EFTA02406034.pdf,data-set-11-files-3,1,other
EFTA02406035.pdf,data-set-11-files-3,1,email
EFTA02406036.pdf,data-set-11-files-3,1,other
EFTA02406037.pdf,data-set-11-files-3,1,other
EFTA02406038.pdf,data-set-11-files-3,2,email
EFTA02406040.pdf,data-set-11-files-3,1,email
EFTA02406041.pdf,data-set-11-files-3,3,email
EFTA02406044.pdf,data-set-11-files-3,1,other
EFTA02406045.pdf,data-set-11-files-3,1,email
EFTA02406046.pdf,data-set-11-files-3,1,email
EFTA02406047.pdf,data-set-11-files-3,2,email
EFTA02406049.pdf,data-set-11-files-3,3,email
EFTA02406052.pdf,data-set-11-files-3,1,email
EFTA02406053.pdf,data-set-11-files-3,1,email
EFTA02406054.pdf,data-set-11-files-3,1,other
EFTA02406055.pdf,data-set-11-files-3,1,email
EFTA02406056.pdf,data-set-11-files-3,1,other
EFTA02406057.pdf,data-set-11-files-3,1,email
EFTA02406058.pdf,data-set-11-files-3,2,email
EFTA02406060.pdf,data-set-11-files-3,1,other
EFTA02406061.pdf,data-set-11-files-3,1,email
EFTA02406062.pdf,data-set-11-files-3,1,other
EFTA02406063.pdf,data-set-11-files-3,2,email
EFTA02406065.pdf,data-set-11-files-3,1,other
EFTA02406066.pdf,data-set-11-files-3,1,other
EFTA02406067.pdf,data-set-11-files-3,1,email
EFTA02406068.pdf,data-set-11-files-3,1,email
EFTA02406069.pdf,data-set-11-files-3,1,other
EFTA02406070.pdf,data-set-11-files-3,2,email
EFTA02406072.pdf,data-set-11-files-3,1,other
EFTA02406073.pdf,data-set-11-files-3,1,email
EFTA02406074.pdf,data-set-11-files-3,1,email
EFTA02406075.pdf,data-set-11-files-3,1,email
EFTA02406076.pdf,data-set-11-files-3,2,other
EFTA02406078.pdf,data-set-11-files-3,1,email
EFTA02406079.pdf,data-set-11-files-3,1,email
EFTA02406080.pdf,data-set-11-files-3,1,other
EFTA02406081.pdf,data-set-11-files-3,1,other
EFTA02406082.pdf,data-set-11-files-3,5,email
EFTA02406087.pdf,data-set-11-files-3,1,email
EFTA02406088.pdf,data-set-11-files-3,1,email
EFTA02406089.pdf,data-set-11-files-3,2,email
EFTA02406091.pdf,data-set-11-files-3,1,email
EFTA02406092.pdf,data-set-11-files-3,1,other
EFTA02406093.pdf,data-set-11-files-3,1,other
EFTA02406094.pdf,data-set-11-files-3,2,email
EFTA02406096.pdf,data-set-11-files-3,1,email
EFTA02406097.pdf,data-set-11-files-3,1,other
EFTA02406098.pdf,data-set-11-files-3,1,other
EFTA02406099.pdf,data-set-11-files-3,1,email
EFTA02406100.pdf,data-set-11-files-3,1,email
EFTA02406101.pdf,data-set-11-files-3,1,other
EFTA02406102.pdf,data-set-11-files-3,3,email
EFTA02406105.pdf,data-set-11-files-3,2,email
EFTA02406107.pdf,data-set-11-files-3,1,email
EFTA02406108.pdf,data-set-11-files-3,1,other
EFTA02406109.pdf,data-set-11-files-3,1,email
EFTA02406110.pdf,data-set-11-files-3,1,email
EFTA02406111.pdf,data-set-11-files-3,1,other
EFTA02406112.pdf,data-set-11-files-3,4,email
EFTA02406116.pdf,data-set-11-files-3,1,email
EFTA02406117.pdf,data-set-11-files-3,1,other
EFTA02406118.pdf,data-set-11-files-3,2,email
EFTA02406120.pdf,data-set-11-files-3,1,email
EFTA02406121.pdf,data-set-11-files-3,1,email
EFTA02406122.pdf,data-set-11-files-3,1,other
EFTA02406123.pdf,data-set-11-files-3,1,email
EFTA02406124.pdf,data-set-11-files-3,1,email
EFTA02406125.pdf,data-set-11-files-3,1,other
EFTA02406126.pdf,data-set-11-files-3,1,other
EFTA02406127.pdf,data-set-11-files-3,1,other
EFTA02406128.pdf,data-set-11-files-3,1,other
EFTA02406129.pdf,data-set-11-files-3,1,email
EFTA02406130.pdf,data-set-11-files-3,1,email
EFTA02406131.pdf,data-set-11-files-3,1,email
EFTA02406132.pdf,data-set-11-files-3,1,email
EFTA02406133.pdf,data-set-11-files-3,1,other
EFTA02406134.pdf,data-set-11-files-3,1,email
EFTA02406135.pdf,data-set-11-files-3,2,email
EFTA02406137.pdf,data-set-11-files-3,1,other
EFTA02406138.pdf,data-set-11-files-3,1,email
EFTA02406139.pdf,data-set-11-files-3,1,other
EFTA02406140.pdf,data-set-11-files-3,1,email
EFTA02406141.pdf,data-set-11-files-3,1,email
EFTA02406142.pdf,data-set-11-files-3,2,email
EFTA02406144.pdf,data-set-11-files-3,1,email
EFTA02406145.pdf,data-set-11-files-3,1,email
EFTA02406146.pdf,data-set-11-files-3,1,other
EFTA02406147.pdf,data-set-11-files-3,1,email
EFTA02406148.pdf,data-set-11-files-3,1,email
EFTA02406149.pdf,data-set-11-files-3,1,email
EFTA02406150.pdf,data-set-11-files-3,2,email
EFTA02406152.pdf,data-set-11-files-3,1,email
EFTA02406153.pdf,data-set-11-files-3,1,other
EFTA02406154.pdf,data-set-11-files-3,1,email
EFTA02406155.pdf,data-set-11-files-3,1,other
EFTA02406156.pdf,data-set-11-files-3,1,email
EFTA02406157.pdf,data-set-11-files-3,1,email
EFTA02406158.pdf,data-set-11-files-3,2,email
EFTA02406160.pdf,data-set-11-files-3,1,other
EFTA02406163.pdf,data-set-11-files-3,1,email
EFTA02406164.pdf,data-set-11-files-3,1,email
EFTA02406165.pdf,data-set-11-files-3,1,email
EFTA02406166.pdf,data-set-11-files-3,3,email
EFTA02406169.pdf,data-set-11-files-3,1,other
EFTA02406170.pdf,data-set-11-files-3,1,email
EFTA02406171.pdf,data-set-11-files-3,2,email
EFTA02406173.pdf,data-set-11-files-3,1,email
EFTA02406174.pdf,data-set-11-files-3,1,email
EFTA02406175.pdf,data-set-11-files-3,1,email
EFTA02406176.pdf,data-set-11-files-3,2,email
EFTA02406178.pdf,data-set-11-files-3,3,email
EFTA02406181.pdf,data-set-11-files-3,1,email
EFTA02406182.pdf,data-set-11-files-3,3,email
EFTA02406185.pdf,data-set-11-files-3,1,email
EFTA02406186.pdf,data-set-11-files-3,2,email
EFTA02406188.pdf,data-set-11-files-3,1,email
EFTA02406189.pdf,data-set-11-files-3,1,other
EFTA02406190.pdf,data-set-11-files-3,1,email
EFTA02406191.pdf,data-set-11-files-3,1,other
EFTA02406192.pdf,data-set-11-files-3,1,email
EFTA02406193.pdf,data-set-11-files-3,1,email
EFTA02406194.pdf,data-set-11-files-3,2,email
EFTA02406196.pdf,data-set-11-files-3,1,email
EFTA02406197.pdf,data-set-11-files-3,1,other
EFTA02406198.pdf,data-set-11-files-3,1,other
EFTA02406199.pdf,data-set-11-files-3,1,email
EFTA02406200.pdf,data-set-11-files-3,1,email
EFTA02406201.pdf,data-set-11-files-3,1,email
EFTA02406202.pdf,data-set-11-files-3,1,email
EFTA02406203.pdf,data-set-11-files-3,1,email
EFTA02406204.pdf,data-set-11-files-3,1,email
EFTA02406205.pdf,data-set-11-files-3,1,other
EFTA02406206.pdf,data-set-11-files-3,1,email
EFTA02406207.pdf,data-set-11-files-3,1,other
EFTA02406208.pdf,data-set-11-files-3,1,email
EFTA02406209.pdf,data-set-11-files-3,1,other
EFTA02406210.pdf,data-set-11-files-3,1,email
EFTA02406211.pdf,data-set-11-files-3,1,email
EFTA02406212.pdf,data-set-11-files-3,1,other
EFTA02406213.pdf,data-set-11-files-3,1,email
EFTA02406214.pdf,data-set-11-files-3,1,other
EFTA02406215.pdf,data-set-11-files-3,1,email
EFTA02406216.pdf,data-set-11-files-3,1,email
EFTA02406217.pdf,data-set-11-files-3,1,email
EFTA02406218.pdf,data-set-11-files-3,1,other
EFTA02406219.pdf,data-set-11-files-3,1,email
EFTA02406220.pdf,data-set-11-files-3,1,email
EFTA02406221.pdf,data-set-11-files-3,1,email
EFTA02406222.pdf,data-set-11-files-3,3,email
EFTA02406225.pdf,data-set-11-files-3,2,email
EFTA02406227.pdf,data-set-11-files-3,1,email
EFTA02406228.pdf,data-set-11-files-3,2,email
EFTA02406230.pdf,data-set-11-files-3,1,email
EFTA02406231.pdf,data-set-11-files-3,1,other
EFTA02406232.pdf,data-set-11-files-3,1,email
EFTA02406233.pdf,data-set-11-files-3,1,email
EFTA02406234.pdf,data-set-11-files-3,1,other
EFTA02406235.pdf,data-set-11-files-3,1,other
EFTA02406236.pdf,data-set-11-files-3,1,email
EFTA02406237.pdf,data-set-11-files-3,1,other
EFTA02406238.pdf,data-set-11-files-3,2,email
EFTA02406240.pdf,data-set-11-files-3,1,email
EFTA02406241.pdf,data-set-11-files-3,3,email
EFTA02406244.pdf,data-set-11-files-3,1,email
EFTA02406245.pdf,data-set-11-files-3,1,other
EFTA02406246.pdf,data-set-11-files-3,2,email
EFTA02406248.pdf,data-set-11-files-3,1,email
EFTA02406249.pdf,data-set-11-files-3,3,email
EFTA02406252.pdf,data-set-11-files-3,3,email
EFTA02406255.pdf,data-set-11-files-3,1,email
EFTA02406256.pdf,data-set-11-files-3,2,email
EFTA02406258.pdf,data-set-11-files-3,1,other
EFTA02406259.pdf,data-set-11-files-3,1,email
EFTA02406260.pdf,data-set-11-files-3,2,email
EFTA02406262.pdf,data-set-11-files-3,1,other
EFTA02406263.pdf,data-set-11-files-3,4,email
EFTA02406267.pdf,data-set-11-files-3,1,email
EFTA02406268.pdf,data-set-11-files-3,1,email
EFTA02406269.pdf,data-set-11-files-3,1,other
EFTA02406270.pdf,data-set-11-files-3,1,email
EFTA02406271.pdf,data-set-11-files-3,1,email
EFTA02406272.pdf,data-set-11-files-3,1,other
EFTA02406273.pdf,data-set-11-files-3,1,email
EFTA02406274.pdf,data-set-11-files-3,2,email
EFTA02406276.pdf,data-set-11-files-3,1,email
EFTA02406277.pdf,data-set-11-files-3,1,email
EFTA02406278.pdf,data-set-11-files-3,1,other
EFTA02406279.pdf,data-set-11-files-3,1,other
EFTA02406280.pdf,data-set-11-files-3,2,email
EFTA02406282.pdf,data-set-11-files-3,2,email
EFTA02406284.pdf,data-set-11-files-3,1,email
EFTA02406285.pdf,data-set-11-files-3,2,other
EFTA02406287.pdf,data-set-11-files-3,1,email
EFTA02406288.pdf,data-set-11-files-3,2,email
EFTA02406290.pdf,data-set-11-files-3,1,email
EFTA02406291.pdf,data-set-11-files-3,1,email
EFTA02406292.pdf,data-set-11-files-3,2,email
EFTA02406294.pdf,data-set-11-files-3,1,email
EFTA02406295.pdf,data-set-11-files-3,1,email
EFTA02406299.pdf,data-set-11-files-3,1,other
EFTA02406300.pdf,data-set-11-files-3,2,email
EFTA02406302.pdf,data-set-11-files-3,1,email
EFTA02406303.pdf,data-set-11-files-3,2,email
EFTA02406305.pdf,data-set-11-files-3,4,email
EFTA02406309.pdf,data-set-11-files-3,2,email
EFTA02406311.pdf,data-set-11-files-3,1,email
EFTA02406312.pdf,data-set-11-files-3,1,email
EFTA02406313.pdf,data-set-11-files-3,1,email
EFTA02406314.pdf,data-set-11-files-3,1,other
EFTA02406315.pdf,data-set-11-files-3,1,other
EFTA02406316.pdf,data-set-11-files-3,1,email
EFTA02406317.pdf,data-set-11-files-3,1,email
EFTA02406318.pdf,data-set-11-files-3,1,other
EFTA02406319.pdf,data-set-11-files-3,1,email
EFTA02406320.pdf,data-set-11-files-3,1,other
EFTA02406321.pdf,data-set-11-files-3,1,email
EFTA02406322.pdf,data-set-11-files-3,3,email
EFTA02406325.pdf,data-set-11-files-3,2,email
EFTA02406327.pdf,data-set-11-files-3,2,email
EFTA02406329.pdf,data-set-11-files-3,1,other
EFTA02406330.pdf,data-set-11-files-3,1,email
EFTA02406331.pdf,data-set-11-files-3,2,email
EFTA02406333.pdf,data-set-11-files-3,1,email
EFTA02406334.pdf,data-set-11-files-3,1,email
EFTA02406335.pdf,data-set-11-files-3,1,email
EFTA02406336.pdf,data-set-11-files-3,1,email
EFTA02406337.pdf,data-set-11-files-3,1,email
EFTA02406338.pdf,data-set-11-files-3,1,email
EFTA02406339.pdf,data-set-11-files-3,1,email
EFTA02406340.pdf,data-set-11-files-3,1,email
EFTA02406341.pdf,data-set-11-files-3,1,email
EFTA02406342.pdf,data-set-11-files-3,1,other
EFTA02406343.pdf,data-set-11-files-3,3,email
EFTA02406346.pdf,data-set-11-files-3,1,other
EFTA02406347.pdf,data-set-11-files-3,2,email
EFTA02406349.pdf,data-set-11-files-3,1,email
EFTA02406350.pdf,data-set-11-files-3,1,email
EFTA02406351.pdf,data-set-11-files-3,1,email
EFTA02406352.pdf,data-set-11-files-3,1,email
EFTA02406353.pdf,data-set-11-files-3,1,other
EFTA02406354.pdf,data-set-11-files-3,1,other
EFTA02406355.pdf,data-set-11-files-3,1,other
EFTA02406356.pdf,data-set-11-files-3,1,email
EFTA02406357.pdf,data-set-11-files-3,1,email
EFTA02406358.pdf,data-set-11-files-3,1,email
EFTA02406359.pdf,data-set-11-files-3,1,email
EFTA02406360.pdf,data-set-11-files-3,1,email
EFTA02406361.pdf,data-set-11-files-3,1,email
EFTA02406362.pdf,data-set-11-files-3,1,email
EFTA02406363.pdf,data-set-11-files-3,1,email
EFTA02406364.pdf,data-set-11-files-3,1,email
EFTA02406365.pdf,data-set-11-files-3,1,email
EFTA02406366.pdf,data-set-11-files-3,1,email
EFTA02406367.pdf,data-set-11-files-3,1,email
EFTA02406368.pdf,data-set-11-files-3,1,other
EFTA02406369.pdf,data-set-11-files-3,1,other
EFTA02406370.pdf,data-set-11-files-3,3,email
EFTA02406373.pdf,data-set-11-files-3,1,email
EFTA02406374.pdf,data-set-11-files-3,1,email
EFTA02406375.pdf,data-set-11-files-3,1,email
EFTA02406376.pdf,data-set-11-files-3,1,email
EFTA02406377.pdf,data-set-11-files-3,1,email
EFTA02406378.pdf,data-set-11-files-3,2,email
EFTA02406380.pdf,data-set-11-files-3,1,email
EFTA02406381.pdf,data-set-11-files-3,1,email
EFTA02406382.pdf,data-set-11-files-3,1,other
EFTA02406383.pdf,data-set-11-files-3,1,email
EFTA02406384.pdf,data-set-11-files-3,1,email
EFTA02406385.pdf,data-set-11-files-3,1,email
EFTA02406386.pdf,data-set-11-files-3,1,email
EFTA02406387.pdf,data-set-11-files-3,1,other
EFTA02406388.pdf,data-set-11-files-3,4,email
EFTA02406392.pdf,data-set-11-files-3,2,email
EFTA02406394.pdf,data-set-11-files-3,1,email
EFTA02406395.pdf,data-set-11-files-3,1,email
EFTA02406396.pdf,data-set-11-files-3,3,email
EFTA02406399.pdf,data-set-11-files-3,3,email
EFTA02406402.pdf,data-set-11-files-3,1,email
EFTA02406403.pdf,data-set-11-files-3,2,email
EFTA02406405.pdf,data-set-11-files-3,1,email
EFTA02406406.pdf,data-set-11-files-3,1,other
EFTA02406407.pdf,data-set-11-files-3,1,email
EFTA02406408.pdf,data-set-11-files-3,2,email
EFTA02406410.pdf,data-set-11-files-3,1,email
EFTA02406411.pdf,data-set-11-files-3,1,email
EFTA02406412.pdf,data-set-11-files-3,1,email
EFTA02406413.pdf,data-set-11-files-3,1,email
EFTA02406414.pdf,data-set-11-files-3,1,email
EFTA02406415.pdf,data-set-11-files-3,1,email
EFTA02406416.pdf,data-set-11-files-3,1,email
EFTA02406417.pdf,data-set-11-files-3,1,email
EFTA02406418.pdf,data-set-11-files-3,1,other
EFTA02406419.pdf,data-set-11-files-3,3,email
EFTA02406422.pdf,data-set-11-files-3,1,email
EFTA02406423.pdf,data-set-11-files-3,1,email
EFTA02406424.pdf,data-set-11-files-3,1,email
EFTA02406425.pdf,data-set-11-files-3,1,email
EFTA02406426.pdf,data-set-11-files-3,1,other
EFTA02406427.pdf,data-set-11-files-3,1,other
EFTA02406428.pdf,data-set-11-files-3,1,email
EFTA02406429.pdf,data-set-11-files-3,1,email
EFTA02406430.pdf,data-set-11-files-3,2,email
EFTA02406432.pdf,data-set-11-files-3,1,email
EFTA02406433.pdf,data-set-11-files-3,1,email
EFTA02406434.pdf,data-set-11-files-3,3,email
EFTA02406437.pdf,data-set-11-files-3,2,email
EFTA02406439.pdf,data-set-11-files-3,1,email
EFTA02406440.pdf,data-set-11-files-3,1,other
EFTA02406441.pdf,data-set-11-files-3,1,other
EFTA02406442.pdf,data-set-11-files-3,1,email
EFTA02406443.pdf,data-set-11-files-3,5,email
EFTA02406448.pdf,data-set-11-files-3,1,email
EFTA02406449.pdf,data-set-11-files-3,2,email
EFTA02406451.pdf,data-set-11-files-3,1,email
EFTA02406452.pdf,data-set-11-files-3,1,email
EFTA02406453.pdf,data-set-11-files-3,1,other
EFTA02406454.pdf,data-set-11-files-3,1,other
EFTA02406455.pdf,data-set-11-files-3,1,email
EFTA02406456.pdf,data-set-11-files-3,1,other
EFTA02406457.pdf,data-set-11-files-3,1,other
EFTA02406458.pdf,data-set-11-files-3,2,email
EFTA02406460.pdf,data-set-11-files-3,2,email
EFTA02406462.pdf,data-set-11-files-3,1,email
EFTA02406463.pdf,data-set-11-files-3,1,other
EFTA02406464.pdf,data-set-11-files-3,1,email
EFTA02406465.pdf,data-set-11-files-3,1,email
EFTA02406466.pdf,data-set-11-files-3,2,email
EFTA02406468.pdf,data-set-11-files-3,1,email
EFTA02406469.pdf,data-set-11-files-3,1,email
EFTA02406470.pdf,data-set-11-files-3,18,email
EFTA02406488.pdf,data-set-11-files-3,1,other
EFTA02406489.pdf,data-set-11-files-3,1,other
EFTA02406490.pdf,data-set-11-files-3,3,email
EFTA02406493.pdf,data-set-11-files-3,1,other
EFTA02406494.pdf,data-set-11-files-3,1,email
EFTA02406495.pdf,data-set-11-files-3,3,other
EFTA02406498.pdf,data-set-11-files-3,2,email
EFTA02406500.pdf,data-set-11-files-3,1,email
EFTA02406501.pdf,data-set-11-files-3,2,email
EFTA02406503.pdf,data-set-11-files-3,2,email
EFTA02406505.pdf,data-set-11-files-3,1,email
EFTA02406506.pdf,data-set-11-files-3,2,email
EFTA02406508.pdf,data-set-11-files-3,2,email
EFTA02406510.pdf,data-set-11-files-3,1,email
EFTA02406511.pdf,data-set-11-files-3,1,email
EFTA02406512.pdf,data-set-11-files-3,1,email
EFTA02406513.pdf,data-set-11-files-3,3,email
EFTA02406516.pdf,data-set-11-files-3,1,email
EFTA02406517.pdf,data-set-11-files-3,1,email
EFTA02406518.pdf,data-set-11-files-3,1,email
EFTA02406519.pdf,data-set-11-files-3,1,other
EFTA02406520.pdf,data-set-11-files-3,1,email
EFTA02406521.pdf,data-set-11-files-3,1,email
EFTA02406522.pdf,data-set-11-files-3,1,email
EFTA02406523.pdf,data-set-11-files-3,2,email
EFTA02406525.pdf,data-set-11-files-3,1,other
EFTA02406526.pdf,data-set-11-files-3,1,email
EFTA02406527.pdf,data-set-11-files-3,1,email
EFTA02406528.pdf,data-set-11-files-3,2,email
EFTA02406530.pdf,data-set-11-files-3,1,email
EFTA02406531.pdf,data-set-11-files-3,1,email
EFTA02406532.pdf,data-set-11-files-3,2,email
EFTA02406534.pdf,data-set-11-files-3,2,email
EFTA02406536.pdf,data-set-11-files-3,1,other
EFTA02406537.pdf,data-set-11-files-3,2,email
EFTA02406539.pdf,data-set-11-files-3,2,email
EFTA02406541.pdf,data-set-11-files-3,1,email
EFTA02406542.pdf,data-set-11-files-3,1,other
EFTA02406543.pdf,data-set-11-files-3,1,email
EFTA02406544.pdf,data-set-11-files-3,4,email
EFTA02406548.pdf,data-set-11-files-3,1,other
EFTA02406549.pdf,data-set-11-files-3,1,email
EFTA02406550.pdf,data-set-11-files-3,1,email
EFTA02406551.pdf,data-set-11-files-3,1,email
EFTA02406552.pdf,data-set-11-files-3,3,email
EFTA02406555.pdf,data-set-11-files-3,3,email
EFTA02406558.pdf,data-set-11-files-3,1,email
EFTA02406559.pdf,data-set-11-files-3,1,email
EFTA02406560.pdf,data-set-11-files-3,1,email
EFTA02406561.pdf,data-set-11-files-3,1,email
EFTA02406562.pdf,data-set-11-files-3,1,other
EFTA02406563.pdf,data-set-11-files-3,1,other
EFTA02406564.pdf,data-set-11-files-3,3,email
EFTA02406567.pdf,data-set-11-files-3,1,email
EFTA02406568.pdf,data-set-11-files-3,1,email
EFTA02406569.pdf,data-set-11-files-3,1,email
EFTA02406570.pdf,data-set-11-files-3,1,email
EFTA02406571.pdf,data-set-11-files-3,1,email
EFTA02406572.pdf,data-set-11-files-3,2,email
EFTA02406574.pdf,data-set-11-files-3,2,email
EFTA02406576.pdf,data-set-11-files-3,1,email
EFTA02406577.pdf,data-set-11-files-3,1,email
EFTA02406578.pdf,data-set-11-files-3,1,email
EFTA02406579.pdf,data-set-11-files-3,1,email
EFTA02406580.pdf,data-set-11-files-3,1,other
EFTA02406581.pdf,data-set-11-files-3,1,other
EFTA02406582.pdf,data-set-11-files-3,2,email
EFTA02406584.pdf,data-set-11-files-3,1,email
EFTA02406585.pdf,data-set-11-files-3,1,other
EFTA02406586.pdf,data-set-11-files-3,1,email
EFTA02406587.pdf,data-set-11-files-3,1,other
EFTA02406588.pdf,data-set-11-files-3,1,other
EFTA02406589.pdf,data-set-11-files-3,1,other
EFTA02406590.pdf,data-set-11-files-3,1,email
EFTA02406591.pdf,data-set-11-files-3,1,email
EFTA02406592.pdf,data-set-11-files-3,1,other
EFTA02406593.pdf,data-set-11-files-3,1,email
EFTA02406594.pdf,data-set-11-files-3,1,email
EFTA02406595.pdf,data-set-11-files-3,4,email
EFTA02406599.pdf,data-set-11-files-3,1,email
EFTA02406600.pdf,data-set-11-files-3,1,email
EFTA02406601.pdf,data-set-11-files-3,1,other
EFTA02406602.pdf,data-set-11-files-3,1,email
EFTA02406603.pdf,data-set-11-files-3,1,email
EFTA02406604.pdf,data-set-11-files-3,1,email
EFTA02406605.pdf,data-set-11-files-3,1,email
EFTA02406606.pdf,data-set-11-files-3,1,email
EFTA02406607.pdf,data-set-11-files-3,1,email
EFTA02406608.pdf,data-set-11-files-3,1,other
EFTA02406609.pdf,data-set-11-files-3,1,email
EFTA02406610.pdf,data-set-11-files-3,2,email
EFTA02406612.pdf,data-set-11-files-3,1,email
EFTA02406613.pdf,data-set-11-files-3,1,email
EFTA02406614.pdf,data-set-11-files-3,1,email
EFTA02406615.pdf,data-set-11-files-3,1,email
EFTA02406616.pdf,data-set-11-files-3,1,email
EFTA02406617.pdf,data-set-11-files-3,1,email
EFTA02406618.pdf,data-set-11-files-3,1,email
EFTA02406619.pdf,data-set-11-files-3,2,email
EFTA02406621.pdf,data-set-11-files-3,1,other
EFTA02406622.pdf,data-set-11-files-3,1,email
EFTA02406623.pdf,data-set-11-files-3,1,email
EFTA02406624.pdf,data-set-11-files-3,3,email
EFTA02406627.pdf,data-set-11-files-3,2,email
EFTA02406629.pdf,data-set-11-files-3,1,email
EFTA02406630.pdf,data-set-11-files-3,2,email
EFTA02406632.pdf,data-set-11-files-3,1,email
EFTA02406633.pdf,data-set-11-files-3,2,email
EFTA02406635.pdf,data-set-11-files-3,2,email
EFTA02406637.pdf,data-set-11-files-3,1,email
EFTA02406638.pdf,data-set-11-files-3,10,email
EFTA02406648.pdf,data-set-11-files-3,1,email
EFTA02406649.pdf,data-set-11-files-3,1,email
EFTA02406650.pdf,data-set-11-files-3,1,email
EFTA02406651.pdf,data-set-11-files-3,1,other
EFTA02406652.pdf,data-set-11-files-3,1,other
EFTA02406653.pdf,data-set-11-files-3,1,other
EFTA02406654.pdf,data-set-11-files-3,1,email
EFTA02406655.pdf,data-set-11-files-3,1,other
EFTA02406656.pdf,data-set-11-files-3,11,email
EFTA02406667.pdf,data-set-11-files-3,1,email
EFTA02406668.pdf,data-set-11-files-3,1,other
EFTA02406669.pdf,data-set-11-files-3,1,email
EFTA02406670.pdf,data-set-11-files-3,1,email
EFTA02406671.pdf,data-set-11-files-3,5,email
EFTA02406676.pdf,data-set-11-files-3,3,email
EFTA02406679.pdf,data-set-11-files-3,1,email
EFTA02406680.pdf,data-set-11-files-3,1,email
EFTA02406681.pdf,data-set-11-files-3,1,email
EFTA02406682.pdf,data-set-11-files-3,1,email
EFTA02406683.pdf,data-set-11-files-3,1,email
EFTA02406684.pdf,data-set-11-files-3,1,email
EFTA02406685.pdf,data-set-11-files-3,3,email
EFTA02406688.pdf,data-set-11-files-3,2,email
EFTA02406690.pdf,data-set-11-files-3,1,other
EFTA02406691.pdf,data-set-11-files-3,1,email
EFTA02406692.pdf,data-set-11-files-3,1,other
EFTA02406693.pdf,data-set-11-files-3,1,email
EFTA02406694.pdf,data-set-11-files-3,1,email
EFTA02406695.pdf,data-set-11-files-3,1,email
EFTA02406696.pdf,data-set-11-files-3,2,email
EFTA02406698.pdf,data-set-11-files-3,1,email
EFTA02406699.pdf,data-set-11-files-3,1,other
EFTA02406700.pdf,data-set-11-files-3,1,other
EFTA02406701.pdf,data-set-11-files-3,1,other
EFTA02406702.pdf,data-set-11-files-3,1,email
EFTA02406703.pdf,data-set-11-files-3,1,email
EFTA02406704.pdf,data-set-11-files-3,1,email
EFTA02406705.pdf,data-set-11-files-3,1,email
EFTA02406706.pdf,data-set-11-files-3,2,email
EFTA02406708.pdf,data-set-11-files-3,2,email
EFTA02406710.pdf,data-set-11-files-3,1,email
EFTA02406711.pdf,data-set-11-files-3,1,email
EFTA02406712.pdf,data-set-11-files-3,1,email
EFTA02406713.pdf,data-set-11-files-3,1,email
EFTA02406714.pdf,data-set-11-files-3,2,email
EFTA02406716.pdf,data-set-11-files-3,1,email
EFTA02406717.pdf,data-set-11-files-3,1,other
EFTA02406718.pdf,data-set-11-files-3,1,email
EFTA02406719.pdf,data-set-11-files-3,1,other
EFTA02406720.pdf,data-set-11-files-3,1,email
EFTA02406721.pdf,data-set-11-files-3,1,other
EFTA02406722.pdf,data-set-11-files-3,1,other
EFTA02406723.pdf,data-set-11-files-3,1,email
EFTA02406724.pdf,data-set-11-files-3,1,email
EFTA02406725.pdf,data-set-11-files-3,8,email
EFTA02406733.pdf,data-set-11-files-3,1,email
EFTA02406734.pdf,data-set-11-files-3,2,email
EFTA02406736.pdf,data-set-11-files-3,1,email
EFTA02406737.pdf,data-set-11-files-3,1,email
EFTA02406738.pdf,data-set-11-files-3,1,email
EFTA02406739.pdf,data-set-11-files-3,1,email
EFTA02406740.pdf,data-set-11-files-3,1,email
EFTA02406741.pdf,data-set-11-files-3,1,email
EFTA02406742.pdf,data-set-11-files-3,2,email
EFTA02406744.pdf,data-set-11-files-3,1,email
EFTA02406745.pdf,data-set-11-files-3,2,email
EFTA02406747.pdf,data-set-11-files-3,1,other
EFTA02406748.pdf,data-set-11-files-3,2,email
EFTA02406750.pdf,data-set-11-files-3,1,other
EFTA02406751.pdf,data-set-11-files-3,1,email
EFTA02406752.pdf,data-set-11-files-3,1,other
EFTA02406753.pdf,data-set-11-files-3,4,email
EFTA02406757.pdf,data-set-11-files-3,2,email
EFTA02406759.pdf,data-set-11-files-3,2,email
EFTA02406761.pdf,data-set-11-files-3,2,email
EFTA02406763.pdf,data-set-11-files-3,4,email
EFTA02406767.pdf,data-set-11-files-3,1,other
EFTA02406768.pdf,data-set-11-files-3,3,email
EFTA02406771.pdf,data-set-11-files-3,1,email
EFTA02406772.pdf,data-set-11-files-3,1,email
EFTA02406773.pdf,data-set-11-files-3,1,email
EFTA02406774.pdf,data-set-11-files-3,1,other
EFTA02406775.pdf,data-set-11-files-3,1,email
EFTA02406776.pdf,data-set-11-files-3,1,other
EFTA02406777.pdf,data-set-11-files-3,1,email
EFTA02406778.pdf,data-set-11-files-3,1,email
EFTA02406779.pdf,data-set-11-files-3,1,email
EFTA02406780.pdf,data-set-11-files-3,3,email
EFTA02406783.pdf,data-set-11-files-3,1,email
EFTA02406784.pdf,data-set-11-files-3,1,email
EFTA02406785.pdf,data-set-11-files-3,1,email
EFTA02406786.pdf,data-set-11-files-3,2,email
EFTA02406788.pdf,data-set-11-files-3,1,other
EFTA02406789.pdf,data-set-11-files-3,1,email
EFTA02406790.pdf,data-set-11-files-3,1,email
EFTA02406791.pdf,data-set-11-files-3,1,email
EFTA02406792.pdf,data-set-11-files-3,1,email
EFTA02406793.pdf,data-set-11-files-3,2,email
EFTA02406795.pdf,data-set-11-files-3,1,email
EFTA02406796.pdf,data-set-11-files-3,2,email
EFTA02406798.pdf,data-set-11-files-3,1,email
EFTA02406799.pdf,data-set-11-files-3,1,other
EFTA02406800.pdf,data-set-11-files-3,1,email
EFTA02406801.pdf,data-set-11-files-3,1,email
EFTA02406802.pdf,data-set-11-files-3,1,email
EFTA02406803.pdf,data-set-11-files-3,1,other
EFTA02406804.pdf,data-set-11-files-3,1,email
EFTA02406805.pdf,data-set-11-files-3,1,email
EFTA02406806.pdf,data-set-11-files-3,1,email
EFTA02406807.pdf,data-set-11-files-3,1,other
EFTA02406808.pdf,data-set-11-files-3,1,other
EFTA02406809.pdf,data-set-11-files-3,1,email
EFTA02406810.pdf,data-set-11-files-3,1,email
EFTA02406811.pdf,data-set-11-files-3,1,email
EFTA02406812.pdf,data-set-11-files-3,1,email
EFTA02406813.pdf,data-set-11-files-3,1,email
EFTA02406814.pdf,data-set-11-files-3,1,other
EFTA02406815.pdf,data-set-11-files-3,1,email
EFTA02406816.pdf,data-set-11-files-3,1,email
EFTA02406817.pdf,data-set-11-files-3,1,email
EFTA02406818.pdf,data-set-11-files-3,2,email
EFTA02406820.pdf,data-set-11-files-3,1,email
EFTA02406821.pdf,data-set-11-files-3,1,email
EFTA02406822.pdf,data-set-11-files-3,1,other
EFTA02406823.pdf,data-set-11-files-3,4,email
EFTA02406827.pdf,data-set-11-files-3,1,other
EFTA02406828.pdf,data-set-11-files-3,1,other
EFTA02406829.pdf,data-set-11-files-3,1,email
EFTA02406830.pdf,data-set-11-files-3,1,other
EFTA02406831.pdf,data-set-11-files-3,8,email
EFTA02406839.pdf,data-set-11-files-3,1,other
EFTA02406840.pdf,data-set-11-files-3,1,email
EFTA02406841.pdf,data-set-11-files-3,1,other
EFTA02406842.pdf,data-set-11-files-3,1,email
EFTA02406843.pdf,data-set-11-files-3,1,other
EFTA02406844.pdf,data-set-11-files-3,1,email
EFTA02406845.pdf,data-set-11-files-3,1,email
EFTA02406846.pdf,data-set-11-files-3,1,email
EFTA02406847.pdf,data-set-11-files-3,1,email
EFTA02406848.pdf,data-set-11-files-3,1,email
EFTA02406849.pdf,data-set-11-files-3,1,email
EFTA02406850.pdf,data-set-11-files-3,1,other
EFTA02406851.pdf,data-set-11-files-3,2,email
EFTA02406853.pdf,data-set-11-files-3,1,email
EFTA02406854.pdf,data-set-11-files-3,3,email
EFTA02406857.pdf,data-set-11-files-3,1,email
EFTA02406858.pdf,data-set-11-files-3,2,email
EFTA02406860.pdf,data-set-11-files-3,1,other
EFTA02406861.pdf,data-set-11-files-3,1,email
EFTA02406862.pdf,data-set-11-files-3,1,other
EFTA02406863.pdf,data-set-11-files-3,1,email
EFTA02406864.pdf,data-set-11-files-3,1,email
EFTA02406865.pdf,data-set-11-files-3,1,email
EFTA02406866.pdf,data-set-11-files-3,1,email
EFTA02406867.pdf,data-set-11-files-3,1,email
EFTA02406868.pdf,data-set-11-files-3,1,email
EFTA02406869.pdf,data-set-11-files-3,1,email
EFTA02406870.pdf,data-set-11-files-3,1,email
EFTA02406876.pdf,data-set-11-files-3,2,other
EFTA02406878.pdf,data-set-11-files-3,1,email
EFTA02406879.pdf,data-set-11-files-3,1,email
EFTA02406880.pdf,data-set-11-files-3,1,email
EFTA02406881.pdf,data-set-11-files-3,2,email
EFTA02406883.pdf,data-set-11-files-3,1,email
EFTA02406884.pdf,data-set-11-files-3,1,email
EFTA02406885.pdf,data-set-11-files-3,1,email
EFTA02406886.pdf,data-set-11-files-3,1,email
EFTA02406887.pdf,data-set-11-files-3,1,email
EFTA02406888.pdf,data-set-11-files-3,1,other
EFTA02406889.pdf,data-set-11-files-3,1,other
EFTA02406890.pdf,data-set-11-files-3,1,email
EFTA02406891.pdf,data-set-11-files-3,1,other
EFTA02406892.pdf,data-set-11-files-3,1,email
EFTA02406893.pdf,data-set-11-files-3,2,email
EFTA02406895.pdf,data-set-11-files-3,1,other
EFTA02406896.pdf,data-set-11-files-3,1,other
EFTA02406897.pdf,data-set-11-files-3,1,email
EFTA02406898.pdf,data-set-11-files-3,2,email
EFTA02406900.pdf,data-set-11-files-3,1,other
EFTA02406901.pdf,data-set-11-files-3,3,email
EFTA02406904.pdf,data-set-11-files-3,3,email
EFTA02406907.pdf,data-set-11-files-3,1,other
EFTA02406908.pdf,data-set-11-files-3,1,email
EFTA02406909.pdf,data-set-11-files-3,1,email
EFTA02406910.pdf,data-set-11-files-3,1,email
EFTA02406911.pdf,data-set-11-files-3,1,email
EFTA02406912.pdf,data-set-11-files-3,3,email
EFTA02406915.pdf,data-set-11-files-3,1,email
EFTA02406916.pdf,data-set-11-files-3,2,email
EFTA02406918.pdf,data-set-11-files-3,1,email
EFTA02406919.pdf,data-set-11-files-3,1,email
EFTA02406920.pdf,data-set-11-files-3,1,email
EFTA02406921.pdf,data-set-11-files-3,1,email
EFTA02406922.pdf,data-set-11-files-3,1,email
EFTA02406923.pdf,data-set-11-files-3,1,email
EFTA02406924.pdf,data-set-11-files-3,4,email
EFTA02406928.pdf,data-set-11-files-3,1,other
EFTA02406929.pdf,data-set-11-files-3,1,email
EFTA02406930.pdf,data-set-11-files-3,1,email
EFTA02406931.pdf,data-set-11-files-3,1,email
EFTA02406932.pdf,data-set-11-files-3,1,other
EFTA02406933.pdf,data-set-11-files-3,1,email
EFTA02406934.pdf,data-set-11-files-3,2,email
EFTA02406936.pdf,data-set-11-files-3,1,email
EFTA02406937.pdf,data-set-11-files-3,2,email
EFTA02406939.pdf,data-set-11-files-3,1,email
EFTA02406940.pdf,data-set-11-files-3,3,email
EFTA02406943.pdf,data-set-11-files-3,1,email
EFTA02406944.pdf,data-set-11-files-3,1,email
EFTA02406945.pdf,data-set-11-files-3,1,email
EFTA02406946.pdf,data-set-11-files-3,1,other
EFTA02406947.pdf,data-set-11-files-3,1,email
EFTA02406948.pdf,data-set-11-files-3,1,email
EFTA02406949.pdf,data-set-11-files-3,1,email
EFTA02406950.pdf,data-set-11-files-3,1,email
EFTA02406951.pdf,data-set-11-files-3,2,email
EFTA02406953.pdf,data-set-11-files-3,1,other
EFTA02406954.pdf,data-set-11-files-3,1,email
EFTA02406955.pdf,data-set-11-files-3,2,email
EFTA02406957.pdf,data-set-11-files-3,3,email
EFTA02406960.pdf,data-set-11-files-3,1,email
EFTA02406961.pdf,data-set-11-files-3,1,email
EFTA02406962.pdf,data-set-11-files-3,1,other
EFTA02406963.pdf,data-set-11-files-3,1,other
EFTA02406964.pdf,data-set-11-files-3,1,other
EFTA02406965.pdf,data-set-11-files-3,2,email
EFTA02406967.pdf,data-set-11-files-3,1,other
EFTA02406968.pdf,data-set-11-files-3,1,email
EFTA02406969.pdf,data-set-11-files-3,1,email
EFTA02406970.pdf,data-set-11-files-3,8,email
EFTA02406978.pdf,data-set-11-files-3,1,email
EFTA02406979.pdf,data-set-11-files-3,14,other
EFTA02406993.pdf,data-set-11-files-3,2,email
EFTA02406995.pdf,data-set-11-files-3,2,email
EFTA02406997.pdf,data-set-11-files-3,1,email
EFTA02406998.pdf,data-set-11-files-3,1,email
EFTA02406999.pdf,data-set-11-files-3,1,other
EFTA02407000.pdf,data-set-11-files-3,1,email
EFTA02407001.pdf,data-set-11-files-3,1,email
EFTA02407002.pdf,data-set-11-files-3,1,email
EFTA02407003.pdf,data-set-11-files-3,1,email
EFTA02407004.pdf,data-set-11-files-3,1,other
EFTA02407005.pdf,data-set-11-files-3,3,email
EFTA02407008.pdf,data-set-11-files-3,1,other
EFTA02407009.pdf,data-set-11-files-3,1,email
EFTA02407010.pdf,data-set-11-files-3,1,other
EFTA02407011.pdf,data-set-11-files-3,1,email
EFTA02407012.pdf,data-set-11-files-3,1,other
EFTA02407013.pdf,data-set-11-files-3,1,email
EFTA02407014.pdf,data-set-11-files-3,1,email
EFTA02407015.pdf,data-set-11-files-3,1,email
EFTA02407016.pdf,data-set-11-files-3,2,email
EFTA02407018.pdf,data-set-11-files-3,1,other
EFTA02407019.pdf,data-set-11-files-3,1,other
EFTA02407020.pdf,data-set-11-files-3,2,email
EFTA02407022.pdf,data-set-11-files-3,1,other
EFTA02407023.pdf,data-set-11-files-3,1,other
EFTA02407024.pdf,data-set-11-files-3,2,email
EFTA02407026.pdf,data-set-11-files-3,1,email
EFTA02407027.pdf,data-set-11-files-3,1,email
EFTA02407028.pdf,data-set-11-files-3,1,other
EFTA02407029.pdf,data-set-11-files-3,1,email
EFTA02407030.pdf,data-set-11-files-3,3,email
EFTA02407033.pdf,data-set-11-files-3,3,email
EFTA02407036.pdf,data-set-11-files-3,2,email
EFTA02407038.pdf,data-set-11-files-3,1,email
EFTA02407039.pdf,data-set-11-files-3,1,email
EFTA02407040.pdf,data-set-11-files-3,1,email
EFTA02407041.pdf,data-set-11-files-3,2,email
EFTA02407043.pdf,data-set-11-files-3,1,other
EFTA02407044.pdf,data-set-11-files-3,1,other
EFTA02407045.pdf,data-set-11-files-3,2,other
EFTA02407047.pdf,data-set-11-files-3,1,email
EFTA02407048.pdf,data-set-11-files-3,2,email
EFTA02407050.pdf,data-set-11-files-3,1,email
EFTA02407051.pdf,data-set-11-files-3,1,other
EFTA02407052.pdf,data-set-11-files-3,1,email
EFTA02407053.pdf,data-set-11-files-3,2,email
EFTA02407055.pdf,data-set-11-files-3,1,other
EFTA02407056.pdf,data-set-11-files-3,4,email
EFTA02407060.pdf,data-set-11-files-3,2,email
EFTA02407062.pdf,data-set-11-files-3,1,other
EFTA02407063.pdf,data-set-11-files-3,1,other
EFTA02407064.pdf,data-set-11-files-3,1,email
EFTA02407065.pdf,data-set-11-files-3,2,email
EFTA02407067.pdf,data-set-11-files-3,2,email
EFTA02407069.pdf,data-set-11-files-3,1,other
EFTA02407070.pdf,data-set-11-files-3,1,other
EFTA02407071.pdf,data-set-11-files-3,1,other
EFTA02407072.pdf,data-set-11-files-3,1,other
EFTA02407073.pdf,data-set-11-files-3,1,other
EFTA02407074.pdf,data-set-11-files-3,2,other
EFTA02407076.pdf,data-set-11-files-3,4,email
EFTA02407080.pdf,data-set-11-files-3,1,other
EFTA02407081.pdf,data-set-11-files-3,1,other
EFTA02407082.pdf,data-set-11-files-3,1,other
EFTA02407083.pdf,data-set-11-files-3,1,email
EFTA02407084.pdf,data-set-11-files-3,1,other
EFTA02407085.pdf,data-set-11-files-3,1,email
EFTA02407086.pdf,data-set-11-files-3,1,other
EFTA02407087.pdf,data-set-11-files-3,1,other
EFTA02407088.pdf,data-set-11-files-3,1,email
EFTA02407089.pdf,data-set-11-files-3,1,other
EFTA02407090.pdf,data-set-11-files-3,2,other
EFTA02407092.pdf,data-set-11-files-3,1,other
EFTA02407093.pdf,data-set-11-files-3,1,email
EFTA02407094.pdf,data-set-11-files-3,1,other
EFTA02407095.pdf,data-set-11-files-3,1,other
EFTA02407096.pdf,data-set-11-files-3,2,email
EFTA02407098.pdf,data-set-11-files-3,1,email
EFTA02407099.pdf,data-set-11-files-3,3,email
EFTA02407102.pdf,data-set-11-files-3,1,other
EFTA02407103.pdf,data-set-11-files-3,1,email
EFTA02407104.pdf,data-set-11-files-3,4,email
EFTA02407108.pdf,data-set-11-files-3,1,email
EFTA02407109.pdf,data-set-11-files-3,1,email
EFTA02407110.pdf,data-set-11-files-3,1,other
EFTA02407111.pdf,data-set-11-files-3,3,email
EFTA02407114.pdf,data-set-11-files-3,1,other
EFTA02407115.pdf,data-set-11-files-3,1,email
EFTA02407116.pdf,data-set-11-files-3,1,other
EFTA02407117.pdf,data-set-11-files-3,1,email
EFTA02407118.pdf,data-set-11-files-3,1,other
EFTA02407119.pdf,data-set-11-files-3,1,email
EFTA02407120.pdf,data-set-11-files-3,1,other
EFTA02407121.pdf,data-set-11-files-3,1,email
EFTA02407122.pdf,data-set-11-files-3,1,other
EFTA02407123.pdf,data-set-11-files-3,1,email
EFTA02407124.pdf,data-set-11-files-3,1,other
EFTA02407125.pdf,data-set-11-files-3,1,other
EFTA02407126.pdf,data-set-11-files-3,1,other
EFTA02407127.pdf,data-set-11-files-3,1,other
EFTA02407128.pdf,data-set-11-files-3,2,email
EFTA02407130.pdf,data-set-11-files-3,1,other
EFTA02407131.pdf,data-set-11-files-3,1,other
EFTA02407132.pdf,data-set-11-files-3,1,other
EFTA02407133.pdf,data-set-11-files-3,1,other
EFTA02407134.pdf,data-set-11-files-3,1,email
EFTA02407135.pdf,data-set-11-files-3,2,email
EFTA02407137.pdf,data-set-11-files-3,1,other
EFTA02407138.pdf,data-set-11-files-3,1,email
EFTA02407139.pdf,data-set-11-files-3,1,email
EFTA02407140.pdf,data-set-11-files-3,1,other
EFTA02407141.pdf,data-set-11-files-3,1,other
EFTA02407142.pdf,data-set-11-files-3,1,email
EFTA02407143.pdf,data-set-11-files-3,2,other
EFTA02407145.pdf,data-set-11-files-3,1,email
EFTA02407146.pdf,data-set-11-files-3,1,email
EFTA02407147.pdf,data-set-11-files-3,2,other
EFTA02407149.pdf,data-set-11-files-3,1,email
EFTA02407150.pdf,data-set-11-files-3,1,email
EFTA02407151.pdf,data-set-11-files-3,1,other
EFTA02407152.pdf,data-set-11-files-3,1,email
EFTA02407153.pdf,data-set-11-files-3,1,email
EFTA02407154.pdf,data-set-11-files-3,1,email
EFTA02407155.pdf,data-set-11-files-3,1,other
EFTA02407156.pdf,data-set-11-files-3,1,email
EFTA02407157.pdf,data-set-11-files-3,1,email
EFTA02407158.pdf,data-set-11-files-3,1,other
EFTA02407159.pdf,data-set-11-files-3,2,email
EFTA02407161.pdf,data-set-11-files-3,1,email
EFTA02407162.pdf,data-set-11-files-3,1,email
EFTA02407163.pdf,data-set-11-files-3,1,other
EFTA02407164.pdf,data-set-11-files-3,1,email
EFTA02407165.pdf,data-set-11-files-3,1,email
EFTA02407166.pdf,data-set-11-files-3,1,email
EFTA02407167.pdf,data-set-11-files-3,1,email
EFTA02407168.pdf,data-set-11-files-3,1,other
EFTA02407169.pdf,data-set-11-files-3,2,email
EFTA02407171.pdf,data-set-11-files-3,2,other
EFTA02407173.pdf,data-set-11-files-3,1,other
EFTA02407174.pdf,data-set-11-files-3,1,email
EFTA02407175.pdf,data-set-11-files-3,1,email
EFTA02407176.pdf,data-set-11-files-3,1,email
EFTA02407177.pdf,data-set-11-files-3,1,other
EFTA02407178.pdf,data-set-11-files-3,1,email
EFTA02407179.pdf,data-set-11-files-3,4,email
EFTA02407183.pdf,data-set-11-files-3,1,email
EFTA02407184.pdf,data-set-11-files-3,2,email
EFTA02407186.pdf,data-set-11-files-3,1,email
EFTA02407187.pdf,data-set-11-files-3,1,email
EFTA02407188.pdf,data-set-11-files-3,1,email
EFTA02407189.pdf,data-set-11-files-3,1,other
EFTA02407190.pdf,data-set-11-files-3,3,email
EFTA02407193.pdf,data-set-11-files-3,1,other
EFTA02407194.pdf,data-set-11-files-3,1,other
EFTA02407195.pdf,data-set-11-files-3,1,email
EFTA02407196.pdf,data-set-11-files-3,2,other
EFTA02407198.pdf,data-set-11-files-3,1,other
EFTA02407199.pdf,data-set-11-files-3,1,other
EFTA02407200.pdf,data-set-11-files-3,1,other
EFTA02407201.pdf,data-set-11-files-3,3,email
EFTA02407204.pdf,data-set-11-files-3,1,email
EFTA02407205.pdf,data-set-11-files-3,1,email
EFTA02407206.pdf,data-set-11-files-3,1,email
EFTA02407207.pdf,data-set-11-files-3,1,email
EFTA02407208.pdf,data-set-11-files-3,1,email
EFTA02407209.pdf,data-set-11-files-3,1,email
EFTA02407210.pdf,data-set-11-files-3,1,other
EFTA02407211.pdf,data-set-11-files-3,1,email
EFTA02407212.pdf,data-set-11-files-3,1,email
EFTA02407213.pdf,data-set-11-files-3,1,email
EFTA02407214.pdf,data-set-11-files-3,1,email
EFTA02407215.pdf,data-set-11-files-3,1,email
EFTA02407216.pdf,data-set-11-files-3,1,other
EFTA02407217.pdf,data-set-11-files-3,1,other
EFTA02407218.pdf,data-set-11-files-3,2,other
EFTA02407220.pdf,data-set-11-files-3,1,other
EFTA02407221.pdf,data-set-11-files-3,2,other
EFTA02407223.pdf,data-set-11-files-3,1,email
EFTA02407224.pdf,data-set-11-files-3,1,other
EFTA02407225.pdf,data-set-11-files-3,1,other
EFTA02407226.pdf,data-set-11-files-3,1,other
EFTA02407227.pdf,data-set-11-files-3,3,email
EFTA02407230.pdf,data-set-11-files-3,1,email
EFTA02407231.pdf,data-set-11-files-3,1,other
EFTA02407232.pdf,data-set-11-files-3,1,other
EFTA02407233.pdf,data-set-11-files-3,1,other
EFTA02407234.pdf,data-set-11-files-3,1,other
EFTA02407235.pdf,data-set-11-files-3,1,other
EFTA02407236.pdf,data-set-11-files-3,1,email
EFTA02407237.pdf,data-set-11-files-3,1,other
EFTA02407238.pdf,data-set-11-files-3,2,email
EFTA02407240.pdf,data-set-11-files-3,3,email
EFTA02407243.pdf,data-set-11-files-3,1,other
EFTA02407244.pdf,data-set-11-files-3,1,other
EFTA02407245.pdf,data-set-11-files-3,1,other
EFTA02407246.pdf,data-set-11-files-3,1,other
EFTA02407247.pdf,data-set-11-files-3,3,email
EFTA02407250.pdf,data-set-11-files-3,2,email
EFTA02407252.pdf,data-set-11-files-3,1,other
EFTA02407253.pdf,data-set-11-files-3,1,other
EFTA02407254.pdf,data-set-11-files-3,1,other
EFTA02407255.pdf,data-set-11-files-3,1,other
EFTA02407256.pdf,data-set-11-files-3,1,other
EFTA02407257.pdf,data-set-11-files-3,1,email
EFTA02407258.pdf,data-set-11-files-3,1,other
EFTA02407259.pdf,data-set-11-files-3,1,other
EFTA02407260.pdf,data-set-11-files-3,3,email
EFTA02407263.pdf,data-set-11-files-3,1,email
EFTA02407264.pdf,data-set-11-files-3,1,email
EFTA02407265.pdf,data-set-11-files-3,1,other
EFTA02407266.pdf,data-set-11-files-3,1,email
EFTA02407267.pdf,data-set-11-files-3,1,other
EFTA02407268.pdf,data-set-11-files-3,1,email
EFTA02407269.pdf,data-set-11-files-3,1,other
EFTA02407270.pdf,data-set-11-files-3,4,email
EFTA02407274.pdf,data-set-11-files-3,1,other
EFTA02407275.pdf,data-set-11-files-3,1,other
EFTA02407276.pdf,data-set-11-files-3,5,email
EFTA02407281.pdf,data-set-11-files-3,4,email
EFTA02407285.pdf,data-set-11-files-3,1,email
EFTA02407286.pdf,data-set-11-files-3,1,other
EFTA02407287.pdf,data-set-11-files-3,1,email
EFTA02407288.pdf,data-set-11-files-3,2,email
EFTA02407290.pdf,data-set-11-files-3,1,email
EFTA02407291.pdf,data-set-11-files-3,1,email
EFTA02407292.pdf,data-set-11-files-3,1,other
EFTA02407293.pdf,data-set-11-files-3,1,other
EFTA02407294.pdf,data-set-11-files-3,1,other
EFTA02407295.pdf,data-set-11-files-3,1,other
EFTA02407296.pdf,data-set-11-files-3,1,email
EFTA02407297.pdf,data-set-11-files-3,2,other
EFTA02407299.pdf,data-set-11-files-3,2,email
EFTA02407301.pdf,data-set-11-files-3,2,email
EFTA02407303.pdf,data-set-11-files-3,1,email
EFTA02407304.pdf,data-set-11-files-3,1,email
EFTA02407305.pdf,data-set-11-files-3,1,other
EFTA02407306.pdf,data-set-11-files-3,1,other
EFTA02407307.pdf,data-set-11-files-3,2,email
EFTA02407309.pdf,data-set-11-files-3,1,other
EFTA02407310.pdf,data-set-11-files-3,1,email
EFTA02407311.pdf,data-set-11-files-3,1,email
EFTA02407312.pdf,data-set-11-files-3,1,other
EFTA02407313.pdf,data-set-11-files-3,1,other
EFTA02407314.pdf,data-set-11-files-3,1,other
EFTA02407315.pdf,data-set-11-files-3,2,email
EFTA02407317.pdf,data-set-11-files-3,1,other
EFTA02407318.pdf,data-set-11-files-3,1,other
EFTA02407319.pdf,data-set-11-files-3,1,other
EFTA02407320.pdf,data-set-11-files-3,1,email
EFTA02407321.pdf,data-set-11-files-3,1,other
EFTA02407322.pdf,data-set-11-files-3,1,email
EFTA02407323.pdf,data-set-11-files-3,1,other
EFTA02407324.pdf,data-set-11-files-3,1,other
EFTA02407325.pdf,data-set-11-files-3,1,other
EFTA02407326.pdf,data-set-11-files-3,2,email
EFTA02407328.pdf,data-set-11-files-3,2,email
EFTA02407330.pdf,data-set-11-files-3,2,email
EFTA02407332.pdf,data-set-11-files-3,2,email
EFTA02407334.pdf,data-set-11-files-3,2,email
EFTA02407336.pdf,data-set-11-files-3,2,email
EFTA02407338.pdf,data-set-11-files-3,1,other
EFTA02407339.pdf,data-set-11-files-3,1,other
EFTA02407340.pdf,data-set-11-files-3,1,email
EFTA02407341.pdf,data-set-11-files-3,1,other
EFTA02407342.pdf,data-set-11-files-3,1,other
EFTA02407343.pdf,data-set-11-files-3,1,other
EFTA02407344.pdf,data-set-11-files-3,3,other
EFTA02407347.pdf,data-set-11-files-3,1,email
EFTA02407348.pdf,data-set-11-files-3,1,other
EFTA02407349.pdf,data-set-11-files-3,1,other
EFTA02407350.pdf,data-set-11-files-3,1,other
EFTA02407351.pdf,data-set-11-files-3,1,email
EFTA02407352.pdf,data-set-11-files-3,3,email
EFTA02407355.pdf,data-set-11-files-3,2,email
EFTA02407357.pdf,data-set-11-files-3,1,email
EFTA02407358.pdf,data-set-11-files-3,1,other
EFTA02407360.pdf,data-set-11-files-3,1,other
EFTA02407361.pdf,data-set-11-files-3,2,email
EFTA02407363.pdf,data-set-11-files-3,1,other
EFTA02407364.pdf,data-set-11-files-3,1,email
EFTA02407365.pdf,data-set-11-files-3,1,email
EFTA02407366.pdf,data-set-11-files-3,3,email
EFTA02407369.pdf,data-set-11-files-3,2,email
EFTA02407371.pdf,data-set-11-files-3,1,email
EFTA02407372.pdf,data-set-11-files-3,1,email
EFTA02407373.pdf,data-set-11-files-3,2,email
EFTA02407375.pdf,data-set-11-files-3,1,email
EFTA02407376.pdf,data-set-11-files-3,1,other
EFTA02407377.pdf,data-set-11-files-3,2,email
EFTA02407379.pdf,data-set-11-files-3,1,other
EFTA02407380.pdf,data-set-11-files-3,1,other
EFTA02407381.pdf,data-set-11-files-3,1,other
EFTA02407382.pdf,data-set-11-files-3,2,email
EFTA02407384.pdf,data-set-11-files-3,2,email
EFTA02407386.pdf,data-set-11-files-3,2,email
EFTA02407388.pdf,data-set-11-files-3,1,email
EFTA02407389.pdf,data-set-11-files-3,2,email
EFTA02407391.pdf,data-set-11-files-3,2,email
EFTA02407393.pdf,data-set-11-files-3,1,other
EFTA02407394.pdf,data-set-11-files-3,1,email
EFTA02407395.pdf,data-set-11-files-3,1,other
EFTA02407396.pdf,data-set-11-files-3,1,other
EFTA02407397.pdf,data-set-11-files-3,1,other
EFTA02407398.pdf,data-set-11-files-3,1,other
EFTA02407399.pdf,data-set-11-files-3,1,other
EFTA02407400.pdf,data-set-11-files-3,1,email
EFTA02407401.pdf,data-set-11-files-3,1,email
EFTA02407402.pdf,data-set-11-files-3,1,email
EFTA02407403.pdf,data-set-11-files-3,1,email
EFTA02407404.pdf,data-set-11-files-3,1,email
EFTA02407405.pdf,data-set-11-files-3,1,email
EFTA02407406.pdf,data-set-11-files-3,1,other
EFTA02407407.pdf,data-set-11-files-3,1,email
EFTA02407408.pdf,data-set-11-files-3,1,email
EFTA02407409.pdf,data-set-11-files-3,2,email
EFTA02407411.pdf,data-set-11-files-3,1,email
EFTA02407412.pdf,data-set-11-files-3,1,email
EFTA02407413.pdf,data-set-11-files-3,2,email
EFTA02407415.pdf,data-set-11-files-3,2,email
EFTA02407417.pdf,data-set-11-files-3,3,email
EFTA02407420.pdf,data-set-11-files-3,1,email
EFTA02407421.pdf,data-set-11-files-3,1,email
EFTA02407422.pdf,data-set-11-files-3,2,email
EFTA02407424.pdf,data-set-11-files-3,1,other
EFTA02407425.pdf,data-set-11-files-3,1,email
EFTA02407426.pdf,data-set-11-files-3,1,other
EFTA02407427.pdf,data-set-11-files-3,1,email
EFTA02407428.pdf,data-set-11-files-3,1,email
EFTA02407429.pdf,data-set-11-files-3,1,other
EFTA02407430.pdf,data-set-11-files-3,2,email
EFTA02407432.pdf,data-set-11-files-3,1,other
EFTA02407433.pdf,data-set-11-files-3,1,other
EFTA02407434.pdf,data-set-11-files-3,1,other
EFTA02407435.pdf,data-set-11-files-3,1,other
EFTA02407436.pdf,data-set-11-files-3,1,other
EFTA02407437.pdf,data-set-11-files-3,1,email
EFTA02407438.pdf,data-set-11-files-3,1,other
EFTA02407439.pdf,data-set-11-files-3,1,email
EFTA02407440.pdf,data-set-11-files-3,2,email
EFTA02407442.pdf,data-set-11-files-3,3,email
EFTA02407445.pdf,data-set-11-files-3,3,email
EFTA02407448.pdf,data-set-11-files-3,1,email
EFTA02407449.pdf,data-set-11-files-3,1,email
EFTA02407450.pdf,data-set-11-files-3,1,other
EFTA02407451.pdf,data-set-11-files-3,1,email
EFTA02407452.pdf,data-set-11-files-3,1,other
EFTA02407453.pdf,data-set-11-files-3,1,email
EFTA02407454.pdf,data-set-11-files-3,1,email
EFTA02407455.pdf,data-set-11-files-3,1,email
EFTA02407456.pdf,data-set-11-files-3,1,email
EFTA02407457.pdf,data-set-11-files-3,2,email
EFTA02407459.pdf,data-set-11-files-3,1,email
EFTA02407460.pdf,data-set-11-files-3,2,email
EFTA02407462.pdf,data-set-11-files-3,1,other
EFTA02407463.pdf,data-set-11-files-3,1,other
EFTA02407464.pdf,data-set-11-files-3,1,email
EFTA02407465.pdf,data-set-11-files-3,1,email
EFTA02407466.pdf,data-set-11-files-3,1,other
EFTA02407467.pdf,data-set-11-files-3,2,email
EFTA02407469.pdf,data-set-11-files-3,2,email
EFTA02407471.pdf,data-set-11-files-3,1,email
EFTA02407472.pdf,data-set-11-files-3,1,other
EFTA02407473.pdf,data-set-11-files-3,1,other
EFTA02407474.pdf,data-set-11-files-3,1,other
EFTA02407475.pdf,data-set-11-files-3,1,other
EFTA02407476.pdf,data-set-11-files-3,2,email
EFTA02407478.pdf,data-set-11-files-3,2,email
EFTA02407480.pdf,data-set-11-files-3,2,email
EFTA02407482.pdf,data-set-11-files-3,2,email
EFTA02407484.pdf,data-set-11-files-3,1,email
EFTA02407485.pdf,data-set-11-files-3,2,email
EFTA02407487.pdf,data-set-11-files-3,1,other
EFTA02407488.pdf,data-set-11-files-3,3,email
EFTA02407491.pdf,data-set-11-files-3,5,email
EFTA02407496.pdf,data-set-11-files-3,3,email
EFTA02407499.pdf,data-set-11-files-3,1,email
EFTA02407500.pdf,data-set-11-files-3,1,email
EFTA02407501.pdf,data-set-11-files-3,1,other
EFTA02407502.pdf,data-set-11-files-3,1,email
EFTA02407503.pdf,data-set-11-files-3,1,other
EFTA02407504.pdf,data-set-11-files-3,1,other
EFTA02407505.pdf,data-set-11-files-3,2,email
EFTA02407507.pdf,data-set-11-files-3,1,email
EFTA02407508.pdf,data-set-11-files-3,1,other
EFTA02407509.pdf,data-set-11-files-3,1,email
EFTA02407510.pdf,data-set-11-files-3,1,email
EFTA02407511.pdf,data-set-11-files-3,5,email
EFTA02407516.pdf,data-set-11-files-3,1,email
EFTA02407517.pdf,data-set-11-files-3,1,email
EFTA02407518.pdf,data-set-11-files-3,3,email
EFTA02407521.pdf,data-set-11-files-3,1,email
EFTA02407522.pdf,data-set-11-files-3,3,email
EFTA02407525.pdf,data-set-11-files-3,1,email
EFTA02407526.pdf,data-set-11-files-3,1,email
EFTA02407527.pdf,data-set-11-files-3,1,other
EFTA02407528.pdf,data-set-11-files-3,2,email
EFTA02407530.pdf,data-set-11-files-3,1,email
EFTA02407531.pdf,data-set-11-files-3,1,email
EFTA02407532.pdf,data-set-11-files-3,1,other
EFTA02407533.pdf,data-set-11-files-3,1,other
EFTA02407534.pdf,data-set-11-files-3,1,email
EFTA02407535.pdf,data-set-11-files-3,1,email
EFTA02407536.pdf,data-set-11-files-3,1,email
EFTA02407537.pdf,data-set-11-files-3,2,email
EFTA02407539.pdf,data-set-11-files-3,1,email
EFTA02407540.pdf,data-set-11-files-3,2,other
EFTA02407542.pdf,data-set-11-files-3,1,other
EFTA02407543.pdf,data-set-11-files-3,1,other
EFTA02407544.pdf,data-set-11-files-3,1,email
EFTA02407545.pdf,data-set-11-files-3,1,email
EFTA02407546.pdf,data-set-11-files-3,1,other
EFTA02407547.pdf,data-set-11-files-3,1,other
EFTA02407548.pdf,data-set-11-files-3,1,email
EFTA02407549.pdf,data-set-11-files-3,1,other
EFTA02407550.pdf,data-set-11-files-3,1,other
EFTA02407551.pdf,data-set-11-files-3,2,email
EFTA02407553.pdf,data-set-11-files-3,1,other
EFTA02407554.pdf,data-set-11-files-3,1,email
EFTA02407555.pdf,data-set-11-files-3,1,other
EFTA02407556.pdf,data-set-11-files-3,1,email
EFTA02407557.pdf,data-set-11-files-3,1,other
EFTA02407558.pdf,data-set-11-files-3,2,email
EFTA02407560.pdf,data-set-11-files-3,2,email
EFTA02407562.pdf,data-set-11-files-3,1,other
EFTA02407563.pdf,data-set-11-files-3,1,other
EFTA02407564.pdf,data-set-11-files-3,2,email
EFTA02407566.pdf,data-set-11-files-3,1,email
EFTA02407567.pdf,data-set-11-files-3,1,email
EFTA02407568.pdf,data-set-11-files-3,1,other
EFTA02407569.pdf,data-set-11-files-3,1,other
EFTA02407570.pdf,data-set-11-files-3,1,other
EFTA02407571.pdf,data-set-11-files-3,3,other
EFTA02407574.pdf,data-set-11-files-3,1,email
EFTA02407575.pdf,data-set-11-files-3,1,email
EFTA02407576.pdf,data-set-11-files-3,1,email
EFTA02407577.pdf,data-set-11-files-3,1,email
EFTA02407578.pdf,data-set-11-files-3,1,email
EFTA02407579.pdf,data-set-11-files-3,1,email
EFTA02407580.pdf,data-set-11-files-3,1,email
EFTA02407581.pdf,data-set-11-files-3,1,email
EFTA02407582.pdf,data-set-11-files-3,3,email
EFTA02407585.pdf,data-set-11-files-3,2,email
EFTA02407587.pdf,data-set-11-files-3,1,email
EFTA02407588.pdf,data-set-11-files-3,1,email
EFTA02407589.pdf,data-set-11-files-3,3,email
EFTA02407592.pdf,data-set-11-files-3,1,other
EFTA02407593.pdf,data-set-11-files-3,1,email
EFTA02407594.pdf,data-set-11-files-3,2,other
EFTA02407596.pdf,data-set-11-files-3,1,email
EFTA02407597.pdf,data-set-11-files-3,1,email
EFTA02407598.pdf,data-set-11-files-3,1,email
EFTA02407599.pdf,data-set-11-files-3,1,other
EFTA02407600.pdf,data-set-11-files-3,1,other
EFTA02407601.pdf,data-set-11-files-3,1,email
EFTA02407602.pdf,data-set-11-files-3,1,email
EFTA02407603.pdf,data-set-11-files-3,3,other
EFTA02407606.pdf,data-set-11-files-3,2,email
EFTA02407608.pdf,data-set-11-files-3,1,other
EFTA02407609.pdf,data-set-11-files-3,1,other
EFTA02407610.pdf,data-set-11-files-3,2,email
EFTA02407612.pdf,data-set-11-files-3,1,other
EFTA02407613.pdf,data-set-11-files-3,1,email
EFTA02407614.pdf,data-set-11-files-3,1,other
EFTA02407615.pdf,data-set-11-files-3,1,email
EFTA02407616.pdf,data-set-11-files-3,4,email
EFTA02407620.pdf,data-set-11-files-3,1,email
EFTA02407621.pdf,data-set-11-files-3,2,email
EFTA02407623.pdf,data-set-11-files-3,1,email
EFTA02407624.pdf,data-set-11-files-3,2,email
EFTA02407626.pdf,data-set-11-files-3,1,email
EFTA02407627.pdf,data-set-11-files-3,1,email
EFTA02407628.pdf,data-set-11-files-3,1,other
EFTA02407629.pdf,data-set-11-files-3,1,email
EFTA02407630.pdf,data-set-11-files-3,1,email
EFTA02407631.pdf,data-set-11-files-3,1,email
EFTA02407632.pdf,data-set-11-files-3,1,email
EFTA02407633.pdf,data-set-11-files-3,1,other
EFTA02407634.pdf,data-set-11-files-3,1,email
EFTA02407635.pdf,data-set-11-files-3,1,other
EFTA02407636.pdf,data-set-11-files-3,1,other
EFTA02407637.pdf,data-set-11-files-3,1,email
EFTA02407638.pdf,data-set-11-files-3,1,email
EFTA02407639.pdf,data-set-11-files-3,1,email
EFTA02407640.pdf,data-set-11-files-3,2,email
EFTA02407642.pdf,data-set-11-files-3,1,other
EFTA02407643.pdf,data-set-11-files-3,2,other
EFTA02407645.pdf,data-set-11-files-3,1,other
EFTA02407646.pdf,data-set-11-files-3,1,other
EFTA02407647.pdf,data-set-11-files-3,1,other
EFTA02407648.pdf,data-set-11-files-3,1,other
EFTA02407649.pdf,data-set-11-files-3,1,other
EFTA02407650.pdf,data-set-11-files-3,2,other
EFTA02407652.pdf,data-set-11-files-3,3,email
EFTA02407655.pdf,data-set-11-files-3,1,email
EFTA02407656.pdf,data-set-11-files-3,2,email
EFTA02407658.pdf,data-set-11-files-3,2,other
EFTA02407660.pdf,data-set-11-files-3,1,email
EFTA02407661.pdf,data-set-11-files-3,1,other
EFTA02407662.pdf,data-set-11-files-3,1,other
EFTA02407663.pdf,data-set-11-files-3,2,email
EFTA02407665.pdf,data-set-11-files-3,1,email
EFTA02407666.pdf,data-set-11-files-3,1,other
EFTA02407667.pdf,data-set-11-files-3,1,email
EFTA02407668.pdf,data-set-11-files-3,2,email
EFTA02407670.pdf,data-set-11-files-3,1,other
EFTA02407671.pdf,data-set-11-files-3,1,email
EFTA02407672.pdf,data-set-11-files-3,1,other
EFTA02407673.pdf,data-set-11-files-3,1,email
EFTA02407674.pdf,data-set-11-files-3,1,email
EFTA02407675.pdf,data-set-11-files-3,1,email
EFTA02407676.pdf,data-set-11-files-3,1,other
EFTA02407677.pdf,data-set-11-files-3,1,email
EFTA02407678.pdf,data-set-11-files-3,2,email
EFTA02407680.pdf,data-set-11-files-3,1,other
EFTA02407681.pdf,data-set-11-files-3,3,email
EFTA02407684.pdf,data-set-11-files-3,1,email
EFTA02407685.pdf,data-set-11-files-3,2,email
EFTA02407687.pdf,data-set-11-files-3,1,email
EFTA02407688.pdf,data-set-11-files-3,1,email
EFTA02407689.pdf,data-set-11-files-3,1,other
EFTA02407690.pdf,data-set-11-files-3,1,email
EFTA02407691.pdf,data-set-11-files-3,2,email
EFTA02407693.pdf,data-set-11-files-3,1,email
EFTA02407694.pdf,data-set-11-files-3,2,email
EFTA02407696.pdf,data-set-11-files-3,1,other
EFTA02407697.pdf,data-set-11-files-3,1,email
EFTA02407698.pdf,data-set-11-files-3,1,email
EFTA02407699.pdf,data-set-11-files-3,1,email
EFTA02407700.pdf,data-set-11-files-3,1,other
EFTA02407701.pdf,data-set-11-files-3,2,other
EFTA02407703.pdf,data-set-11-files-3,1,email
EFTA02407704.pdf,data-set-11-files-3,1,other
EFTA02407705.pdf,data-set-11-files-3,1,email
EFTA02407706.pdf,data-set-11-files-3,2,email
EFTA02407708.pdf,data-set-11-files-3,2,email
EFTA02407710.pdf,data-set-11-files-3,1,email
EFTA02407711.pdf,data-set-11-files-3,1,other
EFTA02407712.pdf,data-set-11-files-3,1,email
EFTA02407713.pdf,data-set-11-files-3,3,email
EFTA02407716.pdf,data-set-11-files-3,2,email
EFTA02407718.pdf,data-set-11-files-3,1,other
EFTA02407719.pdf,data-set-11-files-3,1,other
EFTA02407720.pdf,data-set-11-files-3,1,other
EFTA02407721.pdf,data-set-11-files-3,1,email
EFTA02407722.pdf,data-set-11-files-3,1,email
EFTA02407723.pdf,data-set-11-files-3,2,email
EFTA02407725.pdf,data-set-11-files-3,1,email
EFTA02407726.pdf,data-set-11-files-3,1,other
EFTA02407727.pdf,data-set-11-files-3,1,email
EFTA02407728.pdf,data-set-11-files-3,1,email
EFTA02407729.pdf,data-set-11-files-3,1,email
EFTA02407730.pdf,data-set-11-files-3,1,email
EFTA02407731.pdf,data-set-11-files-3,3,email
EFTA02407734.pdf,data-set-11-files-3,1,email
EFTA02407735.pdf,data-set-11-files-3,1,other
EFTA02407736.pdf,data-set-11-files-3,3,email
EFTA02407739.pdf,data-set-11-files-3,2,other
EFTA02407741.pdf,data-set-11-files-3,2,email
EFTA02407743.pdf,data-set-11-files-3,1,email
EFTA02407744.pdf,data-set-11-files-3,1,email
EFTA02407745.pdf,data-set-11-files-3,1,other
EFTA02407746.pdf,data-set-11-files-3,1,email
EFTA02407747.pdf,data-set-11-files-3,1,email
EFTA02407748.pdf,data-set-11-files-3,1,other
EFTA02407749.pdf,data-set-11-files-3,1,other
EFTA02407750.pdf,data-set-11-files-3,3,email
EFTA02407753.pdf,data-set-11-files-3,3,email
EFTA02407756.pdf,data-set-11-files-3,1,other
EFTA02407757.pdf,data-set-11-files-3,1,other
EFTA02407758.pdf,data-set-11-files-3,1,email
EFTA02407759.pdf,data-set-11-files-3,1,other
EFTA02407760.pdf,data-set-11-files-3,1,other
EFTA02407761.pdf,data-set-11-files-3,3,email
EFTA02407764.pdf,data-set-11-files-3,1,email
EFTA02407765.pdf,data-set-11-files-3,1,email
EFTA02407766.pdf,data-set-11-files-3,2,email
EFTA02407768.pdf,data-set-11-files-3,1,other
EFTA02407769.pdf,data-set-11-files-3,1,other
EFTA02407770.pdf,data-set-11-files-3,1,other
EFTA02407771.pdf,data-set-11-files-3,2,email
EFTA02407773.pdf,data-set-11-files-3,1,email
EFTA02407774.pdf,data-set-11-files-3,4,email
EFTA02407778.pdf,data-set-11-files-3,1,other
EFTA02407779.pdf,data-set-11-files-3,1,email
EFTA02407780.pdf,data-set-11-files-3,1,email
EFTA02407781.pdf,data-set-11-files-3,2,email
EFTA02407783.pdf,data-set-11-files-3,1,email
EFTA02407784.pdf,data-set-11-files-3,1,email
EFTA02407785.pdf,data-set-11-files-3,1,email
EFTA02407786.pdf,data-set-11-files-3,1,other
EFTA02407787.pdf,data-set-11-files-3,2,email
EFTA02407789.pdf,data-set-11-files-3,3,email
EFTA02407792.pdf,data-set-11-files-3,1,email
EFTA02407793.pdf,data-set-11-files-3,1,email
EFTA02407794.pdf,data-set-11-files-3,1,email
EFTA02407795.pdf,data-set-11-files-3,6,email
EFTA02407801.pdf,data-set-11-files-3,1,other
EFTA02407802.pdf,data-set-11-files-3,1,email
EFTA02407803.pdf,data-set-11-files-3,2,email
EFTA02407805.pdf,data-set-11-files-3,1,other
EFTA02407806.pdf,data-set-11-files-3,1,other
EFTA02407807.pdf,data-set-11-files-3,1,email
EFTA02407808.pdf,data-set-11-files-3,2,email
EFTA02407810.pdf,data-set-11-files-3,1,email
EFTA02407811.pdf,data-set-11-files-3,1,other
EFTA02407812.pdf,data-set-11-files-3,2,email
EFTA02407814.pdf,data-set-11-files-3,1,email
EFTA02407815.pdf,data-set-11-files-3,4,email
EFTA02407819.pdf,data-set-11-files-3,1,other
EFTA02407820.pdf,data-set-11-files-3,1,other
EFTA02407821.pdf,data-set-11-files-3,1,other
EFTA02407822.pdf,data-set-11-files-3,1,email
EFTA02407823.pdf,data-set-11-files-3,1,email
EFTA02407824.pdf,data-set-11-files-3,1,other
EFTA02407825.pdf,data-set-11-files-3,1,email
EFTA02407826.pdf,data-set-11-files-3,1,other
EFTA02407827.pdf,data-set-11-files-3,1,other
EFTA02407828.pdf,data-set-11-files-3,2,email
EFTA02407830.pdf,data-set-11-files-3,1,other
EFTA02407831.pdf,data-set-11-files-3,1,email
EFTA02407832.pdf,data-set-11-files-3,1,other
EFTA02407833.pdf,data-set-11-files-3,2,other
EFTA02407835.pdf,data-set-11-files-3,1,other
EFTA02407836.pdf,data-set-11-files-3,1,email
EFTA02407837.pdf,data-set-11-files-3,1,email
EFTA02407838.pdf,data-set-11-files-3,1,email
EFTA02407839.pdf,data-set-11-files-3,1,email
EFTA02407840.pdf,data-set-11-files-3,1,email
EFTA02407841.pdf,data-set-11-files-3,1,other
EFTA02407842.pdf,data-set-11-files-3,1,email
EFTA02407843.pdf,data-set-11-files-3,3,other
EFTA02407846.pdf,data-set-11-files-3,4,email
EFTA02407850.pdf,data-set-11-files-3,1,email
EFTA02407851.pdf,data-set-11-files-3,1,other
EFTA02407852.pdf,data-set-11-files-3,1,email
EFTA02407853.pdf,data-set-11-files-3,1,other
EFTA02407854.pdf,data-set-11-files-3,1,other
EFTA02407855.pdf,data-set-11-files-3,1,other
EFTA02407856.pdf,data-set-11-files-3,1,other
EFTA02407857.pdf,data-set-11-files-3,1,email
EFTA02407858.pdf,data-set-11-files-3,1,email
EFTA02407859.pdf,data-set-11-files-3,1,email
EFTA02407860.pdf,data-set-11-files-3,1,email
EFTA02407861.pdf,data-set-11-files-3,1,email
EFTA02407862.pdf,data-set-11-files-3,1,email
EFTA02407863.pdf,data-set-11-files-3,1,other
EFTA02407864.pdf,data-set-11-files-3,1,other
EFTA02407865.pdf,data-set-11-files-3,1,other
EFTA02407866.pdf,data-set-11-files-3,1,email
EFTA02407867.pdf,data-set-11-files-3,1,email
EFTA02407868.pdf,data-set-11-files-3,1,other
EFTA02407869.pdf,data-set-11-files-3,1,other
EFTA02407870.pdf,data-set-11-files-3,1,email
EFTA02407871.pdf,data-set-11-files-3,1,other
EFTA02407872.pdf,data-set-11-files-3,1,other
EFTA02407873.pdf,data-set-11-files-3,1,other
EFTA02407874.pdf,data-set-11-files-3,1,other
EFTA02407875.pdf,data-set-11-files-3,1,other
EFTA02407876.pdf,data-set-11-files-3,1,other
EFTA02407877.pdf,data-set-11-files-3,1,other
EFTA02407878.pdf,data-set-11-files-3,3,other
EFTA02407881.pdf,data-set-11-files-3,1,other
EFTA02407882.pdf,data-set-11-files-3,2,other
EFTA02407884.pdf,data-set-11-files-3,1,other
EFTA02407885.pdf,data-set-11-files-3,1,other
EFTA02407886.pdf,data-set-11-files-3,5,email
EFTA02407891.pdf,data-set-11-files-3,1,email
EFTA02407892.pdf,data-set-11-files-3,1,email
EFTA02407893.pdf,data-set-11-files-3,1,email
EFTA02407894.pdf,data-set-11-files-3,1,other
EFTA02407895.pdf,data-set-11-files-3,3,other
EFTA02407898.pdf,data-set-11-files-3,1,other
EFTA02407899.pdf,data-set-11-files-3,1,email
EFTA02407900.pdf,data-set-11-files-3,3,email
EFTA02407903.pdf,data-set-11-files-3,1,email
EFTA02407904.pdf,data-set-11-files-3,1,email
EFTA02407905.pdf,data-set-11-files-3,3,other
EFTA02407908.pdf,data-set-11-files-3,2,email
EFTA02407910.pdf,data-set-11-files-3,1,other
EFTA02407911.pdf,data-set-11-files-3,1,other
EFTA02407912.pdf,data-set-11-files-3,1,other
EFTA02407913.pdf,data-set-11-files-3,1,other
EFTA02407914.pdf,data-set-11-files-3,1,other
EFTA02407915.pdf,data-set-11-files-3,1,email
EFTA02407916.pdf,data-set-11-files-3,1,email
EFTA02407917.pdf,data-set-11-files-3,1,email
EFTA02407918.pdf,data-set-11-files-3,1,other
EFTA02407919.pdf,data-set-11-files-3,1,email
EFTA02407920.pdf,data-set-11-files-3,1,email
EFTA02407921.pdf,data-set-11-files-3,1,email
EFTA02407922.pdf,data-set-11-files-3,1,other
EFTA02407923.pdf,data-set-11-files-3,3,email
EFTA02407926.pdf,data-set-11-files-3,7,other
EFTA02407933.pdf,data-set-11-files-3,2,other
EFTA02407935.pdf,data-set-11-files-3,2,email
EFTA02407937.pdf,data-set-11-files-3,1,other
EFTA02407938.pdf,data-set-11-files-3,1,other
EFTA02407939.pdf,data-set-11-files-3,1,other
EFTA02407940.pdf,data-set-11-files-3,1,email
EFTA02407941.pdf,data-set-11-files-3,1,other
EFTA02407942.pdf,data-set-11-files-3,1,other
EFTA02407943.pdf,data-set-11-files-3,1,other
EFTA02407944.pdf,data-set-11-files-3,1,other
EFTA02407945.pdf,data-set-11-files-3,1,email
EFTA02407946.pdf,data-set-11-files-3,1,email
EFTA02407947.pdf,data-set-11-files-3,1,other
EFTA02407948.pdf,data-set-11-files-3,2,email
EFTA02407950.pdf,data-set-11-files-3,3,email
EFTA02407953.pdf,data-set-11-files-3,2,email
EFTA02407955.pdf,data-set-11-files-3,1,other
EFTA02407956.pdf,data-set-11-files-3,2,email
EFTA02407958.pdf,data-set-11-files-3,1,email
EFTA02407959.pdf,data-set-11-files-3,9,other
EFTA02407968.pdf,data-set-11-files-3,1,email
EFTA02407969.pdf,data-set-11-files-3,1,email
EFTA02407970.pdf,data-set-11-files-3,1,email
EFTA02407971.pdf,data-set-11-files-3,2,other
EFTA02407973.pdf,data-set-11-files-3,1,other
EFTA02407974.pdf,data-set-11-files-3,1,email
EFTA02407975.pdf,data-set-11-files-3,1,other
EFTA02407976.pdf,data-set-11-files-3,9,email
EFTA02407985.pdf,data-set-11-files-3,5,email
EFTA02407990.pdf,data-set-11-files-3,1,email
EFTA02407991.pdf,data-set-11-files-3,1,other
EFTA02407992.pdf,data-set-11-files-3,1,email
EFTA02407993.pdf,data-set-11-files-3,4,email
EFTA02407997.pdf,data-set-11-files-3,1,other
EFTA02407998.pdf,data-set-11-files-3,1,other
EFTA02407999.pdf,data-set-11-files-3,1,email
EFTA02408000.pdf,data-set-11-files-3,1,email
EFTA02408001.pdf,data-set-11-files-3,1,email
EFTA02408002.pdf,data-set-11-files-3,1,email
EFTA02408003.pdf,data-set-11-files-3,1,email
EFTA02408004.pdf,data-set-11-files-3,1,other
EFTA02408005.pdf,data-set-11-files-3,2,email
EFTA02408007.pdf,data-set-11-files-3,1,other
EFTA02408008.pdf,data-set-11-files-3,3,email
EFTA02408011.pdf,data-set-11-files-3,2,email
EFTA02408013.pdf,data-set-11-files-3,1,other
EFTA02408014.pdf,data-set-11-files-3,1,email
EFTA02408015.pdf,data-set-11-files-3,2,email
EFTA02408017.pdf,data-set-11-files-3,2,email
EFTA02408019.pdf,data-set-11-files-3,1,other
EFTA02408020.pdf,data-set-11-files-3,1,email
EFTA02408021.pdf,data-set-11-files-3,1,email
EFTA02408022.pdf,data-set-11-files-3,1,other
EFTA02408023.pdf,data-set-11-files-3,1,email
EFTA02408024.pdf,data-set-11-files-3,3,email
EFTA02408027.pdf,data-set-11-files-3,1,other
EFTA02408028.pdf,data-set-11-files-3,1,email
EFTA02408029.pdf,data-set-11-files-3,2,email
EFTA02408031.pdf,data-set-11-files-3,1,email
EFTA02408032.pdf,data-set-11-files-3,1,email
EFTA02408033.pdf,data-set-11-files-3,1,email
EFTA02408034.pdf,data-set-11-files-3,1,other
EFTA02408035.pdf,data-set-11-files-3,1,other
EFTA02408036.pdf,data-set-11-files-3,1,email
EFTA02408037.pdf,data-set-11-files-3,1,email
EFTA02408038.pdf,data-set-11-files-3,1,other
EFTA02408039.pdf,data-set-11-files-3,3,email
EFTA02408042.pdf,data-set-11-files-3,1,email
EFTA02408043.pdf,data-set-11-files-3,1,other
EFTA02408044.pdf,data-set-11-files-3,1,email
EFTA02408045.pdf,data-set-11-files-3,1,email
EFTA02408046.pdf,data-set-11-files-3,1,email
EFTA02408047.pdf,data-set-11-files-3,1,email
EFTA02408048.pdf,data-set-11-files-3,1,email
EFTA02408049.pdf,data-set-11-files-3,1,email
EFTA02408050.pdf,data-set-11-files-3,1,email
EFTA02408051.pdf,data-set-11-files-3,1,email
EFTA02408052.pdf,data-set-11-files-3,2,email
EFTA02408054.pdf,data-set-11-files-3,1,other
EFTA02408055.pdf,data-set-11-files-3,1,email
EFTA02408056.pdf,data-set-11-files-3,1,other
EFTA02408057.pdf,data-set-11-files-3,1,other
EFTA02408058.pdf,data-set-11-files-3,1,other
EFTA02408059.pdf,data-set-11-files-3,1,other
EFTA02408060.pdf,data-set-11-files-3,1,email
EFTA02408061.pdf,data-set-11-files-3,1,email
EFTA02408062.pdf,data-set-11-files-3,1,email
EFTA02408063.pdf,data-set-11-files-3,1,other
EFTA02408064.pdf,data-set-11-files-3,1,email
EFTA02408065.pdf,data-set-11-files-3,2,email
EFTA02408067.pdf,data-set-11-files-3,1,email
EFTA02408068.pdf,data-set-11-files-3,1,other
EFTA02408069.pdf,data-set-11-files-3,1,other
EFTA02408070.pdf,data-set-11-files-3,1,other
EFTA02408071.pdf,data-set-11-files-3,1,other
EFTA02408072.pdf,data-set-11-files-3,1,photo
EFTA02408073.pdf,data-set-11-files-3,2,email
EFTA02408075.pdf,data-set-11-files-3,1,email
EFTA02408076.pdf,data-set-11-files-3,1,email
EFTA02408077.pdf,data-set-11-files-3,1,other
EFTA02408078.pdf,data-set-11-files-3,2,email
EFTA02408080.pdf,data-set-11-files-3,1,other
EFTA02408081.pdf,data-set-11-files-3,1,email
EFTA02408082.pdf,data-set-11-files-3,1,email
EFTA02408083.pdf,data-set-11-files-3,1,other
EFTA02408084.pdf,data-set-11-files-3,1,other
EFTA02408085.pdf,data-set-11-files-3,1,email
EFTA02408086.pdf,data-set-11-files-3,1,email
EFTA02408087.pdf,data-set-11-files-3,1,other
EFTA02408088.pdf,data-set-11-files-3,1,email
EFTA02408089.pdf,data-set-11-files-3,1,other
EFTA02408090.pdf,data-set-11-files-3,1,email
EFTA02408091.pdf,data-set-11-files-3,2,email
EFTA02408093.pdf,data-set-11-files-3,1,email
EFTA02408094.pdf,data-set-11-files-3,1,email
EFTA02408095.pdf,data-set-11-files-3,1,email
EFTA02408096.pdf,data-set-11-files-3,1,other
EFTA02408097.pdf,data-set-11-files-3,1,email
EFTA02408098.pdf,data-set-11-files-3,1,other
EFTA02408099.pdf,data-set-11-files-3,1,other
EFTA02408100.pdf,data-set-11-files-3,2,email
EFTA02408102.pdf,data-set-11-files-3,1,other
EFTA02408103.pdf,data-set-11-files-3,1,other
EFTA02408104.pdf,data-set-11-files-3,1,other
EFTA02408105.pdf,data-set-11-files-3,1,other
EFTA02408106.pdf,data-set-11-files-3,1,other
EFTA02408107.pdf,data-set-11-files-3,1,other
EFTA02408108.pdf,data-set-11-files-3,1,email
EFTA02408109.pdf,data-set-11-files-3,1,other
EFTA02408110.pdf,data-set-11-files-3,2,email
EFTA02408112.pdf,data-set-11-files-3,1,email
EFTA02408113.pdf,data-set-11-files-3,2,email
EFTA02408115.pdf,data-set-11-files-3,1,other
EFTA02408116.pdf,data-set-11-files-3,1,other
EFTA02408117.pdf,data-set-11-files-3,1,other
EFTA02408118.pdf,data-set-11-files-3,1,email
EFTA02408119.pdf,data-set-11-files-3,1,email
EFTA02408120.pdf,data-set-11-files-3,1,email
EFTA02408121.pdf,data-set-11-files-3,1,email
EFTA02408122.pdf,data-set-11-files-3,1,email
EFTA02408123.pdf,data-set-11-files-3,2,email
EFTA02408125.pdf,data-set-11-files-3,1,email
EFTA02408126.pdf,data-set-11-files-3,4,email
EFTA02408130.pdf,data-set-11-files-3,1,email
EFTA02408131.pdf,data-set-11-files-3,1,email
EFTA02408132.pdf,data-set-11-files-3,1,email
EFTA02408133.pdf,data-set-11-files-3,3,email
EFTA02408136.pdf,data-set-11-files-3,1,other
EFTA02408137.pdf,data-set-11-files-3,1,other
EFTA02408138.pdf,data-set-11-files-3,1,email
EFTA02408139.pdf,data-set-11-files-3,1,email
EFTA02408140.pdf,data-set-11-files-3,1,other
EFTA02408141.pdf,data-set-11-files-3,1,email
EFTA02408142.pdf,data-set-11-files-3,2,email
EFTA02408144.pdf,data-set-11-files-3,1,email
EFTA02408145.pdf,data-set-11-files-3,3,email
EFTA02408148.pdf,data-set-11-files-3,1,email
EFTA02408149.pdf,data-set-11-files-3,1,email
EFTA02408150.pdf,data-set-11-files-3,1,email
EFTA02408151.pdf,data-set-11-files-3,1,other
EFTA02408152.pdf,data-set-11-files-3,1,email
EFTA02408153.pdf,data-set-11-files-3,1,email
EFTA02408154.pdf,data-set-11-files-3,1,email
EFTA02408155.pdf,data-set-11-files-3,1,other
EFTA02408156.pdf,data-set-11-files-3,1,email
EFTA02408157.pdf,data-set-11-files-3,2,email
EFTA02408159.pdf,data-set-11-files-3,1,email
EFTA02408160.pdf,data-set-11-files-3,1,email
EFTA02408161.pdf,data-set-11-files-3,1,email
EFTA02408162.pdf,data-set-11-files-3,1,email
EFTA02408163.pdf,data-set-11-files-3,1,email
EFTA02408164.pdf,data-set-11-files-3,1,other
EFTA02408165.pdf,data-set-11-files-3,1,other
EFTA02408166.pdf,data-set-11-files-3,2,email
EFTA02408168.pdf,data-set-11-files-3,2,email
EFTA02408170.pdf,data-set-11-files-3,1,email
EFTA02408171.pdf,data-set-11-files-3,1,other
EFTA02408172.pdf,data-set-11-files-3,1,email
EFTA02408173.pdf,data-set-11-files-3,1,email
EFTA02408174.pdf,data-set-11-files-3,2,email
EFTA02408176.pdf,data-set-11-files-3,1,email
EFTA02408177.pdf,data-set-11-files-3,1,email
EFTA02408178.pdf,data-set-11-files-3,1,email
EFTA02408179.pdf,data-set-11-files-3,2,email
EFTA02408181.pdf,data-set-11-files-3,2,other
EFTA02408183.pdf,data-set-11-files-3,1,email
EFTA02408184.pdf,data-set-11-files-3,1,email
EFTA02408185.pdf,data-set-11-files-3,1,email
EFTA02408186.pdf,data-set-11-files-3,1,email
EFTA02408187.pdf,data-set-11-files-3,1,other
EFTA02408188.pdf,data-set-11-files-3,1,other
EFTA02408189.pdf,data-set-11-files-3,1,other
EFTA02408190.pdf,data-set-11-files-3,2,email
EFTA02408192.pdf,data-set-11-files-3,2,email
EFTA02408194.pdf,data-set-11-files-3,1,email
EFTA02408195.pdf,data-set-11-files-3,1,email
EFTA02408196.pdf,data-set-11-files-3,2,other
EFTA02408198.pdf,data-set-11-files-3,1,email
EFTA02408199.pdf,data-set-11-files-3,1,email
EFTA02408200.pdf,data-set-11-files-3,1,email
EFTA02408201.pdf,data-set-11-files-3,1,other
EFTA02408202.pdf,data-set-11-files-3,1,other
EFTA02408203.pdf,data-set-11-files-3,1,email
EFTA02408204.pdf,data-set-11-files-3,1,email
EFTA02408205.pdf,data-set-11-files-3,1,email
EFTA02408206.pdf,data-set-11-files-3,1,email
EFTA02408207.pdf,data-set-11-files-3,1,other
EFTA02408208.pdf,data-set-11-files-3,1,other
EFTA02408209.pdf,data-set-11-files-3,1,email
EFTA02408210.pdf,data-set-11-files-3,1,email
EFTA02408211.pdf,data-set-11-files-3,1,email
EFTA02408212.pdf,data-set-11-files-3,1,email
EFTA02408213.pdf,data-set-11-files-3,1,email
EFTA02408214.pdf,data-set-11-files-3,1,email
EFTA02408215.pdf,data-set-11-files-3,1,email
EFTA02408216.pdf,data-set-11-files-3,1,other
EFTA02408217.pdf,data-set-11-files-3,1,email
EFTA02408218.pdf,data-set-11-files-3,1,email
EFTA02408219.pdf,data-set-11-files-3,1,email
EFTA02408220.pdf,data-set-11-files-3,1,email
EFTA02408221.pdf,data-set-11-files-3,1,email
EFTA02408222.pdf,data-set-11-files-3,1,email
EFTA02408223.pdf,data-set-11-files-3,1,other
EFTA02408224.pdf,data-set-11-files-3,1,email
EFTA02408225.pdf,data-set-11-files-3,1,email
EFTA02408226.pdf,data-set-11-files-3,2,other
EFTA02408228.pdf,data-set-11-files-3,1,email
EFTA02408229.pdf,data-set-11-files-3,1,email
EFTA02408230.pdf,data-set-11-files-3,1,email
EFTA02408231.pdf,data-set-11-files-3,1,email
EFTA02408232.pdf,data-set-11-files-3,1,email
EFTA02408233.pdf,data-set-11-files-3,1,other
EFTA02408234.pdf,data-set-11-files-3,1,other
EFTA02408235.pdf,data-set-11-files-3,1,email
EFTA02408236.pdf,data-set-11-files-3,1,email
EFTA02408237.pdf,data-set-11-files-3,1,email
EFTA02408238.pdf,data-set-11-files-3,2,other
EFTA02408240.pdf,data-set-11-files-3,1,email
EFTA02408241.pdf,data-set-11-files-3,2,email
EFTA02408243.pdf,data-set-11-files-3,1,other
EFTA02408244.pdf,data-set-11-files-3,1,other
EFTA02408245.pdf,data-set-11-files-3,1,email
EFTA02408246.pdf,data-set-11-files-3,1,other
EFTA02408247.pdf,data-set-11-files-3,1,other
EFTA02408248.pdf,data-set-11-files-3,1,email
EFTA02408249.pdf,data-set-11-files-3,1,email
EFTA02408250.pdf,data-set-11-files-3,1,email
EFTA02408251.pdf,data-set-11-files-3,1,email
EFTA02408252.pdf,data-set-11-files-3,1,other
EFTA02408253.pdf,data-set-11-files-3,1,other
EFTA02408254.pdf,data-set-11-files-3,1,email
EFTA02408255.pdf,data-set-11-files-3,2,email
EFTA02408257.pdf,data-set-11-files-3,1,email
EFTA02408258.pdf,data-set-11-files-3,1,email
EFTA02408259.pdf,data-set-11-files-3,2,email
EFTA02408261.pdf,data-set-11-files-3,1,other
EFTA02408262.pdf,data-set-11-files-3,1,other
EFTA02408263.pdf,data-set-11-files-3,1,other
EFTA02408264.pdf,data-set-11-files-3,1,other
EFTA02408265.pdf,data-set-11-files-3,4,email
EFTA02408269.pdf,data-set-11-files-3,2,email
EFTA02408271.pdf,data-set-11-files-3,1,other
EFTA02408272.pdf,data-set-11-files-3,1,email
EFTA02408273.pdf,data-set-11-files-3,2,email
EFTA02408275.pdf,data-set-11-files-3,1,other
EFTA02408276.pdf,data-set-11-files-3,1,other
EFTA02408277.pdf,data-set-11-files-3,1,email
EFTA02408278.pdf,data-set-11-files-3,1,other
EFTA02408279.pdf,data-set-11-files-3,2,email
EFTA02408281.pdf,data-set-11-files-3,1,email
EFTA02408282.pdf,data-set-11-files-3,1,other
EFTA02408283.pdf,data-set-11-files-3,2,email
EFTA02408285.pdf,data-set-11-files-3,1,other
EFTA02408286.pdf,data-set-11-files-3,1,other
EFTA02408287.pdf,data-set-11-files-3,1,other
EFTA02408288.pdf,data-set-11-files-3,1,other
EFTA02408289.pdf,data-set-11-files-3,1,email
EFTA02408290.pdf,data-set-11-files-3,1,other
EFTA02408291.pdf,data-set-11-files-3,1,other
EFTA02408292.pdf,data-set-11-files-3,1,email
EFTA02408293.pdf,data-set-11-files-3,1,other
EFTA02408294.pdf,data-set-11-files-3,1,other
EFTA02408295.pdf,data-set-11-files-3,1,other
EFTA02408296.pdf,data-set-11-files-3,1,email
EFTA02408297.pdf,data-set-11-files-3,1,other
EFTA02408298.pdf,data-set-11-files-3,2,email
EFTA02408300.pdf,data-set-11-files-3,1,email
EFTA02408301.pdf,data-set-11-files-3,3,email
EFTA02408304.pdf,data-set-11-files-3,1,other
EFTA02408305.pdf,data-set-11-files-3,1,email
EFTA02408306.pdf,data-set-11-files-3,1,email
EFTA02408307.pdf,data-set-11-files-3,1,other
EFTA02408308.pdf,data-set-11-files-3,1,email
EFTA02408309.pdf,data-set-11-files-3,1,email
EFTA02408310.pdf,data-set-11-files-3,1,email
EFTA02408311.pdf,data-set-11-files-3,1,email
EFTA02408312.pdf,data-set-11-files-3,1,email
EFTA02408313.pdf,data-set-11-files-3,1,other
EFTA02408314.pdf,data-set-11-files-3,1,email
EFTA02408315.pdf,data-set-11-files-3,1,other
EFTA02408316.pdf,data-set-11-files-3,1,other
EFTA02408317.pdf,data-set-11-files-3,1,other
EFTA02408318.pdf,data-set-11-files-3,1,other
EFTA02408319.pdf,data-set-11-files-3,1,other
EFTA02408320.pdf,data-set-11-files-3,4,email
EFTA02408324.pdf,data-set-11-files-3,4,email
EFTA02408328.pdf,data-set-11-files-3,1,other
EFTA02408329.pdf,data-set-11-files-3,4,email
EFTA02408333.pdf,data-set-11-files-3,1,email
EFTA02408334.pdf,data-set-11-files-3,1,other
EFTA02408335.pdf,data-set-11-files-3,1,other
EFTA02408336.pdf,data-set-11-files-3,1,other
EFTA02408337.pdf,data-set-11-files-3,1,email
EFTA02408338.pdf,data-set-11-files-3,3,email
EFTA02408341.pdf,data-set-11-files-3,1,other
EFTA02408342.pdf,data-set-11-files-3,1,email
EFTA02408343.pdf,data-set-11-files-3,1,other
EFTA02408344.pdf,data-set-11-files-3,1,email
EFTA02408345.pdf,data-set-11-files-3,1,email
EFTA02408346.pdf,data-set-11-files-3,1,other
EFTA02408347.pdf,data-set-11-files-3,1,email
EFTA02408348.pdf,data-set-11-files-3,1,other
EFTA02408349.pdf,data-set-11-files-3,1,other
EFTA02408350.pdf,data-set-11-files-3,1,other
EFTA02408351.pdf,data-set-11-files-3,1,email
EFTA02408352.pdf,data-set-11-files-3,1,email
EFTA02408353.pdf,data-set-11-files-3,1,other
EFTA02408354.pdf,data-set-11-files-3,1,other
EFTA02408355.pdf,data-set-11-files-3,1,email
EFTA02408356.pdf,data-set-11-files-3,1,other
EFTA02408357.pdf,data-set-11-files-3,1,email
EFTA02408358.pdf,data-set-11-files-3,1,other
EFTA02408359.pdf,data-set-11-files-3,1,other
EFTA02408360.pdf,data-set-11-files-3,1,email
EFTA02408361.pdf,data-set-11-files-3,1,other
EFTA02408362.pdf,data-set-11-files-3,1,email
EFTA02408363.pdf,data-set-11-files-3,1,other
EFTA02408364.pdf,data-set-11-files-3,1,other
EFTA02408365.pdf,data-set-11-files-3,1,other
EFTA02408366.pdf,data-set-11-files-3,1,other
EFTA02408367.pdf,data-set-11-files-3,2,email
EFTA02408369.pdf,data-set-11-files-3,1,other
EFTA02408370.pdf,data-set-11-files-3,1,other
EFTA02408371.pdf,data-set-11-files-3,2,other
EFTA02408373.pdf,data-set-11-files-3,1,other
EFTA02408374.pdf,data-set-11-files-3,1,other
EFTA02408375.pdf,data-set-11-files-3,1,other
EFTA02408376.pdf,data-set-11-files-3,1,other
EFTA02408377.pdf,data-set-11-files-3,1,other
EFTA02408378.pdf,data-set-11-files-3,1,other
EFTA02408379.pdf,data-set-11-files-3,1,other
EFTA02408380.pdf,data-set-11-files-3,1,other
EFTA02408381.pdf,data-set-11-files-3,1,email
EFTA02408382.pdf,data-set-11-files-3,1,email
EFTA02408383.pdf,data-set-11-files-3,6,email
EFTA02408389.pdf,data-set-11-files-3,1,other
EFTA02408390.pdf,data-set-11-files-3,1,email
EFTA02408391.pdf,data-set-11-files-3,1,other
EFTA02408392.pdf,data-set-11-files-3,1,other
EFTA02408393.pdf,data-set-11-files-3,1,email
EFTA02408394.pdf,data-set-11-files-3,1,other
EFTA02408395.pdf,data-set-11-files-3,1,other
EFTA02408396.pdf,data-set-11-files-3,1,other
EFTA02408397.pdf,data-set-11-files-3,1,other
EFTA02408398.pdf,data-set-11-files-3,1,other
EFTA02408399.pdf,data-set-11-files-3,1,email
EFTA02408400.pdf,data-set-11-files-3,1,other
EFTA02408401.pdf,data-set-11-files-3,1,email
EFTA02408402.pdf,data-set-11-files-3,2,email
EFTA02408404.pdf,data-set-11-files-3,2,email
EFTA02408406.pdf,data-set-11-files-3,1,other
EFTA02408407.pdf,data-set-11-files-3,2,email
EFTA02408409.pdf,data-set-11-files-3,1,email
EFTA02408410.pdf,data-set-11-files-3,1,email
EFTA02408411.pdf,data-set-11-files-3,3,email
EFTA02408414.pdf,data-set-11-files-3,1,other
EFTA02408415.pdf,data-set-11-files-3,1,email
EFTA02408416.pdf,data-set-11-files-3,3,email
EFTA02408419.pdf,data-set-11-files-3,3,email
EFTA02408422.pdf,data-set-11-files-3,1,other
EFTA02408423.pdf,data-set-11-files-3,1,email
EFTA02408424.pdf,data-set-11-files-3,1,email
EFTA02408425.pdf,data-set-11-files-3,3,email
EFTA02408428.pdf,data-set-11-files-3,1,other
EFTA02408429.pdf,data-set-11-files-3,1,email
EFTA02408430.pdf,data-set-11-files-3,1,email
EFTA02408431.pdf,data-set-11-files-3,1,email
EFTA02408432.pdf,data-set-11-files-3,2,email
EFTA02408434.pdf,data-set-11-files-3,4,email
EFTA02408438.pdf,data-set-11-files-3,1,email
EFTA02408439.pdf,data-set-11-files-3,1,other
EFTA02408440.pdf,data-set-11-files-3,2,email
EFTA02408442.pdf,data-set-11-files-3,1,other
EFTA02408443.pdf,data-set-11-files-3,1,email
EFTA02408444.pdf,data-set-11-files-3,1,email
EFTA02408445.pdf,data-set-11-files-3,2,email
EFTA02408447.pdf,data-set-11-files-3,2,email
EFTA02408449.pdf,data-set-11-files-3,1,other
EFTA02408450.pdf,data-set-11-files-3,1,email
EFTA02408451.pdf,data-set-11-files-3,1,other
EFTA02408452.pdf,data-set-11-files-3,3,email
EFTA02408455.pdf,data-set-11-files-3,1,other
EFTA02408456.pdf,data-set-11-files-3,2,email
EFTA02408458.pdf,data-set-11-files-3,1,email
EFTA02408459.pdf,data-set-11-files-3,1,other
EFTA02408460.pdf,data-set-11-files-3,1,email
EFTA02408461.pdf,data-set-11-files-3,1,other
EFTA02408462.pdf,data-set-11-files-3,1,other
EFTA02408463.pdf,data-set-11-files-3,2,email
EFTA02408465.pdf,data-set-11-files-3,1,other
EFTA02408466.pdf,data-set-11-files-3,1,email
EFTA02408467.pdf,data-set-11-files-3,1,email
EFTA02408468.pdf,data-set-11-files-3,1,email
EFTA02408469.pdf,data-set-11-files-3,1,email
EFTA02408470.pdf,data-set-11-files-3,2,email
EFTA02408472.pdf,data-set-11-files-3,1,other
EFTA02408473.pdf,data-set-11-files-3,2,email
EFTA02408475.pdf,data-set-11-files-3,1,other
EFTA02408476.pdf,data-set-11-files-3,1,other
EFTA02408477.pdf,data-set-11-files-3,1,other
EFTA02408478.pdf,data-set-11-files-3,1,other
EFTA02408479.pdf,data-set-11-files-3,1,other
EFTA02408480.pdf,data-set-11-files-3,2,email
EFTA02408482.pdf,data-set-11-files-3,2,email
EFTA02408484.pdf,data-set-11-files-3,2,email
EFTA02408486.pdf,data-set-11-files-3,1,other
EFTA02408487.pdf,data-set-11-files-3,2,email
EFTA02408489.pdf,data-set-11-files-3,1,email
EFTA02408490.pdf,data-set-11-files-3,3,email
EFTA02408493.pdf,data-set-11-files-3,2,email
EFTA02408495.pdf,data-set-11-files-3,1,email
EFTA02408496.pdf,data-set-11-files-3,1,email
EFTA02408497.pdf,data-set-11-files-3,1,email
EFTA02408498.pdf,data-set-11-files-3,1,other
EFTA02408499.pdf,data-set-11-files-3,1,email
EFTA02408500.pdf,data-set-11-files-3,1,other
EFTA02408501.pdf,data-set-11-files-3,1,email
EFTA02408502.pdf,data-set-11-files-3,1,other
EFTA02408503.pdf,data-set-11-files-3,1,email
EFTA02408504.pdf,data-set-11-files-3,2,email
EFTA02408506.pdf,data-set-11-files-3,1,email
EFTA02408507.pdf,data-set-11-files-3,1,email
EFTA02408508.pdf,data-set-11-files-3,1,other
EFTA02408509.pdf,data-set-11-files-3,1,other
EFTA02408510.pdf,data-set-11-files-3,2,email
EFTA02408512.pdf,data-set-11-files-3,1,other
EFTA02408513.pdf,data-set-11-files-3,4,other
EFTA02408517.pdf,data-set-11-files-3,1,other
EFTA02408518.pdf,data-set-11-files-3,1,other
EFTA02408519.pdf,data-set-11-files-3,1,other
EFTA02408520.pdf,data-set-11-files-3,1,other
EFTA02408521.pdf,data-set-11-files-3,1,email
EFTA02408522.pdf,data-set-11-files-3,1,other
EFTA02408523.pdf,data-set-11-files-3,1,other
EFTA02408524.pdf,data-set-11-files-3,1,other
EFTA02408525.pdf,data-set-11-files-3,1,email
EFTA02408526.pdf,data-set-11-files-3,1,email
EFTA02408527.pdf,data-set-11-files-3,2,other
EFTA02408529.pdf,data-set-11-files-3,2,other
EFTA02408531.pdf,data-set-11-files-3,2,email
EFTA02408533.pdf,data-set-11-files-3,1,other
EFTA02408534.pdf,data-set-11-files-3,2,email
EFTA02408536.pdf,data-set-11-files-3,1,other
EFTA02408537.pdf,data-set-11-files-3,1,email
EFTA02408538.pdf,data-set-11-files-3,1,other
EFTA02408539.pdf,data-set-11-files-3,1,other
EFTA02408540.pdf,data-set-11-files-3,1,other
EFTA02408541.pdf,data-set-11-files-3,2,other
EFTA02408543.pdf,data-set-11-files-3,2,email
EFTA02408545.pdf,data-set-11-files-3,1,email
EFTA02408546.pdf,data-set-11-files-3,1,other
EFTA02408547.pdf,data-set-11-files-3,1,email
EFTA02408548.pdf,data-set-11-files-3,1,email
EFTA02408549.pdf,data-set-11-files-3,1,other
EFTA02408550.pdf,data-set-11-files-3,1,other
EFTA02408551.pdf,data-set-11-files-3,4,email
EFTA02408555.pdf,data-set-11-files-3,1,other
EFTA02408556.pdf,data-set-11-files-3,1,other
EFTA02408557.pdf,data-set-11-files-3,1,email
EFTA02408558.pdf,data-set-11-files-3,1,other
EFTA02408559.pdf,data-set-11-files-3,1,other
EFTA02408560.pdf,data-set-11-files-3,1,email
EFTA02408561.pdf,data-set-11-files-3,1,other
EFTA02408562.pdf,data-set-11-files-3,2,email
EFTA02408564.pdf,data-set-11-files-3,1,other
EFTA02408565.pdf,data-set-11-files-3,1,email
EFTA02408566.pdf,data-set-11-files-3,1,other
EFTA02408567.pdf,data-set-11-files-3,1,email
EFTA02408568.pdf,data-set-11-files-3,2,other
EFTA02408570.pdf,data-set-11-files-3,1,email
EFTA02408571.pdf,data-set-11-files-3,7,other
EFTA02408578.pdf,data-set-11-files-3,1,email
EFTA02408579.pdf,data-set-11-files-3,1,email
EFTA02408580.pdf,data-set-11-files-3,2,email
EFTA02408582.pdf,data-set-11-files-3,1,email
EFTA02408583.pdf,data-set-11-files-3,1,other
EFTA02408584.pdf,data-set-11-files-3,1,other
EFTA02408585.pdf,data-set-11-files-3,1,other
EFTA02408586.pdf,data-set-11-files-3,1,email
EFTA02408587.pdf,data-set-11-files-3,2,other
EFTA02408589.pdf,data-set-11-files-3,1,other
EFTA02408590.pdf,data-set-11-files-3,1,email
EFTA02408591.pdf,data-set-11-files-3,1,email
EFTA02408592.pdf,data-set-11-files-3,1,other
EFTA02408593.pdf,data-set-11-files-3,2,email
EFTA02408595.pdf,data-set-11-files-3,1,other
EFTA02408596.pdf,data-set-11-files-3,1,email
EFTA02408597.pdf,data-set-11-files-3,1,other
EFTA02408598.pdf,data-set-11-files-3,1,email
EFTA02408599.pdf,data-set-11-files-3,2,email
EFTA02408601.pdf,data-set-11-files-3,1,email
EFTA02408602.pdf,data-set-11-files-3,1,other
EFTA02408603.pdf,data-set-11-files-3,1,email
EFTA02408604.pdf,data-set-11-files-3,2,email
EFTA02408606.pdf,data-set-11-files-3,1,email
EFTA02408607.pdf,data-set-11-files-3,1,other
EFTA02408608.pdf,data-set-11-files-3,1,email
EFTA02408609.pdf,data-set-11-files-3,1,other
EFTA02408610.pdf,data-set-11-files-3,1,other
EFTA02408611.pdf,data-set-11-files-3,1,email
EFTA02408612.pdf,data-set-11-files-3,1,email
EFTA02408613.pdf,data-set-11-files-3,1,other
EFTA02408614.pdf,data-set-11-files-3,1,email
EFTA02408615.pdf,data-set-11-files-3,1,other
EFTA02408616.pdf,data-set-11-files-3,1,other
EFTA02408617.pdf,data-set-11-files-3,1,other
EFTA02408618.pdf,data-set-11-files-3,1,other
EFTA02408619.pdf,data-set-11-files-3,2,email
EFTA02408621.pdf,data-set-11-files-3,1,email
EFTA02408622.pdf,data-set-11-files-3,1,other
EFTA02408623.pdf,data-set-11-files-3,1,email
EFTA02408624.pdf,data-set-11-files-3,1,email
EFTA02408625.pdf,data-set-11-files-3,1,other
EFTA02408626.pdf,data-set-11-files-3,1,email
EFTA02408627.pdf,data-set-11-files-3,1,other
EFTA02408628.pdf,data-set-11-files-3,1,other
EFTA02408629.pdf,data-set-11-files-3,1,email
EFTA02408630.pdf,data-set-11-files-3,1,other
EFTA02408631.pdf,data-set-11-files-3,1,email
EFTA02408632.pdf,data-set-11-files-3,1,email
EFTA02408633.pdf,data-set-11-files-3,1,email
EFTA02408634.pdf,data-set-11-files-3,2,email
EFTA02408636.pdf,data-set-11-files-3,1,email
EFTA02408637.pdf,data-set-11-files-3,1,email
EFTA02408638.pdf,data-set-11-files-3,1,email
EFTA02408639.pdf,data-set-11-files-3,1,email
EFTA02408640.pdf,data-set-11-files-3,1,other
EFTA02408641.pdf,data-set-11-files-3,1,other
EFTA02408642.pdf,data-set-11-files-3,1,email
EFTA02408643.pdf,data-set-11-files-3,1,email
EFTA02408644.pdf,data-set-11-files-3,1,other
EFTA02408645.pdf,data-set-11-files-3,1,other
EFTA02408646.pdf,data-set-11-files-3,1,other
EFTA02408647.pdf,data-set-11-files-3,2,email
EFTA02408649.pdf,data-set-11-files-3,1,other
EFTA02408650.pdf,data-set-11-files-3,1,email
EFTA02408651.pdf,data-set-11-files-3,1,other
EFTA02408652.pdf,data-set-11-files-3,1,other
EFTA02408653.pdf,data-set-11-files-3,1,email
EFTA02408654.pdf,data-set-11-files-3,1,other
EFTA02408655.pdf,data-set-11-files-3,2,email
EFTA02408657.pdf,data-set-11-files-3,1,email
EFTA02408658.pdf,data-set-11-files-3,1,email
EFTA02408659.pdf,data-set-11-files-3,1,other
EFTA02408660.pdf,data-set-11-files-3,2,email
EFTA02408662.pdf,data-set-11-files-3,1,other
EFTA02408663.pdf,data-set-11-files-3,1,email
EFTA02408664.pdf,data-set-11-files-3,1,other
EFTA02408665.pdf,data-set-11-files-3,1,other
EFTA02408666.pdf,data-set-11-files-3,2,email
EFTA02408668.pdf,data-set-11-files-3,2,email
EFTA02408670.pdf,data-set-11-files-3,1,other
EFTA02408671.pdf,data-set-11-files-3,1,email
EFTA02408672.pdf,data-set-11-files-3,1,email
EFTA02408673.pdf,data-set-11-files-3,3,email
EFTA02408676.pdf,data-set-11-files-3,1,other
EFTA02408677.pdf,data-set-11-files-3,1,email
EFTA02408678.pdf,data-set-11-files-3,1,email
EFTA02408679.pdf,data-set-11-files-3,1,email
EFTA02408680.pdf,data-set-11-files-3,1,other
EFTA02408681.pdf,data-set-11-files-3,1,other
EFTA02408682.pdf,data-set-11-files-3,2,email
EFTA02408684.pdf,data-set-11-files-3,1,other
EFTA02408685.pdf,data-set-11-files-3,1,email
EFTA02408686.pdf,data-set-11-files-3,1,other
EFTA02408687.pdf,data-set-11-files-3,1,other
EFTA02408688.pdf,data-set-11-files-3,1,email
EFTA02408689.pdf,data-set-11-files-3,2,email
EFTA02408691.pdf,data-set-11-files-3,3,email
EFTA02408694.pdf,data-set-11-files-3,2,email
EFTA02408696.pdf,data-set-11-files-3,1,email
EFTA02408697.pdf,data-set-11-files-3,1,other
EFTA02408698.pdf,data-set-11-files-3,1,other
EFTA02408699.pdf,data-set-11-files-3,1,email
EFTA02408700.pdf,data-set-11-files-3,1,other
EFTA02408701.pdf,data-set-11-files-3,1,email
EFTA02408702.pdf,data-set-11-files-3,1,other
EFTA02408703.pdf,data-set-11-files-3,1,email
EFTA02408704.pdf,data-set-11-files-3,1,other
EFTA02408705.pdf,data-set-11-files-3,1,other
EFTA02408706.pdf,data-set-11-files-3,1,email
EFTA02408707.pdf,data-set-11-files-3,1,other
EFTA02408708.pdf,data-set-11-files-3,1,email
EFTA02408709.pdf,data-set-11-files-3,5,email
EFTA02408714.pdf,data-set-11-files-3,1,other
EFTA02408715.pdf,data-set-11-files-3,2,email
EFTA02408717.pdf,data-set-11-files-3,1,other
EFTA02408718.pdf,data-set-11-files-3,1,email
EFTA02408719.pdf,data-set-11-files-3,3,email
EFTA02408722.pdf,data-set-11-files-3,1,other
EFTA02408723.pdf,data-set-11-files-3,3,other
EFTA02408726.pdf,data-set-11-files-3,1,other
EFTA02408727.pdf,data-set-11-files-3,2,email
EFTA02408729.pdf,data-set-11-files-3,1,other
EFTA02408730.pdf,data-set-11-files-3,2,email
EFTA02408732.pdf,data-set-11-files-3,1,other
EFTA02408733.pdf,data-set-11-files-3,1,other
EFTA02408734.pdf,data-set-11-files-3,1,other
EFTA02408735.pdf,data-set-11-files-3,1,email
EFTA02408736.pdf,data-set-11-files-3,1,other
EFTA02408737.pdf,data-set-11-files-3,1,email
EFTA02408738.pdf,data-set-11-files-3,1,email
EFTA02408739.pdf,data-set-11-files-3,1,other
EFTA02408740.pdf,data-set-11-files-3,1,other
EFTA02408741.pdf,data-set-11-files-3,1,other
EFTA02408742.pdf,data-set-11-files-3,1,email
EFTA02408743.pdf,data-set-11-files-3,1,email
EFTA02408744.pdf,data-set-11-files-3,1,other
EFTA02408745.pdf,data-set-11-files-3,1,other
EFTA02408746.pdf,data-set-11-files-3,1,email
EFTA02408747.pdf,data-set-11-files-3,1,email
EFTA02408748.pdf,data-set-11-files-3,2,other
EFTA02408750.pdf,data-set-11-files-3,1,email
EFTA02408754.pdf,data-set-11-files-3,1,other
EFTA02408755.pdf,data-set-11-files-3,1,email
EFTA02408756.pdf,data-set-11-files-3,1,email
EFTA02408757.pdf,data-set-11-files-3,1,other
EFTA02408758.pdf,data-set-11-files-3,1,email
EFTA02408759.pdf,data-set-11-files-3,1,other
EFTA02408760.pdf,data-set-11-files-3,2,other
EFTA02408762.pdf,data-set-11-files-3,1,email
EFTA02408763.pdf,data-set-11-files-3,2,email
EFTA02408765.pdf,data-set-11-files-3,1,other
EFTA02408766.pdf,data-set-11-files-3,2,other
EFTA02408768.pdf,data-set-11-files-3,1,other
EFTA02408769.pdf,data-set-11-files-3,1,other
EFTA02408770.pdf,data-set-11-files-3,1,other
EFTA02408771.pdf,data-set-11-files-3,1,email
EFTA02408772.pdf,data-set-11-files-3,1,other
EFTA02408773.pdf,data-set-11-files-3,2,email
EFTA02408775.pdf,data-set-11-files-3,1,other
EFTA02408776.pdf,data-set-11-files-3,1,other
EFTA02408777.pdf,data-set-11-files-3,1,email
EFTA02408778.pdf,data-set-11-files-3,2,email
EFTA02408780.pdf,data-set-11-files-3,1,other
EFTA02408781.pdf,data-set-11-files-3,2,email
EFTA02408783.pdf,data-set-11-files-3,2,email
EFTA02408785.pdf,data-set-11-files-3,1,other
EFTA02408786.pdf,data-set-11-files-3,1,email
EFTA02408787.pdf,data-set-11-files-3,1,other
EFTA02408788.pdf,data-set-11-files-3,1,other
EFTA02408789.pdf,data-set-11-files-3,1,other
EFTA02408790.pdf,data-set-11-files-3,2,email
EFTA02408792.pdf,data-set-11-files-3,1,email
EFTA02408793.pdf,data-set-11-files-3,1,email
EFTA02408794.pdf,data-set-11-files-3,2,email
EFTA02408796.pdf,data-set-11-files-3,1,email
EFTA02408797.pdf,data-set-11-files-3,1,other
EFTA02408798.pdf,data-set-11-files-3,1,email
EFTA02408799.pdf,data-set-11-files-3,1,email
EFTA02408800.pdf,data-set-11-files-3,1,email
EFTA02408801.pdf,data-set-11-files-3,1,other
EFTA02408802.pdf,data-set-11-files-3,2,email
EFTA02408804.pdf,data-set-11-files-3,6,email
EFTA02408810.pdf,data-set-11-files-3,1,other
EFTA02408811.pdf,data-set-11-files-3,1,email
EFTA02408812.pdf,data-set-11-files-3,2,email
EFTA02408814.pdf,data-set-11-files-3,1,email
EFTA02408815.pdf,data-set-11-files-3,1,other
EFTA02408816.pdf,data-set-11-files-3,1,email
EFTA02408817.pdf,data-set-11-files-3,2,email
EFTA02408819.pdf,data-set-11-files-3,1,email
EFTA02408820.pdf,data-set-11-files-3,1,other
EFTA02408821.pdf,data-set-11-files-3,1,other
EFTA02408822.pdf,data-set-11-files-3,1,other
EFTA02408823.pdf,data-set-11-files-3,1,other
EFTA02408824.pdf,data-set-11-files-3,2,email
EFTA02408826.pdf,data-set-11-files-3,2,email
EFTA02408828.pdf,data-set-11-files-3,1,email
EFTA02408829.pdf,data-set-11-files-3,3,email
EFTA02408832.pdf,data-set-11-files-3,1,other
EFTA02408833.pdf,data-set-11-files-3,1,other
EFTA02408834.pdf,data-set-11-files-3,1,other
EFTA02408835.pdf,data-set-11-files-3,1,other
EFTA02408836.pdf,data-set-11-files-3,1,other
EFTA02408837.pdf,data-set-11-files-3,1,email
EFTA02408838.pdf,data-set-11-files-3,2,other
EFTA02408840.pdf,data-set-11-files-3,1,other
EFTA02408841.pdf,data-set-11-files-3,2,email
EFTA02408843.pdf,data-set-11-files-3,1,other
EFTA02408844.pdf,data-set-11-files-3,1,other
EFTA02408845.pdf,data-set-11-files-3,1,email
EFTA02408846.pdf,data-set-11-files-3,1,email
EFTA02408847.pdf,data-set-11-files-3,1,email
EFTA02408848.pdf,data-set-11-files-3,1,email
EFTA02408849.pdf,data-set-11-files-3,1,other
EFTA02408850.pdf,data-set-11-files-3,2,email
EFTA02408852.pdf,data-set-11-files-3,1,other
EFTA02408853.pdf,data-set-11-files-3,1,email
EFTA02408854.pdf,data-set-11-files-3,1,email
EFTA02408855.pdf,data-set-11-files-3,2,email
EFTA02408857.pdf,data-set-11-files-3,1,other
EFTA02408858.pdf,data-set-11-files-3,1,other
EFTA02408859.pdf,data-set-11-files-3,1,email
EFTA02408860.pdf,data-set-11-files-3,2,other
EFTA02408862.pdf,data-set-11-files-3,1,email
EFTA02408863.pdf,data-set-11-files-3,1,email
EFTA02408864.pdf,data-set-11-files-3,1,email
EFTA02408865.pdf,data-set-11-files-3,1,other
EFTA02408866.pdf,data-set-11-files-3,1,other
EFTA02408867.pdf,data-set-11-files-3,1,email
EFTA02408868.pdf,data-set-11-files-3,1,other
EFTA02408869.pdf,data-set-11-files-3,1,email
EFTA02408870.pdf,data-set-11-files-3,1,email
EFTA02408871.pdf,data-set-11-files-3,1,email
EFTA02408872.pdf,data-set-11-files-3,1,other
EFTA02408873.pdf,data-set-11-files-3,2,other
EFTA02408875.pdf,data-set-11-files-3,2,email
EFTA02408877.pdf,data-set-11-files-3,1,other
EFTA02408878.pdf,data-set-11-files-3,3,email
EFTA02408881.pdf,data-set-11-files-3,1,other
EFTA02408882.pdf,data-set-11-files-3,1,other
EFTA02408883.pdf,data-set-11-files-3,2,email
EFTA02408885.pdf,data-set-11-files-3,1,email
EFTA02408886.pdf,data-set-11-files-3,2,email
EFTA02408888.pdf,data-set-11-files-3,1,email
EFTA02408889.pdf,data-set-11-files-3,1,email
EFTA02408890.pdf,data-set-11-files-3,1,other
EFTA02408891.pdf,data-set-11-files-3,1,other
EFTA02408892.pdf,data-set-11-files-3,1,email
EFTA02408893.pdf,data-set-11-files-3,5,email
EFTA02408898.pdf,data-set-11-files-3,3,email
EFTA02408901.pdf,data-set-11-files-3,1,other
EFTA02408902.pdf,data-set-11-files-3,2,other
EFTA02408904.pdf,data-set-11-files-3,1,other
EFTA02408905.pdf,data-set-11-files-3,2,email
EFTA02408907.pdf,data-set-11-files-3,1,other
EFTA02408908.pdf,data-set-11-files-3,1,other
EFTA02408909.pdf,data-set-11-files-3,1,email
EFTA02408910.pdf,data-set-11-files-3,1,other
EFTA02408911.pdf,data-set-11-files-3,1,other
EFTA02408912.pdf,data-set-11-files-3,1,other
EFTA02408913.pdf,data-set-11-files-3,1,email
EFTA02408914.pdf,data-set-11-files-3,1,email
EFTA02408915.pdf,data-set-11-files-3,1,other
EFTA02408916.pdf,data-set-11-files-3,1,other
EFTA02408917.pdf,data-set-11-files-3,1,email
EFTA02408918.pdf,data-set-11-files-3,1,other
EFTA02408919.pdf,data-set-11-files-3,1,email
EFTA02408920.pdf,data-set-11-files-3,2,email
EFTA02408922.pdf,data-set-11-files-3,1,email
EFTA02408923.pdf,data-set-11-files-3,1,email
EFTA02408924.pdf,data-set-11-files-3,2,other
EFTA02408926.pdf,data-set-11-files-3,1,other
EFTA02408927.pdf,data-set-11-files-3,1,other
EFTA02408928.pdf,data-set-11-files-3,1,email
EFTA02408929.pdf,data-set-11-files-3,1,email
EFTA02408930.pdf,data-set-11-files-3,1,email
EFTA02408931.pdf,data-set-11-files-3,1,email
EFTA02408932.pdf,data-set-11-files-3,2,email
EFTA02408934.pdf,data-set-11-files-3,1,email
EFTA02408935.pdf,data-set-11-files-3,1,other
EFTA02408936.pdf,data-set-11-files-3,1,other
EFTA02408937.pdf,data-set-11-files-3,1,email
EFTA02408938.pdf,data-set-11-files-3,1,email
EFTA02408939.pdf,data-set-11-files-3,1,email
EFTA02408940.pdf,data-set-11-files-3,4,email
EFTA02408944.pdf,data-set-11-files-3,1,other
EFTA02408945.pdf,data-set-11-files-3,1,other
EFTA02408946.pdf,data-set-11-files-3,2,email
EFTA02408948.pdf,data-set-11-files-3,5,email
EFTA02408953.pdf,data-set-11-files-3,1,email
EFTA02408954.pdf,data-set-11-files-3,1,other
EFTA02408955.pdf,data-set-11-files-3,1,email
EFTA02408956.pdf,data-set-11-files-3,1,email
EFTA02408957.pdf,data-set-11-files-3,1,other
EFTA02408958.pdf,data-set-11-files-3,1,other
EFTA02408959.pdf,data-set-11-files-3,1,other
EFTA02408960.pdf,data-set-11-files-3,1,other
EFTA02408961.pdf,data-set-11-files-3,1,email
EFTA02408962.pdf,data-set-11-files-3,2,other
EFTA02408964.pdf,data-set-11-files-3,1,other
EFTA02408965.pdf,data-set-11-files-3,1,other
EFTA02408966.pdf,data-set-11-files-3,1,email
EFTA02408967.pdf,data-set-11-files-3,4,email
EFTA02408971.pdf,data-set-11-files-3,1,other
EFTA02408972.pdf,data-set-11-files-3,1,email
EFTA02408973.pdf,data-set-11-files-3,1,other
EFTA02408974.pdf,data-set-11-files-3,2,other
EFTA02408976.pdf,data-set-11-files-3,1,email
EFTA02408977.pdf,data-set-11-files-3,1,email
EFTA02408978.pdf,data-set-11-files-3,1,email
EFTA02408979.pdf,data-set-11-files-3,1,other
EFTA02408980.pdf,data-set-11-files-3,1,email
EFTA02408981.pdf,data-set-11-files-3,4,email
EFTA02408985.pdf,data-set-11-files-3,4,email
EFTA02408989.pdf,data-set-11-files-3,1,other
EFTA02408990.pdf,data-set-11-files-3,1,other
EFTA02408991.pdf,data-set-11-files-3,1,email
EFTA02408992.pdf,data-set-11-files-3,1,email
EFTA02408993.pdf,data-set-11-files-3,1,email
EFTA02408994.pdf,data-set-11-files-3,2,other
EFTA02408996.pdf,data-set-11-files-3,1,email
EFTA02408997.pdf,data-set-11-files-3,5,email
EFTA02409002.pdf,data-set-11-files-3,1,email
EFTA02409003.pdf,data-set-11-files-3,1,other
EFTA02409004.pdf,data-set-11-files-3,1,email
EFTA02409005.pdf,data-set-11-files-3,1,other
EFTA02409006.pdf,data-set-11-files-3,1,other
EFTA02409007.pdf,data-set-11-files-3,1,email
EFTA02409008.pdf,data-set-11-files-3,1,other
EFTA02409009.pdf,data-set-11-files-3,1,other
EFTA02409010.pdf,data-set-11-files-3,1,other
EFTA02409011.pdf,data-set-11-files-3,1,email
EFTA02409012.pdf,data-set-11-files-3,1,other
EFTA02409013.pdf,data-set-11-files-3,1,other
EFTA02409014.pdf,data-set-11-files-3,1,other
EFTA02409015.pdf,data-set-11-files-3,1,other
EFTA02409016.pdf,data-set-11-files-3,3,other
EFTA02409019.pdf,data-set-11-files-3,1,email
EFTA02409020.pdf,data-set-11-files-3,1,email
EFTA02409021.pdf,data-set-11-files-3,2,email
EFTA02409023.pdf,data-set-11-files-3,1,other
EFTA02409024.pdf,data-set-11-files-3,1,email
EFTA02409025.pdf,data-set-11-files-3,1,email
EFTA02409026.pdf,data-set-11-files-3,1,other
EFTA02409027.pdf,data-set-11-files-3,1,other
EFTA02409028.pdf,data-set-11-files-3,3,other
EFTA02409031.pdf,data-set-11-files-3,1,email
EFTA02409032.pdf,data-set-11-files-3,3,email
EFTA02409035.pdf,data-set-11-files-3,1,email
EFTA02409036.pdf,data-set-11-files-3,2,email
EFTA02409038.pdf,data-set-11-files-3,2,email
EFTA02409040.pdf,data-set-11-files-3,1,other
EFTA02409041.pdf,data-set-11-files-3,1,other
EFTA02409042.pdf,data-set-11-files-3,1,email
EFTA02409043.pdf,data-set-11-files-3,1,email
EFTA02409044.pdf,data-set-11-files-3,1,other
EFTA02409045.pdf,data-set-11-files-3,1,email
EFTA02409046.pdf,data-set-11-files-3,1,other
EFTA02409047.pdf,data-set-11-files-3,1,other
EFTA02409048.pdf,data-set-11-files-3,1,other
EFTA02409049.pdf,data-set-11-files-3,1,other
EFTA02409050.pdf,data-set-11-files-3,1,other
EFTA02409051.pdf,data-set-11-files-3,1,email
EFTA02409052.pdf,data-set-11-files-3,2,email
EFTA02409054.pdf,data-set-11-files-3,1,other
EFTA02409055.pdf,data-set-11-files-3,1,email
EFTA02409056.pdf,data-set-11-files-3,1,other
EFTA02409057.pdf,data-set-11-files-3,1,email
EFTA02409058.pdf,data-set-11-files-3,1,other
EFTA02409059.pdf,data-set-11-files-3,1,email
EFTA02409060.pdf,data-set-11-files-3,2,other
EFTA02409062.pdf,data-set-11-files-3,1,email
EFTA02409063.pdf,data-set-11-files-3,1,email
EFTA02409064.pdf,data-set-11-files-3,1,other
EFTA02409065.pdf,data-set-11-files-3,1,email
EFTA02409066.pdf,data-set-11-files-3,1,other
EFTA02409067.pdf,data-set-11-files-3,1,email
EFTA02409068.pdf,data-set-11-files-3,1,other
EFTA02409069.pdf,data-set-11-files-3,1,other
EFTA02409070.pdf,data-set-11-files-3,1,email
EFTA02409071.pdf,data-set-11-files-3,2,email
EFTA02409073.pdf,data-set-11-files-3,2,other
EFTA02409075.pdf,data-set-11-files-3,1,other
EFTA02409076.pdf,data-set-11-files-3,1,other
EFTA02409077.pdf,data-set-11-files-3,1,email
EFTA02409078.pdf,data-set-11-files-3,1,other
EFTA02409079.pdf,data-set-11-files-3,1,other
EFTA02409080.pdf,data-set-11-files-3,2,email
EFTA02409082.pdf,data-set-11-files-3,1,email
EFTA02409083.pdf,data-set-11-files-3,1,email
EFTA02409084.pdf,data-set-11-files-3,1,other
EFTA02409085.pdf,data-set-11-files-3,1,email
EFTA02409086.pdf,data-set-11-files-3,1,other
EFTA02409087.pdf,data-set-11-files-3,1,other
EFTA02409088.pdf,data-set-11-files-3,1,other
EFTA02409089.pdf,data-set-11-files-3,1,other
EFTA02409090.pdf,data-set-11-files-3,1,other
EFTA02409091.pdf,data-set-11-files-3,1,email
EFTA02409092.pdf,data-set-11-files-3,1,other
EFTA02409093.pdf,data-set-11-files-3,1,email
EFTA02409094.pdf,data-set-11-files-3,1,email
EFTA02409095.pdf,data-set-11-files-3,1,other
EFTA02409096.pdf,data-set-11-files-3,1,other
EFTA02409097.pdf,data-set-11-files-3,1,email
EFTA02409098.pdf,data-set-11-files-3,2,email
EFTA02409100.pdf,data-set-11-files-3,1,other
EFTA02409101.pdf,data-set-11-files-3,1,other
EFTA02409102.pdf,data-set-11-files-3,1,email
EFTA02409103.pdf,data-set-11-files-3,1,other
EFTA02409104.pdf,data-set-11-files-3,2,email
EFTA02409106.pdf,data-set-11-files-3,1,other
EFTA02409107.pdf,data-set-11-files-3,1,email
EFTA02409108.pdf,data-set-11-files-3,1,email
EFTA02409109.pdf,data-set-11-files-3,1,email
EFTA02409110.pdf,data-set-11-files-3,1,other
EFTA02409111.pdf,data-set-11-files-3,1,other
EFTA02409112.pdf,data-set-11-files-3,1,email
EFTA02409113.pdf,data-set-11-files-3,1,email
EFTA02409114.pdf,data-set-11-files-3,4,email
EFTA02409118.pdf,data-set-11-files-3,5,email
EFTA02409123.pdf,data-set-11-files-3,1,other
EFTA02409124.pdf,data-set-11-files-3,1,email
EFTA02409125.pdf,data-set-11-files-3,1,email
EFTA02409126.pdf,data-set-11-files-3,1,email
EFTA02409127.pdf,data-set-11-files-3,1,other
EFTA02409128.pdf,data-set-11-files-3,1,email
EFTA02409129.pdf,data-set-11-files-3,1,email
EFTA02409130.pdf,data-set-11-files-3,1,other
EFTA02409131.pdf,data-set-11-files-3,1,other
EFTA02409132.pdf,data-set-11-files-3,1,other
EFTA02409133.pdf,data-set-11-files-3,1,email
EFTA02409134.pdf,data-set-11-files-3,1,other
EFTA02409135.pdf,data-set-11-files-3,1,other
EFTA02409136.pdf,data-set-11-files-3,1,email
EFTA02409137.pdf,data-set-11-files-3,1,other
EFTA02409138.pdf,data-set-11-files-3,1,other
EFTA02409139.pdf,data-set-11-files-3,1,other
EFTA02409140.pdf,data-set-11-files-3,1,other
EFTA02409141.pdf,data-set-11-files-3,1,email
EFTA02409142.pdf,data-set-11-files-3,1,email
EFTA02409143.pdf,data-set-11-files-3,1,email
EFTA02409144.pdf,data-set-11-files-3,1,email
EFTA02409145.pdf,data-set-11-files-3,2,email
EFTA02409147.pdf,data-set-11-files-3,1,email
EFTA02409148.pdf,data-set-11-files-3,3,email
EFTA02409151.pdf,data-set-11-files-3,5,email
EFTA02409156.pdf,data-set-11-files-3,1,other
EFTA02409157.pdf,data-set-11-files-3,1,other
EFTA02409158.pdf,data-set-11-files-3,1,email
EFTA02409159.pdf,data-set-11-files-3,2,other
EFTA02409161.pdf,data-set-11-files-3,1,other
EFTA02409162.pdf,data-set-11-files-3,1,email
EFTA02409163.pdf,data-set-11-files-3,2,email
EFTA02409165.pdf,data-set-11-files-3,1,email
EFTA02409166.pdf,data-set-11-files-3,1,other
EFTA02409167.pdf,data-set-11-files-3,1,email
EFTA02409168.pdf,data-set-11-files-3,1,email
EFTA02409169.pdf,data-set-11-files-3,2,other
EFTA02409171.pdf,data-set-11-files-3,2,email
EFTA02409173.pdf,data-set-11-files-3,1,other
EFTA02409174.pdf,data-set-11-files-3,1,other
EFTA02409175.pdf,data-set-11-files-3,1,other
EFTA02409176.pdf,data-set-11-files-3,1,email
EFTA02409177.pdf,data-set-11-files-3,1,email
EFTA02409178.pdf,data-set-11-files-3,1,other
EFTA02409179.pdf,data-set-11-files-3,1,other
EFTA02409180.pdf,data-set-11-files-3,1,other
EFTA02409181.pdf,data-set-11-files-3,1,other
EFTA02409182.pdf,data-set-11-files-3,1,other
EFTA02409183.pdf,data-set-11-files-3,1,other
EFTA02409184.pdf,data-set-11-files-3,1,other
EFTA02409185.pdf,data-set-11-files-3,2,email
EFTA02409187.pdf,data-set-11-files-3,1,other
EFTA02409188.pdf,data-set-11-files-3,1,other
EFTA02409189.pdf,data-set-11-files-3,1,other
EFTA02409190.pdf,data-set-11-files-3,1,other
EFTA02409191.pdf,data-set-11-files-3,1,other
EFTA02409192.pdf,data-set-11-files-3,1,other
EFTA02409193.pdf,data-set-11-files-3,1,other
EFTA02409194.pdf,data-set-11-files-3,1,other
EFTA02409195.pdf,data-set-11-files-3,5,email
EFTA02409200.pdf,data-set-11-files-3,1,email
EFTA02409201.pdf,data-set-11-files-3,1,email
EFTA02409202.pdf,data-set-11-files-3,1,other
EFTA02409203.pdf,data-set-11-files-3,1,email
EFTA02409204.pdf,data-set-11-files-3,2,email
EFTA02409206.pdf,data-set-11-files-3,3,email
EFTA02409209.pdf,data-set-11-files-3,1,other
EFTA02409210.pdf,data-set-11-files-3,1,other
EFTA02409211.pdf,data-set-11-files-3,1,email
EFTA02409212.pdf,data-set-11-files-3,1,other
EFTA02409213.pdf,data-set-11-files-3,1,other
EFTA02409214.pdf,data-set-11-files-3,1,email
EFTA02409215.pdf,data-set-11-files-3,1,email
EFTA02409216.pdf,data-set-11-files-3,1,other
EFTA02409217.pdf,data-set-11-files-3,1,email
EFTA02409218.pdf,data-set-11-files-3,5,email
EFTA02409223.pdf,data-set-11-files-3,1,other
EFTA02409224.pdf,data-set-11-files-3,1,other
EFTA02409225.pdf,data-set-11-files-3,1,other
EFTA02409226.pdf,data-set-11-files-3,1,email
EFTA02409227.pdf,data-set-11-files-3,1,email
EFTA02409228.pdf,data-set-11-files-3,2,email
EFTA02409230.pdf,data-set-11-files-3,1,email
EFTA02409231.pdf,data-set-11-files-3,2,email
EFTA02409233.pdf,data-set-11-files-3,1,email
EFTA02409234.pdf,data-set-11-files-3,1,email
EFTA02409235.pdf,data-set-11-files-3,1,email
EFTA02409236.pdf,data-set-11-files-3,2,email
EFTA02409238.pdf,data-set-11-files-3,1,other
EFTA02409239.pdf,data-set-11-files-3,1,email
EFTA02409240.pdf,data-set-11-files-3,2,email
EFTA02409242.pdf,data-set-11-files-3,1,other
EFTA02409243.pdf,data-set-11-files-3,1,email
EFTA02409244.pdf,data-set-11-files-3,1,other
EFTA02409245.pdf,data-set-11-files-3,1,email
EFTA02409246.pdf,data-set-11-files-3,1,email
EFTA02409247.pdf,data-set-11-files-3,1,email
EFTA02409248.pdf,data-set-11-files-3,1,email
EFTA02409249.pdf,data-set-11-files-3,1,other
EFTA02409250.pdf,data-set-11-files-3,1,other
EFTA02409251.pdf,data-set-11-files-3,1,email
EFTA02409252.pdf,data-set-11-files-3,2,email
EFTA02409254.pdf,data-set-11-files-3,1,other
EFTA02409255.pdf,data-set-11-files-3,1,other
EFTA02409256.pdf,data-set-11-files-3,3,email
EFTA02409259.pdf,data-set-11-files-3,1,email
EFTA02409260.pdf,data-set-11-files-3,2,email
EFTA02409262.pdf,data-set-11-files-3,1,other
EFTA02409263.pdf,data-set-11-files-3,2,other
EFTA02409265.pdf,data-set-11-files-3,3,email
EFTA02409268.pdf,data-set-11-files-3,1,email
EFTA02409269.pdf,data-set-11-files-3,1,email
EFTA02409270.pdf,data-set-11-files-3,1,email
EFTA02409271.pdf,data-set-11-files-3,2,other
EFTA02409273.pdf,data-set-11-files-3,1,other
EFTA02409274.pdf,data-set-11-files-3,1,other
EFTA02409275.pdf,data-set-11-files-3,1,other
EFTA02409276.pdf,data-set-11-files-3,1,other
EFTA02409277.pdf,data-set-11-files-3,1,email
EFTA02409278.pdf,data-set-11-files-3,1,email
EFTA02409279.pdf,data-set-11-files-3,1,email
EFTA02409280.pdf,data-set-11-files-3,1,other
EFTA02409281.pdf,data-set-11-files-3,1,email
EFTA02409282.pdf,data-set-11-files-3,1,other
EFTA02409283.pdf,data-set-11-files-3,1,other
EFTA02409284.pdf,data-set-11-files-3,1,other
EFTA02409285.pdf,data-set-11-files-3,1,email
EFTA02409286.pdf,data-set-11-files-3,1,email
EFTA02409287.pdf,data-set-11-files-3,1,email
EFTA02409288.pdf,data-set-11-files-3,1,email
EFTA02409289.pdf,data-set-11-files-3,1,email
EFTA02409290.pdf,data-set-11-files-3,1,email
EFTA02409291.pdf,data-set-11-files-3,1,email
EFTA02409292.pdf,data-set-11-files-3,2,email
EFTA02409294.pdf,data-set-11-files-3,2,email
EFTA02409296.pdf,data-set-11-files-3,1,other
EFTA02409297.pdf,data-set-11-files-3,1,email
EFTA02409298.pdf,data-set-11-files-3,1,other
EFTA02409299.pdf,data-set-11-files-3,1,email
EFTA02409300.pdf,data-set-11-files-3,3,email
EFTA02409303.pdf,data-set-11-files-3,1,email
EFTA02409304.pdf,data-set-11-files-3,1,email
EFTA02409305.pdf,data-set-11-files-3,1,other
EFTA02409306.pdf,data-set-11-files-3,1,email
EFTA02409307.pdf,data-set-11-files-3,1,email
EFTA02409308.pdf,data-set-11-files-3,1,email
EFTA02409309.pdf,data-set-11-files-3,1,email
EFTA02409310.pdf,data-set-11-files-3,1,other
EFTA02409311.pdf,data-set-11-files-3,1,other
EFTA02409312.pdf,data-set-11-files-3,1,email
EFTA02409313.pdf,data-set-11-files-3,1,other
EFTA02409314.pdf,data-set-11-files-3,1,other
EFTA02409315.pdf,data-set-11-files-3,1,email
EFTA02409316.pdf,data-set-11-files-3,1,email
EFTA02409317.pdf,data-set-11-files-3,2,email
EFTA02409319.pdf,data-set-11-files-3,1,other
EFTA02409320.pdf,data-set-11-files-3,1,other
EFTA02409321.pdf,data-set-11-files-3,1,other
EFTA02409322.pdf,data-set-11-files-3,1,other
EFTA02409323.pdf,data-set-11-files-3,1,email
EFTA02409324.pdf,data-set-11-files-3,1,email
EFTA02409325.pdf,data-set-11-files-3,1,email
EFTA02409326.pdf,data-set-11-files-3,1,other
EFTA02409327.pdf,data-set-11-files-3,1,email
EFTA02409328.pdf,data-set-11-files-3,1,other
EFTA02409329.pdf,data-set-11-files-3,1,other
EFTA02409330.pdf,data-set-11-files-3,1,other
EFTA02409331.pdf,data-set-11-files-3,1,other
EFTA02409332.pdf,data-set-11-files-3,1,email
EFTA02409333.pdf,data-set-11-files-3,1,other
EFTA02409334.pdf,data-set-11-files-3,1,email
EFTA02409335.pdf,data-set-11-files-3,1,email
EFTA02409336.pdf,data-set-11-files-3,1,other
EFTA02409337.pdf,data-set-11-files-3,2,email
EFTA02409339.pdf,data-set-11-files-3,1,other
EFTA02409340.pdf,data-set-11-files-3,1,other
EFTA02409341.pdf,data-set-11-files-3,1,other
EFTA02409342.pdf,data-set-11-files-3,1,other
EFTA02409343.pdf,data-set-11-files-3,2,email
EFTA02409345.pdf,data-set-11-files-3,2,other
EFTA02409347.pdf,data-set-11-files-3,1,other
EFTA02409348.pdf,data-set-11-files-3,1,other
EFTA02409349.pdf,data-set-11-files-3,1,email
EFTA02409350.pdf,data-set-11-files-3,1,other
EFTA02409351.pdf,data-set-11-files-3,1,email
EFTA02409352.pdf,data-set-11-files-3,1,email
EFTA02409353.pdf,data-set-11-files-3,5,email
EFTA02409358.pdf,data-set-11-files-3,1,email
EFTA02409359.pdf,data-set-11-files-3,1,email
EFTA02409360.pdf,data-set-11-files-3,1,email
EFTA02409361.pdf,data-set-11-files-3,1,other
EFTA02409362.pdf,data-set-11-files-3,1,other
EFTA02409363.pdf,data-set-11-files-3,2,email
EFTA02409365.pdf,data-set-11-files-3,1,other
EFTA02409366.pdf,data-set-11-files-3,1,other
EFTA02409367.pdf,data-set-11-files-3,1,email
EFTA02409368.pdf,data-set-11-files-3,1,other
EFTA02409369.pdf,data-set-11-files-3,1,email
EFTA02409370.pdf,data-set-11-files-3,1,other
EFTA02409371.pdf,data-set-11-files-3,1,other
EFTA02409372.pdf,data-set-11-files-3,1,other
EFTA02409373.pdf,data-set-11-files-3,1,email
EFTA02409374.pdf,data-set-11-files-3,1,email
EFTA02409375.pdf,data-set-11-files-3,1,email
EFTA02409376.pdf,data-set-11-files-3,1,email
EFTA02409377.pdf,data-set-11-files-3,1,other
EFTA02409378.pdf,data-set-11-files-3,1,other
EFTA02409379.pdf,data-set-11-files-3,1,email
EFTA02409380.pdf,data-set-11-files-3,1,email
EFTA02409381.pdf,data-set-11-files-3,1,email
EFTA02409382.pdf,data-set-11-files-3,1,other
EFTA02409383.pdf,data-set-11-files-3,1,other
EFTA02409384.pdf,data-set-11-files-3,1,other
EFTA02409385.pdf,data-set-11-files-3,1,other
EFTA02409386.pdf,data-set-11-files-3,1,other
EFTA02409387.pdf,data-set-11-files-3,1,email
EFTA02409388.pdf,data-set-11-files-3,1,email
EFTA02409389.pdf,data-set-11-files-3,1,other
EFTA02409390.pdf,data-set-11-files-3,1,email
EFTA02409391.pdf,data-set-11-files-3,1,email
EFTA02409392.pdf,data-set-11-files-3,1,email
EFTA02409393.pdf,data-set-11-files-3,2,email
EFTA02409395.pdf,data-set-11-files-3,1,other
EFTA02409396.pdf,data-set-11-files-3,1,other
EFTA02409397.pdf,data-set-11-files-3,1,other
EFTA02409398.pdf,data-set-11-files-3,1,other
EFTA02409399.pdf,data-set-11-files-3,1,email
EFTA02409400.pdf,data-set-11-files-3,1,email
EFTA02409401.pdf,data-set-11-files-3,1,other
EFTA02409402.pdf,data-set-11-files-3,1,email
EFTA02409403.pdf,data-set-11-files-3,1,email
EFTA02409404.pdf,data-set-11-files-3,1,other
EFTA02409405.pdf,data-set-11-files-3,1,email
EFTA02409406.pdf,data-set-11-files-3,2,other
EFTA02409408.pdf,data-set-11-files-3,1,email
EFTA02409409.pdf,data-set-11-files-3,2,email
EFTA02409411.pdf,data-set-11-files-3,1,other
EFTA02409412.pdf,data-set-11-files-3,1,email
EFTA02409413.pdf,data-set-11-files-3,1,email
EFTA02409414.pdf,data-set-11-files-3,1,email
EFTA02409415.pdf,data-set-11-files-3,2,email
EFTA02409417.pdf,data-set-11-files-3,1,email
EFTA02409418.pdf,data-set-11-files-3,1,other
EFTA02409419.pdf,data-set-11-files-3,1,email
EFTA02409420.pdf,data-set-11-files-3,1,email
EFTA02409421.pdf,data-set-11-files-3,1,email
EFTA02409422.pdf,data-set-11-files-3,1,email
EFTA02409423.pdf,data-set-11-files-3,1,other
EFTA02409424.pdf,data-set-11-files-3,1,email
EFTA02409425.pdf,data-set-11-files-3,2,email
EFTA02409427.pdf,data-set-11-files-3,1,email
EFTA02409428.pdf,data-set-11-files-3,1,email
EFTA02409429.pdf,data-set-11-files-3,1,email
EFTA02409430.pdf,data-set-11-files-3,1,email
EFTA02409431.pdf,data-set-11-files-3,1,other
EFTA02409432.pdf,data-set-11-files-3,1,email
EFTA02409433.pdf,data-set-11-files-3,1,email
EFTA02409434.pdf,data-set-11-files-3,1,other
EFTA02409435.pdf,data-set-11-files-3,1,other
EFTA02409436.pdf,data-set-11-files-3,1,other
EFTA02409437.pdf,data-set-11-files-3,1,other
EFTA02409438.pdf,data-set-11-files-3,1,email
EFTA02409439.pdf,data-set-11-files-3,1,email
EFTA02409440.pdf,data-set-11-files-3,2,email
EFTA02409442.pdf,data-set-11-files-3,2,email
EFTA02409444.pdf,data-set-11-files-3,1,other
EFTA02409445.pdf,data-set-11-files-3,1,other
EFTA02409446.pdf,data-set-11-files-3,1,other
EFTA02409447.pdf,data-set-11-files-3,1,email
EFTA02409448.pdf,data-set-11-files-3,1,other
EFTA02409449.pdf,data-set-11-files-3,1,other
EFTA02409450.pdf,data-set-11-files-3,1,email
EFTA02409451.pdf,data-set-11-files-3,1,other
EFTA02409452.pdf,data-set-11-files-3,1,email
EFTA02409453.pdf,data-set-11-files-3,1,other
EFTA02409454.pdf,data-set-11-files-3,1,other
EFTA02409455.pdf,data-set-11-files-3,1,email
EFTA02409456.pdf,data-set-11-files-3,1,email
EFTA02409457.pdf,data-set-11-files-3,1,other
EFTA02409458.pdf,data-set-11-files-3,1,email
EFTA02409459.pdf,data-set-11-files-3,1,email
EFTA02409460.pdf,data-set-11-files-3,1,other
EFTA02409461.pdf,data-set-11-files-3,1,other
EFTA02409462.pdf,data-set-11-files-3,1,other
EFTA02409463.pdf,data-set-11-files-3,1,other
EFTA02409464.pdf,data-set-11-files-3,1,email
EFTA02409465.pdf,data-set-11-files-3,1,email
EFTA02409466.pdf,data-set-11-files-3,1,email
EFTA02409467.pdf,data-set-11-files-3,1,email
EFTA02409468.pdf,data-set-11-files-3,2,other
EFTA02409470.pdf,data-set-11-files-3,1,other
EFTA02409471.pdf,data-set-11-files-3,1,email
EFTA02409472.pdf,data-set-11-files-3,1,email
EFTA02409473.pdf,data-set-11-files-3,1,email
EFTA02409474.pdf,data-set-11-files-3,1,other
EFTA02409475.pdf,data-set-11-files-3,3,email
EFTA02409478.pdf,data-set-11-files-3,1,other
EFTA02409479.pdf,data-set-11-files-3,1,email
EFTA02409480.pdf,data-set-11-files-3,2,email
EFTA02409482.pdf,data-set-11-files-3,1,email
EFTA02409483.pdf,data-set-11-files-3,1,email
EFTA02409484.pdf,data-set-11-files-3,1,other
EFTA02409485.pdf,data-set-11-files-3,1,other
EFTA02409486.pdf,data-set-11-files-3,1,other
EFTA02409487.pdf,data-set-11-files-3,1,email
EFTA02409488.pdf,data-set-11-files-3,1,other
EFTA02409489.pdf,data-set-11-files-3,1,email
EFTA02409490.pdf,data-set-11-files-3,1,other
EFTA02409491.pdf,data-set-11-files-3,2,email
EFTA02409493.pdf,data-set-11-files-3,1,other
EFTA02409494.pdf,data-set-11-files-3,1,email
EFTA02409495.pdf,data-set-11-files-3,1,email
EFTA02409496.pdf,data-set-11-files-3,1,other
EFTA02409497.pdf,data-set-11-files-3,1,other
EFTA02409498.pdf,data-set-11-files-3,2,other
EFTA02409500.pdf,data-set-11-files-3,1,other
EFTA02409501.pdf,data-set-11-files-3,1,email
EFTA02409502.pdf,data-set-11-files-3,2,email
EFTA02409504.pdf,data-set-11-files-3,1,email
EFTA02409505.pdf,data-set-11-files-3,1,other
EFTA02409506.pdf,data-set-11-files-3,1,email
EFTA02409507.pdf,data-set-11-files-3,1,email
EFTA02409508.pdf,data-set-11-files-3,3,email
EFTA02409511.pdf,data-set-11-files-3,2,email
EFTA02409513.pdf,data-set-11-files-3,1,email
EFTA02409514.pdf,data-set-11-files-3,1,email
EFTA02409515.pdf,data-set-11-files-3,1,email
EFTA02409516.pdf,data-set-11-files-3,1,email
EFTA02409517.pdf,data-set-11-files-3,1,email
EFTA02409518.pdf,data-set-11-files-3,1,other
EFTA02409519.pdf,data-set-11-files-3,1,other
EFTA02409520.pdf,data-set-11-files-3,1,email
EFTA02409521.pdf,data-set-11-files-3,1,email
EFTA02409522.pdf,data-set-11-files-3,1,other
EFTA02409523.pdf,data-set-11-files-3,1,other
EFTA02409524.pdf,data-set-11-files-3,1,other
EFTA02409525.pdf,data-set-11-files-3,2,email
EFTA02409527.pdf,data-set-11-files-3,1,other
EFTA02409528.pdf,data-set-11-files-3,3,email
EFTA02409531.pdf,data-set-11-files-3,1,email
EFTA02409532.pdf,data-set-11-files-3,1,other
EFTA02409533.pdf,data-set-11-files-3,1,other
EFTA02409534.pdf,data-set-11-files-3,1,email
EFTA02409535.pdf,data-set-11-files-3,1,email
EFTA02409536.pdf,data-set-11-files-3,1,other
EFTA02409537.pdf,data-set-11-files-3,1,email
EFTA02409538.pdf,data-set-11-files-3,1,email
EFTA02409539.pdf,data-set-11-files-3,2,email
EFTA02409541.pdf,data-set-11-files-3,1,other
EFTA02409542.pdf,data-set-11-files-3,1,email
EFTA02409543.pdf,data-set-11-files-3,1,email
EFTA02409544.pdf,data-set-11-files-3,1,email
EFTA02409545.pdf,data-set-11-files-3,1,email
EFTA02409546.pdf,data-set-11-files-3,3,email
EFTA02409549.pdf,data-set-11-files-3,1,email
EFTA02409550.pdf,data-set-11-files-3,1,other
EFTA02409551.pdf,data-set-11-files-3,1,email
EFTA02409552.pdf,data-set-11-files-3,1,other
EFTA02409553.pdf,data-set-11-files-3,1,email
EFTA02409554.pdf,data-set-11-files-3,1,other
EFTA02409555.pdf,data-set-11-files-3,1,other
EFTA02409556.pdf,data-set-11-files-3,1,other
EFTA02409557.pdf,data-set-11-files-3,3,email
EFTA02409560.pdf,data-set-11-files-3,2,email
EFTA02409562.pdf,data-set-11-files-3,2,email
EFTA02409564.pdf,data-set-11-files-3,1,other
EFTA02409565.pdf,data-set-11-files-3,4,email
EFTA02409569.pdf,data-set-11-files-3,1,other
EFTA02409570.pdf,data-set-11-files-3,2,email
EFTA02409572.pdf,data-set-11-files-3,2,email
EFTA02409574.pdf,data-set-11-files-3,1,email
EFTA02409575.pdf,data-set-11-files-3,1,other
EFTA02409576.pdf,data-set-11-files-3,1,other
EFTA02409577.pdf,data-set-11-files-3,1,other
EFTA02409578.pdf,data-set-11-files-3,1,other
EFTA02409579.pdf,data-set-11-files-3,1,other
EFTA02409580.pdf,data-set-11-files-3,1,email
EFTA02409581.pdf,data-set-11-files-3,1,email
EFTA02409582.pdf,data-set-11-files-3,1,email
EFTA02409583.pdf,data-set-11-files-3,1,email
EFTA02409584.pdf,data-set-11-files-3,1,email
EFTA02409585.pdf,data-set-11-files-3,2,email
EFTA02409587.pdf,data-set-11-files-3,1,email
EFTA02409588.pdf,data-set-11-files-3,1,other
EFTA02409589.pdf,data-set-11-files-3,2,email
EFTA02409591.pdf,data-set-11-files-3,1,email
EFTA02409592.pdf,data-set-11-files-3,1,email
EFTA02409593.pdf,data-set-11-files-3,2,email
EFTA02409595.pdf,data-set-11-files-3,1,other
EFTA02409596.pdf,data-set-11-files-3,1,other
EFTA02409597.pdf,data-set-11-files-3,1,email
EFTA02409598.pdf,data-set-11-files-3,2,email
EFTA02409600.pdf,data-set-11-files-3,1,other
EFTA02409601.pdf,data-set-11-files-3,1,email
EFTA02409602.pdf,data-set-11-files-3,1,email
EFTA02409603.pdf,data-set-11-files-3,1,other
EFTA02409604.pdf,data-set-11-files-3,1,other
EFTA02409605.pdf,data-set-11-files-3,1,email
EFTA02409606.pdf,data-set-11-files-3,1,email
EFTA02409607.pdf,data-set-11-files-3,1,email
EFTA02409608.pdf,data-set-11-files-3,1,other
EFTA02409609.pdf,data-set-11-files-3,1,other
EFTA02409610.pdf,data-set-11-files-3,1,email
EFTA02409611.pdf,data-set-11-files-3,1,email
EFTA02409612.pdf,data-set-11-files-3,1,email
EFTA02409613.pdf,data-set-11-files-3,1,other
EFTA02409614.pdf,data-set-11-files-3,2,email
EFTA02409616.pdf,data-set-11-files-3,1,other
EFTA02409617.pdf,data-set-11-files-3,1,email
EFTA02409618.pdf,data-set-11-files-3,2,email
EFTA02409620.pdf,data-set-11-files-3,1,email
EFTA02409621.pdf,data-set-11-files-3,2,email
EFTA02409623.pdf,data-set-11-files-3,3,email
EFTA02409626.pdf,data-set-11-files-3,1,other
EFTA02409627.pdf,data-set-11-files-3,1,email
EFTA02409628.pdf,data-set-11-files-3,1,email
EFTA02409629.pdf,data-set-11-files-3,2,email
EFTA02409631.pdf,data-set-11-files-3,1,email
EFTA02409632.pdf,data-set-11-files-3,1,other
EFTA02409633.pdf,data-set-11-files-3,1,other
EFTA02409634.pdf,data-set-11-files-3,1,email
EFTA02409635.pdf,data-set-11-files-3,1,other
EFTA02409636.pdf,data-set-11-files-3,1,email
EFTA02409637.pdf,data-set-11-files-3,1,email
EFTA02409638.pdf,data-set-11-files-3,1,other
EFTA02409639.pdf,data-set-11-files-3,1,other
EFTA02409640.pdf,data-set-11-files-3,1,email
EFTA02409641.pdf,data-set-11-files-3,1,email
EFTA02409642.pdf,data-set-11-files-3,4,email
EFTA02409646.pdf,data-set-11-files-3,1,email
EFTA02409647.pdf,data-set-11-files-3,1,email
EFTA02409648.pdf,data-set-11-files-3,1,email
EFTA02409649.pdf,data-set-11-files-3,1,other
EFTA02409650.pdf,data-set-11-files-3,3,email
EFTA02409653.pdf,data-set-11-files-3,1,other
EFTA02409654.pdf,data-set-11-files-3,2,email
EFTA02409656.pdf,data-set-11-files-3,3,other
EFTA02409659.pdf,data-set-11-files-3,1,other
EFTA02409660.pdf,data-set-11-files-3,1,other
EFTA02409661.pdf,data-set-11-files-3,1,other
EFTA02409662.pdf,data-set-11-files-3,1,other
EFTA02409663.pdf,data-set-11-files-3,1,email
EFTA02409664.pdf,data-set-11-files-3,1,email
EFTA02409665.pdf,data-set-11-files-3,1,email
EFTA02409666.pdf,data-set-11-files-3,1,email
EFTA02409667.pdf,data-set-11-files-3,3,email
EFTA02409670.pdf,data-set-11-files-3,2,other
EFTA02409672.pdf,data-set-11-files-3,3,other
EFTA02409675.pdf,data-set-11-files-3,1,email
EFTA02409676.pdf,data-set-11-files-3,1,other
EFTA02409677.pdf,data-set-11-files-3,1,email
EFTA02409678.pdf,data-set-11-files-3,1,other
EFTA02409679.pdf,data-set-11-files-3,1,other
EFTA02409680.pdf,data-set-11-files-3,1,email
EFTA02409681.pdf,data-set-11-files-3,1,email
EFTA02409682.pdf,data-set-11-files-3,3,other
EFTA02409685.pdf,data-set-11-files-3,2,email
EFTA02409687.pdf,data-set-11-files-3,1,email
EFTA02409688.pdf,data-set-11-files-3,1,email
EFTA02409689.pdf,data-set-11-files-3,2,email
EFTA02409691.pdf,data-set-11-files-3,1,other
EFTA02409692.pdf,data-set-11-files-3,1,email
EFTA02409693.pdf,data-set-11-files-3,1,email
EFTA02409694.pdf,data-set-11-files-3,1,other
EFTA02409695.pdf,data-set-11-files-3,1,other
EFTA02409696.pdf,data-set-11-files-3,3,other
EFTA02409699.pdf,data-set-11-files-3,1,email
EFTA02409700.pdf,data-set-11-files-3,3,other
EFTA02409703.pdf,data-set-11-files-3,2,email
EFTA02409705.pdf,data-set-11-files-3,1,other
EFTA02409706.pdf,data-set-11-files-3,1,email
EFTA02409707.pdf,data-set-11-files-3,1,email
EFTA02409708.pdf,data-set-11-files-3,1,email
EFTA02409709.pdf,data-set-11-files-3,1,email
EFTA02409710.pdf,data-set-11-files-3,3,other
EFTA02409713.pdf,data-set-11-files-3,2,other
EFTA02409715.pdf,data-set-11-files-3,1,email
EFTA02409716.pdf,data-set-11-files-3,1,other
EFTA02409717.pdf,data-set-11-files-3,1,other
EFTA02409718.pdf,data-set-11-files-3,1,email
EFTA02409719.pdf,data-set-11-files-3,1,other
EFTA02409720.pdf,data-set-11-files-3,1,other
EFTA02409721.pdf,data-set-11-files-3,1,email
EFTA02409722.pdf,data-set-11-files-3,1,other
EFTA02409723.pdf,data-set-11-files-3,1,other
EFTA02409724.pdf,data-set-11-files-3,1,email
EFTA02409725.pdf,data-set-11-files-3,1,other
EFTA02409726.pdf,data-set-11-files-3,1,email
EFTA02409727.pdf,data-set-11-files-3,3,other
EFTA02409730.pdf,data-set-11-files-3,1,other
EFTA02409731.pdf,data-set-11-files-3,1,other
EFTA02409732.pdf,data-set-11-files-3,1,email
EFTA02409733.pdf,data-set-11-files-3,1,email
EFTA02409734.pdf,data-set-11-files-3,1,email
EFTA02409735.pdf,data-set-11-files-3,2,email
EFTA02409737.pdf,data-set-11-files-3,22,other
EFTA02409759.pdf,data-set-11-files-3,1,other
EFTA02409760.pdf,data-set-11-files-3,1,other
EFTA02409761.pdf,data-set-11-files-3,1,other
EFTA02409762.pdf,data-set-11-files-3,2,other
EFTA02409764.pdf,data-set-11-files-3,1,other
EFTA02409765.pdf,data-set-11-files-3,2,email
EFTA02409767.pdf,data-set-11-files-3,2,email
EFTA02409769.pdf,data-set-11-files-3,1,other
EFTA02409770.pdf,data-set-11-files-3,1,other
EFTA02409771.pdf,data-set-11-files-3,3,email
EFTA02409774.pdf,data-set-11-files-3,1,other
EFTA02409775.pdf,data-set-11-files-3,1,other
EFTA02409776.pdf,data-set-11-files-3,1,other
EFTA02409777.pdf,data-set-11-files-3,1,email
EFTA02409778.pdf,data-set-11-files-3,1,other
EFTA02409779.pdf,data-set-11-files-3,1,email
EFTA02409780.pdf,data-set-11-files-3,2,other
EFTA02409782.pdf,data-set-11-files-3,1,email
EFTA02409783.pdf,data-set-11-files-3,1,other
EFTA02409784.pdf,data-set-11-files-3,1,other
EFTA02409785.pdf,data-set-11-files-3,1,other
EFTA02409786.pdf,data-set-11-files-3,1,other
EFTA02409787.pdf,data-set-11-files-3,3,email
EFTA02409790.pdf,data-set-11-files-3,2,other
EFTA02409792.pdf,data-set-11-files-3,2,email
EFTA02409794.pdf,data-set-11-files-3,1,other
EFTA02409795.pdf,data-set-11-files-3,1,other
EFTA02409796.pdf,data-set-11-files-3,2,email
EFTA02409798.pdf,data-set-11-files-3,1,email
EFTA02409799.pdf,data-set-11-files-3,1,email
EFTA02409800.pdf,data-set-11-files-3,1,email
EFTA02409801.pdf,data-set-11-files-3,2,other
EFTA02409803.pdf,data-set-11-files-3,1,email
EFTA02409804.pdf,data-set-11-files-3,1,email
EFTA02409805.pdf,data-set-11-files-3,1,email
EFTA02409806.pdf,data-set-11-files-3,1,other
EFTA02409807.pdf,data-set-11-files-3,1,other
EFTA02409808.pdf,data-set-11-files-3,1,email
EFTA02409809.pdf,data-set-11-files-3,1,other
EFTA02409810.pdf,data-set-11-files-3,1,other
EFTA02409811.pdf,data-set-11-files-3,3,email
EFTA02409814.pdf,data-set-11-files-3,1,other
EFTA02409815.pdf,data-set-11-files-3,2,email
EFTA02409817.pdf,data-set-11-files-3,2,email
EFTA02409819.pdf,data-set-11-files-3,1,other
EFTA02409820.pdf,data-set-11-files-3,1,email
EFTA02409821.pdf,data-set-11-files-3,1,other
EFTA02409822.pdf,data-set-11-files-3,1,email
EFTA02409823.pdf,data-set-11-files-3,2,email
EFTA02409825.pdf,data-set-11-files-3,1,other
EFTA02409826.pdf,data-set-11-files-3,1,other
EFTA02409827.pdf,data-set-11-files-3,1,other
EFTA02409828.pdf,data-set-11-files-3,1,email
EFTA02409829.pdf,data-set-11-files-3,1,other
EFTA02409830.pdf,data-set-11-files-3,1,other
EFTA02409831.pdf,data-set-11-files-3,1,other
EFTA02409832.pdf,data-set-11-files-3,1,email
EFTA02409833.pdf,data-set-11-files-3,1,other
EFTA02409834.pdf,data-set-11-files-3,1,other
EFTA02409835.pdf,data-set-11-files-3,1,other
EFTA02409836.pdf,data-set-11-files-3,1,email
EFTA02409837.pdf,data-set-11-files-3,1,email
EFTA02409838.pdf,data-set-11-files-3,1,other
EFTA02409839.pdf,data-set-11-files-3,1,other
EFTA02409840.pdf,data-set-11-files-3,1,email
EFTA02409841.pdf,data-set-11-files-3,1,email
EFTA02409842.pdf,data-set-11-files-3,1,email
EFTA02409843.pdf,data-set-11-files-3,3,email
EFTA02409846.pdf,data-set-11-files-3,1,other
EFTA02409847.pdf,data-set-11-files-3,1,email
EFTA02409848.pdf,data-set-11-files-3,2,email
EFTA02409850.pdf,data-set-11-files-3,1,other
EFTA02409851.pdf,data-set-11-files-3,1,email
EFTA02409852.pdf,data-set-11-files-3,1,email
EFTA02409853.pdf,data-set-11-files-3,1,email
EFTA02409854.pdf,data-set-11-files-3,2,other
EFTA02409856.pdf,data-set-11-files-3,1,email
EFTA02409857.pdf,data-set-11-files-3,1,email
EFTA02409858.pdf,data-set-11-files-3,1,other
EFTA02409859.pdf,data-set-11-files-3,2,email
EFTA02409861.pdf,data-set-11-files-3,1,email
EFTA02409862.pdf,data-set-11-files-3,1,email
EFTA02409863.pdf,data-set-11-files-3,1,email
EFTA02409864.pdf,data-set-11-files-3,1,other
EFTA02409865.pdf,data-set-11-files-3,2,email
EFTA02409867.pdf,data-set-11-files-3,1,other
EFTA02409868.pdf,data-set-11-files-3,1,other
EFTA02409869.pdf,data-set-11-files-3,1,other
EFTA02409870.pdf,data-set-11-files-3,1,email
EFTA02409871.pdf,data-set-11-files-3,1,other
EFTA02409872.pdf,data-set-11-files-3,1,email
EFTA02409873.pdf,data-set-11-files-3,2,email
EFTA02409875.pdf,data-set-11-files-3,2,email
EFTA02409877.pdf,data-set-11-files-3,1,email
EFTA02409878.pdf,data-set-11-files-3,1,email
EFTA02409879.pdf,data-set-11-files-3,2,email
EFTA02409881.pdf,data-set-11-files-3,1,other
EFTA02409882.pdf,data-set-11-files-3,2,email
EFTA02409884.pdf,data-set-11-files-3,1,email
EFTA02409885.pdf,data-set-11-files-3,1,other
EFTA02409886.pdf,data-set-11-files-3,1,email
EFTA02409887.pdf,data-set-11-files-3,1,other
EFTA02409888.pdf,data-set-11-files-3,1,email
EFTA02409889.pdf,data-set-11-files-3,1,email
EFTA02409890.pdf,data-set-11-files-3,1,other
EFTA02409891.pdf,data-set-11-files-3,1,other
EFTA02409892.pdf,data-set-11-files-3,1,email
EFTA02409893.pdf,data-set-11-files-3,1,email
EFTA02409894.pdf,data-set-11-files-3,1,email
EFTA02409895.pdf,data-set-11-files-3,2,email
EFTA02409897.pdf,data-set-11-files-3,2,email
EFTA02409899.pdf,data-set-11-files-3,1,email
EFTA02409900.pdf,data-set-11-files-3,1,email
EFTA02409901.pdf,data-set-11-files-3,1,email
EFTA02409902.pdf,data-set-11-files-3,1,other
EFTA02409903.pdf,data-set-11-files-3,1,other
EFTA02409904.pdf,data-set-11-files-3,1,other
EFTA02409905.pdf,data-set-11-files-3,1,other
EFTA02409906.pdf,data-set-11-files-3,1,other
EFTA02409907.pdf,data-set-11-files-3,1,email
EFTA02409908.pdf,data-set-11-files-3,1,other
EFTA02409909.pdf,data-set-11-files-3,1,email
EFTA02409910.pdf,data-set-11-files-3,1,other
EFTA02409911.pdf,data-set-11-files-3,1,other
EFTA02409912.pdf,data-set-11-files-3,2,other
EFTA02409914.pdf,data-set-11-files-3,1,email
EFTA02409915.pdf,data-set-11-files-3,3,email
EFTA02409918.pdf,data-set-11-files-3,1,email
EFTA02409919.pdf,data-set-11-files-3,1,other
EFTA02409920.pdf,data-set-11-files-3,1,email
EFTA02409921.pdf,data-set-11-files-3,3,other
EFTA02409924.pdf,data-set-11-files-3,1,email
EFTA02409925.pdf,data-set-11-files-3,1,other
EFTA02409926.pdf,data-set-11-files-3,1,email
EFTA02409927.pdf,data-set-11-files-3,1,other
EFTA02409928.pdf,data-set-11-files-3,1,other
EFTA02409929.pdf,data-set-11-files-3,1,email
EFTA02409930.pdf,data-set-11-files-3,1,other
EFTA02409931.pdf,data-set-11-files-3,1,email
EFTA02409932.pdf,data-set-11-files-3,1,email
EFTA02409933.pdf,data-set-11-files-3,1,other
EFTA02409934.pdf,data-set-11-files-3,1,other
EFTA02409935.pdf,data-set-11-files-3,1,other
EFTA02409936.pdf,data-set-11-files-3,1,email
EFTA02409937.pdf,data-set-11-files-3,2,email
EFTA02409939.pdf,data-set-11-files-3,1,email
EFTA02409940.pdf,data-set-11-files-3,1,other
EFTA02409941.pdf,data-set-11-files-3,1,other
EFTA02409942.pdf,data-set-11-files-3,1,other
EFTA02409943.pdf,data-set-11-files-3,1,other
EFTA02409944.pdf,data-set-11-files-3,4,email
EFTA02409948.pdf,data-set-11-files-3,1,other
EFTA02409949.pdf,data-set-11-files-3,1,email
EFTA02409950.pdf,data-set-11-files-3,1,other
EFTA02409951.pdf,data-set-11-files-3,1,other
EFTA02409952.pdf,data-set-11-files-3,1,email
EFTA02409953.pdf,data-set-11-files-3,1,other
EFTA02409954.pdf,data-set-11-files-3,1,email
EFTA02409955.pdf,data-set-11-files-3,1,email
EFTA02409956.pdf,data-set-11-files-3,1,other
EFTA02409957.pdf,data-set-11-files-3,1,email
EFTA02409958.pdf,data-set-11-files-3,1,other
EFTA02409959.pdf,data-set-11-files-3,2,email
EFTA02409961.pdf,data-set-11-files-3,1,other
EFTA02409962.pdf,data-set-11-files-3,2,email
EFTA02409964.pdf,data-set-11-files-3,1,other
EFTA02409965.pdf,data-set-11-files-3,1,other
EFTA02409966.pdf,data-set-11-files-3,1,other
EFTA02409967.pdf,data-set-11-files-3,1,other
EFTA02409968.pdf,data-set-11-files-3,1,email
EFTA02409969.pdf,data-set-11-files-3,1,email
EFTA02409970.pdf,data-set-11-files-3,1,email
EFTA02409971.pdf,data-set-11-files-3,1,other
EFTA02409972.pdf,data-set-11-files-3,1,email
EFTA02409973.pdf,data-set-11-files-3,1,other
EFTA02409974.pdf,data-set-11-files-3,1,email
EFTA02409975.pdf,data-set-11-files-3,1,email
EFTA02409976.pdf,data-set-11-files-3,1,other
EFTA02409977.pdf,data-set-11-files-3,1,email
EFTA02409978.pdf,data-set-11-files-3,1,email
EFTA02409979.pdf,data-set-11-files-3,1,email
EFTA02409980.pdf,data-set-11-files-3,1,email
EFTA02409981.pdf,data-set-11-files-3,2,email
EFTA02409983.pdf,data-set-11-files-3,1,other
EFTA02409984.pdf,data-set-11-files-3,1,other
EFTA02409985.pdf,data-set-11-files-3,1,email
EFTA02409986.pdf,data-set-11-files-3,1,email
EFTA02409987.pdf,data-set-11-files-3,2,email
EFTA02409989.pdf,data-set-11-files-3,6,email
EFTA02409995.pdf,data-set-11-files-3,1,email
EFTA02409996.pdf,data-set-11-files-3,2,other
EFTA02409998.pdf,data-set-11-files-3,1,other
EFTA02409999.pdf,data-set-11-files-3,1,email
EFTA02410000.pdf,data-set-11-files-3,1,other
EFTA02410001.pdf,data-set-11-files-3,1,other
EFTA02410002.pdf,data-set-11-files-3,2,other
EFTA02410004.pdf,data-set-11-files-3,1,email
EFTA02410005.pdf,data-set-11-files-3,1,other
EFTA02410006.pdf,data-set-11-files-3,1,email
EFTA02410007.pdf,data-set-11-files-3,1,email
EFTA02410008.pdf,data-set-11-files-3,1,other
EFTA02410009.pdf,data-set-11-files-3,1,email
EFTA02410010.pdf,data-set-11-files-3,1,email
EFTA02410011.pdf,data-set-11-files-3,1,email
EFTA02410012.pdf,data-set-11-files-3,1,email
EFTA02410013.pdf,data-set-11-files-3,3,email
EFTA02410016.pdf,data-set-11-files-3,1,email
EFTA02410017.pdf,data-set-11-files-3,1,other
EFTA02410018.pdf,data-set-11-files-3,1,other
EFTA02410019.pdf,data-set-11-files-3,1,other
EFTA02410020.pdf,data-set-11-files-3,1,email
EFTA02410021.pdf,data-set-11-files-3,1,email
EFTA02410022.pdf,data-set-11-files-3,1,email
EFTA02410023.pdf,data-set-11-files-3,1,email
EFTA02410024.pdf,data-set-11-files-3,1,email
EFTA02410025.pdf,data-set-11-files-3,1,other
EFTA02410026.pdf,data-set-11-files-3,1,email
EFTA02410027.pdf,data-set-11-files-3,1,email
EFTA02410028.pdf,data-set-11-files-3,1,email
EFTA02410029.pdf,data-set-11-files-3,2,other
EFTA02410031.pdf,data-set-11-files-3,1,other
EFTA02410032.pdf,data-set-11-files-3,1,other
EFTA02410033.pdf,data-set-11-files-3,1,email
EFTA02410034.pdf,data-set-11-files-3,1,other
EFTA02410035.pdf,data-set-11-files-3,1,other
EFTA02410036.pdf,data-set-11-files-3,1,other
EFTA02410037.pdf,data-set-11-files-3,1,other
EFTA02410038.pdf,data-set-11-files-3,2,email
EFTA02410040.pdf,data-set-11-files-3,1,other
EFTA02410041.pdf,data-set-11-files-3,1,other
EFTA02410042.pdf,data-set-11-files-3,1,email
EFTA02410043.pdf,data-set-11-files-3,1,email
EFTA02410044.pdf,data-set-11-files-3,1,other
EFTA02410045.pdf,data-set-11-files-3,1,other
EFTA02410046.pdf,data-set-11-files-3,1,email
EFTA02410047.pdf,data-set-11-files-3,1,other
EFTA02410048.pdf,data-set-11-files-3,1,other
EFTA02410049.pdf,data-set-11-files-3,4,email
EFTA02410053.pdf,data-set-11-files-3,1,other
EFTA02410054.pdf,data-set-11-files-3,1,other
EFTA02410055.pdf,data-set-11-files-3,1,email
EFTA02410056.pdf,data-set-11-files-3,2,email
EFTA02410058.pdf,data-set-11-files-3,1,other
EFTA02410059.pdf,data-set-11-files-3,1,email
EFTA02410060.pdf,data-set-11-files-3,3,email
EFTA02410063.pdf,data-set-11-files-3,1,email
EFTA02410064.pdf,data-set-11-files-3,1,email
EFTA02410065.pdf,data-set-11-files-3,1,other
EFTA02410066.pdf,data-set-11-files-3,2,email
EFTA02410068.pdf,data-set-11-files-3,1,email
EFTA02410069.pdf,data-set-11-files-3,1,email
EFTA02410070.pdf,data-set-11-files-3,2,email
EFTA02410072.pdf,data-set-11-files-3,1,other
EFTA02410073.pdf,data-set-11-files-3,1,other
EFTA02410074.pdf,data-set-11-files-3,4,email
EFTA02410078.pdf,data-set-11-files-3,1,email
EFTA02410079.pdf,data-set-11-files-3,1,other
EFTA02410080.pdf,data-set-11-files-3,1,email
EFTA02410081.pdf,data-set-11-files-3,1,email
EFTA02410082.pdf,data-set-11-files-3,1,other
EFTA02410083.pdf,data-set-11-files-3,1,other
EFTA02410084.pdf,data-set-11-files-3,1,email
EFTA02410085.pdf,data-set-11-files-3,1,other
EFTA02410086.pdf,data-set-11-files-3,6,email
EFTA02410092.pdf,data-set-11-files-3,1,other
EFTA02410093.pdf,data-set-11-files-3,3,email
EFTA02410096.pdf,data-set-11-files-3,1,email
EFTA02410097.pdf,data-set-11-files-3,1,email
EFTA02410098.pdf,data-set-11-files-3,1,other
EFTA02410099.pdf,data-set-11-files-3,1,other
EFTA02410100.pdf,data-set-11-files-3,1,other
EFTA02410101.pdf,data-set-11-files-3,1,other
EFTA02410102.pdf,data-set-11-files-3,1,other
EFTA02410103.pdf,data-set-11-files-3,1,other
EFTA02410104.pdf,data-set-11-files-3,5,email
EFTA02410109.pdf,data-set-11-files-3,1,email
EFTA02410110.pdf,data-set-11-files-3,1,other
EFTA02410111.pdf,data-set-11-files-3,3,email
EFTA02410114.pdf,data-set-11-files-3,1,email
EFTA02410115.pdf,data-set-11-files-3,1,email
EFTA02410116.pdf,data-set-11-files-3,1,email
EFTA02410117.pdf,data-set-11-files-3,1,other
EFTA02410118.pdf,data-set-11-files-3,1,other
EFTA02410119.pdf,data-set-11-files-3,2,email
EFTA02410121.pdf,data-set-11-files-3,1,email
EFTA02410122.pdf,data-set-11-files-3,1,other
EFTA02410123.pdf,data-set-11-files-3,1,other
EFTA02410124.pdf,data-set-11-files-3,1,email
EFTA02410125.pdf,data-set-11-files-3,1,email
EFTA02410126.pdf,data-set-11-files-3,3,email
EFTA02410129.pdf,data-set-11-files-3,1,other
EFTA02410130.pdf,data-set-11-files-3,1,email
EFTA02410131.pdf,data-set-11-files-3,2,other
EFTA02410133.pdf,data-set-11-files-3,1,other
EFTA02410134.pdf,data-set-11-files-3,1,email
EFTA02410135.pdf,data-set-11-files-3,1,other
EFTA02410136.pdf,data-set-11-files-3,1,other
EFTA02410137.pdf,data-set-11-files-3,2,email
EFTA02410139.pdf,data-set-11-files-3,1,other
EFTA02410140.pdf,data-set-11-files-3,1,other
EFTA02410141.pdf,data-set-11-files-3,6,email
EFTA02410147.pdf,data-set-11-files-3,1,email
EFTA02410148.pdf,data-set-11-files-3,1,email
EFTA02410149.pdf,data-set-11-files-3,1,other
EFTA02410150.pdf,data-set-11-files-3,1,email
EFTA02410151.pdf,data-set-11-files-3,1,email
EFTA02410152.pdf,data-set-11-files-3,1,email
EFTA02410153.pdf,data-set-11-files-3,1,email
EFTA02410154.pdf,data-set-11-files-3,1,email
EFTA02410155.pdf,data-set-11-files-3,2,email
EFTA02410157.pdf,data-set-11-files-3,1,other
EFTA02410158.pdf,data-set-11-files-3,1,other
EFTA02410159.pdf,data-set-11-files-3,1,other
EFTA02410160.pdf,data-set-11-files-3,1,other
EFTA02410161.pdf,data-set-11-files-3,1,email
EFTA02410162.pdf,data-set-11-files-3,1,other
EFTA02410163.pdf,data-set-11-files-3,1,other
EFTA02410164.pdf,data-set-11-files-3,1,email
EFTA02410165.pdf,data-set-11-files-3,1,email
EFTA02410166.pdf,data-set-11-files-3,1,other
EFTA02410167.pdf,data-set-11-files-3,1,other
EFTA02410168.pdf,data-set-11-files-3,1,email
EFTA02410169.pdf,data-set-11-files-3,1,email
EFTA02410170.pdf,data-set-11-files-3,1,other
EFTA02410171.pdf,data-set-11-files-3,1,email
EFTA02410172.pdf,data-set-11-files-3,1,other
EFTA02410173.pdf,data-set-11-files-3,2,other
EFTA02410175.pdf,data-set-11-files-3,1,other
EFTA02410176.pdf,data-set-11-files-3,1,other
EFTA02410177.pdf,data-set-11-files-3,1,other
EFTA02410178.pdf,data-set-11-files-3,1,email
EFTA02410179.pdf,data-set-11-files-3,1,other
EFTA02410180.pdf,data-set-11-files-3,1,other
EFTA02410181.pdf,data-set-11-files-3,1,email
EFTA02410182.pdf,data-set-11-files-3,1,email
EFTA02410183.pdf,data-set-11-files-3,1,email
EFTA02410184.pdf,data-set-11-files-3,1,email
EFTA02410185.pdf,data-set-11-files-3,1,other
EFTA02410186.pdf,data-set-11-files-3,1,email
EFTA02410187.pdf,data-set-11-files-3,1,other
EFTA02410188.pdf,data-set-11-files-3,1,email
EFTA02410189.pdf,data-set-11-files-3,1,other
EFTA02410190.pdf,data-set-11-files-3,2,email
EFTA02410192.pdf,data-set-11-files-3,1,email
EFTA02410193.pdf,data-set-11-files-3,1,other
EFTA02410194.pdf,data-set-11-files-3,1,other
EFTA02410195.pdf,data-set-11-files-3,2,other
EFTA02410197.pdf,data-set-11-files-3,1,email
EFTA02410198.pdf,data-set-11-files-3,1,email
EFTA02410199.pdf,data-set-11-files-3,1,email
EFTA02410200.pdf,data-set-11-files-3,2,email
EFTA02410202.pdf,data-set-11-files-3,1,other
EFTA02410203.pdf,data-set-11-files-3,1,email
EFTA02410204.pdf,data-set-11-files-3,1,email
EFTA02410205.pdf,data-set-11-files-3,1,other
EFTA02410206.pdf,data-set-11-files-3,1,email
EFTA02410207.pdf,data-set-11-files-3,1,other
EFTA02410208.pdf,data-set-11-files-3,2,other
EFTA02410210.pdf,data-set-11-files-3,2,email
EFTA02410212.pdf,data-set-11-files-3,1,email
EFTA02410213.pdf,data-set-11-files-3,1,other
EFTA02410214.pdf,data-set-11-files-3,2,email
EFTA02410216.pdf,data-set-11-files-3,1,other
EFTA02410217.pdf,data-set-11-files-3,1,email
EFTA02410218.pdf,data-set-11-files-3,1,other
EFTA02410219.pdf,data-set-11-files-3,1,email
EFTA02410220.pdf,data-set-11-files-3,2,other
EFTA02410222.pdf,data-set-11-files-3,1,email
EFTA02410223.pdf,data-set-11-files-3,1,other
EFTA02410224.pdf,data-set-11-files-3,1,email
EFTA02410225.pdf,data-set-11-files-3,1,email
EFTA02410226.pdf,data-set-11-files-3,1,email
EFTA02410227.pdf,data-set-11-files-3,1,other
EFTA02410228.pdf,data-set-11-files-3,1,other
EFTA02410230.pdf,data-set-11-files-3,1,email
EFTA02410231.pdf,data-set-11-files-3,2,email
EFTA02410233.pdf,data-set-11-files-3,1,other
EFTA02410234.pdf,data-set-11-files-3,1,other
EFTA02410235.pdf,data-set-11-files-3,6,email
EFTA02410241.pdf,data-set-11-files-3,1,email
EFTA02410242.pdf,data-set-11-files-3,2,email
EFTA02410244.pdf,data-set-11-files-3,1,email
EFTA02410245.pdf,data-set-11-files-3,1,email
EFTA02410246.pdf,data-set-11-files-3,1,email
EFTA02410247.pdf,data-set-11-files-3,1,email
EFTA02410248.pdf,data-set-11-files-3,1,email
EFTA02410249.pdf,data-set-11-files-3,2,email
EFTA02410251.pdf,data-set-11-files-3,1,email
EFTA02410252.pdf,data-set-11-files-3,1,email
EFTA02410253.pdf,data-set-11-files-3,1,email
EFTA02410254.pdf,data-set-11-files-3,1,email
EFTA02410255.pdf,data-set-11-files-3,1,email
EFTA02410256.pdf,data-set-11-files-3,3,other
EFTA02410259.pdf,data-set-11-files-3,1,other
EFTA02410260.pdf,data-set-11-files-3,1,other
EFTA02410261.pdf,data-set-11-files-3,1,other
EFTA02410262.pdf,data-set-11-files-3,1,email
EFTA02410263.pdf,data-set-11-files-3,1,other
EFTA02410264.pdf,data-set-11-files-3,1,email
EFTA02410265.pdf,data-set-11-files-3,2,email
EFTA02410267.pdf,data-set-11-files-3,1,other
EFTA02410268.pdf,data-set-11-files-3,1,email
EFTA02410269.pdf,data-set-11-files-3,1,email
EFTA02410270.pdf,data-set-11-files-3,1,other
EFTA02410271.pdf,data-set-11-files-3,1,other
EFTA02410272.pdf,data-set-11-files-3,1,other
EFTA02410273.pdf,data-set-11-files-3,5,other
EFTA02410278.pdf,data-set-11-files-3,1,other
EFTA02410279.pdf,data-set-11-files-3,2,email
EFTA02410281.pdf,data-set-11-files-3,3,other
EFTA02410284.pdf,data-set-11-files-3,1,email
EFTA02410285.pdf,data-set-11-files-3,1,email
EFTA02410286.pdf,data-set-11-files-3,1,other
EFTA02410287.pdf,data-set-11-files-3,1,email
EFTA02410288.pdf,data-set-11-files-3,1,other
EFTA02410289.pdf,data-set-11-files-3,1,email
EFTA02410290.pdf,data-set-11-files-3,1,email
EFTA02410291.pdf,data-set-11-files-3,1,other
EFTA02410292.pdf,data-set-11-files-3,2,email
EFTA02410294.pdf,data-set-11-files-3,1,email
EFTA02410295.pdf,data-set-11-files-3,2,email
EFTA02410297.pdf,data-set-11-files-3,1,other
EFTA02410298.pdf,data-set-11-files-3,1,other
EFTA02410299.pdf,data-set-11-files-3,3,email
EFTA02410302.pdf,data-set-11-files-3,1,other
EFTA02410303.pdf,data-set-11-files-3,1,email
EFTA02410304.pdf,data-set-11-files-3,2,email
EFTA02410306.pdf,data-set-11-files-3,1,other
EFTA02410307.pdf,data-set-11-files-3,1,email
EFTA02410308.pdf,data-set-11-files-3,1,email
EFTA02410309.pdf,data-set-11-files-3,1,other
EFTA02410310.pdf,data-set-11-files-3,1,other
EFTA02410311.pdf,data-set-11-files-3,1,other
EFTA02410312.pdf,data-set-11-files-3,5,email
EFTA02410317.pdf,data-set-11-files-3,1,email
EFTA02410318.pdf,data-set-11-files-3,1,other
EFTA02410319.pdf,data-set-11-files-3,1,email
EFTA02410320.pdf,data-set-11-files-3,1,other
EFTA02410321.pdf,data-set-11-files-3,1,other
EFTA02410322.pdf,data-set-11-files-3,1,email
EFTA02410323.pdf,data-set-11-files-3,2,email
EFTA02410325.pdf,data-set-11-files-3,3,email
EFTA02410328.pdf,data-set-11-files-3,3,other
EFTA02410331.pdf,data-set-11-files-3,1,email
EFTA02410332.pdf,data-set-11-files-3,1,email
EFTA02410333.pdf,data-set-11-files-3,2,email
EFTA02410335.pdf,data-set-11-files-3,1,email
EFTA02410336.pdf,data-set-11-files-3,1,other
EFTA02410337.pdf,data-set-11-files-3,1,other
EFTA02410338.pdf,data-set-11-files-3,1,email
EFTA02410339.pdf,data-set-11-files-3,1,email
EFTA02410340.pdf,data-set-11-files-3,1,other
EFTA02410341.pdf,data-set-11-files-3,1,email
EFTA02410342.pdf,data-set-11-files-3,1,email
EFTA02410343.pdf,data-set-11-files-3,1,other
EFTA02410344.pdf,data-set-11-files-3,1,email
EFTA02410345.pdf,data-set-11-files-3,2,email
EFTA02410347.pdf,data-set-11-files-3,1,email
EFTA02410348.pdf,data-set-11-files-3,1,other
EFTA02410349.pdf,data-set-11-files-3,1,email
EFTA02410350.pdf,data-set-11-files-3,2,other
EFTA02410352.pdf,data-set-11-files-3,1,email
EFTA02410353.pdf,data-set-11-files-3,1,other
EFTA02410354.pdf,data-set-11-files-3,1,other
EFTA02410355.pdf,data-set-11-files-3,2,email
EFTA02410357.pdf,data-set-11-files-3,1,email
EFTA02410358.pdf,data-set-11-files-3,2,email
EFTA02410360.pdf,data-set-11-files-3,2,other
EFTA02410362.pdf,data-set-11-files-3,1,other
EFTA02410363.pdf,data-set-11-files-3,1,email
EFTA02410364.pdf,data-set-11-files-3,1,email
EFTA02410365.pdf,data-set-11-files-3,2,email
EFTA02410367.pdf,data-set-11-files-3,2,email
EFTA02410369.pdf,data-set-11-files-3,3,email
EFTA02410372.pdf,data-set-11-files-3,1,other
EFTA02410373.pdf,data-set-11-files-3,1,other
EFTA02410374.pdf,data-set-11-files-3,1,other
EFTA02410375.pdf,data-set-11-files-3,4,email
EFTA02410379.pdf,data-set-11-files-3,1,email
EFTA02410380.pdf,data-set-11-files-3,1,other
EFTA02410381.pdf,data-set-11-files-3,1,other
EFTA02410382.pdf,data-set-11-files-3,1,email
EFTA02410383.pdf,data-set-11-files-3,1,email
EFTA02410384.pdf,data-set-11-files-3,3,email
EFTA02410387.pdf,data-set-11-files-3,1,email
EFTA02410388.pdf,data-set-11-files-3,1,other
EFTA02410389.pdf,data-set-11-files-3,1,other
EFTA02410390.pdf,data-set-11-files-3,2,email
EFTA02410392.pdf,data-set-11-files-3,2,other
EFTA02410394.pdf,data-set-11-files-3,1,other
EFTA02410395.pdf,data-set-11-files-3,1,other
EFTA02410396.pdf,data-set-11-files-3,1,email
EFTA02410397.pdf,data-set-11-files-3,1,other
EFTA02410398.pdf,data-set-11-files-3,1,email
EFTA02410399.pdf,data-set-11-files-3,2,email
EFTA02410401.pdf,data-set-11-files-3,1,email
EFTA02410402.pdf,data-set-11-files-3,1,other
EFTA02410403.pdf,data-set-11-files-3,1,email
EFTA02410404.pdf,data-set-11-files-3,2,email
EFTA02410406.pdf,data-set-11-files-3,1,other
EFTA02410407.pdf,data-set-11-files-3,1,other
EFTA02410408.pdf,data-set-11-files-3,4,email
EFTA02410412.pdf,data-set-11-files-3,1,email
EFTA02410413.pdf,data-set-11-files-3,1,other
EFTA02410414.pdf,data-set-11-files-3,2,email
EFTA02410416.pdf,data-set-11-files-3,2,email
EFTA02410418.pdf,data-set-11-files-3,1,email
EFTA02410419.pdf,data-set-11-files-3,1,email
EFTA02410420.pdf,data-set-11-files-3,4,email
EFTA02410424.pdf,data-set-11-files-3,1,other
EFTA02410425.pdf,data-set-11-files-3,1,email
EFTA02410426.pdf,data-set-11-files-3,2,email
EFTA02410428.pdf,data-set-11-files-3,4,other
EFTA02410432.pdf,data-set-11-files-3,1,other
EFTA02410433.pdf,data-set-11-files-3,1,email
EFTA02410434.pdf,data-set-11-files-3,1,email
EFTA02410435.pdf,data-set-11-files-3,2,email
EFTA02410437.pdf,data-set-11-files-3,2,email
EFTA02410439.pdf,data-set-11-files-3,1,email
EFTA02410440.pdf,data-set-11-files-3,2,email
EFTA02410442.pdf,data-set-11-files-3,2,email
EFTA02410444.pdf,data-set-11-files-3,1,email
EFTA02410445.pdf,data-set-11-files-3,1,email
EFTA02410446.pdf,data-set-11-files-3,2,email
EFTA02410448.pdf,data-set-11-files-3,1,email
EFTA02410449.pdf,data-set-11-files-3,4,email
EFTA02410453.pdf,data-set-11-files-3,1,email
EFTA02410454.pdf,data-set-11-files-3,2,email
EFTA02410456.pdf,data-set-11-files-3,1,email
EFTA02410457.pdf,data-set-11-files-3,2,email
EFTA02410459.pdf,data-set-11-files-3,2,email
EFTA02410461.pdf,data-set-11-files-3,2,email
EFTA02410463.pdf,data-set-11-files-3,1,email
EFTA02410464.pdf,data-set-11-files-3,3,email
EFTA02410467.pdf,data-set-11-files-3,1,email
EFTA02410468.pdf,data-set-11-files-3,2,email
EFTA02410470.pdf,data-set-11-files-3,1,other
EFTA02410471.pdf,data-set-11-files-3,2,other
EFTA02410473.pdf,data-set-11-files-3,1,email
EFTA02410474.pdf,data-set-11-files-3,2,email
EFTA02410476.pdf,data-set-11-files-3,1,email
EFTA02410477.pdf,data-set-11-files-3,1,email
EFTA02410478.pdf,data-set-11-files-3,2,email
EFTA02410480.pdf,data-set-11-files-3,2,email
EFTA02410482.pdf,data-set-11-files-3,2,email
EFTA02410484.pdf,data-set-11-files-3,1,email
EFTA02410485.pdf,data-set-11-files-3,1,other
EFTA02410486.pdf,data-set-11-files-3,1,email
EFTA02410487.pdf,data-set-11-files-3,1,email
EFTA02410488.pdf,data-set-11-files-3,1,other
EFTA02410489.pdf,data-set-11-files-3,1,other
EFTA02410490.pdf,data-set-11-files-3,1,other
EFTA02410491.pdf,data-set-11-files-3,1,other
EFTA02410492.pdf,data-set-11-files-3,1,other
EFTA02410493.pdf,data-set-11-files-3,2,email
EFTA02410495.pdf,data-set-11-files-3,1,email
EFTA02410496.pdf,data-set-11-files-3,1,other
EFTA02410497.pdf,data-set-11-files-3,1,email
EFTA02410498.pdf,data-set-11-files-3,2,other
EFTA02410500.pdf,data-set-11-files-3,1,other
EFTA02410501.pdf,data-set-11-files-3,2,email
EFTA02410503.pdf,data-set-11-files-3,1,email
EFTA02410504.pdf,data-set-11-files-3,1,email
EFTA02410505.pdf,data-set-11-files-3,1,email
EFTA02410506.pdf,data-set-11-files-3,1,email
EFTA02410507.pdf,data-set-11-files-3,1,other
EFTA02410508.pdf,data-set-11-files-3,1,email
EFTA02410509.pdf,data-set-11-files-3,3,email
EFTA02410512.pdf,data-set-11-files-3,2,email
EFTA02410514.pdf,data-set-11-files-3,1,email
EFTA02410515.pdf,data-set-11-files-3,2,other
EFTA02410517.pdf,data-set-11-files-3,3,email
EFTA02410520.pdf,data-set-11-files-3,1,email
EFTA02410521.pdf,data-set-11-files-3,1,email
EFTA02410522.pdf,data-set-11-files-3,2,email
EFTA02410524.pdf,data-set-11-files-3,2,other
EFTA02410526.pdf,data-set-11-files-3,3,email
EFTA02410529.pdf,data-set-11-files-3,2,other
EFTA02410531.pdf,data-set-11-files-3,1,email
EFTA02410532.pdf,data-set-11-files-3,1,email
EFTA02410533.pdf,data-set-11-files-3,1,other
EFTA02410534.pdf,data-set-11-files-3,1,email
EFTA02410535.pdf,data-set-11-files-3,1,email
EFTA02410536.pdf,data-set-11-files-3,1,email
EFTA02410537.pdf,data-set-11-files-3,1,email
EFTA02410538.pdf,data-set-11-files-3,1,email
EFTA02410539.pdf,data-set-11-files-3,2,email
EFTA02410541.pdf,data-set-11-files-3,1,email
EFTA02410542.pdf,data-set-11-files-3,1,other
EFTA02410543.pdf,data-set-11-files-3,1,other
EFTA02410544.pdf,data-set-11-files-3,1,email
EFTA02410545.pdf,data-set-11-files-3,1,email
EFTA02410546.pdf,data-set-11-files-3,1,other
EFTA02410547.pdf,data-set-11-files-3,1,other
EFTA02410548.pdf,data-set-11-files-3,1,other
EFTA02410549.pdf,data-set-11-files-3,3,email
EFTA02410552.pdf,data-set-11-files-3,1,email
EFTA02410553.pdf,data-set-11-files-3,1,other
EFTA02410554.pdf,data-set-11-files-3,1,other
EFTA02410555.pdf,data-set-11-files-3,3,email
EFTA02410558.pdf,data-set-11-files-3,1,other
EFTA02410559.pdf,data-set-11-files-3,1,email
EFTA02410560.pdf,data-set-11-files-3,1,email
EFTA02410561.pdf,data-set-11-files-3,1,other
EFTA02410562.pdf,data-set-11-files-3,1,other
EFTA02410563.pdf,data-set-11-files-3,2,email
EFTA02410565.pdf,data-set-11-files-3,1,email
EFTA02410566.pdf,data-set-11-files-3,1,email
EFTA02410567.pdf,data-set-11-files-3,4,email
EFTA02410571.pdf,data-set-11-files-3,1,email
EFTA02410572.pdf,data-set-11-files-3,1,email
EFTA02410573.pdf,data-set-11-files-3,1,email
EFTA02410574.pdf,data-set-11-files-3,1,email
EFTA02410575.pdf,data-set-11-files-3,1,other
EFTA02410576.pdf,data-set-11-files-3,2,other
EFTA02410578.pdf,data-set-11-files-3,1,email
EFTA02410579.pdf,data-set-11-files-3,3,email
EFTA02410582.pdf,data-set-11-files-3,2,email
EFTA02410584.pdf,data-set-11-files-3,1,other
EFTA02410585.pdf,data-set-11-files-3,1,email
EFTA02410586.pdf,data-set-11-files-3,2,email
EFTA02410588.pdf,data-set-11-files-3,1,other
EFTA02410589.pdf,data-set-11-files-3,2,other
EFTA02410591.pdf,data-set-11-files-3,2,email
EFTA02410593.pdf,data-set-11-files-3,1,other
EFTA02410594.pdf,data-set-11-files-3,1,email
EFTA02410595.pdf,data-set-11-files-3,2,email
EFTA02410597.pdf,data-set-11-files-3,1,other
EFTA02410598.pdf,data-set-11-files-3,1,other
EFTA02410599.pdf,data-set-11-files-3,4,email
EFTA02410603.pdf,data-set-11-files-3,1,email
EFTA02410604.pdf,data-set-11-files-3,1,other
EFTA02410605.pdf,data-set-11-files-3,1,other
EFTA02410606.pdf,data-set-11-files-3,1,email
EFTA02410607.pdf,data-set-11-files-3,1,other
EFTA02410608.pdf,data-set-11-files-3,1,other
EFTA02410609.pdf,data-set-11-files-3,1,email
EFTA02410610.pdf,data-set-11-files-3,1,email
EFTA02410611.pdf,data-set-11-files-3,1,email
EFTA02410612.pdf,data-set-11-files-3,1,other
EFTA02410613.pdf,data-set-11-files-3,1,other
EFTA02410614.pdf,data-set-11-files-3,1,other
EFTA02410615.pdf,data-set-11-files-3,1,email
EFTA02410616.pdf,data-set-11-files-3,1,email
EFTA02410617.pdf,data-set-11-files-3,1,other
EFTA02410618.pdf,data-set-11-files-3,2,email
EFTA02410620.pdf,data-set-11-files-3,1,email
EFTA02410621.pdf,data-set-11-files-3,1,other
EFTA02410622.pdf,data-set-11-files-3,1,other
EFTA02410623.pdf,data-set-11-files-3,1,other
EFTA02410624.pdf,data-set-11-files-3,1,email
EFTA02410625.pdf,data-set-11-files-3,4,email
EFTA02410629.pdf,data-set-11-files-3,1,email
EFTA02410630.pdf,data-set-11-files-3,1,other
EFTA02410631.pdf,data-set-11-files-3,1,other
EFTA02410632.pdf,data-set-11-files-3,1,email
EFTA02410633.pdf,data-set-11-files-3,1,other
EFTA02410634.pdf,data-set-11-files-3,3,email
EFTA02410637.pdf,data-set-11-files-3,1,other
EFTA02410638.pdf,data-set-11-files-3,1,other
EFTA02410639.pdf,data-set-11-files-3,2,other
EFTA02410641.pdf,data-set-11-files-3,1,other
EFTA02410642.pdf,data-set-11-files-3,1,other
EFTA02410643.pdf,data-set-11-files-3,1,other
EFTA02410644.pdf,data-set-11-files-3,1,email
EFTA02410645.pdf,data-set-11-files-3,1,email
EFTA02410646.pdf,data-set-11-files-3,1,other
EFTA02410647.pdf,data-set-11-files-3,1,other
EFTA02410648.pdf,data-set-11-files-3,2,email
EFTA02410650.pdf,data-set-11-files-3,1,other
EFTA02410651.pdf,data-set-11-files-3,1,other
EFTA02410652.pdf,data-set-11-files-3,1,email
EFTA02410653.pdf,data-set-11-files-3,1,other
EFTA02410654.pdf,data-set-11-files-3,1,email
EFTA02410655.pdf,data-set-11-files-3,2,email
EFTA02410657.pdf,data-set-11-files-3,1,other
EFTA02410658.pdf,data-set-11-files-3,2,other
EFTA02410660.pdf,data-set-11-files-3,1,email
EFTA02410661.pdf,data-set-11-files-3,1,other
EFTA02410662.pdf,data-set-11-files-3,1,email
EFTA02410663.pdf,data-set-11-files-3,1,email
EFTA02410664.pdf,data-set-11-files-3,2,email
EFTA02410666.pdf,data-set-11-files-3,1,email
EFTA02410667.pdf,data-set-11-files-3,1,email
EFTA02410668.pdf,data-set-11-files-3,1,other
EFTA02410669.pdf,data-set-11-files-3,1,other
EFTA02410670.pdf,data-set-11-files-3,1,email
EFTA02410671.pdf,data-set-11-files-3,1,email
EFTA02410672.pdf,data-set-11-files-3,1,email
EFTA02410673.pdf,data-set-11-files-3,1,other
EFTA02410674.pdf,data-set-11-files-3,1,other
EFTA02410675.pdf,data-set-11-files-3,1,other
EFTA02410676.pdf,data-set-11-files-3,1,email
EFTA02410677.pdf,data-set-11-files-3,1,other
EFTA02410678.pdf,data-set-11-files-3,1,other
EFTA02410679.pdf,data-set-11-files-3,1,email
EFTA02410680.pdf,data-set-11-files-3,1,other
EFTA02410681.pdf,data-set-11-files-3,1,email
EFTA02410682.pdf,data-set-11-files-3,1,other
EFTA02410683.pdf,data-set-11-files-3,1,other
EFTA02410684.pdf,data-set-11-files-3,1,email
EFTA02410685.pdf,data-set-11-files-3,1,other
EFTA02410686.pdf,data-set-11-files-3,1,email
EFTA02410687.pdf,data-set-11-files-3,1,email
EFTA02410688.pdf,data-set-11-files-3,1,other
EFTA02410689.pdf,data-set-11-files-3,1,other
EFTA02410690.pdf,data-set-11-files-3,1,other
EFTA02410691.pdf,data-set-11-files-3,1,other
EFTA02410692.pdf,data-set-11-files-3,1,other
EFTA02410693.pdf,data-set-11-files-3,1,email
EFTA02410694.pdf,data-set-11-files-3,1,email
EFTA02410695.pdf,data-set-11-files-3,1,other
EFTA02410696.pdf,data-set-11-files-3,1,email
EFTA02410697.pdf,data-set-11-files-3,1,other
EFTA02410698.pdf,data-set-11-files-3,1,other
EFTA02410699.pdf,data-set-11-files-3,1,other
EFTA02410700.pdf,data-set-11-files-3,1,other
EFTA02410701.pdf,data-set-11-files-3,1,other
EFTA02410702.pdf,data-set-11-files-3,1,email
EFTA02410703.pdf,data-set-11-files-3,1,other
EFTA02410704.pdf,data-set-11-files-3,1,email
EFTA02410705.pdf,data-set-11-files-3,3,email
EFTA02410708.pdf,data-set-11-files-3,1,other
EFTA02410709.pdf,data-set-11-files-3,1,email
EFTA02410710.pdf,data-set-11-files-3,1,email
EFTA02410711.pdf,data-set-11-files-3,1,other
EFTA02410712.pdf,data-set-11-files-3,1,email
EFTA02410713.pdf,data-set-11-files-3,1,email
EFTA02410714.pdf,data-set-11-files-3,2,email
EFTA02410716.pdf,data-set-11-files-3,1,email
EFTA02410717.pdf,data-set-11-files-3,1,other
EFTA02410718.pdf,data-set-11-files-3,1,other
EFTA02410719.pdf,data-set-11-files-3,1,other
EFTA02410720.pdf,data-set-11-files-3,1,other
EFTA02410721.pdf,data-set-11-files-3,2,email
EFTA02410723.pdf,data-set-11-files-3,1,email
EFTA02410724.pdf,data-set-11-files-3,1,email
EFTA02410725.pdf,data-set-11-files-3,1,email
EFTA02410726.pdf,data-set-11-files-3,1,other
EFTA02410727.pdf,data-set-11-files-3,1,other
EFTA02410728.pdf,data-set-11-files-3,1,email
EFTA02410729.pdf,data-set-11-files-3,1,other
EFTA02410730.pdf,data-set-11-files-3,1,email
EFTA02410731.pdf,data-set-11-files-3,5,other
EFTA02410736.pdf,data-set-11-files-3,2,email
EFTA02410738.pdf,data-set-11-files-3,1,email
EFTA02410739.pdf,data-set-11-files-3,1,other
EFTA02410740.pdf,data-set-11-files-3,2,other
EFTA02410742.pdf,data-set-11-files-3,1,other
EFTA02410743.pdf,data-set-11-files-3,2,email
EFTA02410745.pdf,data-set-11-files-3,1,other
EFTA02410746.pdf,data-set-11-files-3,1,email
EFTA02410747.pdf,data-set-11-files-3,1,other
EFTA02410748.pdf,data-set-11-files-3,1,email
EFTA02410749.pdf,data-set-11-files-3,1,other
EFTA02410750.pdf,data-set-11-files-3,1,email
EFTA02410751.pdf,data-set-11-files-3,1,email
EFTA02410752.pdf,data-set-11-files-3,1,email
EFTA02410753.pdf,data-set-11-files-3,1,other
EFTA02410754.pdf,data-set-11-files-3,1,email
EFTA02410755.pdf,data-set-11-files-3,1,other
EFTA02410756.pdf,data-set-11-files-3,1,email
EFTA02410757.pdf,data-set-11-files-3,1,other
EFTA02410758.pdf,data-set-11-files-3,1,other
EFTA02410759.pdf,data-set-11-files-3,1,other
EFTA02410760.pdf,data-set-11-files-3,1,other
EFTA02410761.pdf,data-set-11-files-3,1,other
EFTA02410762.pdf,data-set-11-files-3,3,other
EFTA02410765.pdf,data-set-11-files-3,1,email
EFTA02410766.pdf,data-set-11-files-3,1,other
EFTA02410767.pdf,data-set-11-files-3,1,other
EFTA02410768.pdf,data-set-11-files-3,1,email
EFTA02410769.pdf,data-set-11-files-3,1,email
EFTA02410770.pdf,data-set-11-files-3,1,other
EFTA02410771.pdf,data-set-11-files-3,1,other
EFTA02410772.pdf,data-set-11-files-3,1,other
EFTA02410773.pdf,data-set-11-files-3,1,email
EFTA02410774.pdf,data-set-11-files-3,1,other
EFTA02410775.pdf,data-set-11-files-3,1,other
EFTA02410776.pdf,data-set-11-files-3,1,email
EFTA02410777.pdf,data-set-11-files-3,1,email
EFTA02410778.pdf,data-set-11-files-3,1,other
EFTA02410779.pdf,data-set-11-files-3,1,other
EFTA02410780.pdf,data-set-11-files-3,1,other
EFTA02410781.pdf,data-set-11-files-3,1,email
EFTA02410782.pdf,data-set-11-files-3,1,email
EFTA02410783.pdf,data-set-11-files-3,1,other
EFTA02410784.pdf,data-set-11-files-3,1,other
EFTA02410785.pdf,data-set-11-files-3,1,email
EFTA02410786.pdf,data-set-11-files-3,1,email
EFTA02410787.pdf,data-set-11-files-3,1,other
EFTA02410788.pdf,data-set-11-files-3,1,email
EFTA02410789.pdf,data-set-11-files-3,1,other
EFTA02410790.pdf,data-set-11-files-3,1,email
EFTA02410791.pdf,data-set-11-files-3,1,email
EFTA02410792.pdf,data-set-11-files-3,1,other
EFTA02410793.pdf,data-set-11-files-3,1,other
EFTA02410794.pdf,data-set-11-files-3,1,other
EFTA02410795.pdf,data-set-11-files-3,1,email
EFTA02410796.pdf,data-set-11-files-3,2,email
EFTA02410798.pdf,data-set-11-files-3,1,email
EFTA02410799.pdf,data-set-11-files-3,1,other
EFTA02410800.pdf,data-set-11-files-3,1,other
EFTA02410801.pdf,data-set-11-files-3,1,email
EFTA02410802.pdf,data-set-11-files-3,2,email
EFTA02410804.pdf,data-set-11-files-3,1,other
EFTA02410805.pdf,data-set-11-files-3,1,email
EFTA02410806.pdf,data-set-11-files-3,2,email
EFTA02410808.pdf,data-set-11-files-3,1,other
EFTA02410809.pdf,data-set-11-files-3,1,email
EFTA02410810.pdf,data-set-11-files-3,1,other
EFTA02410811.pdf,data-set-11-files-3,1,email
EFTA02410812.pdf,data-set-11-files-3,1,other
EFTA02410813.pdf,data-set-11-files-3,1,email
EFTA02410814.pdf,data-set-11-files-3,2,other
EFTA02410816.pdf,data-set-11-files-3,1,other
EFTA02410817.pdf,data-set-11-files-3,2,email
EFTA02410819.pdf,data-set-11-files-3,1,email
EFTA02410820.pdf,data-set-11-files-3,2,email
EFTA02410822.pdf,data-set-11-files-3,1,other
EFTA02410823.pdf,data-set-11-files-3,2,email
EFTA02410825.pdf,data-set-11-files-3,1,email
EFTA02410826.pdf,data-set-11-files-3,1,email
EFTA02410827.pdf,data-set-11-files-3,2,email
EFTA02410829.pdf,data-set-11-files-3,1,other
EFTA02410830.pdf,data-set-11-files-3,1,email
EFTA02410831.pdf,data-set-11-files-3,1,email
EFTA02410832.pdf,data-set-11-files-3,1,other
EFTA02410833.pdf,data-set-11-files-3,1,other
EFTA02410834.pdf,data-set-11-files-3,1,other
EFTA02410835.pdf,data-set-11-files-3,1,other
EFTA02410836.pdf,data-set-11-files-3,1,email
EFTA02410837.pdf,data-set-11-files-3,1,other
EFTA02410838.pdf,data-set-11-files-3,1,other
EFTA02410839.pdf,data-set-11-files-3,1,email
EFTA02410840.pdf,data-set-11-files-3,2,email
EFTA02410842.pdf,data-set-11-files-3,1,email
EFTA02410843.pdf,data-set-11-files-3,1,other
EFTA02410844.pdf,data-set-11-files-3,1,email
EFTA02410845.pdf,data-set-11-files-3,1,email
EFTA02410846.pdf,data-set-11-files-3,1,email
EFTA02410847.pdf,data-set-11-files-3,1,email
EFTA02410848.pdf,data-set-11-files-3,3,other
EFTA02410851.pdf,data-set-11-files-3,1,email
EFTA02410852.pdf,data-set-11-files-3,4,email
EFTA02410856.pdf,data-set-11-files-3,1,other
EFTA02410857.pdf,data-set-11-files-3,3,email
EFTA02410860.pdf,data-set-11-files-3,1,other
EFTA02410861.pdf,data-set-11-files-3,1,email
EFTA02410862.pdf,data-set-11-files-3,6,email
EFTA02410868.pdf,data-set-11-files-3,2,email
EFTA02410870.pdf,data-set-11-files-3,1,other
EFTA02410871.pdf,data-set-11-files-3,3,email
EFTA02410874.pdf,data-set-11-files-3,1,other
EFTA02410875.pdf,data-set-11-files-3,7,email
EFTA02410882.pdf,data-set-11-files-3,1,email
EFTA02410883.pdf,data-set-11-files-3,1,other
EFTA02410884.pdf,data-set-11-files-3,1,email
EFTA02410885.pdf,data-set-11-files-3,1,email
EFTA02410886.pdf,data-set-11-files-3,1,other
EFTA02410887.pdf,data-set-11-files-3,2,other
EFTA02410889.pdf,data-set-11-files-3,2,email
EFTA02410891.pdf,data-set-11-files-3,1,email
EFTA02410892.pdf,data-set-11-files-3,3,email
EFTA02410895.pdf,data-set-11-files-3,1,other
EFTA02410896.pdf,data-set-11-files-3,1,email
EFTA02410897.pdf,data-set-11-files-3,1,email
EFTA02410898.pdf,data-set-11-files-3,2,other
EFTA02410900.pdf,data-set-11-files-3,2,email
EFTA02410902.pdf,data-set-11-files-3,1,email
EFTA02410903.pdf,data-set-11-files-3,1,email
EFTA02410904.pdf,data-set-11-files-3,1,other
EFTA02410905.pdf,data-set-11-files-3,1,other
EFTA02410906.pdf,data-set-11-files-3,1,email
EFTA02410907.pdf,data-set-11-files-3,1,other
EFTA02410908.pdf,data-set-11-files-3,1,email
EFTA02410909.pdf,data-set-11-files-3,1,email
EFTA02410910.pdf,data-set-11-files-3,1,email
EFTA02410911.pdf,data-set-11-files-3,1,other
EFTA02410912.pdf,data-set-11-files-3,1,email
EFTA02410913.pdf,data-set-11-files-3,1,other
EFTA02410914.pdf,data-set-11-files-3,3,email
EFTA02410917.pdf,data-set-11-files-3,1,other
EFTA02410918.pdf,data-set-11-files-3,3,email
EFTA02410921.pdf,data-set-11-files-3,2,email
EFTA02410923.pdf,data-set-11-files-3,2,email
EFTA02410925.pdf,data-set-11-files-3,1,other
EFTA02410926.pdf,data-set-11-files-3,1,other
EFTA02410927.pdf,data-set-11-files-3,4,email
EFTA02410931.pdf,data-set-11-files-3,1,email
EFTA02410932.pdf,data-set-11-files-3,4,email
EFTA02410936.pdf,data-set-11-files-3,3,email
EFTA02410939.pdf,data-set-11-files-3,4,email
EFTA02410943.pdf,data-set-11-files-3,1,email
EFTA02410944.pdf,data-set-11-files-3,1,email
EFTA02410945.pdf,data-set-11-files-3,1,email
EFTA02410946.pdf,data-set-11-files-3,1,email
EFTA02410947.pdf,data-set-11-files-3,1,other
EFTA02410948.pdf,data-set-11-files-3,1,other
EFTA02410949.pdf,data-set-11-files-3,2,email
EFTA02410951.pdf,data-set-11-files-3,1,other
EFTA02410952.pdf,data-set-11-files-3,1,email
EFTA02410953.pdf,data-set-11-files-3,1,email
EFTA02410954.pdf,data-set-11-files-3,1,other
EFTA02410955.pdf,data-set-11-files-3,1,other
EFTA02410956.pdf,data-set-11-files-3,2,email
EFTA02410958.pdf,data-set-11-files-3,1,email
EFTA02410959.pdf,data-set-11-files-3,1,email
EFTA02410960.pdf,data-set-11-files-3,4,email
EFTA02410964.pdf,data-set-11-files-3,1,email
EFTA02410965.pdf,data-set-11-files-3,1,email
EFTA02410966.pdf,data-set-11-files-3,3,other
EFTA02410969.pdf,data-set-11-files-3,4,email
EFTA02410973.pdf,data-set-11-files-3,1,other
EFTA02410974.pdf,data-set-11-files-3,1,other
EFTA02410975.pdf,data-set-11-files-3,1,email
EFTA02410976.pdf,data-set-11-files-3,1,other
EFTA02410977.pdf,data-set-11-files-3,2,email
EFTA02410979.pdf,data-set-11-files-3,1,email
EFTA02410980.pdf,data-set-11-files-3,2,email
EFTA02410982.pdf,data-set-11-files-3,1,other
EFTA02410983.pdf,data-set-11-files-3,1,other
EFTA02410984.pdf,data-set-11-files-3,1,other
EFTA02410985.pdf,data-set-11-files-3,1,other
EFTA02410986.pdf,data-set-11-files-3,1,email
EFTA02410987.pdf,data-set-11-files-3,1,other
EFTA02410988.pdf,data-set-11-files-3,1,email
EFTA02410989.pdf,data-set-11-files-3,1,email
EFTA02410990.pdf,data-set-11-files-3,1,other
EFTA02410991.pdf,data-set-11-files-3,1,email
EFTA02410992.pdf,data-set-11-files-3,2,other
EFTA02410994.pdf,data-set-11-files-3,1,other
EFTA02410995.pdf,data-set-11-files-3,1,email
EFTA02410996.pdf,data-set-11-files-3,1,other
EFTA02410997.pdf,data-set-11-files-3,1,other
EFTA02410998.pdf,data-set-11-files-3,1,email
EFTA02410999.pdf,data-set-11-files-3,1,email
EFTA02411000.pdf,data-set-11-files-3,1,other
EFTA02411001.pdf,data-set-11-files-3,2,email
EFTA02411003.pdf,data-set-11-files-3,1,email
EFTA02411004.pdf,data-set-11-files-3,1,email
EFTA02411005.pdf,data-set-11-files-3,2,email
EFTA02411007.pdf,data-set-11-files-3,2,email
EFTA02411009.pdf,data-set-11-files-3,1,other
EFTA02411010.pdf,data-set-11-files-3,1,other
EFTA02411011.pdf,data-set-11-files-3,1,email
EFTA02411012.pdf,data-set-11-files-3,1,email
EFTA02411013.pdf,data-set-11-files-3,1,email
EFTA02411014.pdf,data-set-11-files-3,1,email
EFTA02411015.pdf,data-set-11-files-3,2,email
EFTA02411017.pdf,data-set-11-files-3,1,other
EFTA02411018.pdf,data-set-11-files-3,1,other
EFTA02411019.pdf,data-set-11-files-3,1,email
EFTA02411020.pdf,data-set-11-files-3,1,email
EFTA02411021.pdf,data-set-11-files-3,2,email
EFTA02411023.pdf,data-set-11-files-3,1,email
EFTA02411024.pdf,data-set-11-files-3,1,email
EFTA02411025.pdf,data-set-11-files-3,3,email
EFTA02411028.pdf,data-set-11-files-3,2,email
EFTA02411030.pdf,data-set-11-files-3,1,email
EFTA02411031.pdf,data-set-11-files-3,1,other
EFTA02411032.pdf,data-set-11-files-3,1,other
EFTA02411033.pdf,data-set-11-files-3,1,email
EFTA02411034.pdf,data-set-11-files-3,1,email
EFTA02411035.pdf,data-set-11-files-3,1,other
EFTA02411036.pdf,data-set-11-files-3,1,email
EFTA02411037.pdf,data-set-11-files-3,1,email
EFTA02411038.pdf,data-set-11-files-3,1,other
EFTA02411039.pdf,data-set-11-files-3,1,other
EFTA02411040.pdf,data-set-11-files-3,1,other
EFTA02411041.pdf,data-set-11-files-3,1,other
EFTA02411042.pdf,data-set-11-files-3,1,email
EFTA02411043.pdf,data-set-11-files-3,1,other
EFTA02411044.pdf,data-set-11-files-3,1,email
EFTA02411045.pdf,data-set-11-files-3,4,email
EFTA02411049.pdf,data-set-11-files-3,1,email
EFTA02411050.pdf,data-set-11-files-3,1,other
EFTA02411051.pdf,data-set-11-files-3,2,email
EFTA02411053.pdf,data-set-11-files-3,2,email
EFTA02411055.pdf,data-set-11-files-3,1,email
EFTA02411056.pdf,data-set-11-files-3,1,other
EFTA02411057.pdf,data-set-11-files-3,1,email
EFTA02411058.pdf,data-set-11-files-3,1,other
EFTA02411059.pdf,data-set-11-files-3,1,email
EFTA02411060.pdf,data-set-11-files-3,1,email
EFTA02411061.pdf,data-set-11-files-3,1,email
EFTA02411062.pdf,data-set-11-files-3,1,email
EFTA02411063.pdf,data-set-11-files-3,1,email
EFTA02411064.pdf,data-set-11-files-3,3,email
EFTA02411067.pdf,data-set-11-files-3,1,other
EFTA02411068.pdf,data-set-11-files-3,2,other
EFTA02411070.pdf,data-set-11-files-3,1,email
EFTA02411071.pdf,data-set-11-files-3,2,other
EFTA02411073.pdf,data-set-11-files-3,1,other
EFTA02411074.pdf,data-set-11-files-3,1,other
EFTA02411075.pdf,data-set-11-files-3,1,email
EFTA02411076.pdf,data-set-11-files-3,1,other
EFTA02411077.pdf,data-set-11-files-3,2,email
EFTA02411079.pdf,data-set-11-files-3,1,other
EFTA02411080.pdf,data-set-11-files-3,1,email
EFTA02411081.pdf,data-set-11-files-3,2,other
EFTA02411083.pdf,data-set-11-files-3,1,email
EFTA02411084.pdf,data-set-11-files-3,2,email
EFTA02411086.pdf,data-set-11-files-3,1,other
EFTA02411087.pdf,data-set-11-files-3,1,email
EFTA02411088.pdf,data-set-11-files-3,1,other
EFTA02411089.pdf,data-set-11-files-3,1,email
EFTA02411090.pdf,data-set-11-files-3,1,email
EFTA02411091.pdf,data-set-11-files-3,1,email
EFTA02411092.pdf,data-set-11-files-3,1,other
EFTA02411093.pdf,data-set-11-files-3,1,other
EFTA02411094.pdf,data-set-11-files-3,2,email
EFTA02411096.pdf,data-set-11-files-3,1,other
EFTA02411097.pdf,data-set-11-files-3,1,other
EFTA02411098.pdf,data-set-11-files-3,1,other
EFTA02411099.pdf,data-set-11-files-3,1,email
EFTA02411100.pdf,data-set-11-files-3,2,email
EFTA02411102.pdf,data-set-11-files-3,1,other
EFTA02411103.pdf,data-set-11-files-3,1,email
EFTA02411104.pdf,data-set-11-files-3,1,other
EFTA02411105.pdf,data-set-11-files-3,1,email
EFTA02411106.pdf,data-set-11-files-3,1,other
EFTA02411107.pdf,data-set-11-files-3,1,email
EFTA02411108.pdf,data-set-11-files-3,1,other
EFTA02411109.pdf,data-set-11-files-3,1,other
EFTA02411110.pdf,data-set-11-files-3,3,other
EFTA02411113.pdf,data-set-11-files-3,1,other
EFTA02411114.pdf,data-set-11-files-3,1,other
EFTA02411115.pdf,data-set-11-files-3,1,other
EFTA02411116.pdf,data-set-11-files-3,1,email
EFTA02411117.pdf,data-set-11-files-3,3,other
EFTA02411120.pdf,data-set-11-files-3,1,other
EFTA02411121.pdf,data-set-11-files-3,1,email
EFTA02411122.pdf,data-set-11-files-3,1,other
EFTA02411123.pdf,data-set-11-files-3,1,email
EFTA02411124.pdf,data-set-11-files-3,1,email
EFTA02411125.pdf,data-set-11-files-3,1,other
EFTA02411126.pdf,data-set-11-files-3,1,other
EFTA02411127.pdf,data-set-11-files-3,1,email
EFTA02411128.pdf,data-set-11-files-3,1,other
EFTA02411129.pdf,data-set-11-files-3,3,other
EFTA02411132.pdf,data-set-11-files-3,1,email
EFTA02411133.pdf,data-set-11-files-3,1,email
EFTA02411134.pdf,data-set-11-files-3,1,other
EFTA02411135.pdf,data-set-11-files-3,1,email
EFTA02411136.pdf,data-set-11-files-3,1,email
EFTA02411137.pdf,data-set-11-files-3,1,other
EFTA02411138.pdf,data-set-11-files-3,1,other
EFTA02411139.pdf,data-set-11-files-3,1,email
EFTA02411140.pdf,data-set-11-files-3,1,other
EFTA02411141.pdf,data-set-11-files-3,1,other
EFTA02411142.pdf,data-set-11-files-3,1,other
EFTA02411143.pdf,data-set-11-files-3,1,email
EFTA02411144.pdf,data-set-11-files-3,1,email
EFTA02411145.pdf,data-set-11-files-3,1,other
EFTA02411146.pdf,data-set-11-files-3,1,email
EFTA02411147.pdf,data-set-11-files-3,1,email
EFTA02411148.pdf,data-set-11-files-3,1,other
EFTA02411149.pdf,data-set-11-files-3,1,email
EFTA02411150.pdf,data-set-11-files-3,1,other
EFTA02411151.pdf,data-set-11-files-3,1,email
EFTA02411152.pdf,data-set-11-files-3,1,email
EFTA02411153.pdf,data-set-11-files-3,1,email
EFTA02411154.pdf,data-set-11-files-3,1,email
EFTA02411155.pdf,data-set-11-files-3,1,other
EFTA02411156.pdf,data-set-11-files-3,1,other
EFTA02411157.pdf,data-set-11-files-3,1,other
EFTA02411158.pdf,data-set-11-files-3,2,email
EFTA02411160.pdf,data-set-11-files-3,1,other
EFTA02411161.pdf,data-set-11-files-3,1,email
EFTA02411162.pdf,data-set-11-files-3,1,other
EFTA02411163.pdf,data-set-11-files-3,1,email
EFTA02411164.pdf,data-set-11-files-3,1,other
EFTA02411165.pdf,data-set-11-files-3,1,email
EFTA02411166.pdf,data-set-11-files-3,1,email
EFTA02411167.pdf,data-set-11-files-3,1,email
EFTA02411168.pdf,data-set-11-files-3,1,other
EFTA02411169.pdf,data-set-11-files-3,1,email
EFTA02411170.pdf,data-set-11-files-3,1,other
EFTA02411171.pdf,data-set-11-files-3,1,other
EFTA02411172.pdf,data-set-11-files-3,1,other
EFTA02411173.pdf,data-set-11-files-3,1,other
EFTA02411174.pdf,data-set-11-files-3,1,other
EFTA02411175.pdf,data-set-11-files-3,3,other
EFTA02411178.pdf,data-set-11-files-3,1,email
EFTA02411179.pdf,data-set-11-files-3,1,other
EFTA02411180.pdf,data-set-11-files-3,1,other
EFTA02411181.pdf,data-set-11-files-3,1,other
EFTA02411182.pdf,data-set-11-files-3,1,email
EFTA02411183.pdf,data-set-11-files-3,3,email
EFTA02411186.pdf,data-set-11-files-3,1,other
EFTA02411187.pdf,data-set-11-files-3,1,email
EFTA02411188.pdf,data-set-11-files-3,1,other
EFTA02411189.pdf,data-set-11-files-3,1,email
EFTA02411190.pdf,data-set-11-files-3,3,other
EFTA02411193.pdf,data-set-11-files-3,1,other
EFTA02411194.pdf,data-set-11-files-3,1,email
EFTA02411195.pdf,data-set-11-files-3,1,other
EFTA02411196.pdf,data-set-11-files-3,1,other
EFTA02411197.pdf,data-set-11-files-3,1,other
EFTA02411198.pdf,data-set-11-files-3,1,other
EFTA02411199.pdf,data-set-11-files-3,1,email
EFTA02411200.pdf,data-set-11-files-3,1,email
EFTA02411201.pdf,data-set-11-files-3,1,email
EFTA02411202.pdf,data-set-11-files-3,2,email
EFTA02411204.pdf,data-set-11-files-3,1,email
EFTA02411205.pdf,data-set-11-files-3,1,other
EFTA02411206.pdf,data-set-11-files-3,1,other
EFTA02411207.pdf,data-set-11-files-3,1,other
EFTA02411208.pdf,data-set-11-files-3,1,other
EFTA02411209.pdf,data-set-11-files-3,1,email
EFTA02411210.pdf,data-set-11-files-3,1,other
EFTA02411211.pdf,data-set-11-files-3,1,other
EFTA02411212.pdf,data-set-11-files-3,2,email
EFTA02411214.pdf,data-set-11-files-3,1,email
EFTA02411215.pdf,data-set-11-files-3,2,email
EFTA02411217.pdf,data-set-11-files-3,1,other
EFTA02411218.pdf,data-set-11-files-3,1,other
EFTA02411219.pdf,data-set-11-files-3,1,email
EFTA02411220.pdf,data-set-11-files-3,1,email
EFTA02411221.pdf,data-set-11-files-3,1,email
EFTA02411222.pdf,data-set-11-files-3,1,other
EFTA02411223.pdf,data-set-11-files-3,1,other
EFTA02411224.pdf,data-set-11-files-3,2,email
EFTA02411227.pdf,data-set-11-files-3,1,other
EFTA02411228.pdf,data-set-11-files-3,1,email
EFTA02411229.pdf,data-set-11-files-3,2,email
EFTA02411231.pdf,data-set-11-files-3,1,email
EFTA02411232.pdf,data-set-11-files-3,1,other
EFTA02411233.pdf,data-set-11-files-3,1,email
EFTA02411234.pdf,data-set-11-files-3,1,other
EFTA02411235.pdf,data-set-11-files-3,1,email
EFTA02411236.pdf,data-set-11-files-3,1,email
EFTA02411237.pdf,data-set-11-files-3,2,other
EFTA02411239.pdf,data-set-11-files-3,2,email
EFTA02411241.pdf,data-set-11-files-3,1,email
EFTA02411242.pdf,data-set-11-files-3,1,email
EFTA02411243.pdf,data-set-11-files-3,2,other
EFTA02411245.pdf,data-set-11-files-3,2,email
EFTA02411247.pdf,data-set-11-files-3,2,email
EFTA02411249.pdf,data-set-11-files-3,1,other
EFTA02411250.pdf,data-set-11-files-3,1,email
EFTA02411251.pdf,data-set-11-files-3,1,email
EFTA02411252.pdf,data-set-11-files-3,1,other
EFTA02411253.pdf,data-set-11-files-3,1,email
EFTA02411254.pdf,data-set-11-files-3,1,other
EFTA02411255.pdf,data-set-11-files-3,2,email
EFTA02411257.pdf,data-set-11-files-3,1,email
EFTA02411258.pdf,data-set-11-files-3,1,email
EFTA02411259.pdf,data-set-11-files-3,2,email
EFTA02411261.pdf,data-set-11-files-3,1,email
EFTA02411262.pdf,data-set-11-files-3,1,email
EFTA02411263.pdf,data-set-11-files-3,2,other
EFTA02411265.pdf,data-set-11-files-3,1,email
EFTA02411266.pdf,data-set-11-files-3,1,other
EFTA02411267.pdf,data-set-11-files-3,1,email
EFTA02411268.pdf,data-set-11-files-3,1,email
EFTA02411269.pdf,data-set-11-files-3,1,other
EFTA02411270.pdf,data-set-11-files-3,1,email
EFTA02411271.pdf,data-set-11-files-3,2,email
EFTA02411273.pdf,data-set-11-files-3,1,email
EFTA02411274.pdf,data-set-11-files-3,1,other
EFTA02411275.pdf,data-set-11-files-3,1,email
EFTA02411276.pdf,data-set-11-files-3,1,other
EFTA02411277.pdf,data-set-11-files-3,1,email
EFTA02411278.pdf,data-set-11-files-3,1,email
EFTA02411279.pdf,data-set-11-files-3,1,email
EFTA02411280.pdf,data-set-11-files-3,1,email
EFTA02411281.pdf,data-set-11-files-3,2,email
EFTA02411283.pdf,data-set-11-files-3,1,email
EFTA02411284.pdf,data-set-11-files-3,1,email
EFTA02411285.pdf,data-set-11-files-3,1,other
EFTA02411286.pdf,data-set-11-files-3,1,other
EFTA02411287.pdf,data-set-11-files-3,1,other
EFTA02411288.pdf,data-set-11-files-3,1,email
EFTA02411289.pdf,data-set-11-files-3,1,other
EFTA02411290.pdf,data-set-11-files-3,2,email
EFTA02411292.pdf,data-set-11-files-3,1,other
EFTA02411293.pdf,data-set-11-files-3,1,other
EFTA02411294.pdf,data-set-11-files-3,1,other
EFTA02411295.pdf,data-set-11-files-3,1,other
EFTA02411296.pdf,data-set-11-files-3,1,other
EFTA02411297.pdf,data-set-11-files-3,1,other
EFTA02411298.pdf,data-set-11-files-3,1,other
EFTA02411299.pdf,data-set-11-files-3,1,other
EFTA02411300.pdf,data-set-11-files-3,2,email
EFTA02411302.pdf,data-set-11-files-3,2,email
EFTA02411304.pdf,data-set-11-files-3,1,other
EFTA02411305.pdf,data-set-11-files-3,2,other
EFTA02411307.pdf,data-set-11-files-3,1,email
EFTA02411308.pdf,data-set-11-files-3,1,email
EFTA02411309.pdf,data-set-11-files-3,1,other
EFTA02411310.pdf,data-set-11-files-3,1,other
EFTA02411311.pdf,data-set-11-files-3,1,other
EFTA02411312.pdf,data-set-11-files-3,1,other
EFTA02411313.pdf,data-set-11-files-3,1,other
EFTA02411314.pdf,data-set-11-files-3,1,other
EFTA02411315.pdf,data-set-11-files-3,2,email
EFTA02411317.pdf,data-set-11-files-3,1,other
EFTA02411318.pdf,data-set-11-files-3,2,email
EFTA02411320.pdf,data-set-11-files-3,1,other
EFTA02411321.pdf,data-set-11-files-3,1,other
EFTA02411322.pdf,data-set-11-files-3,1,email
EFTA02411323.pdf,data-set-11-files-3,3,email
EFTA02411326.pdf,data-set-11-files-3,1,email
EFTA02411327.pdf,data-set-11-files-3,1,email
EFTA02411328.pdf,data-set-11-files-3,1,other
EFTA02411329.pdf,data-set-11-files-3,1,email
EFTA02411330.pdf,data-set-11-files-3,1,other
EFTA02411331.pdf,data-set-11-files-3,1,other
EFTA02411332.pdf,data-set-11-files-3,1,other
EFTA02411333.pdf,data-set-11-files-3,1,email
EFTA02411334.pdf,data-set-11-files-3,1,email
EFTA02411335.pdf,data-set-11-files-3,1,email
EFTA02411336.pdf,data-set-11-files-3,1,email
EFTA02411337.pdf,data-set-11-files-3,1,email
EFTA02411338.pdf,data-set-11-files-3,3,other
EFTA02411341.pdf,data-set-11-files-3,3,email
EFTA02411344.pdf,data-set-11-files-3,1,email
EFTA02411345.pdf,data-set-11-files-3,1,email
EFTA02411346.pdf,data-set-11-files-3,2,email
EFTA02411348.pdf,data-set-11-files-3,1,email
EFTA02411349.pdf,data-set-11-files-3,1,email
EFTA02411350.pdf,data-set-11-files-3,2,email
EFTA02411352.pdf,data-set-11-files-3,1,email
EFTA02411353.pdf,data-set-11-files-3,3,other
EFTA02411356.pdf,data-set-11-files-3,1,email
EFTA02411357.pdf,data-set-11-files-3,1,other
EFTA02411358.pdf,data-set-11-files-3,1,other
EFTA02411359.pdf,data-set-11-files-3,1,other
EFTA02411360.pdf,data-set-11-files-3,1,other
EFTA02411361.pdf,data-set-11-files-3,1,other
EFTA02411362.pdf,data-set-11-files-3,1,other
EFTA02411363.pdf,data-set-11-files-3,1,other
EFTA02411364.pdf,data-set-11-files-3,2,email
EFTA02411366.pdf,data-set-11-files-3,1,other
EFTA02411367.pdf,data-set-11-files-3,1,other
EFTA02411368.pdf,data-set-11-files-3,1,other
EFTA02411369.pdf,data-set-11-files-3,1,other
EFTA02411370.pdf,data-set-11-files-3,1,email
EFTA02411371.pdf,data-set-11-files-3,2,email
EFTA02411373.pdf,data-set-11-files-3,1,email
EFTA02411374.pdf,data-set-11-files-3,1,email
EFTA02411375.pdf,data-set-11-files-3,1,email
EFTA02411376.pdf,data-set-11-files-3,1,email
EFTA02411377.pdf,data-set-11-files-3,3,email
EFTA02411380.pdf,data-set-11-files-3,2,email
EFTA02411382.pdf,data-set-11-files-3,1,email
EFTA02411383.pdf,data-set-11-files-3,19,other
EFTA02411402.pdf,data-set-11-files-3,1,email
EFTA02411403.pdf,data-set-11-files-3,1,email
EFTA02411404.pdf,data-set-11-files-3,1,other
EFTA02411405.pdf,data-set-11-files-3,1,other
EFTA02411406.pdf,data-set-11-files-3,1,other
EFTA02411407.pdf,data-set-11-files-3,1,email
EFTA02411408.pdf,data-set-11-files-3,1,email
EFTA02411409.pdf,data-set-11-files-3,1,email
EFTA02411410.pdf,data-set-11-files-3,1,other
EFTA02411411.pdf,data-set-11-files-3,1,email
EFTA02411412.pdf,data-set-11-files-3,3,other
EFTA02411415.pdf,data-set-11-files-3,1,other
EFTA02411416.pdf,data-set-11-files-3,1,email
EFTA02411417.pdf,data-set-11-files-3,1,other
EFTA02411418.pdf,data-set-11-files-3,1,other
EFTA02411419.pdf,data-set-11-files-3,1,other
EFTA02411420.pdf,data-set-11-files-3,1,email
EFTA02411421.pdf,data-set-11-files-3,1,other
EFTA02411422.pdf,data-set-11-files-3,1,other
EFTA02411423.pdf,data-set-11-files-3,1,other
EFTA02411424.pdf,data-set-11-files-3,1,email
EFTA02411425.pdf,data-set-11-files-3,1,email
EFTA02411426.pdf,data-set-11-files-3,1,email
EFTA02411427.pdf,data-set-11-files-3,1,other
EFTA02411428.pdf,data-set-11-files-3,2,email
EFTA02411430.pdf,data-set-11-files-3,1,other
EFTA02411431.pdf,data-set-11-files-3,1,other
EFTA02411432.pdf,data-set-11-files-3,1,other
EFTA02411433.pdf,data-set-11-files-3,1,email
EFTA02411434.pdf,data-set-11-files-3,1,email
EFTA02411435.pdf,data-set-11-files-3,1,other
EFTA02411436.pdf,data-set-11-files-3,1,email
EFTA02411437.pdf,data-set-11-files-3,1,email
EFTA02411438.pdf,data-set-11-files-3,2,email
EFTA02411440.pdf,data-set-11-files-3,1,email
EFTA02411441.pdf,data-set-11-files-3,1,other
EFTA02411442.pdf,data-set-11-files-3,1,other
EFTA02411443.pdf,data-set-11-files-3,1,other
EFTA02411444.pdf,data-set-11-files-3,1,email
EFTA02411445.pdf,data-set-11-files-3,1,other
EFTA02411446.pdf,data-set-11-files-3,1,email
EFTA02411447.pdf,data-set-11-files-3,1,email
EFTA02411448.pdf,data-set-11-files-3,1,email
EFTA02411449.pdf,data-set-11-files-3,4,email
EFTA02411453.pdf,data-set-11-files-3,1,other
EFTA02411454.pdf,data-set-11-files-3,1,other
EFTA02411455.pdf,data-set-11-files-3,4,email
EFTA02411459.pdf,data-set-11-files-3,1,other
EFTA02411460.pdf,data-set-11-files-3,2,email
EFTA02411462.pdf,data-set-11-files-3,1,other
EFTA02411463.pdf,data-set-11-files-3,1,other
EFTA02411464.pdf,data-set-11-files-3,1,email
EFTA02411465.pdf,data-set-11-files-3,1,other
EFTA02411466.pdf,data-set-11-files-3,1,other
EFTA02411467.pdf,data-set-11-files-3,1,other
EFTA02411468.pdf,data-set-11-files-3,1,other
EFTA02411469.pdf,data-set-11-files-3,1,other
EFTA02411470.pdf,data-set-11-files-3,1,email
EFTA02411471.pdf,data-set-11-files-3,1,other
EFTA02411472.pdf,data-set-11-files-3,1,other
EFTA02411473.pdf,data-set-11-files-3,1,email
EFTA02411474.pdf,data-set-11-files-3,2,email
EFTA02411476.pdf,data-set-11-files-3,1,email
EFTA02411477.pdf,data-set-11-files-3,2,other
EFTA02411479.pdf,data-set-11-files-3,2,email
EFTA02411481.pdf,data-set-11-files-3,1,email
EFTA02411482.pdf,data-set-11-files-3,1,email
EFTA02411483.pdf,data-set-11-files-3,2,other
EFTA02411485.pdf,data-set-11-files-3,1,email
EFTA02411486.pdf,data-set-11-files-3,1,other
EFTA02411487.pdf,data-set-11-files-3,1,email
EFTA02411488.pdf,data-set-11-files-3,1,email
EFTA02411489.pdf,data-set-11-files-3,1,other
EFTA02411490.pdf,data-set-11-files-3,1,other
EFTA02411491.pdf,data-set-11-files-3,1,other
EFTA02411492.pdf,data-set-11-files-3,1,other
EFTA02411493.pdf,data-set-11-files-3,1,other
EFTA02411494.pdf,data-set-11-files-3,1,email
EFTA02411495.pdf,data-set-11-files-3,1,other
EFTA02411496.pdf,data-set-11-files-3,1,other
EFTA02411497.pdf,data-set-11-files-3,1,email
EFTA02411498.pdf,data-set-11-files-3,1,email
EFTA02411499.pdf,data-set-11-files-3,1,email
EFTA02411500.pdf,data-set-11-files-3,2,email
EFTA02411502.pdf,data-set-11-files-3,1,email
EFTA02411503.pdf,data-set-11-files-3,2,other
EFTA02411505.pdf,data-set-11-files-3,1,email
EFTA02411506.pdf,data-set-11-files-3,1,other
EFTA02411507.pdf,data-set-11-files-3,1,other
EFTA02411508.pdf,data-set-11-files-3,1,other
EFTA02411509.pdf,data-set-11-files-3,2,other
EFTA02411511.pdf,data-set-11-files-3,1,other
EFTA02411512.pdf,data-set-11-files-3,1,email
EFTA02411513.pdf,data-set-11-files-3,1,other
EFTA02411514.pdf,data-set-11-files-3,1,other
EFTA02411515.pdf,data-set-11-files-3,1,other
EFTA02411516.pdf,data-set-11-files-3,1,other
EFTA02411517.pdf,data-set-11-files-3,1,other
EFTA02411518.pdf,data-set-11-files-3,2,email
EFTA02411520.pdf,data-set-11-files-3,1,email
EFTA02411521.pdf,data-set-11-files-3,1,email
EFTA02411522.pdf,data-set-11-files-3,2,email
EFTA02411524.pdf,data-set-11-files-3,2,other
EFTA02411526.pdf,data-set-11-files-3,1,email
EFTA02411527.pdf,data-set-11-files-3,1,email
EFTA02411528.pdf,data-set-11-files-3,1,email
EFTA02411529.pdf,data-set-11-files-3,1,email
EFTA02411530.pdf,data-set-11-files-3,1,email
EFTA02411531.pdf,data-set-11-files-3,1,other
EFTA02411532.pdf,data-set-11-files-3,1,email
EFTA02411533.pdf,data-set-11-files-3,1,other
EFTA02411534.pdf,data-set-11-files-3,1,other
EFTA02411535.pdf,data-set-11-files-3,1,email
EFTA02411536.pdf,data-set-11-files-3,1,other
EFTA02411537.pdf,data-set-11-files-3,1,other
EFTA02411538.pdf,data-set-11-files-3,4,email
EFTA02411542.pdf,data-set-11-files-3,1,other
EFTA02411543.pdf,data-set-11-files-3,1,email
EFTA02411544.pdf,data-set-11-files-3,1,other
EFTA02411545.pdf,data-set-11-files-3,2,email
EFTA02411547.pdf,data-set-11-files-3,1,other
EFTA02411548.pdf,data-set-11-files-3,1,email
EFTA02411549.pdf,data-set-11-files-3,2,email
EFTA02411551.pdf,data-set-11-files-3,1,other
EFTA02411552.pdf,data-set-11-files-3,1,email
EFTA02411553.pdf,data-set-11-files-3,1,email
EFTA02411554.pdf,data-set-11-files-3,1,email
EFTA02411555.pdf,data-set-11-files-3,1,other
EFTA02411556.pdf,data-set-11-files-3,1,email
EFTA02411557.pdf,data-set-11-files-3,1,email
EFTA02411558.pdf,data-set-11-files-3,1,other
EFTA02411559.pdf,data-set-11-files-3,1,email
EFTA02411560.pdf,data-set-11-files-3,1,other
EFTA02411561.pdf,data-set-11-files-3,1,email
EFTA02411562.pdf,data-set-11-files-3,1,other
EFTA02411563.pdf,data-set-11-files-3,2,email
EFTA02411565.pdf,data-set-11-files-3,1,email
EFTA02411566.pdf,data-set-11-files-3,1,email
EFTA02411567.pdf,data-set-11-files-3,1,other
EFTA02411568.pdf,data-set-11-files-3,3,email
EFTA02411571.pdf,data-set-11-files-3,1,other
EFTA02411572.pdf,data-set-11-files-3,1,email
EFTA02411573.pdf,data-set-11-files-3,1,email
EFTA02411574.pdf,data-set-11-files-3,3,email
EFTA02411577.pdf,data-set-11-files-3,1,email
EFTA02411578.pdf,data-set-11-files-3,2,other
EFTA02411580.pdf,data-set-11-files-3,1,email
EFTA02411581.pdf,data-set-11-files-3,2,email
EFTA02411583.pdf,data-set-11-files-3,1,email
EFTA02411584.pdf,data-set-11-files-3,1,other
EFTA02411585.pdf,data-set-11-files-3,1,email
EFTA02411586.pdf,data-set-11-files-3,1,other
EFTA02411587.pdf,data-set-11-files-3,1,email
EFTA02411588.pdf,data-set-11-files-3,1,other
EFTA02411589.pdf,data-set-11-files-3,1,other
EFTA02411590.pdf,data-set-11-files-3,2,email
EFTA02411592.pdf,data-set-11-files-3,3,other
EFTA02411595.pdf,data-set-11-files-3,1,email
EFTA02411596.pdf,data-set-11-files-3,1,other
EFTA02411597.pdf,data-set-11-files-3,1,other
EFTA02411598.pdf,data-set-11-files-3,1,other
EFTA02411599.pdf,data-set-11-files-3,1,email
EFTA02411600.pdf,data-set-11-files-3,1,email
EFTA02411601.pdf,data-set-11-files-3,1,email
EFTA02411602.pdf,data-set-11-files-3,1,other
EFTA02411603.pdf,data-set-11-files-3,1,email
EFTA02411604.pdf,data-set-11-files-3,2,email
EFTA02411606.pdf,data-set-11-files-3,2,other
EFTA02411608.pdf,data-set-11-files-3,1,email
EFTA02411609.pdf,data-set-11-files-3,5,email
EFTA02411614.pdf,data-set-11-files-3,1,email
EFTA02411615.pdf,data-set-11-files-3,1,email
EFTA02411616.pdf,data-set-11-files-3,8,email
EFTA02411624.pdf,data-set-11-files-3,1,email
EFTA02411625.pdf,data-set-11-files-3,1,other
EFTA02411626.pdf,data-set-11-files-3,1,other
EFTA02411627.pdf,data-set-11-files-3,1,other
EFTA02411628.pdf,data-set-11-files-3,2,email
EFTA02411630.pdf,data-set-11-files-3,16,other
EFTA02411646.pdf,data-set-11-files-3,1,email
EFTA02411647.pdf,data-set-11-files-3,2,email
EFTA02411649.pdf,data-set-11-files-3,1,email
EFTA02411650.pdf,data-set-11-files-3,1,other
EFTA02411651.pdf,data-set-11-files-3,1,other
EFTA02411652.pdf,data-set-11-files-3,1,email
EFTA02411653.pdf,data-set-11-files-3,2,email
EFTA02411655.pdf,data-set-11-files-3,1,email
EFTA02411656.pdf,data-set-11-files-3,1,email
EFTA02411657.pdf,data-set-11-files-3,1,other
EFTA02411658.pdf,data-set-11-files-3,1,other
EFTA02411659.pdf,data-set-11-files-3,1,email
EFTA02411660.pdf,data-set-11-files-3,1,email
EFTA02411661.pdf,data-set-11-files-3,1,email
EFTA02411662.pdf,data-set-11-files-3,1,other
EFTA02411663.pdf,data-set-11-files-3,1,email
EFTA02411664.pdf,data-set-11-files-3,1,email
EFTA02411665.pdf,data-set-11-files-3,2,other
EFTA02411667.pdf,data-set-11-files-3,1,other
EFTA02411668.pdf,data-set-11-files-3,2,email
EFTA02411670.pdf,data-set-11-files-3,1,other
EFTA02411671.pdf,data-set-11-files-3,1,email
EFTA02411672.pdf,data-set-11-files-3,1,other
EFTA02411673.pdf,data-set-11-files-3,2,other
EFTA02411675.pdf,data-set-11-files-3,1,email
EFTA02411676.pdf,data-set-11-files-3,1,email
EFTA02411677.pdf,data-set-11-files-3,1,email
EFTA02411678.pdf,data-set-11-files-3,1,email
EFTA02411679.pdf,data-set-11-files-3,1,email
EFTA02411680.pdf,data-set-11-files-3,1,other
EFTA02411681.pdf,data-set-11-files-3,2,email
EFTA02411683.pdf,data-set-11-files-3,1,other
EFTA02411684.pdf,data-set-11-files-3,3,email
EFTA02411687.pdf,data-set-11-files-3,1,email
EFTA02411688.pdf,data-set-11-files-3,1,email
EFTA02411689.pdf,data-set-11-files-3,1,other
EFTA02411690.pdf,data-set-11-files-3,1,other
EFTA02411691.pdf,data-set-11-files-3,2,email
EFTA02411693.pdf,data-set-11-files-3,1,other
EFTA02411694.pdf,data-set-11-files-3,1,email
EFTA02411695.pdf,data-set-11-files-3,1,other
EFTA02411696.pdf,data-set-11-files-3,2,email
EFTA02411698.pdf,data-set-11-files-3,1,email
EFTA02411699.pdf,data-set-11-files-3,1,email
EFTA02411700.pdf,data-set-11-files-3,1,email
EFTA02411701.pdf,data-set-11-files-3,1,other
EFTA02411702.pdf,data-set-11-files-3,1,email
EFTA02411703.pdf,data-set-11-files-3,2,email
EFTA02411705.pdf,data-set-11-files-3,1,email
EFTA02411706.pdf,data-set-11-files-3,8,email
EFTA02411714.pdf,data-set-11-files-3,1,other
EFTA02411715.pdf,data-set-11-files-3,1,other
EFTA02411716.pdf,data-set-11-files-3,1,other
EFTA02411717.pdf,data-set-11-files-3,1,email
EFTA02411718.pdf,data-set-11-files-3,1,email
EFTA02411719.pdf,data-set-11-files-3,1,email
EFTA02411720.pdf,data-set-11-files-3,1,email
EFTA02411721.pdf,data-set-11-files-3,2,email
EFTA02411723.pdf,data-set-11-files-3,5,email
EFTA02411728.pdf,data-set-11-files-3,1,other
EFTA02411729.pdf,data-set-11-files-3,1,other
EFTA02411730.pdf,data-set-11-files-3,1,email
EFTA02411731.pdf,data-set-11-files-3,1,email
EFTA02411732.pdf,data-set-11-files-3,1,other
EFTA02411733.pdf,data-set-11-files-3,1,other
EFTA02411734.pdf,data-set-11-files-3,1,other
EFTA02411735.pdf,data-set-11-files-3,1,other
EFTA02411736.pdf,data-set-11-files-3,1,email
EFTA02411737.pdf,data-set-11-files-3,1,other
EFTA02411738.pdf,data-set-11-files-3,2,email
EFTA02411740.pdf,data-set-11-files-3,1,email
EFTA02411741.pdf,data-set-11-files-3,1,other
EFTA02411742.pdf,data-set-11-files-3,1,email
EFTA02411743.pdf,data-set-11-files-3,1,email
EFTA02411744.pdf,data-set-11-files-3,1,email
EFTA02411745.pdf,data-set-11-files-3,1,other
EFTA02411746.pdf,data-set-11-files-3,2,email
EFTA02411748.pdf,data-set-11-files-3,1,email
EFTA02411749.pdf,data-set-11-files-3,1,other
EFTA02411750.pdf,data-set-11-files-3,1,email
EFTA02411751.pdf,data-set-11-files-3,1,email
EFTA02411752.pdf,data-set-11-files-3,1,other
EFTA02411753.pdf,data-set-11-files-3,1,email
EFTA02411754.pdf,data-set-11-files-3,4,email
EFTA02411758.pdf,data-set-11-files-3,1,email
EFTA02411759.pdf,data-set-11-files-3,1,other
EFTA02411760.pdf,data-set-11-files-3,1,other
EFTA02411761.pdf,data-set-11-files-3,2,email
EFTA02411763.pdf,data-set-11-files-3,2,email
EFTA02411765.pdf,data-set-11-files-3,3,email
EFTA02411768.pdf,data-set-11-files-3,1,email
EFTA02411769.pdf,data-set-11-files-3,1,email
EFTA02411770.pdf,data-set-11-files-3,1,other
EFTA02411771.pdf,data-set-11-files-3,2,email
EFTA02411773.pdf,data-set-11-files-3,1,email
EFTA02411774.pdf,data-set-11-files-3,1,other
EFTA02411775.pdf,data-set-11-files-3,1,other
EFTA02411776.pdf,data-set-11-files-3,2,email
EFTA02411778.pdf,data-set-11-files-3,2,email
EFTA02411780.pdf,data-set-11-files-3,1,other
EFTA02411781.pdf,data-set-11-files-3,2,email
EFTA02411783.pdf,data-set-11-files-3,1,email
EFTA02411784.pdf,data-set-11-files-3,1,email
EFTA02411785.pdf,data-set-11-files-3,2,email
EFTA02411787.pdf,data-set-11-files-3,2,email
EFTA02411789.pdf,data-set-11-files-3,1,email
EFTA02411790.pdf,data-set-11-files-3,1,other
EFTA02411791.pdf,data-set-11-files-3,1,other
EFTA02411792.pdf,data-set-11-files-3,2,email
EFTA02411794.pdf,data-set-11-files-3,1,email
EFTA02411795.pdf,data-set-11-files-3,2,email
EFTA02411797.pdf,data-set-11-files-3,2,email
EFTA02411799.pdf,data-set-11-files-3,22,other
EFTA02411821.pdf,data-set-11-files-3,1,other
EFTA02411822.pdf,data-set-11-files-3,1,email
EFTA02411823.pdf,data-set-11-files-3,1,other
EFTA02411824.pdf,data-set-11-files-3,2,email
EFTA02411826.pdf,data-set-11-files-3,1,other
EFTA02411827.pdf,data-set-11-files-3,1,other
EFTA02411828.pdf,data-set-11-files-3,1,email
EFTA02411829.pdf,data-set-11-files-3,1,other
EFTA02411830.pdf,data-set-11-files-3,1,other
EFTA02411831.pdf,data-set-11-files-3,1,email
EFTA02411832.pdf,data-set-11-files-3,2,email
EFTA02411834.pdf,data-set-11-files-3,1,email
EFTA02411835.pdf,data-set-11-files-3,1,email
EFTA02411836.pdf,data-set-11-files-3,1,email
EFTA02411837.pdf,data-set-11-files-3,1,other
EFTA02411838.pdf,data-set-11-files-3,2,email
EFTA02411840.pdf,data-set-11-files-3,2,email
EFTA02411842.pdf,data-set-11-files-3,1,email
EFTA02411843.pdf,data-set-11-files-3,1,other
EFTA02411844.pdf,data-set-11-files-3,1,other
EFTA02411845.pdf,data-set-11-files-3,2,email
EFTA02411847.pdf,data-set-11-files-3,1,other
EFTA02411848.pdf,data-set-11-files-3,2,other
EFTA02411850.pdf,data-set-11-files-3,1,other
EFTA02411851.pdf,data-set-11-files-3,1,email
EFTA02411852.pdf,data-set-11-files-3,1,email
EFTA02411853.pdf,data-set-11-files-3,1,email
EFTA02411854.pdf,data-set-11-files-3,1,other
EFTA02411855.pdf,data-set-11-files-3,1,other
EFTA02411856.pdf,data-set-11-files-3,1,other
EFTA02411857.pdf,data-set-11-files-3,1,email
EFTA02411858.pdf,data-set-11-files-3,1,other
EFTA02411859.pdf,data-set-11-files-3,1,email
EFTA02411860.pdf,data-set-11-files-3,1,email
EFTA02411861.pdf,data-set-11-files-3,1,other
EFTA02411862.pdf,data-set-11-files-3,1,other
EFTA02411863.pdf,data-set-11-files-3,3,email
EFTA02411866.pdf,data-set-11-files-3,1,email
EFTA02411867.pdf,data-set-11-files-3,1,email
EFTA02411868.pdf,data-set-11-files-3,1,other
EFTA02411869.pdf,data-set-11-files-3,1,email
EFTA02411870.pdf,data-set-11-files-3,1,other
EFTA02411871.pdf,data-set-11-files-3,1,other
EFTA02411872.pdf,data-set-11-files-3,1,email
EFTA02411873.pdf,data-set-11-files-3,1,other
EFTA02411874.pdf,data-set-11-files-3,1,email
EFTA02411875.pdf,data-set-11-files-3,1,other
EFTA02411876.pdf,data-set-11-files-3,1,other
EFTA02411877.pdf,data-set-11-files-3,1,email
EFTA02411878.pdf,data-set-11-files-3,1,email
EFTA02411879.pdf,data-set-11-files-3,1,email
EFTA02411880.pdf,data-set-11-files-3,1,other
EFTA02411881.pdf,data-set-11-files-3,1,other
EFTA02411882.pdf,data-set-11-files-3,1,other
EFTA02411883.pdf,data-set-11-files-3,1,other
EFTA02411884.pdf,data-set-11-files-3,1,other
EFTA02411885.pdf,data-set-11-files-3,1,email
EFTA02411886.pdf,data-set-11-files-3,1,email
EFTA02411887.pdf,data-set-11-files-3,2,email
EFTA02411889.pdf,data-set-11-files-3,2,email
EFTA02411891.pdf,data-set-11-files-3,1,other
EFTA02411892.pdf,data-set-11-files-3,1,email
EFTA02411893.pdf,data-set-11-files-3,1,email
EFTA02411894.pdf,data-set-11-files-3,1,email
EFTA02411895.pdf,data-set-11-files-3,1,other
EFTA02411896.pdf,data-set-11-files-3,1,other
EFTA02411897.pdf,data-set-11-files-3,1,other
EFTA02411898.pdf,data-set-11-files-3,2,email
EFTA02411900.pdf,data-set-11-files-3,1,other
EFTA02411901.pdf,data-set-11-files-3,1,email
EFTA02411902.pdf,data-set-11-files-3,1,email
EFTA02411903.pdf,data-set-11-files-3,2,email
EFTA02411905.pdf,data-set-11-files-3,3,email
EFTA02411908.pdf,data-set-11-files-3,1,other
EFTA02411909.pdf,data-set-11-files-3,1,email
EFTA02411910.pdf,data-set-11-files-3,5,other
EFTA02411915.pdf,data-set-11-files-3,3,email
EFTA02411918.pdf,data-set-11-files-3,1,other
EFTA02411919.pdf,data-set-11-files-3,1,email
EFTA02411920.pdf,data-set-11-files-3,1,email
EFTA02411921.pdf,data-set-11-files-3,4,email
EFTA02411925.pdf,data-set-11-files-3,1,email
EFTA02411926.pdf,data-set-11-files-3,1,other
EFTA02411927.pdf,data-set-11-files-3,1,email
EFTA02411928.pdf,data-set-11-files-3,1,email
EFTA02411929.pdf,data-set-11-files-3,3,email
EFTA02411932.pdf,data-set-11-files-3,1,email
EFTA02411933.pdf,data-set-11-files-3,2,email
EFTA02411935.pdf,data-set-11-files-3,2,email
EFTA02411937.pdf,data-set-11-files-3,1,other
EFTA02411938.pdf,data-set-11-files-3,1,other
EFTA02411939.pdf,data-set-11-files-3,3,email
EFTA02411942.pdf,data-set-11-files-3,1,other
EFTA02411943.pdf,data-set-11-files-3,1,email
EFTA02411944.pdf,data-set-11-files-3,1,email
EFTA02411945.pdf,data-set-11-files-3,1,other
EFTA02411946.pdf,data-set-11-files-3,1,other
EFTA02411947.pdf,data-set-11-files-3,1,other
EFTA02411948.pdf,data-set-11-files-3,1,other
EFTA02411949.pdf,data-set-11-files-3,1,email
EFTA02411950.pdf,data-set-11-files-3,1,email
EFTA02411951.pdf,data-set-11-files-3,1,email
EFTA02411952.pdf,data-set-11-files-3,1,other
EFTA02411953.pdf,data-set-11-files-3,1,other
EFTA02411954.pdf,data-set-11-files-3,2,email
EFTA02411956.pdf,data-set-11-files-3,1,email
EFTA02411957.pdf,data-set-11-files-3,1,email
EFTA02411958.pdf,data-set-11-files-3,1,other
EFTA02411959.pdf,data-set-11-files-3,5,email
EFTA02411964.pdf,data-set-11-files-3,1,other
EFTA02411965.pdf,data-set-11-files-3,1,other
EFTA02411966.pdf,data-set-11-files-3,2,other
EFTA02411968.pdf,data-set-11-files-3,1,email
EFTA02411969.pdf,data-set-11-files-3,3,email
EFTA02411972.pdf,data-set-11-files-3,1,other
EFTA02411973.pdf,data-set-11-files-3,1,other
EFTA02411974.pdf,data-set-11-files-3,1,email
EFTA02411975.pdf,data-set-11-files-3,1,other
EFTA02411976.pdf,data-set-11-files-3,1,other
EFTA02411977.pdf,data-set-11-files-3,2,other
EFTA02411979.pdf,data-set-11-files-3,1,email
EFTA02411980.pdf,data-set-11-files-3,1,other
EFTA02411981.pdf,data-set-11-files-3,1,other
EFTA02411982.pdf,data-set-11-files-3,1,other
EFTA02411983.pdf,data-set-11-files-3,1,other
EFTA02411984.pdf,data-set-11-files-3,1,other
EFTA02411985.pdf,data-set-11-files-3,1,other
EFTA02411986.pdf,data-set-11-files-3,1,email
EFTA02411987.pdf,data-set-11-files-3,1,other
EFTA02411988.pdf,data-set-11-files-3,1,other
EFTA02411989.pdf,data-set-11-files-3,1,email
EFTA02411990.pdf,data-set-11-files-3,1,other
EFTA02411991.pdf,data-set-11-files-3,1,email
EFTA02411992.pdf,data-set-11-files-3,1,email
EFTA02411993.pdf,data-set-11-files-3,1,other
EFTA02411994.pdf,data-set-11-files-3,1,email
EFTA02411995.pdf,data-set-11-files-3,1,other
EFTA02411996.pdf,data-set-11-files-3,1,other
EFTA02411997.pdf,data-set-11-files-3,2,email
EFTA02411999.pdf,data-set-11-files-3,1,other
EFTA02412000.pdf,data-set-11-files-3,1,email
EFTA02412001.pdf,data-set-11-files-3,1,email
EFTA02412002.pdf,data-set-11-files-3,4,email
EFTA02412006.pdf,data-set-11-files-3,1,other
EFTA02412007.pdf,data-set-11-files-3,1,email
EFTA02412008.pdf,data-set-11-files-3,1,email
EFTA02412009.pdf,data-set-11-files-3,1,email
EFTA02412010.pdf,data-set-11-files-3,1,other
EFTA02412011.pdf,data-set-11-files-3,60,email
EFTA02412071.pdf,data-set-11-files-3,1,other
EFTA02412072.pdf,data-set-11-files-3,1,email
EFTA02412073.pdf,data-set-11-files-3,1,email
EFTA02412074.pdf,data-set-11-files-3,1,email
EFTA02412075.pdf,data-set-11-files-3,2,email
EFTA02412077.pdf,data-set-11-files-3,3,email
EFTA02412080.pdf,data-set-11-files-3,1,email
EFTA02412081.pdf,data-set-11-files-3,1,email
EFTA02412082.pdf,data-set-11-files-3,1,other
EFTA02412083.pdf,data-set-11-files-3,1,other
EFTA02412084.pdf,data-set-11-files-3,1,other
EFTA02412085.pdf,data-set-11-files-3,1,email
EFTA02412086.pdf,data-set-11-files-3,1,email
EFTA02412087.pdf,data-set-11-files-3,2,email
EFTA02412089.pdf,data-set-11-files-3,1,email
EFTA02412090.pdf,data-set-11-files-3,1,email
EFTA02412091.pdf,data-set-11-files-3,2,email
EFTA02412093.pdf,data-set-11-files-3,1,other
EFTA02412094.pdf,data-set-11-files-3,2,other
EFTA02412096.pdf,data-set-11-files-3,1,email
EFTA02412097.pdf,data-set-11-files-3,1,email
EFTA02412098.pdf,data-set-11-files-3,1,other
EFTA02412099.pdf,data-set-11-files-3,2,email
EFTA02412101.pdf,data-set-11-files-3,1,email
EFTA02412102.pdf,data-set-11-files-3,1,email
EFTA02412103.pdf,data-set-11-files-3,1,email
EFTA02412104.pdf,data-set-11-files-3,1,email
EFTA02412105.pdf,data-set-11-files-3,1,other
EFTA02412106.pdf,data-set-11-files-3,1,email
EFTA02412107.pdf,data-set-11-files-3,2,email
EFTA02412109.pdf,data-set-11-files-3,1,email
EFTA02412110.pdf,data-set-11-files-3,2,email
EFTA02412112.pdf,data-set-11-files-3,1,email
EFTA02412113.pdf,data-set-11-files-3,1,email
EFTA02412117.pdf,data-set-11-files-3,1,other
EFTA02412118.pdf,data-set-11-files-3,1,other
EFTA02412119.pdf,data-set-11-files-3,6,email
EFTA02412125.pdf,data-set-11-files-3,1,other
EFTA02412126.pdf,data-set-11-files-3,1,other
EFTA02412127.pdf,data-set-11-files-3,1,email
EFTA02412128.pdf,data-set-11-files-3,1,email
EFTA02412129.pdf,data-set-11-files-3,1,other
EFTA02412130.pdf,data-set-11-files-3,1,other
EFTA02412131.pdf,data-set-11-files-3,1,email
EFTA02412132.pdf,data-set-11-files-3,1,email
EFTA02412133.pdf,data-set-11-files-3,1,email
EFTA02412134.pdf,data-set-11-files-3,1,email
EFTA02412135.pdf,data-set-11-files-3,1,other
EFTA02412136.pdf,data-set-11-files-3,1,other
EFTA02412137.pdf,data-set-11-files-3,1,other
EFTA02412138.pdf,data-set-11-files-3,1,other
EFTA02412139.pdf,data-set-11-files-3,1,email
EFTA02412140.pdf,data-set-11-files-3,13,email
EFTA02412153.pdf,data-set-11-files-3,1,email
EFTA02412154.pdf,data-set-11-files-3,1,other
EFTA02412155.pdf,data-set-11-files-3,1,email
EFTA02412156.pdf,data-set-11-files-3,2,email
EFTA02412158.pdf,data-set-11-files-3,1,other
EFTA02412159.pdf,data-set-11-files-3,1,email
EFTA02412160.pdf,data-set-11-files-3,1,other
EFTA02412161.pdf,data-set-11-files-3,1,email
EFTA02412162.pdf,data-set-11-files-3,1,other
EFTA02412163.pdf,data-set-11-files-3,1,email
EFTA02412164.pdf,data-set-11-files-3,1,email
EFTA02412165.pdf,data-set-11-files-3,2,email
EFTA02412167.pdf,data-set-11-files-3,2,email
EFTA02412169.pdf,data-set-11-files-3,1,email
EFTA02412170.pdf,data-set-11-files-3,1,email
EFTA02412171.pdf,data-set-11-files-3,2,email
EFTA02412173.pdf,data-set-11-files-3,1,other
EFTA02412174.pdf,data-set-11-files-3,1,email
EFTA02412175.pdf,data-set-11-files-3,7,email
EFTA02412182.pdf,data-set-11-files-3,4,email
EFTA02412186.pdf,data-set-11-files-3,1,other
EFTA02412187.pdf,data-set-11-files-3,1,email
EFTA02412188.pdf,data-set-11-files-3,1,other
EFTA02412189.pdf,data-set-11-files-3,2,email
EFTA02412191.pdf,data-set-11-files-3,3,email
EFTA02412194.pdf,data-set-11-files-3,1,email
EFTA02412195.pdf,data-set-11-files-3,1,other
EFTA02412196.pdf,data-set-11-files-3,1,email
EFTA02412197.pdf,data-set-11-files-3,1,email
EFTA02412198.pdf,data-set-11-files-3,4,email
EFTA02412202.pdf,data-set-11-files-3,1,email
EFTA02412203.pdf,data-set-11-files-3,1,email
EFTA02412204.pdf,data-set-11-files-3,2,email
EFTA02412206.pdf,data-set-11-files-3,1,email
EFTA02412207.pdf,data-set-11-files-3,1,email
EFTA02412208.pdf,data-set-11-files-3,5,email
EFTA02412213.pdf,data-set-11-files-3,2,email
EFTA02412215.pdf,data-set-11-files-3,1,other
EFTA02412216.pdf,data-set-11-files-3,2,email
EFTA02412218.pdf,data-set-11-files-3,1,email
EFTA02412219.pdf,data-set-11-files-3,1,email
EFTA02412220.pdf,data-set-11-files-3,3,email
EFTA02412223.pdf,data-set-11-files-3,1,other
EFTA02412224.pdf,data-set-11-files-3,1,other
EFTA02412225.pdf,data-set-11-files-3,2,email
EFTA02412227.pdf,data-set-11-files-3,1,other
EFTA02412228.pdf,data-set-11-files-3,2,other
EFTA02412230.pdf,data-set-11-files-3,2,email
EFTA02412232.pdf,data-set-11-files-3,4,email
EFTA02412236.pdf,data-set-11-files-3,1,email
EFTA02412237.pdf,data-set-11-files-3,2,email
EFTA02412239.pdf,data-set-11-files-3,1,email
EFTA02412240.pdf,data-set-11-files-3,2,email
EFTA02412242.pdf,data-set-11-files-3,1,email
EFTA02412243.pdf,data-set-11-files-3,1,email
EFTA02412244.pdf,data-set-11-files-3,4,email
EFTA02412248.pdf,data-set-11-files-3,1,email
EFTA02412249.pdf,data-set-11-files-3,1,email
EFTA02412250.pdf,data-set-11-files-3,1,other
EFTA02412251.pdf,data-set-11-files-3,1,email
EFTA02412252.pdf,data-set-11-files-3,1,email
EFTA02412253.pdf,data-set-11-files-3,1,email
EFTA02412254.pdf,data-set-11-files-3,7,email
EFTA02412261.pdf,data-set-11-files-3,1,email
EFTA02412262.pdf,data-set-11-files-3,1,email
EFTA02412263.pdf,data-set-11-files-3,1,email
EFTA02412264.pdf,data-set-11-files-3,1,email
EFTA02412265.pdf,data-set-11-files-3,2,email
EFTA02412267.pdf,data-set-11-files-3,1,email
EFTA02412268.pdf,data-set-11-files-3,1,other
EFTA02412269.pdf,data-set-11-files-3,1,email
EFTA02412270.pdf,data-set-11-files-3,1,email
EFTA02412271.pdf,data-set-11-files-3,3,email
EFTA02412274.pdf,data-set-11-files-3,1,other
EFTA02412275.pdf,data-set-11-files-3,1,other
EFTA02412276.pdf,data-set-11-files-3,1,other
EFTA02412277.pdf,data-set-11-files-3,1,email
EFTA02412278.pdf,data-set-11-files-3,1,email
EFTA02412279.pdf,data-set-11-files-3,1,email
EFTA02412280.pdf,data-set-11-files-3,1,email
EFTA02412281.pdf,data-set-11-files-3,1,email
EFTA02412282.pdf,data-set-11-files-3,1,email
EFTA02412283.pdf,data-set-11-files-3,1,other
EFTA02412284.pdf,data-set-11-files-3,1,email
EFTA02412285.pdf,data-set-11-files-3,3,email
EFTA02412288.pdf,data-set-11-files-3,1,email
EFTA02412289.pdf,data-set-11-files-3,2,email
EFTA02412291.pdf,data-set-11-files-3,2,email
EFTA02412293.pdf,data-set-11-files-3,1,email
EFTA02412294.pdf,data-set-11-files-3,2,email
EFTA02412296.pdf,data-set-11-files-3,7,email
EFTA02412303.pdf,data-set-11-files-3,1,other
EFTA02412304.pdf,data-set-11-files-3,1,email
EFTA02412305.pdf,data-set-11-files-3,2,email
EFTA02412307.pdf,data-set-11-files-3,1,other
EFTA02412308.pdf,data-set-11-files-3,1,email
EFTA02412309.pdf,data-set-11-files-3,1,other
EFTA02412310.pdf,data-set-11-files-3,1,other
EFTA02412311.pdf,data-set-11-files-3,1,email
EFTA02412312.pdf,data-set-11-files-3,1,other
EFTA02412313.pdf,data-set-11-files-3,2,email
EFTA02412315.pdf,data-set-11-files-3,1,email
EFTA02412316.pdf,data-set-11-files-3,1,email
EFTA02412317.pdf,data-set-11-files-3,2,email
EFTA02412319.pdf,data-set-11-files-3,1,other
EFTA02412320.pdf,data-set-11-files-3,2,email
EFTA02412322.pdf,data-set-11-files-3,1,email
EFTA02412323.pdf,data-set-11-files-3,1,email
EFTA02412324.pdf,data-set-11-files-3,1,other
EFTA02412325.pdf,data-set-11-files-3,1,email
EFTA02412326.pdf,data-set-11-files-3,2,other
EFTA02412328.pdf,data-set-11-files-3,1,email
EFTA02412329.pdf,data-set-11-files-3,1,other
EFTA02412330.pdf,data-set-11-files-3,1,email
EFTA02412331.pdf,data-set-11-files-3,1,email
EFTA02412332.pdf,data-set-11-files-3,1,other
EFTA02412333.pdf,data-set-11-files-3,1,email
EFTA02412334.pdf,data-set-11-files-3,1,other
EFTA02412335.pdf,data-set-11-files-3,2,email
EFTA02412337.pdf,data-set-11-files-3,3,email
EFTA02412340.pdf,data-set-11-files-3,1,other
EFTA02412341.pdf,data-set-11-files-3,1,email
EFTA02412342.pdf,data-set-11-files-3,1,email
EFTA02412343.pdf,data-set-11-files-3,1,email
EFTA02412344.pdf,data-set-11-files-3,1,other
EFTA02412345.pdf,data-set-11-files-3,1,email
EFTA02412346.pdf,data-set-11-files-3,1,other
EFTA02412347.pdf,data-set-11-files-3,1,other
EFTA02412348.pdf,data-set-11-files-3,4,email
EFTA02412352.pdf,data-set-11-files-3,1,email
EFTA02412353.pdf,data-set-11-files-3,1,other
EFTA02412354.pdf,data-set-11-files-3,3,email
EFTA02412357.pdf,data-set-11-files-3,1,other
EFTA02412358.pdf,data-set-11-files-3,1,email
EFTA02412359.pdf,data-set-11-files-3,2,email
EFTA02412361.pdf,data-set-11-files-3,1,other
EFTA02412362.pdf,data-set-11-files-3,1,other
EFTA02412363.pdf,data-set-11-files-3,1,email
EFTA02412364.pdf,data-set-11-files-3,2,other
EFTA02412366.pdf,data-set-11-files-3,1,email
EFTA02412367.pdf,data-set-11-files-3,1,other
EFTA02412368.pdf,data-set-11-files-3,1,email
EFTA02412369.pdf,data-set-11-files-3,1,email
EFTA02412370.pdf,data-set-11-files-3,4,email
EFTA02412374.pdf,data-set-11-files-3,1,email
EFTA02412375.pdf,data-set-11-files-3,2,email
EFTA02412377.pdf,data-set-11-files-3,1,email
EFTA02412378.pdf,data-set-11-files-3,1,email
EFTA02412379.pdf,data-set-11-files-3,1,other
EFTA02412380.pdf,data-set-11-files-3,1,email
EFTA02412381.pdf,data-set-11-files-3,3,email
EFTA02412384.pdf,data-set-11-files-3,1,email
EFTA02412385.pdf,data-set-11-files-3,1,email
EFTA02412386.pdf,data-set-11-files-3,1,other
EFTA02412387.pdf,data-set-11-files-3,1,email
EFTA02412388.pdf,data-set-11-files-3,1,other
EFTA02412389.pdf,data-set-11-files-3,3,email
EFTA02412392.pdf,data-set-11-files-3,2,email
EFTA02412394.pdf,data-set-11-files-3,1,email
EFTA02412395.pdf,data-set-11-files-3,1,email
EFTA02412396.pdf,data-set-11-files-3,3,email
EFTA02412399.pdf,data-set-11-files-3,1,email
EFTA02412400.pdf,data-set-11-files-3,1,email
EFTA02412401.pdf,data-set-11-files-3,1,email
EFTA02412402.pdf,data-set-11-files-3,1,email
EFTA02412403.pdf,data-set-11-files-3,1,other
EFTA02412404.pdf,data-set-11-files-3,1,other
EFTA02412405.pdf,data-set-11-files-3,1,other
EFTA02412406.pdf,data-set-11-files-3,1,other
EFTA02412407.pdf,data-set-11-files-3,1,other
EFTA02412408.pdf,data-set-11-files-3,1,other
EFTA02412409.pdf,data-set-11-files-3,1,other
EFTA02412410.pdf,data-set-11-files-3,1,other
EFTA02412411.pdf,data-set-11-files-3,1,email
EFTA02412412.pdf,data-set-11-files-3,3,email
EFTA02412415.pdf,data-set-11-files-3,1,email
EFTA02412416.pdf,data-set-11-files-3,1,other
EFTA02412417.pdf,data-set-11-files-3,1,email
EFTA02412418.pdf,data-set-11-files-3,1,email
EFTA02412419.pdf,data-set-11-files-3,1,email
EFTA02412420.pdf,data-set-11-files-3,1,other
EFTA02412421.pdf,data-set-11-files-3,2,email
EFTA02412423.pdf,data-set-11-files-3,1,other
EFTA02412424.pdf,data-set-11-files-3,1,email
EFTA02412425.pdf,data-set-11-files-3,2,email
EFTA02412427.pdf,data-set-11-files-3,1,email
EFTA02412428.pdf,data-set-11-files-3,1,email
EFTA02412429.pdf,data-set-11-files-3,1,email
EFTA02412430.pdf,data-set-11-files-3,1,email
EFTA02412431.pdf,data-set-11-files-3,1,email
EFTA02412432.pdf,data-set-11-files-3,2,email
EFTA02412434.pdf,data-set-11-files-3,2,email
EFTA02412436.pdf,data-set-11-files-3,1,other
EFTA02412437.pdf,data-set-11-files-3,1,other
EFTA02412438.pdf,data-set-11-files-3,1,other
EFTA02412439.pdf,data-set-11-files-3,1,other
EFTA02412440.pdf,data-set-11-files-3,1,other
EFTA02412441.pdf,data-set-11-files-3,1,other
EFTA02412442.pdf,data-set-11-files-3,2,email
EFTA02412444.pdf,data-set-11-files-3,2,email
EFTA02412446.pdf,data-set-11-files-3,1,other
EFTA02412447.pdf,data-set-11-files-3,2,email
EFTA02412449.pdf,data-set-11-files-3,1,other
EFTA02412450.pdf,data-set-11-files-3,1,other
EFTA02412451.pdf,data-set-11-files-3,1,email
EFTA02412452.pdf,data-set-11-files-3,2,other
EFTA02412454.pdf,data-set-11-files-3,1,email
EFTA02412455.pdf,data-set-11-files-3,1,other
EFTA02412456.pdf,data-set-11-files-3,1,other
EFTA02412457.pdf,data-set-11-files-3,2,email
EFTA02412459.pdf,data-set-11-files-3,1,email
EFTA02412460.pdf,data-set-11-files-3,1,other
EFTA02412461.pdf,data-set-11-files-3,1,email
EFTA02412462.pdf,data-set-11-files-3,1,email
EFTA02412463.pdf,data-set-11-files-3,1,email
EFTA02412464.pdf,data-set-11-files-3,1,email
EFTA02412465.pdf,data-set-11-files-3,2,email
EFTA02412467.pdf,data-set-11-files-3,1,email
EFTA02412468.pdf,data-set-11-files-3,2,email
EFTA02412470.pdf,data-set-11-files-3,1,email
EFTA02412471.pdf,data-set-11-files-3,1,email
EFTA02412472.pdf,data-set-11-files-3,2,other
EFTA02412474.pdf,data-set-11-files-3,1,email
EFTA02412475.pdf,data-set-11-files-3,1,email
EFTA02412476.pdf,data-set-11-files-3,1,email
EFTA02412477.pdf,data-set-11-files-3,1,other
EFTA02412478.pdf,data-set-11-files-3,1,email
EFTA02412479.pdf,data-set-11-files-3,2,email
EFTA02412481.pdf,data-set-11-files-3,1,other
EFTA02412482.pdf,data-set-11-files-3,1,email
EFTA02412483.pdf,data-set-11-files-3,1,email
EFTA02412485.pdf,data-set-11-files-3,1,other
EFTA02412486.pdf,data-set-11-files-3,1,other
EFTA02412487.pdf,data-set-11-files-3,1,email
EFTA02412488.pdf,data-set-11-files-3,1,email
EFTA02412489.pdf,data-set-11-files-3,1,other
EFTA02412490.pdf,data-set-11-files-3,1,other
EFTA02412491.pdf,data-set-11-files-3,1,email
EFTA02412492.pdf,data-set-11-files-3,1,other
EFTA02412493.pdf,data-set-11-files-3,1,other
EFTA02412494.pdf,data-set-11-files-3,1,email
EFTA02412495.pdf,data-set-11-files-3,1,other
EFTA02412496.pdf,data-set-11-files-3,3,email
EFTA02412499.pdf,data-set-11-files-3,1,email
EFTA02412500.pdf,data-set-11-files-3,1,other
EFTA02412501.pdf,data-set-11-files-3,3,email
EFTA02412504.pdf,data-set-11-files-3,1,other
EFTA02412505.pdf,data-set-11-files-3,1,other
EFTA02412506.pdf,data-set-11-files-3,1,other
EFTA02412507.pdf,data-set-11-files-3,1,email
EFTA02412508.pdf,data-set-11-files-3,1,email
EFTA02412509.pdf,data-set-11-files-3,1,other
EFTA02412510.pdf,data-set-11-files-3,1,email
EFTA02412511.pdf,data-set-11-files-3,1,other
EFTA02412512.pdf,data-set-11-files-3,1,other
EFTA02412513.pdf,data-set-11-files-3,1,email
EFTA02412514.pdf,data-set-11-files-3,1,email
EFTA02412515.pdf,data-set-11-files-3,1,email
EFTA02412516.pdf,data-set-11-files-3,1,other
EFTA02412517.pdf,data-set-11-files-3,1,email
EFTA02412518.pdf,data-set-11-files-3,1,email
EFTA02412519.pdf,data-set-11-files-3,1,email
EFTA02412520.pdf,data-set-11-files-3,2,email
EFTA02412522.pdf,data-set-11-files-3,1,other
EFTA02412523.pdf,data-set-11-files-3,1,email
EFTA02412524.pdf,data-set-11-files-3,1,other
EFTA02412525.pdf,data-set-11-files-3,1,other
EFTA02412526.pdf,data-set-11-files-3,3,email
EFTA02412529.pdf,data-set-11-files-3,1,email
EFTA02412530.pdf,data-set-11-files-3,1,email
EFTA02412531.pdf,data-set-11-files-3,1,email
EFTA02412532.pdf,data-set-11-files-3,2,email
EFTA02412534.pdf,data-set-11-files-3,1,email
EFTA02412535.pdf,data-set-11-files-3,1,email
EFTA02412536.pdf,data-set-11-files-3,2,email
EFTA02412538.pdf,data-set-11-files-3,1,other
EFTA02412539.pdf,data-set-11-files-3,1,email
EFTA02412540.pdf,data-set-11-files-3,1,email
EFTA02412541.pdf,data-set-11-files-3,1,other
EFTA02412542.pdf,data-set-11-files-3,1,other
EFTA02412543.pdf,data-set-11-files-3,2,email
EFTA02412545.pdf,data-set-11-files-3,1,email
EFTA02412546.pdf,data-set-11-files-3,6,email
EFTA02412552.pdf,data-set-11-files-3,1,email
EFTA02412553.pdf,data-set-11-files-3,1,email
EFTA02412554.pdf,data-set-11-files-3,1,email
EFTA02412555.pdf,data-set-11-files-3,1,email
EFTA02412556.pdf,data-set-11-files-3,1,other
EFTA02412557.pdf,data-set-11-files-3,1,email
EFTA02412558.pdf,data-set-11-files-3,1,email
EFTA02412559.pdf,data-set-11-files-3,1,email
EFTA02412560.pdf,data-set-11-files-3,1,other
EFTA02412561.pdf,data-set-11-files-3,1,email
EFTA02412562.pdf,data-set-11-files-3,1,email
EFTA02412563.pdf,data-set-11-files-3,1,other
EFTA02412564.pdf,data-set-11-files-3,3,email
EFTA02412567.pdf,data-set-11-files-3,1,other
EFTA02412568.pdf,data-set-11-files-3,2,email
EFTA02412570.pdf,data-set-11-files-3,1,other
EFTA02412571.pdf,data-set-11-files-3,1,other
EFTA02412572.pdf,data-set-11-files-3,1,email
EFTA02412573.pdf,data-set-11-files-3,1,email
EFTA02412574.pdf,data-set-11-files-3,1,other
EFTA02412575.pdf,data-set-11-files-3,1,other
EFTA02412576.pdf,data-set-11-files-3,1,other
EFTA02412577.pdf,data-set-11-files-3,1,email
EFTA02412578.pdf,data-set-11-files-3,1,email
EFTA02412579.pdf,data-set-11-files-3,1,email
EFTA02412580.pdf,data-set-11-files-3,1,other
EFTA02412581.pdf,data-set-11-files-3,1,other
EFTA02412582.pdf,data-set-11-files-3,1,other
EFTA02412583.pdf,data-set-11-files-3,1,email
EFTA02412584.pdf,data-set-11-files-3,1,email
EFTA02412585.pdf,data-set-11-files-3,2,email
EFTA02412587.pdf,data-set-11-files-3,1,email
EFTA02412588.pdf,data-set-11-files-3,2,email
EFTA02412590.pdf,data-set-11-files-3,4,email
EFTA02412594.pdf,data-set-11-files-3,1,other
EFTA02412595.pdf,data-set-11-files-3,1,email
EFTA02412596.pdf,data-set-11-files-3,1,email
EFTA02412597.pdf,data-set-11-files-3,1,email
EFTA02412598.pdf,data-set-11-files-3,1,email
EFTA02412599.pdf,data-set-11-files-3,1,email
EFTA02412600.pdf,data-set-11-files-3,1,other
EFTA02412601.pdf,data-set-11-files-3,1,other
EFTA02412602.pdf,data-set-11-files-3,1,email
EFTA02412603.pdf,data-set-11-files-3,1,email
EFTA02412604.pdf,data-set-11-files-3,1,other
EFTA02412605.pdf,data-set-11-files-3,3,email
EFTA02412608.pdf,data-set-11-files-3,1,other
EFTA02412609.pdf,data-set-11-files-3,1,email
EFTA02412610.pdf,data-set-11-files-3,2,email
EFTA02412612.pdf,data-set-11-files-3,1,other
EFTA02412613.pdf,data-set-11-files-3,1,email
EFTA02412614.pdf,data-set-11-files-3,2,email
EFTA02412616.pdf,data-set-11-files-3,1,other
EFTA02412617.pdf,data-set-11-files-3,2,email
EFTA02412619.pdf,data-set-11-files-3,1,other
EFTA02412620.pdf,data-set-11-files-3,1,email
EFTA02412621.pdf,data-set-11-files-3,1,email
EFTA02412622.pdf,data-set-11-files-3,1,email
EFTA02412623.pdf,data-set-11-files-3,1,email
EFTA02412624.pdf,data-set-11-files-3,1,email
EFTA02412625.pdf,data-set-11-files-3,1,email
EFTA02412626.pdf,data-set-11-files-3,1,email
EFTA02412627.pdf,data-set-11-files-3,2,email
EFTA02412629.pdf,data-set-11-files-3,1,other
EFTA02412630.pdf,data-set-11-files-3,1,email
EFTA02412631.pdf,data-set-11-files-3,2,other
EFTA02412633.pdf,data-set-11-files-3,1,email
EFTA02412634.pdf,data-set-11-files-3,1,email
EFTA02412635.pdf,data-set-11-files-3,1,email
EFTA02412636.pdf,data-set-11-files-3,1,email
EFTA02412637.pdf,data-set-11-files-3,2,other
EFTA02412639.pdf,data-set-11-files-3,1,email
EFTA02412640.pdf,data-set-11-files-3,1,email
EFTA02412641.pdf,data-set-11-files-3,4,email
EFTA02412645.pdf,data-set-11-files-3,1,email
EFTA02412646.pdf,data-set-11-files-3,1,email
EFTA02412647.pdf,data-set-11-files-3,1,email
EFTA02412648.pdf,data-set-11-files-3,3,email
EFTA02412651.pdf,data-set-11-files-3,1,other
EFTA02412652.pdf,data-set-11-files-3,1,email
EFTA02412653.pdf,data-set-11-files-3,1,email
EFTA02412654.pdf,data-set-11-files-3,1,other
EFTA02412655.pdf,data-set-11-files-3,1,email
EFTA02412656.pdf,data-set-11-files-3,2,other
EFTA02412658.pdf,data-set-11-files-3,1,email
EFTA02412659.pdf,data-set-11-files-3,2,other
EFTA02412661.pdf,data-set-11-files-3,1,email
EFTA02412662.pdf,data-set-11-files-3,1,email
EFTA02412663.pdf,data-set-11-files-3,1,email
EFTA02412664.pdf,data-set-11-files-3,1,other
EFTA02412665.pdf,data-set-11-files-3,1,other
EFTA02412666.pdf,data-set-11-files-3,1,other
EFTA02412667.pdf,data-set-11-files-3,1,email
EFTA02412668.pdf,data-set-11-files-3,1,other
EFTA02412669.pdf,data-set-11-files-3,1,email
EFTA02412670.pdf,data-set-11-files-3,1,email
EFTA02412671.pdf,data-set-11-files-3,1,other
EFTA02412672.pdf,data-set-11-files-3,1,email
EFTA02412673.pdf,data-set-11-files-3,1,other
EFTA02412674.pdf,data-set-11-files-3,1,other
EFTA02412675.pdf,data-set-11-files-3,2,email
EFTA02412677.pdf,data-set-11-files-3,1,email
EFTA02412678.pdf,data-set-11-files-3,1,email
EFTA02412679.pdf,data-set-11-files-3,1,other
EFTA02412680.pdf,data-set-11-files-3,5,email
EFTA02412685.pdf,data-set-11-files-3,1,email
EFTA02412686.pdf,data-set-11-files-3,1,email
EFTA02412687.pdf,data-set-11-files-3,1,other
EFTA02412688.pdf,data-set-11-files-3,2,email
EFTA02412690.pdf,data-set-11-files-3,1,email
EFTA02412691.pdf,data-set-11-files-3,1,email
EFTA02412692.pdf,data-set-11-files-3,1,email
EFTA02412693.pdf,data-set-11-files-3,1,email
EFTA02412694.pdf,data-set-11-files-3,1,email
EFTA02412695.pdf,data-set-11-files-3,1,email
EFTA02412696.pdf,data-set-11-files-3,1,email
EFTA02412697.pdf,data-set-11-files-3,1,email
EFTA02412698.pdf,data-set-11-files-3,2,email
EFTA02412700.pdf,data-set-11-files-3,1,email
EFTA02412701.pdf,data-set-11-files-3,1,email
EFTA02412702.pdf,data-set-11-files-3,2,email
EFTA02412704.pdf,data-set-11-files-3,1,other
EFTA02412705.pdf,data-set-11-files-3,1,other
EFTA02412706.pdf,data-set-11-files-3,1,email
EFTA02412707.pdf,data-set-11-files-3,1,email
EFTA02412708.pdf,data-set-11-files-3,1,email
EFTA02412709.pdf,data-set-11-files-3,1,other
EFTA02412710.pdf,data-set-11-files-3,1,email
EFTA02412711.pdf,data-set-11-files-3,1,email
EFTA02412712.pdf,data-set-11-files-3,1,other
EFTA02412713.pdf,data-set-11-files-3,1,email
EFTA02412714.pdf,data-set-11-files-3,2,email
EFTA02412716.pdf,data-set-11-files-3,1,other
EFTA02412717.pdf,data-set-11-files-3,1,email
EFTA02412718.pdf,data-set-11-files-3,1,email
EFTA02412719.pdf,data-set-11-files-3,3,email
EFTA02412722.pdf,data-set-11-files-3,2,email
EFTA02412724.pdf,data-set-11-files-3,2,email
EFTA02412726.pdf,data-set-11-files-3,1,email
EFTA02412727.pdf,data-set-11-files-3,1,other
EFTA02412728.pdf,data-set-11-files-3,1,email
EFTA02412729.pdf,data-set-11-files-3,2,email
EFTA02412731.pdf,data-set-11-files-3,2,email
EFTA02412733.pdf,data-set-11-files-3,1,other
EFTA02412734.pdf,data-set-11-files-3,1,other
EFTA02412735.pdf,data-set-11-files-3,3,email
EFTA02412738.pdf,data-set-11-files-3,1,email
EFTA02412739.pdf,data-set-11-files-3,2,email
EFTA02412741.pdf,data-set-11-files-3,1,email
EFTA02412742.pdf,data-set-11-files-3,1,email
EFTA02412743.pdf,data-set-11-files-3,2,email
EFTA02412745.pdf,data-set-11-files-3,2,email
EFTA02412747.pdf,data-set-11-files-3,1,other
EFTA02412748.pdf,data-set-11-files-3,1,email
EFTA02412749.pdf,data-set-11-files-3,2,email
EFTA02412751.pdf,data-set-11-files-3,1,other
EFTA02412752.pdf,data-set-11-files-3,1,other
EFTA02412753.pdf,data-set-11-files-3,2,email
EFTA02412755.pdf,data-set-11-files-3,1,email
EFTA02412756.pdf,data-set-11-files-3,1,email
EFTA02412757.pdf,data-set-11-files-3,1,email
EFTA02412758.pdf,data-set-11-files-3,1,other
EFTA02412759.pdf,data-set-11-files-3,1,other
EFTA02412760.pdf,data-set-11-files-3,1,other
EFTA02412761.pdf,data-set-11-files-3,1,email
EFTA02412762.pdf,data-set-11-files-3,1,other
EFTA02412763.pdf,data-set-11-files-3,1,other
EFTA02412764.pdf,data-set-11-files-3,1,other
EFTA02412765.pdf,data-set-11-files-3,1,other
EFTA02412766.pdf,data-set-11-files-3,1,other
EFTA02412767.pdf,data-set-11-files-3,1,other
EFTA02412768.pdf,data-set-11-files-3,1,other
EFTA02412769.pdf,data-set-11-files-3,3,other
EFTA02412772.pdf,data-set-11-files-3,1,email
EFTA02412773.pdf,data-set-11-files-3,1,other
EFTA02412774.pdf,data-set-11-files-3,1,email
EFTA02412775.pdf,data-set-11-files-3,1,email
EFTA02412776.pdf,data-set-11-files-3,1,other
EFTA02412777.pdf,data-set-11-files-3,1,email
EFTA02412778.pdf,data-set-11-files-3,1,email
EFTA02412779.pdf,data-set-11-files-3,1,email
EFTA02412780.pdf,data-set-11-files-3,1,email
EFTA02412781.pdf,data-set-11-files-3,1,other
EFTA02412782.pdf,data-set-11-files-3,1,email
EFTA02412783.pdf,data-set-11-files-3,1,email
EFTA02412784.pdf,data-set-11-files-3,1,email
EFTA02412785.pdf,data-set-11-files-3,1,other
EFTA02412786.pdf,data-set-11-files-3,2,email
EFTA02412788.pdf,data-set-11-files-3,1,email
EFTA02412789.pdf,data-set-11-files-3,1,email
EFTA02412790.pdf,data-set-11-files-3,1,other
EFTA02412791.pdf,data-set-11-files-3,1,email
EFTA02412792.pdf,data-set-11-files-3,1,other
EFTA02412793.pdf,data-set-11-files-3,2,email
EFTA02412795.pdf,data-set-11-files-3,1,other
EFTA02412796.pdf,data-set-11-files-3,1,email
EFTA02412797.pdf,data-set-11-files-3,1,email
EFTA02412798.pdf,data-set-11-files-3,1,email
EFTA02412799.pdf,data-set-11-files-3,2,email
EFTA02412801.pdf,data-set-11-files-3,1,email
EFTA02412802.pdf,data-set-11-files-3,1,email
EFTA02412803.pdf,data-set-11-files-3,1,email
EFTA02412804.pdf,data-set-11-files-3,1,email
EFTA02412805.pdf,data-set-11-files-3,2,email
EFTA02412807.pdf,data-set-11-files-3,1,email
EFTA02412808.pdf,data-set-11-files-3,1,email
EFTA02412809.pdf,data-set-11-files-3,2,email
EFTA02412811.pdf,data-set-11-files-3,1,email
EFTA02412812.pdf,data-set-11-files-3,1,other
EFTA02412813.pdf,data-set-11-files-3,2,email
EFTA02412815.pdf,data-set-11-files-3,2,email
EFTA02412817.pdf,data-set-11-files-3,1,other
EFTA02412818.pdf,data-set-11-files-3,1,email
EFTA02412819.pdf,data-set-11-files-3,1,other
EFTA02412820.pdf,data-set-11-files-3,1,other
EFTA02412821.pdf,data-set-11-files-3,1,email
EFTA02412822.pdf,data-set-11-files-3,1,email
EFTA02412823.pdf,data-set-11-files-3,1,email
EFTA02412824.pdf,data-set-11-files-3,1,other
EFTA02412825.pdf,data-set-11-files-3,1,email
EFTA02412826.pdf,data-set-11-files-3,1,other
EFTA02412827.pdf,data-set-11-files-3,1,email
EFTA02412828.pdf,data-set-11-files-3,1,email
EFTA02412829.pdf,data-set-11-files-3,2,email
EFTA02412831.pdf,data-set-11-files-3,1,email
EFTA02412832.pdf,data-set-11-files-3,3,email
EFTA02412835.pdf,data-set-11-files-3,1,email
EFTA02412836.pdf,data-set-11-files-3,1,email
EFTA02412837.pdf,data-set-11-files-3,1,email
EFTA02412838.pdf,data-set-11-files-3,1,email
EFTA02412839.pdf,data-set-11-files-3,2,email
EFTA02412841.pdf,data-set-11-files-3,1,email
EFTA02412842.pdf,data-set-11-files-3,1,email
EFTA02412843.pdf,data-set-11-files-3,1,other
EFTA02412844.pdf,data-set-11-files-3,1,other
EFTA02412845.pdf,data-set-11-files-3,1,email
EFTA02412846.pdf,data-set-11-files-3,4,email
EFTA02412850.pdf,data-set-11-files-3,1,email
EFTA02412851.pdf,data-set-11-files-3,1,other
EFTA02412852.pdf,data-set-11-files-3,1,email
EFTA02412853.pdf,data-set-11-files-3,1,email
EFTA02412854.pdf,data-set-11-files-3,1,email
EFTA02412855.pdf,data-set-11-files-3,2,email
EFTA02412857.pdf,data-set-11-files-3,1,email
EFTA02412858.pdf,data-set-11-files-3,1,email
EFTA02412859.pdf,data-set-11-files-3,1,email
EFTA02412860.pdf,data-set-11-files-3,1,email
EFTA02412861.pdf,data-set-11-files-3,1,email
EFTA02412862.pdf,data-set-11-files-3,1,email
EFTA02412863.pdf,data-set-11-files-3,3,email
EFTA02412866.pdf,data-set-11-files-3,1,other
EFTA02412867.pdf,data-set-11-files-3,1,other
EFTA02412868.pdf,data-set-11-files-3,4,email
EFTA02412872.pdf,data-set-11-files-3,1,other
EFTA02412873.pdf,data-set-11-files-3,1,email
EFTA02412874.pdf,data-set-11-files-3,1,email
EFTA02412875.pdf,data-set-11-files-3,1,email
EFTA02412876.pdf,data-set-11-files-3,1,other
EFTA02412877.pdf,data-set-11-files-3,1,email
EFTA02412878.pdf,data-set-11-files-3,1,email
EFTA02412879.pdf,data-set-11-files-3,1,email
EFTA02412880.pdf,data-set-11-files-3,1,other
EFTA02412881.pdf,data-set-11-files-3,1,email
EFTA02412882.pdf,data-set-11-files-3,1,email
EFTA02412883.pdf,data-set-11-files-3,1,email
EFTA02412884.pdf,data-set-11-files-3,1,other
EFTA02412885.pdf,data-set-11-files-3,1,email
EFTA02412886.pdf,data-set-11-files-3,4,email
EFTA02412890.pdf,data-set-11-files-3,1,email
EFTA02412891.pdf,data-set-11-files-3,1,other
EFTA02412892.pdf,data-set-11-files-3,1,other
EFTA02412893.pdf,data-set-11-files-3,2,email
EFTA02412895.pdf,data-set-11-files-3,1,email
EFTA02412896.pdf,data-set-11-files-3,1,email
EFTA02412897.pdf,data-set-11-files-3,1,email
EFTA02412898.pdf,data-set-11-files-3,2,other
EFTA02412900.pdf,data-set-11-files-3,1,email
EFTA02412901.pdf,data-set-11-files-3,1,other
EFTA02412902.pdf,data-set-11-files-3,1,email
EFTA02412903.pdf,data-set-11-files-3,2,email
EFTA02412905.pdf,data-set-11-files-3,1,other
EFTA02412906.pdf,data-set-11-files-3,1,email
EFTA02412907.pdf,data-set-11-files-3,1,email
EFTA02412908.pdf,data-set-11-files-3,1,email
EFTA02412909.pdf,data-set-11-files-3,1,email
EFTA02412910.pdf,data-set-11-files-3,1,email
EFTA02412911.pdf,data-set-11-files-3,1,other
EFTA02412912.pdf,data-set-11-files-3,1,email
EFTA02412913.pdf,data-set-11-files-3,1,email
EFTA02412914.pdf,data-set-11-files-3,1,other
EFTA02412915.pdf,data-set-11-files-3,1,email
EFTA02412916.pdf,data-set-11-files-3,1,email
EFTA02412917.pdf,data-set-11-files-3,1,other
EFTA02412918.pdf,data-set-11-files-3,1,other
EFTA02412919.pdf,data-set-11-files-3,1,other
EFTA02412920.pdf,data-set-11-files-3,2,email
EFTA02412922.pdf,data-set-11-files-3,1,email
EFTA02412923.pdf,data-set-11-files-3,2,email
EFTA02412925.pdf,data-set-11-files-3,1,email
EFTA02412926.pdf,data-set-11-files-3,1,email
EFTA02412927.pdf,data-set-11-files-3,1,email
EFTA02412928.pdf,data-set-11-files-3,1,other
EFTA02412929.pdf,data-set-11-files-3,1,email
EFTA02412930.pdf,data-set-11-files-3,1,other
EFTA02412931.pdf,data-set-11-files-3,1,email
EFTA02412932.pdf,data-set-11-files-3,2,email
EFTA02412934.pdf,data-set-11-files-3,1,other
EFTA02412935.pdf,data-set-11-files-3,1,email
EFTA02412936.pdf,data-set-11-files-3,1,other
EFTA02412937.pdf,data-set-11-files-3,1,other
EFTA02412938.pdf,data-set-11-files-3,1,other
EFTA02412939.pdf,data-set-11-files-3,1,email
EFTA02412940.pdf,data-set-11-files-3,1,email
EFTA02412941.pdf,data-set-11-files-3,1,email
EFTA02412942.pdf,data-set-11-files-3,1,other
EFTA02412943.pdf,data-set-11-files-3,1,email
EFTA02412944.pdf,data-set-11-files-3,1,email
EFTA02412945.pdf,data-set-11-files-3,1,email
EFTA02412946.pdf,data-set-11-files-3,2,email
EFTA02412948.pdf,data-set-11-files-3,1,email
EFTA02412949.pdf,data-set-11-files-3,1,other
EFTA02412950.pdf,data-set-11-files-3,1,email
EFTA02412951.pdf,data-set-11-files-3,1,other
EFTA02412952.pdf,data-set-11-files-3,1,email
EFTA02412953.pdf,data-set-11-files-3,1,other
EFTA02412954.pdf,data-set-11-files-3,2,email
EFTA02412956.pdf,data-set-11-files-3,2,email
EFTA02412958.pdf,data-set-11-files-3,1,email
EFTA02412959.pdf,data-set-11-files-3,1,other
EFTA02412960.pdf,data-set-11-files-3,1,other
EFTA02412961.pdf,data-set-11-files-3,1,other
EFTA02412962.pdf,data-set-11-files-3,6,email
EFTA02412968.pdf,data-set-11-files-3,1,email
EFTA02412969.pdf,data-set-11-files-3,1,email
EFTA02412970.pdf,data-set-11-files-3,1,email
EFTA02412971.pdf,data-set-11-files-3,1,email
EFTA02412972.pdf,data-set-11-files-3,1,email
EFTA02412973.pdf,data-set-11-files-3,1,email
EFTA02412974.pdf,data-set-11-files-3,1,other
EFTA02412975.pdf,data-set-11-files-3,1,email
EFTA02412976.pdf,data-set-11-files-3,1,email
EFTA02412977.pdf,data-set-11-files-3,2,email
EFTA02412979.pdf,data-set-11-files-3,1,email
EFTA02412980.pdf,data-set-11-files-3,1,other
EFTA02412981.pdf,data-set-11-files-3,1,email
EFTA02412982.pdf,data-set-11-files-3,1,other
EFTA02412983.pdf,data-set-11-files-3,1,other
EFTA02412984.pdf,data-set-11-files-3,4,email
EFTA02412988.pdf,data-set-11-files-3,2,email
EFTA02412990.pdf,data-set-11-files-3,1,email
EFTA02412991.pdf,data-set-11-files-3,1,other
EFTA02412992.pdf,data-set-11-files-3,1,email
EFTA02412993.pdf,data-set-11-files-3,1,email
EFTA02412994.pdf,data-set-11-files-3,1,other
EFTA02412995.pdf,data-set-11-files-3,1,email
EFTA02412996.pdf,data-set-11-files-3,1,email
EFTA02412997.pdf,data-set-11-files-3,1,email
EFTA02412998.pdf,data-set-11-files-3,1,email
EFTA02412999.pdf,data-set-11-files-3,1,email
EFTA02413000.pdf,data-set-11-files-3,1,email
EFTA02413001.pdf,data-set-11-files-3,1,other
EFTA02413002.pdf,data-set-11-files-3,1,other
EFTA02413003.pdf,data-set-11-files-3,1,email
EFTA02413004.pdf,data-set-11-files-3,1,other
EFTA02413005.pdf,data-set-11-files-3,1,email
EFTA02413006.pdf,data-set-11-files-3,2,email
EFTA02413008.pdf,data-set-11-files-3,1,email
EFTA02413009.pdf,data-set-11-files-3,4,email
EFTA02413013.pdf,data-set-11-files-3,1,other
EFTA02413014.pdf,data-set-11-files-3,1,other
EFTA02413015.pdf,data-set-11-files-3,1,email
EFTA02413016.pdf,data-set-11-files-3,1,other
EFTA02413017.pdf,data-set-11-files-3,6,email
EFTA02413023.pdf,data-set-11-files-3,1,email
EFTA02413024.pdf,data-set-11-files-3,1,email
EFTA02413025.pdf,data-set-11-files-3,1,other
EFTA02413026.pdf,data-set-11-files-3,1,email
EFTA02413027.pdf,data-set-11-files-3,1,email
EFTA02413028.pdf,data-set-11-files-3,2,email
EFTA02413030.pdf,data-set-11-files-3,4,email
EFTA02413034.pdf,data-set-11-files-3,1,other
EFTA02413035.pdf,data-set-11-files-3,1,email
EFTA02413036.pdf,data-set-11-files-3,1,email
EFTA02413037.pdf,data-set-11-files-3,1,other
EFTA02413038.pdf,data-set-11-files-3,1,email
EFTA02413039.pdf,data-set-11-files-3,2,email
EFTA02413041.pdf,data-set-11-files-3,1,other
EFTA02413042.pdf,data-set-11-files-3,1,email
EFTA02413043.pdf,data-set-11-files-3,1,other
EFTA02413044.pdf,data-set-11-files-3,2,email
EFTA02413046.pdf,data-set-11-files-3,1,email
EFTA02413047.pdf,data-set-11-files-3,1,email
EFTA02413048.pdf,data-set-11-files-3,1,email
EFTA02413049.pdf,data-set-11-files-3,5,email
EFTA02413054.pdf,data-set-11-files-3,3,email
EFTA02413057.pdf,data-set-11-files-3,1,email
EFTA02413058.pdf,data-set-11-files-3,1,other
EFTA02413059.pdf,data-set-11-files-3,1,email
EFTA02413060.pdf,data-set-11-files-3,1,other
EFTA02413061.pdf,data-set-11-files-3,1,other
EFTA02413062.pdf,data-set-11-files-3,1,other
EFTA02413063.pdf,data-set-11-files-3,1,other
EFTA02413064.pdf,data-set-11-files-3,1,email
EFTA02413065.pdf,data-set-11-files-3,1,email
EFTA02413066.pdf,data-set-11-files-3,1,email
EFTA02413067.pdf,data-set-11-files-3,1,email
EFTA02413068.pdf,data-set-11-files-3,1,other
EFTA02413069.pdf,data-set-11-files-3,2,email
EFTA02413071.pdf,data-set-11-files-3,3,email
EFTA02413074.pdf,data-set-11-files-3,1,other
EFTA02413075.pdf,data-set-11-files-3,1,email
EFTA02413076.pdf,data-set-11-files-3,7,other
EFTA02413083.pdf,data-set-11-files-3,1,other
EFTA02413084.pdf,data-set-11-files-3,1,other
EFTA02413085.pdf,data-set-11-files-3,2,email
EFTA02413087.pdf,data-set-11-files-3,1,other
EFTA02413088.pdf,data-set-11-files-3,1,other
EFTA02413089.pdf,data-set-11-files-3,1,other
EFTA02413090.pdf,data-set-11-files-3,1,email
EFTA02413091.pdf,data-set-11-files-3,1,email
EFTA02413092.pdf,data-set-11-files-3,1,email
EFTA02413093.pdf,data-set-11-files-3,2,email
EFTA02413095.pdf,data-set-11-files-3,1,other
EFTA02413096.pdf,data-set-11-files-3,1,other
EFTA02413097.pdf,data-set-11-files-3,1,other
EFTA02413098.pdf,data-set-11-files-3,1,email
EFTA02413099.pdf,data-set-11-files-3,2,email
EFTA02413101.pdf,data-set-11-files-3,1,email
EFTA02413102.pdf,data-set-11-files-3,1,other
EFTA02413103.pdf,data-set-11-files-3,1,other
EFTA02413104.pdf,data-set-11-files-3,1,other
EFTA02413105.pdf,data-set-11-files-3,2,email
EFTA02413107.pdf,data-set-11-files-3,1,other
EFTA02413108.pdf,data-set-11-files-3,1,photo
EFTA02413109.pdf,data-set-11-files-3,1,other
EFTA02413110.pdf,data-set-11-files-3,1,other
EFTA02413111.pdf,data-set-11-files-3,1,other
EFTA02413112.pdf,data-set-11-files-3,4,email
EFTA02413116.pdf,data-set-11-files-3,1,other
EFTA02413117.pdf,data-set-11-files-3,1,email
EFTA02413118.pdf,data-set-11-files-3,1,other
EFTA02413119.pdf,data-set-11-files-3,1,other
EFTA02413120.pdf,data-set-11-files-3,1,other
EFTA02413121.pdf,data-set-11-files-3,1,email
EFTA02413122.pdf,data-set-11-files-3,4,email
EFTA02413126.pdf,data-set-11-files-3,1,email
EFTA02413127.pdf,data-set-11-files-3,1,other
EFTA02413128.pdf,data-set-11-files-3,1,other
EFTA02413129.pdf,data-set-11-files-3,1,other
EFTA02413130.pdf,data-set-11-files-3,1,email
EFTA02413131.pdf,data-set-11-files-3,1,email
EFTA02413132.pdf,data-set-11-files-3,1,other
EFTA02413133.pdf,data-set-11-files-3,1,other
EFTA02413134.pdf,data-set-11-files-3,1,email
EFTA02413135.pdf,data-set-11-files-3,1,other
EFTA02413136.pdf,data-set-11-files-3,3,other
EFTA02413139.pdf,data-set-11-files-3,1,email
EFTA02413140.pdf,data-set-11-files-3,1,email
EFTA02413141.pdf,data-set-11-files-3,1,other
EFTA02413142.pdf,data-set-11-files-3,1,email
EFTA02413143.pdf,data-set-11-files-3,1,other
EFTA02413144.pdf,data-set-11-files-3,1,email
EFTA02413145.pdf,data-set-11-files-3,1,email
EFTA02413146.pdf,data-set-11-files-3,1,email
EFTA02413147.pdf,data-set-11-files-3,2,email
EFTA02413149.pdf,data-set-11-files-3,1,email
EFTA02413150.pdf,data-set-11-files-3,1,other
EFTA02413151.pdf,data-set-11-files-3,2,other
EFTA02413153.pdf,data-set-11-files-3,7,email
EFTA02413160.pdf,data-set-11-files-3,1,other
EFTA02413161.pdf,data-set-11-files-3,1,other
EFTA02413162.pdf,data-set-11-files-3,1,email
EFTA02413163.pdf,data-set-11-files-3,1,email
EFTA02413164.pdf,data-set-11-files-3,1,email
EFTA02413165.pdf,data-set-11-files-3,1,other
EFTA02413166.pdf,data-set-11-files-3,1,email
EFTA02413167.pdf,data-set-11-files-3,1,email
EFTA02413168.pdf,data-set-11-files-3,2,email
EFTA02413170.pdf,data-set-11-files-3,1,other
EFTA02413171.pdf,data-set-11-files-3,1,other
EFTA02413172.pdf,data-set-11-files-3,1,other
EFTA02413173.pdf,data-set-11-files-3,6,email
EFTA02413179.pdf,data-set-11-files-3,2,other
EFTA02413181.pdf,data-set-11-files-3,1,email
EFTA02413182.pdf,data-set-11-files-3,1,other
EFTA02413183.pdf,data-set-11-files-3,1,email
EFTA02413184.pdf,data-set-11-files-3,1,email
EFTA02413185.pdf,data-set-11-files-3,2,email
EFTA02413187.pdf,data-set-11-files-3,1,email
EFTA02413188.pdf,data-set-11-files-3,1,email
EFTA02413189.pdf,data-set-11-files-3,1,email
EFTA02413190.pdf,data-set-11-files-3,1,email
EFTA02413191.pdf,data-set-11-files-3,1,other
EFTA02413192.pdf,data-set-11-files-3,1,other
EFTA02413193.pdf,data-set-11-files-3,1,other
EFTA02413194.pdf,data-set-11-files-3,1,email
EFTA02413195.pdf,data-set-11-files-3,3,email
EFTA02413198.pdf,data-set-11-files-3,2,email
EFTA02413200.pdf,data-set-11-files-3,2,other
EFTA02413202.pdf,data-set-11-files-3,1,other
EFTA02413203.pdf,data-set-11-files-3,2,email
EFTA02413205.pdf,data-set-11-files-3,1,other
EFTA02413206.pdf,data-set-11-files-3,2,email
EFTA02413208.pdf,data-set-11-files-3,1,other
EFTA02413209.pdf,data-set-11-files-3,1,other
EFTA02413210.pdf,data-set-11-files-3,1,email
EFTA02413211.pdf,data-set-11-files-3,1,other
EFTA02413212.pdf,data-set-11-files-3,1,email
EFTA02413213.pdf,data-set-11-files-3,1,email
EFTA02413214.pdf,data-set-11-files-3,1,other
EFTA02413215.pdf,data-set-11-files-3,1,email
EFTA02413216.pdf,data-set-11-files-3,1,other
EFTA02413217.pdf,data-set-11-files-3,1,other
EFTA02413218.pdf,data-set-11-files-3,1,email
EFTA02413219.pdf,data-set-11-files-3,1,other
EFTA02413220.pdf,data-set-11-files-3,1,email
EFTA02413221.pdf,data-set-11-files-3,1,other
EFTA02413222.pdf,data-set-11-files-3,23,email
EFTA02413245.pdf,data-set-11-files-3,1,email
EFTA02413246.pdf,data-set-11-files-3,1,other
EFTA02413247.pdf,data-set-11-files-3,1,email
EFTA02413248.pdf,data-set-11-files-3,1,other
EFTA02413249.pdf,data-set-11-files-3,1,other
EFTA02413250.pdf,data-set-11-files-3,1,other
EFTA02413251.pdf,data-set-11-files-3,1,email
EFTA02413252.pdf,data-set-11-files-3,1,other
EFTA02413253.pdf,data-set-11-files-3,1,other
EFTA02413254.pdf,data-set-11-files-3,1,email
EFTA02413255.pdf,data-set-11-files-3,1,other
EFTA02413256.pdf,data-set-11-files-3,1,email
EFTA02413257.pdf,data-set-11-files-3,1,other
EFTA02413258.pdf,data-set-11-files-3,1,email
EFTA02413259.pdf,data-set-11-files-3,1,other
EFTA02413260.pdf,data-set-11-files-3,1,email
EFTA02413261.pdf,data-set-11-files-3,2,email
EFTA02413263.pdf,data-set-11-files-3,1,other
EFTA02413264.pdf,data-set-11-files-3,1,other
EFTA02413265.pdf,data-set-11-files-3,1,other
EFTA02413266.pdf,data-set-11-files-3,1,other
EFTA02413267.pdf,data-set-11-files-3,1,email
EFTA02413268.pdf,data-set-11-files-3,1,email
EFTA02413269.pdf,data-set-11-files-3,1,other
EFTA02413270.pdf,data-set-11-files-3,1,email
EFTA02413271.pdf,data-set-11-files-3,1,other
EFTA02413272.pdf,data-set-11-files-3,1,other
EFTA02413273.pdf,data-set-11-files-3,1,other
EFTA02413274.pdf,data-set-11-files-3,1,other
EFTA02413275.pdf,data-set-11-files-3,1,other
EFTA02413276.pdf,data-set-11-files-3,1,other
EFTA02413277.pdf,data-set-11-files-3,1,email
EFTA02413278.pdf,data-set-11-files-3,1,email
EFTA02413279.pdf,data-set-11-files-3,1,email
EFTA02413280.pdf,data-set-11-files-3,3,email
EFTA02413283.pdf,data-set-11-files-3,1,other
EFTA02413284.pdf,data-set-11-files-3,1,other
EFTA02413285.pdf,data-set-11-files-3,1,other
EFTA02413286.pdf,data-set-11-files-3,1,other
EFTA02413287.pdf,data-set-11-files-3,1,email
EFTA02413288.pdf,data-set-11-files-3,1,email
EFTA02413289.pdf,data-set-11-files-3,1,other
EFTA02413290.pdf,data-set-11-files-3,1,other
EFTA02413291.pdf,data-set-11-files-3,1,email
EFTA02413292.pdf,data-set-11-files-3,1,other
EFTA02413293.pdf,data-set-11-files-3,1,email
EFTA02413294.pdf,data-set-11-files-3,1,other
EFTA02413295.pdf,data-set-11-files-3,1,email
EFTA02413296.pdf,data-set-11-files-3,1,email
EFTA02413297.pdf,data-set-11-files-3,1,other
EFTA02413298.pdf,data-set-11-files-3,1,email
EFTA02413299.pdf,data-set-11-files-3,1,email
EFTA02413300.pdf,data-set-11-files-3,1,email
EFTA02413301.pdf,data-set-11-files-3,2,email
EFTA02413303.pdf,data-set-11-files-3,1,other
EFTA02413304.pdf,data-set-11-files-3,1,other
EFTA02413305.pdf,data-set-11-files-3,1,email
EFTA02413306.pdf,data-set-11-files-3,1,email
EFTA02413307.pdf,data-set-11-files-3,1,other
EFTA02413308.pdf,data-set-11-files-3,1,other
EFTA02413309.pdf,data-set-11-files-3,2,email
EFTA02413311.pdf,data-set-11-files-3,1,other
EFTA02413312.pdf,data-set-11-files-3,1,other
EFTA02413313.pdf,data-set-11-files-3,1,other
EFTA02413314.pdf,data-set-11-files-3,1,other
EFTA02413315.pdf,data-set-11-files-3,1,email
EFTA02413316.pdf,data-set-11-files-3,1,other
EFTA02413317.pdf,data-set-11-files-3,1,other
EFTA02413318.pdf,data-set-11-files-3,1,other
EFTA02413319.pdf,data-set-11-files-3,1,email
EFTA02413320.pdf,data-set-11-files-3,1,other
EFTA02413321.pdf,data-set-11-files-3,1,other
EFTA02413322.pdf,data-set-11-files-3,1,other
EFTA02413323.pdf,data-set-11-files-3,1,other
EFTA02413324.pdf,data-set-11-files-3,1,other
EFTA02413325.pdf,data-set-11-files-3,1,other
EFTA02413326.pdf,data-set-11-files-3,1,email
EFTA02413327.pdf,data-set-11-files-3,1,email
EFTA02413328.pdf,data-set-11-files-3,1,email
EFTA02413329.pdf,data-set-11-files-3,1,other
EFTA02413330.pdf,data-set-11-files-3,1,other
EFTA02413331.pdf,data-set-11-files-3,1,email
EFTA02413332.pdf,data-set-11-files-3,1,other
EFTA02413333.pdf,data-set-11-files-3,1,email
EFTA02413334.pdf,data-set-11-files-3,1,other
EFTA02413335.pdf,data-set-11-files-3,1,email
EFTA02413336.pdf,data-set-11-files-3,1,other
EFTA02413337.pdf,data-set-11-files-3,3,other
EFTA02413340.pdf,data-set-11-files-3,1,email
EFTA02413341.pdf,data-set-11-files-3,2,email
EFTA02413343.pdf,data-set-11-files-3,1,email
EFTA02413344.pdf,data-set-11-files-3,2,email
EFTA02413346.pdf,data-set-11-files-3,1,email
EFTA02413347.pdf,data-set-11-files-3,1,other
EFTA02413348.pdf,data-set-11-files-3,1,email
EFTA02413349.pdf,data-set-11-files-3,1,email
EFTA02413350.pdf,data-set-11-files-3,1,email
EFTA02413351.pdf,data-set-11-files-3,2,email
EFTA02413353.pdf,data-set-11-files-3,1,other
EFTA02413354.pdf,data-set-11-files-3,1,other
EFTA02413355.pdf,data-set-11-files-3,1,other
EFTA02413356.pdf,data-set-11-files-3,1,email
EFTA02413357.pdf,data-set-11-files-3,1,email
EFTA02413358.pdf,data-set-11-files-3,1,email
EFTA02413359.pdf,data-set-11-files-3,1,email
EFTA02413360.pdf,data-set-11-files-3,1,other
EFTA02413361.pdf,data-set-11-files-3,3,email
EFTA02413364.pdf,data-set-11-files-3,1,other
EFTA02413365.pdf,data-set-11-files-3,1,email
EFTA02413366.pdf,data-set-11-files-3,1,email
EFTA02413367.pdf,data-set-11-files-3,1,other
EFTA02413368.pdf,data-set-11-files-3,1,email
EFTA02413369.pdf,data-set-11-files-3,1,email
EFTA02413370.pdf,data-set-11-files-3,1,other
EFTA02413371.pdf,data-set-11-files-3,1,other
EFTA02413372.pdf,data-set-11-files-3,1,email
EFTA02413373.pdf,data-set-11-files-3,3,email
EFTA02413376.pdf,data-set-11-files-3,1,other
EFTA02413377.pdf,data-set-11-files-3,1,email
EFTA02413378.pdf,data-set-11-files-3,1,other
EFTA02413379.pdf,data-set-11-files-3,1,email
EFTA02413380.pdf,data-set-11-files-3,2,email
EFTA02413382.pdf,data-set-11-files-3,1,email
EFTA02413383.pdf,data-set-11-files-3,1,other
EFTA02413384.pdf,data-set-11-files-3,1,email
EFTA02413385.pdf,data-set-11-files-3,1,other
EFTA02413386.pdf,data-set-11-files-3,2,email
EFTA02413388.pdf,data-set-11-files-3,1,other
EFTA02413389.pdf,data-set-11-files-3,1,other
EFTA02413390.pdf,data-set-11-files-3,1,other
EFTA02413391.pdf,data-set-11-files-3,1,email
EFTA02413392.pdf,data-set-11-files-3,1,email
EFTA02413393.pdf,data-set-11-files-3,1,email
EFTA02413394.pdf,data-set-11-files-3,1,other
EFTA02413395.pdf,data-set-11-files-3,1,other
EFTA02413396.pdf,data-set-11-files-3,3,email
EFTA02413399.pdf,data-set-11-files-3,1,email
EFTA02413400.pdf,data-set-11-files-3,1,other
EFTA02413401.pdf,data-set-11-files-3,1,other
EFTA02413402.pdf,data-set-11-files-3,1,other
EFTA02413403.pdf,data-set-11-files-3,1,other
EFTA02413404.pdf,data-set-11-files-3,1,email
EFTA02413405.pdf,data-set-11-files-3,1,other
EFTA02413406.pdf,data-set-11-files-3,2,email
EFTA02413408.pdf,data-set-11-files-3,1,email
EFTA02413409.pdf,data-set-11-files-3,1,email
EFTA02413410.pdf,data-set-11-files-3,1,other
EFTA02413411.pdf,data-set-11-files-3,2,email
EFTA02413413.pdf,data-set-11-files-3,1,other
EFTA02413414.pdf,data-set-11-files-3,3,email
EFTA02413417.pdf,data-set-11-files-3,1,email
EFTA02413418.pdf,data-set-11-files-3,1,other
EFTA02413419.pdf,data-set-11-files-3,1,other
EFTA02413420.pdf,data-set-11-files-3,2,email
EFTA02413422.pdf,data-set-11-files-3,1,email
EFTA02413423.pdf,data-set-11-files-3,1,email
EFTA02413424.pdf,data-set-11-files-3,1,other
EFTA02413425.pdf,data-set-11-files-3,1,other
EFTA02413426.pdf,data-set-11-files-3,1,other
EFTA02413427.pdf,data-set-11-files-3,1,other
EFTA02413428.pdf,data-set-11-files-3,1,other
EFTA02413429.pdf,data-set-11-files-3,1,other
EFTA02413430.pdf,data-set-11-files-3,1,email
EFTA02413431.pdf,data-set-11-files-3,1,email
EFTA02413432.pdf,data-set-11-files-3,1,email
EFTA02413433.pdf,data-set-11-files-3,1,email
EFTA02413434.pdf,data-set-11-files-3,1,other
EFTA02413435.pdf,data-set-11-files-3,1,other
EFTA02413436.pdf,data-set-11-files-3,1,other
EFTA02413437.pdf,data-set-11-files-3,1,other
EFTA02413438.pdf,data-set-11-files-3,1,email
EFTA02413439.pdf,data-set-11-files-3,1,email
EFTA02413440.pdf,data-set-11-files-3,1,other
EFTA02413441.pdf,data-set-11-files-3,1,email
EFTA02413442.pdf,data-set-11-files-3,2,email
EFTA02413444.pdf,data-set-11-files-3,1,email
EFTA02413445.pdf,data-set-11-files-3,1,email
EFTA02413446.pdf,data-set-11-files-3,1,email
EFTA02413447.pdf,data-set-11-files-3,1,email
EFTA02413448.pdf,data-set-11-files-3,3,email
EFTA02413451.pdf,data-set-11-files-3,1,email
EFTA02413452.pdf,data-set-11-files-3,1,other
EFTA02413453.pdf,data-set-11-files-3,2,email
EFTA02413455.pdf,data-set-11-files-3,1,other
EFTA02413456.pdf,data-set-11-files-3,1,email
EFTA02413457.pdf,data-set-11-files-3,2,email
EFTA02413459.pdf,data-set-11-files-3,1,email
EFTA02413460.pdf,data-set-11-files-3,2,other
EFTA02413462.pdf,data-set-11-files-3,1,email
EFTA02413463.pdf,data-set-11-files-3,1,email
EFTA02413464.pdf,data-set-11-files-3,2,email
EFTA02413466.pdf,data-set-11-files-3,1,email
EFTA02413467.pdf,data-set-11-files-3,1,email
EFTA02413468.pdf,data-set-11-files-3,1,email
EFTA02413469.pdf,data-set-11-files-3,2,email
EFTA02413471.pdf,data-set-11-files-3,2,other
EFTA02413473.pdf,data-set-11-files-3,1,email
EFTA02413474.pdf,data-set-11-files-3,1,email
EFTA02413475.pdf,data-set-11-files-3,1,email
EFTA02413476.pdf,data-set-11-files-3,1,email
EFTA02413477.pdf,data-set-11-files-3,1,email
EFTA02413478.pdf,data-set-11-files-3,2,email
EFTA02413480.pdf,data-set-11-files-3,1,email
EFTA02413481.pdf,data-set-11-files-3,1,other
EFTA02413482.pdf,data-set-11-files-3,2,email
EFTA02413484.pdf,data-set-11-files-3,1,email
EFTA02413485.pdf,data-set-11-files-3,1,other
EFTA02413486.pdf,data-set-11-files-3,1,other
EFTA02413487.pdf,data-set-11-files-3,1,email
EFTA02413488.pdf,data-set-11-files-3,1,other
EFTA02413489.pdf,data-set-11-files-3,1,other
EFTA02413490.pdf,data-set-11-files-3,1,other
EFTA02413491.pdf,data-set-11-files-3,1,email
EFTA02413492.pdf,data-set-11-files-3,3,other
EFTA02413495.pdf,data-set-11-files-3,1,email
EFTA02413496.pdf,data-set-11-files-3,1,email
EFTA02413497.pdf,data-set-11-files-3,3,email
EFTA02413500.pdf,data-set-11-files-3,1,other
EFTA02413501.pdf,data-set-11-files-3,1,email
EFTA02413502.pdf,data-set-11-files-3,1,email
EFTA02413503.pdf,data-set-11-files-3,1,email
EFTA02413504.pdf,data-set-11-files-3,1,other
EFTA02413505.pdf,data-set-11-files-3,1,other
EFTA02413506.pdf,data-set-11-files-3,1,email
EFTA02413507.pdf,data-set-11-files-3,1,email
EFTA02413508.pdf,data-set-11-files-3,1,other
EFTA02413509.pdf,data-set-11-files-3,6,email
EFTA02413515.pdf,data-set-11-files-3,1,email
EFTA02413516.pdf,data-set-11-files-3,1,other
EFTA02413517.pdf,data-set-11-files-3,1,email
EFTA02413518.pdf,data-set-11-files-3,1,email
EFTA02413519.pdf,data-set-11-files-3,1,email
EFTA02413520.pdf,data-set-11-files-3,1,email
EFTA02413521.pdf,data-set-11-files-3,1,email
EFTA02413522.pdf,data-set-11-files-3,1,email
EFTA02413523.pdf,data-set-11-files-3,2,email
EFTA02413525.pdf,data-set-11-files-3,1,other
EFTA02413526.pdf,data-set-11-files-3,1,email
EFTA02413527.pdf,data-set-11-files-3,1,other
EFTA02413528.pdf,data-set-11-files-3,2,other
EFTA02413530.pdf,data-set-11-files-3,1,other
EFTA02413531.pdf,data-set-11-files-3,1,other
EFTA02413532.pdf,data-set-11-files-3,1,email
EFTA02413533.pdf,data-set-11-files-3,2,other
EFTA02413535.pdf,data-set-11-files-3,1,email
EFTA02413536.pdf,data-set-11-files-3,2,email
EFTA02413538.pdf,data-set-11-files-3,1,other
EFTA02413539.pdf,data-set-11-files-3,1,other
EFTA02413540.pdf,data-set-11-files-3,2,other
EFTA02413542.pdf,data-set-11-files-3,1,email
EFTA02413543.pdf,data-set-11-files-3,1,other
EFTA02413544.pdf,data-set-11-files-3,1,email
EFTA02413545.pdf,data-set-11-files-3,1,other
EFTA02413546.pdf,data-set-11-files-3,1,email
EFTA02413547.pdf,data-set-11-files-3,2,email
EFTA02413549.pdf,data-set-11-files-3,1,email
EFTA02413550.pdf,data-set-11-files-3,1,other
EFTA02413551.pdf,data-set-11-files-3,1,email
EFTA02413552.pdf,data-set-11-files-3,1,other
EFTA02413553.pdf,data-set-11-files-3,1,email
EFTA02413554.pdf,data-set-11-files-3,1,other
EFTA02413555.pdf,data-set-11-files-3,1,email
EFTA02413556.pdf,data-set-11-files-3,1,email
EFTA02413557.pdf,data-set-11-files-3,2,email
EFTA02413559.pdf,data-set-11-files-3,1,email
EFTA02413560.pdf,data-set-11-files-3,2,other
EFTA02413562.pdf,data-set-11-files-3,1,email
EFTA02413563.pdf,data-set-11-files-3,1,other
EFTA02413564.pdf,data-set-11-files-3,1,email
EFTA02413565.pdf,data-set-11-files-3,2,other
EFTA02413567.pdf,data-set-11-files-3,1,other
EFTA02413568.pdf,data-set-11-files-3,1,email
EFTA02413569.pdf,data-set-11-files-3,1,other
EFTA02413570.pdf,data-set-11-files-3,2,email
EFTA02413572.pdf,data-set-11-files-3,1,email
EFTA02413573.pdf,data-set-11-files-3,1,other
EFTA02413574.pdf,data-set-11-files-3,1,other
EFTA02413575.pdf,data-set-11-files-3,1,other
EFTA02413576.pdf,data-set-11-files-3,1,other
EFTA02413577.pdf,data-set-11-files-3,1,email
EFTA02413578.pdf,data-set-11-files-3,1,other
EFTA02413579.pdf,data-set-11-files-3,1,email
EFTA02413580.pdf,data-set-11-files-3,1,other
EFTA02413581.pdf,data-set-11-files-3,1,other
EFTA02413582.pdf,data-set-11-files-3,1,other
EFTA02413583.pdf,data-set-11-files-3,1,other
EFTA02413584.pdf,data-set-11-files-3,1,other
EFTA02413585.pdf,data-set-11-files-3,1,email
EFTA02413586.pdf,data-set-11-files-3,1,email
EFTA02413587.pdf,data-set-11-files-3,1,other
EFTA02413588.pdf,data-set-11-files-3,1,other
EFTA02413589.pdf,data-set-11-files-3,1,other
EFTA02413590.pdf,data-set-11-files-3,2,email
EFTA02413592.pdf,data-set-11-files-3,1,email
EFTA02413593.pdf,data-set-11-files-3,1,other
EFTA02413594.pdf,data-set-11-files-3,2,other
EFTA02413596.pdf,data-set-11-files-3,1,email
EFTA02413597.pdf,data-set-11-files-3,1,other
EFTA02413598.pdf,data-set-11-files-3,1,email
EFTA02413599.pdf,data-set-11-files-3,1,other
EFTA02413600.pdf,data-set-11-files-3,1,email
EFTA02413601.pdf,data-set-11-files-3,2,email
EFTA02413603.pdf,data-set-11-files-3,1,email
EFTA02413604.pdf,data-set-11-files-3,1,email
EFTA02413605.pdf,data-set-11-files-3,1,other
EFTA02413606.pdf,data-set-11-files-3,1,other
EFTA02413607.pdf,data-set-11-files-3,1,other
EFTA02413608.pdf,data-set-11-files-3,1,other
EFTA02413609.pdf,data-set-11-files-3,1,email
EFTA02413610.pdf,data-set-11-files-3,1,email
EFTA02413611.pdf,data-set-11-files-3,1,email
EFTA02413612.pdf,data-set-11-files-3,1,other
EFTA02413613.pdf,data-set-11-files-3,1,email
EFTA02413614.pdf,data-set-11-files-3,1,email
EFTA02413615.pdf,data-set-11-files-3,1,other
EFTA02413616.pdf,data-set-11-files-3,2,email
EFTA02413618.pdf,data-set-11-files-3,1,other
EFTA02413619.pdf,data-set-11-files-3,2,email
EFTA02413621.pdf,data-set-11-files-3,1,email
EFTA02413622.pdf,data-set-11-files-3,1,other
EFTA02413623.pdf,data-set-11-files-3,1,other
EFTA02413624.pdf,data-set-11-files-3,1,email
EFTA02413625.pdf,data-set-11-files-3,1,other
EFTA02413626.pdf,data-set-11-files-3,1,other
EFTA02413627.pdf,data-set-11-files-3,1,email
EFTA02413628.pdf,data-set-11-files-3,2,email
EFTA02413630.pdf,data-set-11-files-3,1,email
EFTA02413631.pdf,data-set-11-files-3,1,other
EFTA02413632.pdf,data-set-11-files-3,1,email
EFTA02413633.pdf,data-set-11-files-3,1,email
EFTA02413634.pdf,data-set-11-files-3,3,email
EFTA02413637.pdf,data-set-11-files-3,1,other
EFTA02413638.pdf,data-set-11-files-3,1,other
EFTA02413639.pdf,data-set-11-files-3,1,other
EFTA02413640.pdf,data-set-11-files-3,1,other
EFTA02413641.pdf,data-set-11-files-3,1,email
EFTA02413642.pdf,data-set-11-files-3,1,other
EFTA02413643.pdf,data-set-11-files-3,2,email
EFTA02413645.pdf,data-set-11-files-3,1,other
EFTA02413646.pdf,data-set-11-files-3,1,email
EFTA02413647.pdf,data-set-11-files-3,1,email
EFTA02413648.pdf,data-set-11-files-3,2,email
EFTA02413650.pdf,data-set-11-files-3,2,email
EFTA02413652.pdf,data-set-11-files-3,1,other
EFTA02413653.pdf,data-set-11-files-3,1,other
EFTA02413654.pdf,data-set-11-files-3,1,other
EFTA02413655.pdf,data-set-11-files-3,2,email
EFTA02413657.pdf,data-set-11-files-3,3,other
EFTA02413660.pdf,data-set-11-files-3,2,email
EFTA02413662.pdf,data-set-11-files-3,1,email
EFTA02413663.pdf,data-set-11-files-3,1,other
EFTA02413664.pdf,data-set-11-files-3,1,email
EFTA02413665.pdf,data-set-11-files-3,1,email
EFTA02413666.pdf,data-set-11-files-3,1,email
EFTA02413667.pdf,data-set-11-files-3,1,other
EFTA02413668.pdf,data-set-11-files-3,1,other
EFTA02413669.pdf,data-set-11-files-3,1,email
EFTA02413670.pdf,data-set-11-files-3,1,email
EFTA02413671.pdf,data-set-11-files-3,1,email
EFTA02413672.pdf,data-set-11-files-3,1,email
EFTA02413673.pdf,data-set-11-files-3,1,email
EFTA02413674.pdf,data-set-11-files-3,2,email
EFTA02413676.pdf,data-set-11-files-3,1,email
EFTA02413677.pdf,data-set-11-files-3,1,other
EFTA02413678.pdf,data-set-11-files-3,1,email
EFTA02413679.pdf,data-set-11-files-3,1,email
EFTA02413680.pdf,data-set-11-files-3,1,other
EFTA02413681.pdf,data-set-11-files-3,1,other
EFTA02413682.pdf,data-set-11-files-3,1,other
EFTA02413683.pdf,data-set-11-files-3,1,other
EFTA02413684.pdf,data-set-11-files-3,1,email
EFTA02413685.pdf,data-set-11-files-3,1,other
EFTA02413686.pdf,data-set-11-files-3,1,other
EFTA02413687.pdf,data-set-11-files-3,3,email
EFTA02413690.pdf,data-set-11-files-3,1,other
EFTA02413691.pdf,data-set-11-files-3,1,email
EFTA02413692.pdf,data-set-11-files-3,1,other
EFTA02413693.pdf,data-set-11-files-3,2,email
EFTA02413695.pdf,data-set-11-files-3,2,email
EFTA02413697.pdf,data-set-11-files-3,1,email
EFTA02413698.pdf,data-set-11-files-3,3,email
EFTA02413701.pdf,data-set-11-files-3,1,email
EFTA02413702.pdf,data-set-11-files-3,1,other
EFTA02413703.pdf,data-set-11-files-3,6,other
EFTA02413709.pdf,data-set-11-files-3,1,other
EFTA02413710.pdf,data-set-11-files-3,1,other
EFTA02413711.pdf,data-set-11-files-3,1,email
EFTA02413712.pdf,data-set-11-files-3,1,other
EFTA02413713.pdf,data-set-11-files-3,1,email
EFTA02413714.pdf,data-set-11-files-3,1,email
EFTA02413715.pdf,data-set-11-files-3,1,email
EFTA02413716.pdf,data-set-11-files-3,1,other
EFTA02413717.pdf,data-set-11-files-3,1,email
EFTA02413718.pdf,data-set-11-files-3,1,other
EFTA02413719.pdf,data-set-11-files-3,1,other
EFTA02413720.pdf,data-set-11-files-3,1,email
EFTA02413721.pdf,data-set-11-files-3,1,other
EFTA02413722.pdf,data-set-11-files-3,2,email
EFTA02413724.pdf,data-set-11-files-3,1,email
EFTA02413725.pdf,data-set-11-files-3,1,other
EFTA02413726.pdf,data-set-11-files-3,2,email
EFTA02413728.pdf,data-set-11-files-3,1,email
EFTA02413729.pdf,data-set-11-files-3,1,other
EFTA02413730.pdf,data-set-11-files-3,1,other
EFTA02413731.pdf,data-set-11-files-3,1,other
EFTA02413732.pdf,data-set-11-files-3,1,other
EFTA02413733.pdf,data-set-11-files-3,1,email
EFTA02413734.pdf,data-set-11-files-3,1,other
EFTA02413735.pdf,data-set-11-files-3,1,other
EFTA02413736.pdf,data-set-11-files-3,1,email
EFTA02413737.pdf,data-set-11-files-3,1,other
EFTA02413738.pdf,data-set-11-files-3,1,email
EFTA02413739.pdf,data-set-11-files-3,1,email
EFTA02413740.pdf,data-set-11-files-3,1,other
EFTA02413741.pdf,data-set-11-files-3,1,other
EFTA02413742.pdf,data-set-11-files-3,1,email
EFTA02413743.pdf,data-set-11-files-3,3,email
EFTA02413746.pdf,data-set-11-files-3,1,other
EFTA02413747.pdf,data-set-11-files-3,1,email
EFTA02413748.pdf,data-set-11-files-3,1,email
EFTA02413749.pdf,data-set-11-files-3,1,other
EFTA02413750.pdf,data-set-11-files-3,1,other
EFTA02413751.pdf,data-set-11-files-3,2,email
EFTA02413753.pdf,data-set-11-files-3,2,other
EFTA02413755.pdf,data-set-11-files-3,1,other
EFTA02413756.pdf,data-set-11-files-3,1,email
EFTA02413757.pdf,data-set-11-files-3,1,email
EFTA02413758.pdf,data-set-11-files-3,1,other
EFTA02413759.pdf,data-set-11-files-3,1,other
EFTA02413760.pdf,data-set-11-files-3,1,other
EFTA02413761.pdf,data-set-11-files-3,1,other
EFTA02413762.pdf,data-set-11-files-3,1,email
EFTA02413763.pdf,data-set-11-files-3,1,email
EFTA02413764.pdf,data-set-11-files-3,1,other
EFTA02413765.pdf,data-set-11-files-3,1,email
EFTA02413766.pdf,data-set-11-files-3,1,email
EFTA02413767.pdf,data-set-11-files-3,3,other
EFTA02413770.pdf,data-set-11-files-3,1,email
EFTA02413771.pdf,data-set-11-files-3,1,email
EFTA02413772.pdf,data-set-11-files-3,1,other
EFTA02413773.pdf,data-set-11-files-3,1,email
EFTA02413774.pdf,data-set-11-files-3,1,other
EFTA02413775.pdf,data-set-11-files-3,1,email
EFTA02413776.pdf,data-set-11-files-3,1,email
EFTA02413777.pdf,data-set-11-files-3,1,other
EFTA02413778.pdf,data-set-11-files-3,3,other
EFTA02413781.pdf,data-set-11-files-3,1,other
EFTA02413782.pdf,data-set-11-files-3,1,email
EFTA02413783.pdf,data-set-11-files-3,1,other
EFTA02413784.pdf,data-set-11-files-3,2,email
EFTA02413786.pdf,data-set-11-files-3,1,email
EFTA02413787.pdf,data-set-11-files-3,1,email
EFTA02413788.pdf,data-set-11-files-3,1,email
EFTA02413789.pdf,data-set-11-files-3,1,email
EFTA02413790.pdf,data-set-11-files-3,1,email
EFTA02413791.pdf,data-set-11-files-3,1,other
EFTA02413792.pdf,data-set-11-files-3,2,email
EFTA02413794.pdf,data-set-11-files-3,2,other
EFTA02413796.pdf,data-set-11-files-3,1,email
EFTA02413797.pdf,data-set-11-files-3,1,email
EFTA02413798.pdf,data-set-11-files-3,1,other
EFTA02413799.pdf,data-set-11-files-3,2,other
EFTA02413801.pdf,data-set-11-files-3,3,email
EFTA02413804.pdf,data-set-11-files-3,1,other
EFTA02413805.pdf,data-set-11-files-3,1,email
EFTA02413806.pdf,data-set-11-files-3,3,other
EFTA02413809.pdf,data-set-11-files-3,1,other
EFTA02413810.pdf,data-set-11-files-3,1,email
EFTA02413811.pdf,data-set-11-files-3,1,email
EFTA02413812.pdf,data-set-11-files-3,1,email
EFTA02413813.pdf,data-set-11-files-3,1,email
EFTA02413814.pdf,data-set-11-files-3,3,email
EFTA02413817.pdf,data-set-11-files-3,1,email
EFTA02413818.pdf,data-set-11-files-3,1,email
EFTA02413819.pdf,data-set-11-files-3,1,email
EFTA02413820.pdf,data-set-11-files-3,1,other
EFTA02413821.pdf,data-set-11-files-3,1,other
EFTA02413822.pdf,data-set-11-files-3,1,email
EFTA02413823.pdf,data-set-11-files-3,1,email
EFTA02413824.pdf,data-set-11-files-3,1,email
EFTA02413825.pdf,data-set-11-files-3,1,email
EFTA02413826.pdf,data-set-11-files-3,1,other
EFTA02413827.pdf,data-set-11-files-3,1,other
EFTA02413828.pdf,data-set-11-files-3,1,other
EFTA02413829.pdf,data-set-11-files-3,1,email
EFTA02413830.pdf,data-set-11-files-3,1,other
EFTA02413831.pdf,data-set-11-files-3,1,other
EFTA02413832.pdf,data-set-11-files-3,1,email
EFTA02413833.pdf,data-set-11-files-3,1,email
EFTA02413834.pdf,data-set-11-files-3,1,other
EFTA02413835.pdf,data-set-11-files-3,1,email
EFTA02413836.pdf,data-set-11-files-3,1,other
EFTA02413837.pdf,data-set-11-files-3,1,other
EFTA02413838.pdf,data-set-11-files-3,1,other
EFTA02413839.pdf,data-set-11-files-3,2,email
EFTA02413841.pdf,data-set-11-files-3,1,email
EFTA02413842.pdf,data-set-11-files-3,1,other
EFTA02413843.pdf,data-set-11-files-3,1,email
EFTA02413844.pdf,data-set-11-files-3,1,email
EFTA02413845.pdf,data-set-11-files-3,1,email
EFTA02413846.pdf,data-set-11-files-3,1,email
EFTA02413847.pdf,data-set-11-files-3,1,email
EFTA02413848.pdf,data-set-11-files-3,2,email
EFTA02413850.pdf,data-set-11-files-3,2,email
EFTA02413852.pdf,data-set-11-files-3,1,other
EFTA02413853.pdf,data-set-11-files-3,1,other
EFTA02413854.pdf,data-set-11-files-3,1,other
EFTA02413855.pdf,data-set-11-files-3,1,other
EFTA02413856.pdf,data-set-11-files-3,1,other
EFTA02413857.pdf,data-set-11-files-3,1,other
EFTA02413858.pdf,data-set-11-files-3,1,other
EFTA02413859.pdf,data-set-11-files-3,1,other
EFTA02413860.pdf,data-set-11-files-3,1,other
EFTA02413861.pdf,data-set-11-files-3,1,other
EFTA02413862.pdf,data-set-11-files-3,1,other
EFTA02413863.pdf,data-set-11-files-3,1,other
EFTA02413864.pdf,data-set-11-files-3,1,other
EFTA02413865.pdf,data-set-11-files-3,1,other
EFTA02413866.pdf,data-set-11-files-3,1,email
EFTA02413867.pdf,data-set-11-files-3,1,other
EFTA02413868.pdf,data-set-11-files-3,2,email
EFTA02413870.pdf,data-set-11-files-3,1,other
EFTA02413871.pdf,data-set-11-files-3,1,other
EFTA02413872.pdf,data-set-11-files-3,1,email
EFTA02413873.pdf,data-set-11-files-3,2,other
EFTA02413875.pdf,data-set-11-files-3,1,email
EFTA02413876.pdf,data-set-11-files-3,1,email
EFTA02413877.pdf,data-set-11-files-3,1,email
EFTA02413878.pdf,data-set-11-files-3,1,email
EFTA02413879.pdf,data-set-11-files-3,1,other
EFTA02413883.pdf,data-set-11-files-3,1,other
EFTA02413884.pdf,data-set-11-files-3,1,other
EFTA02413885.pdf,data-set-11-files-3,8,other
EFTA02413893.pdf,data-set-11-files-3,1,email
EFTA02413894.pdf,data-set-11-files-3,1,other
EFTA02413895.pdf,data-set-11-files-3,1,email
EFTA02413896.pdf,data-set-11-files-3,1,other
EFTA02413897.pdf,data-set-11-files-3,1,email
EFTA02413898.pdf,data-set-11-files-3,1,email
EFTA02413899.pdf,data-set-11-files-3,1,email
EFTA02413900.pdf,data-set-11-files-3,1,other
EFTA02413901.pdf,data-set-11-files-3,1,email
EFTA02413902.pdf,data-set-11-files-3,1,email
EFTA02413903.pdf,data-set-11-files-3,2,email
EFTA02413905.pdf,data-set-11-files-3,1,email
EFTA02413906.pdf,data-set-11-files-3,1,other
EFTA02413907.pdf,data-set-11-files-3,1,email
EFTA02413908.pdf,data-set-11-files-3,1,email
EFTA02413909.pdf,data-set-11-files-3,1,other
EFTA02413910.pdf,data-set-11-files-3,1,email
EFTA02413911.pdf,data-set-11-files-3,1,other
EFTA02413912.pdf,data-set-11-files-3,1,other
EFTA02413913.pdf,data-set-11-files-3,1,other
EFTA02413914.pdf,data-set-11-files-3,1,email
EFTA02413915.pdf,data-set-11-files-3,1,email
EFTA02413916.pdf,data-set-11-files-3,1,other
EFTA02413917.pdf,data-set-11-files-3,1,other
EFTA02413918.pdf,data-set-11-files-3,2,email
EFTA02413920.pdf,data-set-11-files-3,1,other
EFTA02413921.pdf,data-set-11-files-3,1,email
EFTA02413922.pdf,data-set-11-files-3,2,email
EFTA02413924.pdf,data-set-11-files-3,1,email
EFTA02413925.pdf,data-set-11-files-3,2,other
EFTA02413927.pdf,data-set-11-files-3,2,other
EFTA02413929.pdf,data-set-11-files-3,1,email
EFTA02413930.pdf,data-set-11-files-3,2,email
EFTA02413932.pdf,data-set-11-files-3,1,email
EFTA02413933.pdf,data-set-11-files-3,1,email
EFTA02413934.pdf,data-set-11-files-3,1,other
EFTA02413935.pdf,data-set-11-files-3,1,other
EFTA02413936.pdf,data-set-11-files-3,1,email
EFTA02413937.pdf,data-set-11-files-3,1,email
EFTA02413938.pdf,data-set-11-files-3,1,other
EFTA02413939.pdf,data-set-11-files-3,2,email
EFTA02413941.pdf,data-set-11-files-3,2,email
EFTA02413943.pdf,data-set-11-files-3,1,email
EFTA02413944.pdf,data-set-11-files-3,1,email
EFTA02413945.pdf,data-set-11-files-3,1,other
EFTA02413946.pdf,data-set-11-files-3,2,email
EFTA02413948.pdf,data-set-11-files-3,1,email
EFTA02413949.pdf,data-set-11-files-3,1,email
EFTA02413950.pdf,data-set-11-files-3,1,other
EFTA02413951.pdf,data-set-11-files-3,1,other
EFTA02413952.pdf,data-set-11-files-3,3,email
EFTA02413955.pdf,data-set-11-files-3,1,email
EFTA02413956.pdf,data-set-11-files-3,2,email
EFTA02413958.pdf,data-set-11-files-3,2,email
EFTA02413960.pdf,data-set-11-files-3,1,email
EFTA02413961.pdf,data-set-11-files-3,1,email
EFTA02413962.pdf,data-set-11-files-3,1,email
EFTA02413963.pdf,data-set-11-files-3,1,email
EFTA02413964.pdf,data-set-11-files-3,1,email
EFTA02413965.pdf,data-set-11-files-3,1,email
EFTA02413966.pdf,data-set-11-files-3,1,email
EFTA02413967.pdf,data-set-11-files-3,1,email
EFTA02413968.pdf,data-set-11-files-3,1,email
EFTA02413969.pdf,data-set-11-files-3,1,other
EFTA02413970.pdf,data-set-11-files-3,1,email
EFTA02413971.pdf,data-set-11-files-3,2,other
EFTA02413973.pdf,data-set-11-files-3,1,other
EFTA02413974.pdf,data-set-11-files-3,1,other
EFTA02413975.pdf,data-set-11-files-3,1,other
EFTA02413976.pdf,data-set-11-files-3,1,other
EFTA02413977.pdf,data-set-11-files-3,1,other
EFTA02413978.pdf,data-set-11-files-3,1,email
EFTA02413979.pdf,data-set-11-files-3,1,email
EFTA02413980.pdf,data-set-11-files-3,1,other
EFTA02413981.pdf,data-set-11-files-3,1,other
EFTA02413982.pdf,data-set-11-files-3,1,email
EFTA02413983.pdf,data-set-11-files-3,1,email
EFTA02413984.pdf,data-set-11-files-3,1,email
EFTA02413985.pdf,data-set-11-files-3,1,email
EFTA02413986.pdf,data-set-11-files-3,1,email
EFTA02413987.pdf,data-set-11-files-3,1,email
EFTA02413988.pdf,data-set-11-files-3,1,email
EFTA02413989.pdf,data-set-11-files-3,1,email
EFTA02413990.pdf,data-set-11-files-3,1,email
EFTA02413991.pdf,data-set-11-files-3,1,other
EFTA02413992.pdf,data-set-11-files-3,1,email
EFTA02413993.pdf,data-set-11-files-3,1,other
EFTA02413994.pdf,data-set-11-files-3,1,email
EFTA02413995.pdf,data-set-11-files-3,1,other
EFTA02413996.pdf,data-set-11-files-3,1,email
EFTA02413997.pdf,data-set-11-files-3,1,email
EFTA02413998.pdf,data-set-11-files-3,1,other
EFTA02413999.pdf,data-set-11-files-3,1,other
EFTA02414000.pdf,data-set-11-files-3,1,other
EFTA02414001.pdf,data-set-11-files-3,1,other
EFTA02414002.pdf,data-set-11-files-3,2,email
EFTA02414004.pdf,data-set-11-files-3,1,email
EFTA02414005.pdf,data-set-11-files-3,1,other
EFTA02414006.pdf,data-set-11-files-3,2,email
EFTA02414008.pdf,data-set-11-files-3,1,email
EFTA02414009.pdf,data-set-11-files-3,3,email
EFTA02414012.pdf,data-set-11-files-3,1,email
EFTA02414013.pdf,data-set-11-files-3,1,other
EFTA02414014.pdf,data-set-11-files-3,4,email
EFTA02414018.pdf,data-set-11-files-3,3,email
EFTA02414021.pdf,data-set-11-files-3,3,email
EFTA02414024.pdf,data-set-11-files-3,1,email
EFTA02414025.pdf,data-set-11-files-3,2,email
EFTA02414027.pdf,data-set-11-files-3,3,email
EFTA02414030.pdf,data-set-11-files-3,2,email
EFTA02414032.pdf,data-set-11-files-3,2,email
EFTA02414034.pdf,data-set-11-files-3,1,other
EFTA02414035.pdf,data-set-11-files-3,1,email
EFTA02414036.pdf,data-set-11-files-3,3,email
EFTA02414039.pdf,data-set-11-files-3,3,email
EFTA02414042.pdf,data-set-11-files-3,1,email
EFTA02414043.pdf,data-set-11-files-3,2,email
EFTA02414045.pdf,data-set-11-files-3,2,email
EFTA02414047.pdf,data-set-11-files-3,1,email
EFTA02414048.pdf,data-set-11-files-3,1,email
EFTA02414049.pdf,data-set-11-files-3,1,email
EFTA02414050.pdf,data-set-11-files-3,1,other
EFTA02414051.pdf,data-set-11-files-3,1,email
EFTA02414052.pdf,data-set-11-files-3,1,other
EFTA02414053.pdf,data-set-11-files-3,1,other
EFTA02414054.pdf,data-set-11-files-3,3,email
EFTA02414057.pdf,data-set-11-files-3,1,other
EFTA02414058.pdf,data-set-11-files-3,1,email
EFTA02414059.pdf,data-set-11-files-3,2,other
EFTA02414061.pdf,data-set-11-files-3,1,other
EFTA02414062.pdf,data-set-11-files-3,1,other
EFTA02414063.pdf,data-set-11-files-3,2,email
EFTA02414065.pdf,data-set-11-files-3,1,other
EFTA02414066.pdf,data-set-11-files-3,2,email
EFTA02414068.pdf,data-set-11-files-3,1,email
EFTA02414069.pdf,data-set-11-files-3,2,email
EFTA02414071.pdf,data-set-11-files-3,1,email
EFTA02414072.pdf,data-set-11-files-3,1,email
EFTA02414073.pdf,data-set-11-files-3,1,email
EFTA02414074.pdf,data-set-11-files-3,1,email
EFTA02414075.pdf,data-set-11-files-3,1,other
EFTA02414076.pdf,data-set-11-files-3,1,other
EFTA02414077.pdf,data-set-11-files-3,1,other
EFTA02414078.pdf,data-set-11-files-3,1,email
EFTA02414079.pdf,data-set-11-files-3,1,email
EFTA02414080.pdf,data-set-11-files-3,1,email
EFTA02414081.pdf,data-set-11-files-3,1,email
EFTA02414084.pdf,data-set-11-files-3,1,other
EFTA02414085.pdf,data-set-11-files-3,1,email
EFTA02414086.pdf,data-set-11-files-3,1,email
EFTA02414087.pdf,data-set-11-files-3,1,email
EFTA02414088.pdf,data-set-11-files-3,1,other
EFTA02414089.pdf,data-set-11-files-3,1,other
EFTA02414090.pdf,data-set-11-files-3,1,other
EFTA02414091.pdf,data-set-11-files-3,1,email
EFTA02414092.pdf,data-set-11-files-3,1,email
EFTA02414093.pdf,data-set-11-files-3,1,other
EFTA02414094.pdf,data-set-11-files-3,1,email
EFTA02414095.pdf,data-set-11-files-3,2,email
EFTA02414097.pdf,data-set-11-files-3,1,email
EFTA02414098.pdf,data-set-11-files-3,1,email
EFTA02414099.pdf,data-set-11-files-3,1,email
EFTA02414100.pdf,data-set-11-files-3,1,other
EFTA02414101.pdf,data-set-11-files-3,1,other
EFTA02414102.pdf,data-set-11-files-3,2,other
EFTA02414104.pdf,data-set-11-files-3,1,email
EFTA02414105.pdf,data-set-11-files-3,2,other
EFTA02414107.pdf,data-set-11-files-3,1,email
EFTA02414108.pdf,data-set-11-files-3,3,email
EFTA02414111.pdf,data-set-11-files-3,2,other
EFTA02414113.pdf,data-set-11-files-3,1,other
EFTA02414114.pdf,data-set-11-files-3,2,email
EFTA02414116.pdf,data-set-11-files-3,1,other
EFTA02414117.pdf,data-set-11-files-3,1,email
EFTA02414118.pdf,data-set-11-files-3,1,email
EFTA02414119.pdf,data-set-11-files-3,1,email
EFTA02414120.pdf,data-set-11-files-3,2,email
EFTA02414122.pdf,data-set-11-files-3,1,other
EFTA02414123.pdf,data-set-11-files-3,1,email
EFTA02414124.pdf,data-set-11-files-3,1,other
EFTA02414125.pdf,data-set-11-files-3,1,email
EFTA02414126.pdf,data-set-11-files-3,1,other
EFTA02414127.pdf,data-set-11-files-3,1,other
EFTA02414128.pdf,data-set-11-files-3,1,email
EFTA02414129.pdf,data-set-11-files-3,1,email
EFTA02414130.pdf,data-set-11-files-3,1,email
EFTA02414131.pdf,data-set-11-files-3,1,email
EFTA02414132.pdf,data-set-11-files-3,1,email
EFTA02414133.pdf,data-set-11-files-3,1,email
EFTA02414134.pdf,data-set-11-files-3,1,other
EFTA02414135.pdf,data-set-11-files-3,1,other
EFTA02414136.pdf,data-set-11-files-3,1,email
EFTA02414137.pdf,data-set-11-files-3,1,other
EFTA02414138.pdf,data-set-11-files-3,1,email
EFTA02414139.pdf,data-set-11-files-3,2,email
EFTA02414141.pdf,data-set-11-files-3,1,other
EFTA02414142.pdf,data-set-11-files-3,1,email
EFTA02414143.pdf,data-set-11-files-3,1,other
EFTA02414144.pdf,data-set-11-files-3,1,other
EFTA02414145.pdf,data-set-11-files-3,2,email
EFTA02414147.pdf,data-set-11-files-3,1,email
EFTA02414148.pdf,data-set-11-files-3,1,email
EFTA02414149.pdf,data-set-11-files-3,2,email
EFTA02414151.pdf,data-set-11-files-3,1,email
EFTA02414152.pdf,data-set-11-files-3,1,other
EFTA02414153.pdf,data-set-11-files-3,1,email
EFTA02414154.pdf,data-set-11-files-3,1,other
EFTA02414155.pdf,data-set-11-files-3,1,email
EFTA02414156.pdf,data-set-11-files-3,1,other
EFTA02414157.pdf,data-set-11-files-3,2,email
EFTA02414159.pdf,data-set-11-files-3,1,other
EFTA02414160.pdf,data-set-11-files-3,1,email
EFTA02414161.pdf,data-set-11-files-3,1,other
EFTA02414162.pdf,data-set-11-files-3,1,other
EFTA02414163.pdf,data-set-11-files-3,1,email
EFTA02414164.pdf,data-set-11-files-3,1,other
EFTA02414165.pdf,data-set-11-files-3,1,other
EFTA02414166.pdf,data-set-11-files-3,1,email
EFTA02414167.pdf,data-set-11-files-3,2,email
EFTA02414169.pdf,data-set-11-files-3,1,email
EFTA02414170.pdf,data-set-11-files-3,1,email
EFTA02414171.pdf,data-set-11-files-3,1,email
EFTA02414172.pdf,data-set-11-files-3,1,other
EFTA02414173.pdf,data-set-11-files-3,1,other
EFTA02414174.pdf,data-set-11-files-3,1,other
EFTA02414175.pdf,data-set-11-files-3,1,other
EFTA02414176.pdf,data-set-11-files-3,2,email
EFTA02414178.pdf,data-set-11-files-3,1,other
EFTA02414179.pdf,data-set-11-files-3,2,email
EFTA02414181.pdf,data-set-11-files-3,1,email
EFTA02414182.pdf,data-set-11-files-3,1,email
EFTA02414183.pdf,data-set-11-files-3,1,email
EFTA02414184.pdf,data-set-11-files-3,1,email
EFTA02414185.pdf,data-set-11-files-3,1,email
EFTA02414186.pdf,data-set-11-files-3,1,other
EFTA02414187.pdf,data-set-11-files-3,1,other
EFTA02414188.pdf,data-set-11-files-3,1,other
EFTA02414189.pdf,data-set-11-files-3,1,email
EFTA02414190.pdf,data-set-11-files-3,1,other
EFTA02414191.pdf,data-set-11-files-3,1,email
EFTA02414192.pdf,data-set-11-files-3,1,email
EFTA02414193.pdf,data-set-11-files-3,1,email
EFTA02414194.pdf,data-set-11-files-3,1,email
EFTA02414195.pdf,data-set-11-files-3,1,other
EFTA02414196.pdf,data-set-11-files-3,2,email
EFTA02414198.pdf,data-set-11-files-3,1,email
EFTA02414199.pdf,data-set-11-files-3,1,other
EFTA02414200.pdf,data-set-11-files-3,1,other
EFTA02414201.pdf,data-set-11-files-3,1,other
EFTA02414202.pdf,data-set-11-files-3,1,email
EFTA02414203.pdf,data-set-11-files-3,1,other
EFTA02414204.pdf,data-set-11-files-3,1,email
EFTA02414205.pdf,data-set-11-files-3,1,email
EFTA02414206.pdf,data-set-11-files-3,1,other
EFTA02414207.pdf,data-set-11-files-3,2,other
EFTA02414209.pdf,data-set-11-files-3,1,email
EFTA02414210.pdf,data-set-11-files-3,1,email
EFTA02414211.pdf,data-set-11-files-3,1,other
EFTA02414212.pdf,data-set-11-files-3,1,email
EFTA02414213.pdf,data-set-11-files-3,1,email
EFTA02414214.pdf,data-set-11-files-3,1,email
EFTA02414215.pdf,data-set-11-files-3,1,other
EFTA02414216.pdf,data-set-11-files-3,1,email
EFTA02414217.pdf,data-set-11-files-3,1,email
EFTA02414218.pdf,data-set-11-files-3,1,email
EFTA02414219.pdf,data-set-11-files-3,1,other
EFTA02414220.pdf,data-set-11-files-3,1,other
EFTA02414221.pdf,data-set-11-files-3,1,other
EFTA02414222.pdf,data-set-11-files-3,1,email
EFTA02414223.pdf,data-set-11-files-3,1,other
EFTA02414224.pdf,data-set-11-files-3,1,email
EFTA02414225.pdf,data-set-11-files-3,1,email
EFTA02414226.pdf,data-set-11-files-3,1,other
EFTA02414227.pdf,data-set-11-files-3,1,email
EFTA02414228.pdf,data-set-11-files-3,3,email
EFTA02414231.pdf,data-set-11-files-3,1,email
EFTA02414232.pdf,data-set-11-files-3,1,other
EFTA02414233.pdf,data-set-11-files-3,1,other
EFTA02414234.pdf,data-set-11-files-3,1,email
EFTA02414235.pdf,data-set-11-files-3,1,email
EFTA02414236.pdf,data-set-11-files-3,1,other
EFTA02414237.pdf,data-set-11-files-3,1,email
EFTA02414238.pdf,data-set-11-files-3,4,other
EFTA02414242.pdf,data-set-11-files-3,1,email
EFTA02414243.pdf,data-set-11-files-3,1,email
EFTA02414244.pdf,data-set-11-files-3,1,other
EFTA02414245.pdf,data-set-11-files-3,1,email
EFTA02414246.pdf,data-set-11-files-3,1,other
EFTA02414247.pdf,data-set-11-files-3,1,other
EFTA02414248.pdf,data-set-11-files-3,2,email
EFTA02414250.pdf,data-set-11-files-3,3,email
EFTA02414253.pdf,data-set-11-files-3,1,other
EFTA02414254.pdf,data-set-11-files-3,1,email
EFTA02414255.pdf,data-set-11-files-3,1,other
EFTA02414256.pdf,data-set-11-files-3,1,other
EFTA02414257.pdf,data-set-11-files-3,1,email
EFTA02414258.pdf,data-set-11-files-3,1,other
EFTA02414259.pdf,data-set-11-files-3,1,other
EFTA02414260.pdf,data-set-11-files-3,1,other
EFTA02414261.pdf,data-set-11-files-3,1,other
EFTA02414262.pdf,data-set-11-files-3,1,email
EFTA02414263.pdf,data-set-11-files-3,1,email
EFTA02414264.pdf,data-set-11-files-3,2,email
EFTA02414266.pdf,data-set-11-files-3,1,email
EFTA02414267.pdf,data-set-11-files-3,1,other
EFTA02414268.pdf,data-set-11-files-3,1,other
EFTA02414269.pdf,data-set-11-files-3,2,email
EFTA02414271.pdf,data-set-11-files-3,1,email
EFTA02414272.pdf,data-set-11-files-3,1,email
EFTA02414273.pdf,data-set-11-files-3,3,email
EFTA02414276.pdf,data-set-11-files-3,2,email
EFTA02414278.pdf,data-set-11-files-3,2,email
EFTA02414280.pdf,data-set-11-files-3,2,email
EFTA02414282.pdf,data-set-11-files-3,1,email
EFTA02414283.pdf,data-set-11-files-3,1,other
EFTA02414284.pdf,data-set-11-files-3,1,other
EFTA02414285.pdf,data-set-11-files-3,1,email
EFTA02414286.pdf,data-set-11-files-3,1,other
EFTA02414287.pdf,data-set-11-files-3,1,other
EFTA02414288.pdf,data-set-11-files-3,2,email
EFTA02414290.pdf,data-set-11-files-3,1,email
EFTA02414291.pdf,data-set-11-files-3,1,email
EFTA02414292.pdf,data-set-11-files-3,1,email
EFTA02414293.pdf,data-set-11-files-3,1,email
EFTA02414294.pdf,data-set-11-files-3,2,email
EFTA02414296.pdf,data-set-11-files-3,1,email
EFTA02414297.pdf,data-set-11-files-3,1,other
EFTA02414298.pdf,data-set-11-files-3,1,email
EFTA02414299.pdf,data-set-11-files-3,1,other
EFTA02414300.pdf,data-set-11-files-3,1,email
EFTA02414301.pdf,data-set-11-files-3,2,other
EFTA02414303.pdf,data-set-11-files-3,1,other
EFTA02414304.pdf,data-set-11-files-3,1,other
EFTA02414305.pdf,data-set-11-files-3,2,email
EFTA02414307.pdf,data-set-11-files-3,2,email
EFTA02414309.pdf,data-set-11-files-3,1,email
EFTA02414310.pdf,data-set-11-files-3,1,email
EFTA02414311.pdf,data-set-11-files-3,1,email
EFTA02414312.pdf,data-set-11-files-3,1,email
EFTA02414313.pdf,data-set-11-files-3,1,email
EFTA02414314.pdf,data-set-11-files-3,1,other
EFTA02414315.pdf,data-set-11-files-3,1,other
EFTA02414316.pdf,data-set-11-files-3,1,email
EFTA02414317.pdf,data-set-11-files-3,1,email
EFTA02414318.pdf,data-set-11-files-3,1,other
EFTA02414319.pdf,data-set-11-files-3,4,email
EFTA02414323.pdf,data-set-11-files-3,1,other
EFTA02414324.pdf,data-set-11-files-3,2,email
EFTA02414326.pdf,data-set-11-files-3,1,email
EFTA02414327.pdf,data-set-11-files-3,1,other
EFTA02414328.pdf,data-set-11-files-3,1,other
EFTA02414329.pdf,data-set-11-files-3,1,other
EFTA02414330.pdf,data-set-11-files-3,2,email
EFTA02414332.pdf,data-set-11-files-3,1,other
EFTA02414333.pdf,data-set-11-files-3,1,other
EFTA02414334.pdf,data-set-11-files-3,1,other
EFTA02414335.pdf,data-set-11-files-3,1,other
EFTA02414336.pdf,data-set-11-files-3,1,email
EFTA02414337.pdf,data-set-11-files-3,1,other
EFTA02414338.pdf,data-set-11-files-3,1,other
EFTA02414339.pdf,data-set-11-files-3,2,email
EFTA02414341.pdf,data-set-11-files-3,1,other
EFTA02414342.pdf,data-set-11-files-3,1,email
EFTA02414343.pdf,data-set-11-files-3,1,other
EFTA02414344.pdf,data-set-11-files-3,1,other
EFTA02414345.pdf,data-set-11-files-3,1,other
EFTA02414346.pdf,data-set-11-files-3,1,other
EFTA02414347.pdf,data-set-11-files-3,1,email
EFTA02414348.pdf,data-set-11-files-3,1,other
EFTA02414349.pdf,data-set-11-files-3,1,other
EFTA02414350.pdf,data-set-11-files-3,1,email
EFTA02414351.pdf,data-set-11-files-3,1,email
EFTA02414352.pdf,data-set-11-files-3,1,email
EFTA02414353.pdf,data-set-11-files-3,1,email
EFTA02414354.pdf,data-set-11-files-3,1,email
EFTA02414355.pdf,data-set-11-files-3,1,email
EFTA02414356.pdf,data-set-11-files-3,2,email
EFTA02414358.pdf,data-set-11-files-3,1,other
EFTA02414359.pdf,data-set-11-files-3,1,other
EFTA02414360.pdf,data-set-11-files-3,1,other
EFTA02414361.pdf,data-set-11-files-3,1,other
EFTA02414362.pdf,data-set-11-files-3,1,email
EFTA02414363.pdf,data-set-11-files-3,1,email
EFTA02414364.pdf,data-set-11-files-3,6,email
EFTA02414370.pdf,data-set-11-files-3,1,email
EFTA02414371.pdf,data-set-11-files-3,1,email
EFTA02414372.pdf,data-set-11-files-3,6,email
EFTA02414378.pdf,data-set-11-files-3,1,email
EFTA02414379.pdf,data-set-11-files-3,2,email
EFTA02414381.pdf,data-set-11-files-3,1,other
EFTA02414382.pdf,data-set-11-files-3,1,email
EFTA02414383.pdf,data-set-11-files-3,1,other
EFTA02414384.pdf,data-set-11-files-3,1,other
EFTA02414385.pdf,data-set-11-files-3,1,email
EFTA02414386.pdf,data-set-11-files-3,1,email
EFTA02414387.pdf,data-set-11-files-3,1,email
EFTA02414388.pdf,data-set-11-files-3,2,email
EFTA02414391.pdf,data-set-11-files-3,1,email
EFTA02414392.pdf,data-set-11-files-3,6,email
EFTA02414398.pdf,data-set-11-files-3,1,email
EFTA02414399.pdf,data-set-11-files-3,1,email
EFTA02414400.pdf,data-set-11-files-3,1,other
EFTA02414401.pdf,data-set-11-files-3,1,other
EFTA02414402.pdf,data-set-11-files-3,6,email
EFTA02414408.pdf,data-set-11-files-3,1,other
EFTA02414409.pdf,data-set-11-files-3,1,other
EFTA02414410.pdf,data-set-11-files-3,1,email
EFTA02414411.pdf,data-set-11-files-3,1,email
EFTA02414412.pdf,data-set-11-files-3,2,email
EFTA02414414.pdf,data-set-11-files-3,1,other
EFTA02414415.pdf,data-set-11-files-3,2,email
EFTA02414417.pdf,data-set-11-files-3,1,email
EFTA02414418.pdf,data-set-11-files-3,1,other
EFTA02414419.pdf,data-set-11-files-3,3,other
EFTA02414422.pdf,data-set-11-files-3,5,email
EFTA02414427.pdf,data-set-11-files-3,1,other
EFTA02414428.pdf,data-set-11-files-3,1,email
EFTA02414429.pdf,data-set-11-files-3,2,email
EFTA02414431.pdf,data-set-11-files-3,2,other
EFTA02414433.pdf,data-set-11-files-3,1,email
EFTA02414434.pdf,data-set-11-files-3,1,email
EFTA02414435.pdf,data-set-11-files-3,1,other
EFTA02414436.pdf,data-set-11-files-3,2,email
EFTA02414438.pdf,data-set-11-files-3,1,other
EFTA02414439.pdf,data-set-11-files-3,2,email
EFTA02414441.pdf,data-set-11-files-3,1,other
EFTA02414442.pdf,data-set-11-files-3,1,other
EFTA02414443.pdf,data-set-11-files-3,1,other
EFTA02414444.pdf,data-set-11-files-3,1,email
EFTA02414445.pdf,data-set-11-files-3,1,email
EFTA02414446.pdf,data-set-11-files-3,2,email
EFTA02414448.pdf,data-set-11-files-3,2,other
EFTA02414450.pdf,data-set-11-files-3,1,email
EFTA02414451.pdf,data-set-11-files-3,1,other
EFTA02414452.pdf,data-set-11-files-3,1,other
EFTA02414453.pdf,data-set-11-files-3,1,email
EFTA02414454.pdf,data-set-11-files-3,3,email
EFTA02414457.pdf,data-set-11-files-3,1,other
EFTA02414458.pdf,data-set-11-files-3,1,email
EFTA02414459.pdf,data-set-11-files-3,1,other
EFTA02414460.pdf,data-set-11-files-3,1,other
EFTA02414461.pdf,data-set-11-files-3,1,email
EFTA02414462.pdf,data-set-11-files-3,1,email
EFTA02414463.pdf,data-set-11-files-3,1,email
EFTA02414464.pdf,data-set-11-files-3,1,other
EFTA02414465.pdf,data-set-11-files-3,1,other
EFTA02414466.pdf,data-set-11-files-3,1,other
EFTA02414467.pdf,data-set-11-files-3,1,photo
EFTA02414468.pdf,data-set-11-files-3,1,email
EFTA02414469.pdf,data-set-11-files-3,1,other
EFTA02414470.pdf,data-set-11-files-3,1,other
EFTA02414471.pdf,data-set-11-files-3,1,email
EFTA02414472.pdf,data-set-11-files-3,1,other
EFTA02414473.pdf,data-set-11-files-3,1,email
EFTA02414474.pdf,data-set-11-files-3,1,other
EFTA02414475.pdf,data-set-11-files-3,1,email
EFTA02414476.pdf,data-set-11-files-3,1,email
EFTA02414477.pdf,data-set-11-files-3,2,other
EFTA02414479.pdf,data-set-11-files-3,2,email
EFTA02414481.pdf,data-set-11-files-3,1,other
EFTA02414482.pdf,data-set-11-files-3,2,email
EFTA02414484.pdf,data-set-11-files-3,1,email
EFTA02414485.pdf,data-set-11-files-3,1,other
EFTA02414486.pdf,data-set-11-files-3,1,email
EFTA02414487.pdf,data-set-11-files-3,1,other
EFTA02414488.pdf,data-set-11-files-3,1,other
EFTA02414489.pdf,data-set-11-files-3,3,email
EFTA02414492.pdf,data-set-11-files-3,1,other
EFTA02414493.pdf,data-set-11-files-3,2,email
EFTA02414495.pdf,data-set-11-files-3,1,email
EFTA02414496.pdf,data-set-11-files-3,1,email
EFTA02414497.pdf,data-set-11-files-3,1,other
EFTA02414498.pdf,data-set-11-files-3,1,other
EFTA02414499.pdf,data-set-11-files-3,1,email
EFTA02414500.pdf,data-set-11-files-3,1,other
EFTA02414501.pdf,data-set-11-files-3,1,other
EFTA02414502.pdf,data-set-11-files-3,1,email
EFTA02414503.pdf,data-set-11-files-3,1,email
EFTA02414504.pdf,data-set-11-files-3,1,other
EFTA02414505.pdf,data-set-11-files-3,3,email
EFTA02414508.pdf,data-set-11-files-3,1,email
EFTA02414509.pdf,data-set-11-files-3,1,other
EFTA02414510.pdf,data-set-11-files-3,1,email
EFTA02414511.pdf,data-set-11-files-3,1,email
EFTA02414512.pdf,data-set-11-files-3,1,email
EFTA02414513.pdf,data-set-11-files-3,1,email
EFTA02414514.pdf,data-set-11-files-3,1,email
EFTA02414515.pdf,data-set-11-files-3,1,other
EFTA02414516.pdf,data-set-11-files-3,1,email
EFTA02414517.pdf,data-set-11-files-3,1,email
EFTA02414518.pdf,data-set-11-files-3,1,other
EFTA02414519.pdf,data-set-11-files-3,1,other
EFTA02414520.pdf,data-set-11-files-3,1,email
EFTA02414521.pdf,data-set-11-files-3,2,other
EFTA02414523.pdf,data-set-11-files-3,2,email
EFTA02414525.pdf,data-set-11-files-3,2,email
EFTA02414527.pdf,data-set-11-files-3,1,other
EFTA02414528.pdf,data-set-11-files-3,1,email
EFTA02414529.pdf,data-set-11-files-3,1,email
EFTA02414530.pdf,data-set-11-files-3,1,other
EFTA02414531.pdf,data-set-11-files-3,2,email
EFTA02414533.pdf,data-set-11-files-3,2,email
EFTA02414535.pdf,data-set-11-files-3,1,other
EFTA02414536.pdf,data-set-11-files-3,1,email
EFTA02414537.pdf,data-set-11-files-3,1,email
EFTA02414538.pdf,data-set-11-files-3,2,email
EFTA02414540.pdf,data-set-11-files-3,1,email
EFTA02414541.pdf,data-set-11-files-3,1,email
EFTA02414542.pdf,data-set-11-files-3,1,email
EFTA02414543.pdf,data-set-11-files-3,1,email
EFTA02414544.pdf,data-set-11-files-3,1,other
EFTA02414545.pdf,data-set-11-files-3,1,other
EFTA02414546.pdf,data-set-11-files-3,1,email
EFTA02414547.pdf,data-set-11-files-3,1,email
EFTA02414548.pdf,data-set-11-files-3,1,email
EFTA02414549.pdf,data-set-11-files-3,1,other
EFTA02414550.pdf,data-set-11-files-3,2,email
EFTA02414552.pdf,data-set-11-files-3,1,email
EFTA02414553.pdf,data-set-11-files-3,2,email
EFTA02414555.pdf,data-set-11-files-3,1,other
EFTA02414556.pdf,data-set-11-files-3,3,email
EFTA02414559.pdf,data-set-11-files-3,1,email
EFTA02414560.pdf,data-set-11-files-3,1,email
EFTA02414561.pdf,data-set-11-files-3,1,other
EFTA02414562.pdf,data-set-11-files-3,1,other
EFTA02414563.pdf,data-set-11-files-3,1,other
EFTA02414564.pdf,data-set-11-files-3,1,other
EFTA02414565.pdf,data-set-11-files-3,1,other
EFTA02414566.pdf,data-set-11-files-3,1,other
EFTA02414567.pdf,data-set-11-files-3,1,email
EFTA02414568.pdf,data-set-11-files-3,1,other
EFTA02414569.pdf,data-set-11-files-3,1,email
EFTA02414570.pdf,data-set-11-files-3,3,email
EFTA02414573.pdf,data-set-11-files-3,1,other
EFTA02414574.pdf,data-set-11-files-3,1,email
EFTA02414575.pdf,data-set-11-files-3,1,other
EFTA02414576.pdf,data-set-11-files-3,3,email
EFTA02414579.pdf,data-set-11-files-3,2,email
EFTA02414581.pdf,data-set-11-files-3,1,other
EFTA02414582.pdf,data-set-11-files-3,1,other
EFTA02414583.pdf,data-set-11-files-3,1,other
EFTA02414584.pdf,data-set-11-files-3,1,other
EFTA02414585.pdf,data-set-11-files-3,1,email
EFTA02414586.pdf,data-set-11-files-3,2,email
EFTA02414588.pdf,data-set-11-files-3,1,email
EFTA02414589.pdf,data-set-11-files-3,1,other
EFTA02414590.pdf,data-set-11-files-3,1,email
EFTA02414591.pdf,data-set-11-files-3,1,email
EFTA02414592.pdf,data-set-11-files-3,1,other
EFTA02414593.pdf,data-set-11-files-3,1,other
EFTA02414594.pdf,data-set-11-files-3,1,email
EFTA02414595.pdf,data-set-11-files-3,1,other
EFTA02414596.pdf,data-set-11-files-3,1,email
EFTA02414597.pdf,data-set-11-files-3,1,other
EFTA02414598.pdf,data-set-11-files-3,1,email
EFTA02414599.pdf,data-set-11-files-3,1,email
EFTA02414600.pdf,data-set-11-files-3,1,email
EFTA02414601.pdf,data-set-11-files-3,1,other
EFTA02414602.pdf,data-set-11-files-3,1,email
EFTA02414603.pdf,data-set-11-files-3,1,email
EFTA02414604.pdf,data-set-11-files-3,1,email
EFTA02414605.pdf,data-set-11-files-3,1,email
EFTA02414606.pdf,data-set-11-files-3,1,email
EFTA02414607.pdf,data-set-11-files-3,1,other
EFTA02414608.pdf,data-set-11-files-3,1,other
EFTA02414609.pdf,data-set-11-files-3,2,email
EFTA02414611.pdf,data-set-11-files-3,1,other
EFTA02414612.pdf,data-set-11-files-3,2,email
EFTA02414614.pdf,data-set-11-files-3,1,email
EFTA02414615.pdf,data-set-11-files-3,1,other
EFTA02414616.pdf,data-set-11-files-3,1,email
EFTA02414617.pdf,data-set-11-files-3,1,email
EFTA02414618.pdf,data-set-11-files-3,1,other
EFTA02414619.pdf,data-set-11-files-3,1,email
EFTA02414620.pdf,data-set-11-files-3,1,other
EFTA02414621.pdf,data-set-11-files-3,1,email
EFTA02414622.pdf,data-set-11-files-3,1,email
EFTA02414623.pdf,data-set-11-files-3,1,other
EFTA02414624.pdf,data-set-11-files-3,1,email
EFTA02414625.pdf,data-set-11-files-3,1,other
EFTA02414626.pdf,data-set-11-files-3,1,other
EFTA02414627.pdf,data-set-11-files-3,1,other
EFTA02414628.pdf,data-set-11-files-3,2,email
EFTA02414630.pdf,data-set-11-files-3,1,other
EFTA02414631.pdf,data-set-11-files-3,1,other
EFTA02414632.pdf,data-set-11-files-3,1,other
EFTA02414633.pdf,data-set-11-files-3,3,other
EFTA02414636.pdf,data-set-11-files-3,1,email
EFTA02414637.pdf,data-set-11-files-3,2,email
EFTA02414639.pdf,data-set-11-files-3,1,other
EFTA02414640.pdf,data-set-11-files-3,1,email
EFTA02414641.pdf,data-set-11-files-3,1,email
EFTA02414642.pdf,data-set-11-files-3,1,email
EFTA02414643.pdf,data-set-11-files-3,2,other
EFTA02414645.pdf,data-set-11-files-3,1,other
EFTA02414646.pdf,data-set-11-files-3,1,email
EFTA02414647.pdf,data-set-11-files-3,1,email
EFTA02414648.pdf,data-set-11-files-3,1,other
EFTA02414649.pdf,data-set-11-files-3,1,email
EFTA02414650.pdf,data-set-11-files-3,1,email
EFTA02414651.pdf,data-set-11-files-3,1,email
EFTA02414652.pdf,data-set-11-files-3,7,other
EFTA02414659.pdf,data-set-11-files-3,1,email
EFTA02414660.pdf,data-set-11-files-3,1,email
EFTA02414661.pdf,data-set-11-files-3,1,email
EFTA02414662.pdf,data-set-11-files-3,1,email
EFTA02414663.pdf,data-set-11-files-3,1,other
EFTA02414664.pdf,data-set-11-files-3,1,email
EFTA02414665.pdf,data-set-11-files-3,1,other
EFTA02414666.pdf,data-set-11-files-3,1,email
EFTA02414667.pdf,data-set-11-files-3,1,other
EFTA02414668.pdf,data-set-11-files-3,1,email
EFTA02414669.pdf,data-set-11-files-3,3,other
EFTA02414672.pdf,data-set-11-files-3,1,other
EFTA02414673.pdf,data-set-11-files-3,1,email
EFTA02414674.pdf,data-set-11-files-3,1,other
EFTA02414675.pdf,data-set-11-files-3,1,email
EFTA02414676.pdf,data-set-11-files-3,1,other
EFTA02414677.pdf,data-set-11-files-3,1,email
EFTA02414678.pdf,data-set-11-files-3,1,other
EFTA02414679.pdf,data-set-11-files-3,1,other
EFTA02414680.pdf,data-set-11-files-3,1,other
EFTA02414681.pdf,data-set-11-files-3,1,other
EFTA02414682.pdf,data-set-11-files-3,1,email
EFTA02414683.pdf,data-set-11-files-3,1,other
EFTA02414684.pdf,data-set-11-files-3,1,other
EFTA02414685.pdf,data-set-11-files-3,1,email
EFTA02414686.pdf,data-set-11-files-3,1,email
EFTA02414687.pdf,data-set-11-files-3,1,email
EFTA02414688.pdf,data-set-11-files-3,1,other
EFTA02414689.pdf,data-set-11-files-3,1,email
EFTA02414690.pdf,data-set-11-files-3,1,other
EFTA02414691.pdf,data-set-11-files-3,1,email
EFTA02414692.pdf,data-set-11-files-3,1,email
EFTA02414693.pdf,data-set-11-files-3,1,email
EFTA02414694.pdf,data-set-11-files-3,3,other
EFTA02414697.pdf,data-set-11-files-3,2,email
EFTA02414699.pdf,data-set-11-files-3,1,email
EFTA02414700.pdf,data-set-11-files-3,1,email
EFTA02414701.pdf,data-set-11-files-3,1,email
EFTA02414702.pdf,data-set-11-files-3,1,other
EFTA02414703.pdf,data-set-11-files-3,1,other
EFTA02414704.pdf,data-set-11-files-3,1,email
EFTA02414705.pdf,data-set-11-files-3,1,other
EFTA02414706.pdf,data-set-11-files-3,1,other
EFTA02414707.pdf,data-set-11-files-3,1,email
EFTA02414708.pdf,data-set-11-files-3,1,email
EFTA02414709.pdf,data-set-11-files-3,1,other
EFTA02414710.pdf,data-set-11-files-3,3,email
EFTA02414713.pdf,data-set-11-files-3,1,other
EFTA02414714.pdf,data-set-11-files-3,1,other
EFTA02414715.pdf,data-set-11-files-3,2,email
EFTA02414717.pdf,data-set-11-files-3,2,email
EFTA02414719.pdf,data-set-11-files-3,1,email
EFTA02414720.pdf,data-set-11-files-3,1,other
EFTA02414721.pdf,data-set-11-files-3,2,email
EFTA02414723.pdf,data-set-11-files-3,1,other
EFTA02414724.pdf,data-set-11-files-3,1,email
EFTA02414725.pdf,data-set-11-files-3,1,other
EFTA02414726.pdf,data-set-11-files-3,1,email
EFTA02414727.pdf,data-set-11-files-3,1,email
EFTA02414728.pdf,data-set-11-files-3,1,other
EFTA02414729.pdf,data-set-11-files-3,1,email
EFTA02414730.pdf,data-set-11-files-3,1,email
EFTA02414731.pdf,data-set-11-files-3,1,email
EFTA02414732.pdf,data-set-11-files-3,1,other
EFTA02414733.pdf,data-set-11-files-3,1,other
EFTA02414734.pdf,data-set-11-files-3,5,email
EFTA02414739.pdf,data-set-11-files-3,1,other
EFTA02414740.pdf,data-set-11-files-3,1,other
EFTA02414741.pdf,data-set-11-files-3,1,email
EFTA02414742.pdf,data-set-11-files-3,2,email
EFTA02414744.pdf,data-set-11-files-3,1,email
EFTA02414745.pdf,data-set-11-files-3,1,other
EFTA02414746.pdf,data-set-11-files-3,1,other
EFTA02414747.pdf,data-set-11-files-3,1,other
EFTA02414748.pdf,data-set-11-files-3,1,other
EFTA02414749.pdf,data-set-11-files-3,2,other
EFTA02414751.pdf,data-set-11-files-3,1,other
EFTA02414752.pdf,data-set-11-files-3,2,email
EFTA02414754.pdf,data-set-11-files-3,1,email
EFTA02414755.pdf,data-set-11-files-3,1,other
EFTA02414756.pdf,data-set-11-files-3,1,other
EFTA02414757.pdf,data-set-11-files-3,2,other
EFTA02414759.pdf,data-set-11-files-3,1,email
EFTA02414760.pdf,data-set-11-files-3,1,email
EFTA02414761.pdf,data-set-11-files-3,1,email
EFTA02414762.pdf,data-set-11-files-3,1,other
EFTA02414763.pdf,data-set-11-files-3,2,other
EFTA02414765.pdf,data-set-11-files-3,1,other
EFTA02414766.pdf,data-set-11-files-3,2,email
EFTA02414768.pdf,data-set-11-files-3,1,email
EFTA02414769.pdf,data-set-11-files-3,1,other
EFTA02414770.pdf,data-set-11-files-3,1,email
EFTA02414771.pdf,data-set-11-files-3,1,email
EFTA02414772.pdf,data-set-11-files-3,2,other
EFTA02414774.pdf,data-set-11-files-3,1,other
EFTA02414775.pdf,data-set-11-files-3,1,other
EFTA02414776.pdf,data-set-11-files-3,1,email
EFTA02414777.pdf,data-set-11-files-3,1,email
EFTA02414778.pdf,data-set-11-files-3,1,email
EFTA02414779.pdf,data-set-11-files-3,1,email
EFTA02414780.pdf,data-set-11-files-3,1,other
EFTA02414781.pdf,data-set-11-files-3,1,email
EFTA02414782.pdf,data-set-11-files-3,1,email
EFTA02414783.pdf,data-set-11-files-3,1,other
EFTA02414784.pdf,data-set-11-files-3,1,other
EFTA02414785.pdf,data-set-11-files-3,1,other
EFTA02414786.pdf,data-set-11-files-3,2,other
EFTA02414788.pdf,data-set-11-files-3,8,email
EFTA02414796.pdf,data-set-11-files-3,1,email
EFTA02414797.pdf,data-set-11-files-3,1,other
EFTA02414798.pdf,data-set-11-files-3,1,other
EFTA02414799.pdf,data-set-11-files-3,1,email
EFTA02414800.pdf,data-set-11-files-3,1,other
EFTA02414801.pdf,data-set-11-files-3,1,other
EFTA02414802.pdf,data-set-11-files-3,1,email
EFTA02414803.pdf,data-set-11-files-3,2,email
EFTA02414805.pdf,data-set-11-files-3,1,other
EFTA02414806.pdf,data-set-11-files-3,1,email
EFTA02414807.pdf,data-set-11-files-3,1,email
EFTA02414808.pdf,data-set-11-files-3,1,other
EFTA02414809.pdf,data-set-11-files-3,1,email
EFTA02414810.pdf,data-set-11-files-3,2,email
EFTA02414812.pdf,data-set-11-files-3,1,email
EFTA02414813.pdf,data-set-11-files-3,1,other
EFTA02414814.pdf,data-set-11-files-3,2,email
EFTA02414816.pdf,data-set-11-files-3,1,other
EFTA02414817.pdf,data-set-11-files-3,1,other
EFTA02414818.pdf,data-set-11-files-3,1,other
EFTA02414819.pdf,data-set-11-files-3,1,other
EFTA02414820.pdf,data-set-11-files-3,2,email
EFTA02414822.pdf,data-set-11-files-3,6,email
EFTA02414828.pdf,data-set-11-files-3,1,email
EFTA02414829.pdf,data-set-11-files-3,1,email
EFTA02414830.pdf,data-set-11-files-3,1,email
EFTA02414831.pdf,data-set-11-files-3,1,email
EFTA02414832.pdf,data-set-11-files-3,1,other
EFTA02414833.pdf,data-set-11-files-3,1,email
EFTA02414834.pdf,data-set-11-files-3,2,email
EFTA02414836.pdf,data-set-11-files-3,1,other
EFTA02414837.pdf,data-set-11-files-3,1,email
EFTA02414838.pdf,data-set-11-files-3,1,email
EFTA02414839.pdf,data-set-11-files-3,1,other
EFTA02414840.pdf,data-set-11-files-3,2,email
EFTA02414842.pdf,data-set-11-files-3,1,other
EFTA02414843.pdf,data-set-11-files-3,1,email
EFTA02414844.pdf,data-set-11-files-3,1,email
EFTA02414845.pdf,data-set-11-files-3,1,other
EFTA02414846.pdf,data-set-11-files-3,1,email
EFTA02414847.pdf,data-set-11-files-3,1,other
EFTA02414848.pdf,data-set-11-files-3,1,other
EFTA02414849.pdf,data-set-11-files-3,1,email
EFTA02414850.pdf,data-set-11-files-3,1,other
EFTA02414851.pdf,data-set-11-files-3,1,other
EFTA02414852.pdf,data-set-11-files-3,2,email
EFTA02414854.pdf,data-set-11-files-3,1,other
EFTA02414855.pdf,data-set-11-files-3,1,other
EFTA02414856.pdf,data-set-11-files-3,1,email
EFTA02414857.pdf,data-set-11-files-3,1,email
EFTA02414858.pdf,data-set-11-files-3,1,email
EFTA02414859.pdf,data-set-11-files-3,1,email
EFTA02414860.pdf,data-set-11-files-3,1,other
EFTA02414861.pdf,data-set-11-files-3,3,email
EFTA02414864.pdf,data-set-11-files-3,2,email
EFTA02414866.pdf,data-set-11-files-3,2,email
EFTA02414868.pdf,data-set-11-files-3,1,email
EFTA02414869.pdf,data-set-11-files-3,2,email
EFTA02414871.pdf,data-set-11-files-3,1,other
EFTA02414872.pdf,data-set-11-files-3,1,other
EFTA02414873.pdf,data-set-11-files-3,1,email
EFTA02414874.pdf,data-set-11-files-3,1,email
EFTA02414875.pdf,data-set-11-files-3,1,email
EFTA02414876.pdf,data-set-11-files-3,1,other
EFTA02414877.pdf,data-set-11-files-3,1,other
EFTA02414878.pdf,data-set-11-files-3,1,other
EFTA02414879.pdf,data-set-11-files-3,1,other
EFTA02414880.pdf,data-set-11-files-3,2,email
EFTA02414882.pdf,data-set-11-files-3,1,email
EFTA02414883.pdf,data-set-11-files-3,2,email
EFTA02414885.pdf,data-set-11-files-3,1,email
EFTA02414886.pdf,data-set-11-files-3,1,other
EFTA02414887.pdf,data-set-11-files-3,1,other
EFTA02414888.pdf,data-set-11-files-3,1,email
EFTA02414889.pdf,data-set-11-files-3,1,other
EFTA02414890.pdf,data-set-11-files-3,1,email
EFTA02414891.pdf,data-set-11-files-3,1,email
EFTA02414892.pdf,data-set-11-files-3,1,email
EFTA02414893.pdf,data-set-11-files-3,1,other
EFTA02414894.pdf,data-set-11-files-3,2,email
EFTA02414896.pdf,data-set-11-files-3,1,other
EFTA02414897.pdf,data-set-11-files-3,1,other
EFTA02414898.pdf,data-set-11-files-3,1,email
EFTA02414899.pdf,data-set-11-files-3,1,email
EFTA02414900.pdf,data-set-11-files-3,1,email
EFTA02414901.pdf,data-set-11-files-3,3,email
EFTA02414904.pdf,data-set-11-files-3,6,email
EFTA02414911.pdf,data-set-11-files-3,2,other
EFTA02414913.pdf,data-set-11-files-3,1,other
EFTA02414914.pdf,data-set-11-files-3,1,email
EFTA02414915.pdf,data-set-11-files-3,1,other
EFTA02414916.pdf,data-set-11-files-3,1,email
EFTA02414917.pdf,data-set-11-files-3,1,other
EFTA02414918.pdf,data-set-11-files-3,2,email
EFTA02414920.pdf,data-set-11-files-3,1,email
EFTA02414921.pdf,data-set-11-files-3,3,email
EFTA02414924.pdf,data-set-11-files-3,2,email
EFTA02414926.pdf,data-set-11-files-3,1,email
EFTA02414927.pdf,data-set-11-files-3,2,email
EFTA02414929.pdf,data-set-11-files-3,1,email
EFTA02414930.pdf,data-set-11-files-3,2,email
EFTA02414932.pdf,data-set-11-files-3,1,other
EFTA02414933.pdf,data-set-11-files-3,2,email
EFTA02414935.pdf,data-set-11-files-3,1,other
EFTA02414936.pdf,data-set-11-files-3,1,email
EFTA02414937.pdf,data-set-11-files-3,5,email
EFTA02414942.pdf,data-set-11-files-3,1,other
EFTA02414943.pdf,data-set-11-files-3,1,email
EFTA02414944.pdf,data-set-11-files-3,1,other
EFTA02414945.pdf,data-set-11-files-3,1,email
EFTA02414946.pdf,data-set-11-files-3,1,other
EFTA02414947.pdf,data-set-11-files-3,1,other
EFTA02414948.pdf,data-set-11-files-3,1,email
EFTA02414949.pdf,data-set-11-files-3,2,email
EFTA02414951.pdf,data-set-11-files-3,1,email
EFTA02414952.pdf,data-set-11-files-3,1,other
EFTA02414953.pdf,data-set-11-files-3,2,email
EFTA02414955.pdf,data-set-11-files-3,1,other
EFTA02414956.pdf,data-set-11-files-3,1,other
EFTA02414957.pdf,data-set-11-files-3,1,email
EFTA02414958.pdf,data-set-11-files-3,1,other
EFTA02414959.pdf,data-set-11-files-3,1,email
EFTA02414960.pdf,data-set-11-files-3,3,email
EFTA02414963.pdf,data-set-11-files-3,1,other
EFTA02414964.pdf,data-set-11-files-3,1,email
EFTA02414965.pdf,data-set-11-files-3,1,email
EFTA02414966.pdf,data-set-11-files-3,1,email
EFTA02414967.pdf,data-set-11-files-3,1,email
EFTA02414968.pdf,data-set-11-files-3,1,other
EFTA02414969.pdf,data-set-11-files-3,1,email
EFTA02414970.pdf,data-set-11-files-3,3,email
EFTA02414973.pdf,data-set-11-files-3,1,email
EFTA02414974.pdf,data-set-11-files-3,1,email
EFTA02414975.pdf,data-set-11-files-3,2,other
EFTA02414977.pdf,data-set-11-files-3,1,other
EFTA02414978.pdf,data-set-11-files-3,1,other
EFTA02414979.pdf,data-set-11-files-3,1,other
EFTA02414980.pdf,data-set-11-files-3,1,email
EFTA02414981.pdf,data-set-11-files-3,1,email
EFTA02414982.pdf,data-set-11-files-3,1,email
EFTA02414983.pdf,data-set-11-files-3,2,email
EFTA02414985.pdf,data-set-11-files-3,1,other
EFTA02414986.pdf,data-set-11-files-3,2,email
EFTA02414988.pdf,data-set-11-files-3,1,other
EFTA02414989.pdf,data-set-11-files-3,1,other
EFTA02414990.pdf,data-set-11-files-3,1,other
EFTA02414991.pdf,data-set-11-files-3,3,other
EFTA02414994.pdf,data-set-11-files-3,1,email
EFTA02414995.pdf,data-set-11-files-3,1,email
EFTA02414996.pdf,data-set-11-files-3,1,email
EFTA02414997.pdf,data-set-11-files-3,1,email
EFTA02414998.pdf,data-set-11-files-3,1,other
EFTA02414999.pdf,data-set-11-files-3,1,email
EFTA02415000.pdf,data-set-11-files-3,1,email
EFTA02415001.pdf,data-set-11-files-3,1,other
EFTA02415002.pdf,data-set-11-files-3,2,email
EFTA02415004.pdf,data-set-11-files-3,2,other
EFTA02415006.pdf,data-set-11-files-3,1,email
EFTA02415007.pdf,data-set-11-files-3,1,email
EFTA02415008.pdf,data-set-11-files-3,1,email
EFTA02415009.pdf,data-set-11-files-3,2,email
EFTA02415011.pdf,data-set-11-files-3,3,email
EFTA02415014.pdf,data-set-11-files-3,1,email
EFTA02415015.pdf,data-set-11-files-3,1,other
EFTA02415016.pdf,data-set-11-files-3,3,email
EFTA02415019.pdf,data-set-11-files-3,2,email
EFTA02415021.pdf,data-set-11-files-3,2,email
EFTA02415023.pdf,data-set-11-files-3,1,other
EFTA02415024.pdf,data-set-11-files-3,1,email
EFTA02415025.pdf,data-set-11-files-3,1,email
EFTA02415026.pdf,data-set-11-files-3,1,other
EFTA02415027.pdf,data-set-11-files-3,1,email
EFTA02415028.pdf,data-set-11-files-3,1,email
EFTA02415029.pdf,data-set-11-files-3,2,email
EFTA02415031.pdf,data-set-11-files-3,2,email
EFTA02415033.pdf,data-set-11-files-3,1,email
EFTA02415034.pdf,data-set-11-files-3,2,other
EFTA02415036.pdf,data-set-11-files-3,3,other
EFTA02415039.pdf,data-set-11-files-3,1,email
EFTA02415040.pdf,data-set-11-files-3,2,email
EFTA02415042.pdf,data-set-11-files-3,1,other
EFTA02415043.pdf,data-set-11-files-3,1,other
EFTA02415044.pdf,data-set-11-files-3,1,other
EFTA02415045.pdf,data-set-11-files-3,1,other
EFTA02415046.pdf,data-set-11-files-3,1,other
EFTA02415047.pdf,data-set-11-files-3,2,email
EFTA02415049.pdf,data-set-11-files-3,1,email
EFTA02415050.pdf,data-set-11-files-3,2,email
EFTA02415052.pdf,data-set-11-files-3,1,email
EFTA02415053.pdf,data-set-11-files-3,2,email
EFTA02415055.pdf,data-set-11-files-3,1,other
EFTA02415056.pdf,data-set-11-files-3,1,email
EFTA02415057.pdf,data-set-11-files-3,2,email
EFTA02415059.pdf,data-set-11-files-3,2,email
EFTA02415061.pdf,data-set-11-files-3,1,email
EFTA02415062.pdf,data-set-11-files-3,1,email
EFTA02415063.pdf,data-set-11-files-3,1,other
EFTA02415064.pdf,data-set-11-files-3,3,email
EFTA02415067.pdf,data-set-11-files-3,1,other
EFTA02415068.pdf,data-set-11-files-3,7,other
EFTA02415075.pdf,data-set-11-files-3,1,other
EFTA02415076.pdf,data-set-11-files-3,1,other
EFTA02415077.pdf,data-set-11-files-3,2,email
EFTA02415079.pdf,data-set-11-files-3,1,other
EFTA02415080.pdf,data-set-11-files-3,1,other
EFTA02415081.pdf,data-set-11-files-3,1,email
EFTA02415082.pdf,data-set-11-files-3,1,other
EFTA02415083.pdf,data-set-11-files-3,1,email
EFTA02415084.pdf,data-set-11-files-3,1,other
EFTA02415085.pdf,data-set-11-files-3,1,other
EFTA02415086.pdf,data-set-11-files-3,1,other
EFTA02415087.pdf,data-set-11-files-3,2,email
EFTA02415089.pdf,data-set-11-files-3,1,other
EFTA02415090.pdf,data-set-11-files-3,1,email
EFTA02415091.pdf,data-set-11-files-3,2,email
EFTA02415093.pdf,data-set-11-files-3,3,other
EFTA02415096.pdf,data-set-11-files-3,1,email
EFTA02415097.pdf,data-set-11-files-3,1,other
EFTA02415098.pdf,data-set-11-files-3,1,other
EFTA02415099.pdf,data-set-11-files-3,1,email
EFTA02415100.pdf,data-set-11-files-3,1,other
EFTA02415101.pdf,data-set-11-files-3,1,email
EFTA02415102.pdf,data-set-11-files-3,1,other
EFTA02415103.pdf,data-set-11-files-3,1,other
EFTA02415104.pdf,data-set-11-files-3,1,email
EFTA02415105.pdf,data-set-11-files-3,1,other
EFTA02415106.pdf,data-set-11-files-3,2,email
EFTA02415108.pdf,data-set-11-files-3,1,email
EFTA02415109.pdf,data-set-11-files-3,1,other
EFTA02415110.pdf,data-set-11-files-3,1,other
EFTA02415111.pdf,data-set-11-files-3,1,other
EFTA02415112.pdf,data-set-11-files-3,2,other
EFTA02415114.pdf,data-set-11-files-3,1,email
EFTA02415115.pdf,data-set-11-files-3,1,other
EFTA02415116.pdf,data-set-11-files-3,2,other
EFTA02415118.pdf,data-set-11-files-3,1,email
EFTA02415119.pdf,data-set-11-files-3,2,email
EFTA02415121.pdf,data-set-11-files-3,1,email
EFTA02415122.pdf,data-set-11-files-3,1,other
EFTA02415123.pdf,data-set-11-files-3,2,email
EFTA02415125.pdf,data-set-11-files-3,1,other
EFTA02415126.pdf,data-set-11-files-3,1,other
EFTA02415127.pdf,data-set-11-files-3,1,email
EFTA02415128.pdf,data-set-11-files-3,2,email
EFTA02415130.pdf,data-set-11-files-3,5,email
EFTA02415135.pdf,data-set-11-files-3,1,email
EFTA02415136.pdf,data-set-11-files-3,1,email
EFTA02415137.pdf,data-set-11-files-3,1,other
EFTA02415138.pdf,data-set-11-files-3,2,email
EFTA02415140.pdf,data-set-11-files-3,1,email
EFTA02415141.pdf,data-set-11-files-3,2,email
EFTA02415143.pdf,data-set-11-files-3,1,email
EFTA02415144.pdf,data-set-11-files-3,2,email
EFTA02415146.pdf,data-set-11-files-3,2,email
EFTA02415148.pdf,data-set-11-files-3,1,other
EFTA02415149.pdf,data-set-11-files-3,1,other
EFTA02415150.pdf,data-set-11-files-3,3,other
EFTA02415153.pdf,data-set-11-files-3,2,email
EFTA02415155.pdf,data-set-11-files-3,1,email
EFTA02415156.pdf,data-set-11-files-3,1,other
EFTA02415157.pdf,data-set-11-files-3,1,email
EFTA02415158.pdf,data-set-11-files-3,2,email
EFTA02415160.pdf,data-set-11-files-3,2,email
EFTA02415162.pdf,data-set-11-files-3,5,email
EFTA02415167.pdf,data-set-11-files-3,1,other
EFTA02415168.pdf,data-set-11-files-3,2,other
EFTA02415170.pdf,data-set-11-files-3,2,email
EFTA02415172.pdf,data-set-11-files-3,1,email
EFTA02415173.pdf,data-set-11-files-3,1,email
EFTA02415174.pdf,data-set-11-files-3,1,other
EFTA02415175.pdf,data-set-11-files-3,1,other
EFTA02415176.pdf,data-set-11-files-3,1,email
EFTA02415177.pdf,data-set-11-files-3,1,other
EFTA02415178.pdf,data-set-11-files-3,1,other
EFTA02415179.pdf,data-set-11-files-3,1,email
EFTA02415180.pdf,data-set-11-files-3,1,other
EFTA02415181.pdf,data-set-11-files-3,1,other
EFTA02415182.pdf,data-set-11-files-3,3,email
EFTA02415185.pdf,data-set-11-files-3,1,other
EFTA02415186.pdf,data-set-11-files-3,2,other
EFTA02415188.pdf,data-set-11-files-3,1,other
EFTA02415189.pdf,data-set-11-files-3,1,email
EFTA02415190.pdf,data-set-11-files-3,1,other
EFTA02415191.pdf,data-set-11-files-3,1,email
EFTA02415192.pdf,data-set-11-files-3,1,email
EFTA02415193.pdf,data-set-11-files-3,1,email
EFTA02415194.pdf,data-set-11-files-3,1,email
EFTA02415195.pdf,data-set-11-files-3,4,email
EFTA02415199.pdf,data-set-11-files-3,1,email
EFTA02415200.pdf,data-set-11-files-3,1,email
EFTA02415201.pdf,data-set-11-files-3,1,email
EFTA02415202.pdf,data-set-11-files-3,1,email
EFTA02415203.pdf,data-set-11-files-3,1,other
EFTA02415204.pdf,data-set-11-files-3,2,email
EFTA02415206.pdf,data-set-11-files-3,1,email
EFTA02415207.pdf,data-set-11-files-3,1,email
EFTA02415208.pdf,data-set-11-files-3,1,email
EFTA02415209.pdf,data-set-11-files-3,1,email
EFTA02415210.pdf,data-set-11-files-3,1,other
EFTA02415211.pdf,data-set-11-files-3,1,email
EFTA02415212.pdf,data-set-11-files-3,1,email
EFTA02415213.pdf,data-set-11-files-3,1,other
EFTA02415214.pdf,data-set-11-files-3,3,email
EFTA02415217.pdf,data-set-11-files-3,1,other
EFTA02415218.pdf,data-set-11-files-3,1,email
EFTA02415219.pdf,data-set-11-files-3,4,email
EFTA02415223.pdf,data-set-11-files-3,1,email
EFTA02415224.pdf,data-set-11-files-3,3,email
EFTA02415227.pdf,data-set-11-files-3,1,other
EFTA02415228.pdf,data-set-11-files-3,1,other
EFTA02415229.pdf,data-set-11-files-3,1,other
EFTA02415230.pdf,data-set-11-files-3,1,other
EFTA02415231.pdf,data-set-11-files-3,1,other
EFTA02415232.pdf,data-set-11-files-3,1,other
EFTA02415233.pdf,data-set-11-files-3,1,email
EFTA02415234.pdf,data-set-11-files-3,2,email
EFTA02415236.pdf,data-set-11-files-3,1,email
EFTA02415237.pdf,data-set-11-files-3,1,email
EFTA02415238.pdf,data-set-11-files-3,1,other
EFTA02415239.pdf,data-set-11-files-3,1,email
EFTA02415240.pdf,data-set-11-files-3,1,email
EFTA02415241.pdf,data-set-11-files-3,1,other
EFTA02415242.pdf,data-set-11-files-3,1,email
EFTA02415243.pdf,data-set-11-files-3,1,email
EFTA02415244.pdf,data-set-11-files-3,1,other
EFTA02415245.pdf,data-set-11-files-3,2,other
EFTA02415247.pdf,data-set-11-files-3,1,other
EFTA02415248.pdf,data-set-11-files-3,1,other
EFTA02415249.pdf,data-set-11-files-3,1,email
EFTA02415250.pdf,data-set-11-files-3,1,email
EFTA02415251.pdf,data-set-11-files-3,1,other
EFTA02415252.pdf,data-set-11-files-3,1,email
EFTA02415253.pdf,data-set-11-files-3,1,email
EFTA02415254.pdf,data-set-11-files-3,1,email
EFTA02415255.pdf,data-set-11-files-3,1,other
EFTA02415256.pdf,data-set-11-files-3,1,email
EFTA02415257.pdf,data-set-11-files-3,1,email
EFTA02415258.pdf,data-set-11-files-3,1,email
EFTA02415259.pdf,data-set-11-files-3,1,email
EFTA02415260.pdf,data-set-11-files-3,1,other
EFTA02415261.pdf,data-set-11-files-3,1,email
EFTA02415262.pdf,data-set-11-files-3,1,email
EFTA02415263.pdf,data-set-11-files-3,1,email
EFTA02415264.pdf,data-set-11-files-3,1,email
EFTA02415265.pdf,data-set-11-files-3,1,email
EFTA02415266.pdf,data-set-11-files-3,1,email
EFTA02415267.pdf,data-set-11-files-3,1,other
EFTA02415268.pdf,data-set-11-files-3,2,email
EFTA02415270.pdf,data-set-11-files-3,1,email
EFTA02415271.pdf,data-set-11-files-3,1,other
EFTA02415272.pdf,data-set-11-files-3,1,other
EFTA02415273.pdf,data-set-11-files-3,1,email
EFTA02415274.pdf,data-set-11-files-3,1,email
EFTA02415275.pdf,data-set-11-files-3,1,email
EFTA02415276.pdf,data-set-11-files-3,1,other
EFTA02415277.pdf,data-set-11-files-3,1,other
EFTA02415278.pdf,data-set-11-files-3,1,email
EFTA02415279.pdf,data-set-11-files-3,1,other
EFTA02415280.pdf,data-set-11-files-3,1,email
EFTA02415281.pdf,data-set-11-files-3,1,email
EFTA02415282.pdf,data-set-11-files-3,1,other
EFTA02415283.pdf,data-set-11-files-3,1,email
EFTA02415284.pdf,data-set-11-files-3,2,email
EFTA02415286.pdf,data-set-11-files-3,1,email
EFTA02415287.pdf,data-set-11-files-3,1,other
EFTA02415288.pdf,data-set-11-files-3,2,email
EFTA02415290.pdf,data-set-11-files-3,1,email
EFTA02415291.pdf,data-set-11-files-3,1,other
EFTA02415292.pdf,data-set-11-files-3,1,other
EFTA02415293.pdf,data-set-11-files-3,1,email
EFTA02415294.pdf,data-set-11-files-3,1,email
EFTA02415295.pdf,data-set-11-files-3,1,email
EFTA02415296.pdf,data-set-11-files-3,1,email
EFTA02415297.pdf,data-set-11-files-3,2,other
EFTA02415299.pdf,data-set-11-files-3,1,email
EFTA02415300.pdf,data-set-11-files-3,1,other
EFTA02415301.pdf,data-set-11-files-3,1,other
EFTA02415302.pdf,data-set-11-files-3,2,email
EFTA02415304.pdf,data-set-11-files-3,1,email
EFTA02415305.pdf,data-set-11-files-3,2,email
EFTA02415307.pdf,data-set-11-files-3,1,email
EFTA02415308.pdf,data-set-11-files-3,1,email
EFTA02415309.pdf,data-set-11-files-3,2,other
EFTA02415311.pdf,data-set-11-files-3,3,email
EFTA02415314.pdf,data-set-11-files-3,1,other
EFTA02415315.pdf,data-set-11-files-3,1,other
EFTA02415316.pdf,data-set-11-files-3,1,email
EFTA02415317.pdf,data-set-11-files-3,2,email
EFTA02415319.pdf,data-set-11-files-3,1,other
EFTA02415320.pdf,data-set-11-files-3,2,email
EFTA02415322.pdf,data-set-11-files-3,1,other
EFTA02415323.pdf,data-set-11-files-3,1,other
EFTA02415324.pdf,data-set-11-files-3,1,other
EFTA02415325.pdf,data-set-11-files-3,1,email
EFTA02415326.pdf,data-set-11-files-3,1,email
EFTA02415327.pdf,data-set-11-files-3,2,email
EFTA02415329.pdf,data-set-11-files-3,1,email
EFTA02415330.pdf,data-set-11-files-3,1,email
EFTA02415331.pdf,data-set-11-files-3,2,email
EFTA02415333.pdf,data-set-11-files-3,2,other
EFTA02415335.pdf,data-set-11-files-3,1,other
EFTA02415336.pdf,data-set-11-files-3,1,other
EFTA02415337.pdf,data-set-11-files-3,1,email
EFTA02415338.pdf,data-set-11-files-3,1,email
EFTA02415339.pdf,data-set-11-files-3,1,other
EFTA02415340.pdf,data-set-11-files-3,1,other
EFTA02415341.pdf,data-set-11-files-3,1,email
EFTA02415342.pdf,data-set-11-files-3,1,other
EFTA02415343.pdf,data-set-11-files-3,1,other
EFTA02415344.pdf,data-set-11-files-3,1,other
EFTA02415345.pdf,data-set-11-files-3,1,email
EFTA02415346.pdf,data-set-11-files-3,1,email
EFTA02415347.pdf,data-set-11-files-3,1,email
EFTA02415348.pdf,data-set-11-files-3,1,other
EFTA02415349.pdf,data-set-11-files-3,2,email
EFTA02415351.pdf,data-set-11-files-3,1,email
EFTA02415352.pdf,data-set-11-files-3,1,other
EFTA02415353.pdf,data-set-11-files-3,1,email
EFTA02415354.pdf,data-set-11-files-3,3,email
EFTA02415357.pdf,data-set-11-files-3,1,email
EFTA02415358.pdf,data-set-11-files-3,1,email
EFTA02415359.pdf,data-set-11-files-3,1,other
EFTA02415360.pdf,data-set-11-files-3,4,email
EFTA02415364.pdf,data-set-11-files-3,1,other
EFTA02415365.pdf,data-set-11-files-3,1,other
EFTA02415366.pdf,data-set-11-files-3,1,email
EFTA02415367.pdf,data-set-11-files-3,3,email
EFTA02415370.pdf,data-set-11-files-3,1,email
EFTA02415371.pdf,data-set-11-files-3,1,other
EFTA02415372.pdf,data-set-11-files-3,3,email
EFTA02415375.pdf,data-set-11-files-3,1,other
EFTA02415376.pdf,data-set-11-files-3,1,other
EFTA02415377.pdf,data-set-11-files-3,1,email
EFTA02415378.pdf,data-set-11-files-3,1,email
EFTA02415379.pdf,data-set-11-files-3,1,email
EFTA02415380.pdf,data-set-11-files-3,1,email
EFTA02415381.pdf,data-set-11-files-3,1,email
EFTA02415382.pdf,data-set-11-files-3,1,other
EFTA02415383.pdf,data-set-11-files-3,1,email
EFTA02415384.pdf,data-set-11-files-3,2,email
EFTA02415386.pdf,data-set-11-files-3,1,other
EFTA02415387.pdf,data-set-11-files-3,1,email
EFTA02415388.pdf,data-set-11-files-3,2,email
EFTA02415390.pdf,data-set-11-files-3,1,email
EFTA02415391.pdf,data-set-11-files-3,1,other
EFTA02415392.pdf,data-set-11-files-3,1,other
EFTA02415393.pdf,data-set-11-files-3,1,email
EFTA02415394.pdf,data-set-11-files-3,1,email
EFTA02415395.pdf,data-set-11-files-3,1,email
EFTA02415396.pdf,data-set-11-files-3,1,other
EFTA02415397.pdf,data-set-11-files-3,1,other
EFTA02415398.pdf,data-set-11-files-3,1,other
EFTA02415399.pdf,data-set-11-files-3,4,email
EFTA02415403.pdf,data-set-11-files-3,1,email
EFTA02415404.pdf,data-set-11-files-3,1,other
EFTA02415405.pdf,data-set-11-files-3,1,other
EFTA02415406.pdf,data-set-11-files-3,1,other
EFTA02415407.pdf,data-set-11-files-3,1,email
EFTA02415408.pdf,data-set-11-files-3,1,email
EFTA02415409.pdf,data-set-11-files-3,1,email
EFTA02415410.pdf,data-set-11-files-3,1,email
EFTA02415411.pdf,data-set-11-files-3,1,email
EFTA02415412.pdf,data-set-11-files-3,1,other
EFTA02415413.pdf,data-set-11-files-3,1,other
EFTA02415414.pdf,data-set-11-files-3,1,email
EFTA02415415.pdf,data-set-11-files-3,1,other
EFTA02415416.pdf,data-set-11-files-3,1,email
EFTA02415417.pdf,data-set-11-files-3,1,email
EFTA02415418.pdf,data-set-11-files-3,1,email
EFTA02415419.pdf,data-set-11-files-3,1,email
EFTA02415420.pdf,data-set-11-files-3,1,email
EFTA02415421.pdf,data-set-11-files-3,1,email
EFTA02415422.pdf,data-set-11-files-3,1,email
EFTA02415423.pdf,data-set-11-files-3,1,email
EFTA02415424.pdf,data-set-11-files-3,1,other
EFTA02415425.pdf,data-set-11-files-3,2,email
EFTA02415427.pdf,data-set-11-files-3,1,email
EFTA02415428.pdf,data-set-11-files-3,1,email
EFTA02415429.pdf,data-set-11-files-3,1,other
EFTA02415430.pdf,data-set-11-files-3,1,email
EFTA02415431.pdf,data-set-11-files-3,2,other
EFTA02415433.pdf,data-set-11-files-3,1,other
EFTA02415434.pdf,data-set-11-files-3,1,email
EFTA02415435.pdf,data-set-11-files-3,1,email
EFTA02415436.pdf,data-set-11-files-3,1,email
EFTA02415437.pdf,data-set-11-files-3,1,email
EFTA02415438.pdf,data-set-11-files-3,1,other
EFTA02415439.pdf,data-set-11-files-3,1,email
EFTA02415440.pdf,data-set-11-files-3,1,other
EFTA02415441.pdf,data-set-11-files-3,1,other
EFTA02415442.pdf,data-set-11-files-3,1,email
EFTA02415443.pdf,data-set-11-files-3,1,other
EFTA02415444.pdf,data-set-11-files-3,2,email
EFTA02415446.pdf,data-set-11-files-3,2,other
EFTA02415448.pdf,data-set-11-files-3,1,email
EFTA02415449.pdf,data-set-11-files-3,1,other
EFTA02415450.pdf,data-set-11-files-3,1,email
EFTA02415451.pdf,data-set-11-files-3,1,email
EFTA02415452.pdf,data-set-11-files-3,1,other
EFTA02415453.pdf,data-set-11-files-3,1,email
EFTA02415454.pdf,data-set-11-files-3,1,email
EFTA02415455.pdf,data-set-11-files-3,1,email
EFTA02415456.pdf,data-set-11-files-3,1,other
EFTA02415457.pdf,data-set-11-files-3,1,email
EFTA02415458.pdf,data-set-11-files-3,1,email
EFTA02415459.pdf,data-set-11-files-3,1,email
EFTA02415460.pdf,data-set-11-files-3,2,email
EFTA02415462.pdf,data-set-11-files-3,1,email
EFTA02415463.pdf,data-set-11-files-3,2,email
EFTA02415465.pdf,data-set-11-files-3,3,email
EFTA02415468.pdf,data-set-11-files-3,1,other
EFTA02415469.pdf,data-set-11-files-3,1,email
EFTA02415470.pdf,data-set-11-files-3,1,email
EFTA02415471.pdf,data-set-11-files-3,1,other
EFTA02415472.pdf,data-set-11-files-3,1,other
EFTA02415473.pdf,data-set-11-files-3,1,other
EFTA02415474.pdf,data-set-11-files-3,1,email
EFTA02415475.pdf,data-set-11-files-3,1,email
EFTA02415476.pdf,data-set-11-files-3,1,other
EFTA02415477.pdf,data-set-11-files-3,1,other
EFTA02415478.pdf,data-set-11-files-3,2,email
EFTA02415480.pdf,data-set-11-files-3,1,email
EFTA02415481.pdf,data-set-11-files-3,1,email
EFTA02415482.pdf,data-set-11-files-3,2,email
EFTA02415484.pdf,data-set-11-files-3,1,email
EFTA02415485.pdf,data-set-11-files-3,1,other
EFTA02415486.pdf,data-set-11-files-3,1,other
EFTA02415487.pdf,data-set-11-files-3,1,other
EFTA02415488.pdf,data-set-11-files-3,1,email
EFTA02415489.pdf,data-set-11-files-3,1,email
EFTA02415490.pdf,data-set-11-files-3,1,email
EFTA02415491.pdf,data-set-11-files-3,1,other
EFTA02415492.pdf,data-set-11-files-3,2,email
EFTA02415494.pdf,data-set-11-files-3,1,email
EFTA02415495.pdf,data-set-11-files-3,2,email
EFTA02415497.pdf,data-set-11-files-3,2,email
EFTA02415499.pdf,data-set-11-files-3,1,email
EFTA02415500.pdf,data-set-11-files-3,1,other
EFTA02415501.pdf,data-set-11-files-3,2,email
EFTA02415503.pdf,data-set-11-files-3,2,email
EFTA02415505.pdf,data-set-11-files-3,2,email
EFTA02415507.pdf,data-set-11-files-3,1,email
EFTA02415508.pdf,data-set-11-files-3,1,email
EFTA02415509.pdf,data-set-11-files-3,1,email
EFTA02415510.pdf,data-set-11-files-3,1,other
EFTA02415511.pdf,data-set-11-files-3,2,email
EFTA02415513.pdf,data-set-11-files-3,1,other
EFTA02415514.pdf,data-set-11-files-3,1,email
EFTA02415515.pdf,data-set-11-files-3,1,email
EFTA02415516.pdf,data-set-11-files-3,3,email
EFTA02415519.pdf,data-set-11-files-3,3,email
EFTA02415522.pdf,data-set-11-files-3,1,other
EFTA02415523.pdf,data-set-11-files-3,1,email
EFTA02415524.pdf,data-set-11-files-3,1,email
EFTA02415525.pdf,data-set-11-files-3,1,other
EFTA02415526.pdf,data-set-11-files-3,6,email
EFTA02415532.pdf,data-set-11-files-3,1,other
EFTA02415533.pdf,data-set-11-files-3,3,other
EFTA02415536.pdf,data-set-11-files-3,1,email
EFTA02415537.pdf,data-set-11-files-3,1,email
EFTA02415538.pdf,data-set-11-files-3,1,email
EFTA02415539.pdf,data-set-11-files-3,1,email
EFTA02415540.pdf,data-set-11-files-3,1,other
EFTA02415541.pdf,data-set-11-files-3,2,email
EFTA02415543.pdf,data-set-11-files-3,1,other
EFTA02415544.pdf,data-set-11-files-3,3,email
EFTA02415547.pdf,data-set-11-files-3,1,email
EFTA02415548.pdf,data-set-11-files-3,2,email
EFTA02415550.pdf,data-set-11-files-3,1,other
EFTA02415551.pdf,data-set-11-files-3,1,email
EFTA02415552.pdf,data-set-11-files-3,3,email
EFTA02415555.pdf,data-set-11-files-3,1,email
EFTA02415556.pdf,data-set-11-files-3,1,email
EFTA02415557.pdf,data-set-11-files-3,1,email
EFTA02415558.pdf,data-set-11-files-3,2,email
EFTA02415560.pdf,data-set-11-files-3,1,email
EFTA02415561.pdf,data-set-11-files-3,3,email
EFTA02415564.pdf,data-set-11-files-3,1,other
EFTA02415565.pdf,data-set-11-files-3,1,email
EFTA02415566.pdf,data-set-11-files-3,1,email
EFTA02415567.pdf,data-set-11-files-3,1,email
EFTA02415568.pdf,data-set-11-files-3,1,email
EFTA02415569.pdf,data-set-11-files-3,1,other
EFTA02415570.pdf,data-set-11-files-3,3,other
EFTA02415573.pdf,data-set-11-files-3,1,other
EFTA02415574.pdf,data-set-11-files-3,3,email
EFTA02415577.pdf,data-set-11-files-3,1,other
EFTA02415578.pdf,data-set-11-files-3,1,email
EFTA02415579.pdf,data-set-11-files-3,1,other
EFTA02415580.pdf,data-set-11-files-3,1,email
EFTA02415581.pdf,data-set-11-files-3,1,email
EFTA02415582.pdf,data-set-11-files-3,1,other
EFTA02415583.pdf,data-set-11-files-3,1,other
EFTA02415584.pdf,data-set-11-files-3,1,email
EFTA02415585.pdf,data-set-11-files-3,1,other
EFTA02415586.pdf,data-set-11-files-3,1,other
EFTA02415587.pdf,data-set-11-files-3,4,other
EFTA02415591.pdf,data-set-11-files-3,1,email
EFTA02415592.pdf,data-set-11-files-3,1,other
EFTA02415593.pdf,data-set-11-files-3,1,email
EFTA02415594.pdf,data-set-11-files-3,1,email
EFTA02415595.pdf,data-set-11-files-3,1,other
EFTA02415596.pdf,data-set-11-files-3,1,other
EFTA02415597.pdf,data-set-11-files-3,1,email
EFTA02415598.pdf,data-set-11-files-3,1,other
EFTA02415599.pdf,data-set-11-files-3,1,email
EFTA02415600.pdf,data-set-11-files-3,2,other
EFTA02415602.pdf,data-set-11-files-3,1,email
EFTA02415603.pdf,data-set-11-files-3,1,email
EFTA02415604.pdf,data-set-11-files-3,1,email
EFTA02415605.pdf,data-set-11-files-3,2,email
EFTA02415607.pdf,data-set-11-files-3,1,other
EFTA02415608.pdf,data-set-11-files-3,1,other
EFTA02415609.pdf,data-set-11-files-3,1,email
EFTA02415610.pdf,data-set-11-files-3,1,other
EFTA02415611.pdf,data-set-11-files-3,1,email
EFTA02415612.pdf,data-set-11-files-3,1,other
EFTA02415613.pdf,data-set-11-files-3,1,email
EFTA02415614.pdf,data-set-11-files-3,1,email
EFTA02415615.pdf,data-set-11-files-3,2,email
EFTA02415617.pdf,data-set-11-files-3,1,email
EFTA02415618.pdf,data-set-11-files-3,1,email
EFTA02415619.pdf,data-set-11-files-3,1,email
EFTA02415620.pdf,data-set-11-files-3,6,email
EFTA02415626.pdf,data-set-11-files-3,1,email
EFTA02415627.pdf,data-set-11-files-3,1,email
EFTA02415628.pdf,data-set-11-files-3,1,other
EFTA02415629.pdf,data-set-11-files-3,1,email
EFTA02415630.pdf,data-set-11-files-3,1,email
EFTA02415631.pdf,data-set-11-files-3,1,email
EFTA02415632.pdf,data-set-11-files-3,1,email
EFTA02415633.pdf,data-set-11-files-3,2,email
EFTA02415635.pdf,data-set-11-files-3,1,email
EFTA02415636.pdf,data-set-11-files-3,1,email
EFTA02415637.pdf,data-set-11-files-3,1,other
EFTA02415638.pdf,data-set-11-files-3,1,email
EFTA02415639.pdf,data-set-11-files-3,1,email
EFTA02415641.pdf,data-set-11-files-3,1,email
EFTA02415642.pdf,data-set-11-files-3,1,email
EFTA02415643.pdf,data-set-11-files-3,1,email
EFTA02415644.pdf,data-set-11-files-3,1,other
EFTA02415645.pdf,data-set-11-files-3,1,email
EFTA02415646.pdf,data-set-11-files-3,1,email
EFTA02415647.pdf,data-set-11-files-3,1,email
EFTA02415648.pdf,data-set-11-files-3,2,email
EFTA02415650.pdf,data-set-11-files-3,1,email
EFTA02415651.pdf,data-set-11-files-3,1,email
EFTA02415652.pdf,data-set-11-files-3,1,email
EFTA02415653.pdf,data-set-11-files-3,1,other
EFTA02415654.pdf,data-set-11-files-3,1,email
EFTA02415655.pdf,data-set-11-files-3,1,email
EFTA02415656.pdf,data-set-11-files-3,1,other
EFTA02415657.pdf,data-set-11-files-3,1,other
EFTA02415658.pdf,data-set-11-files-3,1,other
EFTA02415659.pdf,data-set-11-files-3,1,email
EFTA02415660.pdf,data-set-11-files-3,1,other
EFTA02415661.pdf,data-set-11-files-3,1,other
EFTA02415662.pdf,data-set-11-files-3,1,other
EFTA02415663.pdf,data-set-11-files-3,1,other
EFTA02415664.pdf,data-set-11-files-3,1,email
EFTA02415665.pdf,data-set-11-files-3,1,email
EFTA02415666.pdf,data-set-11-files-3,1,other
EFTA02415667.pdf,data-set-11-files-3,1,email
EFTA02415668.pdf,data-set-11-files-3,1,other
EFTA02415669.pdf,data-set-11-files-3,2,email
EFTA02415671.pdf,data-set-11-files-3,1,email
EFTA02415672.pdf,data-set-11-files-3,1,email
EFTA02415673.pdf,data-set-11-files-3,2,email
EFTA02415675.pdf,data-set-11-files-3,3,email
EFTA02415678.pdf,data-set-11-files-3,1,other
EFTA02415679.pdf,data-set-11-files-3,2,email
EFTA02415681.pdf,data-set-11-files-3,1,email
EFTA02415682.pdf,data-set-11-files-3,1,email
EFTA02415683.pdf,data-set-11-files-3,1,other
EFTA02415684.pdf,data-set-11-files-3,1,other
EFTA02415685.pdf,data-set-11-files-3,1,email
EFTA02415686.pdf,data-set-11-files-3,1,other
EFTA02415687.pdf,data-set-11-files-3,2,email
EFTA02415689.pdf,data-set-11-files-3,1,email
EFTA02415690.pdf,data-set-11-files-3,1,other
EFTA02415691.pdf,data-set-11-files-3,1,other
EFTA02415692.pdf,data-set-11-files-3,1,email
EFTA02415693.pdf,data-set-11-files-3,1,email
EFTA02415694.pdf,data-set-11-files-3,1,email
EFTA02415695.pdf,data-set-11-files-3,1,other
EFTA02415696.pdf,data-set-11-files-3,1,email
EFTA02415697.pdf,data-set-11-files-3,1,other
EFTA02415699.pdf,data-set-11-files-3,1,email
EFTA02415700.pdf,data-set-11-files-3,2,email
EFTA02415702.pdf,data-set-11-files-3,1,email
EFTA02415703.pdf,data-set-11-files-3,1,email
EFTA02415704.pdf,data-set-11-files-3,1,other
EFTA02415705.pdf,data-set-11-files-3,1,email
EFTA02415706.pdf,data-set-11-files-3,1,email
EFTA02415707.pdf,data-set-11-files-3,1,other
EFTA02415708.pdf,data-set-11-files-3,1,email
EFTA02415709.pdf,data-set-11-files-3,2,email
EFTA02415711.pdf,data-set-11-files-3,3,other
EFTA02415714.pdf,data-set-11-files-3,2,email
EFTA02415716.pdf,data-set-11-files-3,1,other
EFTA02415717.pdf,data-set-11-files-3,1,other
EFTA02415718.pdf,data-set-11-files-3,1,other
EFTA02415719.pdf,data-set-11-files-3,1,email
EFTA02415720.pdf,data-set-11-files-3,1,other
EFTA02415721.pdf,data-set-11-files-3,1,other
EFTA02415722.pdf,data-set-11-files-3,2,email
EFTA02415724.pdf,data-set-11-files-3,1,email
EFTA02415725.pdf,data-set-11-files-3,1,email
EFTA02415726.pdf,data-set-11-files-3,1,email
EFTA02415727.pdf,data-set-11-files-3,1,other
EFTA02415728.pdf,data-set-11-files-3,2,email
EFTA02415730.pdf,data-set-11-files-3,1,email
EFTA02415731.pdf,data-set-11-files-3,1,other
EFTA02415732.pdf,data-set-11-files-3,1,email
EFTA02415733.pdf,data-set-11-files-3,1,other
EFTA02415734.pdf,data-set-11-files-3,1,email
EFTA02415735.pdf,data-set-11-files-3,1,email
EFTA02415736.pdf,data-set-11-files-3,3,email
EFTA02415739.pdf,data-set-11-files-3,1,other
EFTA02415740.pdf,data-set-11-files-3,1,email
EFTA02415741.pdf,data-set-11-files-3,2,email
EFTA02415743.pdf,data-set-11-files-3,1,other
EFTA02415744.pdf,data-set-11-files-3,1,other
EFTA02415745.pdf,data-set-11-files-3,1,email
EFTA02415746.pdf,data-set-11-files-3,1,other
EFTA02415747.pdf,data-set-11-files-3,1,email
EFTA02415748.pdf,data-set-11-files-3,1,other
EFTA02415749.pdf,data-set-11-files-3,1,email
EFTA02415750.pdf,data-set-11-files-3,1,email
EFTA02415751.pdf,data-set-11-files-3,1,email
EFTA02415752.pdf,data-set-11-files-3,1,other
EFTA02415753.pdf,data-set-11-files-3,1,email
EFTA02415754.pdf,data-set-11-files-3,1,email
EFTA02415755.pdf,data-set-11-files-3,1,email
EFTA02415756.pdf,data-set-11-files-3,1,other
EFTA02415757.pdf,data-set-11-files-3,1,email
EFTA02415758.pdf,data-set-11-files-3,1,other
EFTA02415759.pdf,data-set-11-files-3,1,email
EFTA02415760.pdf,data-set-11-files-3,1,email
EFTA02415761.pdf,data-set-11-files-3,1,email
EFTA02415762.pdf,data-set-11-files-3,1,other
EFTA02415763.pdf,data-set-11-files-3,1,other
EFTA02415764.pdf,data-set-11-files-3,1,email
EFTA02415765.pdf,data-set-11-files-3,1,other
EFTA02415766.pdf,data-set-11-files-3,3,email
EFTA02415769.pdf,data-set-11-files-3,1,other
EFTA02415770.pdf,data-set-11-files-3,1,email
EFTA02415771.pdf,data-set-11-files-3,1,email
EFTA02415772.pdf,data-set-11-files-3,3,email
EFTA02415775.pdf,data-set-11-files-3,1,email
EFTA02415776.pdf,data-set-11-files-3,2,email
EFTA02415778.pdf,data-set-11-files-3,1,email
EFTA02415779.pdf,data-set-11-files-3,1,email
EFTA02415780.pdf,data-set-11-files-3,1,email
EFTA02415781.pdf,data-set-11-files-3,1,email
EFTA02415782.pdf,data-set-11-files-3,2,email
EFTA02415784.pdf,data-set-11-files-3,1,other
EFTA02415785.pdf,data-set-11-files-3,1,other
EFTA02415786.pdf,data-set-11-files-3,2,email
EFTA02415788.pdf,data-set-11-files-3,1,email
EFTA02415789.pdf,data-set-11-files-3,2,email
EFTA02415791.pdf,data-set-11-files-3,2,email
EFTA02415793.pdf,data-set-11-files-3,1,other
EFTA02415794.pdf,data-set-11-files-3,1,email
EFTA02415795.pdf,data-set-11-files-3,1,other
EFTA02415796.pdf,data-set-11-files-3,1,other
EFTA02415797.pdf,data-set-11-files-3,1,email
EFTA02415798.pdf,data-set-11-files-3,1,email
EFTA02415799.pdf,data-set-11-files-3,1,email
EFTA02415800.pdf,data-set-11-files-3,1,other
EFTA02415801.pdf,data-set-11-files-3,1,email
EFTA02415802.pdf,data-set-11-files-3,1,email
EFTA02415803.pdf,data-set-11-files-3,1,email
EFTA02415804.pdf,data-set-11-files-3,1,email
EFTA02415805.pdf,data-set-11-files-3,1,other
EFTA02415806.pdf,data-set-11-files-3,1,other
EFTA02415807.pdf,data-set-11-files-3,5,email
EFTA02415812.pdf,data-set-11-files-3,1,email
EFTA02415813.pdf,data-set-11-files-3,2,email
EFTA02415815.pdf,data-set-11-files-3,1,email
EFTA02415816.pdf,data-set-11-files-3,1,email
EFTA02415817.pdf,data-set-11-files-3,1,email
EFTA02415818.pdf,data-set-11-files-3,1,other
EFTA02415819.pdf,data-set-11-files-3,1,email
EFTA02415820.pdf,data-set-11-files-3,1,email
EFTA02415821.pdf,data-set-11-files-3,1,other
EFTA02415822.pdf,data-set-11-files-3,4,email
EFTA02415826.pdf,data-set-11-files-3,1,other
EFTA02415827.pdf,data-set-11-files-3,1,other
EFTA02415828.pdf,data-set-11-files-3,1,other
EFTA02415829.pdf,data-set-11-files-3,2,email
EFTA02415831.pdf,data-set-11-files-3,1,email
EFTA02415832.pdf,data-set-11-files-3,1,other
EFTA02415833.pdf,data-set-11-files-3,1,other
EFTA02415834.pdf,data-set-11-files-3,5,email
EFTA02415839.pdf,data-set-11-files-3,1,email
EFTA02415840.pdf,data-set-11-files-3,3,email
EFTA02415843.pdf,data-set-11-files-3,2,email
EFTA02415845.pdf,data-set-11-files-3,2,email
EFTA02415847.pdf,data-set-11-files-3,1,email
EFTA02415848.pdf,data-set-11-files-3,1,other
EFTA02415849.pdf,data-set-11-files-3,1,email
EFTA02415850.pdf,data-set-11-files-3,1,other
EFTA02415851.pdf,data-set-11-files-3,2,email
EFTA02415853.pdf,data-set-11-files-3,1,other
EFTA02415854.pdf,data-set-11-files-3,3,email
EFTA02415857.pdf,data-set-11-files-3,1,other
EFTA02415858.pdf,data-set-11-files-3,1,other
EFTA02415859.pdf,data-set-11-files-3,2,email
EFTA02415861.pdf,data-set-11-files-3,1,email
EFTA02415862.pdf,data-set-11-files-3,2,other
EFTA02415864.pdf,data-set-11-files-3,1,email
EFTA02415865.pdf,data-set-11-files-3,1,other
EFTA02415866.pdf,data-set-11-files-3,1,email
EFTA02415867.pdf,data-set-11-files-3,2,email
EFTA02415869.pdf,data-set-11-files-3,2,email
EFTA02415871.pdf,data-set-11-files-3,1,other
EFTA02415872.pdf,data-set-11-files-3,1,email
EFTA02415873.pdf,data-set-11-files-3,1,other
EFTA02415874.pdf,data-set-11-files-3,1,email
EFTA02415875.pdf,data-set-11-files-3,1,email
EFTA02415876.pdf,data-set-11-files-3,1,email
EFTA02415877.pdf,data-set-11-files-3,2,email
EFTA02415879.pdf,data-set-11-files-3,1,other
EFTA02415880.pdf,data-set-11-files-3,1,email
EFTA02415881.pdf,data-set-11-files-3,1,other
EFTA02415882.pdf,data-set-11-files-3,1,email
EFTA02415883.pdf,data-set-11-files-3,1,email
EFTA02415884.pdf,data-set-11-files-3,1,other
EFTA02415885.pdf,data-set-11-files-3,1,email
EFTA02415886.pdf,data-set-11-files-3,2,email
EFTA02415888.pdf,data-set-11-files-3,1,other
EFTA02415889.pdf,data-set-11-files-3,1,email
EFTA02415890.pdf,data-set-11-files-3,1,other
EFTA02415891.pdf,data-set-11-files-3,1,email
EFTA02415892.pdf,data-set-11-files-3,1,other
EFTA02415893.pdf,data-set-11-files-3,1,email
EFTA02415894.pdf,data-set-11-files-3,1,email
EFTA02415895.pdf,data-set-11-files-3,1,email
EFTA02415896.pdf,data-set-11-files-3,1,email
EFTA02415897.pdf,data-set-11-files-3,1,other
EFTA02415898.pdf,data-set-11-files-3,3,email
EFTA02415901.pdf,data-set-11-files-3,1,other
EFTA02415902.pdf,data-set-11-files-3,1,other
EFTA02415903.pdf,data-set-11-files-3,1,email
EFTA02415904.pdf,data-set-11-files-3,1,email
EFTA02415905.pdf,data-set-11-files-3,1,other
EFTA02415906.pdf,data-set-11-files-3,2,email
EFTA02415908.pdf,data-set-11-files-3,1,email
EFTA02415909.pdf,data-set-11-files-3,1,email
EFTA02415910.pdf,data-set-11-files-3,1,email
EFTA02415911.pdf,data-set-11-files-3,1,email
EFTA02415912.pdf,data-set-11-files-3,1,other
EFTA02415913.pdf,data-set-11-files-3,1,email
EFTA02415914.pdf,data-set-11-files-3,1,other
EFTA02415915.pdf,data-set-11-files-3,1,other
EFTA02415916.pdf,data-set-11-files-3,1,email
EFTA02415917.pdf,data-set-11-files-3,6,email
EFTA02415923.pdf,data-set-11-files-3,1,email
EFTA02415924.pdf,data-set-11-files-3,1,email
EFTA02415925.pdf,data-set-11-files-3,1,email
EFTA02415926.pdf,data-set-11-files-3,1,email
EFTA02415927.pdf,data-set-11-files-3,1,other
EFTA02415928.pdf,data-set-11-files-3,1,email
EFTA02415929.pdf,data-set-11-files-3,2,email
EFTA02415931.pdf,data-set-11-files-3,1,email
EFTA02415932.pdf,data-set-11-files-3,1,email
EFTA02415933.pdf,data-set-11-files-3,1,email
EFTA02415934.pdf,data-set-11-files-3,2,email
EFTA02415936.pdf,data-set-11-files-3,1,other
EFTA02415937.pdf,data-set-11-files-3,1,other
EFTA02415938.pdf,data-set-11-files-3,1,other
EFTA02415939.pdf,data-set-11-files-3,1,email
EFTA02415940.pdf,data-set-11-files-3,1,email
EFTA02415941.pdf,data-set-11-files-3,1,other
EFTA02415942.pdf,data-set-11-files-3,1,email
EFTA02415943.pdf,data-set-11-files-3,2,email
EFTA02415945.pdf,data-set-11-files-3,6,email
EFTA02415951.pdf,data-set-11-files-3,1,email
EFTA02415952.pdf,data-set-11-files-3,2,other
EFTA02415954.pdf,data-set-11-files-3,1,email
EFTA02415955.pdf,data-set-11-files-3,1,email
EFTA02415956.pdf,data-set-11-files-3,1,other
EFTA02415957.pdf,data-set-11-files-3,1,other
EFTA02415958.pdf,data-set-11-files-3,1,email
EFTA02415959.pdf,data-set-11-files-3,1,email
EFTA02415960.pdf,data-set-11-files-3,1,email
EFTA02415961.pdf,data-set-11-files-3,1,email
EFTA02415962.pdf,data-set-11-files-3,1,email
EFTA02415963.pdf,data-set-11-files-3,1,other
EFTA02415964.pdf,data-set-11-files-3,1,other
EFTA02415965.pdf,data-set-11-files-3,1,other
EFTA02415966.pdf,data-set-11-files-3,1,email
EFTA02415967.pdf,data-set-11-files-3,1,email
EFTA02415968.pdf,data-set-11-files-3,1,email
EFTA02415969.pdf,data-set-11-files-3,1,other
EFTA02415970.pdf,data-set-11-files-3,1,other
EFTA02415971.pdf,data-set-11-files-3,1,other
EFTA02415972.pdf,data-set-11-files-3,1,email
EFTA02415973.pdf,data-set-11-files-3,1,email
EFTA02415974.pdf,data-set-11-files-3,1,email
EFTA02415975.pdf,data-set-11-files-3,1,other
EFTA02415976.pdf,data-set-11-files-3,1,other
EFTA02415977.pdf,data-set-11-files-3,1,email
EFTA02415978.pdf,data-set-11-files-3,1,email
EFTA02415979.pdf,data-set-11-files-3,1,email
EFTA02415980.pdf,data-set-11-files-3,2,email
EFTA02415982.pdf,data-set-11-files-3,1,other
EFTA02415983.pdf,data-set-11-files-3,1,email
EFTA02415984.pdf,data-set-11-files-3,1,email
EFTA02415985.pdf,data-set-11-files-3,1,other
EFTA02415986.pdf,data-set-11-files-3,1,other
EFTA02415987.pdf,data-set-11-files-3,1,email
EFTA02415988.pdf,data-set-11-files-3,1,other
EFTA02415989.pdf,data-set-11-files-3,2,email
EFTA02415991.pdf,data-set-11-files-3,2,email
EFTA02415993.pdf,data-set-11-files-3,2,email
EFTA02415995.pdf,data-set-11-files-3,1,other
EFTA02415996.pdf,data-set-11-files-3,1,email
EFTA02415997.pdf,data-set-11-files-3,1,email
EFTA02415998.pdf,data-set-11-files-3,1,email
EFTA02415999.pdf,data-set-11-files-3,1,email
EFTA02416000.pdf,data-set-11-files-3,1,email
EFTA02416001.pdf,data-set-11-files-3,1,email
EFTA02416002.pdf,data-set-11-files-3,1,email
EFTA02416003.pdf,data-set-11-files-3,1,other
EFTA02416004.pdf,data-set-11-files-3,1,email
EFTA02416005.pdf,data-set-11-files-3,1,other
EFTA02416006.pdf,data-set-11-files-3,1,other
EFTA02416007.pdf,data-set-11-files-3,2,email
EFTA02416009.pdf,data-set-11-files-3,1,email
EFTA02416010.pdf,data-set-11-files-3,2,email
EFTA02416012.pdf,data-set-11-files-3,1,other
EFTA02416013.pdf,data-set-11-files-3,1,email
EFTA02416014.pdf,data-set-11-files-3,1,email
EFTA02416015.pdf,data-set-11-files-3,1,email
EFTA02416016.pdf,data-set-11-files-3,1,email
EFTA02416017.pdf,data-set-11-files-3,1,email
EFTA02416018.pdf,data-set-11-files-3,2,other
EFTA02416020.pdf,data-set-11-files-3,1,other
EFTA02416021.pdf,data-set-11-files-3,1,other
EFTA02416022.pdf,data-set-11-files-3,1,other
EFTA02416023.pdf,data-set-11-files-3,1,email
EFTA02416024.pdf,data-set-11-files-3,3,email
EFTA02416027.pdf,data-set-11-files-3,1,email
EFTA02416028.pdf,data-set-11-files-3,1,email
EFTA02416029.pdf,data-set-11-files-3,2,other
EFTA02416031.pdf,data-set-11-files-3,1,other
EFTA02416032.pdf,data-set-11-files-3,1,email
EFTA02416033.pdf,data-set-11-files-3,1,other
EFTA02416034.pdf,data-set-11-files-3,1,other
EFTA02416035.pdf,data-set-11-files-3,2,email
EFTA02416037.pdf,data-set-11-files-3,1,email
EFTA02416038.pdf,data-set-11-files-3,3,email
EFTA02416041.pdf,data-set-11-files-3,3,email
EFTA02416044.pdf,data-set-11-files-3,2,email
EFTA02416046.pdf,data-set-11-files-3,1,email
EFTA02416047.pdf,data-set-11-files-3,1,other
EFTA02416048.pdf,data-set-11-files-3,1,email
EFTA02416049.pdf,data-set-11-files-3,1,other
EFTA02416050.pdf,data-set-11-files-3,2,email
EFTA02416052.pdf,data-set-11-files-3,2,other
EFTA02416054.pdf,data-set-11-files-3,2,other
EFTA02416056.pdf,data-set-11-files-3,1,other
EFTA02416057.pdf,data-set-11-files-3,1,other
EFTA02416058.pdf,data-set-11-files-3,2,email
EFTA02416060.pdf,data-set-11-files-3,1,email
EFTA02416061.pdf,data-set-11-files-3,1,other
EFTA02416062.pdf,data-set-11-files-3,1,email
EFTA02416063.pdf,data-set-11-files-3,1,other
EFTA02416064.pdf,data-set-11-files-3,2,email
EFTA02416066.pdf,data-set-11-files-3,2,email
EFTA02416068.pdf,data-set-11-files-3,1,other
EFTA02416069.pdf,data-set-11-files-3,1,email
EFTA02416070.pdf,data-set-11-files-3,1,other
EFTA02416071.pdf,data-set-11-files-3,1,other
EFTA02416072.pdf,data-set-11-files-3,1,email
EFTA02416073.pdf,data-set-11-files-3,1,email
EFTA02416074.pdf,data-set-11-files-3,2,email
EFTA02416076.pdf,data-set-11-files-3,1,email
EFTA02416077.pdf,data-set-11-files-3,1,other
EFTA02416078.pdf,data-set-11-files-3,3,email
EFTA02416081.pdf,data-set-11-files-3,1,email
EFTA02416082.pdf,data-set-11-files-3,1,email
EFTA02416083.pdf,data-set-11-files-3,1,email
EFTA02416084.pdf,data-set-11-files-3,1,other
EFTA02416085.pdf,data-set-11-files-3,1,other
EFTA02416086.pdf,data-set-11-files-3,2,other
EFTA02416088.pdf,data-set-11-files-3,1,other
EFTA02416089.pdf,data-set-11-files-3,1,email
EFTA02416090.pdf,data-set-11-files-3,1,other
EFTA02416091.pdf,data-set-11-files-3,1,other
EFTA02416092.pdf,data-set-11-files-3,1,other
EFTA02416093.pdf,data-set-11-files-3,1,email
EFTA02416094.pdf,data-set-11-files-3,1,email
EFTA02416095.pdf,data-set-11-files-3,1,other
EFTA02416096.pdf,data-set-11-files-3,1,other
EFTA02416097.pdf,data-set-11-files-3,1,other
EFTA02416098.pdf,data-set-11-files-3,1,other
EFTA02416099.pdf,data-set-11-files-3,1,other
EFTA02416100.pdf,data-set-11-files-3,1,other
EFTA02416101.pdf,data-set-11-files-3,1,other
EFTA02416102.pdf,data-set-11-files-3,1,other
EFTA02416103.pdf,data-set-11-files-3,1,other
EFTA02416104.pdf,data-set-11-files-3,1,other
EFTA02416105.pdf,data-set-11-files-3,1,email
EFTA02416106.pdf,data-set-11-files-3,1,email
EFTA02416107.pdf,data-set-11-files-3,1,other
EFTA02416108.pdf,data-set-11-files-3,1,email
EFTA02416109.pdf,data-set-11-files-3,1,email
EFTA02416110.pdf,data-set-11-files-3,1,other
EFTA02416111.pdf,data-set-11-files-3,1,email
EFTA02416112.pdf,data-set-11-files-3,1,other
EFTA02416113.pdf,data-set-11-files-3,5,email
EFTA02416118.pdf,data-set-11-files-3,1,other
EFTA02416119.pdf,data-set-11-files-3,1,other
EFTA02416120.pdf,data-set-11-files-3,2,email
EFTA02416122.pdf,data-set-11-files-3,2,email
EFTA02416124.pdf,data-set-11-files-3,1,email
EFTA02416125.pdf,data-set-11-files-3,1,email
EFTA02416126.pdf,data-set-11-files-3,1,other
EFTA02416127.pdf,data-set-11-files-3,1,other
EFTA02416128.pdf,data-set-11-files-3,1,other
EFTA02416129.pdf,data-set-11-files-3,1,email
EFTA02416130.pdf,data-set-11-files-3,1,email
EFTA02416131.pdf,data-set-11-files-3,1,other
EFTA02416132.pdf,data-set-11-files-3,1,email
EFTA02416133.pdf,data-set-11-files-3,2,email
EFTA02416135.pdf,data-set-11-files-3,1,other
EFTA02416136.pdf,data-set-11-files-3,1,other
EFTA02416137.pdf,data-set-11-files-3,2,email
EFTA02416139.pdf,data-set-11-files-3,1,email
EFTA02416140.pdf,data-set-11-files-3,1,email
EFTA02416141.pdf,data-set-11-files-3,1,other
EFTA02416142.pdf,data-set-11-files-3,1,email
EFTA02416143.pdf,data-set-11-files-3,1,email
EFTA02416144.pdf,data-set-11-files-3,1,email
EFTA02416145.pdf,data-set-11-files-3,1,other
EFTA02416146.pdf,data-set-11-files-3,2,email
EFTA02416148.pdf,data-set-11-files-3,2,email
EFTA02416150.pdf,data-set-11-files-3,1,email
EFTA02416151.pdf,data-set-11-files-3,1,email
EFTA02416152.pdf,data-set-11-files-3,1,email
EFTA02416153.pdf,data-set-11-files-3,1,email
EFTA02416154.pdf,data-set-11-files-3,1,other
EFTA02416155.pdf,data-set-11-files-3,1,email
EFTA02416156.pdf,data-set-11-files-3,1,email
EFTA02416157.pdf,data-set-11-files-3,1,other
EFTA02416158.pdf,data-set-11-files-3,1,other
EFTA02416159.pdf,data-set-11-files-3,1,email
EFTA02416160.pdf,data-set-11-files-3,1,email
EFTA02416161.pdf,data-set-11-files-3,1,email
EFTA02416162.pdf,data-set-11-files-3,1,other
EFTA02416163.pdf,data-set-11-files-3,1,email
EFTA02416164.pdf,data-set-11-files-3,1,other
EFTA02416165.pdf,data-set-11-files-3,1,email
EFTA02416166.pdf,data-set-11-files-3,1,email
EFTA02416167.pdf,data-set-11-files-3,1,other
EFTA02416168.pdf,data-set-11-files-3,1,other
EFTA02416169.pdf,data-set-11-files-3,1,other
EFTA02416170.pdf,data-set-11-files-3,1,other
EFTA02416171.pdf,data-set-11-files-3,1,email
EFTA02416172.pdf,data-set-11-files-3,1,email
EFTA02416173.pdf,data-set-11-files-3,1,email
EFTA02416174.pdf,data-set-11-files-3,1,other
EFTA02416175.pdf,data-set-11-files-3,1,other
EFTA02416176.pdf,data-set-11-files-3,1,email
EFTA02416177.pdf,data-set-11-files-3,1,email
EFTA02416178.pdf,data-set-11-files-3,1,email
EFTA02416179.pdf,data-set-11-files-3,4,email
EFTA02416183.pdf,data-set-11-files-3,1,email
EFTA02416184.pdf,data-set-11-files-3,3,email
EFTA02416187.pdf,data-set-11-files-3,1,email
EFTA02416188.pdf,data-set-11-files-3,1,other
EFTA02416189.pdf,data-set-11-files-3,1,other
EFTA02416190.pdf,data-set-11-files-3,1,other
EFTA02416191.pdf,data-set-11-files-3,1,email
EFTA02416192.pdf,data-set-11-files-3,2,email
EFTA02416194.pdf,data-set-11-files-3,1,email
EFTA02416195.pdf,data-set-11-files-3,2,email
EFTA02416197.pdf,data-set-11-files-3,1,other
EFTA02416198.pdf,data-set-11-files-3,2,email
EFTA02416200.pdf,data-set-11-files-3,1,other
EFTA02416201.pdf,data-set-11-files-3,2,email
EFTA02416203.pdf,data-set-11-files-3,1,other
EFTA02416204.pdf,data-set-11-files-3,1,email
EFTA02416205.pdf,data-set-11-files-3,1,other
EFTA02416206.pdf,data-set-11-files-3,2,email
EFTA02416208.pdf,data-set-11-files-3,1,email
EFTA02416209.pdf,data-set-11-files-3,1,email
EFTA02416210.pdf,data-set-11-files-3,1,email
EFTA02416211.pdf,data-set-11-files-3,1,email
EFTA02416212.pdf,data-set-11-files-3,2,email
EFTA02416214.pdf,data-set-11-files-3,1,other
EFTA02416215.pdf,data-set-11-files-3,1,email
EFTA02416216.pdf,data-set-11-files-3,1,other
EFTA02416217.pdf,data-set-11-files-3,2,other
EFTA02416219.pdf,data-set-11-files-3,2,email
EFTA02416221.pdf,data-set-11-files-3,1,email
EFTA02416222.pdf,data-set-11-files-3,3,other
EFTA02416225.pdf,data-set-11-files-3,1,email
EFTA02416226.pdf,data-set-11-files-3,1,other
EFTA02416227.pdf,data-set-11-files-3,1,other
EFTA02416228.pdf,data-set-11-files-3,1,other
EFTA02416229.pdf,data-set-11-files-3,1,email
EFTA02416230.pdf,data-set-11-files-3,2,email
EFTA02416232.pdf,data-set-11-files-3,1,email
EFTA02416233.pdf,data-set-11-files-3,6,email
EFTA02416239.pdf,data-set-11-files-3,1,other
EFTA02416240.pdf,data-set-11-files-3,1,other
EFTA02416241.pdf,data-set-11-files-3,1,other
EFTA02416242.pdf,data-set-11-files-3,1,other
EFTA02416243.pdf,data-set-11-files-3,1,email
EFTA02416244.pdf,data-set-11-files-3,1,email
EFTA02416245.pdf,data-set-11-files-3,1,email
EFTA02416246.pdf,data-set-11-files-3,1,other
EFTA02416247.pdf,data-set-11-files-3,2,email
EFTA02416249.pdf,data-set-11-files-3,1,email
EFTA02416250.pdf,data-set-11-files-3,1,email
EFTA02416251.pdf,data-set-11-files-3,2,email
EFTA02416253.pdf,data-set-11-files-3,1,other
EFTA02416254.pdf,data-set-11-files-3,1,other
EFTA02416255.pdf,data-set-11-files-3,1,other
EFTA02416256.pdf,data-set-11-files-3,1,email
EFTA02416257.pdf,data-set-11-files-3,1,other
EFTA02416258.pdf,data-set-11-files-3,1,email
EFTA02416259.pdf,data-set-11-files-3,2,other
EFTA02416261.pdf,data-set-11-files-3,1,email
EFTA02416262.pdf,data-set-11-files-3,1,email
EFTA02416263.pdf,data-set-11-files-3,3,email
EFTA02416266.pdf,data-set-11-files-3,2,email
EFTA02416268.pdf,data-set-11-files-3,1,other
EFTA02416269.pdf,data-set-11-files-3,2,email
EFTA02416271.pdf,data-set-11-files-3,1,email
EFTA02416272.pdf,data-set-11-files-3,1,other
EFTA02416273.pdf,data-set-11-files-3,1,email
EFTA02416274.pdf,data-set-11-files-3,3,email
EFTA02416277.pdf,data-set-11-files-3,1,email
EFTA02416278.pdf,data-set-11-files-3,1,email
EFTA02416279.pdf,data-set-11-files-3,1,email
EFTA02416280.pdf,data-set-11-files-3,1,other
EFTA02416281.pdf,data-set-11-files-3,2,other
EFTA02416283.pdf,data-set-11-files-3,1,other
EFTA02416284.pdf,data-set-11-files-3,1,email
EFTA02416285.pdf,data-set-11-files-3,1,email
EFTA02416286.pdf,data-set-11-files-3,1,other
EFTA02416287.pdf,data-set-11-files-3,1,other
EFTA02416288.pdf,data-set-11-files-3,1,other
EFTA02416289.pdf,data-set-11-files-3,1,email
EFTA02416290.pdf,data-set-11-files-3,1,email
EFTA02416291.pdf,data-set-11-files-3,1,email
EFTA02416292.pdf,data-set-11-files-3,1,email
EFTA02416293.pdf,data-set-11-files-3,1,email
EFTA02416294.pdf,data-set-11-files-3,1,other
EFTA02416295.pdf,data-set-11-files-3,1,email
EFTA02416296.pdf,data-set-11-files-3,1,email
EFTA02416297.pdf,data-set-11-files-3,1,other
EFTA02416298.pdf,data-set-11-files-3,1,other
EFTA02416299.pdf,data-set-11-files-3,1,other
EFTA02416300.pdf,data-set-11-files-3,1,other
EFTA02416301.pdf,data-set-11-files-3,1,other
EFTA02416302.pdf,data-set-11-files-3,1,other
EFTA02416303.pdf,data-set-11-files-3,1,other
EFTA02416304.pdf,data-set-11-files-3,2,email
EFTA02416306.pdf,data-set-11-files-3,1,other
EFTA02416307.pdf,data-set-11-files-3,1,email
EFTA02416308.pdf,data-set-11-files-3,1,email
EFTA02416309.pdf,data-set-11-files-3,1,email
EFTA02416310.pdf,data-set-11-files-3,4,email
EFTA02416314.pdf,data-set-11-files-3,1,email
EFTA02416315.pdf,data-set-11-files-3,1,email
EFTA02416316.pdf,data-set-11-files-3,1,email
EFTA02416317.pdf,data-set-11-files-3,1,other
EFTA02416318.pdf,data-set-11-files-3,1,other
EFTA02416319.pdf,data-set-11-files-3,1,email
EFTA02416320.pdf,data-set-11-files-3,2,email
EFTA02416322.pdf,data-set-11-files-3,1,other
EFTA02416323.pdf,data-set-11-files-3,2,email
EFTA02416325.pdf,data-set-11-files-3,2,email
EFTA02416327.pdf,data-set-11-files-3,1,other
EFTA02416328.pdf,data-set-11-files-3,1,email
EFTA02416329.pdf,data-set-11-files-3,1,other
EFTA02416330.pdf,data-set-11-files-3,1,other
EFTA02416331.pdf,data-set-11-files-3,1,other
EFTA02416332.pdf,data-set-11-files-3,1,other
EFTA02416333.pdf,data-set-11-files-3,1,email
EFTA02416334.pdf,data-set-11-files-3,2,other
EFTA02416336.pdf,data-set-11-files-3,2,email
EFTA02416338.pdf,data-set-11-files-3,1,other
EFTA02416339.pdf,data-set-11-files-3,1,email
EFTA02416340.pdf,data-set-11-files-3,1,email
EFTA02416341.pdf,data-set-11-files-3,1,other
EFTA02416342.pdf,data-set-11-files-3,1,other
EFTA02416343.pdf,data-set-11-files-3,1,email
EFTA02416344.pdf,data-set-11-files-3,1,email
EFTA02416345.pdf,data-set-11-files-3,2,other
EFTA02416347.pdf,data-set-11-files-3,1,email
EFTA02416348.pdf,data-set-11-files-3,1,email
EFTA02416349.pdf,data-set-11-files-3,1,email
EFTA02416350.pdf,data-set-11-files-3,1,email
EFTA02416351.pdf,data-set-11-files-3,3,email
EFTA02416354.pdf,data-set-11-files-3,1,email
EFTA02416355.pdf,data-set-11-files-3,1,email
EFTA02416356.pdf,data-set-11-files-3,1,email
EFTA02416357.pdf,data-set-11-files-3,2,email
EFTA02416359.pdf,data-set-11-files-3,1,email
EFTA02416360.pdf,data-set-11-files-3,1,other
EFTA02416361.pdf,data-set-11-files-3,1,email
EFTA02416362.pdf,data-set-11-files-3,2,email
EFTA02416364.pdf,data-set-11-files-3,1,email
EFTA02416365.pdf,data-set-11-files-3,2,email
EFTA02416367.pdf,data-set-11-files-3,1,email
EFTA02416368.pdf,data-set-11-files-3,1,email
EFTA02416369.pdf,data-set-11-files-3,1,other
EFTA02416370.pdf,data-set-11-files-3,1,email
EFTA02416371.pdf,data-set-11-files-3,1,email
EFTA02416372.pdf,data-set-11-files-3,1,other
EFTA02416373.pdf,data-set-11-files-3,2,email
EFTA02416375.pdf,data-set-11-files-3,1,email
EFTA02416376.pdf,data-set-11-files-3,1,email
EFTA02416377.pdf,data-set-11-files-3,1,other
EFTA02416378.pdf,data-set-11-files-3,1,other
EFTA02416379.pdf,data-set-11-files-3,1,email
EFTA02416380.pdf,data-set-11-files-3,1,email
EFTA02416381.pdf,data-set-11-files-3,1,email
EFTA02416382.pdf,data-set-11-files-3,1,email
EFTA02416383.pdf,data-set-11-files-3,1,email
EFTA02416384.pdf,data-set-11-files-3,3,email
EFTA02416387.pdf,data-set-11-files-3,1,email
EFTA02416388.pdf,data-set-11-files-3,1,email
EFTA02416389.pdf,data-set-11-files-3,1,email
EFTA02416390.pdf,data-set-11-files-3,1,email
EFTA02416391.pdf,data-set-11-files-3,1,email
EFTA02416392.pdf,data-set-11-files-3,1,other
EFTA02416393.pdf,data-set-11-files-3,1,email
EFTA02416394.pdf,data-set-11-files-3,1,email
EFTA02416395.pdf,data-set-11-files-3,1,other
EFTA02416396.pdf,data-set-11-files-3,1,other
EFTA02416397.pdf,data-set-11-files-3,1,email
EFTA02416398.pdf,data-set-11-files-3,5,email
EFTA02416403.pdf,data-set-11-files-3,1,email
EFTA02416404.pdf,data-set-11-files-3,3,email
EFTA02416407.pdf,data-set-11-files-3,1,email
EFTA02416408.pdf,data-set-11-files-3,5,email
EFTA02416413.pdf,data-set-11-files-3,2,other
EFTA02416415.pdf,data-set-11-files-3,1,other
EFTA02416416.pdf,data-set-11-files-3,3,email
EFTA02416419.pdf,data-set-11-files-3,1,email
EFTA02416420.pdf,data-set-11-files-3,2,email
EFTA02416422.pdf,data-set-11-files-3,1,other
EFTA02416423.pdf,data-set-11-files-3,1,email
EFTA02416424.pdf,data-set-11-files-3,2,email
EFTA02416426.pdf,data-set-11-files-3,1,email
EFTA02416427.pdf,data-set-11-files-3,1,email
EFTA02416428.pdf,data-set-11-files-3,1,other
EFTA02416429.pdf,data-set-11-files-3,2,email
EFTA02416431.pdf,data-set-11-files-3,1,email
EFTA02416432.pdf,data-set-11-files-3,2,email
EFTA02416434.pdf,data-set-11-files-3,1,email
EFTA02416435.pdf,data-set-11-files-3,1,other
EFTA02416436.pdf,data-set-11-files-3,1,email
EFTA02416437.pdf,data-set-11-files-3,1,email
EFTA02416438.pdf,data-set-11-files-3,1,other
EFTA02416439.pdf,data-set-11-files-3,2,email
EFTA02416441.pdf,data-set-11-files-3,1,other
EFTA02416442.pdf,data-set-11-files-3,1,other
EFTA02416443.pdf,data-set-11-files-3,1,email
EFTA02416444.pdf,data-set-11-files-3,1,email
EFTA02416445.pdf,data-set-11-files-3,2,email
EFTA02416447.pdf,data-set-11-files-3,6,email
EFTA02416453.pdf,data-set-11-files-3,1,email
EFTA02416454.pdf,data-set-11-files-3,2,email
EFTA02416456.pdf,data-set-11-files-3,1,email
EFTA02416457.pdf,data-set-11-files-3,1,email
EFTA02416458.pdf,data-set-11-files-3,1,email
EFTA02416459.pdf,data-set-11-files-3,1,other
EFTA02416460.pdf,data-set-11-files-3,4,email
EFTA02416464.pdf,data-set-11-files-3,5,email
EFTA02416469.pdf,data-set-11-files-3,2,email
EFTA02416471.pdf,data-set-11-files-3,1,email
EFTA02416472.pdf,data-set-11-files-3,1,email
EFTA02416473.pdf,data-set-11-files-3,2,email
EFTA02416475.pdf,data-set-11-files-3,2,email
EFTA02416477.pdf,data-set-11-files-3,1,email
EFTA02416478.pdf,data-set-11-files-3,1,other
EFTA02416479.pdf,data-set-11-files-3,1,email
EFTA02416480.pdf,data-set-11-files-3,1,other
EFTA02416481.pdf,data-set-11-files-3,1,email
EFTA02416482.pdf,data-set-11-files-3,1,email
EFTA02416483.pdf,data-set-11-files-3,1,other
EFTA02416484.pdf,data-set-11-files-3,1,other
EFTA02416485.pdf,data-set-11-files-3,1,email
EFTA02416486.pdf,data-set-11-files-3,2,email
EFTA02416488.pdf,data-set-11-files-3,1,email
EFTA02416489.pdf,data-set-11-files-3,3,email
EFTA02416492.pdf,data-set-11-files-3,2,email
EFTA02416494.pdf,data-set-11-files-3,2,email
EFTA02416496.pdf,data-set-11-files-3,1,email
EFTA02416497.pdf,data-set-11-files-3,1,other
EFTA02416498.pdf,data-set-11-files-3,2,email
EFTA02416500.pdf,data-set-11-files-3,1,email
EFTA02416501.pdf,data-set-11-files-3,2,email
EFTA02416503.pdf,data-set-11-files-3,3,email
EFTA02416506.pdf,data-set-11-files-3,1,other
EFTA02416507.pdf,data-set-11-files-3,1,other
EFTA02416508.pdf,data-set-11-files-3,1,other
EFTA02416509.pdf,data-set-11-files-3,1,other
EFTA02416510.pdf,data-set-11-files-3,1,other
EFTA02416511.pdf,data-set-11-files-3,1,email
EFTA02416512.pdf,data-set-11-files-3,1,email
EFTA02416513.pdf,data-set-11-files-3,4,email
EFTA02416517.pdf,data-set-11-files-3,1,email
EFTA02416518.pdf,data-set-11-files-3,2,other
EFTA02416520.pdf,data-set-11-files-3,3,email
EFTA02416523.pdf,data-set-11-files-3,2,email
EFTA02416525.pdf,data-set-11-files-3,1,other
EFTA02416526.pdf,data-set-11-files-3,1,other
EFTA02416527.pdf,data-set-11-files-3,1,other
EFTA02416528.pdf,data-set-11-files-3,1,other
EFTA02416529.pdf,data-set-11-files-3,1,other
EFTA02416530.pdf,data-set-11-files-3,1,other
EFTA02416531.pdf,data-set-11-files-3,1,other
EFTA02416532.pdf,data-set-11-files-3,1,other
EFTA02416533.pdf,data-set-11-files-3,1,other
EFTA02416534.pdf,data-set-11-files-3,1,other
EFTA02416535.pdf,data-set-11-files-3,1,other
EFTA02416536.pdf,data-set-11-files-3,1,other
EFTA02416537.pdf,data-set-11-files-3,1,other
EFTA02416538.pdf,data-set-11-files-3,1,other
EFTA02416539.pdf,data-set-11-files-3,1,other
EFTA02416540.pdf,data-set-11-files-3,1,email
EFTA02416541.pdf,data-set-11-files-3,1,other
EFTA02416542.pdf,data-set-11-files-3,1,email
EFTA02416543.pdf,data-set-11-files-3,1,other
EFTA02416544.pdf,data-set-11-files-3,1,email
EFTA02416545.pdf,data-set-11-files-3,1,other
EFTA02416546.pdf,data-set-11-files-3,1,other
EFTA02416550.pdf,data-set-11-files-3,1,email
EFTA02416551.pdf,data-set-11-files-3,1,email
EFTA02416552.pdf,data-set-11-files-3,1,email
EFTA02416553.pdf,data-set-11-files-3,3,email
EFTA02416556.pdf,data-set-11-files-3,1,email
EFTA02416557.pdf,data-set-11-files-3,1,other
EFTA02416558.pdf,data-set-11-files-3,3,email
EFTA02416561.pdf,data-set-11-files-3,4,email
EFTA02416565.pdf,data-set-11-files-3,1,email
EFTA02416566.pdf,data-set-11-files-3,1,other
EFTA02416567.pdf,data-set-11-files-3,1,other
EFTA02416568.pdf,data-set-11-files-3,1,other
EFTA02416569.pdf,data-set-11-files-3,1,email
EFTA02416570.pdf,data-set-11-files-3,1,email
EFTA02416571.pdf,data-set-11-files-3,1,other
EFTA02416572.pdf,data-set-11-files-3,1,other
EFTA02416573.pdf,data-set-11-files-3,1,other
EFTA02416574.pdf,data-set-11-files-3,1,email
EFTA02416575.pdf,data-set-11-files-3,1,other
EFTA02416576.pdf,data-set-11-files-3,1,email
EFTA02416577.pdf,data-set-11-files-3,1,email
EFTA02416578.pdf,data-set-11-files-3,2,other
EFTA02416580.pdf,data-set-11-files-3,1,email
EFTA02416581.pdf,data-set-11-files-3,1,email
EFTA02416582.pdf,data-set-11-files-3,1,other
EFTA02416583.pdf,data-set-11-files-3,3,email
EFTA02416586.pdf,data-set-11-files-3,1,other
EFTA02416587.pdf,data-set-11-files-3,2,other
EFTA02416589.pdf,data-set-11-files-3,3,email
EFTA02416592.pdf,data-set-11-files-3,1,other
EFTA02416593.pdf,data-set-11-files-3,1,other
EFTA02416594.pdf,data-set-11-files-3,3,email
EFTA02416597.pdf,data-set-11-files-3,5,email
EFTA02416602.pdf,data-set-11-files-3,1,other
EFTA02416603.pdf,data-set-11-files-3,1,other
EFTA02416604.pdf,data-set-11-files-3,1,other
EFTA02416605.pdf,data-set-11-files-3,2,email
EFTA02416607.pdf,data-set-11-files-3,1,email
EFTA02416608.pdf,data-set-11-files-3,1,email
EFTA02416609.pdf,data-set-11-files-3,1,email
EFTA02416610.pdf,data-set-11-files-3,1,other
EFTA02416611.pdf,data-set-11-files-3,1,other
EFTA02416612.pdf,data-set-11-files-3,1,email
EFTA02416613.pdf,data-set-11-files-3,1,other
EFTA02416614.pdf,data-set-11-files-3,1,other
EFTA02416615.pdf,data-set-11-files-3,2,other
EFTA02416617.pdf,data-set-11-files-3,1,email
EFTA02416618.pdf,data-set-11-files-3,2,email
EFTA02416620.pdf,data-set-11-files-3,1,other
EFTA02416621.pdf,data-set-11-files-3,1,email
EFTA02416622.pdf,data-set-11-files-3,1,other
EFTA02416623.pdf,data-set-11-files-3,3,email
EFTA02416626.pdf,data-set-11-files-3,3,email
EFTA02416629.pdf,data-set-11-files-3,1,other
EFTA02416630.pdf,data-set-11-files-3,1,email
EFTA02416631.pdf,data-set-11-files-3,1,email
EFTA02416632.pdf,data-set-11-files-3,2,email
EFTA02416634.pdf,data-set-11-files-3,1,email
EFTA02416635.pdf,data-set-11-files-3,2,email
EFTA02416637.pdf,data-set-11-files-3,1,other
EFTA02416638.pdf,data-set-11-files-3,2,email
EFTA02416640.pdf,data-set-11-files-3,1,email
EFTA02416641.pdf,data-set-11-files-3,1,email
EFTA02416642.pdf,data-set-11-files-3,4,email
EFTA02416646.pdf,data-set-11-files-3,2,other
EFTA02416648.pdf,data-set-11-files-3,2,email
EFTA02416650.pdf,data-set-11-files-3,1,other
EFTA02416651.pdf,data-set-11-files-3,3,email
EFTA02416654.pdf,data-set-11-files-3,1,other
EFTA02416655.pdf,data-set-11-files-3,1,other
EFTA02416656.pdf,data-set-11-files-3,1,email
EFTA02416657.pdf,data-set-11-files-3,1,email
EFTA02416658.pdf,data-set-11-files-3,1,other
EFTA02416659.pdf,data-set-11-files-3,3,email
EFTA02416662.pdf,data-set-11-files-3,1,other
EFTA02416663.pdf,data-set-11-files-3,1,email
EFTA02416664.pdf,data-set-11-files-3,1,email
EFTA02416665.pdf,data-set-11-files-3,1,email
EFTA02416666.pdf,data-set-11-files-3,1,other
EFTA02416667.pdf,data-set-11-files-3,1,email
EFTA02416668.pdf,data-set-11-files-3,4,email
EFTA02416672.pdf,data-set-11-files-3,1,other
EFTA02416673.pdf,data-set-11-files-3,1,other
EFTA02416674.pdf,data-set-11-files-3,1,email
EFTA02416675.pdf,data-set-11-files-3,1,other
EFTA02416676.pdf,data-set-11-files-3,1,other
EFTA02416677.pdf,data-set-11-files-3,1,other
EFTA02416678.pdf,data-set-11-files-3,1,other
EFTA02416679.pdf,data-set-11-files-3,1,email
EFTA02416680.pdf,data-set-11-files-3,1,email
EFTA02416681.pdf,data-set-11-files-3,4,email
EFTA02416685.pdf,data-set-11-files-3,2,email
EFTA02416687.pdf,data-set-11-files-3,4,email
EFTA02416691.pdf,data-set-11-files-3,1,other
EFTA02416692.pdf,data-set-11-files-3,2,email
EFTA02416694.pdf,data-set-11-files-3,1,email
EFTA02416695.pdf,data-set-11-files-3,1,email
EFTA02416696.pdf,data-set-11-files-3,1,email
EFTA02416697.pdf,data-set-11-files-3,2,email
EFTA02416699.pdf,data-set-11-files-3,1,email
