file_name,file_origin,file_length,file_type
EFTA00364226.pdf,data-set-9-files-12,1,email
EFTA00426294.pdf,data-set-9-files-12,1,email
EFTA00426295.pdf,data-set-9-files-12,1,email
EFTA00426296.pdf,data-set-9-files-12,1,email
EFTA00426297.pdf,data-set-9-files-12,1,email
EFTA00426298.pdf,data-set-9-files-12,1,email
EFTA00426299.pdf,data-set-9-files-12,2,email
EFTA00426301.pdf,data-set-9-files-12,1,email
EFTA00426302.pdf,data-set-9-files-12,1,email
EFTA00426303.pdf,data-set-9-files-12,2,email
EFTA00426305.pdf,data-set-9-files-12,1,email
EFTA00426306.pdf,data-set-9-files-12,1,email
EFTA00426307.pdf,data-set-9-files-12,2,email
EFTA00426309.pdf,data-set-9-files-12,1,email
EFTA00426310.pdf,data-set-9-files-12,1,email
EFTA00426311.pdf,data-set-9-files-12,1,email
EFTA00426312.pdf,data-set-9-files-12,1,email
EFTA00426313.pdf,data-set-9-files-12,1,email
EFTA00426314.pdf,data-set-9-files-12,1,email
EFTA00426315.pdf,data-set-9-files-12,1,email
EFTA00426316.pdf,data-set-9-files-12,1,email
EFTA00426317.pdf,data-set-9-files-12,1,email
EFTA00426318.pdf,data-set-9-files-12,1,email
EFTA00426319.pdf,data-set-9-files-12,2,email
EFTA00426321.pdf,data-set-9-files-12,1,email
EFTA00426322.pdf,data-set-9-files-12,1,email
EFTA00426323.pdf,data-set-9-files-12,1,email
EFTA00426324.pdf,data-set-9-files-12,1,email
EFTA00426325.pdf,data-set-9-files-12,1,email
EFTA00426326.pdf,data-set-9-files-12,1,email
EFTA00426327.pdf,data-set-9-files-12,1,email
EFTA00426328.pdf,data-set-9-files-12,1,email
EFTA00426329.pdf,data-set-9-files-12,2,email
EFTA00426331.pdf,data-set-9-files-12,1,email
EFTA00426332.pdf,data-set-9-files-12,1,email
EFTA00426333.pdf,data-set-9-files-12,1,email
EFTA00426334.pdf,data-set-9-files-12,1,email
EFTA00426335.pdf,data-set-9-files-12,1,email
EFTA00426336.pdf,data-set-9-files-12,1,email
EFTA00426337.pdf,data-set-9-files-12,1,email
EFTA00426338.pdf,data-set-9-files-12,1,email
EFTA00426339.pdf,data-set-9-files-12,1,email
EFTA00426340.pdf,data-set-9-files-12,1,email
EFTA00426341.pdf,data-set-9-files-12,1,email
EFTA00426342.pdf,data-set-9-files-12,1,email
EFTA00426343.pdf,data-set-9-files-12,1,email
EFTA00426344.pdf,data-set-9-files-12,1,email
EFTA00426345.pdf,data-set-9-files-12,1,email
EFTA00426346.pdf,data-set-9-files-12,1,other
EFTA00426347.pdf,data-set-9-files-12,1,email
EFTA00426348.pdf,data-set-9-files-12,1,email
EFTA00426349.pdf,data-set-9-files-12,1,email
EFTA00426350.pdf,data-set-9-files-12,1,email
EFTA00426351.pdf,data-set-9-files-12,1,email
EFTA00426352.pdf,data-set-9-files-12,1,email
EFTA00426353.pdf,data-set-9-files-12,1,other
EFTA00426354.pdf,data-set-9-files-12,1,email
EFTA00426355.pdf,data-set-9-files-12,1,email
EFTA00426356.pdf,data-set-9-files-12,1,email
EFTA00426357.pdf,data-set-9-files-12,1,other
EFTA00426358.pdf,data-set-9-files-12,3,email
EFTA00426361.pdf,data-set-9-files-12,1,email
EFTA00426362.pdf,data-set-9-files-12,1,email
EFTA00426363.pdf,data-set-9-files-12,1,email
EFTA00426364.pdf,data-set-9-files-12,1,email
EFTA00426365.pdf,data-set-9-files-12,1,email
EFTA00426366.pdf,data-set-9-files-12,1,email
EFTA00426367.pdf,data-set-9-files-12,1,email
EFTA00426368.pdf,data-set-9-files-12,2,email
EFTA00426370.pdf,data-set-9-files-12,2,email
EFTA00426372.pdf,data-set-9-files-12,2,email
EFTA00426374.pdf,data-set-9-files-12,2,email
EFTA00426376.pdf,data-set-9-files-12,1,email
EFTA00426377.pdf,data-set-9-files-12,2,email
EFTA00426379.pdf,data-set-9-files-12,1,email
EFTA00426380.pdf,data-set-9-files-12,1,email
EFTA00426381.pdf,data-set-9-files-12,1,other
EFTA00426382.pdf,data-set-9-files-12,2,email
EFTA00426384.pdf,data-set-9-files-12,1,other
EFTA00426385.pdf,data-set-9-files-12,1,other
EFTA00426386.pdf,data-set-9-files-12,1,email
EFTA00426387.pdf,data-set-9-files-12,2,email
EFTA00426389.pdf,data-set-9-files-12,1,email
EFTA00426390.pdf,data-set-9-files-12,2,email
EFTA00426392.pdf,data-set-9-files-12,2,email
EFTA00426394.pdf,data-set-9-files-12,2,email
EFTA00426396.pdf,data-set-9-files-12,1,email
EFTA00426397.pdf,data-set-9-files-12,1,email
EFTA00426398.pdf,data-set-9-files-12,1,email
EFTA00426399.pdf,data-set-9-files-12,2,email
EFTA00426401.pdf,data-set-9-files-12,1,email
EFTA00426402.pdf,data-set-9-files-12,1,email
EFTA00426403.pdf,data-set-9-files-12,1,email
EFTA00426404.pdf,data-set-9-files-12,1,email
EFTA00426405.pdf,data-set-9-files-12,2,email
EFTA00426407.pdf,data-set-9-files-12,2,email
EFTA00426409.pdf,data-set-9-files-12,1,other
EFTA00426410.pdf,data-set-9-files-12,1,other
EFTA00426411.pdf,data-set-9-files-12,1,other
EFTA00426412.pdf,data-set-9-files-12,1,email
EFTA00426413.pdf,data-set-9-files-12,1,email
EFTA00426414.pdf,data-set-9-files-12,4,email
EFTA00426418.pdf,data-set-9-files-12,1,email
EFTA00426419.pdf,data-set-9-files-12,2,email
EFTA00426421.pdf,data-set-9-files-12,2,email
EFTA00426423.pdf,data-set-9-files-12,2,email
EFTA00426425.pdf,data-set-9-files-12,2,email
EFTA00426427.pdf,data-set-9-files-12,2,email
EFTA00426429.pdf,data-set-9-files-12,2,email
EFTA00426431.pdf,data-set-9-files-12,2,email
EFTA00426433.pdf,data-set-9-files-12,2,email
EFTA00426435.pdf,data-set-9-files-12,2,email
EFTA00426437.pdf,data-set-9-files-12,3,email
EFTA00426440.pdf,data-set-9-files-12,1,email
EFTA00426441.pdf,data-set-9-files-12,1,email
EFTA00426442.pdf,data-set-9-files-12,1,other
EFTA00426443.pdf,data-set-9-files-12,1,email
EFTA00426444.pdf,data-set-9-files-12,1,email
EFTA00426445.pdf,data-set-9-files-12,1,email
EFTA00426446.pdf,data-set-9-files-12,1,email
EFTA00426447.pdf,data-set-9-files-12,1,email
EFTA00426448.pdf,data-set-9-files-12,1,email
EFTA00426449.pdf,data-set-9-files-12,1,email
EFTA00426450.pdf,data-set-9-files-12,2,email
EFTA00426452.pdf,data-set-9-files-12,1,email
EFTA00426453.pdf,data-set-9-files-12,2,email
EFTA00426455.pdf,data-set-9-files-12,1,email
EFTA00426456.pdf,data-set-9-files-12,1,email
EFTA00426457.pdf,data-set-9-files-12,1,email
EFTA00426458.pdf,data-set-9-files-12,1,email
EFTA00426459.pdf,data-set-9-files-12,2,email
EFTA00426461.pdf,data-set-9-files-12,2,email
EFTA00426463.pdf,data-set-9-files-12,2,email
EFTA00426465.pdf,data-set-9-files-12,2,email
EFTA00426467.pdf,data-set-9-files-12,2,email
EFTA00426469.pdf,data-set-9-files-12,2,email
EFTA00426471.pdf,data-set-9-files-12,2,email
EFTA00426473.pdf,data-set-9-files-12,2,email
EFTA00426475.pdf,data-set-9-files-12,1,other
EFTA00426476.pdf,data-set-9-files-12,2,email
EFTA00426478.pdf,data-set-9-files-12,2,email
EFTA00426480.pdf,data-set-9-files-12,1,email
EFTA00426481.pdf,data-set-9-files-12,1,email
EFTA00426482.pdf,data-set-9-files-12,1,other
EFTA00426483.pdf,data-set-9-files-12,1,email
EFTA00426484.pdf,data-set-9-files-12,1,other
EFTA00426485.pdf,data-set-9-files-12,2,email
EFTA00426487.pdf,data-set-9-files-12,1,email
EFTA00426488.pdf,data-set-9-files-12,2,email
EFTA00426490.pdf,data-set-9-files-12,1,email
EFTA00426491.pdf,data-set-9-files-12,1,email
EFTA00426492.pdf,data-set-9-files-12,1,other
EFTA00426493.pdf,data-set-9-files-12,1,email
EFTA00426494.pdf,data-set-9-files-12,1,email
EFTA00426495.pdf,data-set-9-files-12,1,email
EFTA00426496.pdf,data-set-9-files-12,1,email
EFTA00426497.pdf,data-set-9-files-12,1,email
EFTA00426498.pdf,data-set-9-files-12,2,email
EFTA00426500.pdf,data-set-9-files-12,2,email
EFTA00426502.pdf,data-set-9-files-12,2,email
EFTA00426504.pdf,data-set-9-files-12,4,email
EFTA00426508.pdf,data-set-9-files-12,1,email
EFTA00426509.pdf,data-set-9-files-12,1,email
EFTA00426510.pdf,data-set-9-files-12,1,email
EFTA00426511.pdf,data-set-9-files-12,2,email
EFTA00426513.pdf,data-set-9-files-12,2,email
EFTA00426515.pdf,data-set-9-files-12,1,other
EFTA00426516.pdf,data-set-9-files-12,1,email
EFTA00426517.pdf,data-set-9-files-12,1,email
EFTA00426518.pdf,data-set-9-files-12,1,email
EFTA00426519.pdf,data-set-9-files-12,1,email
EFTA00426520.pdf,data-set-9-files-12,1,email
EFTA00426521.pdf,data-set-9-files-12,1,email
EFTA00426522.pdf,data-set-9-files-12,1,other
EFTA00426523.pdf,data-set-9-files-12,1,email
EFTA00426524.pdf,data-set-9-files-12,1,email
EFTA00426525.pdf,data-set-9-files-12,1,email
EFTA00426526.pdf,data-set-9-files-12,3,email
EFTA00426529.pdf,data-set-9-files-12,1,email
EFTA00426530.pdf,data-set-9-files-12,4,email
EFTA00426534.pdf,data-set-9-files-12,4,email
EFTA00426538.pdf,data-set-9-files-12,5,email
EFTA00426543.pdf,data-set-9-files-12,5,email
EFTA00426548.pdf,data-set-9-files-12,6,email
EFTA00426554.pdf,data-set-9-files-12,1,email
EFTA00426555.pdf,data-set-9-files-12,1,email
EFTA00426556.pdf,data-set-9-files-12,1,email
EFTA00426557.pdf,data-set-9-files-12,1,email
EFTA00426558.pdf,data-set-9-files-12,1,email
EFTA00426559.pdf,data-set-9-files-12,1,email
EFTA00426560.pdf,data-set-9-files-12,2,email
EFTA00426562.pdf,data-set-9-files-12,2,email
EFTA00426564.pdf,data-set-9-files-12,2,email
EFTA00426566.pdf,data-set-9-files-12,1,email
EFTA00426567.pdf,data-set-9-files-12,2,email
EFTA00426569.pdf,data-set-9-files-12,1,email
EFTA00426570.pdf,data-set-9-files-12,1,email
EFTA00426571.pdf,data-set-9-files-12,1,email
EFTA00426572.pdf,data-set-9-files-12,1,email
EFTA00426573.pdf,data-set-9-files-12,2,email
EFTA00426575.pdf,data-set-9-files-12,1,email
EFTA00426576.pdf,data-set-9-files-12,1,email
EFTA00426577.pdf,data-set-9-files-12,1,email
EFTA00426578.pdf,data-set-9-files-12,1,email
EFTA00426579.pdf,data-set-9-files-12,1,email
EFTA00426580.pdf,data-set-9-files-12,1,email
EFTA00426581.pdf,data-set-9-files-12,1,email
EFTA00426582.pdf,data-set-9-files-12,1,email
EFTA00426583.pdf,data-set-9-files-12,1,email
EFTA00426584.pdf,data-set-9-files-12,1,email
EFTA00426585.pdf,data-set-9-files-12,1,email
EFTA00426586.pdf,data-set-9-files-12,1,email
EFTA00426587.pdf,data-set-9-files-12,1,email
EFTA00426588.pdf,data-set-9-files-12,1,email
EFTA00426589.pdf,data-set-9-files-12,1,email
EFTA00426590.pdf,data-set-9-files-12,1,email
EFTA00426591.pdf,data-set-9-files-12,1,email
EFTA00426592.pdf,data-set-9-files-12,1,email
EFTA00426593.pdf,data-set-9-files-12,1,email
EFTA00426594.pdf,data-set-9-files-12,1,email
EFTA00426595.pdf,data-set-9-files-12,1,email
EFTA00426596.pdf,data-set-9-files-12,2,email
EFTA00426598.pdf,data-set-9-files-12,1,email
EFTA00426599.pdf,data-set-9-files-12,2,email
EFTA00426601.pdf,data-set-9-files-12,1,email
EFTA00426602.pdf,data-set-9-files-12,1,email
EFTA00426603.pdf,data-set-9-files-12,1,email
EFTA00426604.pdf,data-set-9-files-12,1,email
EFTA00426605.pdf,data-set-9-files-12,1,email
EFTA00426606.pdf,data-set-9-files-12,1,email
EFTA00426607.pdf,data-set-9-files-12,1,email
EFTA00426608.pdf,data-set-9-files-12,1,other
EFTA00426609.pdf,data-set-9-files-12,1,email
EFTA00426610.pdf,data-set-9-files-12,1,email
EFTA00426611.pdf,data-set-9-files-12,1,email
EFTA00426612.pdf,data-set-9-files-12,1,email
EFTA00426613.pdf,data-set-9-files-12,1,email
EFTA00426614.pdf,data-set-9-files-12,1,other
EFTA00426615.pdf,data-set-9-files-12,1,email
EFTA00426616.pdf,data-set-9-files-12,1,email
EFTA00426617.pdf,data-set-9-files-12,1,email
EFTA00426618.pdf,data-set-9-files-12,1,email
EFTA00426619.pdf,data-set-9-files-12,1,email
EFTA00426620.pdf,data-set-9-files-12,1,email
EFTA00426621.pdf,data-set-9-files-12,1,email
EFTA00426622.pdf,data-set-9-files-12,1,email
EFTA00426623.pdf,data-set-9-files-12,1,email
EFTA00426624.pdf,data-set-9-files-12,1,email
EFTA00426625.pdf,data-set-9-files-12,1,other
EFTA00426626.pdf,data-set-9-files-12,1,other
EFTA00426627.pdf,data-set-9-files-12,1,other
EFTA00426628.pdf,data-set-9-files-12,1,other
EFTA00426629.pdf,data-set-9-files-12,1,email
EFTA00426630.pdf,data-set-9-files-12,1,email
EFTA00426631.pdf,data-set-9-files-12,1,email
EFTA00426632.pdf,data-set-9-files-12,1,email
EFTA00426633.pdf,data-set-9-files-12,1,email
EFTA00426634.pdf,data-set-9-files-12,1,email
EFTA00426635.pdf,data-set-9-files-12,1,email
EFTA00426636.pdf,data-set-9-files-12,1,email
EFTA00426637.pdf,data-set-9-files-12,1,email
EFTA00426638.pdf,data-set-9-files-12,1,other
EFTA00426639.pdf,data-set-9-files-12,1,email
EFTA00426640.pdf,data-set-9-files-12,1,email
EFTA00426641.pdf,data-set-9-files-12,2,email
EFTA00426643.pdf,data-set-9-files-12,1,email
EFTA00426644.pdf,data-set-9-files-12,1,other
EFTA00426645.pdf,data-set-9-files-12,1,other
EFTA00426646.pdf,data-set-9-files-12,1,email
EFTA00426647.pdf,data-set-9-files-12,1,email
EFTA00426648.pdf,data-set-9-files-12,2,email
EFTA00426650.pdf,data-set-9-files-12,1,email
EFTA00426651.pdf,data-set-9-files-12,1,email
EFTA00426652.pdf,data-set-9-files-12,1,email
EFTA00426653.pdf,data-set-9-files-12,1,email
EFTA00426654.pdf,data-set-9-files-12,1,email
EFTA00426655.pdf,data-set-9-files-12,1,email
EFTA00426656.pdf,data-set-9-files-12,1,email
EFTA00426657.pdf,data-set-9-files-12,1,email
EFTA00426658.pdf,data-set-9-files-12,1,email
EFTA00426659.pdf,data-set-9-files-12,1,email
EFTA00426660.pdf,data-set-9-files-12,1,email
EFTA00426661.pdf,data-set-9-files-12,1,email
EFTA00426662.pdf,data-set-9-files-12,1,email
EFTA00426663.pdf,data-set-9-files-12,1,email
EFTA00426664.pdf,data-set-9-files-12,1,email
EFTA00426665.pdf,data-set-9-files-12,1,email
EFTA00426666.pdf,data-set-9-files-12,1,email
EFTA00426667.pdf,data-set-9-files-12,1,email
EFTA00426668.pdf,data-set-9-files-12,1,email
EFTA00426669.pdf,data-set-9-files-12,1,email
EFTA00426670.pdf,data-set-9-files-12,1,email
EFTA00426671.pdf,data-set-9-files-12,1,email
EFTA00426672.pdf,data-set-9-files-12,1,email
EFTA00426673.pdf,data-set-9-files-12,1,email
EFTA00426674.pdf,data-set-9-files-12,2,email
EFTA00426676.pdf,data-set-9-files-12,1,email
EFTA00426677.pdf,data-set-9-files-12,2,email
EFTA00426679.pdf,data-set-9-files-12,5,email
EFTA00426684.pdf,data-set-9-files-12,1,email
EFTA00426685.pdf,data-set-9-files-12,1,email
EFTA00426686.pdf,data-set-9-files-12,2,email
EFTA00426688.pdf,data-set-9-files-12,1,email
EFTA00426689.pdf,data-set-9-files-12,2,email
EFTA00426691.pdf,data-set-9-files-12,2,other
EFTA00426693.pdf,data-set-9-files-12,38,other
EFTA00426731.pdf,data-set-9-files-12,1,email
EFTA00426732.pdf,data-set-9-files-12,1,email
EFTA00426733.pdf,data-set-9-files-12,2,email
EFTA00426735.pdf,data-set-9-files-12,1,email
EFTA00426736.pdf,data-set-9-files-12,1,email
EFTA00426737.pdf,data-set-9-files-12,1,email
EFTA00426738.pdf,data-set-9-files-12,1,email
EFTA00426739.pdf,data-set-9-files-12,1,email
EFTA00426740.pdf,data-set-9-files-12,1,email
EFTA00426741.pdf,data-set-9-files-12,1,email
EFTA00426742.pdf,data-set-9-files-12,1,email
EFTA00426743.pdf,data-set-9-files-12,1,email
EFTA00426744.pdf,data-set-9-files-12,2,email
EFTA00426746.pdf,data-set-9-files-12,1,email
EFTA00426747.pdf,data-set-9-files-12,2,email
EFTA00426749.pdf,data-set-9-files-12,2,email
EFTA00426751.pdf,data-set-9-files-12,2,email
EFTA00426753.pdf,data-set-9-files-12,2,email
EFTA00426755.pdf,data-set-9-files-12,2,email
EFTA00426757.pdf,data-set-9-files-12,2,email
EFTA00426759.pdf,data-set-9-files-12,2,email
EFTA00426761.pdf,data-set-9-files-12,2,email
EFTA00426763.pdf,data-set-9-files-12,2,email
EFTA00426765.pdf,data-set-9-files-12,1,email
EFTA00426766.pdf,data-set-9-files-12,1,email
EFTA00426767.pdf,data-set-9-files-12,2,email
EFTA00426769.pdf,data-set-9-files-12,2,email
EFTA00426771.pdf,data-set-9-files-12,2,email
EFTA00426773.pdf,data-set-9-files-12,1,email
EFTA00426774.pdf,data-set-9-files-12,1,email
EFTA00426775.pdf,data-set-9-files-12,2,email
EFTA00426777.pdf,data-set-9-files-12,1,email
EFTA00426778.pdf,data-set-9-files-12,2,email
EFTA00426780.pdf,data-set-9-files-12,2,email
EFTA00426782.pdf,data-set-9-files-12,2,email
EFTA00426784.pdf,data-set-9-files-12,2,email
EFTA00426786.pdf,data-set-9-files-12,1,email
EFTA00426787.pdf,data-set-9-files-12,2,email
EFTA00426789.pdf,data-set-9-files-12,2,email
EFTA00426791.pdf,data-set-9-files-12,2,email
EFTA00426793.pdf,data-set-9-files-12,3,email
EFTA00426796.pdf,data-set-9-files-12,3,email
EFTA00426799.pdf,data-set-9-files-12,1,email
EFTA00426800.pdf,data-set-9-files-12,3,email
EFTA00426803.pdf,data-set-9-files-12,1,email
EFTA00426804.pdf,data-set-9-files-12,1,email
EFTA00426805.pdf,data-set-9-files-12,1,email
EFTA00426806.pdf,data-set-9-files-12,1,email
EFTA00426807.pdf,data-set-9-files-12,2,email
EFTA00426809.pdf,data-set-9-files-12,2,email
EFTA00426811.pdf,data-set-9-files-12,2,email
EFTA00426813.pdf,data-set-9-files-12,1,email
EFTA00426814.pdf,data-set-9-files-12,1,email
EFTA00426815.pdf,data-set-9-files-12,1,email
EFTA00426816.pdf,data-set-9-files-12,1,email
EFTA00426817.pdf,data-set-9-files-12,1,email
EFTA00426818.pdf,data-set-9-files-12,1,email
EFTA00426819.pdf,data-set-9-files-12,1,email
EFTA00426820.pdf,data-set-9-files-12,2,email
EFTA00426822.pdf,data-set-9-files-12,1,email
EFTA00426823.pdf,data-set-9-files-12,1,email
EFTA00426824.pdf,data-set-9-files-12,1,email
EFTA00426825.pdf,data-set-9-files-12,2,email
EFTA00426827.pdf,data-set-9-files-12,2,email
EFTA00426829.pdf,data-set-9-files-12,1,email
EFTA00426830.pdf,data-set-9-files-12,1,email
EFTA00426831.pdf,data-set-9-files-12,2,email
EFTA00426833.pdf,data-set-9-files-12,1,email
EFTA00426834.pdf,data-set-9-files-12,1,email
EFTA00426835.pdf,data-set-9-files-12,1,email
EFTA00426836.pdf,data-set-9-files-12,1,email
EFTA00426837.pdf,data-set-9-files-12,1,email
EFTA00426838.pdf,data-set-9-files-12,1,email
EFTA00426839.pdf,data-set-9-files-12,1,email
EFTA00426840.pdf,data-set-9-files-12,1,email
EFTA00426841.pdf,data-set-9-files-12,1,email
EFTA00426842.pdf,data-set-9-files-12,2,email
EFTA00426844.pdf,data-set-9-files-12,2,email
EFTA00426846.pdf,data-set-9-files-12,1,email
EFTA00426847.pdf,data-set-9-files-12,5,email
EFTA00426852.pdf,data-set-9-files-12,1,email
EFTA00426853.pdf,data-set-9-files-12,1,email
EFTA00426854.pdf,data-set-9-files-12,1,email
EFTA00426855.pdf,data-set-9-files-12,2,email
EFTA00426857.pdf,data-set-9-files-12,1,email
EFTA00426858.pdf,data-set-9-files-12,2,email
EFTA00426860.pdf,data-set-9-files-12,2,email
EFTA00426862.pdf,data-set-9-files-12,1,email
EFTA00426863.pdf,data-set-9-files-12,1,email
EFTA00426864.pdf,data-set-9-files-12,1,email
EFTA00426865.pdf,data-set-9-files-12,2,email
EFTA00426867.pdf,data-set-9-files-12,3,email
EFTA00426870.pdf,data-set-9-files-12,1,email
EFTA00426871.pdf,data-set-9-files-12,4,email
EFTA00426875.pdf,data-set-9-files-12,1,email
EFTA00426876.pdf,data-set-9-files-12,4,email
EFTA00426880.pdf,data-set-9-files-12,1,email
EFTA00426881.pdf,data-set-9-files-12,2,email
EFTA00426883.pdf,data-set-9-files-12,1,email
EFTA00426884.pdf,data-set-9-files-12,1,email
EFTA00426885.pdf,data-set-9-files-12,1,email
EFTA00426886.pdf,data-set-9-files-12,1,email
EFTA00426887.pdf,data-set-9-files-12,1,email
EFTA00426888.pdf,data-set-9-files-12,1,email
EFTA00426889.pdf,data-set-9-files-12,1,email
EFTA00426890.pdf,data-set-9-files-12,1,email
EFTA00426891.pdf,data-set-9-files-12,1,email
EFTA00426892.pdf,data-set-9-files-12,1,other
EFTA00426893.pdf,data-set-9-files-12,1,email
EFTA00426894.pdf,data-set-9-files-12,1,email
EFTA00426895.pdf,data-set-9-files-12,1,email
EFTA00426896.pdf,data-set-9-files-12,1,email
EFTA00426897.pdf,data-set-9-files-12,1,email
EFTA00426898.pdf,data-set-9-files-12,1,email
EFTA00426899.pdf,data-set-9-files-12,1,email
EFTA00426900.pdf,data-set-9-files-12,1,email
EFTA00426901.pdf,data-set-9-files-12,1,email
EFTA00426902.pdf,data-set-9-files-12,1,email
EFTA00426903.pdf,data-set-9-files-12,2,email
EFTA00426905.pdf,data-set-9-files-12,1,email
EFTA00426906.pdf,data-set-9-files-12,1,email
EFTA00426907.pdf,data-set-9-files-12,1,email
EFTA00426908.pdf,data-set-9-files-12,1,email
EFTA00426909.pdf,data-set-9-files-12,1,email
EFTA00426910.pdf,data-set-9-files-12,1,email
EFTA00426911.pdf,data-set-9-files-12,1,email
EFTA00426912.pdf,data-set-9-files-12,2,email
EFTA00426914.pdf,data-set-9-files-12,2,email
EFTA00426916.pdf,data-set-9-files-12,4,email
EFTA00426920.pdf,data-set-9-files-12,1,email
EFTA00426921.pdf,data-set-9-files-12,1,email
EFTA00426922.pdf,data-set-9-files-12,1,email
EFTA00426923.pdf,data-set-9-files-12,1,email
EFTA00426924.pdf,data-set-9-files-12,1,email
EFTA00426925.pdf,data-set-9-files-12,4,email
EFTA00426929.pdf,data-set-9-files-12,4,email
EFTA00426933.pdf,data-set-9-files-12,2,email
EFTA00426935.pdf,data-set-9-files-12,3,email
EFTA00426938.pdf,data-set-9-files-12,3,email
EFTA00426941.pdf,data-set-9-files-12,3,email
EFTA00426944.pdf,data-set-9-files-12,2,email
EFTA00426946.pdf,data-set-9-files-12,2,email
EFTA00426948.pdf,data-set-9-files-12,2,email
EFTA00426950.pdf,data-set-9-files-12,2,email
EFTA00426952.pdf,data-set-9-files-12,1,email
EFTA00426953.pdf,data-set-9-files-12,1,email
EFTA00426954.pdf,data-set-9-files-12,1,email
EFTA00426955.pdf,data-set-9-files-12,1,email
EFTA00426956.pdf,data-set-9-files-12,1,email
EFTA00426957.pdf,data-set-9-files-12,1,email
EFTA00426958.pdf,data-set-9-files-12,1,email
EFTA00426959.pdf,data-set-9-files-12,1,email
EFTA00426960.pdf,data-set-9-files-12,2,email
EFTA00426962.pdf,data-set-9-files-12,1,email
EFTA00426963.pdf,data-set-9-files-12,1,email
EFTA00426964.pdf,data-set-9-files-12,1,email
EFTA00426965.pdf,data-set-9-files-12,1,email
EFTA00426966.pdf,data-set-9-files-12,1,email
EFTA00426967.pdf,data-set-9-files-12,1,email
EFTA00426968.pdf,data-set-9-files-12,1,email
EFTA00426969.pdf,data-set-9-files-12,1,email
EFTA00426970.pdf,data-set-9-files-12,1,email
EFTA00426971.pdf,data-set-9-files-12,1,email
EFTA00426972.pdf,data-set-9-files-12,2,email
EFTA00426974.pdf,data-set-9-files-12,1,email
EFTA00426975.pdf,data-set-9-files-12,2,email
EFTA00426977.pdf,data-set-9-files-12,1,email
EFTA00426978.pdf,data-set-9-files-12,1,email
EFTA00426979.pdf,data-set-9-files-12,1,email
EFTA00426980.pdf,data-set-9-files-12,2,email
EFTA00426982.pdf,data-set-9-files-12,3,email
EFTA00426985.pdf,data-set-9-files-12,3,email
EFTA00426988.pdf,data-set-9-files-12,1,email
EFTA00426989.pdf,data-set-9-files-12,1,email
EFTA00426990.pdf,data-set-9-files-12,3,email
EFTA00426993.pdf,data-set-9-files-12,2,email
EFTA00426995.pdf,data-set-9-files-12,1,email
EFTA00426996.pdf,data-set-9-files-12,1,email
EFTA00426997.pdf,data-set-9-files-12,1,email
EFTA00426998.pdf,data-set-9-files-12,1,email
EFTA00426999.pdf,data-set-9-files-12,1,email
EFTA00427000.pdf,data-set-9-files-12,2,email
EFTA00427002.pdf,data-set-9-files-12,1,email
EFTA00427003.pdf,data-set-9-files-12,2,email
EFTA00427005.pdf,data-set-9-files-12,1,email
EFTA00427006.pdf,data-set-9-files-12,1,email
EFTA00427007.pdf,data-set-9-files-12,1,email
EFTA00427008.pdf,data-set-9-files-12,1,email
EFTA00427009.pdf,data-set-9-files-12,1,email
EFTA00427010.pdf,data-set-9-files-12,2,email
EFTA00427012.pdf,data-set-9-files-12,2,email
EFTA00427014.pdf,data-set-9-files-12,3,email
EFTA00427017.pdf,data-set-9-files-12,4,email
EFTA00427021.pdf,data-set-9-files-12,1,email
EFTA00427022.pdf,data-set-9-files-12,7,email
EFTA00427029.pdf,data-set-9-files-12,1,email
EFTA00427030.pdf,data-set-9-files-12,2,email
EFTA00427032.pdf,data-set-9-files-12,2,email
EFTA00427034.pdf,data-set-9-files-12,1,email
EFTA00427035.pdf,data-set-9-files-12,1,email
EFTA00427036.pdf,data-set-9-files-12,1,email
EFTA00427037.pdf,data-set-9-files-12,1,email
EFTA00427038.pdf,data-set-9-files-12,1,email
EFTA00427039.pdf,data-set-9-files-12,1,email
EFTA00427040.pdf,data-set-9-files-12,1,email
EFTA00427041.pdf,data-set-9-files-12,1,email
EFTA00427042.pdf,data-set-9-files-12,1,email
EFTA00427043.pdf,data-set-9-files-12,2,email
EFTA00427045.pdf,data-set-9-files-12,1,email
EFTA00427046.pdf,data-set-9-files-12,1,email
EFTA00427047.pdf,data-set-9-files-12,1,email
EFTA00427048.pdf,data-set-9-files-12,1,email
EFTA00427049.pdf,data-set-9-files-12,1,email
EFTA00427050.pdf,data-set-9-files-12,1,email
EFTA00427051.pdf,data-set-9-files-12,1,email
EFTA00427052.pdf,data-set-9-files-12,2,email
EFTA00427054.pdf,data-set-9-files-12,1,email
EFTA00427055.pdf,data-set-9-files-12,1,email
EFTA00427056.pdf,data-set-9-files-12,1,email
EFTA00427057.pdf,data-set-9-files-12,1,email
EFTA00427058.pdf,data-set-9-files-12,1,email
EFTA00427059.pdf,data-set-9-files-12,1,email
EFTA00427060.pdf,data-set-9-files-12,1,email
EFTA00427061.pdf,data-set-9-files-12,1,email
EFTA00427062.pdf,data-set-9-files-12,1,email
EFTA00427063.pdf,data-set-9-files-12,1,email
EFTA00427064.pdf,data-set-9-files-12,1,email
EFTA00427065.pdf,data-set-9-files-12,1,email
EFTA00427066.pdf,data-set-9-files-12,1,email
EFTA00427067.pdf,data-set-9-files-12,1,email
EFTA00427068.pdf,data-set-9-files-12,1,email
EFTA00427069.pdf,data-set-9-files-12,1,email
EFTA00427070.pdf,data-set-9-files-12,1,email
EFTA00427071.pdf,data-set-9-files-12,2,email
EFTA00427073.pdf,data-set-9-files-12,1,email
EFTA00427074.pdf,data-set-9-files-12,1,email
EFTA00427075.pdf,data-set-9-files-12,2,email
EFTA00427077.pdf,data-set-9-files-12,1,email
EFTA00427078.pdf,data-set-9-files-12,1,email
EFTA00427079.pdf,data-set-9-files-12,1,email
EFTA00427080.pdf,data-set-9-files-12,2,email
EFTA00427082.pdf,data-set-9-files-12,2,email
EFTA00427084.pdf,data-set-9-files-12,3,email
EFTA00427087.pdf,data-set-9-files-12,3,email
EFTA00427090.pdf,data-set-9-files-12,2,email
EFTA00427092.pdf,data-set-9-files-12,2,email
EFTA00427094.pdf,data-set-9-files-12,1,email
EFTA00427095.pdf,data-set-9-files-12,1,email
EFTA00427096.pdf,data-set-9-files-12,1,email
EFTA00427097.pdf,data-set-9-files-12,2,email
EFTA00427099.pdf,data-set-9-files-12,3,email
EFTA00427102.pdf,data-set-9-files-12,1,email
EFTA00427103.pdf,data-set-9-files-12,1,email
EFTA00427104.pdf,data-set-9-files-12,1,email
EFTA00427105.pdf,data-set-9-files-12,1,email
EFTA00427106.pdf,data-set-9-files-12,1,email
EFTA00427107.pdf,data-set-9-files-12,1,email
EFTA00427108.pdf,data-set-9-files-12,1,email
EFTA00427109.pdf,data-set-9-files-12,1,email
EFTA00427110.pdf,data-set-9-files-12,1,email
EFTA00427111.pdf,data-set-9-files-12,1,email
EFTA00427112.pdf,data-set-9-files-12,1,email
EFTA00427113.pdf,data-set-9-files-12,1,email
EFTA00427114.pdf,data-set-9-files-12,1,email
EFTA00427115.pdf,data-set-9-files-12,1,email
EFTA00427116.pdf,data-set-9-files-12,1,email
EFTA00427117.pdf,data-set-9-files-12,1,email
EFTA00427118.pdf,data-set-9-files-12,1,email
EFTA00427119.pdf,data-set-9-files-12,1,email
EFTA00427120.pdf,data-set-9-files-12,1,email
EFTA00427121.pdf,data-set-9-files-12,1,email
EFTA00427122.pdf,data-set-9-files-12,1,email
EFTA00427123.pdf,data-set-9-files-12,1,email
EFTA00427124.pdf,data-set-9-files-12,1,email
EFTA00427125.pdf,data-set-9-files-12,1,email
EFTA00427126.pdf,data-set-9-files-12,1,email
EFTA00427127.pdf,data-set-9-files-12,1,email
EFTA00427128.pdf,data-set-9-files-12,1,email
EFTA00427129.pdf,data-set-9-files-12,1,other
EFTA00427130.pdf,data-set-9-files-12,2,email
EFTA00427132.pdf,data-set-9-files-12,2,email
EFTA00427134.pdf,data-set-9-files-12,1,email
EFTA00427135.pdf,data-set-9-files-12,1,email
EFTA00427136.pdf,data-set-9-files-12,1,other
EFTA00427137.pdf,data-set-9-files-12,1,email
EFTA00427138.pdf,data-set-9-files-12,2,email
EFTA00427140.pdf,data-set-9-files-12,1,other
EFTA00427141.pdf,data-set-9-files-12,1,email
EFTA00427142.pdf,data-set-9-files-12,2,email
EFTA00427144.pdf,data-set-9-files-12,1,email
EFTA00427145.pdf,data-set-9-files-12,2,email
EFTA00427147.pdf,data-set-9-files-12,2,email
EFTA00427149.pdf,data-set-9-files-12,2,email
EFTA00427151.pdf,data-set-9-files-12,2,email
EFTA00427153.pdf,data-set-9-files-12,2,email
EFTA00427155.pdf,data-set-9-files-12,1,email
EFTA00427156.pdf,data-set-9-files-12,1,email
EFTA00427157.pdf,data-set-9-files-12,1,email
EFTA00427158.pdf,data-set-9-files-12,1,email
EFTA00427159.pdf,data-set-9-files-12,2,email
EFTA00427161.pdf,data-set-9-files-12,2,email
EFTA00427163.pdf,data-set-9-files-12,2,email
EFTA00427165.pdf,data-set-9-files-12,2,email
EFTA00427167.pdf,data-set-9-files-12,2,email
EFTA00427169.pdf,data-set-9-files-12,1,other
EFTA00427170.pdf,data-set-9-files-12,2,email
EFTA00427172.pdf,data-set-9-files-12,2,email
EFTA00427174.pdf,data-set-9-files-12,2,email
EFTA00427176.pdf,data-set-9-files-12,1,other
EFTA00427177.pdf,data-set-9-files-12,1,email
EFTA00427178.pdf,data-set-9-files-12,2,email
EFTA00427180.pdf,data-set-9-files-12,1,email
EFTA00427181.pdf,data-set-9-files-12,1,email
EFTA00427182.pdf,data-set-9-files-12,1,email
EFTA00427183.pdf,data-set-9-files-12,1,email
EFTA00427184.pdf,data-set-9-files-12,1,email
EFTA00427185.pdf,data-set-9-files-12,2,email
EFTA00427187.pdf,data-set-9-files-12,3,email
EFTA00427190.pdf,data-set-9-files-12,4,email
EFTA00427194.pdf,data-set-9-files-12,3,email
EFTA00427197.pdf,data-set-9-files-12,3,email
EFTA00427200.pdf,data-set-9-files-12,1,email
EFTA00427201.pdf,data-set-9-files-12,1,email
EFTA00427202.pdf,data-set-9-files-12,1,email
EFTA00427203.pdf,data-set-9-files-12,1,email
EFTA00427204.pdf,data-set-9-files-12,1,email
EFTA00427205.pdf,data-set-9-files-12,1,email
EFTA00427206.pdf,data-set-9-files-12,1,email
EFTA00427207.pdf,data-set-9-files-12,1,email
EFTA00427208.pdf,data-set-9-files-12,1,email
EFTA00427209.pdf,data-set-9-files-12,1,email
EFTA00427210.pdf,data-set-9-files-12,1,email
EFTA00427211.pdf,data-set-9-files-12,1,email
EFTA00427212.pdf,data-set-9-files-12,2,email
EFTA00427214.pdf,data-set-9-files-12,1,email
EFTA00427215.pdf,data-set-9-files-12,1,email
EFTA00427216.pdf,data-set-9-files-12,1,email
EFTA00427217.pdf,data-set-9-files-12,1,email
EFTA00427218.pdf,data-set-9-files-12,1,email
EFTA00427219.pdf,data-set-9-files-12,1,email
EFTA00427220.pdf,data-set-9-files-12,1,other
EFTA00427221.pdf,data-set-9-files-12,1,other
EFTA00427222.pdf,data-set-9-files-12,2,email
EFTA00427224.pdf,data-set-9-files-12,1,other
EFTA00427225.pdf,data-set-9-files-12,1,email
EFTA00427226.pdf,data-set-9-files-12,1,email
EFTA00427227.pdf,data-set-9-files-12,1,email
EFTA00427228.pdf,data-set-9-files-12,1,email
EFTA00427229.pdf,data-set-9-files-12,1,email
EFTA00427230.pdf,data-set-9-files-12,1,email
EFTA00427231.pdf,data-set-9-files-12,1,email
EFTA00427232.pdf,data-set-9-files-12,1,email
EFTA00427233.pdf,data-set-9-files-12,1,email
EFTA00427234.pdf,data-set-9-files-12,1,email
EFTA00427235.pdf,data-set-9-files-12,1,email
EFTA00427236.pdf,data-set-9-files-12,1,email
EFTA00427237.pdf,data-set-9-files-12,1,email
EFTA00427238.pdf,data-set-9-files-12,1,email
EFTA00427239.pdf,data-set-9-files-12,3,email
EFTA00427242.pdf,data-set-9-files-12,1,email
EFTA00427243.pdf,data-set-9-files-12,1,email
EFTA00427244.pdf,data-set-9-files-12,1,email
EFTA00427245.pdf,data-set-9-files-12,3,email
EFTA00427248.pdf,data-set-9-files-12,1,email
EFTA00427249.pdf,data-set-9-files-12,1,email
EFTA00427250.pdf,data-set-9-files-12,1,email
EFTA00427251.pdf,data-set-9-files-12,1,other
EFTA00427252.pdf,data-set-9-files-12,1,other
EFTA00427253.pdf,data-set-9-files-12,1,email
EFTA00427254.pdf,data-set-9-files-12,1,email
EFTA00427255.pdf,data-set-9-files-12,1,email
EFTA00427256.pdf,data-set-9-files-12,1,email
EFTA00427257.pdf,data-set-9-files-12,1,other
EFTA00427258.pdf,data-set-9-files-12,1,email
EFTA00427259.pdf,data-set-9-files-12,1,email
EFTA00427260.pdf,data-set-9-files-12,1,email
EFTA00427261.pdf,data-set-9-files-12,1,other
EFTA00427262.pdf,data-set-9-files-12,2,email
EFTA00427264.pdf,data-set-9-files-12,1,email
EFTA00427265.pdf,data-set-9-files-12,1,email
EFTA00427266.pdf,data-set-9-files-12,1,email
EFTA00427267.pdf,data-set-9-files-12,1,email
EFTA00427268.pdf,data-set-9-files-12,1,email
EFTA00427269.pdf,data-set-9-files-12,1,email
EFTA00427270.pdf,data-set-9-files-12,1,email
EFTA00427271.pdf,data-set-9-files-12,1,email
EFTA00427272.pdf,data-set-9-files-12,1,other
EFTA00427273.pdf,data-set-9-files-12,1,email
EFTA00427274.pdf,data-set-9-files-12,1,email
EFTA00427275.pdf,data-set-9-files-12,1,email
EFTA00427276.pdf,data-set-9-files-12,1,other
EFTA00427277.pdf,data-set-9-files-12,1,email
EFTA00427278.pdf,data-set-9-files-12,1,email
EFTA00427279.pdf,data-set-9-files-12,1,other
EFTA00427280.pdf,data-set-9-files-12,1,email
EFTA00427281.pdf,data-set-9-files-12,1,email
EFTA00427282.pdf,data-set-9-files-12,1,email
EFTA00427283.pdf,data-set-9-files-12,1,email
EFTA00427284.pdf,data-set-9-files-12,1,email
EFTA00427285.pdf,data-set-9-files-12,1,email
EFTA00427286.pdf,data-set-9-files-12,1,email
EFTA00427287.pdf,data-set-9-files-12,1,email
EFTA00427288.pdf,data-set-9-files-12,2,email
EFTA00427290.pdf,data-set-9-files-12,1,email
EFTA00427291.pdf,data-set-9-files-12,2,email
EFTA00427293.pdf,data-set-9-files-12,1,email
EFTA00427294.pdf,data-set-9-files-12,1,email
EFTA00427295.pdf,data-set-9-files-12,1,email
EFTA00427296.pdf,data-set-9-files-12,1,email
EFTA00427297.pdf,data-set-9-files-12,1,email
EFTA00427298.pdf,data-set-9-files-12,1,email
EFTA00427299.pdf,data-set-9-files-12,5,email
EFTA00427304.pdf,data-set-9-files-12,1,email
EFTA00427305.pdf,data-set-9-files-12,1,other
EFTA00427306.pdf,data-set-9-files-12,1,email
EFTA00427307.pdf,data-set-9-files-12,1,email
EFTA00427308.pdf,data-set-9-files-12,1,email
EFTA00427309.pdf,data-set-9-files-12,1,email
EFTA00427310.pdf,data-set-9-files-12,1,email
EFTA00427311.pdf,data-set-9-files-12,1,email
EFTA00427312.pdf,data-set-9-files-12,1,other
EFTA00427313.pdf,data-set-9-files-12,1,email
EFTA00427314.pdf,data-set-9-files-12,3,email
EFTA00427317.pdf,data-set-9-files-12,1,email
EFTA00427318.pdf,data-set-9-files-12,3,email
EFTA00427321.pdf,data-set-9-files-12,3,email
EFTA00427324.pdf,data-set-9-files-12,4,email
EFTA00427328.pdf,data-set-9-files-12,1,email
EFTA00427329.pdf,data-set-9-files-12,1,email
EFTA00427330.pdf,data-set-9-files-12,1,email
EFTA00427331.pdf,data-set-9-files-12,3,email
EFTA00427334.pdf,data-set-9-files-12,3,email
EFTA00427337.pdf,data-set-9-files-12,2,email
EFTA00427339.pdf,data-set-9-files-12,2,email
EFTA00427341.pdf,data-set-9-files-12,1,email
EFTA00427342.pdf,data-set-9-files-12,3,email
EFTA00427345.pdf,data-set-9-files-12,2,email
EFTA00427347.pdf,data-set-9-files-12,2,email
EFTA00427349.pdf,data-set-9-files-12,5,email
EFTA00427354.pdf,data-set-9-files-12,3,email
EFTA00427357.pdf,data-set-9-files-12,3,email
EFTA00427360.pdf,data-set-9-files-12,1,email
EFTA00427361.pdf,data-set-9-files-12,5,email
EFTA00427366.pdf,data-set-9-files-12,1,email
EFTA00427367.pdf,data-set-9-files-12,1,email
EFTA00427368.pdf,data-set-9-files-12,1,email
EFTA00427369.pdf,data-set-9-files-12,1,email
EFTA00427370.pdf,data-set-9-files-12,1,email
EFTA00427371.pdf,data-set-9-files-12,1,other
EFTA00427372.pdf,data-set-9-files-12,1,email
EFTA00427373.pdf,data-set-9-files-12,1,email
EFTA00427374.pdf,data-set-9-files-12,1,email
EFTA00427375.pdf,data-set-9-files-12,1,email
EFTA00427376.pdf,data-set-9-files-12,2,email
EFTA00427378.pdf,data-set-9-files-12,1,email
EFTA00427379.pdf,data-set-9-files-12,1,email
EFTA00427380.pdf,data-set-9-files-12,2,email
EFTA00427382.pdf,data-set-9-files-12,2,email
EFTA00427384.pdf,data-set-9-files-12,1,email
EFTA00427385.pdf,data-set-9-files-12,2,email
EFTA00427387.pdf,data-set-9-files-12,1,email
EFTA00427388.pdf,data-set-9-files-12,3,email
EFTA00427391.pdf,data-set-9-files-12,1,email
EFTA00427392.pdf,data-set-9-files-12,1,email
EFTA00427393.pdf,data-set-9-files-12,2,email
EFTA00427395.pdf,data-set-9-files-12,1,email
EFTA00427396.pdf,data-set-9-files-12,1,email
EFTA00427397.pdf,data-set-9-files-12,1,other
EFTA00427398.pdf,data-set-9-files-12,1,email
EFTA00427399.pdf,data-set-9-files-12,2,email
EFTA00427401.pdf,data-set-9-files-12,4,email
EFTA00427405.pdf,data-set-9-files-12,1,email
EFTA00427406.pdf,data-set-9-files-12,1,email
EFTA00427407.pdf,data-set-9-files-12,1,email
EFTA00427408.pdf,data-set-9-files-12,1,email
EFTA00427409.pdf,data-set-9-files-12,1,email
EFTA00427410.pdf,data-set-9-files-12,1,email
EFTA00427411.pdf,data-set-9-files-12,1,email
EFTA00427412.pdf,data-set-9-files-12,1,email
EFTA00427413.pdf,data-set-9-files-12,1,email
EFTA00427414.pdf,data-set-9-files-12,1,email
EFTA00427415.pdf,data-set-9-files-12,1,email
EFTA00427416.pdf,data-set-9-files-12,1,other
EFTA00427417.pdf,data-set-9-files-12,1,other
EFTA00427418.pdf,data-set-9-files-12,2,email
EFTA00427420.pdf,data-set-9-files-12,1,email
EFTA00427421.pdf,data-set-9-files-12,1,email
EFTA00427422.pdf,data-set-9-files-12,1,email
EFTA00427423.pdf,data-set-9-files-12,1,email
EFTA00427424.pdf,data-set-9-files-12,1,other
EFTA00427425.pdf,data-set-9-files-12,1,other
EFTA00427426.pdf,data-set-9-files-12,1,email
EFTA00427427.pdf,data-set-9-files-12,1,other
EFTA00427428.pdf,data-set-9-files-12,1,email
EFTA00427429.pdf,data-set-9-files-12,2,email
EFTA00427431.pdf,data-set-9-files-12,1,email
EFTA00427432.pdf,data-set-9-files-12,4,email
EFTA00427436.pdf,data-set-9-files-12,1,email
EFTA00427437.pdf,data-set-9-files-12,1,email
EFTA00427438.pdf,data-set-9-files-12,1,email
EFTA00427439.pdf,data-set-9-files-12,1,email
EFTA00427440.pdf,data-set-9-files-12,2,email
EFTA00427442.pdf,data-set-9-files-12,1,email
EFTA00427443.pdf,data-set-9-files-12,2,email
EFTA00427445.pdf,data-set-9-files-12,3,email
EFTA00427448.pdf,data-set-9-files-12,1,email
EFTA00427449.pdf,data-set-9-files-12,2,email
EFTA00427451.pdf,data-set-9-files-12,3,email
EFTA00427454.pdf,data-set-9-files-12,1,other
EFTA00427455.pdf,data-set-9-files-12,1,email
EFTA00427456.pdf,data-set-9-files-12,1,email
EFTA00427457.pdf,data-set-9-files-12,1,email
EFTA00427458.pdf,data-set-9-files-12,1,email
EFTA00427459.pdf,data-set-9-files-12,1,email
EFTA00427460.pdf,data-set-9-files-12,1,email
EFTA00427461.pdf,data-set-9-files-12,1,email
EFTA00427462.pdf,data-set-9-files-12,1,email
EFTA00427463.pdf,data-set-9-files-12,2,email
EFTA00427465.pdf,data-set-9-files-12,2,email
EFTA00427467.pdf,data-set-9-files-12,1,email
EFTA00427468.pdf,data-set-9-files-12,1,email
EFTA00427469.pdf,data-set-9-files-12,1,other
EFTA00427470.pdf,data-set-9-files-12,1,email
EFTA00427471.pdf,data-set-9-files-12,1,email
EFTA00427472.pdf,data-set-9-files-12,1,other
EFTA00427473.pdf,data-set-9-files-12,1,other
EFTA00427474.pdf,data-set-9-files-12,1,other
EFTA00427475.pdf,data-set-9-files-12,1,email
EFTA00427476.pdf,data-set-9-files-12,1,email
EFTA00427477.pdf,data-set-9-files-12,1,email
EFTA00427478.pdf,data-set-9-files-12,1,email
EFTA00427479.pdf,data-set-9-files-12,1,email
EFTA00427480.pdf,data-set-9-files-12,1,email
EFTA00427481.pdf,data-set-9-files-12,1,email
EFTA00427482.pdf,data-set-9-files-12,1,email
EFTA00427483.pdf,data-set-9-files-12,1,email
EFTA00427484.pdf,data-set-9-files-12,1,email
EFTA00427485.pdf,data-set-9-files-12,1,email
EFTA00427486.pdf,data-set-9-files-12,1,email
EFTA00427487.pdf,data-set-9-files-12,2,email
EFTA00427489.pdf,data-set-9-files-12,1,email
EFTA00427490.pdf,data-set-9-files-12,1,email
EFTA00427491.pdf,data-set-9-files-12,1,email
EFTA00427492.pdf,data-set-9-files-12,2,email
EFTA00427494.pdf,data-set-9-files-12,2,email
EFTA00427496.pdf,data-set-9-files-12,1,email
EFTA00427497.pdf,data-set-9-files-12,3,email
EFTA00427500.pdf,data-set-9-files-12,1,email
EFTA00427501.pdf,data-set-9-files-12,3,email
EFTA00427504.pdf,data-set-9-files-12,1,email
EFTA00427505.pdf,data-set-9-files-12,2,email
EFTA00427507.pdf,data-set-9-files-12,2,email
EFTA00427509.pdf,data-set-9-files-12,1,email
EFTA00427510.pdf,data-set-9-files-12,1,email
EFTA00427511.pdf,data-set-9-files-12,1,email
EFTA00427512.pdf,data-set-9-files-12,1,email
EFTA00427513.pdf,data-set-9-files-12,1,email
EFTA00427514.pdf,data-set-9-files-12,1,email
EFTA00427515.pdf,data-set-9-files-12,1,email
EFTA00427516.pdf,data-set-9-files-12,1,email
EFTA00427517.pdf,data-set-9-files-12,1,email
EFTA00427518.pdf,data-set-9-files-12,1,email
EFTA00427519.pdf,data-set-9-files-12,1,other
EFTA00427520.pdf,data-set-9-files-12,1,email
EFTA00427521.pdf,data-set-9-files-12,1,email
EFTA00427522.pdf,data-set-9-files-12,2,email
EFTA00427524.pdf,data-set-9-files-12,1,email
EFTA00427525.pdf,data-set-9-files-12,1,other
EFTA00427526.pdf,data-set-9-files-12,1,email
EFTA00427527.pdf,data-set-9-files-12,1,email
EFTA00427528.pdf,data-set-9-files-12,1,email
EFTA00427529.pdf,data-set-9-files-12,1,email
EFTA00427530.pdf,data-set-9-files-12,1,email
EFTA00427531.pdf,data-set-9-files-12,1,other
EFTA00427532.pdf,data-set-9-files-12,1,email
EFTA00427533.pdf,data-set-9-files-12,1,email
EFTA00427534.pdf,data-set-9-files-12,1,email
EFTA00427535.pdf,data-set-9-files-12,1,email
EFTA00427536.pdf,data-set-9-files-12,1,email
EFTA00427537.pdf,data-set-9-files-12,2,email
EFTA00427539.pdf,data-set-9-files-12,2,email
EFTA00427541.pdf,data-set-9-files-12,1,email
EFTA00427542.pdf,data-set-9-files-12,1,email
EFTA00427543.pdf,data-set-9-files-12,1,email
EFTA00427544.pdf,data-set-9-files-12,1,email
EFTA00427545.pdf,data-set-9-files-12,1,email
EFTA00427546.pdf,data-set-9-files-12,1,email
EFTA00427547.pdf,data-set-9-files-12,1,email
EFTA00427548.pdf,data-set-9-files-12,1,email
EFTA00427549.pdf,data-set-9-files-12,1,email
EFTA00427550.pdf,data-set-9-files-12,1,email
EFTA00427551.pdf,data-set-9-files-12,1,email
EFTA00427552.pdf,data-set-9-files-12,1,email
EFTA00427553.pdf,data-set-9-files-12,1,email
EFTA00427554.pdf,data-set-9-files-12,1,email
EFTA00427555.pdf,data-set-9-files-12,1,email
EFTA00427556.pdf,data-set-9-files-12,1,email
EFTA00427557.pdf,data-set-9-files-12,1,email
EFTA00427558.pdf,data-set-9-files-12,1,email
EFTA00427559.pdf,data-set-9-files-12,1,email
EFTA00427560.pdf,data-set-9-files-12,24,other
EFTA00427584.pdf,data-set-9-files-12,1,email
EFTA00427585.pdf,data-set-9-files-12,1,other
EFTA00427586.pdf,data-set-9-files-12,1,other
EFTA00427587.pdf,data-set-9-files-12,1,other
EFTA00427588.pdf,data-set-9-files-12,1,email
EFTA00427589.pdf,data-set-9-files-12,1,email
EFTA00427590.pdf,data-set-9-files-12,1,email
EFTA00427591.pdf,data-set-9-files-12,2,other
EFTA00427593.pdf,data-set-9-files-12,1,email
EFTA00427594.pdf,data-set-9-files-12,1,email
EFTA00427595.pdf,data-set-9-files-12,1,email
EFTA00427596.pdf,data-set-9-files-12,1,email
EFTA00427597.pdf,data-set-9-files-12,1,email
EFTA00427598.pdf,data-set-9-files-12,2,email
EFTA00427600.pdf,data-set-9-files-12,1,email
EFTA00427601.pdf,data-set-9-files-12,1,email
EFTA00427602.pdf,data-set-9-files-12,1,other
EFTA00427603.pdf,data-set-9-files-12,1,email
EFTA00427604.pdf,data-set-9-files-12,1,other
EFTA00427605.pdf,data-set-9-files-12,2,email
EFTA00427607.pdf,data-set-9-files-12,2,email
EFTA00427609.pdf,data-set-9-files-12,2,email
EFTA00427611.pdf,data-set-9-files-12,1,email
EFTA00427612.pdf,data-set-9-files-12,1,other
EFTA00427613.pdf,data-set-9-files-12,1,email
EFTA00427614.pdf,data-set-9-files-12,1,email
EFTA00427615.pdf,data-set-9-files-12,1,email
EFTA00427616.pdf,data-set-9-files-12,1,email
EFTA00427617.pdf,data-set-9-files-12,1,email
EFTA00427618.pdf,data-set-9-files-12,1,email
EFTA00427619.pdf,data-set-9-files-12,1,email
EFTA00427620.pdf,data-set-9-files-12,2,email
EFTA00427622.pdf,data-set-9-files-12,1,email
EFTA00427623.pdf,data-set-9-files-12,1,email
EFTA00427624.pdf,data-set-9-files-12,1,email
EFTA00427625.pdf,data-set-9-files-12,1,email
EFTA00427626.pdf,data-set-9-files-12,1,email
EFTA00427627.pdf,data-set-9-files-12,1,email
EFTA00427628.pdf,data-set-9-files-12,1,email
EFTA00427629.pdf,data-set-9-files-12,1,email
EFTA00427630.pdf,data-set-9-files-12,1,email
EFTA00427631.pdf,data-set-9-files-12,1,other
EFTA00427632.pdf,data-set-9-files-12,1,email
EFTA00427633.pdf,data-set-9-files-12,1,email
EFTA00427634.pdf,data-set-9-files-12,1,email
EFTA00427635.pdf,data-set-9-files-12,1,email
EFTA00427636.pdf,data-set-9-files-12,2,email
EFTA00427638.pdf,data-set-9-files-12,1,email
EFTA00427639.pdf,data-set-9-files-12,2,email
EFTA00427641.pdf,data-set-9-files-12,2,email
EFTA00427643.pdf,data-set-9-files-12,3,email
EFTA00427646.pdf,data-set-9-files-12,2,email
EFTA00427648.pdf,data-set-9-files-12,1,email
EFTA00427649.pdf,data-set-9-files-12,1,email
EFTA00427650.pdf,data-set-9-files-12,1,other
EFTA00427651.pdf,data-set-9-files-12,1,other
EFTA00427652.pdf,data-set-9-files-12,1,email
EFTA00427653.pdf,data-set-9-files-12,2,email
EFTA00427655.pdf,data-set-9-files-12,2,email
EFTA00427657.pdf,data-set-9-files-12,1,email
EFTA00427658.pdf,data-set-9-files-12,1,email
EFTA00427659.pdf,data-set-9-files-12,1,email
EFTA00427660.pdf,data-set-9-files-12,1,other
EFTA00427661.pdf,data-set-9-files-12,1,other
EFTA00427662.pdf,data-set-9-files-12,2,email
EFTA00427664.pdf,data-set-9-files-12,1,email
EFTA00427665.pdf,data-set-9-files-12,1,email
EFTA00427666.pdf,data-set-9-files-12,1,email
EFTA00427667.pdf,data-set-9-files-12,1,email
EFTA00427668.pdf,data-set-9-files-12,1,email
EFTA00427669.pdf,data-set-9-files-12,1,email
EFTA00427670.pdf,data-set-9-files-12,1,email
EFTA00427671.pdf,data-set-9-files-12,1,other
EFTA00427672.pdf,data-set-9-files-12,1,email
EFTA00427673.pdf,data-set-9-files-12,1,email
EFTA00427674.pdf,data-set-9-files-12,1,email
EFTA00427675.pdf,data-set-9-files-12,2,email
EFTA00427677.pdf,data-set-9-files-12,2,email
EFTA00427679.pdf,data-set-9-files-12,1,email
EFTA00427680.pdf,data-set-9-files-12,1,email
EFTA00427681.pdf,data-set-9-files-12,1,email
EFTA00427682.pdf,data-set-9-files-12,1,email
EFTA00427683.pdf,data-set-9-files-12,1,email
EFTA00427684.pdf,data-set-9-files-12,1,email
EFTA00427685.pdf,data-set-9-files-12,1,other
EFTA00427686.pdf,data-set-9-files-12,1,other
EFTA00427687.pdf,data-set-9-files-12,1,email
EFTA00427688.pdf,data-set-9-files-12,2,email
EFTA00427690.pdf,data-set-9-files-12,1,email
EFTA00427691.pdf,data-set-9-files-12,1,email
EFTA00427692.pdf,data-set-9-files-12,1,email
EFTA00427693.pdf,data-set-9-files-12,2,email
EFTA00427695.pdf,data-set-9-files-12,3,email
EFTA00427698.pdf,data-set-9-files-12,2,email
EFTA00427700.pdf,data-set-9-files-12,1,email
EFTA00427701.pdf,data-set-9-files-12,1,email
EFTA00427702.pdf,data-set-9-files-12,1,email
EFTA00427703.pdf,data-set-9-files-12,1,email
EFTA00427704.pdf,data-set-9-files-12,1,email
EFTA00427705.pdf,data-set-9-files-12,1,email
EFTA00427706.pdf,data-set-9-files-12,1,email
EFTA00427707.pdf,data-set-9-files-12,1,other
EFTA00427708.pdf,data-set-9-files-12,1,email
EFTA00427709.pdf,data-set-9-files-12,2,email
EFTA00427711.pdf,data-set-9-files-12,1,email
EFTA00427712.pdf,data-set-9-files-12,1,email
EFTA00427713.pdf,data-set-9-files-12,6,email
EFTA00427719.pdf,data-set-9-files-12,2,email
EFTA00427721.pdf,data-set-9-files-12,1,email
EFTA00427722.pdf,data-set-9-files-12,1,email
EFTA00427723.pdf,data-set-9-files-12,7,email
EFTA00427730.pdf,data-set-9-files-12,7,email
EFTA00427737.pdf,data-set-9-files-12,1,email
EFTA00427738.pdf,data-set-9-files-12,1,email
EFTA00427739.pdf,data-set-9-files-12,1,email
EFTA00427740.pdf,data-set-9-files-12,1,email
EFTA00427741.pdf,data-set-9-files-12,1,email
EFTA00427742.pdf,data-set-9-files-12,1,email
EFTA00427743.pdf,data-set-9-files-12,1,email
EFTA00427744.pdf,data-set-9-files-12,1,email
EFTA00427745.pdf,data-set-9-files-12,1,email
EFTA00427746.pdf,data-set-9-files-12,1,other
EFTA00427747.pdf,data-set-9-files-12,1,other
EFTA00427748.pdf,data-set-9-files-12,1,email
EFTA00427749.pdf,data-set-9-files-12,2,email
EFTA00427751.pdf,data-set-9-files-12,2,email
EFTA00427753.pdf,data-set-9-files-12,2,email
EFTA00427755.pdf,data-set-9-files-12,2,email
EFTA00427757.pdf,data-set-9-files-12,1,other
EFTA00427758.pdf,data-set-9-files-12,1,other
EFTA00427759.pdf,data-set-9-files-12,1,other
EFTA00427760.pdf,data-set-9-files-12,1,email
EFTA00427761.pdf,data-set-9-files-12,2,email
EFTA00427763.pdf,data-set-9-files-12,1,other
EFTA00427764.pdf,data-set-9-files-12,1,other
EFTA00427765.pdf,data-set-9-files-12,1,email
EFTA00427766.pdf,data-set-9-files-12,1,email
EFTA00427767.pdf,data-set-9-files-12,1,email
EFTA00427768.pdf,data-set-9-files-12,2,email
EFTA00427770.pdf,data-set-9-files-12,1,email
EFTA00427771.pdf,data-set-9-files-12,1,email
EFTA00427772.pdf,data-set-9-files-12,1,email
EFTA00427773.pdf,data-set-9-files-12,1,email
EFTA00427774.pdf,data-set-9-files-12,7,email
EFTA00427781.pdf,data-set-9-files-12,1,email
EFTA00427782.pdf,data-set-9-files-12,9,email
EFTA00427791.pdf,data-set-9-files-12,1,email
EFTA00427792.pdf,data-set-9-files-12,1,other
EFTA00427793.pdf,data-set-9-files-12,9,email
EFTA00427802.pdf,data-set-9-files-12,1,email
EFTA00427803.pdf,data-set-9-files-12,1,email
EFTA00427804.pdf,data-set-9-files-12,1,email
EFTA00427805.pdf,data-set-9-files-12,1,other
EFTA00427806.pdf,data-set-9-files-12,1,other
EFTA00427807.pdf,data-set-9-files-12,1,other
EFTA00427808.pdf,data-set-9-files-12,1,other
EFTA00427809.pdf,data-set-9-files-12,2,email
EFTA00427811.pdf,data-set-9-files-12,1,email
EFTA00427812.pdf,data-set-9-files-12,2,email
EFTA00427814.pdf,data-set-9-files-12,1,email
EFTA00427815.pdf,data-set-9-files-12,2,email
EFTA00427817.pdf,data-set-9-files-12,1,email
EFTA00427818.pdf,data-set-9-files-12,2,email
EFTA00427820.pdf,data-set-9-files-12,1,email
EFTA00427821.pdf,data-set-9-files-12,1,other
EFTA00427822.pdf,data-set-9-files-12,1,other
EFTA00427823.pdf,data-set-9-files-12,1,other
EFTA00427824.pdf,data-set-9-files-12,1,other
EFTA00427825.pdf,data-set-9-files-12,1,other
EFTA00427826.pdf,data-set-9-files-12,7,email
EFTA00427833.pdf,data-set-9-files-12,1,other
EFTA00427834.pdf,data-set-9-files-12,8,email
EFTA00427842.pdf,data-set-9-files-12,1,other
EFTA00427843.pdf,data-set-9-files-12,1,email
EFTA00427844.pdf,data-set-9-files-12,1,other
EFTA00427845.pdf,data-set-9-files-12,1,email
EFTA00427846.pdf,data-set-9-files-12,1,email
EFTA00427847.pdf,data-set-9-files-12,1,email
EFTA00427848.pdf,data-set-9-files-12,1,email
EFTA00427849.pdf,data-set-9-files-12,1,email
EFTA00427850.pdf,data-set-9-files-12,1,email
EFTA00427851.pdf,data-set-9-files-12,1,email
EFTA00427852.pdf,data-set-9-files-12,1,email
EFTA00427853.pdf,data-set-9-files-12,1,email
EFTA00427854.pdf,data-set-9-files-12,1,email
EFTA00427855.pdf,data-set-9-files-12,2,email
EFTA00427857.pdf,data-set-9-files-12,2,email
EFTA00427859.pdf,data-set-9-files-12,1,email
EFTA00427860.pdf,data-set-9-files-12,1,email
EFTA00427861.pdf,data-set-9-files-12,2,email
EFTA00427863.pdf,data-set-9-files-12,1,email
EFTA00427864.pdf,data-set-9-files-12,1,email
EFTA00427865.pdf,data-set-9-files-12,1,email
EFTA00427866.pdf,data-set-9-files-12,1,email
EFTA00427867.pdf,data-set-9-files-12,1,email
EFTA00427868.pdf,data-set-9-files-12,1,email
EFTA00427869.pdf,data-set-9-files-12,1,email
EFTA00427870.pdf,data-set-9-files-12,1,email
EFTA00427871.pdf,data-set-9-files-12,2,email
EFTA00427873.pdf,data-set-9-files-12,1,email
EFTA00427874.pdf,data-set-9-files-12,1,email
EFTA00427875.pdf,data-set-9-files-12,1,other
EFTA00427876.pdf,data-set-9-files-12,1,other
EFTA00427877.pdf,data-set-9-files-12,1,other
EFTA00427878.pdf,data-set-9-files-12,5,email
EFTA00427883.pdf,data-set-9-files-12,5,email
EFTA00427888.pdf,data-set-9-files-12,1,email
EFTA00427889.pdf,data-set-9-files-12,1,email
EFTA00427890.pdf,data-set-9-files-12,1,email
EFTA00427891.pdf,data-set-9-files-12,1,other
EFTA00427892.pdf,data-set-9-files-12,1,email
EFTA00427893.pdf,data-set-9-files-12,1,email
EFTA00427894.pdf,data-set-9-files-12,1,email
EFTA00427895.pdf,data-set-9-files-12,1,email
EFTA00427896.pdf,data-set-9-files-12,1,email
EFTA00427897.pdf,data-set-9-files-12,1,other
EFTA00427898.pdf,data-set-9-files-12,1,email
EFTA00427899.pdf,data-set-9-files-12,1,other
EFTA00427900.pdf,data-set-9-files-12,2,email
EFTA00427902.pdf,data-set-9-files-12,2,email
EFTA00427904.pdf,data-set-9-files-12,1,email
EFTA00427905.pdf,data-set-9-files-12,1,email
EFTA00427906.pdf,data-set-9-files-12,1,other
EFTA00427907.pdf,data-set-9-files-12,1,email
EFTA00427908.pdf,data-set-9-files-12,1,email
EFTA00427909.pdf,data-set-9-files-12,1,email
EFTA00427910.pdf,data-set-9-files-12,1,email
EFTA00427911.pdf,data-set-9-files-12,1,email
EFTA00427912.pdf,data-set-9-files-12,1,email
EFTA00427913.pdf,data-set-9-files-12,1,email
EFTA00427914.pdf,data-set-9-files-12,1,email
EFTA00427915.pdf,data-set-9-files-12,4,email
EFTA00427919.pdf,data-set-9-files-12,1,email
EFTA00427920.pdf,data-set-9-files-12,1,email
EFTA00427921.pdf,data-set-9-files-12,3,email
EFTA00427924.pdf,data-set-9-files-12,3,email
EFTA00427927.pdf,data-set-9-files-12,2,email
EFTA00427929.pdf,data-set-9-files-12,1,email
EFTA00427930.pdf,data-set-9-files-12,2,email
EFTA00427932.pdf,data-set-9-files-12,1,email
EFTA00427933.pdf,data-set-9-files-12,1,email
EFTA00427934.pdf,data-set-9-files-12,1,email
EFTA00427935.pdf,data-set-9-files-12,2,email
EFTA00427937.pdf,data-set-9-files-12,6,email
EFTA00427943.pdf,data-set-9-files-12,2,email
EFTA00427945.pdf,data-set-9-files-12,2,email
EFTA00427947.pdf,data-set-9-files-12,1,email
EFTA00427948.pdf,data-set-9-files-12,3,email
EFTA00427951.pdf,data-set-9-files-12,1,email
EFTA00427952.pdf,data-set-9-files-12,3,email
EFTA00427955.pdf,data-set-9-files-12,2,email
EFTA00427957.pdf,data-set-9-files-12,1,email
EFTA00427958.pdf,data-set-9-files-12,1,email
EFTA00427959.pdf,data-set-9-files-12,1,email
EFTA00427960.pdf,data-set-9-files-12,1,email
EFTA00427961.pdf,data-set-9-files-12,1,email
EFTA00427962.pdf,data-set-9-files-12,1,email
EFTA00427963.pdf,data-set-9-files-12,1,email
EFTA00427964.pdf,data-set-9-files-12,1,email
EFTA00427965.pdf,data-set-9-files-12,2,email
EFTA00427967.pdf,data-set-9-files-12,1,email
EFTA00427968.pdf,data-set-9-files-12,2,email
EFTA00427970.pdf,data-set-9-files-12,1,email
EFTA00427971.pdf,data-set-9-files-12,2,email
EFTA00427973.pdf,data-set-9-files-12,3,email
EFTA00427976.pdf,data-set-9-files-12,3,email
EFTA00427979.pdf,data-set-9-files-12,1,email
EFTA00427980.pdf,data-set-9-files-12,2,email
EFTA00427982.pdf,data-set-9-files-12,2,email
EFTA00427984.pdf,data-set-9-files-12,2,email
EFTA00427986.pdf,data-set-9-files-12,1,email
EFTA00427987.pdf,data-set-9-files-12,2,email
EFTA00427989.pdf,data-set-9-files-12,2,email
EFTA00427991.pdf,data-set-9-files-12,1,email
EFTA00427992.pdf,data-set-9-files-12,1,other
EFTA00427993.pdf,data-set-9-files-12,1,email
EFTA00427994.pdf,data-set-9-files-12,1,email
EFTA00427995.pdf,data-set-9-files-12,1,email
EFTA00427996.pdf,data-set-9-files-12,1,email
EFTA00427997.pdf,data-set-9-files-12,1,email
EFTA00427998.pdf,data-set-9-files-12,1,email
EFTA00427999.pdf,data-set-9-files-12,1,email
EFTA00428000.pdf,data-set-9-files-12,2,email
EFTA00428002.pdf,data-set-9-files-12,1,email
EFTA00428003.pdf,data-set-9-files-12,3,email
EFTA00428006.pdf,data-set-9-files-12,3,email
EFTA00428009.pdf,data-set-9-files-12,1,email
EFTA00428010.pdf,data-set-9-files-12,3,email
EFTA00428013.pdf,data-set-9-files-12,2,email
EFTA00428015.pdf,data-set-9-files-12,1,email
EFTA00428016.pdf,data-set-9-files-12,2,email
EFTA00428018.pdf,data-set-9-files-12,2,email
EFTA00428020.pdf,data-set-9-files-12,1,email
EFTA00428021.pdf,data-set-9-files-12,4,email
EFTA00428025.pdf,data-set-9-files-12,4,email
EFTA00428029.pdf,data-set-9-files-12,2,email
EFTA00428031.pdf,data-set-9-files-12,2,email
EFTA00428033.pdf,data-set-9-files-12,2,email
EFTA00428035.pdf,data-set-9-files-12,1,email
EFTA00428036.pdf,data-set-9-files-12,1,email
EFTA00428037.pdf,data-set-9-files-12,2,email
EFTA00428039.pdf,data-set-9-files-12,1,email
EFTA00428040.pdf,data-set-9-files-12,1,email
EFTA00428041.pdf,data-set-9-files-12,2,email
EFTA00428043.pdf,data-set-9-files-12,1,email
EFTA00428044.pdf,data-set-9-files-12,6,email
EFTA00428050.pdf,data-set-9-files-12,3,email
EFTA00428053.pdf,data-set-9-files-12,1,email
EFTA00428054.pdf,data-set-9-files-12,2,email
EFTA00428056.pdf,data-set-9-files-12,1,email
EFTA00428057.pdf,data-set-9-files-12,1,email
EFTA00428058.pdf,data-set-9-files-12,1,email
EFTA00428059.pdf,data-set-9-files-12,1,email
EFTA00428060.pdf,data-set-9-files-12,2,email
EFTA00428062.pdf,data-set-9-files-12,1,email
EFTA00428063.pdf,data-set-9-files-12,2,email
EFTA00428065.pdf,data-set-9-files-12,2,email
EFTA00428067.pdf,data-set-9-files-12,2,email
EFTA00428069.pdf,data-set-9-files-12,1,email
EFTA00428070.pdf,data-set-9-files-12,2,email
EFTA00428072.pdf,data-set-9-files-12,2,email
EFTA00428074.pdf,data-set-9-files-12,1,email
EFTA00428075.pdf,data-set-9-files-12,1,email
EFTA00428076.pdf,data-set-9-files-12,1,email
EFTA00428077.pdf,data-set-9-files-12,1,email
EFTA00428078.pdf,data-set-9-files-12,1,email
EFTA00428079.pdf,data-set-9-files-12,1,email
EFTA00428080.pdf,data-set-9-files-12,1,email
EFTA00428081.pdf,data-set-9-files-12,2,email
EFTA00428083.pdf,data-set-9-files-12,1,email
EFTA00428084.pdf,data-set-9-files-12,1,email
EFTA00428085.pdf,data-set-9-files-12,1,email
EFTA00428086.pdf,data-set-9-files-12,1,email
EFTA00428087.pdf,data-set-9-files-12,1,other
EFTA00428088.pdf,data-set-9-files-12,1,email
EFTA00428089.pdf,data-set-9-files-12,1,email
EFTA00428090.pdf,data-set-9-files-12,1,email
EFTA00428091.pdf,data-set-9-files-12,1,email
EFTA00428092.pdf,data-set-9-files-12,1,email
EFTA00428093.pdf,data-set-9-files-12,2,email
EFTA00428095.pdf,data-set-9-files-12,1,other
EFTA00428096.pdf,data-set-9-files-12,1,email
EFTA00428097.pdf,data-set-9-files-12,1,email
EFTA00428098.pdf,data-set-9-files-12,1,email
EFTA00428099.pdf,data-set-9-files-12,1,email
EFTA00428100.pdf,data-set-9-files-12,2,email
EFTA00428102.pdf,data-set-9-files-12,1,email
EFTA00428103.pdf,data-set-9-files-12,1,email
EFTA00428104.pdf,data-set-9-files-12,1,email
EFTA00428105.pdf,data-set-9-files-12,1,email
EFTA00428106.pdf,data-set-9-files-12,1,other
EFTA00428107.pdf,data-set-9-files-12,2,email
EFTA00428109.pdf,data-set-9-files-12,1,email
EFTA00428110.pdf,data-set-9-files-12,1,other
EFTA00428111.pdf,data-set-9-files-12,1,other
EFTA00428112.pdf,data-set-9-files-12,1,email
EFTA00428113.pdf,data-set-9-files-12,1,email
EFTA00428114.pdf,data-set-9-files-12,1,email
EFTA00428115.pdf,data-set-9-files-12,1,email
EFTA00428116.pdf,data-set-9-files-12,2,email
EFTA00428118.pdf,data-set-9-files-12,3,email
EFTA00428121.pdf,data-set-9-files-12,1,email
EFTA00428122.pdf,data-set-9-files-12,1,email
EFTA00428123.pdf,data-set-9-files-12,1,email
EFTA00428124.pdf,data-set-9-files-12,10,email
EFTA00428134.pdf,data-set-9-files-12,1,email
EFTA00428135.pdf,data-set-9-files-12,1,email
EFTA00428136.pdf,data-set-9-files-12,15,other
EFTA00428151.pdf,data-set-9-files-12,1,other
EFTA00428152.pdf,data-set-9-files-12,1,other
EFTA00428153.pdf,data-set-9-files-12,3,email
EFTA00428156.pdf,data-set-9-files-12,1,other
EFTA00428157.pdf,data-set-9-files-12,1,email
EFTA00428158.pdf,data-set-9-files-12,1,email
EFTA00428159.pdf,data-set-9-files-12,1,email
EFTA00428160.pdf,data-set-9-files-12,2,email
EFTA00428162.pdf,data-set-9-files-12,1,email
EFTA00428163.pdf,data-set-9-files-12,1,other
EFTA00428164.pdf,data-set-9-files-12,1,email
EFTA00428165.pdf,data-set-9-files-12,1,email
EFTA00428166.pdf,data-set-9-files-12,1,email
EFTA00428167.pdf,data-set-9-files-12,1,email
EFTA00428168.pdf,data-set-9-files-12,1,email
EFTA00428169.pdf,data-set-9-files-12,1,email
EFTA00428170.pdf,data-set-9-files-12,1,email
EFTA00428171.pdf,data-set-9-files-12,1,email
EFTA00428172.pdf,data-set-9-files-12,2,email
EFTA00428174.pdf,data-set-9-files-12,1,email
EFTA00428175.pdf,data-set-9-files-12,1,other
EFTA00428176.pdf,data-set-9-files-12,1,email
EFTA00428177.pdf,data-set-9-files-12,1,other
EFTA00428178.pdf,data-set-9-files-12,2,email
EFTA00428180.pdf,data-set-9-files-12,2,email
EFTA00428182.pdf,data-set-9-files-12,1,email
EFTA00428183.pdf,data-set-9-files-12,1,other
EFTA00428184.pdf,data-set-9-files-12,1,email
EFTA00428185.pdf,data-set-9-files-12,1,other
EFTA00428186.pdf,data-set-9-files-12,1,other
EFTA00428187.pdf,data-set-9-files-12,1,email
EFTA00428188.pdf,data-set-9-files-12,1,email
EFTA00428189.pdf,data-set-9-files-12,1,email
EFTA00428190.pdf,data-set-9-files-12,1,other
EFTA00428191.pdf,data-set-9-files-12,2,email
EFTA00428193.pdf,data-set-9-files-12,1,email
EFTA00428194.pdf,data-set-9-files-12,1,email
EFTA00428195.pdf,data-set-9-files-12,1,email
EFTA00428196.pdf,data-set-9-files-12,1,email
EFTA00428197.pdf,data-set-9-files-12,2,email
EFTA00428199.pdf,data-set-9-files-12,1,email
EFTA00428200.pdf,data-set-9-files-12,1,email
EFTA00428201.pdf,data-set-9-files-12,2,email
EFTA00428203.pdf,data-set-9-files-12,2,email
EFTA00428205.pdf,data-set-9-files-12,5,email
EFTA00428210.pdf,data-set-9-files-12,1,email
EFTA00428211.pdf,data-set-9-files-12,1,email
EFTA00428212.pdf,data-set-9-files-12,1,email
EFTA00428213.pdf,data-set-9-files-12,1,email
EFTA00428214.pdf,data-set-9-files-12,1,email
EFTA00428215.pdf,data-set-9-files-12,1,email
EFTA00428216.pdf,data-set-9-files-12,1,email
EFTA00428217.pdf,data-set-9-files-12,1,email
EFTA00428218.pdf,data-set-9-files-12,1,email
EFTA00428219.pdf,data-set-9-files-12,1,email
EFTA00428220.pdf,data-set-9-files-12,1,email
EFTA00428221.pdf,data-set-9-files-12,1,email
EFTA00428222.pdf,data-set-9-files-12,1,email
EFTA00428223.pdf,data-set-9-files-12,1,email
EFTA00428224.pdf,data-set-9-files-12,1,other
EFTA00428225.pdf,data-set-9-files-12,1,other
EFTA00428226.pdf,data-set-9-files-12,1,email
EFTA00428227.pdf,data-set-9-files-12,1,email
EFTA00428228.pdf,data-set-9-files-12,1,email
EFTA00428229.pdf,data-set-9-files-12,1,other
EFTA00428230.pdf,data-set-9-files-12,1,email
EFTA00428231.pdf,data-set-9-files-12,1,email
EFTA00428232.pdf,data-set-9-files-12,1,other
EFTA00428233.pdf,data-set-9-files-12,1,other
EFTA00428234.pdf,data-set-9-files-12,1,email
EFTA00428235.pdf,data-set-9-files-12,1,email
EFTA00428236.pdf,data-set-9-files-12,1,other
EFTA00428237.pdf,data-set-9-files-12,1,other
EFTA00428238.pdf,data-set-9-files-12,1,email
EFTA00428239.pdf,data-set-9-files-12,1,email
EFTA00428240.pdf,data-set-9-files-12,2,email
EFTA00428242.pdf,data-set-9-files-12,1,email
EFTA00428243.pdf,data-set-9-files-12,1,email
EFTA00428244.pdf,data-set-9-files-12,1,email
EFTA00428245.pdf,data-set-9-files-12,1,email
EFTA00428246.pdf,data-set-9-files-12,1,other
EFTA00428247.pdf,data-set-9-files-12,1,email
EFTA00428248.pdf,data-set-9-files-12,1,email
EFTA00428249.pdf,data-set-9-files-12,1,email
EFTA00428250.pdf,data-set-9-files-12,1,email
EFTA00428251.pdf,data-set-9-files-12,1,other
EFTA00428252.pdf,data-set-9-files-12,1,email
EFTA00428253.pdf,data-set-9-files-12,2,email
EFTA00428255.pdf,data-set-9-files-12,1,email
EFTA00428256.pdf,data-set-9-files-12,1,email
EFTA00428257.pdf,data-set-9-files-12,1,email
EFTA00428258.pdf,data-set-9-files-12,1,email
EFTA00428259.pdf,data-set-9-files-12,2,email
EFTA00428261.pdf,data-set-9-files-12,1,email
EFTA00428262.pdf,data-set-9-files-12,1,other
EFTA00428263.pdf,data-set-9-files-12,1,other
EFTA00428264.pdf,data-set-9-files-12,1,other
EFTA00428265.pdf,data-set-9-files-12,1,other
EFTA00428266.pdf,data-set-9-files-12,1,email
EFTA00428267.pdf,data-set-9-files-12,1,email
EFTA00428268.pdf,data-set-9-files-12,1,email
EFTA00428269.pdf,data-set-9-files-12,2,email
EFTA00428271.pdf,data-set-9-files-12,1,email
EFTA00428272.pdf,data-set-9-files-12,1,email
EFTA00428273.pdf,data-set-9-files-12,2,email
EFTA00428275.pdf,data-set-9-files-12,1,email
EFTA00428276.pdf,data-set-9-files-12,1,email
EFTA00428277.pdf,data-set-9-files-12,2,email
EFTA00428279.pdf,data-set-9-files-12,2,email
EFTA00428281.pdf,data-set-9-files-12,2,email
EFTA00428283.pdf,data-set-9-files-12,1,other
EFTA00428284.pdf,data-set-9-files-12,1,other
EFTA00428285.pdf,data-set-9-files-12,1,other
EFTA00428286.pdf,data-set-9-files-12,1,email
EFTA00428287.pdf,data-set-9-files-12,5,email
EFTA00428292.pdf,data-set-9-files-12,1,other
EFTA00428293.pdf,data-set-9-files-12,1,email
EFTA00428294.pdf,data-set-9-files-12,1,email
EFTA00428295.pdf,data-set-9-files-12,1,email
EFTA00428296.pdf,data-set-9-files-12,1,email
EFTA00428297.pdf,data-set-9-files-12,1,email
EFTA00428298.pdf,data-set-9-files-12,2,email
EFTA00428300.pdf,data-set-9-files-12,1,email
EFTA00428301.pdf,data-set-9-files-12,2,email
EFTA00428303.pdf,data-set-9-files-12,2,email
EFTA00428305.pdf,data-set-9-files-12,1,email
EFTA00428306.pdf,data-set-9-files-12,2,email
EFTA00428308.pdf,data-set-9-files-12,2,email
EFTA00428310.pdf,data-set-9-files-12,2,email
EFTA00428312.pdf,data-set-9-files-12,1,email
EFTA00428313.pdf,data-set-9-files-12,2,email
EFTA00428315.pdf,data-set-9-files-12,1,email
EFTA00428316.pdf,data-set-9-files-12,1,email
EFTA00428317.pdf,data-set-9-files-12,2,email
EFTA00428319.pdf,data-set-9-files-12,1,other
EFTA00428320.pdf,data-set-9-files-12,1,other
EFTA00428321.pdf,data-set-9-files-12,4,email
EFTA00428325.pdf,data-set-9-files-12,1,other
EFTA00428326.pdf,data-set-9-files-12,1,email
EFTA00428327.pdf,data-set-9-files-12,1,email
EFTA00428328.pdf,data-set-9-files-12,1,email
EFTA00428329.pdf,data-set-9-files-12,1,email
EFTA00428330.pdf,data-set-9-files-12,1,email
EFTA00428331.pdf,data-set-9-files-12,1,email
EFTA00428332.pdf,data-set-9-files-12,1,email
EFTA00428333.pdf,data-set-9-files-12,5,email
EFTA00428338.pdf,data-set-9-files-12,1,other
EFTA00428339.pdf,data-set-9-files-12,1,other
EFTA00428340.pdf,data-set-9-files-12,2,email
EFTA00428342.pdf,data-set-9-files-12,1,other
EFTA00428343.pdf,data-set-9-files-12,1,email
EFTA00428344.pdf,data-set-9-files-12,1,email
EFTA00428345.pdf,data-set-9-files-12,1,other
EFTA00428346.pdf,data-set-9-files-12,1,email
EFTA00428347.pdf,data-set-9-files-12,2,email
EFTA00428349.pdf,data-set-9-files-12,2,email
EFTA00428351.pdf,data-set-9-files-12,2,email
EFTA00428353.pdf,data-set-9-files-12,2,email
EFTA00428355.pdf,data-set-9-files-12,1,email
EFTA00428356.pdf,data-set-9-files-12,1,email
EFTA00428357.pdf,data-set-9-files-12,1,email
EFTA00428358.pdf,data-set-9-files-12,1,email
EFTA00428359.pdf,data-set-9-files-12,1,other
EFTA00428360.pdf,data-set-9-files-12,10,other
EFTA00428370.pdf,data-set-9-files-12,1,email
EFTA00428371.pdf,data-set-9-files-12,1,email
EFTA00428372.pdf,data-set-9-files-12,1,email
EFTA00428373.pdf,data-set-9-files-12,1,email
EFTA00428374.pdf,data-set-9-files-12,1,email
EFTA00428375.pdf,data-set-9-files-12,1,email
EFTA00428376.pdf,data-set-9-files-12,1,email
EFTA00428377.pdf,data-set-9-files-12,1,email
EFTA00428378.pdf,data-set-9-files-12,1,email
EFTA00428379.pdf,data-set-9-files-12,1,email
EFTA00428380.pdf,data-set-9-files-12,1,other
EFTA00428381.pdf,data-set-9-files-12,1,email
EFTA00428382.pdf,data-set-9-files-12,1,other
EFTA00428383.pdf,data-set-9-files-12,1,email
EFTA00428384.pdf,data-set-9-files-12,1,email
EFTA00428385.pdf,data-set-9-files-12,1,email
EFTA00428386.pdf,data-set-9-files-12,1,email
EFTA00428387.pdf,data-set-9-files-12,1,email
EFTA00428388.pdf,data-set-9-files-12,1,email
EFTA00428389.pdf,data-set-9-files-12,1,email
EFTA00428390.pdf,data-set-9-files-12,2,email
EFTA00428392.pdf,data-set-9-files-12,2,email
EFTA00428394.pdf,data-set-9-files-12,1,other
EFTA00428395.pdf,data-set-9-files-12,1,other
EFTA00428396.pdf,data-set-9-files-12,1,other
EFTA00428397.pdf,data-set-9-files-12,2,email
EFTA00428399.pdf,data-set-9-files-12,3,email
EFTA00428402.pdf,data-set-9-files-12,1,other
EFTA00428403.pdf,data-set-9-files-12,1,other
EFTA00428404.pdf,data-set-9-files-12,1,other
EFTA00428405.pdf,data-set-9-files-12,2,email
EFTA00428407.pdf,data-set-9-files-12,3,email
EFTA00428410.pdf,data-set-9-files-12,3,email
EFTA00428413.pdf,data-set-9-files-12,1,email
EFTA00428414.pdf,data-set-9-files-12,3,email
EFTA00428417.pdf,data-set-9-files-12,4,email
EFTA00428421.pdf,data-set-9-files-12,1,email
EFTA00428422.pdf,data-set-9-files-12,4,email
EFTA00428426.pdf,data-set-9-files-12,4,email
EFTA00428430.pdf,data-set-9-files-12,1,email
EFTA00428431.pdf,data-set-9-files-12,1,email
EFTA00428432.pdf,data-set-9-files-12,1,email
EFTA00428433.pdf,data-set-9-files-12,1,other
EFTA00428434.pdf,data-set-9-files-12,1,other
EFTA00428435.pdf,data-set-9-files-12,1,other
EFTA00428436.pdf,data-set-9-files-12,1,other
EFTA00428437.pdf,data-set-9-files-12,1,other
EFTA00428438.pdf,data-set-9-files-12,1,other
EFTA00428439.pdf,data-set-9-files-12,1,other
EFTA00428440.pdf,data-set-9-files-12,1,other
EFTA00428441.pdf,data-set-9-files-12,2,email
EFTA00428443.pdf,data-set-9-files-12,1,email
EFTA00428444.pdf,data-set-9-files-12,2,email
EFTA00428446.pdf,data-set-9-files-12,1,email
EFTA00428447.pdf,data-set-9-files-12,1,email
EFTA00428448.pdf,data-set-9-files-12,2,email
EFTA00428450.pdf,data-set-9-files-12,1,other
EFTA00428451.pdf,data-set-9-files-12,1,other
EFTA00428452.pdf,data-set-9-files-12,1,other
EFTA00428453.pdf,data-set-9-files-12,1,email
EFTA00428454.pdf,data-set-9-files-12,2,email
EFTA00428456.pdf,data-set-9-files-12,1,email
EFTA00428457.pdf,data-set-9-files-12,1,other
EFTA00428458.pdf,data-set-9-files-12,1,other
EFTA00428459.pdf,data-set-9-files-12,1,other
EFTA00428460.pdf,data-set-9-files-12,1,other
EFTA00428461.pdf,data-set-9-files-12,1,email
EFTA00428462.pdf,data-set-9-files-12,1,email
EFTA00428463.pdf,data-set-9-files-12,1,email
EFTA00428464.pdf,data-set-9-files-12,1,other
EFTA00428465.pdf,data-set-9-files-12,2,email
EFTA00428467.pdf,data-set-9-files-12,2,email
EFTA00428469.pdf,data-set-9-files-12,1,email
EFTA00428470.pdf,data-set-9-files-12,1,email
EFTA00428471.pdf,data-set-9-files-12,2,email
EFTA00428473.pdf,data-set-9-files-12,2,email
EFTA00428475.pdf,data-set-9-files-12,2,email
EFTA00428477.pdf,data-set-9-files-12,1,email
EFTA00428478.pdf,data-set-9-files-12,1,email
EFTA00428479.pdf,data-set-9-files-12,1,other
EFTA00428480.pdf,data-set-9-files-12,1,other
EFTA00428481.pdf,data-set-9-files-12,1,other
EFTA00428482.pdf,data-set-9-files-12,2,email
EFTA00428484.pdf,data-set-9-files-12,1,email
EFTA00428485.pdf,data-set-9-files-12,1,email
EFTA00428486.pdf,data-set-9-files-12,1,email
EFTA00428487.pdf,data-set-9-files-12,1,email
EFTA00428488.pdf,data-set-9-files-12,1,email
EFTA00428489.pdf,data-set-9-files-12,1,email
EFTA00428490.pdf,data-set-9-files-12,1,email
EFTA00428491.pdf,data-set-9-files-12,2,email
EFTA00428493.pdf,data-set-9-files-12,1,other
EFTA00428494.pdf,data-set-9-files-12,2,email
EFTA00428496.pdf,data-set-9-files-12,1,other
EFTA00428497.pdf,data-set-9-files-12,1,email
EFTA00428498.pdf,data-set-9-files-12,1,other
EFTA00428499.pdf,data-set-9-files-12,1,email
EFTA00428500.pdf,data-set-9-files-12,1,email
EFTA00428501.pdf,data-set-9-files-12,1,email
EFTA00428502.pdf,data-set-9-files-12,1,email
EFTA00428503.pdf,data-set-9-files-12,1,email
EFTA00428504.pdf,data-set-9-files-12,1,email
EFTA00428505.pdf,data-set-9-files-12,1,other
EFTA00428506.pdf,data-set-9-files-12,1,other
EFTA00428507.pdf,data-set-9-files-12,1,email
EFTA00428508.pdf,data-set-9-files-12,1,email
EFTA00428509.pdf,data-set-9-files-12,1,email
EFTA00428510.pdf,data-set-9-files-12,1,email
EFTA00428511.pdf,data-set-9-files-12,1,email
EFTA00428512.pdf,data-set-9-files-12,1,email
EFTA00428513.pdf,data-set-9-files-12,1,other
EFTA00428514.pdf,data-set-9-files-12,1,email
EFTA00428515.pdf,data-set-9-files-12,1,email
EFTA00428516.pdf,data-set-9-files-12,1,email
EFTA00428517.pdf,data-set-9-files-12,1,email
EFTA00428518.pdf,data-set-9-files-12,1,email
EFTA00428519.pdf,data-set-9-files-12,1,email
EFTA00428520.pdf,data-set-9-files-12,1,email
EFTA00428521.pdf,data-set-9-files-12,1,email
EFTA00428522.pdf,data-set-9-files-12,1,email
EFTA00428523.pdf,data-set-9-files-12,1,email
EFTA00428524.pdf,data-set-9-files-12,1,email
EFTA00428525.pdf,data-set-9-files-12,1,email
EFTA00428526.pdf,data-set-9-files-12,1,email
EFTA00428527.pdf,data-set-9-files-12,1,email
EFTA00428528.pdf,data-set-9-files-12,1,email
EFTA00428529.pdf,data-set-9-files-12,2,email
EFTA00428531.pdf,data-set-9-files-12,1,email
EFTA00428532.pdf,data-set-9-files-12,1,email
EFTA00428533.pdf,data-set-9-files-12,1,email
EFTA00428534.pdf,data-set-9-files-12,1,email
EFTA00428535.pdf,data-set-9-files-12,3,email
EFTA00428538.pdf,data-set-9-files-12,1,other
EFTA00428539.pdf,data-set-9-files-12,3,email
EFTA00428542.pdf,data-set-9-files-12,1,other
EFTA00428543.pdf,data-set-9-files-12,1,email
EFTA00428544.pdf,data-set-9-files-12,1,email
EFTA00428545.pdf,data-set-9-files-12,1,email
EFTA00428546.pdf,data-set-9-files-12,1,email
EFTA00428547.pdf,data-set-9-files-12,1,other
EFTA00428548.pdf,data-set-9-files-12,1,other
EFTA00428549.pdf,data-set-9-files-12,1,email
EFTA00428550.pdf,data-set-9-files-12,1,email
EFTA00428551.pdf,data-set-9-files-12,1,email
EFTA00428552.pdf,data-set-9-files-12,1,email
EFTA00428553.pdf,data-set-9-files-12,1,email
EFTA00428554.pdf,data-set-9-files-12,1,email
EFTA00428555.pdf,data-set-9-files-12,1,email
EFTA00428556.pdf,data-set-9-files-12,1,email
EFTA00428557.pdf,data-set-9-files-12,1,email
EFTA00428558.pdf,data-set-9-files-12,2,email
EFTA00428560.pdf,data-set-9-files-12,1,other
EFTA00428561.pdf,data-set-9-files-12,1,other
EFTA00428562.pdf,data-set-9-files-12,1,email
EFTA00428563.pdf,data-set-9-files-12,1,other
EFTA00428564.pdf,data-set-9-files-12,1,other
EFTA00428565.pdf,data-set-9-files-12,1,other
EFTA00428566.pdf,data-set-9-files-12,2,email
EFTA00428568.pdf,data-set-9-files-12,2,email
EFTA00428570.pdf,data-set-9-files-12,1,email
EFTA00428571.pdf,data-set-9-files-12,1,email
EFTA00428572.pdf,data-set-9-files-12,1,other
EFTA00428573.pdf,data-set-9-files-12,1,other
EFTA00428574.pdf,data-set-9-files-12,2,email
EFTA00428576.pdf,data-set-9-files-12,1,email
EFTA00428577.pdf,data-set-9-files-12,1,email
EFTA00428578.pdf,data-set-9-files-12,1,other
EFTA00428579.pdf,data-set-9-files-12,2,email
EFTA00428581.pdf,data-set-9-files-12,1,email
EFTA00428582.pdf,data-set-9-files-12,2,email
EFTA00428584.pdf,data-set-9-files-12,1,other
EFTA00428585.pdf,data-set-9-files-12,1,other
EFTA00428586.pdf,data-set-9-files-12,1,other
EFTA00428587.pdf,data-set-9-files-12,1,email
EFTA00428588.pdf,data-set-9-files-12,1,email
EFTA00428589.pdf,data-set-9-files-12,2,email
EFTA00428591.pdf,data-set-9-files-12,1,email
EFTA00428592.pdf,data-set-9-files-12,1,email
EFTA00428593.pdf,data-set-9-files-12,2,email
EFTA00428595.pdf,data-set-9-files-12,1,email
EFTA00428596.pdf,data-set-9-files-12,2,email
EFTA00428598.pdf,data-set-9-files-12,1,email
EFTA00428599.pdf,data-set-9-files-12,1,email
EFTA00428600.pdf,data-set-9-files-12,2,email
EFTA00428602.pdf,data-set-9-files-12,2,email
EFTA00428604.pdf,data-set-9-files-12,1,email
EFTA00428605.pdf,data-set-9-files-12,1,email
EFTA00428606.pdf,data-set-9-files-12,1,other
EFTA00428607.pdf,data-set-9-files-12,1,email
EFTA00428608.pdf,data-set-9-files-12,1,other
EFTA00428609.pdf,data-set-9-files-12,1,other
EFTA00428610.pdf,data-set-9-files-12,2,email
EFTA00428612.pdf,data-set-9-files-12,1,email
EFTA00428613.pdf,data-set-9-files-12,1,other
EFTA00428614.pdf,data-set-9-files-12,1,other
EFTA00428615.pdf,data-set-9-files-12,1,email
EFTA00428616.pdf,data-set-9-files-12,1,email
EFTA00428617.pdf,data-set-9-files-12,2,email
EFTA00428619.pdf,data-set-9-files-12,1,email
EFTA00428620.pdf,data-set-9-files-12,1,email
EFTA00428621.pdf,data-set-9-files-12,1,other
EFTA00428622.pdf,data-set-9-files-12,1,other
EFTA00428623.pdf,data-set-9-files-12,1,other
EFTA00428624.pdf,data-set-9-files-12,1,email
EFTA00428625.pdf,data-set-9-files-12,1,email
EFTA00428626.pdf,data-set-9-files-12,1,email
EFTA00428627.pdf,data-set-9-files-12,1,email
EFTA00428628.pdf,data-set-9-files-12,1,email
EFTA00428629.pdf,data-set-9-files-12,1,email
EFTA00428630.pdf,data-set-9-files-12,1,email
EFTA00428631.pdf,data-set-9-files-12,3,email
EFTA00428634.pdf,data-set-9-files-12,1,email
EFTA00428635.pdf,data-set-9-files-12,1,email
EFTA00428636.pdf,data-set-9-files-12,1,email
EFTA00428637.pdf,data-set-9-files-12,1,email
EFTA00428638.pdf,data-set-9-files-12,1,email
EFTA00428639.pdf,data-set-9-files-12,1,email
EFTA00428640.pdf,data-set-9-files-12,1,email
EFTA00428641.pdf,data-set-9-files-12,1,email
EFTA00428642.pdf,data-set-9-files-12,1,email
EFTA00428643.pdf,data-set-9-files-12,1,email
EFTA00428644.pdf,data-set-9-files-12,1,email
EFTA00428645.pdf,data-set-9-files-12,2,email
EFTA00428647.pdf,data-set-9-files-12,1,email
EFTA00428648.pdf,data-set-9-files-12,2,email
EFTA00428650.pdf,data-set-9-files-12,2,email
EFTA00428652.pdf,data-set-9-files-12,1,email
EFTA00428653.pdf,data-set-9-files-12,1,email
EFTA00428654.pdf,data-set-9-files-12,1,email
EFTA00428655.pdf,data-set-9-files-12,1,email
EFTA00428656.pdf,data-set-9-files-12,1,email
EFTA00428657.pdf,data-set-9-files-12,1,email
EFTA00428658.pdf,data-set-9-files-12,5,email
EFTA00428663.pdf,data-set-9-files-12,1,email
EFTA00428664.pdf,data-set-9-files-12,1,email
EFTA00428665.pdf,data-set-9-files-12,1,email
EFTA00428666.pdf,data-set-9-files-12,1,other
EFTA00428667.pdf,data-set-9-files-12,1,email
EFTA00428668.pdf,data-set-9-files-12,1,email
EFTA00428669.pdf,data-set-9-files-12,1,other
EFTA00428670.pdf,data-set-9-files-12,1,other
EFTA00428671.pdf,data-set-9-files-12,1,other
EFTA00428672.pdf,data-set-9-files-12,1,other
EFTA00428673.pdf,data-set-9-files-12,1,other
EFTA00428674.pdf,data-set-9-files-12,1,other
EFTA00428675.pdf,data-set-9-files-12,1,other
EFTA00428676.pdf,data-set-9-files-12,1,other
EFTA00428677.pdf,data-set-9-files-12,1,email
EFTA00428678.pdf,data-set-9-files-12,2,email
EFTA00428680.pdf,data-set-9-files-12,1,other
EFTA00428681.pdf,data-set-9-files-12,1,email
EFTA00428682.pdf,data-set-9-files-12,1,email
EFTA00428683.pdf,data-set-9-files-12,1,other
EFTA00428684.pdf,data-set-9-files-12,1,other
EFTA00428685.pdf,data-set-9-files-12,1,email
EFTA00428686.pdf,data-set-9-files-12,1,email
EFTA00428687.pdf,data-set-9-files-12,1,email
EFTA00428688.pdf,data-set-9-files-12,1,email
EFTA00428689.pdf,data-set-9-files-12,1,other
EFTA00428690.pdf,data-set-9-files-12,1,email
EFTA00428691.pdf,data-set-9-files-12,1,email
EFTA00428692.pdf,data-set-9-files-12,1,email
EFTA00428693.pdf,data-set-9-files-12,1,email
EFTA00428694.pdf,data-set-9-files-12,1,email
EFTA00428695.pdf,data-set-9-files-12,3,email
EFTA00428698.pdf,data-set-9-files-12,5,email
EFTA00428703.pdf,data-set-9-files-12,6,email
EFTA00428709.pdf,data-set-9-files-12,1,other
EFTA00428710.pdf,data-set-9-files-12,1,other
EFTA00428711.pdf,data-set-9-files-12,1,other
EFTA00428712.pdf,data-set-9-files-12,1,other
EFTA00428713.pdf,data-set-9-files-12,1,email
EFTA00428714.pdf,data-set-9-files-12,1,email
EFTA00428715.pdf,data-set-9-files-12,1,email
EFTA00428716.pdf,data-set-9-files-12,2,email
EFTA00428718.pdf,data-set-9-files-12,1,other
EFTA00428719.pdf,data-set-9-files-12,1,other
EFTA00428720.pdf,data-set-9-files-12,3,email
EFTA00428723.pdf,data-set-9-files-12,1,other
EFTA00428724.pdf,data-set-9-files-12,1,email
EFTA00428725.pdf,data-set-9-files-12,1,other
EFTA00428726.pdf,data-set-9-files-12,1,other
EFTA00428727.pdf,data-set-9-files-12,1,other
EFTA00428728.pdf,data-set-9-files-12,1,email
EFTA00428729.pdf,data-set-9-files-12,1,email
EFTA00428730.pdf,data-set-9-files-12,1,email
EFTA00428731.pdf,data-set-9-files-12,1,email
EFTA00428732.pdf,data-set-9-files-12,2,email
EFTA00428734.pdf,data-set-9-files-12,1,email
EFTA00428735.pdf,data-set-9-files-12,1,email
EFTA00428736.pdf,data-set-9-files-12,2,email
EFTA00428738.pdf,data-set-9-files-12,1,other
EFTA00428739.pdf,data-set-9-files-12,1,other
EFTA00428740.pdf,data-set-9-files-12,1,email
EFTA00428741.pdf,data-set-9-files-12,1,email
EFTA00428742.pdf,data-set-9-files-12,1,email
EFTA00428743.pdf,data-set-9-files-12,1,email
EFTA00428744.pdf,data-set-9-files-12,3,email
EFTA00428747.pdf,data-set-9-files-12,1,other
EFTA00428748.pdf,data-set-9-files-12,1,other
EFTA00428749.pdf,data-set-9-files-12,1,other
EFTA00428750.pdf,data-set-9-files-12,1,email
EFTA00428751.pdf,data-set-9-files-12,1,email
EFTA00428752.pdf,data-set-9-files-12,1,email
EFTA00428753.pdf,data-set-9-files-12,1,email
EFTA00428754.pdf,data-set-9-files-12,1,email
EFTA00428755.pdf,data-set-9-files-12,1,email
EFTA00428756.pdf,data-set-9-files-12,1,email
EFTA00428757.pdf,data-set-9-files-12,1,email
EFTA00428758.pdf,data-set-9-files-12,1,other
EFTA00428759.pdf,data-set-9-files-12,1,other
EFTA00428760.pdf,data-set-9-files-12,1,email
EFTA00428761.pdf,data-set-9-files-12,1,other
EFTA00428762.pdf,data-set-9-files-12,1,email
EFTA00428763.pdf,data-set-9-files-12,1,email
EFTA00428764.pdf,data-set-9-files-12,1,email
EFTA00428765.pdf,data-set-9-files-12,1,email
EFTA00428766.pdf,data-set-9-files-12,1,email
EFTA00428767.pdf,data-set-9-files-12,2,email
EFTA00428769.pdf,data-set-9-files-12,1,email
EFTA00428770.pdf,data-set-9-files-12,2,email
EFTA00428772.pdf,data-set-9-files-12,2,email
EFTA00428774.pdf,data-set-9-files-12,2,email
EFTA00428776.pdf,data-set-9-files-12,2,email
EFTA00428778.pdf,data-set-9-files-12,2,email
EFTA00428780.pdf,data-set-9-files-12,1,email
EFTA00428781.pdf,data-set-9-files-12,1,email
EFTA00428782.pdf,data-set-9-files-12,1,email
EFTA00428783.pdf,data-set-9-files-12,3,email
EFTA00428786.pdf,data-set-9-files-12,2,email
EFTA00428788.pdf,data-set-9-files-12,1,email
EFTA00428789.pdf,data-set-9-files-12,1,email
EFTA00428790.pdf,data-set-9-files-12,1,email
EFTA00428791.pdf,data-set-9-files-12,1,email
EFTA00428792.pdf,data-set-9-files-12,2,email
EFTA00428794.pdf,data-set-9-files-12,1,email
EFTA00428795.pdf,data-set-9-files-12,2,email
EFTA00428797.pdf,data-set-9-files-12,2,email
EFTA00428799.pdf,data-set-9-files-12,1,email
EFTA00428800.pdf,data-set-9-files-12,1,email
EFTA00428801.pdf,data-set-9-files-12,1,email
EFTA00428802.pdf,data-set-9-files-12,1,email
EFTA00428803.pdf,data-set-9-files-12,1,email
EFTA00428804.pdf,data-set-9-files-12,1,email
EFTA00428805.pdf,data-set-9-files-12,1,email
EFTA00428806.pdf,data-set-9-files-12,1,email
EFTA00428807.pdf,data-set-9-files-12,1,email
EFTA00428808.pdf,data-set-9-files-12,1,email
EFTA00428809.pdf,data-set-9-files-12,1,email
EFTA00428810.pdf,data-set-9-files-12,1,email
EFTA00428811.pdf,data-set-9-files-12,1,email
EFTA00428812.pdf,data-set-9-files-12,1,email
EFTA00428813.pdf,data-set-9-files-12,1,email
EFTA00428814.pdf,data-set-9-files-12,1,email
EFTA00428815.pdf,data-set-9-files-12,1,email
EFTA00428816.pdf,data-set-9-files-12,1,email
EFTA00428817.pdf,data-set-9-files-12,1,email
EFTA00428818.pdf,data-set-9-files-12,1,email
EFTA00428819.pdf,data-set-9-files-12,1,email
EFTA00428820.pdf,data-set-9-files-12,1,email
EFTA00428821.pdf,data-set-9-files-12,1,email
EFTA00428822.pdf,data-set-9-files-12,1,email
EFTA00428823.pdf,data-set-9-files-12,1,email
EFTA00428824.pdf,data-set-9-files-12,1,email
EFTA00428825.pdf,data-set-9-files-12,1,email
EFTA00428826.pdf,data-set-9-files-12,1,email
EFTA00428827.pdf,data-set-9-files-12,1,email
EFTA00428828.pdf,data-set-9-files-12,2,email
EFTA00428830.pdf,data-set-9-files-12,1,email
EFTA00428831.pdf,data-set-9-files-12,2,email
EFTA00428833.pdf,data-set-9-files-12,1,other
EFTA00428834.pdf,data-set-9-files-12,1,other
EFTA00428835.pdf,data-set-9-files-12,1,email
EFTA00428836.pdf,data-set-9-files-12,1,email
EFTA00428837.pdf,data-set-9-files-12,1,other
EFTA00428838.pdf,data-set-9-files-12,1,email
EFTA00428839.pdf,data-set-9-files-12,1,email
EFTA00428840.pdf,data-set-9-files-12,1,email
EFTA00428841.pdf,data-set-9-files-12,1,email
EFTA00428842.pdf,data-set-9-files-12,1,email
EFTA00428843.pdf,data-set-9-files-12,1,email
EFTA00428844.pdf,data-set-9-files-12,1,other
EFTA00428845.pdf,data-set-9-files-12,1,other
EFTA00428846.pdf,data-set-9-files-12,1,email
EFTA00428847.pdf,data-set-9-files-12,1,email
EFTA00428848.pdf,data-set-9-files-12,1,email
EFTA00428849.pdf,data-set-9-files-12,1,email
EFTA00428850.pdf,data-set-9-files-12,2,email
EFTA00428852.pdf,data-set-9-files-12,1,email
EFTA00428853.pdf,data-set-9-files-12,1,email
EFTA00428854.pdf,data-set-9-files-12,2,email
EFTA00428856.pdf,data-set-9-files-12,1,other
EFTA00428857.pdf,data-set-9-files-12,2,email
EFTA00428859.pdf,data-set-9-files-12,1,email
EFTA00428860.pdf,data-set-9-files-12,1,email
EFTA00428861.pdf,data-set-9-files-12,1,email
EFTA00428862.pdf,data-set-9-files-12,4,email
EFTA00428866.pdf,data-set-9-files-12,6,email
EFTA00428872.pdf,data-set-9-files-12,6,email
EFTA00428878.pdf,data-set-9-files-12,1,email
EFTA00428879.pdf,data-set-9-files-12,1,email
EFTA00428880.pdf,data-set-9-files-12,1,email
EFTA00428881.pdf,data-set-9-files-12,1,email
EFTA00428882.pdf,data-set-9-files-12,1,email
EFTA00428883.pdf,data-set-9-files-12,1,email
EFTA00428884.pdf,data-set-9-files-12,1,email
EFTA00428885.pdf,data-set-9-files-12,1,email
EFTA00428886.pdf,data-set-9-files-12,1,email
EFTA00428887.pdf,data-set-9-files-12,1,email
EFTA00428888.pdf,data-set-9-files-12,1,email
EFTA00428889.pdf,data-set-9-files-12,2,email
EFTA00428891.pdf,data-set-9-files-12,1,email
EFTA00428892.pdf,data-set-9-files-12,2,email
EFTA00428894.pdf,data-set-9-files-12,1,email
EFTA00428895.pdf,data-set-9-files-12,1,email
EFTA00428896.pdf,data-set-9-files-12,1,email
EFTA00428897.pdf,data-set-9-files-12,1,email
EFTA00428898.pdf,data-set-9-files-12,2,email
EFTA00428900.pdf,data-set-9-files-12,2,email
EFTA00428902.pdf,data-set-9-files-12,2,email
EFTA00428904.pdf,data-set-9-files-12,2,email
EFTA00428906.pdf,data-set-9-files-12,3,email
EFTA00428909.pdf,data-set-9-files-12,2,email
EFTA00428911.pdf,data-set-9-files-12,3,email
EFTA00428914.pdf,data-set-9-files-12,1,email
EFTA00428915.pdf,data-set-9-files-12,1,email
EFTA00428916.pdf,data-set-9-files-12,1,email
EFTA00428917.pdf,data-set-9-files-12,1,email
EFTA00428918.pdf,data-set-9-files-12,1,email
EFTA00428919.pdf,data-set-9-files-12,2,email
EFTA00428921.pdf,data-set-9-files-12,1,email
EFTA00428922.pdf,data-set-9-files-12,1,other
EFTA00428923.pdf,data-set-9-files-12,3,email
EFTA00428926.pdf,data-set-9-files-12,2,email
EFTA00428928.pdf,data-set-9-files-12,1,email
EFTA00428929.pdf,data-set-9-files-12,1,email
EFTA00428930.pdf,data-set-9-files-12,1,email
EFTA00428931.pdf,data-set-9-files-12,2,email
EFTA00428933.pdf,data-set-9-files-12,1,email
EFTA00428934.pdf,data-set-9-files-12,1,email
EFTA00428935.pdf,data-set-9-files-12,1,email
EFTA00428936.pdf,data-set-9-files-12,1,email
EFTA00428937.pdf,data-set-9-files-12,1,email
EFTA00428938.pdf,data-set-9-files-12,2,email
EFTA00428940.pdf,data-set-9-files-12,1,email
EFTA00428941.pdf,data-set-9-files-12,1,email
EFTA00428942.pdf,data-set-9-files-12,1,email
EFTA00428943.pdf,data-set-9-files-12,1,other
EFTA00428944.pdf,data-set-9-files-12,1,email
EFTA00428945.pdf,data-set-9-files-12,1,email
EFTA00428946.pdf,data-set-9-files-12,1,email
EFTA00428947.pdf,data-set-9-files-12,1,email
EFTA00428948.pdf,data-set-9-files-12,1,email
EFTA00428949.pdf,data-set-9-files-12,2,email
EFTA00428951.pdf,data-set-9-files-12,1,email
EFTA00428952.pdf,data-set-9-files-12,1,email
EFTA00428953.pdf,data-set-9-files-12,2,email
EFTA00428955.pdf,data-set-9-files-12,1,other
EFTA00428956.pdf,data-set-9-files-12,1,email
EFTA00428957.pdf,data-set-9-files-12,1,email
EFTA00428958.pdf,data-set-9-files-12,1,email
EFTA00428959.pdf,data-set-9-files-12,1,email
EFTA00428960.pdf,data-set-9-files-12,1,other
EFTA00428961.pdf,data-set-9-files-12,1,email
EFTA00428962.pdf,data-set-9-files-12,1,email
EFTA00428963.pdf,data-set-9-files-12,1,email
EFTA00428964.pdf,data-set-9-files-12,1,other
EFTA00428965.pdf,data-set-9-files-12,1,email
EFTA00428966.pdf,data-set-9-files-12,1,email
EFTA00428967.pdf,data-set-9-files-12,1,email
EFTA00428968.pdf,data-set-9-files-12,1,email
EFTA00428969.pdf,data-set-9-files-12,1,email
EFTA00428970.pdf,data-set-9-files-12,1,email
EFTA00428971.pdf,data-set-9-files-12,2,email
EFTA00428973.pdf,data-set-9-files-12,1,email
EFTA00428974.pdf,data-set-9-files-12,1,email
EFTA00428975.pdf,data-set-9-files-12,1,email
EFTA00428976.pdf,data-set-9-files-12,1,email
EFTA00428977.pdf,data-set-9-files-12,1,email
EFTA00428978.pdf,data-set-9-files-12,1,email
EFTA00428979.pdf,data-set-9-files-12,2,email
EFTA00428981.pdf,data-set-9-files-12,1,email
EFTA00428982.pdf,data-set-9-files-12,1,email
EFTA00428983.pdf,data-set-9-files-12,1,email
EFTA00428984.pdf,data-set-9-files-12,1,email
EFTA00428985.pdf,data-set-9-files-12,1,email
EFTA00428986.pdf,data-set-9-files-12,1,email
EFTA00428987.pdf,data-set-9-files-12,1,email
EFTA00428988.pdf,data-set-9-files-12,1,email
EFTA00428989.pdf,data-set-9-files-12,1,email
EFTA00428990.pdf,data-set-9-files-12,1,email
EFTA00428991.pdf,data-set-9-files-12,1,email
EFTA00428992.pdf,data-set-9-files-12,1,email
EFTA00428993.pdf,data-set-9-files-12,1,email
EFTA00428994.pdf,data-set-9-files-12,1,email
EFTA00428995.pdf,data-set-9-files-12,2,email
EFTA00428997.pdf,data-set-9-files-12,1,email
EFTA00428998.pdf,data-set-9-files-12,1,email
EFTA00428999.pdf,data-set-9-files-12,1,email
EFTA00429000.pdf,data-set-9-files-12,1,email
EFTA00429001.pdf,data-set-9-files-12,1,email
EFTA00429002.pdf,data-set-9-files-12,1,email
EFTA00429003.pdf,data-set-9-files-12,1,email
EFTA00429004.pdf,data-set-9-files-12,1,email
EFTA00429005.pdf,data-set-9-files-12,1,other
EFTA00429006.pdf,data-set-9-files-12,1,email
EFTA00429007.pdf,data-set-9-files-12,1,email
EFTA00429008.pdf,data-set-9-files-12,1,email
EFTA00429009.pdf,data-set-9-files-12,1,email
EFTA00429010.pdf,data-set-9-files-12,1,email
EFTA00429011.pdf,data-set-9-files-12,1,email
EFTA00429012.pdf,data-set-9-files-12,1,email
EFTA00429013.pdf,data-set-9-files-12,2,email
EFTA00429015.pdf,data-set-9-files-12,2,email
EFTA00429017.pdf,data-set-9-files-12,1,email
EFTA00429018.pdf,data-set-9-files-12,1,other
EFTA00429019.pdf,data-set-9-files-12,1,other
EFTA00429020.pdf,data-set-9-files-12,1,other
EFTA00429021.pdf,data-set-9-files-12,1,other
EFTA00429022.pdf,data-set-9-files-12,1,other
EFTA00429023.pdf,data-set-9-files-12,1,other
EFTA00429024.pdf,data-set-9-files-12,1,other
EFTA00429025.pdf,data-set-9-files-12,1,other
EFTA00429026.pdf,data-set-9-files-12,1,other
EFTA00429027.pdf,data-set-9-files-12,1,other
EFTA00429028.pdf,data-set-9-files-12,1,other
EFTA00429029.pdf,data-set-9-files-12,1,other
EFTA00429030.pdf,data-set-9-files-12,1,other
EFTA00429031.pdf,data-set-9-files-12,1,other
EFTA00429032.pdf,data-set-9-files-12,1,email
EFTA00429033.pdf,data-set-9-files-12,1,other
EFTA00429034.pdf,data-set-9-files-12,1,other
EFTA00429035.pdf,data-set-9-files-12,1,other
EFTA00429036.pdf,data-set-9-files-12,1,other
EFTA00429037.pdf,data-set-9-files-12,1,other
EFTA00429038.pdf,data-set-9-files-12,6,other
EFTA00429044.pdf,data-set-9-files-12,1,other
EFTA00429045.pdf,data-set-9-files-12,1,other
EFTA00429046.pdf,data-set-9-files-12,1,other
EFTA00429047.pdf,data-set-9-files-12,1,other
EFTA00429048.pdf,data-set-9-files-12,1,other
EFTA00429049.pdf,data-set-9-files-12,1,other
EFTA00429050.pdf,data-set-9-files-12,1,other
EFTA00429051.pdf,data-set-9-files-12,1,other
EFTA00429052.pdf,data-set-9-files-12,1,other
EFTA00429053.pdf,data-set-9-files-12,7,email
EFTA00429060.pdf,data-set-9-files-12,1,email
EFTA00429061.pdf,data-set-9-files-12,1,email
EFTA00429062.pdf,data-set-9-files-12,1,email
EFTA00429063.pdf,data-set-9-files-12,1,email
EFTA00429064.pdf,data-set-9-files-12,1,email
EFTA00429065.pdf,data-set-9-files-12,1,email
EFTA00429066.pdf,data-set-9-files-12,1,email
EFTA00429067.pdf,data-set-9-files-12,1,email
EFTA00429068.pdf,data-set-9-files-12,1,email
EFTA00429069.pdf,data-set-9-files-12,1,email
EFTA00429070.pdf,data-set-9-files-12,1,email
EFTA00429071.pdf,data-set-9-files-12,1,email
EFTA00429072.pdf,data-set-9-files-12,1,email
EFTA00429073.pdf,data-set-9-files-12,1,email
EFTA00429074.pdf,data-set-9-files-12,1,email
EFTA00429075.pdf,data-set-9-files-12,1,email
EFTA00429076.pdf,data-set-9-files-12,1,email
EFTA00429077.pdf,data-set-9-files-12,1,other
EFTA00429078.pdf,data-set-9-files-12,1,other
EFTA00429079.pdf,data-set-9-files-12,1,email
EFTA00429080.pdf,data-set-9-files-12,1,other
EFTA00429081.pdf,data-set-9-files-12,1,other
EFTA00429082.pdf,data-set-9-files-12,2,email
EFTA00429084.pdf,data-set-9-files-12,2,email
EFTA00429086.pdf,data-set-9-files-12,2,email
EFTA00429088.pdf,data-set-9-files-12,2,email
EFTA00429090.pdf,data-set-9-files-12,2,email
EFTA00429092.pdf,data-set-9-files-12,2,email
EFTA00429094.pdf,data-set-9-files-12,2,email
EFTA00429096.pdf,data-set-9-files-12,1,email
EFTA00429097.pdf,data-set-9-files-12,1,email
EFTA00429098.pdf,data-set-9-files-12,1,email
EFTA00429099.pdf,data-set-9-files-12,2,email
EFTA00429101.pdf,data-set-9-files-12,1,email
EFTA00429102.pdf,data-set-9-files-12,1,email
EFTA00429103.pdf,data-set-9-files-12,1,email
EFTA00429104.pdf,data-set-9-files-12,1,email
EFTA00429105.pdf,data-set-9-files-12,1,email
EFTA00429106.pdf,data-set-9-files-12,1,email
EFTA00429107.pdf,data-set-9-files-12,1,email
EFTA00429108.pdf,data-set-9-files-12,1,email
EFTA00429109.pdf,data-set-9-files-12,2,email
EFTA00429111.pdf,data-set-9-files-12,1,email
EFTA00429112.pdf,data-set-9-files-12,1,email
EFTA00429113.pdf,data-set-9-files-12,2,email
EFTA00429115.pdf,data-set-9-files-12,1,email
EFTA00429116.pdf,data-set-9-files-12,2,email
EFTA00429118.pdf,data-set-9-files-12,1,email
EFTA00429119.pdf,data-set-9-files-12,2,email
EFTA00429121.pdf,data-set-9-files-12,1,email
EFTA00429122.pdf,data-set-9-files-12,1,email
EFTA00429123.pdf,data-set-9-files-12,1,email
EFTA00429124.pdf,data-set-9-files-12,2,email
EFTA00429126.pdf,data-set-9-files-12,2,email
EFTA00429128.pdf,data-set-9-files-12,2,email
EFTA00429130.pdf,data-set-9-files-12,1,email
EFTA00429131.pdf,data-set-9-files-12,3,email
EFTA00429134.pdf,data-set-9-files-12,3,email
EFTA00429137.pdf,data-set-9-files-12,1,email
EFTA00429138.pdf,data-set-9-files-12,2,email
EFTA00429140.pdf,data-set-9-files-12,3,email
EFTA00429143.pdf,data-set-9-files-12,2,email
EFTA00429145.pdf,data-set-9-files-12,4,email
EFTA00429149.pdf,data-set-9-files-12,4,email
EFTA00429153.pdf,data-set-9-files-12,4,email
EFTA00429157.pdf,data-set-9-files-12,4,email
EFTA00429161.pdf,data-set-9-files-12,1,email
EFTA00429162.pdf,data-set-9-files-12,1,email
EFTA00429163.pdf,data-set-9-files-12,1,email
EFTA00429164.pdf,data-set-9-files-12,1,email
EFTA00429165.pdf,data-set-9-files-12,5,email
EFTA00429170.pdf,data-set-9-files-12,5,email
EFTA00429175.pdf,data-set-9-files-12,2,email
EFTA00429177.pdf,data-set-9-files-12,1,other
EFTA00429178.pdf,data-set-9-files-12,1,email
EFTA00429179.pdf,data-set-9-files-12,2,email
EFTA00429181.pdf,data-set-9-files-12,2,email
EFTA00429183.pdf,data-set-9-files-12,1,email
EFTA00429184.pdf,data-set-9-files-12,2,email
EFTA00429186.pdf,data-set-9-files-12,2,email
EFTA00429188.pdf,data-set-9-files-12,2,email
EFTA00429190.pdf,data-set-9-files-12,1,email
EFTA00429191.pdf,data-set-9-files-12,1,email
EFTA00429192.pdf,data-set-9-files-12,1,email
EFTA00429193.pdf,data-set-9-files-12,1,email
EFTA00429194.pdf,data-set-9-files-12,1,email
EFTA00429195.pdf,data-set-9-files-12,1,email
EFTA00429196.pdf,data-set-9-files-12,2,email
EFTA00429198.pdf,data-set-9-files-12,2,email
EFTA00429200.pdf,data-set-9-files-12,1,email
EFTA00429201.pdf,data-set-9-files-12,1,email
EFTA00429202.pdf,data-set-9-files-12,1,email
EFTA00429203.pdf,data-set-9-files-12,1,other
EFTA00429204.pdf,data-set-9-files-12,2,email
EFTA00429206.pdf,data-set-9-files-12,1,email
EFTA00429207.pdf,data-set-9-files-12,1,email
EFTA00429208.pdf,data-set-9-files-12,1,email
EFTA00429209.pdf,data-set-9-files-12,1,email
EFTA00429210.pdf,data-set-9-files-12,1,email
EFTA00429211.pdf,data-set-9-files-12,1,email
EFTA00429212.pdf,data-set-9-files-12,1,email
EFTA00429213.pdf,data-set-9-files-12,1,email
EFTA00429214.pdf,data-set-9-files-12,1,email
EFTA00429215.pdf,data-set-9-files-12,1,email
EFTA00429216.pdf,data-set-9-files-12,1,email
EFTA00429217.pdf,data-set-9-files-12,1,email
EFTA00429218.pdf,data-set-9-files-12,2,email
EFTA00429220.pdf,data-set-9-files-12,2,email
EFTA00429222.pdf,data-set-9-files-12,2,email
EFTA00429224.pdf,data-set-9-files-12,2,email
EFTA00429226.pdf,data-set-9-files-12,2,email
EFTA00429228.pdf,data-set-9-files-12,2,email
EFTA00429230.pdf,data-set-9-files-12,2,email
EFTA00429232.pdf,data-set-9-files-12,2,email
EFTA00429234.pdf,data-set-9-files-12,2,email
EFTA00429236.pdf,data-set-9-files-12,2,email
EFTA00429238.pdf,data-set-9-files-12,3,email
EFTA00429241.pdf,data-set-9-files-12,2,email
EFTA00429243.pdf,data-set-9-files-12,3,email
EFTA00429246.pdf,data-set-9-files-12,2,email
EFTA00429248.pdf,data-set-9-files-12,3,email
EFTA00429251.pdf,data-set-9-files-12,3,email
EFTA00429254.pdf,data-set-9-files-12,3,email
EFTA00429257.pdf,data-set-9-files-12,3,email
EFTA00429260.pdf,data-set-9-files-12,3,email
EFTA00429263.pdf,data-set-9-files-12,3,email
EFTA00429266.pdf,data-set-9-files-12,3,email
EFTA00429269.pdf,data-set-9-files-12,3,email
EFTA00429272.pdf,data-set-9-files-12,3,email
EFTA00429275.pdf,data-set-9-files-12,3,email
EFTA00429278.pdf,data-set-9-files-12,3,email
EFTA00429281.pdf,data-set-9-files-12,4,email
EFTA00429285.pdf,data-set-9-files-12,1,email
EFTA00429286.pdf,data-set-9-files-12,1,email
EFTA00429287.pdf,data-set-9-files-12,2,email
EFTA00429289.pdf,data-set-9-files-12,4,email
EFTA00429293.pdf,data-set-9-files-12,1,email
EFTA00429294.pdf,data-set-9-files-12,1,email
EFTA00429295.pdf,data-set-9-files-12,1,email
EFTA00429296.pdf,data-set-9-files-12,1,email
EFTA00429297.pdf,data-set-9-files-12,1,email
EFTA00429298.pdf,data-set-9-files-12,1,email
EFTA00429299.pdf,data-set-9-files-12,1,email
EFTA00429300.pdf,data-set-9-files-12,1,email
EFTA00429301.pdf,data-set-9-files-12,1,other
EFTA00429302.pdf,data-set-9-files-12,1,email
EFTA00429303.pdf,data-set-9-files-12,1,email
EFTA00429304.pdf,data-set-9-files-12,4,email
EFTA00429308.pdf,data-set-9-files-12,4,email
EFTA00429312.pdf,data-set-9-files-12,1,email
EFTA00429313.pdf,data-set-9-files-12,2,email
EFTA00429315.pdf,data-set-9-files-12,1,email
EFTA00429316.pdf,data-set-9-files-12,1,email
EFTA00429317.pdf,data-set-9-files-12,2,email
EFTA00429319.pdf,data-set-9-files-12,1,email
EFTA00429320.pdf,data-set-9-files-12,1,email
EFTA00429321.pdf,data-set-9-files-12,3,email
EFTA00429324.pdf,data-set-9-files-12,1,email
EFTA00429325.pdf,data-set-9-files-12,2,email
EFTA00429327.pdf,data-set-9-files-12,1,other
EFTA00429328.pdf,data-set-9-files-12,1,email
EFTA00429329.pdf,data-set-9-files-12,1,email
EFTA00429330.pdf,data-set-9-files-12,1,email
EFTA00429331.pdf,data-set-9-files-12,2,email
EFTA00429333.pdf,data-set-9-files-12,2,email
EFTA00429335.pdf,data-set-9-files-12,1,other
EFTA00429336.pdf,data-set-9-files-12,1,other
EFTA00429337.pdf,data-set-9-files-12,1,email
EFTA00429338.pdf,data-set-9-files-12,1,email
EFTA00429339.pdf,data-set-9-files-12,1,email
EFTA00429340.pdf,data-set-9-files-12,1,email
EFTA00429341.pdf,data-set-9-files-12,1,email
EFTA00429342.pdf,data-set-9-files-12,3,email
EFTA00429345.pdf,data-set-9-files-12,2,email
EFTA00429347.pdf,data-set-9-files-12,2,email
EFTA00429349.pdf,data-set-9-files-12,2,email
EFTA00429351.pdf,data-set-9-files-12,1,email
EFTA00429352.pdf,data-set-9-files-12,1,other
EFTA00429353.pdf,data-set-9-files-12,1,other
EFTA00429354.pdf,data-set-9-files-12,2,email
EFTA00429356.pdf,data-set-9-files-12,1,email
EFTA00429357.pdf,data-set-9-files-12,1,email
EFTA00429358.pdf,data-set-9-files-12,1,email
EFTA00429359.pdf,data-set-9-files-12,1,email
EFTA00429360.pdf,data-set-9-files-12,1,email
EFTA00429361.pdf,data-set-9-files-12,1,email
EFTA00429362.pdf,data-set-9-files-12,1,email
EFTA00429363.pdf,data-set-9-files-12,1,email
EFTA00429364.pdf,data-set-9-files-12,5,email
EFTA00429369.pdf,data-set-9-files-12,1,email
EFTA00429370.pdf,data-set-9-files-12,1,other
EFTA00429371.pdf,data-set-9-files-12,1,other
EFTA00429372.pdf,data-set-9-files-12,1,email
EFTA00429373.pdf,data-set-9-files-12,1,email
EFTA00429374.pdf,data-set-9-files-12,1,email
EFTA00429375.pdf,data-set-9-files-12,3,email
EFTA00429378.pdf,data-set-9-files-12,2,email
EFTA00429380.pdf,data-set-9-files-12,1,email
EFTA00429381.pdf,data-set-9-files-12,1,email
EFTA00429382.pdf,data-set-9-files-12,1,email
EFTA00429383.pdf,data-set-9-files-12,1,email
EFTA00429384.pdf,data-set-9-files-12,1,email
EFTA00429385.pdf,data-set-9-files-12,1,email
EFTA00429386.pdf,data-set-9-files-12,1,email
EFTA00429387.pdf,data-set-9-files-12,1,email
EFTA00429388.pdf,data-set-9-files-12,1,email
EFTA00429389.pdf,data-set-9-files-12,6,email
EFTA00429395.pdf,data-set-9-files-12,1,email
EFTA00429396.pdf,data-set-9-files-12,1,email
EFTA00429397.pdf,data-set-9-files-12,1,other
EFTA00429398.pdf,data-set-9-files-12,1,email
EFTA00429399.pdf,data-set-9-files-12,1,email
EFTA00429400.pdf,data-set-9-files-12,2,email
EFTA00429402.pdf,data-set-9-files-12,2,email
EFTA00429404.pdf,data-set-9-files-12,1,email
EFTA00429405.pdf,data-set-9-files-12,1,email
EFTA00429406.pdf,data-set-9-files-12,2,email
EFTA00429408.pdf,data-set-9-files-12,1,email
EFTA00429409.pdf,data-set-9-files-12,1,email
EFTA00429410.pdf,data-set-9-files-12,1,email
EFTA00429411.pdf,data-set-9-files-12,1,email
EFTA00429412.pdf,data-set-9-files-12,1,email
EFTA00429413.pdf,data-set-9-files-12,1,email
EFTA00429414.pdf,data-set-9-files-12,2,email
EFTA00429416.pdf,data-set-9-files-12,2,email
EFTA00429418.pdf,data-set-9-files-12,1,email
EFTA00429419.pdf,data-set-9-files-12,1,email
EFTA00429420.pdf,data-set-9-files-12,2,email
EFTA00429422.pdf,data-set-9-files-12,1,email
EFTA00429423.pdf,data-set-9-files-12,1,email
EFTA00429424.pdf,data-set-9-files-12,1,email
EFTA00429425.pdf,data-set-9-files-12,1,email
EFTA00429426.pdf,data-set-9-files-12,1,email
EFTA00429427.pdf,data-set-9-files-12,1,email
EFTA00429428.pdf,data-set-9-files-12,1,email
EFTA00429429.pdf,data-set-9-files-12,1,email
EFTA00429430.pdf,data-set-9-files-12,1,email
EFTA00429431.pdf,data-set-9-files-12,1,email
EFTA00429432.pdf,data-set-9-files-12,1,email
EFTA00429433.pdf,data-set-9-files-12,1,email
EFTA00429434.pdf,data-set-9-files-12,1,email
EFTA00429435.pdf,data-set-9-files-12,2,email
EFTA00429437.pdf,data-set-9-files-12,2,email
EFTA00429439.pdf,data-set-9-files-12,2,email
EFTA00429441.pdf,data-set-9-files-12,1,email
EFTA00429442.pdf,data-set-9-files-12,1,email
EFTA00429443.pdf,data-set-9-files-12,2,email
EFTA00429445.pdf,data-set-9-files-12,1,email
EFTA00429446.pdf,data-set-9-files-12,1,email
EFTA00429447.pdf,data-set-9-files-12,1,email
EFTA00429448.pdf,data-set-9-files-12,1,email
EFTA00429449.pdf,data-set-9-files-12,1,email
EFTA00429450.pdf,data-set-9-files-12,1,email
EFTA00429451.pdf,data-set-9-files-12,1,email
EFTA00429452.pdf,data-set-9-files-12,1,email
EFTA00429453.pdf,data-set-9-files-12,1,email
EFTA00429454.pdf,data-set-9-files-12,1,email
EFTA00429455.pdf,data-set-9-files-12,1,email
EFTA00429456.pdf,data-set-9-files-12,1,email
EFTA00429457.pdf,data-set-9-files-12,1,email
EFTA00429458.pdf,data-set-9-files-12,1,email
EFTA00429459.pdf,data-set-9-files-12,1,email
EFTA00429460.pdf,data-set-9-files-12,1,email
EFTA00429461.pdf,data-set-9-files-12,2,email
EFTA00429463.pdf,data-set-9-files-12,1,email
EFTA00429464.pdf,data-set-9-files-12,2,email
EFTA00429466.pdf,data-set-9-files-12,1,email
EFTA00429467.pdf,data-set-9-files-12,2,email
EFTA00429469.pdf,data-set-9-files-12,1,email
EFTA00429470.pdf,data-set-9-files-12,2,email
EFTA00429472.pdf,data-set-9-files-12,1,email
EFTA00429473.pdf,data-set-9-files-12,2,email
EFTA00429475.pdf,data-set-9-files-12,1,email
EFTA00429476.pdf,data-set-9-files-12,1,email
EFTA00429477.pdf,data-set-9-files-12,1,email
EFTA00429478.pdf,data-set-9-files-12,1,email
EFTA00429479.pdf,data-set-9-files-12,1,email
EFTA00429480.pdf,data-set-9-files-12,1,email
EFTA00429481.pdf,data-set-9-files-12,1,email
EFTA00429482.pdf,data-set-9-files-12,1,email
EFTA00429483.pdf,data-set-9-files-12,2,email
EFTA00429485.pdf,data-set-9-files-12,1,email
EFTA00429486.pdf,data-set-9-files-12,1,email
EFTA00429487.pdf,data-set-9-files-12,1,email
EFTA00429488.pdf,data-set-9-files-12,1,email
EFTA00429489.pdf,data-set-9-files-12,2,email
EFTA00429491.pdf,data-set-9-files-12,1,email
EFTA00429492.pdf,data-set-9-files-12,1,email
EFTA00429493.pdf,data-set-9-files-12,1,other
EFTA00429494.pdf,data-set-9-files-12,1,email
EFTA00429495.pdf,data-set-9-files-12,1,email
EFTA00429496.pdf,data-set-9-files-12,1,email
EFTA00429497.pdf,data-set-9-files-12,3,email
EFTA00429500.pdf,data-set-9-files-12,3,email
EFTA00429503.pdf,data-set-9-files-12,4,email
EFTA00429507.pdf,data-set-9-files-12,1,email
EFTA00429508.pdf,data-set-9-files-12,1,email
EFTA00429509.pdf,data-set-9-files-12,1,email
EFTA00429510.pdf,data-set-9-files-12,1,email
EFTA00429511.pdf,data-set-9-files-12,2,email
EFTA00429513.pdf,data-set-9-files-12,1,email
EFTA00429514.pdf,data-set-9-files-12,2,email
EFTA00429516.pdf,data-set-9-files-12,2,email
EFTA00429518.pdf,data-set-9-files-12,2,email
EFTA00429520.pdf,data-set-9-files-12,1,email
EFTA00429521.pdf,data-set-9-files-12,1,email
EFTA00429522.pdf,data-set-9-files-12,2,email
EFTA00429524.pdf,data-set-9-files-12,1,email
EFTA00429525.pdf,data-set-9-files-12,3,email
EFTA00429528.pdf,data-set-9-files-12,3,email
EFTA00429531.pdf,data-set-9-files-12,1,email
EFTA00429532.pdf,data-set-9-files-12,3,email
EFTA00429535.pdf,data-set-9-files-12,2,email
EFTA00429537.pdf,data-set-9-files-12,1,email
EFTA00429538.pdf,data-set-9-files-12,2,email
EFTA00429540.pdf,data-set-9-files-12,1,other
EFTA00429541.pdf,data-set-9-files-12,1,email
EFTA00429542.pdf,data-set-9-files-12,1,email
EFTA00429543.pdf,data-set-9-files-12,1,other
EFTA00429544.pdf,data-set-9-files-12,2,email
EFTA00429546.pdf,data-set-9-files-12,2,email
EFTA00429548.pdf,data-set-9-files-12,2,email
EFTA00429550.pdf,data-set-9-files-12,2,email
EFTA00429552.pdf,data-set-9-files-12,1,email
EFTA00429553.pdf,data-set-9-files-12,1,email
EFTA00429554.pdf,data-set-9-files-12,1,other
EFTA00429555.pdf,data-set-9-files-12,1,email
EFTA00429556.pdf,data-set-9-files-12,1,email
EFTA00429557.pdf,data-set-9-files-12,1,email
EFTA00429558.pdf,data-set-9-files-12,3,email
EFTA00429561.pdf,data-set-9-files-12,3,email
EFTA00429564.pdf,data-set-9-files-12,4,email
EFTA00429568.pdf,data-set-9-files-12,1,email
EFTA00429569.pdf,data-set-9-files-12,1,email
EFTA00429570.pdf,data-set-9-files-12,1,email
EFTA00429571.pdf,data-set-9-files-12,1,email
EFTA00429572.pdf,data-set-9-files-12,2,email
EFTA00429574.pdf,data-set-9-files-12,1,other
EFTA00429575.pdf,data-set-9-files-12,1,email
EFTA00429576.pdf,data-set-9-files-12,3,email
EFTA00429579.pdf,data-set-9-files-12,1,email
EFTA00429580.pdf,data-set-9-files-12,1,email
EFTA00429581.pdf,data-set-9-files-12,1,email
EFTA00429582.pdf,data-set-9-files-12,1,email
EFTA00429583.pdf,data-set-9-files-12,1,email
EFTA00429584.pdf,data-set-9-files-12,1,email
EFTA00429585.pdf,data-set-9-files-12,1,email
EFTA00429586.pdf,data-set-9-files-12,1,other
EFTA00429587.pdf,data-set-9-files-12,1,other
EFTA00429588.pdf,data-set-9-files-12,1,email
EFTA00429589.pdf,data-set-9-files-12,1,email
EFTA00429590.pdf,data-set-9-files-12,2,email
EFTA00429592.pdf,data-set-9-files-12,3,email
EFTA00429595.pdf,data-set-9-files-12,2,email
EFTA00429597.pdf,data-set-9-files-12,2,email
EFTA00429599.pdf,data-set-9-files-12,1,email
EFTA00429600.pdf,data-set-9-files-12,1,email
EFTA00429601.pdf,data-set-9-files-12,1,email
EFTA00429602.pdf,data-set-9-files-12,3,email
EFTA00429605.pdf,data-set-9-files-12,1,email
EFTA00429606.pdf,data-set-9-files-12,3,email
EFTA00429609.pdf,data-set-9-files-12,1,email
EFTA00429610.pdf,data-set-9-files-12,2,email
EFTA00429612.pdf,data-set-9-files-12,1,email
EFTA00429613.pdf,data-set-9-files-12,1,other
EFTA00429614.pdf,data-set-9-files-12,1,email
EFTA00429615.pdf,data-set-9-files-12,1,email
EFTA00429616.pdf,data-set-9-files-12,1,email
EFTA00429617.pdf,data-set-9-files-12,1,email
EFTA00429618.pdf,data-set-9-files-12,1,email
EFTA00429619.pdf,data-set-9-files-12,1,email
EFTA00429620.pdf,data-set-9-files-12,1,email
EFTA00429621.pdf,data-set-9-files-12,3,email
EFTA00429624.pdf,data-set-9-files-12,1,email
EFTA00429625.pdf,data-set-9-files-12,1,email
EFTA00429626.pdf,data-set-9-files-12,1,email
EFTA00429627.pdf,data-set-9-files-12,1,email
EFTA00429628.pdf,data-set-9-files-12,2,email
EFTA00429630.pdf,data-set-9-files-12,1,email
EFTA00429631.pdf,data-set-9-files-12,1,email
EFTA00429632.pdf,data-set-9-files-12,2,email
EFTA00429634.pdf,data-set-9-files-12,1,email
EFTA00429635.pdf,data-set-9-files-12,3,email
EFTA00429638.pdf,data-set-9-files-12,1,email
EFTA00429639.pdf,data-set-9-files-12,1,email
EFTA00429640.pdf,data-set-9-files-12,3,email
EFTA00429643.pdf,data-set-9-files-12,4,email
EFTA00429647.pdf,data-set-9-files-12,4,email
EFTA00429651.pdf,data-set-9-files-12,1,other
EFTA00429652.pdf,data-set-9-files-12,1,other
EFTA00429653.pdf,data-set-9-files-12,1,other
EFTA00429654.pdf,data-set-9-files-12,1,other
EFTA00429655.pdf,data-set-9-files-12,1,email
EFTA00429656.pdf,data-set-9-files-12,1,email
EFTA00429657.pdf,data-set-9-files-12,2,email
EFTA00429659.pdf,data-set-9-files-12,2,email
EFTA00429661.pdf,data-set-9-files-12,5,email
EFTA00429666.pdf,data-set-9-files-12,2,email
EFTA00429668.pdf,data-set-9-files-12,1,email
EFTA00429669.pdf,data-set-9-files-12,1,email
EFTA00429670.pdf,data-set-9-files-12,1,email
EFTA00429671.pdf,data-set-9-files-12,1,email
EFTA00429672.pdf,data-set-9-files-12,1,email
EFTA00429673.pdf,data-set-9-files-12,1,email
EFTA00429674.pdf,data-set-9-files-12,2,email
EFTA00429676.pdf,data-set-9-files-12,3,email
EFTA00429679.pdf,data-set-9-files-12,2,email
EFTA00429681.pdf,data-set-9-files-12,3,email
EFTA00429684.pdf,data-set-9-files-12,1,email
EFTA00429685.pdf,data-set-9-files-12,1,email
EFTA00429686.pdf,data-set-9-files-12,2,email
EFTA00429688.pdf,data-set-9-files-12,1,email
EFTA00429689.pdf,data-set-9-files-12,1,email
EFTA00429690.pdf,data-set-9-files-12,2,email
EFTA00429692.pdf,data-set-9-files-12,2,email
EFTA00429694.pdf,data-set-9-files-12,1,email
EFTA00429695.pdf,data-set-9-files-12,1,email
EFTA00429696.pdf,data-set-9-files-12,1,email
EFTA00429697.pdf,data-set-9-files-12,1,email
EFTA00429698.pdf,data-set-9-files-12,2,email
EFTA00429700.pdf,data-set-9-files-12,1,other
EFTA00429701.pdf,data-set-9-files-12,1,email
EFTA00429702.pdf,data-set-9-files-12,2,email
EFTA00429704.pdf,data-set-9-files-12,2,email
EFTA00429706.pdf,data-set-9-files-12,2,email
EFTA00429708.pdf,data-set-9-files-12,2,email
EFTA00429710.pdf,data-set-9-files-12,1,email
EFTA00429711.pdf,data-set-9-files-12,1,email
EFTA00429712.pdf,data-set-9-files-12,1,email
EFTA00429713.pdf,data-set-9-files-12,1,email
EFTA00429714.pdf,data-set-9-files-12,1,email
EFTA00429715.pdf,data-set-9-files-12,1,email
EFTA00429716.pdf,data-set-9-files-12,1,email
EFTA00429717.pdf,data-set-9-files-12,1,email
EFTA00429718.pdf,data-set-9-files-12,1,email
EFTA00429719.pdf,data-set-9-files-12,1,email
EFTA00429720.pdf,data-set-9-files-12,1,email
EFTA00429721.pdf,data-set-9-files-12,1,email
EFTA00429722.pdf,data-set-9-files-12,1,email
EFTA00429723.pdf,data-set-9-files-12,1,email
EFTA00429724.pdf,data-set-9-files-12,1,other
EFTA00429725.pdf,data-set-9-files-12,1,other
EFTA00429726.pdf,data-set-9-files-12,1,other
EFTA00429727.pdf,data-set-9-files-12,2,email
EFTA00429729.pdf,data-set-9-files-12,1,email
EFTA00429730.pdf,data-set-9-files-12,1,email
EFTA00429731.pdf,data-set-9-files-12,3,email
EFTA00429734.pdf,data-set-9-files-12,1,email
EFTA00429735.pdf,data-set-9-files-12,1,email
EFTA00429736.pdf,data-set-9-files-12,1,email
EFTA00429737.pdf,data-set-9-files-12,2,email
EFTA00429739.pdf,data-set-9-files-12,2,email
EFTA00429741.pdf,data-set-9-files-12,2,email
EFTA00429743.pdf,data-set-9-files-12,2,email
EFTA00429745.pdf,data-set-9-files-12,2,email
EFTA00429747.pdf,data-set-9-files-12,4,email
EFTA00429751.pdf,data-set-9-files-12,4,email
EFTA00429755.pdf,data-set-9-files-12,2,email
EFTA00429757.pdf,data-set-9-files-12,2,email
EFTA00429759.pdf,data-set-9-files-12,2,email
EFTA00429761.pdf,data-set-9-files-12,2,email
EFTA00429763.pdf,data-set-9-files-12,2,email
EFTA00429765.pdf,data-set-9-files-12,4,email
EFTA00429769.pdf,data-set-9-files-12,3,email
EFTA00429772.pdf,data-set-9-files-12,5,email
EFTA00429777.pdf,data-set-9-files-12,5,email
EFTA00429782.pdf,data-set-9-files-12,2,email
EFTA00429784.pdf,data-set-9-files-12,1,email
EFTA00429785.pdf,data-set-9-files-12,1,other
EFTA00429786.pdf,data-set-9-files-12,1,other
EFTA00429787.pdf,data-set-9-files-12,1,other
EFTA00429788.pdf,data-set-9-files-12,2,email
EFTA00429790.pdf,data-set-9-files-12,1,email
EFTA00429791.pdf,data-set-9-files-12,1,email
EFTA00429792.pdf,data-set-9-files-12,1,email
EFTA00429793.pdf,data-set-9-files-12,2,email
EFTA00429795.pdf,data-set-9-files-12,1,email
EFTA00429796.pdf,data-set-9-files-12,3,email
EFTA00429799.pdf,data-set-9-files-12,2,email
EFTA00429801.pdf,data-set-9-files-12,1,email
EFTA00429802.pdf,data-set-9-files-12,4,other
EFTA00429806.pdf,data-set-9-files-12,1,other
EFTA00429807.pdf,data-set-9-files-12,1,email
EFTA00429808.pdf,data-set-9-files-12,1,email
EFTA00429809.pdf,data-set-9-files-12,1,email
EFTA00429810.pdf,data-set-9-files-12,2,email
EFTA00429812.pdf,data-set-9-files-12,2,email
EFTA00429814.pdf,data-set-9-files-12,1,email
EFTA00429815.pdf,data-set-9-files-12,1,email
EFTA00429816.pdf,data-set-9-files-12,1,email
EFTA00429817.pdf,data-set-9-files-12,1,email
EFTA00429818.pdf,data-set-9-files-12,1,email
EFTA00429819.pdf,data-set-9-files-12,3,email
EFTA00429822.pdf,data-set-9-files-12,1,email
EFTA00429823.pdf,data-set-9-files-12,1,email
EFTA00429824.pdf,data-set-9-files-12,1,other
EFTA00429825.pdf,data-set-9-files-12,1,other
EFTA00429826.pdf,data-set-9-files-12,1,other
EFTA00429827.pdf,data-set-9-files-12,1,other
EFTA00429828.pdf,data-set-9-files-12,1,other
EFTA00429829.pdf,data-set-9-files-12,1,email
EFTA00429830.pdf,data-set-9-files-12,1,email
EFTA00429831.pdf,data-set-9-files-12,1,other
EFTA00429832.pdf,data-set-9-files-12,1,email
EFTA00429833.pdf,data-set-9-files-12,1,email
EFTA00429834.pdf,data-set-9-files-12,1,email
EFTA00429835.pdf,data-set-9-files-12,1,other
EFTA00429836.pdf,data-set-9-files-12,1,other
EFTA00429837.pdf,data-set-9-files-12,1,email
EFTA00429838.pdf,data-set-9-files-12,1,email
EFTA00429839.pdf,data-set-9-files-12,1,email
EFTA00429840.pdf,data-set-9-files-12,1,email
EFTA00429841.pdf,data-set-9-files-12,1,email
EFTA00429842.pdf,data-set-9-files-12,1,email
EFTA00429843.pdf,data-set-9-files-12,1,email
EFTA00429844.pdf,data-set-9-files-12,1,email
EFTA00429845.pdf,data-set-9-files-12,1,email
EFTA00429846.pdf,data-set-9-files-12,1,email
EFTA00429847.pdf,data-set-9-files-12,1,other
EFTA00429848.pdf,data-set-9-files-12,1,other
EFTA00429849.pdf,data-set-9-files-12,1,other
EFTA00429850.pdf,data-set-9-files-12,2,email
EFTA00429852.pdf,data-set-9-files-12,1,email
EFTA00429853.pdf,data-set-9-files-12,1,email
EFTA00429854.pdf,data-set-9-files-12,2,email
EFTA00429856.pdf,data-set-9-files-12,6,email
EFTA00429862.pdf,data-set-9-files-12,1,email
EFTA00429863.pdf,data-set-9-files-12,1,email
EFTA00429864.pdf,data-set-9-files-12,4,email
EFTA00429868.pdf,data-set-9-files-12,2,email
EFTA00429870.pdf,data-set-9-files-12,1,email
EFTA00429871.pdf,data-set-9-files-12,1,other
EFTA00429872.pdf,data-set-9-files-12,1,email
EFTA00429873.pdf,data-set-9-files-12,1,email
EFTA00429874.pdf,data-set-9-files-12,1,other
EFTA00429875.pdf,data-set-9-files-12,1,other
EFTA00429876.pdf,data-set-9-files-12,1,email
EFTA00429877.pdf,data-set-9-files-12,1,email
EFTA00429878.pdf,data-set-9-files-12,3,email
EFTA00429881.pdf,data-set-9-files-12,1,email
EFTA00429882.pdf,data-set-9-files-12,1,email
EFTA00429883.pdf,data-set-9-files-12,1,email
EFTA00429884.pdf,data-set-9-files-12,1,email
EFTA00429885.pdf,data-set-9-files-12,1,email
EFTA00429886.pdf,data-set-9-files-12,1,email
EFTA00429887.pdf,data-set-9-files-12,1,email
EFTA00429888.pdf,data-set-9-files-12,1,email
EFTA00429889.pdf,data-set-9-files-12,1,email
EFTA00429890.pdf,data-set-9-files-12,2,email
EFTA00429892.pdf,data-set-9-files-12,2,email
EFTA00429894.pdf,data-set-9-files-12,2,email
EFTA00429896.pdf,data-set-9-files-12,1,other
EFTA00429897.pdf,data-set-9-files-12,1,other
EFTA00429898.pdf,data-set-9-files-12,1,other
EFTA00429899.pdf,data-set-9-files-12,1,other
EFTA00429900.pdf,data-set-9-files-12,1,email
EFTA00429901.pdf,data-set-9-files-12,1,other
EFTA00429902.pdf,data-set-9-files-12,1,other
EFTA00429903.pdf,data-set-9-files-12,1,email
EFTA00429904.pdf,data-set-9-files-12,1,email
EFTA00429905.pdf,data-set-9-files-12,1,email
EFTA00429906.pdf,data-set-9-files-12,1,email
EFTA00429907.pdf,data-set-9-files-12,1,other
EFTA00429908.pdf,data-set-9-files-12,1,other
EFTA00429909.pdf,data-set-9-files-12,1,email
EFTA00429910.pdf,data-set-9-files-12,1,email
EFTA00429911.pdf,data-set-9-files-12,1,other
EFTA00429912.pdf,data-set-9-files-12,1,other
EFTA00429913.pdf,data-set-9-files-12,1,email
EFTA00429914.pdf,data-set-9-files-12,1,email
EFTA00429915.pdf,data-set-9-files-12,1,other
EFTA00429916.pdf,data-set-9-files-12,2,email
EFTA00429918.pdf,data-set-9-files-12,2,email
EFTA00429920.pdf,data-set-9-files-12,1,email
EFTA00429921.pdf,data-set-9-files-12,1,email
EFTA00429922.pdf,data-set-9-files-12,1,email
EFTA00429923.pdf,data-set-9-files-12,1,email
EFTA00429924.pdf,data-set-9-files-12,6,email
EFTA00429930.pdf,data-set-9-files-12,2,email
EFTA00429932.pdf,data-set-9-files-12,3,email
EFTA00429935.pdf,data-set-9-files-12,2,email
EFTA00429937.pdf,data-set-9-files-12,2,email
EFTA00429939.pdf,data-set-9-files-12,1,email
EFTA00429940.pdf,data-set-9-files-12,2,email
EFTA00429942.pdf,data-set-9-files-12,1,email
EFTA00429943.pdf,data-set-9-files-12,1,email
EFTA00429944.pdf,data-set-9-files-12,1,email
EFTA00429945.pdf,data-set-9-files-12,1,email
EFTA00429946.pdf,data-set-9-files-12,1,email
EFTA00429947.pdf,data-set-9-files-12,1,email
EFTA00429948.pdf,data-set-9-files-12,1,other
EFTA00429949.pdf,data-set-9-files-12,1,email
EFTA00429950.pdf,data-set-9-files-12,1,email
EFTA00429951.pdf,data-set-9-files-12,1,email
EFTA00429952.pdf,data-set-9-files-12,1,email
EFTA00429953.pdf,data-set-9-files-12,1,email
EFTA00429954.pdf,data-set-9-files-12,1,email
EFTA00429955.pdf,data-set-9-files-12,1,email
EFTA00429956.pdf,data-set-9-files-12,1,email
EFTA00429957.pdf,data-set-9-files-12,2,email
EFTA00429959.pdf,data-set-9-files-12,1,email
EFTA00429960.pdf,data-set-9-files-12,1,email
EFTA00429961.pdf,data-set-9-files-12,1,email
EFTA00429962.pdf,data-set-9-files-12,1,email
EFTA00429963.pdf,data-set-9-files-12,1,email
EFTA00429964.pdf,data-set-9-files-12,1,email
EFTA00429965.pdf,data-set-9-files-12,1,email
EFTA00429966.pdf,data-set-9-files-12,1,email
EFTA00429967.pdf,data-set-9-files-12,2,email
EFTA00429969.pdf,data-set-9-files-12,1,email
EFTA00429970.pdf,data-set-9-files-12,1,email
EFTA00429971.pdf,data-set-9-files-12,1,email
EFTA00429972.pdf,data-set-9-files-12,1,email
EFTA00429973.pdf,data-set-9-files-12,1,email
EFTA00429974.pdf,data-set-9-files-12,1,email
EFTA00429975.pdf,data-set-9-files-12,1,other
EFTA00429976.pdf,data-set-9-files-12,2,email
EFTA00429978.pdf,data-set-9-files-12,1,email
EFTA00429979.pdf,data-set-9-files-12,1,email
EFTA00429980.pdf,data-set-9-files-12,1,email
EFTA00429981.pdf,data-set-9-files-12,1,email
EFTA00429982.pdf,data-set-9-files-12,1,email
EFTA00429983.pdf,data-set-9-files-12,1,email
EFTA00429984.pdf,data-set-9-files-12,1,email
EFTA00429985.pdf,data-set-9-files-12,1,email
EFTA00429986.pdf,data-set-9-files-12,1,email
EFTA00429987.pdf,data-set-9-files-12,1,email
EFTA00429988.pdf,data-set-9-files-12,1,email
EFTA00429989.pdf,data-set-9-files-12,1,email
EFTA00429990.pdf,data-set-9-files-12,1,email
EFTA00429991.pdf,data-set-9-files-12,1,email
EFTA00429992.pdf,data-set-9-files-12,1,email
EFTA00429993.pdf,data-set-9-files-12,1,email
EFTA00429994.pdf,data-set-9-files-12,1,other
EFTA00429995.pdf,data-set-9-files-12,1,other
EFTA00429996.pdf,data-set-9-files-12,1,other
EFTA00429997.pdf,data-set-9-files-12,1,other
EFTA00429998.pdf,data-set-9-files-12,1,other
EFTA00429999.pdf,data-set-9-files-12,1,other
EFTA00430000.pdf,data-set-9-files-12,1,other
EFTA00430001.pdf,data-set-9-files-12,1,email
EFTA00430002.pdf,data-set-9-files-12,1,other
EFTA00430003.pdf,data-set-9-files-12,1,email
EFTA00430004.pdf,data-set-9-files-12,1,email
EFTA00430005.pdf,data-set-9-files-12,1,email
EFTA00430006.pdf,data-set-9-files-12,1,other
EFTA00430007.pdf,data-set-9-files-12,1,email
EFTA00430008.pdf,data-set-9-files-12,1,email
EFTA00430009.pdf,data-set-9-files-12,1,email
EFTA00430010.pdf,data-set-9-files-12,1,email
EFTA00430011.pdf,data-set-9-files-12,1,email
EFTA00430012.pdf,data-set-9-files-12,4,email
EFTA00430016.pdf,data-set-9-files-12,2,email
EFTA00430018.pdf,data-set-9-files-12,1,email
EFTA00430019.pdf,data-set-9-files-12,1,email
EFTA00430020.pdf,data-set-9-files-12,1,email
EFTA00430021.pdf,data-set-9-files-12,1,email
EFTA00430022.pdf,data-set-9-files-12,1,email
EFTA00430023.pdf,data-set-9-files-12,1,email
EFTA00430024.pdf,data-set-9-files-12,1,email
EFTA00430025.pdf,data-set-9-files-12,1,other
EFTA00430026.pdf,data-set-9-files-12,1,other
EFTA00430027.pdf,data-set-9-files-12,1,email
EFTA00430028.pdf,data-set-9-files-12,2,email
EFTA00430030.pdf,data-set-9-files-12,1,email
EFTA00430031.pdf,data-set-9-files-12,2,email
EFTA00430033.pdf,data-set-9-files-12,1,email
EFTA00430034.pdf,data-set-9-files-12,1,email
EFTA00430035.pdf,data-set-9-files-12,2,email
EFTA00430037.pdf,data-set-9-files-12,2,email
EFTA00430039.pdf,data-set-9-files-12,1,email
EFTA00430040.pdf,data-set-9-files-12,2,email
EFTA00430042.pdf,data-set-9-files-12,2,email
EFTA00430044.pdf,data-set-9-files-12,2,email
EFTA00430046.pdf,data-set-9-files-12,3,email
EFTA00430049.pdf,data-set-9-files-12,1,email
EFTA00430050.pdf,data-set-9-files-12,1,email
EFTA00430051.pdf,data-set-9-files-12,1,email
EFTA00430052.pdf,data-set-9-files-12,1,email
EFTA00430053.pdf,data-set-9-files-12,1,email
EFTA00430054.pdf,data-set-9-files-12,1,email
EFTA00430055.pdf,data-set-9-files-12,1,email
EFTA00430056.pdf,data-set-9-files-12,1,email
EFTA00430057.pdf,data-set-9-files-12,2,email
EFTA00430059.pdf,data-set-9-files-12,1,email
EFTA00430060.pdf,data-set-9-files-12,1,email
EFTA00430061.pdf,data-set-9-files-12,1,email
EFTA00430062.pdf,data-set-9-files-12,1,other
EFTA00430063.pdf,data-set-9-files-12,1,other
EFTA00430064.pdf,data-set-9-files-12,2,email
EFTA00430066.pdf,data-set-9-files-12,2,email
EFTA00430068.pdf,data-set-9-files-12,1,email
EFTA00430069.pdf,data-set-9-files-12,1,email
EFTA00430070.pdf,data-set-9-files-12,1,email
EFTA00430071.pdf,data-set-9-files-12,1,email
EFTA00430072.pdf,data-set-9-files-12,1,email
EFTA00430073.pdf,data-set-9-files-12,1,email
EFTA00430074.pdf,data-set-9-files-12,1,email
EFTA00430075.pdf,data-set-9-files-12,1,email
EFTA00430076.pdf,data-set-9-files-12,1,email
EFTA00430077.pdf,data-set-9-files-12,2,email
EFTA00430079.pdf,data-set-9-files-12,2,email
EFTA00430081.pdf,data-set-9-files-12,1,other
EFTA00430082.pdf,data-set-9-files-12,2,email
EFTA00430084.pdf,data-set-9-files-12,1,email
EFTA00430085.pdf,data-set-9-files-12,1,other
EFTA00430086.pdf,data-set-9-files-12,1,other
EFTA00430087.pdf,data-set-9-files-12,1,email
EFTA00430088.pdf,data-set-9-files-12,1,email
EFTA00430089.pdf,data-set-9-files-12,1,email
EFTA00430090.pdf,data-set-9-files-12,1,email
EFTA00430091.pdf,data-set-9-files-12,1,email
EFTA00430092.pdf,data-set-9-files-12,1,email
EFTA00430093.pdf,data-set-9-files-12,1,email
EFTA00430094.pdf,data-set-9-files-12,1,other
EFTA00430095.pdf,data-set-9-files-12,1,other
EFTA00430096.pdf,data-set-9-files-12,1,other
EFTA00430097.pdf,data-set-9-files-12,1,email
EFTA00430098.pdf,data-set-9-files-12,1,email
EFTA00430099.pdf,data-set-9-files-12,1,email
EFTA00430100.pdf,data-set-9-files-12,2,email
EFTA00430102.pdf,data-set-9-files-12,2,email
EFTA00430104.pdf,data-set-9-files-12,1,email
EFTA00430105.pdf,data-set-9-files-12,1,email
EFTA00430106.pdf,data-set-9-files-12,2,email
EFTA00430108.pdf,data-set-9-files-12,2,email
EFTA00430110.pdf,data-set-9-files-12,1,other
EFTA00430111.pdf,data-set-9-files-12,1,other
EFTA00430112.pdf,data-set-9-files-12,1,email
EFTA00430113.pdf,data-set-9-files-12,1,other
EFTA00430114.pdf,data-set-9-files-12,1,other
EFTA00430115.pdf,data-set-9-files-12,1,email
EFTA00430116.pdf,data-set-9-files-12,1,email
EFTA00430117.pdf,data-set-9-files-12,1,email
EFTA00430118.pdf,data-set-9-files-12,1,other
EFTA00430119.pdf,data-set-9-files-12,1,other
EFTA00430120.pdf,data-set-9-files-12,1,other
EFTA00430121.pdf,data-set-9-files-12,1,email
EFTA00430122.pdf,data-set-9-files-12,1,email
EFTA00430123.pdf,data-set-9-files-12,1,email
EFTA00430124.pdf,data-set-9-files-12,1,email
EFTA00430125.pdf,data-set-9-files-12,1,email
EFTA00430126.pdf,data-set-9-files-12,1,email
EFTA00430127.pdf,data-set-9-files-12,1,email
EFTA00430128.pdf,data-set-9-files-12,1,other
EFTA00430129.pdf,data-set-9-files-12,1,other
EFTA00430130.pdf,data-set-9-files-12,3,email
EFTA00430133.pdf,data-set-9-files-12,1,email
EFTA00430134.pdf,data-set-9-files-12,2,email
EFTA00430136.pdf,data-set-9-files-12,1,email
EFTA00430137.pdf,data-set-9-files-12,1,email
EFTA00430138.pdf,data-set-9-files-12,1,other
EFTA00430139.pdf,data-set-9-files-12,1,email
EFTA00430140.pdf,data-set-9-files-12,1,email
EFTA00430141.pdf,data-set-9-files-12,1,email
EFTA00430142.pdf,data-set-9-files-12,1,email
EFTA00430143.pdf,data-set-9-files-12,1,email
EFTA00430144.pdf,data-set-9-files-12,1,email
EFTA00430145.pdf,data-set-9-files-12,1,email
EFTA00430146.pdf,data-set-9-files-12,1,email
EFTA00430147.pdf,data-set-9-files-12,1,email
EFTA00430148.pdf,data-set-9-files-12,1,email
EFTA00430149.pdf,data-set-9-files-12,1,email
EFTA00430150.pdf,data-set-9-files-12,1,email
EFTA00430151.pdf,data-set-9-files-12,1,other
EFTA00430152.pdf,data-set-9-files-12,1,other
EFTA00430153.pdf,data-set-9-files-12,1,other
EFTA00430154.pdf,data-set-9-files-12,1,email
EFTA00430155.pdf,data-set-9-files-12,1,email
EFTA00430156.pdf,data-set-9-files-12,2,email
EFTA00430158.pdf,data-set-9-files-12,1,email
EFTA00430159.pdf,data-set-9-files-12,1,email
EFTA00430160.pdf,data-set-9-files-12,1,email
EFTA00430161.pdf,data-set-9-files-12,1,email
EFTA00430162.pdf,data-set-9-files-12,1,email
EFTA00430163.pdf,data-set-9-files-12,1,email
EFTA00430164.pdf,data-set-9-files-12,1,email
EFTA00430165.pdf,data-set-9-files-12,1,email
EFTA00430166.pdf,data-set-9-files-12,1,other
EFTA00430167.pdf,data-set-9-files-12,1,other
EFTA00430168.pdf,data-set-9-files-12,1,other
EFTA00430169.pdf,data-set-9-files-12,1,other
EFTA00430170.pdf,data-set-9-files-12,2,email
EFTA00430172.pdf,data-set-9-files-12,2,email
EFTA00430174.pdf,data-set-9-files-12,1,other
EFTA00430175.pdf,data-set-9-files-12,1,other
EFTA00430176.pdf,data-set-9-files-12,1,other
EFTA00430177.pdf,data-set-9-files-12,1,other
EFTA00430178.pdf,data-set-9-files-12,1,other
EFTA00430179.pdf,data-set-9-files-12,1,other
EFTA00430180.pdf,data-set-9-files-12,2,email
EFTA00430182.pdf,data-set-9-files-12,1,email
EFTA00430183.pdf,data-set-9-files-12,1,email
EFTA00430184.pdf,data-set-9-files-12,1,email
EFTA00430185.pdf,data-set-9-files-12,1,email
EFTA00430186.pdf,data-set-9-files-12,1,email
EFTA00430187.pdf,data-set-9-files-12,1,email
EFTA00430188.pdf,data-set-9-files-12,1,email
EFTA00430189.pdf,data-set-9-files-12,1,email
EFTA00430190.pdf,data-set-9-files-12,1,email
EFTA00430191.pdf,data-set-9-files-12,1,email
EFTA00430192.pdf,data-set-9-files-12,1,email
EFTA00430193.pdf,data-set-9-files-12,1,email
EFTA00430194.pdf,data-set-9-files-12,2,email
EFTA00430196.pdf,data-set-9-files-12,1,email
EFTA00430197.pdf,data-set-9-files-12,1,email
EFTA00430198.pdf,data-set-9-files-12,1,email
EFTA00430199.pdf,data-set-9-files-12,5,email
EFTA00430204.pdf,data-set-9-files-12,5,email
EFTA00430209.pdf,data-set-9-files-12,5,email
EFTA00430214.pdf,data-set-9-files-12,1,email
EFTA00430215.pdf,data-set-9-files-12,1,other
EFTA00430216.pdf,data-set-9-files-12,2,email
EFTA00430218.pdf,data-set-9-files-12,3,email
EFTA00430221.pdf,data-set-9-files-12,1,other
EFTA00430222.pdf,data-set-9-files-12,1,other
EFTA00430223.pdf,data-set-9-files-12,1,other
EFTA00430224.pdf,data-set-9-files-12,1,other
EFTA00430225.pdf,data-set-9-files-12,1,other
EFTA00430226.pdf,data-set-9-files-12,1,other
EFTA00430227.pdf,data-set-9-files-12,1,other
EFTA00430228.pdf,data-set-9-files-12,1,other
EFTA00430229.pdf,data-set-9-files-12,1,other
EFTA00430230.pdf,data-set-9-files-12,1,email
EFTA00430231.pdf,data-set-9-files-12,1,email
EFTA00430232.pdf,data-set-9-files-12,2,email
EFTA00430234.pdf,data-set-9-files-12,1,email
EFTA00430235.pdf,data-set-9-files-12,2,email
EFTA00430237.pdf,data-set-9-files-12,2,email
EFTA00430239.pdf,data-set-9-files-12,1,email
EFTA00430240.pdf,data-set-9-files-12,2,email
EFTA00430242.pdf,data-set-9-files-12,1,other
EFTA00430243.pdf,data-set-9-files-12,4,email
EFTA00430247.pdf,data-set-9-files-12,2,email
EFTA00430249.pdf,data-set-9-files-12,1,email
EFTA00430250.pdf,data-set-9-files-12,1,email
EFTA00430251.pdf,data-set-9-files-12,1,email
EFTA00430252.pdf,data-set-9-files-12,1,email
EFTA00430253.pdf,data-set-9-files-12,7,email
EFTA00430260.pdf,data-set-9-files-12,1,other
EFTA00430261.pdf,data-set-9-files-12,1,email
EFTA00430262.pdf,data-set-9-files-12,1,email
EFTA00430263.pdf,data-set-9-files-12,1,email
EFTA00430264.pdf,data-set-9-files-12,2,email
EFTA00430266.pdf,data-set-9-files-12,1,email
EFTA00430267.pdf,data-set-9-files-12,1,other
EFTA00430268.pdf,data-set-9-files-12,1,other
EFTA00430269.pdf,data-set-9-files-12,1,other
EFTA00430270.pdf,data-set-9-files-12,1,other
EFTA00430271.pdf,data-set-9-files-12,2,email
EFTA00430273.pdf,data-set-9-files-12,1,email
EFTA00430274.pdf,data-set-9-files-12,1,email
EFTA00430275.pdf,data-set-9-files-12,1,other
EFTA00430276.pdf,data-set-9-files-12,1,email
EFTA00430277.pdf,data-set-9-files-12,1,email
EFTA00430278.pdf,data-set-9-files-12,1,email
EFTA00430279.pdf,data-set-9-files-12,1,email
EFTA00430280.pdf,data-set-9-files-12,1,other
EFTA00430281.pdf,data-set-9-files-12,1,email
EFTA00430282.pdf,data-set-9-files-12,3,email
EFTA00430285.pdf,data-set-9-files-12,1,email
EFTA00430286.pdf,data-set-9-files-12,1,email
EFTA00430287.pdf,data-set-9-files-12,1,other
EFTA00430288.pdf,data-set-9-files-12,2,email
EFTA00430290.pdf,data-set-9-files-12,2,email
EFTA00430292.pdf,data-set-9-files-12,1,email
EFTA00430293.pdf,data-set-9-files-12,2,email
EFTA00430295.pdf,data-set-9-files-12,1,other
EFTA00430296.pdf,data-set-9-files-12,4,email
EFTA00430300.pdf,data-set-9-files-12,6,email
EFTA00430306.pdf,data-set-9-files-12,1,email
EFTA00430307.pdf,data-set-9-files-12,1,email
EFTA00430308.pdf,data-set-9-files-12,1,email
EFTA00430309.pdf,data-set-9-files-12,1,email
EFTA00430310.pdf,data-set-9-files-12,2,email
EFTA00430312.pdf,data-set-9-files-12,2,email
EFTA00430314.pdf,data-set-9-files-12,1,other
EFTA00430315.pdf,data-set-9-files-12,1,email
EFTA00430316.pdf,data-set-9-files-12,3,email
EFTA00430319.pdf,data-set-9-files-12,1,email
EFTA00430320.pdf,data-set-9-files-12,1,email
EFTA00430321.pdf,data-set-9-files-12,1,email
EFTA00430322.pdf,data-set-9-files-12,1,email
EFTA00430323.pdf,data-set-9-files-12,1,email
EFTA00430324.pdf,data-set-9-files-12,1,email
EFTA00430325.pdf,data-set-9-files-12,1,email
EFTA00430326.pdf,data-set-9-files-12,1,email
EFTA00430327.pdf,data-set-9-files-12,2,email
EFTA00430329.pdf,data-set-9-files-12,1,email
EFTA00430330.pdf,data-set-9-files-12,1,email
EFTA00430331.pdf,data-set-9-files-12,1,email
EFTA00430332.pdf,data-set-9-files-12,1,email
EFTA00430333.pdf,data-set-9-files-12,2,email
EFTA00430335.pdf,data-set-9-files-12,1,email
EFTA00430336.pdf,data-set-9-files-12,1,email
EFTA00430337.pdf,data-set-9-files-12,2,email
EFTA00430339.pdf,data-set-9-files-12,2,email
EFTA00430341.pdf,data-set-9-files-12,1,other
EFTA00430342.pdf,data-set-9-files-12,1,email
EFTA00430343.pdf,data-set-9-files-12,1,email
EFTA00430344.pdf,data-set-9-files-12,1,email
EFTA00430345.pdf,data-set-9-files-12,1,other
EFTA00430346.pdf,data-set-9-files-12,1,other
EFTA00430347.pdf,data-set-9-files-12,1,other
EFTA00430348.pdf,data-set-9-files-12,1,email
EFTA00430349.pdf,data-set-9-files-12,1,other
EFTA00430350.pdf,data-set-9-files-12,1,email
EFTA00430351.pdf,data-set-9-files-12,1,other
EFTA00430352.pdf,data-set-9-files-12,1,other
EFTA00430353.pdf,data-set-9-files-12,1,other
EFTA00430354.pdf,data-set-9-files-12,1,other
EFTA00430355.pdf,data-set-9-files-12,1,email
EFTA00430356.pdf,data-set-9-files-12,3,email
EFTA00430359.pdf,data-set-9-files-12,2,email
EFTA00430361.pdf,data-set-9-files-12,1,other
EFTA00430362.pdf,data-set-9-files-12,5,email
EFTA00430367.pdf,data-set-9-files-12,5,email
EFTA00430372.pdf,data-set-9-files-12,1,other
EFTA00430373.pdf,data-set-9-files-12,1,other
EFTA00430374.pdf,data-set-9-files-12,2,email
EFTA00430376.pdf,data-set-9-files-12,1,email
EFTA00430377.pdf,data-set-9-files-12,2,email
EFTA00430379.pdf,data-set-9-files-12,1,email
EFTA00430380.pdf,data-set-9-files-12,1,email
EFTA00430381.pdf,data-set-9-files-12,1,other
EFTA00430382.pdf,data-set-9-files-12,1,other
EFTA00430383.pdf,data-set-9-files-12,4,email
EFTA00430387.pdf,data-set-9-files-12,1,other
EFTA00430388.pdf,data-set-9-files-12,1,other
EFTA00430389.pdf,data-set-9-files-12,1,email
EFTA00430390.pdf,data-set-9-files-12,2,email
EFTA00430392.pdf,data-set-9-files-12,1,other
EFTA00430393.pdf,data-set-9-files-12,1,email
EFTA00430394.pdf,data-set-9-files-12,1,email
EFTA00430395.pdf,data-set-9-files-12,1,email
EFTA00430396.pdf,data-set-9-files-12,1,email
EFTA00430397.pdf,data-set-9-files-12,1,email
EFTA00430398.pdf,data-set-9-files-12,2,email
EFTA00430400.pdf,data-set-9-files-12,1,other
EFTA00430401.pdf,data-set-9-files-12,1,email
EFTA00430402.pdf,data-set-9-files-12,1,other
EFTA00430403.pdf,data-set-9-files-12,1,email
EFTA00430404.pdf,data-set-9-files-12,1,other
EFTA00430405.pdf,data-set-9-files-12,2,email
EFTA00430407.pdf,data-set-9-files-12,1,email
EFTA00430408.pdf,data-set-9-files-12,1,email
EFTA00430409.pdf,data-set-9-files-12,1,email
EFTA00430410.pdf,data-set-9-files-12,2,email
EFTA00430412.pdf,data-set-9-files-12,1,other
EFTA00430413.pdf,data-set-9-files-12,1,email
EFTA00430414.pdf,data-set-9-files-12,1,email
EFTA00430415.pdf,data-set-9-files-12,1,email
EFTA00430416.pdf,data-set-9-files-12,1,other
EFTA00430417.pdf,data-set-9-files-12,1,email
EFTA00430418.pdf,data-set-9-files-12,1,email
EFTA00430419.pdf,data-set-9-files-12,1,email
EFTA00430420.pdf,data-set-9-files-12,1,email
EFTA00430421.pdf,data-set-9-files-12,2,email
EFTA00430423.pdf,data-set-9-files-12,1,email
EFTA00430424.pdf,data-set-9-files-12,1,email
EFTA00430425.pdf,data-set-9-files-12,2,email
EFTA00430427.pdf,data-set-9-files-12,2,email
EFTA00430429.pdf,data-set-9-files-12,2,email
EFTA00430431.pdf,data-set-9-files-12,2,email
EFTA00430433.pdf,data-set-9-files-12,1,email
EFTA00430434.pdf,data-set-9-files-12,2,email
EFTA00430436.pdf,data-set-9-files-12,2,email
EFTA00430438.pdf,data-set-9-files-12,2,email
EFTA00430440.pdf,data-set-9-files-12,1,email
EFTA00430441.pdf,data-set-9-files-12,1,email
EFTA00430442.pdf,data-set-9-files-12,1,email
EFTA00430443.pdf,data-set-9-files-12,1,email
EFTA00430444.pdf,data-set-9-files-12,1,email
EFTA00430445.pdf,data-set-9-files-12,1,email
EFTA00430446.pdf,data-set-9-files-12,1,other
EFTA00430447.pdf,data-set-9-files-12,1,other
EFTA00430448.pdf,data-set-9-files-12,1,other
EFTA00430449.pdf,data-set-9-files-12,1,email
EFTA00430450.pdf,data-set-9-files-12,1,other
EFTA00430451.pdf,data-set-9-files-12,1,other
EFTA00430452.pdf,data-set-9-files-12,1,other
EFTA00430453.pdf,data-set-9-files-12,1,other
EFTA00430454.pdf,data-set-9-files-12,1,other
EFTA00430455.pdf,data-set-9-files-12,1,other
EFTA00430456.pdf,data-set-9-files-12,1,email
EFTA00430457.pdf,data-set-9-files-12,1,email
EFTA00430458.pdf,data-set-9-files-12,1,email
EFTA00430459.pdf,data-set-9-files-12,1,email
EFTA00430460.pdf,data-set-9-files-12,1,email
EFTA00430461.pdf,data-set-9-files-12,1,other
EFTA00430462.pdf,data-set-9-files-12,1,other
EFTA00430463.pdf,data-set-9-files-12,1,other
EFTA00430464.pdf,data-set-9-files-12,1,email
EFTA00430465.pdf,data-set-9-files-12,1,other
EFTA00430466.pdf,data-set-9-files-12,1,other
EFTA00430467.pdf,data-set-9-files-12,1,email
EFTA00430468.pdf,data-set-9-files-12,1,email
EFTA00430469.pdf,data-set-9-files-12,1,email
EFTA00430470.pdf,data-set-9-files-12,1,email
EFTA00430471.pdf,data-set-9-files-12,2,email
EFTA00430473.pdf,data-set-9-files-12,2,email
EFTA00430475.pdf,data-set-9-files-12,1,email
EFTA00430476.pdf,data-set-9-files-12,2,email
EFTA00430478.pdf,data-set-9-files-12,2,email
EFTA00430480.pdf,data-set-9-files-12,3,email
EFTA00430483.pdf,data-set-9-files-12,3,email
EFTA00430486.pdf,data-set-9-files-12,1,email
EFTA00430487.pdf,data-set-9-files-12,1,email
EFTA00430488.pdf,data-set-9-files-12,1,email
EFTA00430489.pdf,data-set-9-files-12,1,email
EFTA00430490.pdf,data-set-9-files-12,1,email
EFTA00430491.pdf,data-set-9-files-12,1,other
EFTA00430492.pdf,data-set-9-files-12,1,email
EFTA00430493.pdf,data-set-9-files-12,1,email
EFTA00430494.pdf,data-set-9-files-12,1,email
EFTA00430495.pdf,data-set-9-files-12,1,email
EFTA00430496.pdf,data-set-9-files-12,1,other
EFTA00430497.pdf,data-set-9-files-12,1,other
EFTA00430498.pdf,data-set-9-files-12,3,email
EFTA00430501.pdf,data-set-9-files-12,1,other
EFTA00430502.pdf,data-set-9-files-12,1,email
EFTA00430503.pdf,data-set-9-files-12,1,email
EFTA00430504.pdf,data-set-9-files-12,1,email
EFTA00430505.pdf,data-set-9-files-12,1,email
EFTA00430506.pdf,data-set-9-files-12,1,other
EFTA00430507.pdf,data-set-9-files-12,1,email
EFTA00430508.pdf,data-set-9-files-12,1,other
EFTA00430509.pdf,data-set-9-files-12,1,other
EFTA00430510.pdf,data-set-9-files-12,1,email
EFTA00430511.pdf,data-set-9-files-12,1,other
EFTA00430512.pdf,data-set-9-files-12,1,other
EFTA00430513.pdf,data-set-9-files-12,1,other
EFTA00430514.pdf,data-set-9-files-12,1,other
EFTA00430515.pdf,data-set-9-files-12,1,other
EFTA00430516.pdf,data-set-9-files-12,1,email
EFTA00430517.pdf,data-set-9-files-12,1,other
EFTA00430518.pdf,data-set-9-files-12,1,email
EFTA00430519.pdf,data-set-9-files-12,1,other
EFTA00430520.pdf,data-set-9-files-12,1,other
EFTA00430521.pdf,data-set-9-files-12,1,email
EFTA00430522.pdf,data-set-9-files-12,1,other
EFTA00430523.pdf,data-set-9-files-12,1,email
EFTA00430524.pdf,data-set-9-files-12,1,email
EFTA00430525.pdf,data-set-9-files-12,1,other
EFTA00430526.pdf,data-set-9-files-12,1,email
EFTA00430527.pdf,data-set-9-files-12,1,email
EFTA00430528.pdf,data-set-9-files-12,6,email
EFTA00430534.pdf,data-set-9-files-12,1,email
EFTA00430535.pdf,data-set-9-files-12,1,email
EFTA00430536.pdf,data-set-9-files-12,1,email
EFTA00430537.pdf,data-set-9-files-12,1,email
EFTA00430538.pdf,data-set-9-files-12,1,email
EFTA00430539.pdf,data-set-9-files-12,1,email
EFTA00430540.pdf,data-set-9-files-12,1,email
EFTA00430541.pdf,data-set-9-files-12,1,email
EFTA00430542.pdf,data-set-9-files-12,1,email
EFTA00430543.pdf,data-set-9-files-12,3,email
EFTA00430546.pdf,data-set-9-files-12,1,email
EFTA00430547.pdf,data-set-9-files-12,3,email
EFTA00430550.pdf,data-set-9-files-12,3,email
EFTA00430553.pdf,data-set-9-files-12,4,email
EFTA00430557.pdf,data-set-9-files-12,5,email
EFTA00430562.pdf,data-set-9-files-12,5,email
EFTA00430567.pdf,data-set-9-files-12,5,email
EFTA00430572.pdf,data-set-9-files-12,5,email
EFTA00430577.pdf,data-set-9-files-12,4,email
EFTA00430581.pdf,data-set-9-files-12,4,email
EFTA00430585.pdf,data-set-9-files-12,4,email
EFTA00430589.pdf,data-set-9-files-12,4,email
EFTA00430593.pdf,data-set-9-files-12,5,email
EFTA00430598.pdf,data-set-9-files-12,5,email
EFTA00430603.pdf,data-set-9-files-12,1,email
EFTA00430604.pdf,data-set-9-files-12,1,other
EFTA00430605.pdf,data-set-9-files-12,1,other
EFTA00430606.pdf,data-set-9-files-12,1,email
EFTA00430607.pdf,data-set-9-files-12,1,email
EFTA00430608.pdf,data-set-9-files-12,1,email
EFTA00430609.pdf,data-set-9-files-12,1,email
EFTA00430610.pdf,data-set-9-files-12,1,email
EFTA00430611.pdf,data-set-9-files-12,1,email
EFTA00430612.pdf,data-set-9-files-12,1,email
EFTA00430613.pdf,data-set-9-files-12,1,email
EFTA00430614.pdf,data-set-9-files-12,1,email
EFTA00430615.pdf,data-set-9-files-12,1,email
EFTA00430616.pdf,data-set-9-files-12,1,other
EFTA00430617.pdf,data-set-9-files-12,1,other
EFTA00430618.pdf,data-set-9-files-12,1,email
EFTA00430619.pdf,data-set-9-files-12,1,email
EFTA00430620.pdf,data-set-9-files-12,1,email
EFTA00430621.pdf,data-set-9-files-12,1,email
EFTA00430622.pdf,data-set-9-files-12,2,email
EFTA00430624.pdf,data-set-9-files-12,1,email
EFTA00430625.pdf,data-set-9-files-12,1,email
EFTA00430626.pdf,data-set-9-files-12,1,email
EFTA00430627.pdf,data-set-9-files-12,1,email
EFTA00430628.pdf,data-set-9-files-12,1,email
EFTA00430629.pdf,data-set-9-files-12,1,email
EFTA00430630.pdf,data-set-9-files-12,1,other
EFTA00430631.pdf,data-set-9-files-12,2,email
EFTA00430633.pdf,data-set-9-files-12,1,email
EFTA00430634.pdf,data-set-9-files-12,1,email
EFTA00430635.pdf,data-set-9-files-12,1,email
EFTA00430636.pdf,data-set-9-files-12,1,email
EFTA00430637.pdf,data-set-9-files-12,1,email
EFTA00430638.pdf,data-set-9-files-12,1,email
EFTA00430639.pdf,data-set-9-files-12,1,email
EFTA00430640.pdf,data-set-9-files-12,1,email
EFTA00430641.pdf,data-set-9-files-12,1,email
EFTA00430642.pdf,data-set-9-files-12,1,email
EFTA00430643.pdf,data-set-9-files-12,2,email
EFTA00430645.pdf,data-set-9-files-12,1,email
EFTA00430646.pdf,data-set-9-files-12,2,email
EFTA00430648.pdf,data-set-9-files-12,2,email
EFTA00430650.pdf,data-set-9-files-12,1,email
EFTA00430651.pdf,data-set-9-files-12,1,email
EFTA00430652.pdf,data-set-9-files-12,1,email
EFTA00430653.pdf,data-set-9-files-12,2,email
EFTA00430655.pdf,data-set-9-files-12,1,email
EFTA00430656.pdf,data-set-9-files-12,1,email
EFTA00430657.pdf,data-set-9-files-12,1,email
EFTA00430658.pdf,data-set-9-files-12,1,email
EFTA00430659.pdf,data-set-9-files-12,1,email
EFTA00430660.pdf,data-set-9-files-12,1,email
EFTA00430661.pdf,data-set-9-files-12,1,email
EFTA00430662.pdf,data-set-9-files-12,1,email
EFTA00430663.pdf,data-set-9-files-12,1,email
EFTA00430664.pdf,data-set-9-files-12,1,email
EFTA00430665.pdf,data-set-9-files-12,1,email
EFTA00430666.pdf,data-set-9-files-12,1,email
EFTA00430667.pdf,data-set-9-files-12,2,email
EFTA00430669.pdf,data-set-9-files-12,2,email
EFTA00430671.pdf,data-set-9-files-12,1,email
EFTA00430672.pdf,data-set-9-files-12,2,email
EFTA00430674.pdf,data-set-9-files-12,1,email
EFTA00430675.pdf,data-set-9-files-12,1,email
EFTA00430676.pdf,data-set-9-files-12,1,email
EFTA00430677.pdf,data-set-9-files-12,1,email
EFTA00430678.pdf,data-set-9-files-12,1,email
EFTA00430679.pdf,data-set-9-files-12,1,email
EFTA00430680.pdf,data-set-9-files-12,1,email
EFTA00430681.pdf,data-set-9-files-12,1,email
EFTA00430682.pdf,data-set-9-files-12,1,email
EFTA00430683.pdf,data-set-9-files-12,1,email
EFTA00430684.pdf,data-set-9-files-12,2,email
EFTA00430686.pdf,data-set-9-files-12,1,email
EFTA00430687.pdf,data-set-9-files-12,1,email
EFTA00430688.pdf,data-set-9-files-12,1,email
EFTA00430689.pdf,data-set-9-files-12,1,email
EFTA00430690.pdf,data-set-9-files-12,1,email
EFTA00430691.pdf,data-set-9-files-12,1,email
EFTA00430692.pdf,data-set-9-files-12,1,email
EFTA00430693.pdf,data-set-9-files-12,1,other
EFTA00430694.pdf,data-set-9-files-12,1,other
EFTA00430695.pdf,data-set-9-files-12,1,other
EFTA00430696.pdf,data-set-9-files-12,1,email
EFTA00430697.pdf,data-set-9-files-12,1,email
EFTA00430698.pdf,data-set-9-files-12,1,other
EFTA00430699.pdf,data-set-9-files-12,1,email
EFTA00430700.pdf,data-set-9-files-12,1,email
EFTA00430701.pdf,data-set-9-files-12,1,email
EFTA00430702.pdf,data-set-9-files-12,2,email
EFTA00430704.pdf,data-set-9-files-12,1,other
EFTA00430705.pdf,data-set-9-files-12,1,email
EFTA00430706.pdf,data-set-9-files-12,1,email
EFTA00430707.pdf,data-set-9-files-12,1,email
EFTA00430708.pdf,data-set-9-files-12,1,email
EFTA00430709.pdf,data-set-9-files-12,1,email
EFTA00430710.pdf,data-set-9-files-12,1,email
EFTA00430711.pdf,data-set-9-files-12,1,email
EFTA00430712.pdf,data-set-9-files-12,1,email
EFTA00430713.pdf,data-set-9-files-12,1,email
EFTA00430714.pdf,data-set-9-files-12,1,email
EFTA00430715.pdf,data-set-9-files-12,1,email
EFTA00430716.pdf,data-set-9-files-12,1,other
EFTA00430717.pdf,data-set-9-files-12,2,email
EFTA00430719.pdf,data-set-9-files-12,2,email
EFTA00430721.pdf,data-set-9-files-12,1,email
EFTA00430722.pdf,data-set-9-files-12,2,email
EFTA00430724.pdf,data-set-9-files-12,1,email
EFTA00430725.pdf,data-set-9-files-12,1,email
EFTA00430726.pdf,data-set-9-files-12,2,email
EFTA00430728.pdf,data-set-9-files-12,2,email
EFTA00430730.pdf,data-set-9-files-12,3,email
EFTA00430733.pdf,data-set-9-files-12,3,email
EFTA00430736.pdf,data-set-9-files-12,1,other
EFTA00430737.pdf,data-set-9-files-12,2,email
EFTA00430739.pdf,data-set-9-files-12,1,email
EFTA00430740.pdf,data-set-9-files-12,1,other
EFTA00430741.pdf,data-set-9-files-12,1,other
EFTA00430742.pdf,data-set-9-files-12,1,email
EFTA00430743.pdf,data-set-9-files-12,1,email
EFTA00430744.pdf,data-set-9-files-12,1,email
EFTA00430745.pdf,data-set-9-files-12,1,email
EFTA00430746.pdf,data-set-9-files-12,1,email
EFTA00430747.pdf,data-set-9-files-12,1,email
EFTA00430748.pdf,data-set-9-files-12,1,other
EFTA00430749.pdf,data-set-9-files-12,1,other
EFTA00430750.pdf,data-set-9-files-12,1,email
EFTA00430751.pdf,data-set-9-files-12,1,email
EFTA00430752.pdf,data-set-9-files-12,2,email
EFTA00430754.pdf,data-set-9-files-12,2,email
EFTA00430756.pdf,data-set-9-files-12,1,email
EFTA00430757.pdf,data-set-9-files-12,1,email
EFTA00430758.pdf,data-set-9-files-12,1,email
EFTA00430759.pdf,data-set-9-files-12,1,email
EFTA00430760.pdf,data-set-9-files-12,2,email
EFTA00430762.pdf,data-set-9-files-12,2,email
EFTA00430764.pdf,data-set-9-files-12,1,email
EFTA00430765.pdf,data-set-9-files-12,1,email
EFTA00430766.pdf,data-set-9-files-12,1,email
EFTA00430767.pdf,data-set-9-files-12,1,email
EFTA00430768.pdf,data-set-9-files-12,1,other
EFTA00430769.pdf,data-set-9-files-12,1,other
EFTA00430770.pdf,data-set-9-files-12,1,other
EFTA00430771.pdf,data-set-9-files-12,2,other
EFTA00430773.pdf,data-set-9-files-12,1,other
EFTA00430774.pdf,data-set-9-files-12,1,other
EFTA00430775.pdf,data-set-9-files-12,1,other
EFTA00430776.pdf,data-set-9-files-12,1,other
EFTA00430777.pdf,data-set-9-files-12,1,other
EFTA00430778.pdf,data-set-9-files-12,1,email
EFTA00430779.pdf,data-set-9-files-12,1,email
EFTA00430780.pdf,data-set-9-files-12,1,email
EFTA00430781.pdf,data-set-9-files-12,1,email
EFTA00430782.pdf,data-set-9-files-12,1,email
EFTA00430783.pdf,data-set-9-files-12,1,email
EFTA00430784.pdf,data-set-9-files-12,1,other
EFTA00430785.pdf,data-set-9-files-12,1,other
EFTA00430786.pdf,data-set-9-files-12,1,email
EFTA00430787.pdf,data-set-9-files-12,1,email
EFTA00430788.pdf,data-set-9-files-12,1,email
EFTA00430789.pdf,data-set-9-files-12,1,other
EFTA00430790.pdf,data-set-9-files-12,1,other
EFTA00430791.pdf,data-set-9-files-12,1,other
EFTA00430792.pdf,data-set-9-files-12,1,other
EFTA00430793.pdf,data-set-9-files-12,1,other
EFTA00430794.pdf,data-set-9-files-12,1,email
EFTA00430795.pdf,data-set-9-files-12,1,email
EFTA00430796.pdf,data-set-9-files-12,1,email
EFTA00430797.pdf,data-set-9-files-12,1,other
EFTA00430798.pdf,data-set-9-files-12,1,other
EFTA00430799.pdf,data-set-9-files-12,1,email
EFTA00430800.pdf,data-set-9-files-12,1,email
EFTA00430801.pdf,data-set-9-files-12,2,email
EFTA00430803.pdf,data-set-9-files-12,1,email
EFTA00430804.pdf,data-set-9-files-12,1,email
EFTA00430805.pdf,data-set-9-files-12,1,email
EFTA00430806.pdf,data-set-9-files-12,2,email
EFTA00430808.pdf,data-set-9-files-12,4,email
EFTA00430812.pdf,data-set-9-files-12,2,email
EFTA00430814.pdf,data-set-9-files-12,1,email
EFTA00430815.pdf,data-set-9-files-12,1,other
EFTA00430816.pdf,data-set-9-files-12,1,email
EFTA00430817.pdf,data-set-9-files-12,1,email
EFTA00430818.pdf,data-set-9-files-12,1,other
EFTA00430819.pdf,data-set-9-files-12,1,email
EFTA00430820.pdf,data-set-9-files-12,2,email
EFTA00430822.pdf,data-set-9-files-12,1,email
EFTA00430823.pdf,data-set-9-files-12,4,email
EFTA00430827.pdf,data-set-9-files-12,1,email
EFTA00430828.pdf,data-set-9-files-12,1,other
EFTA00430829.pdf,data-set-9-files-12,1,email
EFTA00430830.pdf,data-set-9-files-12,1,email
EFTA00430831.pdf,data-set-9-files-12,1,email
EFTA00430832.pdf,data-set-9-files-12,1,email
EFTA00430833.pdf,data-set-9-files-12,1,email
EFTA00430834.pdf,data-set-9-files-12,2,email
EFTA00430836.pdf,data-set-9-files-12,1,email
EFTA00430837.pdf,data-set-9-files-12,1,email
EFTA00430838.pdf,data-set-9-files-12,1,email
EFTA00430839.pdf,data-set-9-files-12,1,email
EFTA00430840.pdf,data-set-9-files-12,4,email
EFTA00430844.pdf,data-set-9-files-12,1,email
EFTA00430845.pdf,data-set-9-files-12,1,email
EFTA00430846.pdf,data-set-9-files-12,1,email
EFTA00430847.pdf,data-set-9-files-12,1,email
EFTA00430848.pdf,data-set-9-files-12,1,email
EFTA00430849.pdf,data-set-9-files-12,1,email
EFTA00430850.pdf,data-set-9-files-12,1,email
EFTA00430851.pdf,data-set-9-files-12,1,email
EFTA00430852.pdf,data-set-9-files-12,1,email
EFTA00430853.pdf,data-set-9-files-12,1,email
EFTA00430854.pdf,data-set-9-files-12,1,email
EFTA00430855.pdf,data-set-9-files-12,1,email
EFTA00430856.pdf,data-set-9-files-12,1,other
EFTA00430857.pdf,data-set-9-files-12,1,other
EFTA00430858.pdf,data-set-9-files-12,1,other
EFTA00430859.pdf,data-set-9-files-12,1,other
EFTA00430860.pdf,data-set-9-files-12,1,email
EFTA00430861.pdf,data-set-9-files-12,1,email
EFTA00430862.pdf,data-set-9-files-12,1,email
EFTA00430863.pdf,data-set-9-files-12,1,email
EFTA00430864.pdf,data-set-9-files-12,2,email
EFTA00430866.pdf,data-set-9-files-12,1,email
EFTA00430867.pdf,data-set-9-files-12,1,email
EFTA00430868.pdf,data-set-9-files-12,1,email
EFTA00430869.pdf,data-set-9-files-12,1,email
EFTA00430870.pdf,data-set-9-files-12,1,email
EFTA00430871.pdf,data-set-9-files-12,2,email
EFTA00430873.pdf,data-set-9-files-12,4,email
EFTA00430877.pdf,data-set-9-files-12,1,email
EFTA00430878.pdf,data-set-9-files-12,1,other
EFTA00430879.pdf,data-set-9-files-12,1,email
EFTA00430880.pdf,data-set-9-files-12,1,email
EFTA00430881.pdf,data-set-9-files-12,4,email
EFTA00430885.pdf,data-set-9-files-12,2,email
EFTA00430887.pdf,data-set-9-files-12,1,other
EFTA00430888.pdf,data-set-9-files-12,1,other
EFTA00430889.pdf,data-set-9-files-12,1,other
EFTA00430890.pdf,data-set-9-files-12,1,email
EFTA00430891.pdf,data-set-9-files-12,1,email
EFTA00430892.pdf,data-set-9-files-12,1,email
EFTA00430893.pdf,data-set-9-files-12,1,email
EFTA00430894.pdf,data-set-9-files-12,1,email
EFTA00430895.pdf,data-set-9-files-12,1,email
EFTA00430896.pdf,data-set-9-files-12,1,email
EFTA00430897.pdf,data-set-9-files-12,1,email
EFTA00430898.pdf,data-set-9-files-12,2,email
EFTA00430900.pdf,data-set-9-files-12,1,email
EFTA00430901.pdf,data-set-9-files-12,1,other
EFTA00430902.pdf,data-set-9-files-12,1,email
EFTA00430903.pdf,data-set-9-files-12,1,email
EFTA00430904.pdf,data-set-9-files-12,1,email
EFTA00430905.pdf,data-set-9-files-12,1,other
EFTA00430906.pdf,data-set-9-files-12,1,other
EFTA00430907.pdf,data-set-9-files-12,1,other
EFTA00430908.pdf,data-set-9-files-12,1,other
EFTA00430909.pdf,data-set-9-files-12,1,other
EFTA00430910.pdf,data-set-9-files-12,1,other
EFTA00430911.pdf,data-set-9-files-12,1,other
EFTA00430912.pdf,data-set-9-files-12,1,other
EFTA00430913.pdf,data-set-9-files-12,1,other
EFTA00430914.pdf,data-set-9-files-12,1,other
EFTA00430915.pdf,data-set-9-files-12,1,email
EFTA00430916.pdf,data-set-9-files-12,1,other
EFTA00430917.pdf,data-set-9-files-12,1,other
EFTA00430918.pdf,data-set-9-files-12,4,email
EFTA00430922.pdf,data-set-9-files-12,1,other
EFTA00430923.pdf,data-set-9-files-12,4,email
EFTA00430927.pdf,data-set-9-files-12,4,email
EFTA00430931.pdf,data-set-9-files-12,1,email
EFTA00430932.pdf,data-set-9-files-12,1,email
EFTA00430933.pdf,data-set-9-files-12,2,email
EFTA00430935.pdf,data-set-9-files-12,2,email
EFTA00430937.pdf,data-set-9-files-12,1,email
EFTA00430938.pdf,data-set-9-files-12,1,other
EFTA00430939.pdf,data-set-9-files-12,1,email
EFTA00430940.pdf,data-set-9-files-12,1,other
EFTA00430941.pdf,data-set-9-files-12,1,email
EFTA00430942.pdf,data-set-9-files-12,1,email
EFTA00430943.pdf,data-set-9-files-12,1,email
EFTA00430944.pdf,data-set-9-files-12,1,email
EFTA00430945.pdf,data-set-9-files-12,2,email
EFTA00430947.pdf,data-set-9-files-12,2,email
EFTA00430949.pdf,data-set-9-files-12,2,email
EFTA00430951.pdf,data-set-9-files-12,1,other
EFTA00430952.pdf,data-set-9-files-12,2,email
EFTA00430954.pdf,data-set-9-files-12,1,other
EFTA00430955.pdf,data-set-9-files-12,2,email
EFTA00430957.pdf,data-set-9-files-12,2,email
EFTA00430959.pdf,data-set-9-files-12,1,email
EFTA00430960.pdf,data-set-9-files-12,1,email
EFTA00430961.pdf,data-set-9-files-12,1,email
EFTA00430962.pdf,data-set-9-files-12,1,email
EFTA00430963.pdf,data-set-9-files-12,1,email
EFTA00430964.pdf,data-set-9-files-12,1,email
EFTA00430965.pdf,data-set-9-files-12,1,email
EFTA00430966.pdf,data-set-9-files-12,1,email
EFTA00430967.pdf,data-set-9-files-12,1,email
EFTA00430968.pdf,data-set-9-files-12,1,email
EFTA00430969.pdf,data-set-9-files-12,1,email
EFTA00430970.pdf,data-set-9-files-12,2,email
EFTA00430972.pdf,data-set-9-files-12,1,email
EFTA00430973.pdf,data-set-9-files-12,2,email
EFTA00430975.pdf,data-set-9-files-12,1,other
EFTA00430976.pdf,data-set-9-files-12,1,other
EFTA00430977.pdf,data-set-9-files-12,1,other
EFTA00430978.pdf,data-set-9-files-12,1,other
EFTA00430979.pdf,data-set-9-files-12,1,email
EFTA00430980.pdf,data-set-9-files-12,1,other
EFTA00430981.pdf,data-set-9-files-12,1,email
EFTA00430982.pdf,data-set-9-files-12,1,email
EFTA00430983.pdf,data-set-9-files-12,1,email
EFTA00430984.pdf,data-set-9-files-12,1,email
EFTA00430985.pdf,data-set-9-files-12,1,other
EFTA00430986.pdf,data-set-9-files-12,1,other
EFTA00430987.pdf,data-set-9-files-12,1,other
EFTA00430988.pdf,data-set-9-files-12,1,email
EFTA00430989.pdf,data-set-9-files-12,1,email
EFTA00430990.pdf,data-set-9-files-12,1,email
EFTA00430991.pdf,data-set-9-files-12,1,email
EFTA00430992.pdf,data-set-9-files-12,2,email
EFTA00430994.pdf,data-set-9-files-12,1,email
EFTA00430995.pdf,data-set-9-files-12,1,other
EFTA00430996.pdf,data-set-9-files-12,1,other
EFTA00430997.pdf,data-set-9-files-12,1,other
EFTA00430998.pdf,data-set-9-files-12,2,email
EFTA00431000.pdf,data-set-9-files-12,3,email
EFTA00431003.pdf,data-set-9-files-12,1,email
EFTA00431004.pdf,data-set-9-files-12,1,email
EFTA00431005.pdf,data-set-9-files-12,3,email
EFTA00431008.pdf,data-set-9-files-12,1,email
EFTA00431009.pdf,data-set-9-files-12,2,email
EFTA00431011.pdf,data-set-9-files-12,1,email
EFTA00431012.pdf,data-set-9-files-12,2,email
EFTA00431014.pdf,data-set-9-files-12,2,email
EFTA00431016.pdf,data-set-9-files-12,1,other
EFTA00431017.pdf,data-set-9-files-12,1,email
EFTA00431018.pdf,data-set-9-files-12,1,email
EFTA00431019.pdf,data-set-9-files-12,1,email
EFTA00431020.pdf,data-set-9-files-12,1,email
EFTA00431021.pdf,data-set-9-files-12,1,email
EFTA00431022.pdf,data-set-9-files-12,2,email
EFTA00431024.pdf,data-set-9-files-12,1,email
EFTA00431025.pdf,data-set-9-files-12,1,other
EFTA00431026.pdf,data-set-9-files-12,1,other
EFTA00431027.pdf,data-set-9-files-12,1,email
EFTA00431028.pdf,data-set-9-files-12,1,email
EFTA00431029.pdf,data-set-9-files-12,1,other
EFTA00431030.pdf,data-set-9-files-12,1,email
EFTA00431031.pdf,data-set-9-files-12,1,email
EFTA00431032.pdf,data-set-9-files-12,1,email
EFTA00431033.pdf,data-set-9-files-12,1,email
EFTA00431034.pdf,data-set-9-files-12,1,email
EFTA00431035.pdf,data-set-9-files-12,1,email
EFTA00431036.pdf,data-set-9-files-12,2,email
EFTA00431038.pdf,data-set-9-files-12,1,email
EFTA00431039.pdf,data-set-9-files-12,2,email
EFTA00431041.pdf,data-set-9-files-12,1,email
EFTA00431042.pdf,data-set-9-files-12,1,email
EFTA00431043.pdf,data-set-9-files-12,1,email
EFTA00431044.pdf,data-set-9-files-12,1,email
EFTA00431045.pdf,data-set-9-files-12,1,email
EFTA00431046.pdf,data-set-9-files-12,1,email
EFTA00431047.pdf,data-set-9-files-12,1,email
EFTA00431048.pdf,data-set-9-files-12,1,email
EFTA00431049.pdf,data-set-9-files-12,1,email
EFTA00431050.pdf,data-set-9-files-12,1,email
EFTA00431051.pdf,data-set-9-files-12,1,email
EFTA00431052.pdf,data-set-9-files-12,1,other
EFTA00431053.pdf,data-set-9-files-12,1,email
EFTA00431054.pdf,data-set-9-files-12,1,email
EFTA00431055.pdf,data-set-9-files-12,1,email
EFTA00431056.pdf,data-set-9-files-12,1,email
EFTA00431057.pdf,data-set-9-files-12,1,email
EFTA00431058.pdf,data-set-9-files-12,1,email
EFTA00431059.pdf,data-set-9-files-12,1,email
EFTA00431060.pdf,data-set-9-files-12,1,email
EFTA00431061.pdf,data-set-9-files-12,1,email
EFTA00431062.pdf,data-set-9-files-12,1,email
EFTA00431063.pdf,data-set-9-files-12,1,email
EFTA00431064.pdf,data-set-9-files-12,1,email
EFTA00431065.pdf,data-set-9-files-12,1,email
EFTA00431066.pdf,data-set-9-files-12,1,other
EFTA00431067.pdf,data-set-9-files-12,1,other
EFTA00431068.pdf,data-set-9-files-12,1,other
EFTA00431069.pdf,data-set-9-files-12,1,other
EFTA00431070.pdf,data-set-9-files-12,1,email
EFTA00431071.pdf,data-set-9-files-12,1,email
EFTA00431072.pdf,data-set-9-files-12,1,email
EFTA00431073.pdf,data-set-9-files-12,2,other
EFTA00431075.pdf,data-set-9-files-12,1,email
EFTA00431076.pdf,data-set-9-files-12,1,email
EFTA00431077.pdf,data-set-9-files-12,1,email
EFTA00431078.pdf,data-set-9-files-12,1,email
EFTA00431079.pdf,data-set-9-files-12,1,email
EFTA00431080.pdf,data-set-9-files-12,1,email
EFTA00431081.pdf,data-set-9-files-12,1,email
EFTA00431082.pdf,data-set-9-files-12,1,email
EFTA00431083.pdf,data-set-9-files-12,2,email
EFTA00431085.pdf,data-set-9-files-12,2,email
EFTA00431087.pdf,data-set-9-files-12,3,email
EFTA00431090.pdf,data-set-9-files-12,1,email
EFTA00431091.pdf,data-set-9-files-12,1,email
EFTA00431092.pdf,data-set-9-files-12,1,email
EFTA00431093.pdf,data-set-9-files-12,2,email
EFTA00431095.pdf,data-set-9-files-12,2,email
EFTA00431097.pdf,data-set-9-files-12,6,email
EFTA00431103.pdf,data-set-9-files-12,5,email
EFTA00431108.pdf,data-set-9-files-12,1,other
EFTA00431109.pdf,data-set-9-files-12,1,other
EFTA00431110.pdf,data-set-9-files-12,2,email
EFTA00431112.pdf,data-set-9-files-12,1,email
EFTA00431113.pdf,data-set-9-files-12,2,email
EFTA00431115.pdf,data-set-9-files-12,1,email
EFTA00431116.pdf,data-set-9-files-12,1,email
EFTA00431117.pdf,data-set-9-files-12,1,other
EFTA00431118.pdf,data-set-9-files-12,1,other
EFTA00431119.pdf,data-set-9-files-12,1,email
EFTA00431120.pdf,data-set-9-files-12,3,email
EFTA00431123.pdf,data-set-9-files-12,1,email
EFTA00431124.pdf,data-set-9-files-12,1,email
EFTA00431125.pdf,data-set-9-files-12,1,email
EFTA00431126.pdf,data-set-9-files-12,1,email
EFTA00431127.pdf,data-set-9-files-12,1,email
EFTA00431128.pdf,data-set-9-files-12,1,email
EFTA00431129.pdf,data-set-9-files-12,1,email
EFTA00431130.pdf,data-set-9-files-12,1,email
EFTA00431131.pdf,data-set-9-files-12,1,other
EFTA00431132.pdf,data-set-9-files-12,1,email
EFTA00431133.pdf,data-set-9-files-12,1,email
EFTA00431134.pdf,data-set-9-files-12,2,email
EFTA00431136.pdf,data-set-9-files-12,1,email
EFTA00431137.pdf,data-set-9-files-12,1,email
EFTA00431138.pdf,data-set-9-files-12,1,email
EFTA00431139.pdf,data-set-9-files-12,2,email
EFTA00431141.pdf,data-set-9-files-12,1,email
EFTA00431142.pdf,data-set-9-files-12,1,email
EFTA00431143.pdf,data-set-9-files-12,1,email
EFTA00431144.pdf,data-set-9-files-12,1,email
EFTA00431145.pdf,data-set-9-files-12,1,email
EFTA00431146.pdf,data-set-9-files-12,1,other
EFTA00431147.pdf,data-set-9-files-12,1,email
EFTA00431148.pdf,data-set-9-files-12,1,email
EFTA00431149.pdf,data-set-9-files-12,2,email
EFTA00431151.pdf,data-set-9-files-12,1,email
EFTA00431152.pdf,data-set-9-files-12,1,email
EFTA00431153.pdf,data-set-9-files-12,1,email
EFTA00431154.pdf,data-set-9-files-12,1,email
EFTA00431155.pdf,data-set-9-files-12,1,email
EFTA00431156.pdf,data-set-9-files-12,2,email
EFTA00431158.pdf,data-set-9-files-12,1,email
EFTA00431159.pdf,data-set-9-files-12,1,email
EFTA00431160.pdf,data-set-9-files-12,1,email
EFTA00431161.pdf,data-set-9-files-12,2,email
EFTA00431163.pdf,data-set-9-files-12,1,email
EFTA00431164.pdf,data-set-9-files-12,1,other
EFTA00431165.pdf,data-set-9-files-12,1,email
EFTA00431166.pdf,data-set-9-files-12,1,email
EFTA00431167.pdf,data-set-9-files-12,2,email
EFTA00431169.pdf,data-set-9-files-12,1,email
EFTA00431170.pdf,data-set-9-files-12,1,email
EFTA00431171.pdf,data-set-9-files-12,1,email
EFTA00431172.pdf,data-set-9-files-12,1,email
EFTA00431173.pdf,data-set-9-files-12,1,other
EFTA00431174.pdf,data-set-9-files-12,1,other
EFTA00431175.pdf,data-set-9-files-12,1,email
EFTA00431176.pdf,data-set-9-files-12,2,email
EFTA00431178.pdf,data-set-9-files-12,1,email
EFTA00431179.pdf,data-set-9-files-12,1,email
EFTA00431180.pdf,data-set-9-files-12,1,email
EFTA00431181.pdf,data-set-9-files-12,1,email
EFTA00431182.pdf,data-set-9-files-12,1,email
EFTA00431183.pdf,data-set-9-files-12,1,email
EFTA00431184.pdf,data-set-9-files-12,1,email
EFTA00431185.pdf,data-set-9-files-12,1,email
EFTA00431186.pdf,data-set-9-files-12,1,email
EFTA00431187.pdf,data-set-9-files-12,1,email
EFTA00431188.pdf,data-set-9-files-12,1,email
EFTA00431189.pdf,data-set-9-files-12,1,email
EFTA00431190.pdf,data-set-9-files-12,1,email
EFTA00431191.pdf,data-set-9-files-12,1,email
EFTA00431192.pdf,data-set-9-files-12,1,email
EFTA00431193.pdf,data-set-9-files-12,1,other
EFTA00431194.pdf,data-set-9-files-12,1,other
EFTA00431195.pdf,data-set-9-files-12,1,email
EFTA00431196.pdf,data-set-9-files-12,1,email
EFTA00431197.pdf,data-set-9-files-12,1,email
EFTA00431198.pdf,data-set-9-files-12,2,email
EFTA00431200.pdf,data-set-9-files-12,1,email
EFTA00431201.pdf,data-set-9-files-12,1,email
EFTA00431202.pdf,data-set-9-files-12,1,email
EFTA00431203.pdf,data-set-9-files-12,1,email
EFTA00431204.pdf,data-set-9-files-12,1,email
EFTA00431205.pdf,data-set-9-files-12,1,email
EFTA00431206.pdf,data-set-9-files-12,1,email
EFTA00431207.pdf,data-set-9-files-12,1,email
EFTA00431208.pdf,data-set-9-files-12,1,email
EFTA00431209.pdf,data-set-9-files-12,1,email
EFTA00431210.pdf,data-set-9-files-12,1,email
EFTA00431211.pdf,data-set-9-files-12,1,email
EFTA00431212.pdf,data-set-9-files-12,1,email
EFTA00431213.pdf,data-set-9-files-12,1,other
EFTA00431214.pdf,data-set-9-files-12,1,email
EFTA00431215.pdf,data-set-9-files-12,1,email
EFTA00431216.pdf,data-set-9-files-12,2,email
EFTA00431218.pdf,data-set-9-files-12,1,email
EFTA00431219.pdf,data-set-9-files-12,2,email
EFTA00431221.pdf,data-set-9-files-12,1,email
EFTA00431222.pdf,data-set-9-files-12,1,email
EFTA00431223.pdf,data-set-9-files-12,2,email
EFTA00431225.pdf,data-set-9-files-12,2,email
EFTA00431227.pdf,data-set-9-files-12,2,email
EFTA00431229.pdf,data-set-9-files-12,1,email
EFTA00431230.pdf,data-set-9-files-12,1,email
EFTA00431231.pdf,data-set-9-files-12,1,email
EFTA00431232.pdf,data-set-9-files-12,1,email
EFTA00431233.pdf,data-set-9-files-12,1,email
EFTA00431234.pdf,data-set-9-files-12,1,email
EFTA00431235.pdf,data-set-9-files-12,1,email
EFTA00431236.pdf,data-set-9-files-12,2,email
EFTA00431238.pdf,data-set-9-files-12,2,email
EFTA00431240.pdf,data-set-9-files-12,2,email
EFTA00431242.pdf,data-set-9-files-12,2,email
EFTA00431244.pdf,data-set-9-files-12,1,email
EFTA00431245.pdf,data-set-9-files-12,1,other
EFTA00431246.pdf,data-set-9-files-12,1,other
EFTA00431247.pdf,data-set-9-files-12,1,other
EFTA00431248.pdf,data-set-9-files-12,1,other
EFTA00431249.pdf,data-set-9-files-12,1,other
EFTA00431250.pdf,data-set-9-files-12,1,other
EFTA00431251.pdf,data-set-9-files-12,2,email
EFTA00431253.pdf,data-set-9-files-12,1,other
EFTA00431254.pdf,data-set-9-files-12,1,other
EFTA00431255.pdf,data-set-9-files-12,1,other
EFTA00431256.pdf,data-set-9-files-12,1,email
EFTA00431257.pdf,data-set-9-files-12,1,other
EFTA00431258.pdf,data-set-9-files-12,2,email
EFTA00431260.pdf,data-set-9-files-12,1,email
EFTA00431261.pdf,data-set-9-files-12,1,other
EFTA00431262.pdf,data-set-9-files-12,1,email
EFTA00431263.pdf,data-set-9-files-12,1,other
EFTA00431264.pdf,data-set-9-files-12,1,other
EFTA00431265.pdf,data-set-9-files-12,1,email
EFTA00431266.pdf,data-set-9-files-12,1,other
EFTA00431267.pdf,data-set-9-files-12,1,other
EFTA00431268.pdf,data-set-9-files-12,1,other
EFTA00431269.pdf,data-set-9-files-12,1,email
EFTA00431270.pdf,data-set-9-files-12,1,email
EFTA00431271.pdf,data-set-9-files-12,1,other
EFTA00431272.pdf,data-set-9-files-12,2,email
EFTA00431274.pdf,data-set-9-files-12,2,email
EFTA00431276.pdf,data-set-9-files-12,2,email
EFTA00431278.pdf,data-set-9-files-12,1,other
EFTA00431279.pdf,data-set-9-files-12,1,other
EFTA00431280.pdf,data-set-9-files-12,1,email
EFTA00431281.pdf,data-set-9-files-12,1,email
EFTA00431282.pdf,data-set-9-files-12,1,email
EFTA00431283.pdf,data-set-9-files-12,3,email
EFTA00431286.pdf,data-set-9-files-12,2,email
EFTA00431288.pdf,data-set-9-files-12,1,email
EFTA00431289.pdf,data-set-9-files-12,6,email
EFTA00431295.pdf,data-set-9-files-12,3,email
EFTA00431298.pdf,data-set-9-files-12,1,email
EFTA00431299.pdf,data-set-9-files-12,1,email
EFTA00431300.pdf,data-set-9-files-12,1,email
EFTA00431301.pdf,data-set-9-files-12,1,email
EFTA00431302.pdf,data-set-9-files-12,1,email
EFTA00431303.pdf,data-set-9-files-12,1,email
EFTA00431304.pdf,data-set-9-files-12,1,email
EFTA00431305.pdf,data-set-9-files-12,1,email
EFTA00431306.pdf,data-set-9-files-12,2,email
EFTA00431308.pdf,data-set-9-files-12,3,email
EFTA00431311.pdf,data-set-9-files-12,3,email
EFTA00431314.pdf,data-set-9-files-12,1,email
EFTA00431315.pdf,data-set-9-files-12,1,email
EFTA00431316.pdf,data-set-9-files-12,1,email
EFTA00431317.pdf,data-set-9-files-12,1,other
EFTA00431318.pdf,data-set-9-files-12,1,other
EFTA00431319.pdf,data-set-9-files-12,1,other
EFTA00431320.pdf,data-set-9-files-12,1,email
EFTA00431321.pdf,data-set-9-files-12,1,other
EFTA00431322.pdf,data-set-9-files-12,1,other
EFTA00431323.pdf,data-set-9-files-12,1,other
EFTA00431324.pdf,data-set-9-files-12,1,other
EFTA00431325.pdf,data-set-9-files-12,1,other
EFTA00431326.pdf,data-set-9-files-12,1,other
EFTA00431327.pdf,data-set-9-files-12,2,email
EFTA00431329.pdf,data-set-9-files-12,1,email
EFTA00431330.pdf,data-set-9-files-12,1,email
EFTA00431331.pdf,data-set-9-files-12,1,email
EFTA00431332.pdf,data-set-9-files-12,1,other
EFTA00431333.pdf,data-set-9-files-12,1,other
EFTA00431334.pdf,data-set-9-files-12,1,other
EFTA00431335.pdf,data-set-9-files-12,1,other
EFTA00431336.pdf,data-set-9-files-12,1,other
EFTA00431337.pdf,data-set-9-files-12,1,email
EFTA00431338.pdf,data-set-9-files-12,1,email
EFTA00431339.pdf,data-set-9-files-12,1,email
EFTA00431340.pdf,data-set-9-files-12,1,email
EFTA00431341.pdf,data-set-9-files-12,1,email
EFTA00431342.pdf,data-set-9-files-12,1,email
EFTA00431343.pdf,data-set-9-files-12,1,email
EFTA00431344.pdf,data-set-9-files-12,1,email
EFTA00431345.pdf,data-set-9-files-12,1,email
EFTA00431346.pdf,data-set-9-files-12,1,email
EFTA00431347.pdf,data-set-9-files-12,2,email
EFTA00431349.pdf,data-set-9-files-12,1,other
EFTA00431350.pdf,data-set-9-files-12,1,other
EFTA00431351.pdf,data-set-9-files-12,1,email
EFTA00431352.pdf,data-set-9-files-12,1,other
EFTA00431353.pdf,data-set-9-files-12,1,other
EFTA00431354.pdf,data-set-9-files-12,1,email
EFTA00431355.pdf,data-set-9-files-12,1,email
EFTA00431356.pdf,data-set-9-files-12,1,email
EFTA00431357.pdf,data-set-9-files-12,1,email
EFTA00431358.pdf,data-set-9-files-12,1,email
EFTA00431359.pdf,data-set-9-files-12,1,other
EFTA00431360.pdf,data-set-9-files-12,1,other
EFTA00431361.pdf,data-set-9-files-12,1,email
EFTA00431362.pdf,data-set-9-files-12,1,email
EFTA00431363.pdf,data-set-9-files-12,1,email
EFTA00431364.pdf,data-set-9-files-12,1,email
EFTA00431365.pdf,data-set-9-files-12,1,email
EFTA00431366.pdf,data-set-9-files-12,1,email
EFTA00431367.pdf,data-set-9-files-12,1,email
EFTA00431368.pdf,data-set-9-files-12,1,email
EFTA00431369.pdf,data-set-9-files-12,1,email
EFTA00431370.pdf,data-set-9-files-12,1,email
EFTA00431371.pdf,data-set-9-files-12,1,email
EFTA00431372.pdf,data-set-9-files-12,3,email
EFTA00431375.pdf,data-set-9-files-12,1,email
EFTA00431376.pdf,data-set-9-files-12,3,email
EFTA00431379.pdf,data-set-9-files-12,3,email
EFTA00431382.pdf,data-set-9-files-12,1,email
EFTA00431383.pdf,data-set-9-files-12,1,other
EFTA00431384.pdf,data-set-9-files-12,1,other
EFTA00431385.pdf,data-set-9-files-12,1,other
EFTA00431386.pdf,data-set-9-files-12,1,other
EFTA00431387.pdf,data-set-9-files-12,1,email
EFTA00431388.pdf,data-set-9-files-12,3,email
EFTA00431391.pdf,data-set-9-files-12,1,email
EFTA00431392.pdf,data-set-9-files-12,2,email
EFTA00431394.pdf,data-set-9-files-12,1,email
EFTA00431395.pdf,data-set-9-files-12,3,email
EFTA00431398.pdf,data-set-9-files-12,1,email
EFTA00431399.pdf,data-set-9-files-12,1,other
EFTA00431400.pdf,data-set-9-files-12,1,other
EFTA00431401.pdf,data-set-9-files-12,1,other
EFTA00431402.pdf,data-set-9-files-12,1,email
EFTA00431403.pdf,data-set-9-files-12,1,other
EFTA00431404.pdf,data-set-9-files-12,1,email
EFTA00431405.pdf,data-set-9-files-12,1,other
EFTA00431406.pdf,data-set-9-files-12,1,other
EFTA00431407.pdf,data-set-9-files-12,1,other
EFTA00431408.pdf,data-set-9-files-12,1,email
EFTA00431409.pdf,data-set-9-files-12,1,other
EFTA00431410.pdf,data-set-9-files-12,1,other
EFTA00431411.pdf,data-set-9-files-12,1,other
EFTA00431412.pdf,data-set-9-files-12,1,email
EFTA00431413.pdf,data-set-9-files-12,1,other
EFTA00431414.pdf,data-set-9-files-12,3,email
EFTA00431417.pdf,data-set-9-files-12,1,email
EFTA00431418.pdf,data-set-9-files-12,1,email
EFTA00431419.pdf,data-set-9-files-12,1,email
EFTA00431420.pdf,data-set-9-files-12,1,email
EFTA00431421.pdf,data-set-9-files-12,1,other
EFTA00431422.pdf,data-set-9-files-12,1,email
EFTA00431423.pdf,data-set-9-files-12,1,other
EFTA00431424.pdf,data-set-9-files-12,3,email
EFTA00431427.pdf,data-set-9-files-12,1,email
EFTA00431428.pdf,data-set-9-files-12,1,email
EFTA00431429.pdf,data-set-9-files-12,2,email
EFTA00431431.pdf,data-set-9-files-12,3,email
EFTA00431434.pdf,data-set-9-files-12,1,other
EFTA00431435.pdf,data-set-9-files-12,1,email
EFTA00431436.pdf,data-set-9-files-12,1,email
EFTA00431437.pdf,data-set-9-files-12,1,email
EFTA00431438.pdf,data-set-9-files-12,1,email
EFTA00431439.pdf,data-set-9-files-12,1,other
EFTA00431440.pdf,data-set-9-files-12,1,other
EFTA00431441.pdf,data-set-9-files-12,1,other
EFTA00431442.pdf,data-set-9-files-12,1,email
EFTA00431443.pdf,data-set-9-files-12,1,email
EFTA00431444.pdf,data-set-9-files-12,1,email
EFTA00431445.pdf,data-set-9-files-12,1,email
EFTA00431446.pdf,data-set-9-files-12,2,email
EFTA00431448.pdf,data-set-9-files-12,1,email
EFTA00431449.pdf,data-set-9-files-12,1,email
EFTA00431450.pdf,data-set-9-files-12,2,email
EFTA00431452.pdf,data-set-9-files-12,1,email
EFTA00431453.pdf,data-set-9-files-12,1,other
EFTA00431454.pdf,data-set-9-files-12,1,other
EFTA00431455.pdf,data-set-9-files-12,1,other
EFTA00431456.pdf,data-set-9-files-12,1,other
EFTA00431457.pdf,data-set-9-files-12,1,other
EFTA00431458.pdf,data-set-9-files-12,1,email
EFTA00431459.pdf,data-set-9-files-12,1,other
EFTA00431460.pdf,data-set-9-files-12,1,other
EFTA00431461.pdf,data-set-9-files-12,1,other
EFTA00431462.pdf,data-set-9-files-12,1,other
EFTA00431463.pdf,data-set-9-files-12,1,other
EFTA00431464.pdf,data-set-9-files-12,1,email
EFTA00431465.pdf,data-set-9-files-12,1,email
EFTA00431466.pdf,data-set-9-files-12,1,email
EFTA00431467.pdf,data-set-9-files-12,1,email
EFTA00431468.pdf,data-set-9-files-12,1,email
EFTA00431469.pdf,data-set-9-files-12,1,other
EFTA00431470.pdf,data-set-9-files-12,1,other
EFTA00431471.pdf,data-set-9-files-12,1,email
EFTA00431472.pdf,data-set-9-files-12,1,email
EFTA00431473.pdf,data-set-9-files-12,1,email
EFTA00431474.pdf,data-set-9-files-12,1,email
EFTA00431475.pdf,data-set-9-files-12,1,other
EFTA00431476.pdf,data-set-9-files-12,1,other
EFTA00431477.pdf,data-set-9-files-12,1,other
EFTA00431478.pdf,data-set-9-files-12,1,email
EFTA00431479.pdf,data-set-9-files-12,1,email
EFTA00431480.pdf,data-set-9-files-12,1,email
EFTA00431481.pdf,data-set-9-files-12,1,email
EFTA00431482.pdf,data-set-9-files-12,1,email
EFTA00431483.pdf,data-set-9-files-12,2,email
EFTA00431485.pdf,data-set-9-files-12,1,email
EFTA00431486.pdf,data-set-9-files-12,1,email
EFTA00431487.pdf,data-set-9-files-12,1,email
EFTA00431488.pdf,data-set-9-files-12,1,email
EFTA00431489.pdf,data-set-9-files-12,1,email
EFTA00431490.pdf,data-set-9-files-12,1,email
EFTA00431491.pdf,data-set-9-files-12,1,other
EFTA00431492.pdf,data-set-9-files-12,4,email
EFTA00431496.pdf,data-set-9-files-12,3,email
EFTA00431499.pdf,data-set-9-files-12,1,email
EFTA00431500.pdf,data-set-9-files-12,1,other
EFTA00431501.pdf,data-set-9-files-12,1,email
EFTA00431502.pdf,data-set-9-files-12,1,email
EFTA00431503.pdf,data-set-9-files-12,1,email
EFTA00431504.pdf,data-set-9-files-12,1,email
EFTA00431505.pdf,data-set-9-files-12,1,other
EFTA00431506.pdf,data-set-9-files-12,1,email
EFTA00431507.pdf,data-set-9-files-12,2,email
EFTA00431509.pdf,data-set-9-files-12,1,email
EFTA00431510.pdf,data-set-9-files-12,3,email
EFTA00431513.pdf,data-set-9-files-12,1,email
EFTA00431514.pdf,data-set-9-files-12,1,email
EFTA00431515.pdf,data-set-9-files-12,2,email
EFTA00431517.pdf,data-set-9-files-12,1,other
EFTA00431518.pdf,data-set-9-files-12,1,other
EFTA00431519.pdf,data-set-9-files-12,1,other
EFTA00431520.pdf,data-set-9-files-12,1,email
EFTA00431521.pdf,data-set-9-files-12,1,other
EFTA00431522.pdf,data-set-9-files-12,2,email
EFTA00431524.pdf,data-set-9-files-12,2,email
EFTA00431526.pdf,data-set-9-files-12,1,email
EFTA00431527.pdf,data-set-9-files-12,1,email
EFTA00431528.pdf,data-set-9-files-12,1,email
EFTA00431529.pdf,data-set-9-files-12,1,email
EFTA00431530.pdf,data-set-9-files-12,1,email
EFTA00431531.pdf,data-set-9-files-12,1,email
EFTA00431532.pdf,data-set-9-files-12,4,email
EFTA00431536.pdf,data-set-9-files-12,1,other
EFTA00431537.pdf,data-set-9-files-12,1,email
EFTA00431538.pdf,data-set-9-files-12,1,other
EFTA00431539.pdf,data-set-9-files-12,1,other
EFTA00431540.pdf,data-set-9-files-12,1,other
EFTA00431541.pdf,data-set-9-files-12,1,other
EFTA00431542.pdf,data-set-9-files-12,1,other
EFTA00431543.pdf,data-set-9-files-12,2,email
EFTA00431545.pdf,data-set-9-files-12,1,email
EFTA00431546.pdf,data-set-9-files-12,1,email
EFTA00431547.pdf,data-set-9-files-12,1,email
EFTA00431548.pdf,data-set-9-files-12,2,email
EFTA00431550.pdf,data-set-9-files-12,2,email
EFTA00431552.pdf,data-set-9-files-12,1,email
EFTA00431553.pdf,data-set-9-files-12,1,other
EFTA00431554.pdf,data-set-9-files-12,1,other
EFTA00431555.pdf,data-set-9-files-12,1,email
EFTA00431556.pdf,data-set-9-files-12,3,email
EFTA00431559.pdf,data-set-9-files-12,1,email
EFTA00431560.pdf,data-set-9-files-12,1,other
EFTA00431561.pdf,data-set-9-files-12,1,email
EFTA00431562.pdf,data-set-9-files-12,1,email
EFTA00431563.pdf,data-set-9-files-12,1,email
EFTA00431564.pdf,data-set-9-files-12,1,other
EFTA00431565.pdf,data-set-9-files-12,1,email
EFTA00431566.pdf,data-set-9-files-12,1,email
EFTA00431567.pdf,data-set-9-files-12,1,other
EFTA00431568.pdf,data-set-9-files-12,1,email
EFTA00431569.pdf,data-set-9-files-12,1,other
EFTA00431570.pdf,data-set-9-files-12,1,email
EFTA00431571.pdf,data-set-9-files-12,1,other
EFTA00431572.pdf,data-set-9-files-12,1,other
EFTA00431573.pdf,data-set-9-files-12,1,email
EFTA00431574.pdf,data-set-9-files-12,1,email
EFTA00431575.pdf,data-set-9-files-12,1,other
EFTA00431576.pdf,data-set-9-files-12,1,email
EFTA00431577.pdf,data-set-9-files-12,1,email
EFTA00431578.pdf,data-set-9-files-12,1,other
EFTA00431579.pdf,data-set-9-files-12,1,other
EFTA00431580.pdf,data-set-9-files-12,1,other
EFTA00431581.pdf,data-set-9-files-12,1,other
EFTA00431582.pdf,data-set-9-files-12,1,email
EFTA00431583.pdf,data-set-9-files-12,1,email
EFTA00431584.pdf,data-set-9-files-12,1,email
EFTA00431585.pdf,data-set-9-files-12,2,email
EFTA00431587.pdf,data-set-9-files-12,2,email
EFTA00431589.pdf,data-set-9-files-12,2,email
EFTA00431591.pdf,data-set-9-files-12,1,email
EFTA00431592.pdf,data-set-9-files-12,1,other
EFTA00431593.pdf,data-set-9-files-12,1,other
EFTA00431594.pdf,data-set-9-files-12,1,email
EFTA00431595.pdf,data-set-9-files-12,1,email
EFTA00431596.pdf,data-set-9-files-12,1,other
EFTA00431597.pdf,data-set-9-files-12,1,other
EFTA00431598.pdf,data-set-9-files-12,1,other
EFTA00431599.pdf,data-set-9-files-12,1,other
EFTA00431600.pdf,data-set-9-files-12,1,email
EFTA00431601.pdf,data-set-9-files-12,1,email
EFTA00431602.pdf,data-set-9-files-12,1,email
EFTA00431603.pdf,data-set-9-files-12,1,email
EFTA00431604.pdf,data-set-9-files-12,1,email
EFTA00431605.pdf,data-set-9-files-12,1,other
EFTA00431606.pdf,data-set-9-files-12,1,email
EFTA00431607.pdf,data-set-9-files-12,1,email
EFTA00431608.pdf,data-set-9-files-12,1,email
EFTA00431609.pdf,data-set-9-files-12,1,email
EFTA00431610.pdf,data-set-9-files-12,1,email
EFTA00431611.pdf,data-set-9-files-12,1,email
EFTA00431612.pdf,data-set-9-files-12,1,email
EFTA00431613.pdf,data-set-9-files-12,2,email
EFTA00431615.pdf,data-set-9-files-12,1,email
EFTA00431616.pdf,data-set-9-files-12,1,email
EFTA00431617.pdf,data-set-9-files-12,1,email
EFTA00431618.pdf,data-set-9-files-12,1,other
EFTA00431619.pdf,data-set-9-files-12,1,other
EFTA00431620.pdf,data-set-9-files-12,1,other
EFTA00431621.pdf,data-set-9-files-12,1,other
EFTA00431622.pdf,data-set-9-files-12,1,email
EFTA00431623.pdf,data-set-9-files-12,1,other
EFTA00431624.pdf,data-set-9-files-12,1,other
EFTA00431625.pdf,data-set-9-files-12,1,other
EFTA00431626.pdf,data-set-9-files-12,1,other
EFTA00431627.pdf,data-set-9-files-12,1,other
EFTA00431628.pdf,data-set-9-files-12,1,email
EFTA00431629.pdf,data-set-9-files-12,2,email
EFTA00431631.pdf,data-set-9-files-12,1,email
EFTA00431632.pdf,data-set-9-files-12,1,email
EFTA00431633.pdf,data-set-9-files-12,2,email
EFTA00431635.pdf,data-set-9-files-12,2,email
EFTA00431637.pdf,data-set-9-files-12,2,email
EFTA00431639.pdf,data-set-9-files-12,3,email
EFTA00431642.pdf,data-set-9-files-12,2,email
EFTA00431644.pdf,data-set-9-files-12,1,email
EFTA00431645.pdf,data-set-9-files-12,1,email
EFTA00431646.pdf,data-set-9-files-12,1,email
EFTA00431647.pdf,data-set-9-files-12,3,email
EFTA00431650.pdf,data-set-9-files-12,1,email
EFTA00431651.pdf,data-set-9-files-12,1,email
EFTA00431652.pdf,data-set-9-files-12,1,email
EFTA00431653.pdf,data-set-9-files-12,1,email
EFTA00431654.pdf,data-set-9-files-12,2,email
EFTA00431656.pdf,data-set-9-files-12,2,email
EFTA00431658.pdf,data-set-9-files-12,1,email
EFTA00431659.pdf,data-set-9-files-12,1,email
EFTA00431660.pdf,data-set-9-files-12,1,email
EFTA00431661.pdf,data-set-9-files-12,1,email
EFTA00431662.pdf,data-set-9-files-12,1,other
EFTA00431663.pdf,data-set-9-files-12,1,email
EFTA00431664.pdf,data-set-9-files-12,1,email
EFTA00431665.pdf,data-set-9-files-12,1,email
EFTA00431666.pdf,data-set-9-files-12,1,email
EFTA00431667.pdf,data-set-9-files-12,1,email
EFTA00431668.pdf,data-set-9-files-12,1,email
EFTA00431669.pdf,data-set-9-files-12,1,email
EFTA00431670.pdf,data-set-9-files-12,1,email
EFTA00431671.pdf,data-set-9-files-12,2,email
EFTA00431673.pdf,data-set-9-files-12,1,email
EFTA00431674.pdf,data-set-9-files-12,1,email
EFTA00431675.pdf,data-set-9-files-12,1,email
EFTA00431676.pdf,data-set-9-files-12,1,email
EFTA00431677.pdf,data-set-9-files-12,1,email
EFTA00431678.pdf,data-set-9-files-12,1,email
EFTA00431679.pdf,data-set-9-files-12,1,email
EFTA00431680.pdf,data-set-9-files-12,1,email
EFTA00431681.pdf,data-set-9-files-12,1,email
EFTA00431682.pdf,data-set-9-files-12,1,other
EFTA00431683.pdf,data-set-9-files-12,2,email
EFTA00431685.pdf,data-set-9-files-12,1,other
EFTA00431686.pdf,data-set-9-files-12,1,other
EFTA00431687.pdf,data-set-9-files-12,1,other
EFTA00431688.pdf,data-set-9-files-12,1,email
EFTA00431689.pdf,data-set-9-files-12,2,email
EFTA00431691.pdf,data-set-9-files-12,1,other
EFTA00431692.pdf,data-set-9-files-12,1,other
EFTA00431693.pdf,data-set-9-files-12,1,email
EFTA00431694.pdf,data-set-9-files-12,1,email
EFTA00431695.pdf,data-set-9-files-12,2,email
EFTA00431697.pdf,data-set-9-files-12,1,other
EFTA00431698.pdf,data-set-9-files-12,1,other
EFTA00431699.pdf,data-set-9-files-12,1,other
EFTA00431700.pdf,data-set-9-files-12,2,email
EFTA00431702.pdf,data-set-9-files-12,1,email
EFTA00431703.pdf,data-set-9-files-12,1,email
EFTA00431704.pdf,data-set-9-files-12,1,other
EFTA00431705.pdf,data-set-9-files-12,1,email
EFTA00431706.pdf,data-set-9-files-12,2,email
EFTA00431708.pdf,data-set-9-files-12,1,email
EFTA00431709.pdf,data-set-9-files-12,1,email
EFTA00431710.pdf,data-set-9-files-12,1,other
EFTA00431711.pdf,data-set-9-files-12,1,other
EFTA00431712.pdf,data-set-9-files-12,1,other
EFTA00431713.pdf,data-set-9-files-12,1,other
EFTA00431714.pdf,data-set-9-files-12,1,email
EFTA00431715.pdf,data-set-9-files-12,1,email
EFTA00431716.pdf,data-set-9-files-12,1,other
EFTA00431717.pdf,data-set-9-files-12,1,email
EFTA00431718.pdf,data-set-9-files-12,1,email
EFTA00431719.pdf,data-set-9-files-12,1,email
EFTA00431720.pdf,data-set-9-files-12,1,email
EFTA00431721.pdf,data-set-9-files-12,1,email
EFTA00431722.pdf,data-set-9-files-12,1,email
EFTA00431723.pdf,data-set-9-files-12,1,email
EFTA00431724.pdf,data-set-9-files-12,1,email
EFTA00431725.pdf,data-set-9-files-12,1,email
EFTA00431726.pdf,data-set-9-files-12,1,other
EFTA00431727.pdf,data-set-9-files-12,1,other
EFTA00431728.pdf,data-set-9-files-12,1,other
EFTA00431729.pdf,data-set-9-files-12,1,other
EFTA00431730.pdf,data-set-9-files-12,2,email
EFTA00431732.pdf,data-set-9-files-12,2,email
EFTA00431734.pdf,data-set-9-files-12,1,email
EFTA00431735.pdf,data-set-9-files-12,1,other
EFTA00431736.pdf,data-set-9-files-12,1,email
EFTA00431737.pdf,data-set-9-files-12,1,other
EFTA00431738.pdf,data-set-9-files-12,1,other
EFTA00431739.pdf,data-set-9-files-12,1,other
EFTA00431740.pdf,data-set-9-files-12,1,other
EFTA00431741.pdf,data-set-9-files-12,1,email
EFTA00431742.pdf,data-set-9-files-12,1,email
EFTA00431743.pdf,data-set-9-files-12,1,other
EFTA00431744.pdf,data-set-9-files-12,1,other
EFTA00431745.pdf,data-set-9-files-12,1,other
EFTA00431746.pdf,data-set-9-files-12,1,email
EFTA00431747.pdf,data-set-9-files-12,1,other
EFTA00431748.pdf,data-set-9-files-12,1,other
EFTA00431749.pdf,data-set-9-files-12,1,other
EFTA00431750.pdf,data-set-9-files-12,1,other
EFTA00431751.pdf,data-set-9-files-12,1,other
EFTA00431752.pdf,data-set-9-files-12,1,other
EFTA00431753.pdf,data-set-9-files-12,1,other
EFTA00431754.pdf,data-set-9-files-12,1,other
EFTA00431755.pdf,data-set-9-files-12,1,other
EFTA00431756.pdf,data-set-9-files-12,1,other
EFTA00431757.pdf,data-set-9-files-12,1,email
EFTA00431758.pdf,data-set-9-files-12,1,email
EFTA00431759.pdf,data-set-9-files-12,1,email
EFTA00431760.pdf,data-set-9-files-12,2,email
EFTA00431762.pdf,data-set-9-files-12,2,email
EFTA00431764.pdf,data-set-9-files-12,1,email
EFTA00431765.pdf,data-set-9-files-12,1,other
EFTA00431766.pdf,data-set-9-files-12,1,other
EFTA00431767.pdf,data-set-9-files-12,1,other
EFTA00431768.pdf,data-set-9-files-12,1,other
EFTA00431769.pdf,data-set-9-files-12,1,other
EFTA00431770.pdf,data-set-9-files-12,1,email
EFTA00431771.pdf,data-set-9-files-12,1,email
EFTA00431772.pdf,data-set-9-files-12,1,email
EFTA00431773.pdf,data-set-9-files-12,1,email
EFTA00431774.pdf,data-set-9-files-12,1,email
EFTA00431775.pdf,data-set-9-files-12,1,email
EFTA00431776.pdf,data-set-9-files-12,1,email
EFTA00431777.pdf,data-set-9-files-12,1,email
EFTA00431778.pdf,data-set-9-files-12,1,email
EFTA00431779.pdf,data-set-9-files-12,2,email
EFTA00431781.pdf,data-set-9-files-12,1,email
EFTA00431782.pdf,data-set-9-files-12,1,email
EFTA00431783.pdf,data-set-9-files-12,1,email
EFTA00431784.pdf,data-set-9-files-12,1,email
EFTA00431785.pdf,data-set-9-files-12,1,email
EFTA00431786.pdf,data-set-9-files-12,1,email
EFTA00431787.pdf,data-set-9-files-12,1,email
EFTA00431788.pdf,data-set-9-files-12,1,email
EFTA00431789.pdf,data-set-9-files-12,1,email
EFTA00431790.pdf,data-set-9-files-12,2,email
EFTA00431792.pdf,data-set-9-files-12,2,email
EFTA00431794.pdf,data-set-9-files-12,1,email
EFTA00431795.pdf,data-set-9-files-12,1,email
EFTA00431796.pdf,data-set-9-files-12,2,email
EFTA00431798.pdf,data-set-9-files-12,2,email
EFTA00431800.pdf,data-set-9-files-12,2,email
EFTA00431802.pdf,data-set-9-files-12,1,email
EFTA00431803.pdf,data-set-9-files-12,1,email
EFTA00431804.pdf,data-set-9-files-12,2,email
EFTA00431806.pdf,data-set-9-files-12,1,email
EFTA00431807.pdf,data-set-9-files-12,1,email
EFTA00431808.pdf,data-set-9-files-12,1,other
EFTA00431809.pdf,data-set-9-files-12,1,other
EFTA00431810.pdf,data-set-9-files-12,1,other
EFTA00431811.pdf,data-set-9-files-12,1,other
EFTA00431812.pdf,data-set-9-files-12,1,other
EFTA00431813.pdf,data-set-9-files-12,1,other
EFTA00431814.pdf,data-set-9-files-12,1,other
EFTA00431815.pdf,data-set-9-files-12,1,other
EFTA00431816.pdf,data-set-9-files-12,1,other
EFTA00431817.pdf,data-set-9-files-12,1,other
EFTA00431818.pdf,data-set-9-files-12,1,email
EFTA00431819.pdf,data-set-9-files-12,1,email
EFTA00431820.pdf,data-set-9-files-12,2,email
EFTA00431822.pdf,data-set-9-files-12,1,email
EFTA00431823.pdf,data-set-9-files-12,1,email
EFTA00431824.pdf,data-set-9-files-12,1,other
EFTA00431825.pdf,data-set-9-files-12,1,email
EFTA00431826.pdf,data-set-9-files-12,1,email
EFTA00431827.pdf,data-set-9-files-12,1,email
EFTA00431828.pdf,data-set-9-files-12,1,email
EFTA00431829.pdf,data-set-9-files-12,1,email
EFTA00431830.pdf,data-set-9-files-12,1,email
EFTA00431831.pdf,data-set-9-files-12,1,email
EFTA00431832.pdf,data-set-9-files-12,1,email
EFTA00431833.pdf,data-set-9-files-12,1,email
EFTA00431834.pdf,data-set-9-files-12,1,other
EFTA00431835.pdf,data-set-9-files-12,1,email
EFTA00431836.pdf,data-set-9-files-12,1,other
EFTA00431837.pdf,data-set-9-files-12,1,other
EFTA00431838.pdf,data-set-9-files-12,1,other
EFTA00431839.pdf,data-set-9-files-12,1,email
EFTA00431840.pdf,data-set-9-files-12,3,email
EFTA00431843.pdf,data-set-9-files-12,2,email
EFTA00431845.pdf,data-set-9-files-12,1,other
EFTA00431846.pdf,data-set-9-files-12,1,other
EFTA00431847.pdf,data-set-9-files-12,1,other
EFTA00431848.pdf,data-set-9-files-12,1,email
EFTA00431849.pdf,data-set-9-files-12,1,email
EFTA00431850.pdf,data-set-9-files-12,1,other
EFTA00431851.pdf,data-set-9-files-12,1,other
EFTA00431852.pdf,data-set-9-files-12,1,email
EFTA00431853.pdf,data-set-9-files-12,1,email
EFTA00431854.pdf,data-set-9-files-12,1,email
EFTA00431855.pdf,data-set-9-files-12,2,email
EFTA00431857.pdf,data-set-9-files-12,2,email
EFTA00431859.pdf,data-set-9-files-12,2,email
EFTA00431861.pdf,data-set-9-files-12,1,email
EFTA00431862.pdf,data-set-9-files-12,1,email
EFTA00431863.pdf,data-set-9-files-12,1,email
EFTA00431864.pdf,data-set-9-files-12,1,email
EFTA00431865.pdf,data-set-9-files-12,1,email
EFTA00431866.pdf,data-set-9-files-12,2,email
EFTA00431868.pdf,data-set-9-files-12,2,email
EFTA00431870.pdf,data-set-9-files-12,1,email
EFTA00431871.pdf,data-set-9-files-12,1,email
EFTA00431872.pdf,data-set-9-files-12,1,email
EFTA00431873.pdf,data-set-9-files-12,1,other
EFTA00431874.pdf,data-set-9-files-12,1,email
EFTA00431875.pdf,data-set-9-files-12,1,other
EFTA00431876.pdf,data-set-9-files-12,1,email
EFTA00431877.pdf,data-set-9-files-12,1,email
EFTA00431878.pdf,data-set-9-files-12,1,email
EFTA00431879.pdf,data-set-9-files-12,1,email
EFTA00431880.pdf,data-set-9-files-12,1,email
EFTA00431881.pdf,data-set-9-files-12,1,email
EFTA00431882.pdf,data-set-9-files-12,1,email
EFTA00431883.pdf,data-set-9-files-12,1,email
EFTA00431884.pdf,data-set-9-files-12,1,email
EFTA00431885.pdf,data-set-9-files-12,1,email
EFTA00431886.pdf,data-set-9-files-12,2,email
EFTA00431888.pdf,data-set-9-files-12,1,other
EFTA00431889.pdf,data-set-9-files-12,1,other
EFTA00431890.pdf,data-set-9-files-12,1,email
EFTA00431891.pdf,data-set-9-files-12,1,email
EFTA00431892.pdf,data-set-9-files-12,1,other
EFTA00431893.pdf,data-set-9-files-12,1,other
EFTA00431894.pdf,data-set-9-files-12,1,other
EFTA00431895.pdf,data-set-9-files-12,1,email
EFTA00431896.pdf,data-set-9-files-12,2,email
EFTA00431898.pdf,data-set-9-files-12,1,email
EFTA00431899.pdf,data-set-9-files-12,1,other
EFTA00431900.pdf,data-set-9-files-12,1,other
EFTA00431901.pdf,data-set-9-files-12,1,other
EFTA00431902.pdf,data-set-9-files-12,1,other
EFTA00431903.pdf,data-set-9-files-12,1,other
EFTA00431904.pdf,data-set-9-files-12,1,other
EFTA00431905.pdf,data-set-9-files-12,1,email
EFTA00431906.pdf,data-set-9-files-12,1,email
EFTA00431907.pdf,data-set-9-files-12,1,email
EFTA00431908.pdf,data-set-9-files-12,2,email
EFTA00431910.pdf,data-set-9-files-12,1,email
EFTA00431911.pdf,data-set-9-files-12,1,email
EFTA00431912.pdf,data-set-9-files-12,1,other
EFTA00431913.pdf,data-set-9-files-12,1,email
EFTA00431914.pdf,data-set-9-files-12,1,email
EFTA00431915.pdf,data-set-9-files-12,1,email
EFTA00431916.pdf,data-set-9-files-12,1,email
EFTA00431917.pdf,data-set-9-files-12,1,other
EFTA00431918.pdf,data-set-9-files-12,1,email
EFTA00431919.pdf,data-set-9-files-12,1,email
EFTA00431920.pdf,data-set-9-files-12,1,other
EFTA00431921.pdf,data-set-9-files-12,1,other
EFTA00431922.pdf,data-set-9-files-12,1,other
EFTA00431923.pdf,data-set-9-files-12,1,other
EFTA00431924.pdf,data-set-9-files-12,1,other
EFTA00431925.pdf,data-set-9-files-12,1,email
EFTA00431926.pdf,data-set-9-files-12,1,email
EFTA00431927.pdf,data-set-9-files-12,1,email
EFTA00431928.pdf,data-set-9-files-12,1,other
EFTA00431929.pdf,data-set-9-files-12,1,other
EFTA00431930.pdf,data-set-9-files-12,1,email
EFTA00431931.pdf,data-set-9-files-12,1,email
EFTA00431932.pdf,data-set-9-files-12,2,email
EFTA00431934.pdf,data-set-9-files-12,2,email
EFTA00431936.pdf,data-set-9-files-12,1,email
EFTA00431937.pdf,data-set-9-files-12,1,other
EFTA00431938.pdf,data-set-9-files-12,1,other
EFTA00431939.pdf,data-set-9-files-12,1,other
EFTA00431940.pdf,data-set-9-files-12,3,email
EFTA00431943.pdf,data-set-9-files-12,1,other
EFTA00431944.pdf,data-set-9-files-12,1,other
EFTA00431945.pdf,data-set-9-files-12,1,other
EFTA00431946.pdf,data-set-9-files-12,1,other
EFTA00431947.pdf,data-set-9-files-12,1,other
EFTA00431948.pdf,data-set-9-files-12,1,other
EFTA00431949.pdf,data-set-9-files-12,1,email
EFTA00431950.pdf,data-set-9-files-12,1,email
EFTA00431951.pdf,data-set-9-files-12,1,email
EFTA00431952.pdf,data-set-9-files-12,1,email
EFTA00431953.pdf,data-set-9-files-12,1,email
EFTA00431954.pdf,data-set-9-files-12,1,email
EFTA00431955.pdf,data-set-9-files-12,1,email
EFTA00431956.pdf,data-set-9-files-12,1,email
EFTA00431957.pdf,data-set-9-files-12,2,email
EFTA00431959.pdf,data-set-9-files-12,1,email
EFTA00431960.pdf,data-set-9-files-12,2,email
EFTA00431962.pdf,data-set-9-files-12,1,other
EFTA00431963.pdf,data-set-9-files-12,2,email
EFTA00431965.pdf,data-set-9-files-12,1,email
EFTA00431966.pdf,data-set-9-files-12,1,email
EFTA00431967.pdf,data-set-9-files-12,1,email
EFTA00431968.pdf,data-set-9-files-12,1,email
EFTA00431969.pdf,data-set-9-files-12,1,email
EFTA00431970.pdf,data-set-9-files-12,1,email
EFTA00431971.pdf,data-set-9-files-12,1,email
EFTA00431972.pdf,data-set-9-files-12,1,email
EFTA00431973.pdf,data-set-9-files-12,2,email
EFTA00431975.pdf,data-set-9-files-12,1,email
EFTA00431976.pdf,data-set-9-files-12,1,other
EFTA00431977.pdf,data-set-9-files-12,1,email
EFTA00431978.pdf,data-set-9-files-12,1,email
EFTA00431979.pdf,data-set-9-files-12,1,email
EFTA00431980.pdf,data-set-9-files-12,1,email
EFTA00431981.pdf,data-set-9-files-12,1,email
EFTA00431982.pdf,data-set-9-files-12,1,email
EFTA00431983.pdf,data-set-9-files-12,1,email
EFTA00431984.pdf,data-set-9-files-12,1,other
EFTA00431985.pdf,data-set-9-files-12,1,other
EFTA00431986.pdf,data-set-9-files-12,1,other
EFTA00431987.pdf,data-set-9-files-12,1,email
EFTA00431988.pdf,data-set-9-files-12,1,email
EFTA00431989.pdf,data-set-9-files-12,1,email
EFTA00431990.pdf,data-set-9-files-12,1,other
EFTA00431991.pdf,data-set-9-files-12,2,email
EFTA00431993.pdf,data-set-9-files-12,1,email
EFTA00431994.pdf,data-set-9-files-12,1,email
EFTA00431995.pdf,data-set-9-files-12,1,other
EFTA00431996.pdf,data-set-9-files-12,2,email
EFTA00431998.pdf,data-set-9-files-12,1,email
EFTA00431999.pdf,data-set-9-files-12,1,other
EFTA00432000.pdf,data-set-9-files-12,1,other
EFTA00432001.pdf,data-set-9-files-12,2,email
EFTA00432003.pdf,data-set-9-files-12,1,email
EFTA00432004.pdf,data-set-9-files-12,1,email
EFTA00432005.pdf,data-set-9-files-12,1,other
EFTA00432006.pdf,data-set-9-files-12,1,other
EFTA00432007.pdf,data-set-9-files-12,1,email
EFTA00432008.pdf,data-set-9-files-12,1,email
EFTA00432009.pdf,data-set-9-files-12,2,email
EFTA00432011.pdf,data-set-9-files-12,1,email
EFTA00432012.pdf,data-set-9-files-12,1,email
EFTA00432013.pdf,data-set-9-files-12,1,email
EFTA00432014.pdf,data-set-9-files-12,1,email
EFTA00432015.pdf,data-set-9-files-12,1,email
EFTA00432016.pdf,data-set-9-files-12,1,email
EFTA00432017.pdf,data-set-9-files-12,1,email
EFTA00432018.pdf,data-set-9-files-12,1,email
EFTA00432019.pdf,data-set-9-files-12,1,other
EFTA00432020.pdf,data-set-9-files-12,1,email
EFTA00432021.pdf,data-set-9-files-12,1,email
EFTA00432022.pdf,data-set-9-files-12,1,email
EFTA00432023.pdf,data-set-9-files-12,1,email
EFTA00432024.pdf,data-set-9-files-12,1,email
EFTA00432025.pdf,data-set-9-files-12,1,email
EFTA00432026.pdf,data-set-9-files-12,1,email
EFTA00432027.pdf,data-set-9-files-12,2,email
EFTA00432029.pdf,data-set-9-files-12,1,email
EFTA00432030.pdf,data-set-9-files-12,1,email
EFTA00432031.pdf,data-set-9-files-12,1,email
EFTA00432032.pdf,data-set-9-files-12,1,other
EFTA00432033.pdf,data-set-9-files-12,1,other
EFTA00432034.pdf,data-set-9-files-12,1,other
EFTA00432035.pdf,data-set-9-files-12,1,email
EFTA00432036.pdf,data-set-9-files-12,1,other
EFTA00432037.pdf,data-set-9-files-12,1,email
EFTA00432038.pdf,data-set-9-files-12,1,other
EFTA00432039.pdf,data-set-9-files-12,1,other
EFTA00432040.pdf,data-set-9-files-12,1,other
EFTA00432041.pdf,data-set-9-files-12,1,email
EFTA00432042.pdf,data-set-9-files-12,1,email
EFTA00432043.pdf,data-set-9-files-12,1,other
EFTA00432044.pdf,data-set-9-files-12,1,email
EFTA00432045.pdf,data-set-9-files-12,2,email
EFTA00432047.pdf,data-set-9-files-12,1,email
EFTA00432048.pdf,data-set-9-files-12,2,email
EFTA00432050.pdf,data-set-9-files-12,1,email
EFTA00432051.pdf,data-set-9-files-12,1,email
EFTA00432052.pdf,data-set-9-files-12,1,email
EFTA00432053.pdf,data-set-9-files-12,1,email
EFTA00432054.pdf,data-set-9-files-12,3,email
EFTA00432057.pdf,data-set-9-files-12,1,email
EFTA00432058.pdf,data-set-9-files-12,1,email
EFTA00432059.pdf,data-set-9-files-12,2,email
EFTA00432061.pdf,data-set-9-files-12,2,email
EFTA00432063.pdf,data-set-9-files-12,1,other
EFTA00432064.pdf,data-set-9-files-12,1,email
EFTA00432065.pdf,data-set-9-files-12,1,email
EFTA00432066.pdf,data-set-9-files-12,1,email
EFTA00432067.pdf,data-set-9-files-12,2,email
EFTA00432069.pdf,data-set-9-files-12,2,email
EFTA00432071.pdf,data-set-9-files-12,2,email
EFTA00432073.pdf,data-set-9-files-12,2,email
EFTA00432075.pdf,data-set-9-files-12,2,email
EFTA00432077.pdf,data-set-9-files-12,2,email
EFTA00432079.pdf,data-set-9-files-12,1,email
EFTA00432080.pdf,data-set-9-files-12,2,email
EFTA00432082.pdf,data-set-9-files-12,2,email
EFTA00432084.pdf,data-set-9-files-12,2,email
EFTA00432086.pdf,data-set-9-files-12,1,email
EFTA00432087.pdf,data-set-9-files-12,1,email
EFTA00432088.pdf,data-set-9-files-12,1,email
EFTA00432089.pdf,data-set-9-files-12,1,email
EFTA00432090.pdf,data-set-9-files-12,1,other
EFTA00432091.pdf,data-set-9-files-12,1,other
EFTA00432092.pdf,data-set-9-files-12,1,other
EFTA00432093.pdf,data-set-9-files-12,1,other
EFTA00432094.pdf,data-set-9-files-12,1,email
EFTA00432095.pdf,data-set-9-files-12,1,email
EFTA00432096.pdf,data-set-9-files-12,1,email
EFTA00432097.pdf,data-set-9-files-12,2,email
EFTA00432099.pdf,data-set-9-files-12,1,other
EFTA00432100.pdf,data-set-9-files-12,1,email
EFTA00432101.pdf,data-set-9-files-12,1,other
EFTA00432102.pdf,data-set-9-files-12,1,email
EFTA00432103.pdf,data-set-9-files-12,1,other
EFTA00432104.pdf,data-set-9-files-12,1,email
EFTA00432105.pdf,data-set-9-files-12,1,email
EFTA00432106.pdf,data-set-9-files-12,1,email
EFTA00432107.pdf,data-set-9-files-12,1,other
EFTA00432108.pdf,data-set-9-files-12,1,other
EFTA00432109.pdf,data-set-9-files-12,1,other
EFTA00432110.pdf,data-set-9-files-12,1,other
EFTA00432111.pdf,data-set-9-files-12,1,other
EFTA00432112.pdf,data-set-9-files-12,1,other
EFTA00432113.pdf,data-set-9-files-12,1,other
EFTA00432114.pdf,data-set-9-files-12,1,other
EFTA00432115.pdf,data-set-9-files-12,1,other
EFTA00432116.pdf,data-set-9-files-12,1,other
EFTA00432117.pdf,data-set-9-files-12,1,email
EFTA00432118.pdf,data-set-9-files-12,1,other
EFTA00432119.pdf,data-set-9-files-12,1,other
EFTA00432120.pdf,data-set-9-files-12,1,other
EFTA00432121.pdf,data-set-9-files-12,1,other
EFTA00432122.pdf,data-set-9-files-12,1,email
EFTA00432123.pdf,data-set-9-files-12,1,email
EFTA00432124.pdf,data-set-9-files-12,1,email
EFTA00432125.pdf,data-set-9-files-12,1,other
EFTA00432126.pdf,data-set-9-files-12,1,other
EFTA00432127.pdf,data-set-9-files-12,1,email
EFTA00432128.pdf,data-set-9-files-12,2,email
EFTA00432130.pdf,data-set-9-files-12,1,other
EFTA00432131.pdf,data-set-9-files-12,1,other
EFTA00432132.pdf,data-set-9-files-12,1,other
EFTA00432133.pdf,data-set-9-files-12,1,other
EFTA00432134.pdf,data-set-9-files-12,1,email
EFTA00432135.pdf,data-set-9-files-12,1,email
EFTA00432136.pdf,data-set-9-files-12,1,email
EFTA00432137.pdf,data-set-9-files-12,2,email
EFTA00432139.pdf,data-set-9-files-12,1,email
EFTA00432140.pdf,data-set-9-files-12,1,email
EFTA00432141.pdf,data-set-9-files-12,2,email
EFTA00432143.pdf,data-set-9-files-12,1,email
EFTA00432144.pdf,data-set-9-files-12,1,email
EFTA00432145.pdf,data-set-9-files-12,1,other
EFTA00432146.pdf,data-set-9-files-12,1,other
EFTA00432147.pdf,data-set-9-files-12,2,email
EFTA00432149.pdf,data-set-9-files-12,2,email
EFTA00432151.pdf,data-set-9-files-12,2,email
EFTA00432153.pdf,data-set-9-files-12,2,email
EFTA00432155.pdf,data-set-9-files-12,2,email
EFTA00432157.pdf,data-set-9-files-12,1,email
EFTA00432158.pdf,data-set-9-files-12,1,email
EFTA00432159.pdf,data-set-9-files-12,1,other
EFTA00432160.pdf,data-set-9-files-12,1,email
EFTA00432161.pdf,data-set-9-files-12,1,other
EFTA00432162.pdf,data-set-9-files-12,1,other
EFTA00432163.pdf,data-set-9-files-12,1,other
EFTA00432164.pdf,data-set-9-files-12,1,other
EFTA00432165.pdf,data-set-9-files-12,1,other
EFTA00432166.pdf,data-set-9-files-12,1,other
EFTA00432167.pdf,data-set-9-files-12,1,email
EFTA00432168.pdf,data-set-9-files-12,1,email
EFTA00432169.pdf,data-set-9-files-12,1,email
EFTA00432170.pdf,data-set-9-files-12,1,other
EFTA00432171.pdf,data-set-9-files-12,1,email
EFTA00432172.pdf,data-set-9-files-12,1,email
EFTA00432173.pdf,data-set-9-files-12,1,email
EFTA00432174.pdf,data-set-9-files-12,1,email
EFTA00432175.pdf,data-set-9-files-12,1,email
EFTA00432176.pdf,data-set-9-files-12,1,email
EFTA00432177.pdf,data-set-9-files-12,1,email
EFTA00432178.pdf,data-set-9-files-12,3,email
EFTA00432181.pdf,data-set-9-files-12,1,email
EFTA00432182.pdf,data-set-9-files-12,1,email
EFTA00432183.pdf,data-set-9-files-12,1,email
EFTA00432184.pdf,data-set-9-files-12,1,email
EFTA00432185.pdf,data-set-9-files-12,1,email
EFTA00432186.pdf,data-set-9-files-12,1,email
EFTA00432187.pdf,data-set-9-files-12,2,email
EFTA00432189.pdf,data-set-9-files-12,2,email
EFTA00432191.pdf,data-set-9-files-12,1,email
EFTA00432192.pdf,data-set-9-files-12,1,other
EFTA00432193.pdf,data-set-9-files-12,1,email
EFTA00432194.pdf,data-set-9-files-12,2,email
EFTA00432196.pdf,data-set-9-files-12,1,email
EFTA00432197.pdf,data-set-9-files-12,1,email
EFTA00432198.pdf,data-set-9-files-12,1,email
EFTA00432199.pdf,data-set-9-files-12,1,email
EFTA00432200.pdf,data-set-9-files-12,1,email
EFTA00432201.pdf,data-set-9-files-12,1,email
EFTA00432202.pdf,data-set-9-files-12,1,email
EFTA00432203.pdf,data-set-9-files-12,1,email
EFTA00432204.pdf,data-set-9-files-12,1,email
EFTA00432205.pdf,data-set-9-files-12,1,email
EFTA00432206.pdf,data-set-9-files-12,1,email
EFTA00432207.pdf,data-set-9-files-12,1,email
EFTA00432208.pdf,data-set-9-files-12,1,email
EFTA00432209.pdf,data-set-9-files-12,2,email
EFTA00432211.pdf,data-set-9-files-12,1,email
EFTA00432212.pdf,data-set-9-files-12,1,email
EFTA00432213.pdf,data-set-9-files-12,2,email
EFTA00432215.pdf,data-set-9-files-12,1,email
EFTA00432216.pdf,data-set-9-files-12,2,email
EFTA00432218.pdf,data-set-9-files-12,2,email
EFTA00432220.pdf,data-set-9-files-12,2,email
EFTA00432222.pdf,data-set-9-files-12,1,email
EFTA00432223.pdf,data-set-9-files-12,1,email
EFTA00432224.pdf,data-set-9-files-12,1,email
EFTA00432225.pdf,data-set-9-files-12,2,email
EFTA00432227.pdf,data-set-9-files-12,1,email
EFTA00432228.pdf,data-set-9-files-12,2,email
EFTA00432230.pdf,data-set-9-files-12,1,email
EFTA00432231.pdf,data-set-9-files-12,1,email
EFTA00432232.pdf,data-set-9-files-12,1,email
EFTA00432233.pdf,data-set-9-files-12,1,email
EFTA00432234.pdf,data-set-9-files-12,1,email
EFTA00432235.pdf,data-set-9-files-12,1,email
EFTA00432236.pdf,data-set-9-files-12,1,email
EFTA00432237.pdf,data-set-9-files-12,1,email
EFTA00432238.pdf,data-set-9-files-12,1,email
EFTA00432239.pdf,data-set-9-files-12,1,email
EFTA00432240.pdf,data-set-9-files-12,1,email
EFTA00432241.pdf,data-set-9-files-12,1,email
EFTA00432242.pdf,data-set-9-files-12,1,email
EFTA00432243.pdf,data-set-9-files-12,3,email
EFTA00432246.pdf,data-set-9-files-12,1,email
EFTA00432247.pdf,data-set-9-files-12,1,email
EFTA00432248.pdf,data-set-9-files-12,1,email
EFTA00432249.pdf,data-set-9-files-12,2,email
EFTA00432251.pdf,data-set-9-files-12,3,email
EFTA00432254.pdf,data-set-9-files-12,1,email
EFTA00432255.pdf,data-set-9-files-12,1,email
EFTA00432256.pdf,data-set-9-files-12,1,email
EFTA00432257.pdf,data-set-9-files-12,1,email
EFTA00432258.pdf,data-set-9-files-12,1,email
EFTA00432259.pdf,data-set-9-files-12,1,email
EFTA00432260.pdf,data-set-9-files-12,1,email
EFTA00432261.pdf,data-set-9-files-12,2,email
EFTA00432263.pdf,data-set-9-files-12,4,email
EFTA00432267.pdf,data-set-9-files-12,2,email
EFTA00432269.pdf,data-set-9-files-12,1,email
EFTA00432270.pdf,data-set-9-files-12,1,other
EFTA00432271.pdf,data-set-9-files-12,2,email
EFTA00432273.pdf,data-set-9-files-12,1,other
EFTA00432274.pdf,data-set-9-files-12,1,email
EFTA00432275.pdf,data-set-9-files-12,1,email
EFTA00432276.pdf,data-set-9-files-12,1,email
EFTA00432277.pdf,data-set-9-files-12,1,email
EFTA00432278.pdf,data-set-9-files-12,1,email
EFTA00432279.pdf,data-set-9-files-12,1,email
EFTA00432280.pdf,data-set-9-files-12,1,email
EFTA00432281.pdf,data-set-9-files-12,1,email
EFTA00432282.pdf,data-set-9-files-12,2,email
EFTA00432284.pdf,data-set-9-files-12,1,other
EFTA00432285.pdf,data-set-9-files-12,1,other
EFTA00432286.pdf,data-set-9-files-12,1,email
EFTA00432287.pdf,data-set-9-files-12,1,email
EFTA00432288.pdf,data-set-9-files-12,1,other
EFTA00432289.pdf,data-set-9-files-12,1,email
EFTA00432290.pdf,data-set-9-files-12,1,email
EFTA00432291.pdf,data-set-9-files-12,1,email
EFTA00432292.pdf,data-set-9-files-12,1,email
EFTA00432293.pdf,data-set-9-files-12,1,other
EFTA00432294.pdf,data-set-9-files-12,1,email
EFTA00432295.pdf,data-set-9-files-12,2,email
EFTA00432297.pdf,data-set-9-files-12,1,other
EFTA00432298.pdf,data-set-9-files-12,1,other
EFTA00432299.pdf,data-set-9-files-12,1,other
EFTA00432300.pdf,data-set-9-files-12,1,other
EFTA00432301.pdf,data-set-9-files-12,1,email
EFTA00432302.pdf,data-set-9-files-12,1,email
EFTA00432303.pdf,data-set-9-files-12,1,email
EFTA00432304.pdf,data-set-9-files-12,1,other
EFTA00432305.pdf,data-set-9-files-12,1,email
EFTA00432306.pdf,data-set-9-files-12,2,email
EFTA00432308.pdf,data-set-9-files-12,1,other
EFTA00432309.pdf,data-set-9-files-12,1,email
EFTA00432310.pdf,data-set-9-files-12,1,email
EFTA00432311.pdf,data-set-9-files-12,1,email
EFTA00432312.pdf,data-set-9-files-12,1,email
EFTA00432313.pdf,data-set-9-files-12,1,email
EFTA00432314.pdf,data-set-9-files-12,1,email
EFTA00432315.pdf,data-set-9-files-12,1,email
EFTA00432316.pdf,data-set-9-files-12,1,email
EFTA00432317.pdf,data-set-9-files-12,1,other
EFTA00432318.pdf,data-set-9-files-12,1,email
EFTA00432319.pdf,data-set-9-files-12,1,other
EFTA00432320.pdf,data-set-9-files-12,1,email
EFTA00432321.pdf,data-set-9-files-12,1,email
EFTA00432322.pdf,data-set-9-files-12,1,email
EFTA00432323.pdf,data-set-9-files-12,1,email
EFTA00432324.pdf,data-set-9-files-12,2,email
EFTA00432326.pdf,data-set-9-files-12,2,email
EFTA00432328.pdf,data-set-9-files-12,1,email
EFTA00432329.pdf,data-set-9-files-12,1,email
EFTA00432330.pdf,data-set-9-files-12,1,email
EFTA00432331.pdf,data-set-9-files-12,1,email
EFTA00432332.pdf,data-set-9-files-12,1,email
EFTA00432333.pdf,data-set-9-files-12,1,other
EFTA00432334.pdf,data-set-9-files-12,1,other
EFTA00432335.pdf,data-set-9-files-12,1,email
EFTA00432336.pdf,data-set-9-files-12,1,other
EFTA00432337.pdf,data-set-9-files-12,1,other
EFTA00432338.pdf,data-set-9-files-12,1,other
EFTA00432339.pdf,data-set-9-files-12,1,other
EFTA00432340.pdf,data-set-9-files-12,1,email
EFTA00432341.pdf,data-set-9-files-12,1,email
EFTA00432342.pdf,data-set-9-files-12,1,email
EFTA00432343.pdf,data-set-9-files-12,1,email
EFTA00432344.pdf,data-set-9-files-12,1,email
EFTA00432345.pdf,data-set-9-files-12,1,email
EFTA00432346.pdf,data-set-9-files-12,1,email
EFTA00432347.pdf,data-set-9-files-12,1,email
EFTA00432348.pdf,data-set-9-files-12,1,email
EFTA00432349.pdf,data-set-9-files-12,1,email
EFTA00432350.pdf,data-set-9-files-12,1,email
EFTA00432351.pdf,data-set-9-files-12,1,email
EFTA00432352.pdf,data-set-9-files-12,1,email
EFTA00432353.pdf,data-set-9-files-12,1,email
EFTA00432354.pdf,data-set-9-files-12,1,email
EFTA00432355.pdf,data-set-9-files-12,1,email
EFTA00432356.pdf,data-set-9-files-12,1,email
EFTA00432357.pdf,data-set-9-files-12,1,email
EFTA00432358.pdf,data-set-9-files-12,1,email
EFTA00432359.pdf,data-set-9-files-12,1,email
EFTA00432360.pdf,data-set-9-files-12,1,email
EFTA00432361.pdf,data-set-9-files-12,1,email
EFTA00432362.pdf,data-set-9-files-12,1,email
EFTA00432363.pdf,data-set-9-files-12,1,email
EFTA00432364.pdf,data-set-9-files-12,1,email
EFTA00432365.pdf,data-set-9-files-12,1,email
EFTA00432366.pdf,data-set-9-files-12,1,email
EFTA00432367.pdf,data-set-9-files-12,1,email
EFTA00432368.pdf,data-set-9-files-12,1,email
EFTA00432369.pdf,data-set-9-files-12,2,email
EFTA00432371.pdf,data-set-9-files-12,1,email
EFTA00432372.pdf,data-set-9-files-12,1,email
EFTA00432373.pdf,data-set-9-files-12,1,email
EFTA00432374.pdf,data-set-9-files-12,1,email
EFTA00432375.pdf,data-set-9-files-12,1,email
EFTA00432376.pdf,data-set-9-files-12,1,email
EFTA00432377.pdf,data-set-9-files-12,1,email
EFTA00432378.pdf,data-set-9-files-12,1,email
EFTA00432379.pdf,data-set-9-files-12,1,email
EFTA00432380.pdf,data-set-9-files-12,1,email
EFTA00432381.pdf,data-set-9-files-12,1,email
EFTA00432382.pdf,data-set-9-files-12,2,email
EFTA00432384.pdf,data-set-9-files-12,1,email
EFTA00432385.pdf,data-set-9-files-12,1,other
EFTA00432386.pdf,data-set-9-files-12,1,other
EFTA00432387.pdf,data-set-9-files-12,1,email
EFTA00432388.pdf,data-set-9-files-12,1,email
EFTA00432389.pdf,data-set-9-files-12,1,email
EFTA00432390.pdf,data-set-9-files-12,1,email
EFTA00432391.pdf,data-set-9-files-12,1,email
EFTA00432392.pdf,data-set-9-files-12,1,email
EFTA00432393.pdf,data-set-9-files-12,1,other
EFTA00432394.pdf,data-set-9-files-12,1,email
EFTA00432395.pdf,data-set-9-files-12,1,email
EFTA00432396.pdf,data-set-9-files-12,1,email
EFTA00432397.pdf,data-set-9-files-12,1,other
EFTA00432398.pdf,data-set-9-files-12,1,email
EFTA00432399.pdf,data-set-9-files-12,1,email
EFTA00432400.pdf,data-set-9-files-12,1,other
EFTA00432401.pdf,data-set-9-files-12,1,email
EFTA00432402.pdf,data-set-9-files-12,1,email
EFTA00432403.pdf,data-set-9-files-12,2,email
EFTA00432405.pdf,data-set-9-files-12,1,email
EFTA00432406.pdf,data-set-9-files-12,1,email
EFTA00432407.pdf,data-set-9-files-12,1,email
EFTA00432408.pdf,data-set-9-files-12,1,email
EFTA00432409.pdf,data-set-9-files-12,1,email
EFTA00432410.pdf,data-set-9-files-12,1,email
EFTA00432411.pdf,data-set-9-files-12,1,email
EFTA00432412.pdf,data-set-9-files-12,2,email
EFTA00432414.pdf,data-set-9-files-12,2,email
EFTA00432416.pdf,data-set-9-files-12,2,email
EFTA00432418.pdf,data-set-9-files-12,2,email
EFTA00432420.pdf,data-set-9-files-12,1,email
EFTA00432421.pdf,data-set-9-files-12,2,email
EFTA00432423.pdf,data-set-9-files-12,2,email
EFTA00432425.pdf,data-set-9-files-12,1,email
EFTA00432426.pdf,data-set-9-files-12,2,email
EFTA00432428.pdf,data-set-9-files-12,2,email
EFTA00432430.pdf,data-set-9-files-12,2,email
EFTA00432432.pdf,data-set-9-files-12,2,email
EFTA00432434.pdf,data-set-9-files-12,1,other
EFTA00432435.pdf,data-set-9-files-12,1,email
EFTA00432436.pdf,data-set-9-files-12,2,email
EFTA00432438.pdf,data-set-9-files-12,2,email
EFTA00432440.pdf,data-set-9-files-12,3,email
EFTA00432443.pdf,data-set-9-files-12,1,other
EFTA00432444.pdf,data-set-9-files-12,1,other
EFTA00432445.pdf,data-set-9-files-12,1,email
EFTA00432446.pdf,data-set-9-files-12,1,email
EFTA00432447.pdf,data-set-9-files-12,1,email
EFTA00432448.pdf,data-set-9-files-12,1,other
EFTA00432449.pdf,data-set-9-files-12,1,email
EFTA00432450.pdf,data-set-9-files-12,2,email
EFTA00432452.pdf,data-set-9-files-12,2,email
EFTA00432454.pdf,data-set-9-files-12,2,email
EFTA00432456.pdf,data-set-9-files-12,1,email
EFTA00432457.pdf,data-set-9-files-12,2,email
EFTA00432459.pdf,data-set-9-files-12,2,email
EFTA00432461.pdf,data-set-9-files-12,1,other
EFTA00432462.pdf,data-set-9-files-12,2,email
EFTA00432464.pdf,data-set-9-files-12,1,other
EFTA00432465.pdf,data-set-9-files-12,1,email
EFTA00432466.pdf,data-set-9-files-12,1,email
EFTA00432467.pdf,data-set-9-files-12,2,email
EFTA00432469.pdf,data-set-9-files-12,2,email
EFTA00432471.pdf,data-set-9-files-12,1,email
EFTA00432472.pdf,data-set-9-files-12,1,email
EFTA00432473.pdf,data-set-9-files-12,2,email
EFTA00432475.pdf,data-set-9-files-12,2,email
EFTA00432477.pdf,data-set-9-files-12,1,email
EFTA00432478.pdf,data-set-9-files-12,1,email
EFTA00432479.pdf,data-set-9-files-12,2,email
EFTA00432481.pdf,data-set-9-files-12,2,email
EFTA00432483.pdf,data-set-9-files-12,2,email
EFTA00432485.pdf,data-set-9-files-12,1,email
EFTA00432486.pdf,data-set-9-files-12,1,email
EFTA00432487.pdf,data-set-9-files-12,1,email
EFTA00432488.pdf,data-set-9-files-12,1,email
EFTA00432489.pdf,data-set-9-files-12,1,email
EFTA00432490.pdf,data-set-9-files-12,1,email
EFTA00432491.pdf,data-set-9-files-12,1,email
EFTA00432492.pdf,data-set-9-files-12,2,email
EFTA00432494.pdf,data-set-9-files-12,1,email
EFTA00432495.pdf,data-set-9-files-12,1,email
EFTA00432496.pdf,data-set-9-files-12,1,email
EFTA00432497.pdf,data-set-9-files-12,1,other
EFTA00432498.pdf,data-set-9-files-12,1,other
EFTA00432499.pdf,data-set-9-files-12,1,other
EFTA00432500.pdf,data-set-9-files-12,1,other
EFTA00432501.pdf,data-set-9-files-12,1,email
EFTA00432502.pdf,data-set-9-files-12,2,email
EFTA00432504.pdf,data-set-9-files-12,2,email
EFTA00432506.pdf,data-set-9-files-12,1,email
EFTA00432507.pdf,data-set-9-files-12,1,email
EFTA00432508.pdf,data-set-9-files-12,1,email
EFTA00432509.pdf,data-set-9-files-12,1,email
EFTA00432510.pdf,data-set-9-files-12,1,email
EFTA00432511.pdf,data-set-9-files-12,1,email
EFTA00432512.pdf,data-set-9-files-12,1,email
EFTA00432513.pdf,data-set-9-files-12,1,email
EFTA00432514.pdf,data-set-9-files-12,1,email
EFTA00432515.pdf,data-set-9-files-12,1,email
EFTA00432516.pdf,data-set-9-files-12,1,other
EFTA00432517.pdf,data-set-9-files-12,1,email
EFTA00432518.pdf,data-set-9-files-12,1,email
EFTA00432519.pdf,data-set-9-files-12,1,other
EFTA00432520.pdf,data-set-9-files-12,1,other
EFTA00432521.pdf,data-set-9-files-12,1,email
EFTA00432522.pdf,data-set-9-files-12,1,email
EFTA00432523.pdf,data-set-9-files-12,1,email
EFTA00432524.pdf,data-set-9-files-12,1,email
EFTA00432525.pdf,data-set-9-files-12,1,other
EFTA00432526.pdf,data-set-9-files-12,1,other
EFTA00432527.pdf,data-set-9-files-12,1,other
EFTA00432528.pdf,data-set-9-files-12,1,email
EFTA00432529.pdf,data-set-9-files-12,2,email
EFTA00432531.pdf,data-set-9-files-12,1,email
EFTA00432532.pdf,data-set-9-files-12,1,email
EFTA00432533.pdf,data-set-9-files-12,1,email
EFTA00432534.pdf,data-set-9-files-12,1,email
EFTA00432535.pdf,data-set-9-files-12,1,email
EFTA00432536.pdf,data-set-9-files-12,1,email
EFTA00432537.pdf,data-set-9-files-12,1,other
EFTA00432538.pdf,data-set-9-files-12,2,email
EFTA00432540.pdf,data-set-9-files-12,1,email
EFTA00432541.pdf,data-set-9-files-12,1,email
EFTA00432542.pdf,data-set-9-files-12,1,email
EFTA00432543.pdf,data-set-9-files-12,1,email
EFTA00432544.pdf,data-set-9-files-12,1,other
EFTA00432545.pdf,data-set-9-files-12,1,email
EFTA00432546.pdf,data-set-9-files-12,1,email
EFTA00432547.pdf,data-set-9-files-12,1,email
EFTA00432548.pdf,data-set-9-files-12,1,email
EFTA00432549.pdf,data-set-9-files-12,1,email
EFTA00432550.pdf,data-set-9-files-12,1,email
EFTA00432551.pdf,data-set-9-files-12,1,email
EFTA00432552.pdf,data-set-9-files-12,1,other
EFTA00432553.pdf,data-set-9-files-12,1,email
EFTA00432554.pdf,data-set-9-files-12,1,email
EFTA00432555.pdf,data-set-9-files-12,2,email
EFTA00432557.pdf,data-set-9-files-12,1,email
EFTA00432558.pdf,data-set-9-files-12,1,email
EFTA00432559.pdf,data-set-9-files-12,1,email
EFTA00432560.pdf,data-set-9-files-12,2,email
EFTA00432562.pdf,data-set-9-files-12,2,email
EFTA00432564.pdf,data-set-9-files-12,3,email
EFTA00432567.pdf,data-set-9-files-12,3,email
EFTA00432570.pdf,data-set-9-files-12,1,email
EFTA00432571.pdf,data-set-9-files-12,3,email
EFTA00432574.pdf,data-set-9-files-12,1,email
EFTA00432575.pdf,data-set-9-files-12,1,email
EFTA00432576.pdf,data-set-9-files-12,2,email
EFTA00432578.pdf,data-set-9-files-12,3,email
EFTA00432581.pdf,data-set-9-files-12,1,email
EFTA00432582.pdf,data-set-9-files-12,1,email
EFTA00432583.pdf,data-set-9-files-12,1,email
EFTA00432584.pdf,data-set-9-files-12,4,email
EFTA00432588.pdf,data-set-9-files-12,1,email
EFTA00432589.pdf,data-set-9-files-12,2,email
EFTA00432591.pdf,data-set-9-files-12,2,email
EFTA00432593.pdf,data-set-9-files-12,1,email
EFTA00432594.pdf,data-set-9-files-12,2,email
EFTA00432596.pdf,data-set-9-files-12,2,email
EFTA00432598.pdf,data-set-9-files-12,2,email
EFTA00432600.pdf,data-set-9-files-12,3,email
EFTA00432603.pdf,data-set-9-files-12,2,email
EFTA00432605.pdf,data-set-9-files-12,1,email
EFTA00432606.pdf,data-set-9-files-12,1,email
EFTA00432607.pdf,data-set-9-files-12,1,email
EFTA00432608.pdf,data-set-9-files-12,1,email
EFTA00432609.pdf,data-set-9-files-12,1,email
EFTA00432610.pdf,data-set-9-files-12,2,email
EFTA00432612.pdf,data-set-9-files-12,2,email
EFTA00432614.pdf,data-set-9-files-12,2,email
EFTA00432616.pdf,data-set-9-files-12,3,email
EFTA00432619.pdf,data-set-9-files-12,1,other
EFTA00432620.pdf,data-set-9-files-12,1,email
EFTA00432621.pdf,data-set-9-files-12,1,email
EFTA00432622.pdf,data-set-9-files-12,1,email
EFTA00432623.pdf,data-set-9-files-12,1,email
EFTA00432624.pdf,data-set-9-files-12,1,email
EFTA00432625.pdf,data-set-9-files-12,1,email
EFTA00432626.pdf,data-set-9-files-12,1,email
EFTA00432627.pdf,data-set-9-files-12,1,email
EFTA00432628.pdf,data-set-9-files-12,1,other
EFTA00432629.pdf,data-set-9-files-12,1,other
EFTA00432630.pdf,data-set-9-files-12,1,email
EFTA00432631.pdf,data-set-9-files-12,1,email
EFTA00432632.pdf,data-set-9-files-12,1,email
EFTA00432633.pdf,data-set-9-files-12,1,email
EFTA00432634.pdf,data-set-9-files-12,1,email
EFTA00432635.pdf,data-set-9-files-12,1,email
EFTA00432636.pdf,data-set-9-files-12,1,email
EFTA00432637.pdf,data-set-9-files-12,1,email
EFTA00432638.pdf,data-set-9-files-12,1,email
EFTA00432639.pdf,data-set-9-files-12,1,email
EFTA00432640.pdf,data-set-9-files-12,1,email
EFTA00432641.pdf,data-set-9-files-12,1,email
EFTA00432642.pdf,data-set-9-files-12,1,email
EFTA00432643.pdf,data-set-9-files-12,1,email
EFTA00432644.pdf,data-set-9-files-12,1,email
EFTA00432645.pdf,data-set-9-files-12,1,email
EFTA00432646.pdf,data-set-9-files-12,1,email
EFTA00432647.pdf,data-set-9-files-12,1,email
EFTA00432648.pdf,data-set-9-files-12,2,email
EFTA00432650.pdf,data-set-9-files-12,2,email
EFTA00432652.pdf,data-set-9-files-12,1,email
EFTA00432653.pdf,data-set-9-files-12,1,email
EFTA00432654.pdf,data-set-9-files-12,1,email
EFTA00432655.pdf,data-set-9-files-12,1,email
EFTA00432656.pdf,data-set-9-files-12,1,email
EFTA00432657.pdf,data-set-9-files-12,1,email
EFTA00432658.pdf,data-set-9-files-12,2,email
EFTA00432660.pdf,data-set-9-files-12,1,email
EFTA00432661.pdf,data-set-9-files-12,1,email
EFTA00432662.pdf,data-set-9-files-12,1,email
EFTA00432663.pdf,data-set-9-files-12,2,email
EFTA00432665.pdf,data-set-9-files-12,1,email
EFTA00432666.pdf,data-set-9-files-12,1,email
EFTA00432667.pdf,data-set-9-files-12,1,email
EFTA00432668.pdf,data-set-9-files-12,1,email
EFTA00432669.pdf,data-set-9-files-12,1,email
EFTA00432670.pdf,data-set-9-files-12,2,email
EFTA00432672.pdf,data-set-9-files-12,1,email
EFTA00432673.pdf,data-set-9-files-12,1,email
EFTA00432674.pdf,data-set-9-files-12,1,email
EFTA00432675.pdf,data-set-9-files-12,1,email
EFTA00432676.pdf,data-set-9-files-12,1,email
EFTA00432677.pdf,data-set-9-files-12,1,email
EFTA00432678.pdf,data-set-9-files-12,1,other
EFTA00432679.pdf,data-set-9-files-12,1,other
EFTA00432680.pdf,data-set-9-files-12,1,other
EFTA00432681.pdf,data-set-9-files-12,1,other
EFTA00432682.pdf,data-set-9-files-12,2,email
EFTA00432684.pdf,data-set-9-files-12,1,email
EFTA00432685.pdf,data-set-9-files-12,1,other
EFTA00432686.pdf,data-set-9-files-12,1,other
EFTA00432687.pdf,data-set-9-files-12,1,email
EFTA00432688.pdf,data-set-9-files-12,1,email
EFTA00432689.pdf,data-set-9-files-12,1,email
EFTA00432690.pdf,data-set-9-files-12,1,email
EFTA00432691.pdf,data-set-9-files-12,1,other
EFTA00432692.pdf,data-set-9-files-12,1,email
EFTA00432693.pdf,data-set-9-files-12,1,email
EFTA00432694.pdf,data-set-9-files-12,1,email
EFTA00432695.pdf,data-set-9-files-12,1,email
EFTA00432696.pdf,data-set-9-files-12,1,email
EFTA00432697.pdf,data-set-9-files-12,1,email
EFTA00432698.pdf,data-set-9-files-12,2,email
EFTA00432700.pdf,data-set-9-files-12,1,email
EFTA00432701.pdf,data-set-9-files-12,1,email
EFTA00432702.pdf,data-set-9-files-12,1,email
EFTA00432703.pdf,data-set-9-files-12,1,email
EFTA00432704.pdf,data-set-9-files-12,1,email
EFTA00432705.pdf,data-set-9-files-12,2,email
EFTA00432707.pdf,data-set-9-files-12,1,email
EFTA00432708.pdf,data-set-9-files-12,1,email
EFTA00432709.pdf,data-set-9-files-12,2,email
EFTA00432711.pdf,data-set-9-files-12,2,email
EFTA00432713.pdf,data-set-9-files-12,1,email
EFTA00432714.pdf,data-set-9-files-12,1,email
EFTA00432715.pdf,data-set-9-files-12,1,email
EFTA00432716.pdf,data-set-9-files-12,2,email
EFTA00432718.pdf,data-set-9-files-12,1,email
EFTA00432719.pdf,data-set-9-files-12,2,email
EFTA00432721.pdf,data-set-9-files-12,1,email
EFTA00432722.pdf,data-set-9-files-12,1,email
EFTA00432723.pdf,data-set-9-files-12,1,email
EFTA00432724.pdf,data-set-9-files-12,1,email
EFTA00432725.pdf,data-set-9-files-12,2,email
EFTA00432727.pdf,data-set-9-files-12,1,email
EFTA00432728.pdf,data-set-9-files-12,2,email
EFTA00432730.pdf,data-set-9-files-12,1,email
EFTA00432731.pdf,data-set-9-files-12,1,email
EFTA00432732.pdf,data-set-9-files-12,4,email
EFTA00432736.pdf,data-set-9-files-12,1,email
EFTA00432737.pdf,data-set-9-files-12,1,email
EFTA00432738.pdf,data-set-9-files-12,1,email
EFTA00432739.pdf,data-set-9-files-12,1,email
EFTA00432740.pdf,data-set-9-files-12,1,email
EFTA00432741.pdf,data-set-9-files-12,2,email
EFTA00432743.pdf,data-set-9-files-12,2,email
EFTA00432745.pdf,data-set-9-files-12,2,email
EFTA00432747.pdf,data-set-9-files-12,2,email
EFTA00432749.pdf,data-set-9-files-12,2,email
EFTA00432751.pdf,data-set-9-files-12,2,email
EFTA00432753.pdf,data-set-9-files-12,1,email
EFTA00432754.pdf,data-set-9-files-12,1,email
EFTA00432755.pdf,data-set-9-files-12,1,email
EFTA00432756.pdf,data-set-9-files-12,1,email
EFTA00432757.pdf,data-set-9-files-12,4,email
EFTA00432761.pdf,data-set-9-files-12,2,email
EFTA00432763.pdf,data-set-9-files-12,3,email
EFTA00432766.pdf,data-set-9-files-12,2,email
EFTA00432768.pdf,data-set-9-files-12,1,email
EFTA00432769.pdf,data-set-9-files-12,1,email
EFTA00432770.pdf,data-set-9-files-12,1,email
EFTA00432771.pdf,data-set-9-files-12,1,email
EFTA00432772.pdf,data-set-9-files-12,2,email
EFTA00432774.pdf,data-set-9-files-12,1,other
EFTA00432775.pdf,data-set-9-files-12,1,email
EFTA00432776.pdf,data-set-9-files-12,1,email
EFTA00432777.pdf,data-set-9-files-12,1,email
EFTA00432778.pdf,data-set-9-files-12,1,other
EFTA00432779.pdf,data-set-9-files-12,1,other
EFTA00432780.pdf,data-set-9-files-12,1,email
EFTA00432781.pdf,data-set-9-files-12,1,email
EFTA00432782.pdf,data-set-9-files-12,1,email
EFTA00432783.pdf,data-set-9-files-12,1,email
EFTA00432784.pdf,data-set-9-files-12,1,email
EFTA00432785.pdf,data-set-9-files-12,1,email
EFTA00432786.pdf,data-set-9-files-12,1,email
EFTA00432787.pdf,data-set-9-files-12,1,email
EFTA00432788.pdf,data-set-9-files-12,1,email
EFTA00432789.pdf,data-set-9-files-12,1,email
EFTA00432790.pdf,data-set-9-files-12,1,email
EFTA00432791.pdf,data-set-9-files-12,1,other
EFTA00432792.pdf,data-set-9-files-12,1,email
EFTA00432793.pdf,data-set-9-files-12,1,other
EFTA00432794.pdf,data-set-9-files-12,2,email
EFTA00432796.pdf,data-set-9-files-12,1,email
EFTA00432797.pdf,data-set-9-files-12,1,email
EFTA00432798.pdf,data-set-9-files-12,1,email
EFTA00432799.pdf,data-set-9-files-12,1,email
EFTA00432800.pdf,data-set-9-files-12,1,email
EFTA00432801.pdf,data-set-9-files-12,1,other
EFTA00432802.pdf,data-set-9-files-12,1,email
EFTA00432803.pdf,data-set-9-files-12,1,email
EFTA00432804.pdf,data-set-9-files-12,23,other
EFTA00432827.pdf,data-set-9-files-12,34,other
EFTA00432861.pdf,data-set-9-files-12,1,email
EFTA00432862.pdf,data-set-9-files-12,1,email
EFTA00432863.pdf,data-set-9-files-12,1,email
EFTA00432864.pdf,data-set-9-files-12,3,email
EFTA00432867.pdf,data-set-9-files-12,1,email
EFTA00432868.pdf,data-set-9-files-12,1,email
EFTA00432869.pdf,data-set-9-files-12,1,email
EFTA00432870.pdf,data-set-9-files-12,1,email
EFTA00432871.pdf,data-set-9-files-12,1,email
EFTA00432872.pdf,data-set-9-files-12,1,email
EFTA00432873.pdf,data-set-9-files-12,1,email
EFTA00432874.pdf,data-set-9-files-12,2,email
EFTA00432876.pdf,data-set-9-files-12,1,email
EFTA00432877.pdf,data-set-9-files-12,2,email
EFTA00432879.pdf,data-set-9-files-12,1,email
EFTA00432880.pdf,data-set-9-files-12,1,email
EFTA00432881.pdf,data-set-9-files-12,2,email
EFTA00432883.pdf,data-set-9-files-12,1,email
EFTA00432884.pdf,data-set-9-files-12,1,email
EFTA00432885.pdf,data-set-9-files-12,2,email
EFTA00432887.pdf,data-set-9-files-12,1,email
EFTA00432888.pdf,data-set-9-files-12,1,email
EFTA00432889.pdf,data-set-9-files-12,1,other
EFTA00432890.pdf,data-set-9-files-12,1,other
EFTA00432891.pdf,data-set-9-files-12,1,other
EFTA00432892.pdf,data-set-9-files-12,1,other
EFTA00432893.pdf,data-set-9-files-12,1,other
EFTA00432894.pdf,data-set-9-files-12,1,email
EFTA00432895.pdf,data-set-9-files-12,2,email
EFTA00432897.pdf,data-set-9-files-12,1,email
EFTA00432898.pdf,data-set-9-files-12,1,email
EFTA00432899.pdf,data-set-9-files-12,2,email
EFTA00432901.pdf,data-set-9-files-12,1,email
EFTA00432902.pdf,data-set-9-files-12,3,email
EFTA00432905.pdf,data-set-9-files-12,2,email
EFTA00432907.pdf,data-set-9-files-12,1,other
EFTA00432908.pdf,data-set-9-files-12,1,email
EFTA00432909.pdf,data-set-9-files-12,1,email
EFTA00432910.pdf,data-set-9-files-12,1,email
EFTA00432911.pdf,data-set-9-files-12,1,email
EFTA00432912.pdf,data-set-9-files-12,2,email
EFTA00432914.pdf,data-set-9-files-12,2,email
EFTA00432916.pdf,data-set-9-files-12,1,email
EFTA00432917.pdf,data-set-9-files-12,1,email
EFTA00432918.pdf,data-set-9-files-12,1,email
EFTA00432919.pdf,data-set-9-files-12,1,email
EFTA00432920.pdf,data-set-9-files-12,1,email
EFTA00432921.pdf,data-set-9-files-12,1,email
EFTA00432922.pdf,data-set-9-files-12,1,other
EFTA00432923.pdf,data-set-9-files-12,1,other
EFTA00432924.pdf,data-set-9-files-12,1,email
EFTA00432925.pdf,data-set-9-files-12,1,email
EFTA00432926.pdf,data-set-9-files-12,1,email
EFTA00432927.pdf,data-set-9-files-12,1,email
EFTA00432928.pdf,data-set-9-files-12,1,email
EFTA00432929.pdf,data-set-9-files-12,2,email
EFTA00432931.pdf,data-set-9-files-12,1,email
EFTA00432932.pdf,data-set-9-files-12,1,email
EFTA00432933.pdf,data-set-9-files-12,1,email
EFTA00432934.pdf,data-set-9-files-12,1,other
EFTA00432935.pdf,data-set-9-files-12,1,other
EFTA00432936.pdf,data-set-9-files-12,1,other
EFTA00432937.pdf,data-set-9-files-12,1,email
EFTA00432938.pdf,data-set-9-files-12,2,email
EFTA00432940.pdf,data-set-9-files-12,2,email
EFTA00432942.pdf,data-set-9-files-12,1,other
EFTA00432943.pdf,data-set-9-files-12,1,other
EFTA00432944.pdf,data-set-9-files-12,2,email
EFTA00432946.pdf,data-set-9-files-12,2,email
EFTA00432948.pdf,data-set-9-files-12,1,email
EFTA00432949.pdf,data-set-9-files-12,1,other
EFTA00432950.pdf,data-set-9-files-12,1,email
EFTA00432951.pdf,data-set-9-files-12,1,email
EFTA00432952.pdf,data-set-9-files-12,1,email
EFTA00432953.pdf,data-set-9-files-12,1,email
EFTA00432954.pdf,data-set-9-files-12,1,email
EFTA00432955.pdf,data-set-9-files-12,1,other
EFTA00432956.pdf,data-set-9-files-12,1,other
EFTA00432957.pdf,data-set-9-files-12,1,email
EFTA00432958.pdf,data-set-9-files-12,1,email
EFTA00432959.pdf,data-set-9-files-12,1,email
EFTA00432960.pdf,data-set-9-files-12,1,email
EFTA00432961.pdf,data-set-9-files-12,3,email
EFTA00432964.pdf,data-set-9-files-12,1,email
EFTA00432965.pdf,data-set-9-files-12,1,email
EFTA00432966.pdf,data-set-9-files-12,1,email
EFTA00432967.pdf,data-set-9-files-12,1,email
EFTA00432968.pdf,data-set-9-files-12,1,email
EFTA00432969.pdf,data-set-9-files-12,2,email
EFTA00432971.pdf,data-set-9-files-12,1,email
EFTA00432972.pdf,data-set-9-files-12,1,email
EFTA00432973.pdf,data-set-9-files-12,2,email
EFTA00432975.pdf,data-set-9-files-12,1,email
EFTA00432976.pdf,data-set-9-files-12,2,email
EFTA00432978.pdf,data-set-9-files-12,2,email
EFTA00432980.pdf,data-set-9-files-12,1,email
EFTA00432981.pdf,data-set-9-files-12,2,email
EFTA00432983.pdf,data-set-9-files-12,2,email
EFTA00432985.pdf,data-set-9-files-12,1,email
EFTA00432986.pdf,data-set-9-files-12,1,email
EFTA00432987.pdf,data-set-9-files-12,2,email
EFTA00432989.pdf,data-set-9-files-12,1,email
EFTA00432990.pdf,data-set-9-files-12,1,email
EFTA00432991.pdf,data-set-9-files-12,1,email
EFTA00432992.pdf,data-set-9-files-12,1,email
EFTA00432993.pdf,data-set-9-files-12,2,email
EFTA00432995.pdf,data-set-9-files-12,1,other
EFTA00432996.pdf,data-set-9-files-12,1,email
EFTA00432997.pdf,data-set-9-files-12,1,other
EFTA00432998.pdf,data-set-9-files-12,1,other
EFTA00432999.pdf,data-set-9-files-12,2,email
EFTA00433001.pdf,data-set-9-files-12,1,email
EFTA00433002.pdf,data-set-9-files-12,1,email
EFTA00433003.pdf,data-set-9-files-12,1,email
EFTA00433004.pdf,data-set-9-files-12,1,other
EFTA00433005.pdf,data-set-9-files-12,1,other
EFTA00433006.pdf,data-set-9-files-12,1,email
EFTA00433007.pdf,data-set-9-files-12,1,email
EFTA00433008.pdf,data-set-9-files-12,1,email
EFTA00433009.pdf,data-set-9-files-12,1,email
EFTA00433010.pdf,data-set-9-files-12,1,email
EFTA00433011.pdf,data-set-9-files-12,1,email
EFTA00433012.pdf,data-set-9-files-12,1,email
EFTA00433013.pdf,data-set-9-files-12,1,email
EFTA00433014.pdf,data-set-9-files-12,1,email
EFTA00433015.pdf,data-set-9-files-12,1,email
EFTA00433016.pdf,data-set-9-files-12,3,email
EFTA00433019.pdf,data-set-9-files-12,1,email
EFTA00433020.pdf,data-set-9-files-12,1,other
EFTA00433021.pdf,data-set-9-files-12,1,email
EFTA00433022.pdf,data-set-9-files-12,1,email
EFTA00433023.pdf,data-set-9-files-12,1,email
EFTA00433024.pdf,data-set-9-files-12,1,email
EFTA00433025.pdf,data-set-9-files-12,1,email
EFTA00433026.pdf,data-set-9-files-12,1,email
EFTA00433027.pdf,data-set-9-files-12,1,email
EFTA00433028.pdf,data-set-9-files-12,1,email
EFTA00433029.pdf,data-set-9-files-12,1,email
EFTA00433030.pdf,data-set-9-files-12,1,other
EFTA00433031.pdf,data-set-9-files-12,1,email
EFTA00433032.pdf,data-set-9-files-12,1,email
EFTA00433033.pdf,data-set-9-files-12,1,email
EFTA00433034.pdf,data-set-9-files-12,1,email
EFTA00433035.pdf,data-set-9-files-12,1,email
EFTA00433036.pdf,data-set-9-files-12,1,email
EFTA00433037.pdf,data-set-9-files-12,1,email
EFTA00433038.pdf,data-set-9-files-12,1,email
EFTA00433039.pdf,data-set-9-files-12,1,email
EFTA00433040.pdf,data-set-9-files-12,1,email
EFTA00433041.pdf,data-set-9-files-12,1,email
EFTA00433042.pdf,data-set-9-files-12,1,email
EFTA00433043.pdf,data-set-9-files-12,1,email
EFTA00433044.pdf,data-set-9-files-12,1,email
EFTA00433045.pdf,data-set-9-files-12,1,email
EFTA00433046.pdf,data-set-9-files-12,1,email
EFTA00433047.pdf,data-set-9-files-12,1,email
EFTA00433048.pdf,data-set-9-files-12,1,email
EFTA00433049.pdf,data-set-9-files-12,1,email
EFTA00433050.pdf,data-set-9-files-12,1,email
EFTA00433051.pdf,data-set-9-files-12,1,email
EFTA00433052.pdf,data-set-9-files-12,1,email
EFTA00433053.pdf,data-set-9-files-12,1,email
EFTA00433054.pdf,data-set-9-files-12,1,email
EFTA00433055.pdf,data-set-9-files-12,1,email
EFTA00433056.pdf,data-set-9-files-12,2,email
EFTA00433058.pdf,data-set-9-files-12,1,email
EFTA00433059.pdf,data-set-9-files-12,1,email
EFTA00433060.pdf,data-set-9-files-12,1,email
EFTA00433061.pdf,data-set-9-files-12,1,email
EFTA00433062.pdf,data-set-9-files-12,1,email
EFTA00433063.pdf,data-set-9-files-12,1,email
EFTA00433064.pdf,data-set-9-files-12,1,email
EFTA00433065.pdf,data-set-9-files-12,1,email
EFTA00433066.pdf,data-set-9-files-12,1,email
EFTA00433067.pdf,data-set-9-files-12,1,email
EFTA00433068.pdf,data-set-9-files-12,1,email
EFTA00433069.pdf,data-set-9-files-12,1,email
EFTA00433070.pdf,data-set-9-files-12,1,email
EFTA00433071.pdf,data-set-9-files-12,1,email
EFTA00433072.pdf,data-set-9-files-12,1,email
EFTA00433073.pdf,data-set-9-files-12,1,email
EFTA00433074.pdf,data-set-9-files-12,1,email
EFTA00433075.pdf,data-set-9-files-12,6,email
EFTA00433081.pdf,data-set-9-files-12,1,email
EFTA00433082.pdf,data-set-9-files-12,2,email
EFTA00433084.pdf,data-set-9-files-12,1,email
EFTA00433085.pdf,data-set-9-files-12,2,email
EFTA00433087.pdf,data-set-9-files-12,1,email
EFTA00433088.pdf,data-set-9-files-12,4,email
EFTA00433092.pdf,data-set-9-files-12,1,email
EFTA00433093.pdf,data-set-9-files-12,1,email
EFTA00433094.pdf,data-set-9-files-12,1,email
EFTA00433095.pdf,data-set-9-files-12,1,email
EFTA00433096.pdf,data-set-9-files-12,1,email
EFTA00433097.pdf,data-set-9-files-12,1,other
EFTA00433098.pdf,data-set-9-files-12,2,email
EFTA00433100.pdf,data-set-9-files-12,2,email
EFTA00433102.pdf,data-set-9-files-12,2,email
EFTA00433104.pdf,data-set-9-files-12,1,email
EFTA00433105.pdf,data-set-9-files-12,1,email
EFTA00433106.pdf,data-set-9-files-12,2,email
EFTA00433108.pdf,data-set-9-files-12,3,email
EFTA00433111.pdf,data-set-9-files-12,1,email
EFTA00433112.pdf,data-set-9-files-12,1,email
EFTA00433113.pdf,data-set-9-files-12,1,email
EFTA00433114.pdf,data-set-9-files-12,1,email
EFTA00433115.pdf,data-set-9-files-12,1,email
EFTA00433116.pdf,data-set-9-files-12,1,email
EFTA00433117.pdf,data-set-9-files-12,1,other
EFTA00433118.pdf,data-set-9-files-12,1,email
EFTA00433119.pdf,data-set-9-files-12,1,other
EFTA00433120.pdf,data-set-9-files-12,1,email
EFTA00433121.pdf,data-set-9-files-12,1,email
EFTA00433122.pdf,data-set-9-files-12,1,email
EFTA00433123.pdf,data-set-9-files-12,1,email
EFTA00433124.pdf,data-set-9-files-12,1,email
EFTA00433125.pdf,data-set-9-files-12,2,email
EFTA00433127.pdf,data-set-9-files-12,2,email
EFTA00433129.pdf,data-set-9-files-12,1,email
EFTA00433130.pdf,data-set-9-files-12,1,other
EFTA00433131.pdf,data-set-9-files-12,1,email
EFTA00433132.pdf,data-set-9-files-12,1,email
EFTA00433133.pdf,data-set-9-files-12,1,email
EFTA00433134.pdf,data-set-9-files-12,1,email
EFTA00433135.pdf,data-set-9-files-12,2,email
EFTA00433137.pdf,data-set-9-files-12,1,email
EFTA00433138.pdf,data-set-9-files-12,2,email
EFTA00433140.pdf,data-set-9-files-12,3,email
EFTA00433143.pdf,data-set-9-files-12,1,email
EFTA00433144.pdf,data-set-9-files-12,1,email
EFTA00433145.pdf,data-set-9-files-12,1,email
EFTA00433146.pdf,data-set-9-files-12,1,email
EFTA00433147.pdf,data-set-9-files-12,1,email
EFTA00433148.pdf,data-set-9-files-12,1,other
EFTA00433149.pdf,data-set-9-files-12,1,email
EFTA00433150.pdf,data-set-9-files-12,1,other
EFTA00433151.pdf,data-set-9-files-12,1,email
EFTA00433152.pdf,data-set-9-files-12,1,email
EFTA00433153.pdf,data-set-9-files-12,2,email
EFTA00433155.pdf,data-set-9-files-12,1,email
EFTA00433156.pdf,data-set-9-files-12,1,other
EFTA00433157.pdf,data-set-9-files-12,1,email
EFTA00433158.pdf,data-set-9-files-12,1,email
EFTA00433159.pdf,data-set-9-files-12,1,email
EFTA00433160.pdf,data-set-9-files-12,1,email
EFTA00433161.pdf,data-set-9-files-12,1,email
EFTA00433162.pdf,data-set-9-files-12,1,other
EFTA00433163.pdf,data-set-9-files-12,1,email
EFTA00433164.pdf,data-set-9-files-12,1,email
EFTA00433165.pdf,data-set-9-files-12,2,email
EFTA00433167.pdf,data-set-9-files-12,1,email
EFTA00433168.pdf,data-set-9-files-12,2,email
EFTA00433170.pdf,data-set-9-files-12,1,email
EFTA00433171.pdf,data-set-9-files-12,1,email
EFTA00433172.pdf,data-set-9-files-12,1,email
EFTA00433173.pdf,data-set-9-files-12,1,email
EFTA00433174.pdf,data-set-9-files-12,1,email
EFTA00433175.pdf,data-set-9-files-12,1,other
EFTA00433176.pdf,data-set-9-files-12,1,email
EFTA00433177.pdf,data-set-9-files-12,1,email
EFTA00433178.pdf,data-set-9-files-12,1,email
EFTA00433179.pdf,data-set-9-files-12,2,email
EFTA00433181.pdf,data-set-9-files-12,2,email
EFTA00433183.pdf,data-set-9-files-12,2,email
EFTA00433185.pdf,data-set-9-files-12,1,email
EFTA00433186.pdf,data-set-9-files-12,1,email
EFTA00433187.pdf,data-set-9-files-12,1,email
EFTA00433188.pdf,data-set-9-files-12,1,email
EFTA00433189.pdf,data-set-9-files-12,2,email
EFTA00433191.pdf,data-set-9-files-12,1,email
EFTA00433192.pdf,data-set-9-files-12,5,email
EFTA00433197.pdf,data-set-9-files-12,1,email
EFTA00433198.pdf,data-set-9-files-12,1,email
EFTA00433199.pdf,data-set-9-files-12,1,email
EFTA00433200.pdf,data-set-9-files-12,1,email
EFTA00433201.pdf,data-set-9-files-12,1,email
EFTA00433202.pdf,data-set-9-files-12,1,email
EFTA00433203.pdf,data-set-9-files-12,1,email
EFTA00433204.pdf,data-set-9-files-12,1,other
EFTA00433205.pdf,data-set-9-files-12,1,email
EFTA00433206.pdf,data-set-9-files-12,1,email
EFTA00433207.pdf,data-set-9-files-12,1,other
EFTA00433208.pdf,data-set-9-files-12,1,other
EFTA00433209.pdf,data-set-9-files-12,1,other
EFTA00433210.pdf,data-set-9-files-12,1,other
EFTA00433211.pdf,data-set-9-files-12,1,other
EFTA00433212.pdf,data-set-9-files-12,1,email
EFTA00433213.pdf,data-set-9-files-12,1,email
EFTA00433214.pdf,data-set-9-files-12,1,email
EFTA00433215.pdf,data-set-9-files-12,1,email
EFTA00433216.pdf,data-set-9-files-12,1,email
EFTA00433217.pdf,data-set-9-files-12,1,email
EFTA00433218.pdf,data-set-9-files-12,1,email
EFTA00433219.pdf,data-set-9-files-12,1,email
EFTA00433220.pdf,data-set-9-files-12,1,email
EFTA00433221.pdf,data-set-9-files-12,1,email
EFTA00433222.pdf,data-set-9-files-12,2,email
EFTA00433224.pdf,data-set-9-files-12,1,email
EFTA00433225.pdf,data-set-9-files-12,1,email
EFTA00433226.pdf,data-set-9-files-12,1,other
EFTA00433227.pdf,data-set-9-files-12,1,other
EFTA00433228.pdf,data-set-9-files-12,1,other
EFTA00433229.pdf,data-set-9-files-12,2,email
EFTA00433231.pdf,data-set-9-files-12,1,email
EFTA00433232.pdf,data-set-9-files-12,1,email
EFTA00433233.pdf,data-set-9-files-12,2,email
EFTA00433235.pdf,data-set-9-files-12,1,email
EFTA00433236.pdf,data-set-9-files-12,1,email
EFTA00433237.pdf,data-set-9-files-12,1,email
EFTA00433238.pdf,data-set-9-files-12,1,email
EFTA00433239.pdf,data-set-9-files-12,1,email
EFTA00433240.pdf,data-set-9-files-12,1,email
EFTA00433241.pdf,data-set-9-files-12,1,email
EFTA00433242.pdf,data-set-9-files-12,1,email
EFTA00433243.pdf,data-set-9-files-12,1,email
EFTA00433244.pdf,data-set-9-files-12,1,email
EFTA00433245.pdf,data-set-9-files-12,1,other
EFTA00433246.pdf,data-set-9-files-12,1,other
EFTA00433247.pdf,data-set-9-files-12,1,other
EFTA00433248.pdf,data-set-9-files-12,1,other
EFTA00433249.pdf,data-set-9-files-12,1,other
EFTA00433250.pdf,data-set-9-files-12,2,email
EFTA00433252.pdf,data-set-9-files-12,1,email
EFTA00433253.pdf,data-set-9-files-12,1,email
EFTA00433254.pdf,data-set-9-files-12,2,email
EFTA00433256.pdf,data-set-9-files-12,1,email
EFTA00433257.pdf,data-set-9-files-12,1,email
EFTA00433258.pdf,data-set-9-files-12,1,email
EFTA00433259.pdf,data-set-9-files-12,2,email
EFTA00433261.pdf,data-set-9-files-12,2,email
EFTA00433263.pdf,data-set-9-files-12,1,email
EFTA00433264.pdf,data-set-9-files-12,1,email
EFTA00433265.pdf,data-set-9-files-12,1,other
EFTA00433266.pdf,data-set-9-files-12,1,other
EFTA00433267.pdf,data-set-9-files-12,1,other
EFTA00433268.pdf,data-set-9-files-12,1,other
EFTA00433269.pdf,data-set-9-files-12,1,other
EFTA00433270.pdf,data-set-9-files-12,2,email
EFTA00433272.pdf,data-set-9-files-12,1,email
EFTA00433273.pdf,data-set-9-files-12,1,email
EFTA00433274.pdf,data-set-9-files-12,1,email
EFTA00433275.pdf,data-set-9-files-12,1,email
EFTA00433276.pdf,data-set-9-files-12,1,email
EFTA00433277.pdf,data-set-9-files-12,1,email
EFTA00433278.pdf,data-set-9-files-12,1,email
EFTA00433279.pdf,data-set-9-files-12,1,email
EFTA00433280.pdf,data-set-9-files-12,1,email
EFTA00433281.pdf,data-set-9-files-12,1,email
EFTA00433282.pdf,data-set-9-files-12,2,email
EFTA00433284.pdf,data-set-9-files-12,1,email
EFTA00433285.pdf,data-set-9-files-12,2,email
EFTA00433287.pdf,data-set-9-files-12,1,email
EFTA00433288.pdf,data-set-9-files-12,1,email
EFTA00433289.pdf,data-set-9-files-12,1,other
EFTA00433290.pdf,data-set-9-files-12,1,email
EFTA00433291.pdf,data-set-9-files-12,1,email
EFTA00433292.pdf,data-set-9-files-12,2,email
EFTA00433294.pdf,data-set-9-files-12,1,email
EFTA00433295.pdf,data-set-9-files-12,1,email
EFTA00433296.pdf,data-set-9-files-12,1,other
EFTA00433297.pdf,data-set-9-files-12,1,email
EFTA00433298.pdf,data-set-9-files-12,1,email
EFTA00433299.pdf,data-set-9-files-12,1,email
EFTA00433300.pdf,data-set-9-files-12,1,email
EFTA00433301.pdf,data-set-9-files-12,1,email
EFTA00433302.pdf,data-set-9-files-12,1,email
EFTA00433303.pdf,data-set-9-files-12,1,email
EFTA00433304.pdf,data-set-9-files-12,2,email
EFTA00433306.pdf,data-set-9-files-12,1,email
EFTA00433307.pdf,data-set-9-files-12,1,email
EFTA00433308.pdf,data-set-9-files-12,1,email
EFTA00433309.pdf,data-set-9-files-12,1,email
EFTA00433310.pdf,data-set-9-files-12,1,email
EFTA00433311.pdf,data-set-9-files-12,1,email
EFTA00433312.pdf,data-set-9-files-12,1,email
EFTA00433313.pdf,data-set-9-files-12,1,email
EFTA00433314.pdf,data-set-9-files-12,1,email
EFTA00433315.pdf,data-set-9-files-12,1,email
EFTA00433316.pdf,data-set-9-files-12,1,email
EFTA00433317.pdf,data-set-9-files-12,1,email
EFTA00433318.pdf,data-set-9-files-12,1,email
EFTA00433319.pdf,data-set-9-files-12,1,email
EFTA00433320.pdf,data-set-9-files-12,2,email
EFTA00433322.pdf,data-set-9-files-12,1,email
EFTA00433323.pdf,data-set-9-files-12,2,email
EFTA00433325.pdf,data-set-9-files-12,2,email
EFTA00433327.pdf,data-set-9-files-12,1,email
EFTA00433328.pdf,data-set-9-files-12,1,email
EFTA00433329.pdf,data-set-9-files-12,1,email
EFTA00433330.pdf,data-set-9-files-12,1,email
EFTA00433331.pdf,data-set-9-files-12,1,email
EFTA00433332.pdf,data-set-9-files-12,1,email
EFTA00433333.pdf,data-set-9-files-12,1,email
EFTA00433334.pdf,data-set-9-files-12,2,email
EFTA00433336.pdf,data-set-9-files-12,2,email
EFTA00433338.pdf,data-set-9-files-12,1,other
EFTA00433339.pdf,data-set-9-files-12,1,email
EFTA00433340.pdf,data-set-9-files-12,2,email
EFTA00433342.pdf,data-set-9-files-12,1,email
EFTA00433343.pdf,data-set-9-files-12,1,email
EFTA00433344.pdf,data-set-9-files-12,1,email
EFTA00433345.pdf,data-set-9-files-12,1,email
EFTA00433346.pdf,data-set-9-files-12,1,email
EFTA00433347.pdf,data-set-9-files-12,1,email
EFTA00433348.pdf,data-set-9-files-12,2,email
EFTA00433350.pdf,data-set-9-files-12,1,other
EFTA00433351.pdf,data-set-9-files-12,3,email
EFTA00433354.pdf,data-set-9-files-12,1,email
EFTA00433355.pdf,data-set-9-files-12,1,email
EFTA00433356.pdf,data-set-9-files-12,1,email
EFTA00433357.pdf,data-set-9-files-12,1,email
EFTA00433358.pdf,data-set-9-files-12,1,email
EFTA00433359.pdf,data-set-9-files-12,1,email
EFTA00433360.pdf,data-set-9-files-12,1,email
EFTA00433361.pdf,data-set-9-files-12,1,email
EFTA00433362.pdf,data-set-9-files-12,1,email
EFTA00433363.pdf,data-set-9-files-12,1,email
EFTA00433364.pdf,data-set-9-files-12,1,email
EFTA00433365.pdf,data-set-9-files-12,1,email
EFTA00433366.pdf,data-set-9-files-12,1,email
EFTA00433367.pdf,data-set-9-files-12,1,email
EFTA00433368.pdf,data-set-9-files-12,1,other
EFTA00433369.pdf,data-set-9-files-12,1,email
EFTA00433370.pdf,data-set-9-files-12,2,email
EFTA00433372.pdf,data-set-9-files-12,1,email
EFTA00433373.pdf,data-set-9-files-12,1,email
EFTA00433374.pdf,data-set-9-files-12,1,other
EFTA00433375.pdf,data-set-9-files-12,1,email
EFTA00433376.pdf,data-set-9-files-12,1,email
EFTA00433377.pdf,data-set-9-files-12,1,email
EFTA00433378.pdf,data-set-9-files-12,1,email
EFTA00433379.pdf,data-set-9-files-12,1,email
EFTA00433380.pdf,data-set-9-files-12,2,email
EFTA00433382.pdf,data-set-9-files-12,1,email
EFTA00433383.pdf,data-set-9-files-12,1,email
EFTA00433384.pdf,data-set-9-files-12,1,email
EFTA00433385.pdf,data-set-9-files-12,1,email
EFTA00433386.pdf,data-set-9-files-12,1,email
EFTA00433387.pdf,data-set-9-files-12,1,other
EFTA00433388.pdf,data-set-9-files-12,1,other
EFTA00433389.pdf,data-set-9-files-12,1,email
EFTA00433390.pdf,data-set-9-files-12,1,email
EFTA00433391.pdf,data-set-9-files-12,1,other
EFTA00433392.pdf,data-set-9-files-12,1,email
EFTA00433393.pdf,data-set-9-files-12,1,email
EFTA00433394.pdf,data-set-9-files-12,1,email
EFTA00433395.pdf,data-set-9-files-12,1,email
EFTA00433396.pdf,data-set-9-files-12,2,email
EFTA00433398.pdf,data-set-9-files-12,1,email
EFTA00433399.pdf,data-set-9-files-12,1,other
EFTA00433400.pdf,data-set-9-files-12,1,other
EFTA00433401.pdf,data-set-9-files-12,1,email
EFTA00433402.pdf,data-set-9-files-12,2,email
EFTA00433404.pdf,data-set-9-files-12,1,other
EFTA00433405.pdf,data-set-9-files-12,2,email
EFTA00433407.pdf,data-set-9-files-12,1,email
EFTA00433408.pdf,data-set-9-files-12,1,email
EFTA00433409.pdf,data-set-9-files-12,1,email
EFTA00433410.pdf,data-set-9-files-12,1,email
EFTA00433411.pdf,data-set-9-files-12,2,email
EFTA00433413.pdf,data-set-9-files-12,1,email
EFTA00433414.pdf,data-set-9-files-12,1,email
EFTA00433415.pdf,data-set-9-files-12,1,email
EFTA00433416.pdf,data-set-9-files-12,1,email
EFTA00433417.pdf,data-set-9-files-12,1,other
EFTA00433418.pdf,data-set-9-files-12,1,other
EFTA00433419.pdf,data-set-9-files-12,4,email
EFTA00433423.pdf,data-set-9-files-12,1,other
EFTA00433424.pdf,data-set-9-files-12,1,other
EFTA00433425.pdf,data-set-9-files-12,1,email
EFTA00433426.pdf,data-set-9-files-12,1,email
EFTA00433427.pdf,data-set-9-files-12,1,email
EFTA00433428.pdf,data-set-9-files-12,1,email
EFTA00433429.pdf,data-set-9-files-12,1,email
EFTA00433430.pdf,data-set-9-files-12,1,email
EFTA00433431.pdf,data-set-9-files-12,1,email
EFTA00433432.pdf,data-set-9-files-12,1,other
EFTA00433433.pdf,data-set-9-files-12,1,email
EFTA00433434.pdf,data-set-9-files-12,2,email
EFTA00433436.pdf,data-set-9-files-12,1,email
EFTA00433437.pdf,data-set-9-files-12,1,email
EFTA00433438.pdf,data-set-9-files-12,1,email
EFTA00433439.pdf,data-set-9-files-12,1,email
EFTA00433440.pdf,data-set-9-files-12,1,email
EFTA00433441.pdf,data-set-9-files-12,1,email
EFTA00433442.pdf,data-set-9-files-12,1,email
EFTA00433443.pdf,data-set-9-files-12,1,email
EFTA00433444.pdf,data-set-9-files-12,1,email
EFTA00433445.pdf,data-set-9-files-12,2,email
EFTA00433447.pdf,data-set-9-files-12,1,email
EFTA00433448.pdf,data-set-9-files-12,1,email
EFTA00433449.pdf,data-set-9-files-12,1,email
EFTA00433450.pdf,data-set-9-files-12,1,email
EFTA00433451.pdf,data-set-9-files-12,1,email
EFTA00433452.pdf,data-set-9-files-12,1,email
EFTA00433453.pdf,data-set-9-files-12,2,email
EFTA00433455.pdf,data-set-9-files-12,2,email
EFTA00433457.pdf,data-set-9-files-12,1,email
EFTA00433458.pdf,data-set-9-files-12,1,email
EFTA00433459.pdf,data-set-9-files-12,1,email
EFTA00433460.pdf,data-set-9-files-12,1,email
EFTA00433461.pdf,data-set-9-files-12,1,other
EFTA00433462.pdf,data-set-9-files-12,1,other
EFTA00433463.pdf,data-set-9-files-12,1,other
EFTA00433464.pdf,data-set-9-files-12,1,other
EFTA00433465.pdf,data-set-9-files-12,1,other
EFTA00433466.pdf,data-set-9-files-12,2,email
EFTA00433468.pdf,data-set-9-files-12,2,email
EFTA00433470.pdf,data-set-9-files-12,1,email
EFTA00433471.pdf,data-set-9-files-12,1,email
EFTA00433472.pdf,data-set-9-files-12,1,email
EFTA00433473.pdf,data-set-9-files-12,1,email
EFTA00433474.pdf,data-set-9-files-12,1,email
EFTA00433475.pdf,data-set-9-files-12,1,email
EFTA00433476.pdf,data-set-9-files-12,1,email
EFTA00433477.pdf,data-set-9-files-12,1,email
EFTA00433478.pdf,data-set-9-files-12,1,other
EFTA00433479.pdf,data-set-9-files-12,1,other
EFTA00433480.pdf,data-set-9-files-12,1,other
EFTA00433481.pdf,data-set-9-files-12,1,email
EFTA00433482.pdf,data-set-9-files-12,1,email
EFTA00433483.pdf,data-set-9-files-12,1,email
EFTA00433484.pdf,data-set-9-files-12,1,email
EFTA00433485.pdf,data-set-9-files-12,1,email
EFTA00433486.pdf,data-set-9-files-12,3,email
EFTA00433489.pdf,data-set-9-files-12,1,email
EFTA00433490.pdf,data-set-9-files-12,1,email
EFTA00433491.pdf,data-set-9-files-12,1,email
EFTA00433492.pdf,data-set-9-files-12,2,email
EFTA00433494.pdf,data-set-9-files-12,2,email
EFTA00433496.pdf,data-set-9-files-12,1,email
EFTA00433497.pdf,data-set-9-files-12,1,email
EFTA00433498.pdf,data-set-9-files-12,1,email
EFTA00433499.pdf,data-set-9-files-12,1,email
EFTA00433500.pdf,data-set-9-files-12,1,email
EFTA00433501.pdf,data-set-9-files-12,1,email
EFTA00433502.pdf,data-set-9-files-12,1,email
EFTA00433503.pdf,data-set-9-files-12,1,email
EFTA00433504.pdf,data-set-9-files-12,1,email
EFTA00433505.pdf,data-set-9-files-12,1,email
EFTA00433506.pdf,data-set-9-files-12,1,email
EFTA00433507.pdf,data-set-9-files-12,1,other
EFTA00433508.pdf,data-set-9-files-12,1,other
EFTA00433509.pdf,data-set-9-files-12,1,email
EFTA00433510.pdf,data-set-9-files-12,1,email
EFTA00433511.pdf,data-set-9-files-12,1,email
EFTA00433512.pdf,data-set-9-files-12,1,other
EFTA00433513.pdf,data-set-9-files-12,1,other
EFTA00433514.pdf,data-set-9-files-12,2,email
EFTA00433516.pdf,data-set-9-files-12,1,other
EFTA00433517.pdf,data-set-9-files-12,1,other
EFTA00433518.pdf,data-set-9-files-12,1,email
EFTA00433519.pdf,data-set-9-files-12,1,other
EFTA00433520.pdf,data-set-9-files-12,1,email
EFTA00433521.pdf,data-set-9-files-12,1,other
EFTA00433522.pdf,data-set-9-files-12,1,email
EFTA00433523.pdf,data-set-9-files-12,1,other
EFTA00433524.pdf,data-set-9-files-12,1,email
EFTA00433525.pdf,data-set-9-files-12,1,other
EFTA00433526.pdf,data-set-9-files-12,1,email
EFTA00433527.pdf,data-set-9-files-12,1,email
EFTA00433528.pdf,data-set-9-files-12,1,email
EFTA00433529.pdf,data-set-9-files-12,3,email
EFTA00433532.pdf,data-set-9-files-12,1,email
EFTA00433533.pdf,data-set-9-files-12,1,other
EFTA00433534.pdf,data-set-9-files-12,1,other
EFTA00433535.pdf,data-set-9-files-12,1,email
EFTA00433536.pdf,data-set-9-files-12,1,other
EFTA00433537.pdf,data-set-9-files-12,1,other
EFTA00433538.pdf,data-set-9-files-12,3,email
EFTA00433541.pdf,data-set-9-files-12,5,email
EFTA00433546.pdf,data-set-9-files-12,2,email
EFTA00433548.pdf,data-set-9-files-12,2,email
EFTA00433550.pdf,data-set-9-files-12,3,email
EFTA00433553.pdf,data-set-9-files-12,3,email
EFTA00433556.pdf,data-set-9-files-12,2,email
EFTA00433558.pdf,data-set-9-files-12,2,email
EFTA00433560.pdf,data-set-9-files-12,1,other
EFTA00433561.pdf,data-set-9-files-12,1,other
EFTA00433562.pdf,data-set-9-files-12,1,other
EFTA00433563.pdf,data-set-9-files-12,2,email
EFTA00433565.pdf,data-set-9-files-12,1,other
EFTA00433566.pdf,data-set-9-files-12,1,email
EFTA00433567.pdf,data-set-9-files-12,1,email
EFTA00433568.pdf,data-set-9-files-12,1,email
EFTA00433569.pdf,data-set-9-files-12,1,email
EFTA00433570.pdf,data-set-9-files-12,1,email
EFTA00433571.pdf,data-set-9-files-12,2,email
EFTA00433573.pdf,data-set-9-files-12,1,email
EFTA00433574.pdf,data-set-9-files-12,1,email
EFTA00433575.pdf,data-set-9-files-12,2,email
EFTA00433577.pdf,data-set-9-files-12,1,email
EFTA00433578.pdf,data-set-9-files-12,2,email
EFTA00433580.pdf,data-set-9-files-12,1,email
EFTA00433581.pdf,data-set-9-files-12,2,email
EFTA00433583.pdf,data-set-9-files-12,1,email
EFTA00433584.pdf,data-set-9-files-12,2,email
EFTA00433586.pdf,data-set-9-files-12,1,email
EFTA00433587.pdf,data-set-9-files-12,1,email
EFTA00433588.pdf,data-set-9-files-12,1,email
EFTA00433589.pdf,data-set-9-files-12,1,email
EFTA00433590.pdf,data-set-9-files-12,1,email
EFTA00433591.pdf,data-set-9-files-12,1,email
EFTA00433592.pdf,data-set-9-files-12,1,email
EFTA00433593.pdf,data-set-9-files-12,1,email
EFTA00433594.pdf,data-set-9-files-12,1,email
EFTA00433595.pdf,data-set-9-files-12,3,email
EFTA00433598.pdf,data-set-9-files-12,1,email
EFTA00433599.pdf,data-set-9-files-12,1,email
EFTA00433600.pdf,data-set-9-files-12,1,email
EFTA00433601.pdf,data-set-9-files-12,1,email
EFTA00433602.pdf,data-set-9-files-12,1,email
EFTA00433603.pdf,data-set-9-files-12,1,email
EFTA00433604.pdf,data-set-9-files-12,4,email
EFTA00433608.pdf,data-set-9-files-12,1,email
EFTA00433609.pdf,data-set-9-files-12,1,email
EFTA00433610.pdf,data-set-9-files-12,1,email
EFTA00433611.pdf,data-set-9-files-12,1,email
EFTA00433612.pdf,data-set-9-files-12,1,email
EFTA00433613.pdf,data-set-9-files-12,1,email
EFTA00433614.pdf,data-set-9-files-12,1,email
EFTA00433615.pdf,data-set-9-files-12,1,email
EFTA00433616.pdf,data-set-9-files-12,2,email
EFTA00433618.pdf,data-set-9-files-12,2,email
EFTA00433620.pdf,data-set-9-files-12,1,other
EFTA00433621.pdf,data-set-9-files-12,1,email
EFTA00433622.pdf,data-set-9-files-12,1,email
EFTA00433623.pdf,data-set-9-files-12,1,email
EFTA00433624.pdf,data-set-9-files-12,1,email
EFTA00433625.pdf,data-set-9-files-12,1,email
EFTA00433626.pdf,data-set-9-files-12,1,email
EFTA00433627.pdf,data-set-9-files-12,1,email
EFTA00433628.pdf,data-set-9-files-12,1,email
EFTA00433629.pdf,data-set-9-files-12,1,other
EFTA00433630.pdf,data-set-9-files-12,2,email
EFTA00433632.pdf,data-set-9-files-12,2,email
EFTA00433634.pdf,data-set-9-files-12,1,other
EFTA00433635.pdf,data-set-9-files-12,2,email
EFTA00433637.pdf,data-set-9-files-12,1,email
EFTA00433638.pdf,data-set-9-files-12,1,other
EFTA00433639.pdf,data-set-9-files-12,2,email
EFTA00433641.pdf,data-set-9-files-12,1,email
EFTA00433642.pdf,data-set-9-files-12,2,email
EFTA00433644.pdf,data-set-9-files-12,2,email
EFTA00433646.pdf,data-set-9-files-12,2,email
EFTA00433648.pdf,data-set-9-files-12,3,email
EFTA00433651.pdf,data-set-9-files-12,1,other
EFTA00433652.pdf,data-set-9-files-12,1,email
EFTA00433653.pdf,data-set-9-files-12,2,email
EFTA00433655.pdf,data-set-9-files-12,1,other
EFTA00433656.pdf,data-set-9-files-12,1,email
EFTA00433657.pdf,data-set-9-files-12,1,email
EFTA00433658.pdf,data-set-9-files-12,1,other
EFTA00433659.pdf,data-set-9-files-12,2,email
EFTA00433661.pdf,data-set-9-files-12,5,email
EFTA00433666.pdf,data-set-9-files-12,1,email
EFTA00433667.pdf,data-set-9-files-12,1,email
EFTA00433668.pdf,data-set-9-files-12,1,email
EFTA00433669.pdf,data-set-9-files-12,2,email
EFTA00433671.pdf,data-set-9-files-12,1,email
EFTA00433672.pdf,data-set-9-files-12,1,email
EFTA00433673.pdf,data-set-9-files-12,1,email
EFTA00433674.pdf,data-set-9-files-12,1,email
EFTA00433675.pdf,data-set-9-files-12,1,other
EFTA00433676.pdf,data-set-9-files-12,1,other
EFTA00433677.pdf,data-set-9-files-12,1,other
EFTA00433678.pdf,data-set-9-files-12,1,other
EFTA00433679.pdf,data-set-9-files-12,1,other
EFTA00433680.pdf,data-set-9-files-12,1,email
EFTA00433681.pdf,data-set-9-files-12,1,other
EFTA00433682.pdf,data-set-9-files-12,2,email
EFTA00433684.pdf,data-set-9-files-12,1,email
EFTA00433685.pdf,data-set-9-files-12,2,email
EFTA00433687.pdf,data-set-9-files-12,2,email
EFTA00433689.pdf,data-set-9-files-12,3,email
EFTA00433692.pdf,data-set-9-files-12,1,email
EFTA00433693.pdf,data-set-9-files-12,2,email
EFTA00433695.pdf,data-set-9-files-12,5,email
EFTA00433700.pdf,data-set-9-files-12,1,email
EFTA00433701.pdf,data-set-9-files-12,5,email
EFTA00433706.pdf,data-set-9-files-12,1,email
EFTA00433707.pdf,data-set-9-files-12,2,email
EFTA00433709.pdf,data-set-9-files-12,2,email
EFTA00433711.pdf,data-set-9-files-12,2,email
EFTA00433713.pdf,data-set-9-files-12,2,email
EFTA00433715.pdf,data-set-9-files-12,6,email
EFTA00433721.pdf,data-set-9-files-12,6,email
EFTA00433727.pdf,data-set-9-files-12,1,email
EFTA00433728.pdf,data-set-9-files-12,1,email
EFTA00433729.pdf,data-set-9-files-12,1,email
EFTA00433730.pdf,data-set-9-files-12,1,email
EFTA00433731.pdf,data-set-9-files-12,1,email
EFTA00433732.pdf,data-set-9-files-12,1,email
EFTA00433733.pdf,data-set-9-files-12,1,email
EFTA00433734.pdf,data-set-9-files-12,1,email
EFTA00433735.pdf,data-set-9-files-12,1,email
EFTA00433736.pdf,data-set-9-files-12,1,email
EFTA00433737.pdf,data-set-9-files-12,1,email
EFTA00433738.pdf,data-set-9-files-12,1,email
EFTA00433739.pdf,data-set-9-files-12,1,email
EFTA00433740.pdf,data-set-9-files-12,4,email
EFTA00433744.pdf,data-set-9-files-12,5,email
EFTA00433749.pdf,data-set-9-files-12,1,email
EFTA00433750.pdf,data-set-9-files-12,1,email
EFTA00433751.pdf,data-set-9-files-12,1,email
EFTA00433752.pdf,data-set-9-files-12,1,email
EFTA00433753.pdf,data-set-9-files-12,1,email
EFTA00433754.pdf,data-set-9-files-12,1,email
EFTA00433755.pdf,data-set-9-files-12,1,email
EFTA00433756.pdf,data-set-9-files-12,1,email
EFTA00433757.pdf,data-set-9-files-12,1,email
EFTA00433758.pdf,data-set-9-files-12,1,email
EFTA00433759.pdf,data-set-9-files-12,1,email
EFTA00433760.pdf,data-set-9-files-12,1,email
EFTA00433761.pdf,data-set-9-files-12,1,email
EFTA00433762.pdf,data-set-9-files-12,2,email
EFTA00433764.pdf,data-set-9-files-12,1,email
EFTA00433765.pdf,data-set-9-files-12,2,email
EFTA00433767.pdf,data-set-9-files-12,1,email
EFTA00433768.pdf,data-set-9-files-12,1,email
EFTA00433769.pdf,data-set-9-files-12,2,email
EFTA00433771.pdf,data-set-9-files-12,1,email
EFTA00433772.pdf,data-set-9-files-12,1,email
EFTA00433773.pdf,data-set-9-files-12,1,email
EFTA00433774.pdf,data-set-9-files-12,1,email
EFTA00433775.pdf,data-set-9-files-12,1,email
EFTA00433776.pdf,data-set-9-files-12,1,email
EFTA00433777.pdf,data-set-9-files-12,1,email
EFTA00433778.pdf,data-set-9-files-12,1,email
EFTA00433779.pdf,data-set-9-files-12,1,email
EFTA00433780.pdf,data-set-9-files-12,2,email
EFTA00433782.pdf,data-set-9-files-12,2,email
EFTA00433784.pdf,data-set-9-files-12,1,other
EFTA00433785.pdf,data-set-9-files-12,1,email
EFTA00433786.pdf,data-set-9-files-12,1,email
EFTA00433787.pdf,data-set-9-files-12,1,email
EFTA00433788.pdf,data-set-9-files-12,1,email
EFTA00433789.pdf,data-set-9-files-12,1,email
EFTA00433790.pdf,data-set-9-files-12,1,email
EFTA00433791.pdf,data-set-9-files-12,1,email
EFTA00433792.pdf,data-set-9-files-12,1,email
EFTA00433793.pdf,data-set-9-files-12,1,email
EFTA00433794.pdf,data-set-9-files-12,1,email
EFTA00433795.pdf,data-set-9-files-12,1,email
EFTA00433796.pdf,data-set-9-files-12,1,email
EFTA00433797.pdf,data-set-9-files-12,1,email
EFTA00433798.pdf,data-set-9-files-12,1,email
EFTA00433799.pdf,data-set-9-files-12,2,email
EFTA00433801.pdf,data-set-9-files-12,1,email
EFTA00433802.pdf,data-set-9-files-12,1,email
EFTA00433803.pdf,data-set-9-files-12,1,email
EFTA00433804.pdf,data-set-9-files-12,1,email
EFTA00433805.pdf,data-set-9-files-12,1,email
EFTA00433806.pdf,data-set-9-files-12,1,email
EFTA00433807.pdf,data-set-9-files-12,2,email
EFTA00433809.pdf,data-set-9-files-12,1,email
EFTA00433810.pdf,data-set-9-files-12,2,email
EFTA00433812.pdf,data-set-9-files-12,1,email
EFTA00433813.pdf,data-set-9-files-12,1,email
EFTA00433814.pdf,data-set-9-files-12,1,email
EFTA00433815.pdf,data-set-9-files-12,1,other
EFTA00433816.pdf,data-set-9-files-12,1,email
EFTA00433817.pdf,data-set-9-files-12,1,email
EFTA00433818.pdf,data-set-9-files-12,1,email
EFTA00433819.pdf,data-set-9-files-12,1,email
EFTA00433820.pdf,data-set-9-files-12,1,email
EFTA00433821.pdf,data-set-9-files-12,1,email
EFTA00433822.pdf,data-set-9-files-12,2,email
EFTA00433824.pdf,data-set-9-files-12,1,email
EFTA00433825.pdf,data-set-9-files-12,1,email
EFTA00433826.pdf,data-set-9-files-12,1,email
EFTA00433827.pdf,data-set-9-files-12,1,email
EFTA00433828.pdf,data-set-9-files-12,5,email
EFTA00433833.pdf,data-set-9-files-12,5,email
EFTA00433838.pdf,data-set-9-files-12,1,email
EFTA00433839.pdf,data-set-9-files-12,2,email
EFTA00433841.pdf,data-set-9-files-12,3,email
EFTA00433844.pdf,data-set-9-files-12,4,email
EFTA00433848.pdf,data-set-9-files-12,4,email
EFTA00433852.pdf,data-set-9-files-12,3,email
EFTA00433855.pdf,data-set-9-files-12,4,email
EFTA00433859.pdf,data-set-9-files-12,2,email
EFTA00433861.pdf,data-set-9-files-12,1,email
EFTA00433862.pdf,data-set-9-files-12,1,email
EFTA00433863.pdf,data-set-9-files-12,1,other
EFTA00433864.pdf,data-set-9-files-12,2,email
EFTA00433866.pdf,data-set-9-files-12,1,email
EFTA00433867.pdf,data-set-9-files-12,2,email
EFTA00433869.pdf,data-set-9-files-12,1,email
EFTA00433870.pdf,data-set-9-files-12,2,email
EFTA00433872.pdf,data-set-9-files-12,2,email
EFTA00433874.pdf,data-set-9-files-12,7,email
EFTA00433881.pdf,data-set-9-files-12,1,email
EFTA00433882.pdf,data-set-9-files-12,1,email
EFTA00433883.pdf,data-set-9-files-12,2,email
EFTA00433885.pdf,data-set-9-files-12,1,email
EFTA00433886.pdf,data-set-9-files-12,1,email
EFTA00433887.pdf,data-set-9-files-12,1,email
EFTA00433888.pdf,data-set-9-files-12,2,email
EFTA00433890.pdf,data-set-9-files-12,1,other
EFTA00433891.pdf,data-set-9-files-12,1,email
EFTA00433892.pdf,data-set-9-files-12,2,email
EFTA00433894.pdf,data-set-9-files-12,1,email
EFTA00433895.pdf,data-set-9-files-12,1,email
EFTA00433896.pdf,data-set-9-files-12,1,email
EFTA00433897.pdf,data-set-9-files-12,1,email
EFTA00433898.pdf,data-set-9-files-12,1,email
EFTA00433899.pdf,data-set-9-files-12,1,email
EFTA00433900.pdf,data-set-9-files-12,1,email
EFTA00433901.pdf,data-set-9-files-12,4,email
EFTA00433905.pdf,data-set-9-files-12,1,email
EFTA00433906.pdf,data-set-9-files-12,1,email
EFTA00433907.pdf,data-set-9-files-12,1,email
EFTA00433908.pdf,data-set-9-files-12,1,email
EFTA00433909.pdf,data-set-9-files-12,1,email
EFTA00433910.pdf,data-set-9-files-12,1,email
EFTA00433911.pdf,data-set-9-files-12,1,email
EFTA00433912.pdf,data-set-9-files-12,1,email
EFTA00433913.pdf,data-set-9-files-12,2,email
EFTA00433915.pdf,data-set-9-files-12,2,email
EFTA00433917.pdf,data-set-9-files-12,1,email
EFTA00433918.pdf,data-set-9-files-12,1,email
EFTA00433919.pdf,data-set-9-files-12,1,other
EFTA00433920.pdf,data-set-9-files-12,2,email
EFTA00433922.pdf,data-set-9-files-12,1,email
EFTA00433923.pdf,data-set-9-files-12,1,email
EFTA00433924.pdf,data-set-9-files-12,1,email
EFTA00433925.pdf,data-set-9-files-12,1,email
EFTA00433926.pdf,data-set-9-files-12,1,email
EFTA00433927.pdf,data-set-9-files-12,1,email
EFTA00433928.pdf,data-set-9-files-12,1,email
EFTA00433929.pdf,data-set-9-files-12,1,email
EFTA00433930.pdf,data-set-9-files-12,1,email
EFTA00433931.pdf,data-set-9-files-12,1,email
EFTA00433932.pdf,data-set-9-files-12,1,email
EFTA00433933.pdf,data-set-9-files-12,2,email
EFTA00433935.pdf,data-set-9-files-12,1,email
EFTA00433936.pdf,data-set-9-files-12,1,email
EFTA00433937.pdf,data-set-9-files-12,1,email
EFTA00433938.pdf,data-set-9-files-12,1,email
EFTA00433939.pdf,data-set-9-files-12,1,email
EFTA00433940.pdf,data-set-9-files-12,1,email
EFTA00433941.pdf,data-set-9-files-12,1,email
EFTA00433942.pdf,data-set-9-files-12,1,email
EFTA00433943.pdf,data-set-9-files-12,1,email
EFTA00433944.pdf,data-set-9-files-12,1,email
EFTA00433945.pdf,data-set-9-files-12,1,email
EFTA00433946.pdf,data-set-9-files-12,1,other
EFTA00433947.pdf,data-set-9-files-12,1,email
EFTA00433948.pdf,data-set-9-files-12,1,email
EFTA00433949.pdf,data-set-9-files-12,2,email
EFTA00433951.pdf,data-set-9-files-12,1,email
EFTA00433952.pdf,data-set-9-files-12,1,other
EFTA00433953.pdf,data-set-9-files-12,1,email
EFTA00433954.pdf,data-set-9-files-12,1,email
EFTA00433955.pdf,data-set-9-files-12,7,email
EFTA00433962.pdf,data-set-9-files-12,1,email
EFTA00433963.pdf,data-set-9-files-12,2,email
EFTA00433965.pdf,data-set-9-files-12,3,email
EFTA00433968.pdf,data-set-9-files-12,1,other
EFTA00433969.pdf,data-set-9-files-12,1,email
EFTA00433970.pdf,data-set-9-files-12,1,email
EFTA00433971.pdf,data-set-9-files-12,1,email
EFTA00433972.pdf,data-set-9-files-12,1,email
EFTA00433973.pdf,data-set-9-files-12,1,other
EFTA00433974.pdf,data-set-9-files-12,1,email
EFTA00433975.pdf,data-set-9-files-12,1,email
EFTA00433976.pdf,data-set-9-files-12,2,email
EFTA00433978.pdf,data-set-9-files-12,1,email
EFTA00433979.pdf,data-set-9-files-12,2,email
EFTA00433981.pdf,data-set-9-files-12,1,email
EFTA00433982.pdf,data-set-9-files-12,1,email
EFTA00433983.pdf,data-set-9-files-12,1,email
EFTA00433984.pdf,data-set-9-files-12,1,email
EFTA00433985.pdf,data-set-9-files-12,1,email
EFTA00433986.pdf,data-set-9-files-12,1,email
EFTA00433987.pdf,data-set-9-files-12,1,email
EFTA00433988.pdf,data-set-9-files-12,1,email
EFTA00433989.pdf,data-set-9-files-12,1,email
EFTA00433990.pdf,data-set-9-files-12,1,email
EFTA00433991.pdf,data-set-9-files-12,1,email
EFTA00433992.pdf,data-set-9-files-12,1,email
EFTA00433993.pdf,data-set-9-files-12,2,email
EFTA00433995.pdf,data-set-9-files-12,2,email
EFTA00433997.pdf,data-set-9-files-12,1,email
EFTA00433998.pdf,data-set-9-files-12,1,email
EFTA00433999.pdf,data-set-9-files-12,4,email
EFTA00434003.pdf,data-set-9-files-12,1,email
EFTA00434004.pdf,data-set-9-files-12,1,email
EFTA00434005.pdf,data-set-9-files-12,1,other
EFTA00434006.pdf,data-set-9-files-12,1,other
EFTA00434007.pdf,data-set-9-files-12,1,email
EFTA00434008.pdf,data-set-9-files-12,1,email
EFTA00434009.pdf,data-set-9-files-12,1,email
EFTA00434010.pdf,data-set-9-files-12,1,email
EFTA00434011.pdf,data-set-9-files-12,1,email
EFTA00434012.pdf,data-set-9-files-12,1,email
EFTA00434013.pdf,data-set-9-files-12,1,email
EFTA00434014.pdf,data-set-9-files-12,1,email
EFTA00434015.pdf,data-set-9-files-12,2,email
EFTA00434017.pdf,data-set-9-files-12,3,email
EFTA00434020.pdf,data-set-9-files-12,3,email
EFTA00434023.pdf,data-set-9-files-12,1,other
EFTA00434024.pdf,data-set-9-files-12,1,email
EFTA00434025.pdf,data-set-9-files-12,1,email
EFTA00434026.pdf,data-set-9-files-12,1,email
EFTA00434027.pdf,data-set-9-files-12,1,email
EFTA00434028.pdf,data-set-9-files-12,1,email
EFTA00434029.pdf,data-set-9-files-12,3,email
EFTA00434032.pdf,data-set-9-files-12,1,email
EFTA00434033.pdf,data-set-9-files-12,1,email
EFTA00434034.pdf,data-set-9-files-12,2,email
EFTA00434036.pdf,data-set-9-files-12,1,email
EFTA00434037.pdf,data-set-9-files-12,1,email
EFTA00434038.pdf,data-set-9-files-12,1,email
EFTA00434039.pdf,data-set-9-files-12,1,email
EFTA00434040.pdf,data-set-9-files-12,1,email
EFTA00434041.pdf,data-set-9-files-12,1,email
EFTA00434042.pdf,data-set-9-files-12,1,email
EFTA00434043.pdf,data-set-9-files-12,1,email
EFTA00434044.pdf,data-set-9-files-12,1,email
EFTA00434045.pdf,data-set-9-files-12,1,email
EFTA00434046.pdf,data-set-9-files-12,1,email
EFTA00434047.pdf,data-set-9-files-12,1,email
EFTA00434048.pdf,data-set-9-files-12,1,email
EFTA00434049.pdf,data-set-9-files-12,1,other
EFTA00434050.pdf,data-set-9-files-12,1,email
EFTA00434051.pdf,data-set-9-files-12,1,email
EFTA00434052.pdf,data-set-9-files-12,1,email
EFTA00434053.pdf,data-set-9-files-12,1,email
EFTA00434054.pdf,data-set-9-files-12,2,email
EFTA00434056.pdf,data-set-9-files-12,1,email
EFTA00434057.pdf,data-set-9-files-12,1,email
EFTA00434058.pdf,data-set-9-files-12,4,email
EFTA00434062.pdf,data-set-9-files-12,1,email
EFTA00434063.pdf,data-set-9-files-12,1,email
EFTA00434064.pdf,data-set-9-files-12,1,email
EFTA00434065.pdf,data-set-9-files-12,1,email
EFTA00434066.pdf,data-set-9-files-12,1,email
EFTA00434067.pdf,data-set-9-files-12,1,email
EFTA00434068.pdf,data-set-9-files-12,2,email
EFTA00434070.pdf,data-set-9-files-12,1,email
EFTA00434071.pdf,data-set-9-files-12,6,email
EFTA00434077.pdf,data-set-9-files-12,3,email
EFTA00434080.pdf,data-set-9-files-12,1,email
EFTA00434081.pdf,data-set-9-files-12,1,email
EFTA00434082.pdf,data-set-9-files-12,1,email
EFTA00434083.pdf,data-set-9-files-12,1,email
EFTA00434084.pdf,data-set-9-files-12,1,email
EFTA00434085.pdf,data-set-9-files-12,1,email
EFTA00434086.pdf,data-set-9-files-12,1,email
EFTA00434087.pdf,data-set-9-files-12,1,email
EFTA00434088.pdf,data-set-9-files-12,1,email
EFTA00434089.pdf,data-set-9-files-12,1,email
EFTA00434090.pdf,data-set-9-files-12,1,email
EFTA00434091.pdf,data-set-9-files-12,1,email
EFTA00434092.pdf,data-set-9-files-12,1,email
EFTA00434093.pdf,data-set-9-files-12,2,email
EFTA00434095.pdf,data-set-9-files-12,1,email
EFTA00434096.pdf,data-set-9-files-12,1,email
EFTA00434097.pdf,data-set-9-files-12,1,email
EFTA00434098.pdf,data-set-9-files-12,1,email
EFTA00434099.pdf,data-set-9-files-12,1,email
EFTA00434100.pdf,data-set-9-files-12,1,email
EFTA00434101.pdf,data-set-9-files-12,1,email
EFTA00434102.pdf,data-set-9-files-12,1,email
EFTA00434103.pdf,data-set-9-files-12,1,email
EFTA00434104.pdf,data-set-9-files-12,1,email
EFTA00434105.pdf,data-set-9-files-12,1,email
EFTA00434106.pdf,data-set-9-files-12,1,email
EFTA00434107.pdf,data-set-9-files-12,1,email
EFTA00434108.pdf,data-set-9-files-12,1,email
EFTA00434109.pdf,data-set-9-files-12,1,email
EFTA00434110.pdf,data-set-9-files-12,1,email
EFTA00434111.pdf,data-set-9-files-12,1,email
EFTA00434112.pdf,data-set-9-files-12,1,email
EFTA00434113.pdf,data-set-9-files-12,1,email
EFTA00434114.pdf,data-set-9-files-12,1,email
EFTA00434115.pdf,data-set-9-files-12,1,email
EFTA00434116.pdf,data-set-9-files-12,2,email
EFTA00434118.pdf,data-set-9-files-12,1,email
EFTA00434119.pdf,data-set-9-files-12,1,email
EFTA00434120.pdf,data-set-9-files-12,1,email
EFTA00434121.pdf,data-set-9-files-12,1,email
EFTA00434122.pdf,data-set-9-files-12,1,email
EFTA00434123.pdf,data-set-9-files-12,1,email
EFTA00434124.pdf,data-set-9-files-12,1,email
EFTA00434125.pdf,data-set-9-files-12,1,email
EFTA00434126.pdf,data-set-9-files-12,1,email
EFTA00434127.pdf,data-set-9-files-12,1,email
EFTA00434128.pdf,data-set-9-files-12,1,email
EFTA00434129.pdf,data-set-9-files-12,1,email
EFTA00434130.pdf,data-set-9-files-12,1,email
EFTA00434131.pdf,data-set-9-files-12,2,email
EFTA00434133.pdf,data-set-9-files-12,2,email
EFTA00434135.pdf,data-set-9-files-12,2,email
EFTA00434137.pdf,data-set-9-files-12,2,email
EFTA00434139.pdf,data-set-9-files-12,2,email
EFTA00434141.pdf,data-set-9-files-12,2,email
EFTA00434143.pdf,data-set-9-files-12,2,email
EFTA00434145.pdf,data-set-9-files-12,1,email
EFTA00434146.pdf,data-set-9-files-12,1,email
EFTA00434147.pdf,data-set-9-files-12,1,email
EFTA00434148.pdf,data-set-9-files-12,1,email
EFTA00434149.pdf,data-set-9-files-12,2,email
EFTA00434151.pdf,data-set-9-files-12,2,email
EFTA00434153.pdf,data-set-9-files-12,1,email
EFTA00434154.pdf,data-set-9-files-12,2,email
EFTA00434156.pdf,data-set-9-files-12,1,email
EFTA00434157.pdf,data-set-9-files-12,1,email
EFTA00434158.pdf,data-set-9-files-12,1,email
EFTA00434159.pdf,data-set-9-files-12,2,email
EFTA00434161.pdf,data-set-9-files-12,1,email
EFTA00434162.pdf,data-set-9-files-12,1,email
EFTA00434163.pdf,data-set-9-files-12,1,email
EFTA00434164.pdf,data-set-9-files-12,1,email
EFTA00434165.pdf,data-set-9-files-12,1,email
EFTA00434166.pdf,data-set-9-files-12,1,email
EFTA00434167.pdf,data-set-9-files-12,1,email
EFTA00434168.pdf,data-set-9-files-12,1,email
EFTA00434169.pdf,data-set-9-files-12,1,email
EFTA00434170.pdf,data-set-9-files-12,1,email
EFTA00434171.pdf,data-set-9-files-12,1,other
EFTA00434172.pdf,data-set-9-files-12,1,email
EFTA00434173.pdf,data-set-9-files-12,2,email
EFTA00434175.pdf,data-set-9-files-12,2,email
EFTA00434177.pdf,data-set-9-files-12,2,email
EFTA00434179.pdf,data-set-9-files-12,1,email
EFTA00434180.pdf,data-set-9-files-12,1,email
EFTA00434181.pdf,data-set-9-files-12,1,email
EFTA00434182.pdf,data-set-9-files-12,2,email
EFTA00434184.pdf,data-set-9-files-12,1,email
EFTA00434185.pdf,data-set-9-files-12,1,email
EFTA00434186.pdf,data-set-9-files-12,1,email
EFTA00434187.pdf,data-set-9-files-12,1,email
EFTA00434188.pdf,data-set-9-files-12,1,email
EFTA00434189.pdf,data-set-9-files-12,1,email
EFTA00434190.pdf,data-set-9-files-12,1,email
EFTA00434191.pdf,data-set-9-files-12,1,email
EFTA00434192.pdf,data-set-9-files-12,1,email
EFTA00434193.pdf,data-set-9-files-12,1,email
EFTA00434194.pdf,data-set-9-files-12,2,email
EFTA00434196.pdf,data-set-9-files-12,2,email
EFTA00434198.pdf,data-set-9-files-12,1,email
EFTA00434199.pdf,data-set-9-files-12,1,email
EFTA00434200.pdf,data-set-9-files-12,1,email
EFTA00434201.pdf,data-set-9-files-12,1,email
EFTA00434202.pdf,data-set-9-files-12,1,email
EFTA00434203.pdf,data-set-9-files-12,1,email
EFTA00434204.pdf,data-set-9-files-12,1,email
EFTA00434205.pdf,data-set-9-files-12,1,email
EFTA00434206.pdf,data-set-9-files-12,1,email
EFTA00434207.pdf,data-set-9-files-12,1,email
EFTA00434208.pdf,data-set-9-files-12,1,email
EFTA00434209.pdf,data-set-9-files-12,2,email
EFTA00434211.pdf,data-set-9-files-12,1,email
EFTA00434212.pdf,data-set-9-files-12,2,email
EFTA00434214.pdf,data-set-9-files-12,1,email
EFTA00434215.pdf,data-set-9-files-12,1,other
EFTA00434216.pdf,data-set-9-files-12,1,other
EFTA00434217.pdf,data-set-9-files-12,1,email
EFTA00434218.pdf,data-set-9-files-12,1,email
EFTA00434219.pdf,data-set-9-files-12,1,other
EFTA00434220.pdf,data-set-9-files-12,1,other
EFTA00434221.pdf,data-set-9-files-12,2,email
EFTA00434223.pdf,data-set-9-files-12,1,email
EFTA00434224.pdf,data-set-9-files-12,1,email
EFTA00434225.pdf,data-set-9-files-12,1,other
EFTA00434226.pdf,data-set-9-files-12,1,other
EFTA00434227.pdf,data-set-9-files-12,1,email
EFTA00434228.pdf,data-set-9-files-12,1,email
EFTA00434229.pdf,data-set-9-files-12,1,email
EFTA00434230.pdf,data-set-9-files-12,1,email
EFTA00434231.pdf,data-set-9-files-12,1,email
EFTA00434232.pdf,data-set-9-files-12,1,email
EFTA00434233.pdf,data-set-9-files-12,1,email
EFTA00434234.pdf,data-set-9-files-12,1,email
EFTA00434235.pdf,data-set-9-files-12,1,email
EFTA00434236.pdf,data-set-9-files-12,1,email
EFTA00434237.pdf,data-set-9-files-12,1,email
EFTA00434238.pdf,data-set-9-files-12,1,email
EFTA00434239.pdf,data-set-9-files-12,1,email
EFTA00434240.pdf,data-set-9-files-12,1,email
EFTA00434241.pdf,data-set-9-files-12,1,email
EFTA00434242.pdf,data-set-9-files-12,1,email
EFTA00434243.pdf,data-set-9-files-12,1,email
EFTA00434244.pdf,data-set-9-files-12,3,email
EFTA00434247.pdf,data-set-9-files-12,1,email
EFTA00434248.pdf,data-set-9-files-12,1,other
EFTA00434249.pdf,data-set-9-files-12,1,email
EFTA00434250.pdf,data-set-9-files-12,2,email
EFTA00434252.pdf,data-set-9-files-12,1,email
EFTA00434253.pdf,data-set-9-files-12,1,email
EFTA00434254.pdf,data-set-9-files-12,1,email
EFTA00434255.pdf,data-set-9-files-12,1,other
EFTA00434256.pdf,data-set-9-files-12,1,email
EFTA00434257.pdf,data-set-9-files-12,1,other
EFTA00434258.pdf,data-set-9-files-12,1,email
EFTA00434259.pdf,data-set-9-files-12,1,email
EFTA00434260.pdf,data-set-9-files-12,1,email
EFTA00434261.pdf,data-set-9-files-12,1,email
EFTA00434262.pdf,data-set-9-files-12,4,email
EFTA00434266.pdf,data-set-9-files-12,1,email
EFTA00434267.pdf,data-set-9-files-12,1,email
EFTA00434268.pdf,data-set-9-files-12,1,other
EFTA00434269.pdf,data-set-9-files-12,2,email
EFTA00434271.pdf,data-set-9-files-12,1,email
EFTA00434272.pdf,data-set-9-files-12,1,other
EFTA00434273.pdf,data-set-9-files-12,1,other
EFTA00434274.pdf,data-set-9-files-12,1,other
EFTA00434275.pdf,data-set-9-files-12,1,email
EFTA00434276.pdf,data-set-9-files-12,1,email
EFTA00434277.pdf,data-set-9-files-12,1,other
EFTA00434278.pdf,data-set-9-files-12,1,email
EFTA00434279.pdf,data-set-9-files-12,2,email
EFTA00434281.pdf,data-set-9-files-12,1,email
EFTA00434282.pdf,data-set-9-files-12,1,email
EFTA00434283.pdf,data-set-9-files-12,1,email
EFTA00434284.pdf,data-set-9-files-12,1,email
EFTA00434285.pdf,data-set-9-files-12,1,email
EFTA00434286.pdf,data-set-9-files-12,1,email
EFTA00434287.pdf,data-set-9-files-12,2,email
EFTA00434289.pdf,data-set-9-files-12,2,email
EFTA00434291.pdf,data-set-9-files-12,1,email
EFTA00434292.pdf,data-set-9-files-12,1,email
EFTA00434293.pdf,data-set-9-files-12,1,email
EFTA00434294.pdf,data-set-9-files-12,1,email
EFTA00434295.pdf,data-set-9-files-12,1,email
EFTA00434296.pdf,data-set-9-files-12,1,email
EFTA00434297.pdf,data-set-9-files-12,1,other
EFTA00434298.pdf,data-set-9-files-12,1,email
EFTA00434299.pdf,data-set-9-files-12,1,email
EFTA00434300.pdf,data-set-9-files-12,1,other
EFTA00434301.pdf,data-set-9-files-12,1,email
EFTA00434302.pdf,data-set-9-files-12,1,email
EFTA00434303.pdf,data-set-9-files-12,1,email
EFTA00434304.pdf,data-set-9-files-12,1,other
EFTA00434305.pdf,data-set-9-files-12,1,other
EFTA00434306.pdf,data-set-9-files-12,1,other
EFTA00434307.pdf,data-set-9-files-12,1,email
EFTA00434308.pdf,data-set-9-files-12,1,other
EFTA00434309.pdf,data-set-9-files-12,1,email
EFTA00434310.pdf,data-set-9-files-12,1,email
EFTA00434311.pdf,data-set-9-files-12,1,email
EFTA00434312.pdf,data-set-9-files-12,2,email
EFTA00434314.pdf,data-set-9-files-12,1,email
EFTA00434315.pdf,data-set-9-files-12,1,email
EFTA00434316.pdf,data-set-9-files-12,1,email
EFTA00434317.pdf,data-set-9-files-12,2,email
EFTA00434319.pdf,data-set-9-files-12,1,email
EFTA00434320.pdf,data-set-9-files-12,1,email
EFTA00434321.pdf,data-set-9-files-12,1,email
EFTA00434322.pdf,data-set-9-files-12,1,email
EFTA00434323.pdf,data-set-9-files-12,2,email
EFTA00434325.pdf,data-set-9-files-12,1,email
EFTA00434326.pdf,data-set-9-files-12,1,email
EFTA00434327.pdf,data-set-9-files-12,1,email
EFTA00434328.pdf,data-set-9-files-12,2,email
EFTA00434330.pdf,data-set-9-files-12,2,email
EFTA00434332.pdf,data-set-9-files-12,2,email
EFTA00434334.pdf,data-set-9-files-12,1,email
EFTA00434335.pdf,data-set-9-files-12,1,email
EFTA00434336.pdf,data-set-9-files-12,3,email
EFTA00434339.pdf,data-set-9-files-12,2,email
EFTA00434341.pdf,data-set-9-files-12,1,email
EFTA00434342.pdf,data-set-9-files-12,2,email
EFTA00434344.pdf,data-set-9-files-12,1,email
EFTA00434345.pdf,data-set-9-files-12,1,email
EFTA00434346.pdf,data-set-9-files-12,1,email
EFTA00434347.pdf,data-set-9-files-12,1,email
EFTA00434348.pdf,data-set-9-files-12,1,email
EFTA00434349.pdf,data-set-9-files-12,1,email
EFTA00434350.pdf,data-set-9-files-12,1,email
EFTA00434351.pdf,data-set-9-files-12,1,email
EFTA00434352.pdf,data-set-9-files-12,1,email
EFTA00434353.pdf,data-set-9-files-12,1,email
EFTA00434354.pdf,data-set-9-files-12,1,email
EFTA00434355.pdf,data-set-9-files-12,2,email
EFTA00434357.pdf,data-set-9-files-12,1,email
EFTA00434358.pdf,data-set-9-files-12,2,email
EFTA00434360.pdf,data-set-9-files-12,2,email
EFTA00434362.pdf,data-set-9-files-12,1,email
EFTA00434363.pdf,data-set-9-files-12,1,email
EFTA00434364.pdf,data-set-9-files-12,1,email
EFTA00434365.pdf,data-set-9-files-12,1,email
EFTA00434366.pdf,data-set-9-files-12,1,email
EFTA00434367.pdf,data-set-9-files-12,1,other
EFTA00434368.pdf,data-set-9-files-12,2,email
EFTA00434370.pdf,data-set-9-files-12,1,email
EFTA00434371.pdf,data-set-9-files-12,2,email
EFTA00434373.pdf,data-set-9-files-12,2,email
EFTA00434375.pdf,data-set-9-files-12,2,email
EFTA00434377.pdf,data-set-9-files-12,1,email
EFTA00434378.pdf,data-set-9-files-12,1,email
EFTA00434379.pdf,data-set-9-files-12,1,email
EFTA00434380.pdf,data-set-9-files-12,1,other
EFTA00434381.pdf,data-set-9-files-12,1,email
EFTA00434382.pdf,data-set-9-files-12,1,email
EFTA00434383.pdf,data-set-9-files-12,2,email
EFTA00434385.pdf,data-set-9-files-12,1,email
EFTA00434386.pdf,data-set-9-files-12,1,other
EFTA00434387.pdf,data-set-9-files-12,1,other
EFTA00434388.pdf,data-set-9-files-12,1,other
EFTA00434389.pdf,data-set-9-files-12,1,other
EFTA00434390.pdf,data-set-9-files-12,1,other
EFTA00434391.pdf,data-set-9-files-12,1,other
EFTA00434392.pdf,data-set-9-files-12,1,email
EFTA00434393.pdf,data-set-9-files-12,1,email
EFTA00434394.pdf,data-set-9-files-12,1,email
EFTA00434395.pdf,data-set-9-files-12,1,email
EFTA00434396.pdf,data-set-9-files-12,1,email
EFTA00434397.pdf,data-set-9-files-12,1,email
EFTA00434398.pdf,data-set-9-files-12,1,email
EFTA00434399.pdf,data-set-9-files-12,1,email
EFTA00434400.pdf,data-set-9-files-12,1,email
EFTA00434401.pdf,data-set-9-files-12,1,email
EFTA00434402.pdf,data-set-9-files-12,1,email
EFTA00434403.pdf,data-set-9-files-12,1,email
EFTA00434404.pdf,data-set-9-files-12,1,email
EFTA00434405.pdf,data-set-9-files-12,2,email
EFTA00434407.pdf,data-set-9-files-12,3,email
EFTA00434410.pdf,data-set-9-files-12,2,email
EFTA00434412.pdf,data-set-9-files-12,2,email
EFTA00434414.pdf,data-set-9-files-12,1,other
EFTA00434415.pdf,data-set-9-files-12,1,email
EFTA00434416.pdf,data-set-9-files-12,2,email
EFTA00434418.pdf,data-set-9-files-12,1,email
EFTA00434419.pdf,data-set-9-files-12,2,email
EFTA00434421.pdf,data-set-9-files-12,2,email
EFTA00434423.pdf,data-set-9-files-12,2,email
EFTA00434425.pdf,data-set-9-files-12,5,email
EFTA00434430.pdf,data-set-9-files-12,2,email
EFTA00434432.pdf,data-set-9-files-12,2,email
EFTA00434434.pdf,data-set-9-files-12,1,email
EFTA00434435.pdf,data-set-9-files-12,2,email
EFTA00434437.pdf,data-set-9-files-12,3,email
EFTA00434440.pdf,data-set-9-files-12,3,email
EFTA00434443.pdf,data-set-9-files-12,1,email
EFTA00434444.pdf,data-set-9-files-12,2,email
EFTA00434446.pdf,data-set-9-files-12,1,email
EFTA00434447.pdf,data-set-9-files-12,1,email
EFTA00434448.pdf,data-set-9-files-12,1,email
EFTA00434449.pdf,data-set-9-files-12,3,email
EFTA00434452.pdf,data-set-9-files-12,1,email
EFTA00434453.pdf,data-set-9-files-12,2,email
EFTA00434455.pdf,data-set-9-files-12,2,email
EFTA00434457.pdf,data-set-9-files-12,2,email
EFTA00434459.pdf,data-set-9-files-12,3,email
EFTA00434462.pdf,data-set-9-files-12,1,email
EFTA00434463.pdf,data-set-9-files-12,1,email
EFTA00434464.pdf,data-set-9-files-12,2,email
EFTA00434466.pdf,data-set-9-files-12,1,email
EFTA00434467.pdf,data-set-9-files-12,1,email
EFTA00434468.pdf,data-set-9-files-12,1,email
EFTA00434469.pdf,data-set-9-files-12,1,email
EFTA00434470.pdf,data-set-9-files-12,1,email
EFTA00434471.pdf,data-set-9-files-12,1,email
EFTA00434472.pdf,data-set-9-files-12,1,email
EFTA00434473.pdf,data-set-9-files-12,1,email
EFTA00434474.pdf,data-set-9-files-12,2,email
EFTA00434476.pdf,data-set-9-files-12,1,email
EFTA00434477.pdf,data-set-9-files-12,2,email
EFTA00434479.pdf,data-set-9-files-12,3,email
EFTA00434482.pdf,data-set-9-files-12,1,email
EFTA00434483.pdf,data-set-9-files-12,1,email
EFTA00434484.pdf,data-set-9-files-12,1,email
EFTA00434485.pdf,data-set-9-files-12,1,email
EFTA00434486.pdf,data-set-9-files-12,1,email
EFTA00434487.pdf,data-set-9-files-12,1,email
EFTA00434488.pdf,data-set-9-files-12,1,email
EFTA00434489.pdf,data-set-9-files-12,1,email
EFTA00434490.pdf,data-set-9-files-12,1,email
EFTA00434491.pdf,data-set-9-files-12,1,email
EFTA00434492.pdf,data-set-9-files-12,1,email
EFTA00434493.pdf,data-set-9-files-12,2,email
EFTA00434495.pdf,data-set-9-files-12,2,email
EFTA00434497.pdf,data-set-9-files-12,3,email
EFTA00434500.pdf,data-set-9-files-12,1,email
EFTA00434501.pdf,data-set-9-files-12,1,email
EFTA00434502.pdf,data-set-9-files-12,2,email
EFTA00434504.pdf,data-set-9-files-12,1,email
EFTA00434505.pdf,data-set-9-files-12,1,email
EFTA00434506.pdf,data-set-9-files-12,1,email
EFTA00434507.pdf,data-set-9-files-12,1,email
EFTA00434508.pdf,data-set-9-files-12,1,email
EFTA00434509.pdf,data-set-9-files-12,2,email
EFTA00434511.pdf,data-set-9-files-12,2,email
EFTA00434513.pdf,data-set-9-files-12,1,other
EFTA00434514.pdf,data-set-9-files-12,1,other
EFTA00434515.pdf,data-set-9-files-12,2,email
EFTA00434517.pdf,data-set-9-files-12,3,email
EFTA00434520.pdf,data-set-9-files-12,1,email
EFTA00434521.pdf,data-set-9-files-12,1,email
EFTA00434522.pdf,data-set-9-files-12,1,email
EFTA00434523.pdf,data-set-9-files-12,1,email
EFTA00434524.pdf,data-set-9-files-12,3,email
EFTA00434527.pdf,data-set-9-files-12,3,email
EFTA00434530.pdf,data-set-9-files-12,1,email
EFTA00434531.pdf,data-set-9-files-12,1,email
EFTA00434532.pdf,data-set-9-files-12,1,email
EFTA00434533.pdf,data-set-9-files-12,1,email
EFTA00434534.pdf,data-set-9-files-12,1,email
EFTA00434535.pdf,data-set-9-files-12,1,email
EFTA00434536.pdf,data-set-9-files-12,1,email
EFTA00434537.pdf,data-set-9-files-12,2,email
EFTA00434539.pdf,data-set-9-files-12,1,email
EFTA00434540.pdf,data-set-9-files-12,2,email
EFTA00434542.pdf,data-set-9-files-12,1,email
EFTA00434543.pdf,data-set-9-files-12,1,email
EFTA00434544.pdf,data-set-9-files-12,1,email
EFTA00434545.pdf,data-set-9-files-12,2,email
EFTA00434547.pdf,data-set-9-files-12,1,email
EFTA00434548.pdf,data-set-9-files-12,1,other
EFTA00434549.pdf,data-set-9-files-12,1,other
EFTA00434550.pdf,data-set-9-files-12,1,other
EFTA00434551.pdf,data-set-9-files-12,1,other
EFTA00434552.pdf,data-set-9-files-12,1,email
EFTA00434553.pdf,data-set-9-files-12,1,other
EFTA00434554.pdf,data-set-9-files-12,1,other
EFTA00434555.pdf,data-set-9-files-12,1,other
EFTA00434556.pdf,data-set-9-files-12,1,other
EFTA00434557.pdf,data-set-9-files-12,1,other
EFTA00434558.pdf,data-set-9-files-12,1,email
EFTA00434559.pdf,data-set-9-files-12,1,other
EFTA00434560.pdf,data-set-9-files-12,1,other
EFTA00434561.pdf,data-set-9-files-12,1,other
EFTA00434562.pdf,data-set-9-files-12,3,email
EFTA00434565.pdf,data-set-9-files-12,3,email
EFTA00434568.pdf,data-set-9-files-12,4,email
EFTA00434572.pdf,data-set-9-files-12,1,other
EFTA00434573.pdf,data-set-9-files-12,1,other
EFTA00434574.pdf,data-set-9-files-12,1,other
EFTA00434575.pdf,data-set-9-files-12,1,email
EFTA00434576.pdf,data-set-9-files-12,2,email
EFTA00434578.pdf,data-set-9-files-12,1,other
EFTA00434579.pdf,data-set-9-files-12,1,other
EFTA00434580.pdf,data-set-9-files-12,1,other
EFTA00434581.pdf,data-set-9-files-12,1,email
EFTA00434582.pdf,data-set-9-files-12,1,other
EFTA00434583.pdf,data-set-9-files-12,1,other
EFTA00434584.pdf,data-set-9-files-12,1,other
EFTA00434585.pdf,data-set-9-files-12,6,other
EFTA00434591.pdf,data-set-9-files-12,1,email
EFTA00434592.pdf,data-set-9-files-12,1,email
EFTA00434593.pdf,data-set-9-files-12,1,email
EFTA00434594.pdf,data-set-9-files-12,1,email
EFTA00434595.pdf,data-set-9-files-12,1,email
EFTA00434596.pdf,data-set-9-files-12,6,email
EFTA00434602.pdf,data-set-9-files-12,5,email
EFTA00434607.pdf,data-set-9-files-12,2,email
EFTA00434609.pdf,data-set-9-files-12,2,email
EFTA00434611.pdf,data-set-9-files-12,2,email
EFTA00434613.pdf,data-set-9-files-12,2,email
EFTA00434615.pdf,data-set-9-files-12,1,email
EFTA00434616.pdf,data-set-9-files-12,3,email
EFTA00434619.pdf,data-set-9-files-12,1,email
EFTA00434620.pdf,data-set-9-files-12,3,email
EFTA00434623.pdf,data-set-9-files-12,1,email
EFTA00434624.pdf,data-set-9-files-12,1,email
EFTA00434625.pdf,data-set-9-files-12,1,email
EFTA00434626.pdf,data-set-9-files-12,3,email
EFTA00434629.pdf,data-set-9-files-12,1,email
EFTA00434630.pdf,data-set-9-files-12,1,email
EFTA00434631.pdf,data-set-9-files-12,1,email
EFTA00434632.pdf,data-set-9-files-12,1,other
EFTA00434633.pdf,data-set-9-files-12,1,other
EFTA00434634.pdf,data-set-9-files-12,1,email
EFTA00434635.pdf,data-set-9-files-12,1,email
EFTA00434636.pdf,data-set-9-files-12,1,email
EFTA00434637.pdf,data-set-9-files-12,1,email
EFTA00434638.pdf,data-set-9-files-12,1,email
EFTA00434639.pdf,data-set-9-files-12,1,email
EFTA00434640.pdf,data-set-9-files-12,1,email
EFTA00434641.pdf,data-set-9-files-12,1,email
EFTA00434642.pdf,data-set-9-files-12,2,email
EFTA00434644.pdf,data-set-9-files-12,1,email
EFTA00434645.pdf,data-set-9-files-12,1,email
EFTA00434646.pdf,data-set-9-files-12,2,email
EFTA00434648.pdf,data-set-9-files-12,1,email
EFTA00434649.pdf,data-set-9-files-12,1,email
EFTA00434650.pdf,data-set-9-files-12,1,other
EFTA00434651.pdf,data-set-9-files-12,1,other
EFTA00434652.pdf,data-set-9-files-12,1,other
EFTA00434653.pdf,data-set-9-files-12,1,other
EFTA00434654.pdf,data-set-9-files-12,1,other
EFTA00434655.pdf,data-set-9-files-12,1,other
EFTA00434656.pdf,data-set-9-files-12,1,other
EFTA00434657.pdf,data-set-9-files-12,1,other
EFTA00434658.pdf,data-set-9-files-12,1,other
EFTA00434659.pdf,data-set-9-files-12,1,other
EFTA00434660.pdf,data-set-9-files-12,1,other
EFTA00434661.pdf,data-set-9-files-12,1,other
EFTA00434662.pdf,data-set-9-files-12,1,email
EFTA00434663.pdf,data-set-9-files-12,2,email
EFTA00434665.pdf,data-set-9-files-12,1,email
EFTA00434666.pdf,data-set-9-files-12,2,email
EFTA00434668.pdf,data-set-9-files-12,1,email
EFTA00434669.pdf,data-set-9-files-12,1,email
EFTA00434670.pdf,data-set-9-files-12,1,other
EFTA00434671.pdf,data-set-9-files-12,1,other
EFTA00434672.pdf,data-set-9-files-12,1,other
EFTA00434673.pdf,data-set-9-files-12,1,other
EFTA00434674.pdf,data-set-9-files-12,1,other
EFTA00434675.pdf,data-set-9-files-12,1,other
EFTA00434676.pdf,data-set-9-files-12,1,other
EFTA00434677.pdf,data-set-9-files-12,1,other
EFTA00434678.pdf,data-set-9-files-12,1,other
EFTA00434679.pdf,data-set-9-files-12,1,email
EFTA00434680.pdf,data-set-9-files-12,2,email
EFTA00434682.pdf,data-set-9-files-12,1,other
EFTA00434683.pdf,data-set-9-files-12,1,other
EFTA00434684.pdf,data-set-9-files-12,1,other
EFTA00434685.pdf,data-set-9-files-12,1,email
EFTA00434686.pdf,data-set-9-files-12,1,other
EFTA00434687.pdf,data-set-9-files-12,2,email
EFTA00434689.pdf,data-set-9-files-12,1,email
EFTA00434690.pdf,data-set-9-files-12,2,email
EFTA00434692.pdf,data-set-9-files-12,1,other
EFTA00434693.pdf,data-set-9-files-12,1,other
EFTA00434694.pdf,data-set-9-files-12,1,other
EFTA00434695.pdf,data-set-9-files-12,1,other
EFTA00434696.pdf,data-set-9-files-12,1,other
EFTA00434697.pdf,data-set-9-files-12,1,other
EFTA00434698.pdf,data-set-9-files-12,1,other
EFTA00434699.pdf,data-set-9-files-12,1,email
EFTA00434700.pdf,data-set-9-files-12,1,email
EFTA00434701.pdf,data-set-9-files-12,1,email
EFTA00434702.pdf,data-set-9-files-12,1,email
EFTA00434703.pdf,data-set-9-files-12,1,email
EFTA00434704.pdf,data-set-9-files-12,1,email
EFTA00434705.pdf,data-set-9-files-12,1,email
EFTA00434706.pdf,data-set-9-files-12,1,other
EFTA00434707.pdf,data-set-9-files-12,1,other
EFTA00434708.pdf,data-set-9-files-12,1,other
EFTA00434709.pdf,data-set-9-files-12,1,email
EFTA00434710.pdf,data-set-9-files-12,1,other
EFTA00434711.pdf,data-set-9-files-12,1,other
EFTA00434712.pdf,data-set-9-files-12,1,other
EFTA00434713.pdf,data-set-9-files-12,1,other
EFTA00434714.pdf,data-set-9-files-12,1,other
EFTA00434715.pdf,data-set-9-files-12,1,other
EFTA00434716.pdf,data-set-9-files-12,1,other
EFTA00434717.pdf,data-set-9-files-12,1,email
EFTA00434718.pdf,data-set-9-files-12,1,other
EFTA00434719.pdf,data-set-9-files-12,1,email
EFTA00434720.pdf,data-set-9-files-12,1,email
EFTA00434721.pdf,data-set-9-files-12,1,other
EFTA00434722.pdf,data-set-9-files-12,1,other
EFTA00434723.pdf,data-set-9-files-12,1,other
EFTA00434724.pdf,data-set-9-files-12,1,email
EFTA00434725.pdf,data-set-9-files-12,1,email
EFTA00434726.pdf,data-set-9-files-12,1,email
EFTA00434727.pdf,data-set-9-files-12,1,email
EFTA00434728.pdf,data-set-9-files-12,1,email
EFTA00434729.pdf,data-set-9-files-12,1,email
EFTA00434730.pdf,data-set-9-files-12,2,email
EFTA00434732.pdf,data-set-9-files-12,1,email
EFTA00434733.pdf,data-set-9-files-12,1,other
EFTA00434734.pdf,data-set-9-files-12,1,other
EFTA00434735.pdf,data-set-9-files-12,1,email
EFTA00434736.pdf,data-set-9-files-12,1,other
EFTA00434737.pdf,data-set-9-files-12,5,email
EFTA00434742.pdf,data-set-9-files-12,5,email
EFTA00434747.pdf,data-set-9-files-12,1,other
EFTA00434748.pdf,data-set-9-files-12,1,other
EFTA00434749.pdf,data-set-9-files-12,1,other
EFTA00434750.pdf,data-set-9-files-12,1,email
EFTA00434751.pdf,data-set-9-files-12,2,email
EFTA00434753.pdf,data-set-9-files-12,2,email
EFTA00434755.pdf,data-set-9-files-12,1,email
EFTA00434756.pdf,data-set-9-files-12,1,other
EFTA00434757.pdf,data-set-9-files-12,1,email
EFTA00434758.pdf,data-set-9-files-12,1,other
EFTA00434759.pdf,data-set-9-files-12,1,other
EFTA00434760.pdf,data-set-9-files-12,1,other
EFTA00434761.pdf,data-set-9-files-12,2,email
EFTA00434763.pdf,data-set-9-files-12,1,email
EFTA00434764.pdf,data-set-9-files-12,1,other
EFTA00434765.pdf,data-set-9-files-12,1,other
EFTA00434766.pdf,data-set-9-files-12,1,other
EFTA00434767.pdf,data-set-9-files-12,1,other
EFTA00434768.pdf,data-set-9-files-12,1,email
EFTA00434769.pdf,data-set-9-files-12,1,email
EFTA00434770.pdf,data-set-9-files-12,1,email
EFTA00434771.pdf,data-set-9-files-12,1,email
EFTA00434772.pdf,data-set-9-files-12,1,email
EFTA00434773.pdf,data-set-9-files-12,1,email
EFTA00434774.pdf,data-set-9-files-12,1,email
EFTA00434775.pdf,data-set-9-files-12,1,other
EFTA00434776.pdf,data-set-9-files-12,1,other
EFTA00434777.pdf,data-set-9-files-12,1,email
EFTA00434778.pdf,data-set-9-files-12,1,email
EFTA00434779.pdf,data-set-9-files-12,1,email
EFTA00434780.pdf,data-set-9-files-12,1,email
EFTA00434781.pdf,data-set-9-files-12,1,other
EFTA00434782.pdf,data-set-9-files-12,1,email
EFTA00434783.pdf,data-set-9-files-12,3,email
EFTA00434786.pdf,data-set-9-files-12,1,email
EFTA00434787.pdf,data-set-9-files-12,1,email
EFTA00434788.pdf,data-set-9-files-12,1,other
EFTA00434789.pdf,data-set-9-files-12,1,email
EFTA00434790.pdf,data-set-9-files-12,1,other
EFTA00434791.pdf,data-set-9-files-12,1,other
EFTA00434792.pdf,data-set-9-files-12,1,other
EFTA00434793.pdf,data-set-9-files-12,1,email
EFTA00434794.pdf,data-set-9-files-12,1,email
EFTA00434795.pdf,data-set-9-files-12,1,email
EFTA00434796.pdf,data-set-9-files-12,1,email
EFTA00434797.pdf,data-set-9-files-12,1,email
EFTA00434798.pdf,data-set-9-files-12,1,email
EFTA00434799.pdf,data-set-9-files-12,1,email
EFTA00434800.pdf,data-set-9-files-12,1,email
EFTA00434801.pdf,data-set-9-files-12,1,email
EFTA00434802.pdf,data-set-9-files-12,1,other
EFTA00434803.pdf,data-set-9-files-12,1,other
EFTA00434804.pdf,data-set-9-files-12,2,email
EFTA00434806.pdf,data-set-9-files-12,1,email
EFTA00434807.pdf,data-set-9-files-12,1,email
EFTA00434808.pdf,data-set-9-files-12,2,email
EFTA00434810.pdf,data-set-9-files-12,2,email
EFTA00434812.pdf,data-set-9-files-12,1,email
EFTA00434813.pdf,data-set-9-files-12,1,email
EFTA00434814.pdf,data-set-9-files-12,1,email
EFTA00434815.pdf,data-set-9-files-12,1,email
EFTA00434816.pdf,data-set-9-files-12,1,email
EFTA00434817.pdf,data-set-9-files-12,2,email
EFTA00434819.pdf,data-set-9-files-12,1,email
EFTA00434820.pdf,data-set-9-files-12,1,email
EFTA00434821.pdf,data-set-9-files-12,1,email
EFTA00434822.pdf,data-set-9-files-12,1,email
EFTA00434823.pdf,data-set-9-files-12,1,email
EFTA00434824.pdf,data-set-9-files-12,1,email
EFTA00434825.pdf,data-set-9-files-12,3,email
EFTA00434828.pdf,data-set-9-files-12,2,email
EFTA00434830.pdf,data-set-9-files-12,1,email
EFTA00434831.pdf,data-set-9-files-12,3,email
EFTA00434834.pdf,data-set-9-files-12,1,email
EFTA00434835.pdf,data-set-9-files-12,1,email
EFTA00434836.pdf,data-set-9-files-12,2,email
EFTA00434838.pdf,data-set-9-files-12,1,email
EFTA00434839.pdf,data-set-9-files-12,1,email
EFTA00434840.pdf,data-set-9-files-12,3,email
EFTA00434843.pdf,data-set-9-files-12,3,email
EFTA00434846.pdf,data-set-9-files-12,2,email
EFTA00434848.pdf,data-set-9-files-12,1,email
EFTA00434849.pdf,data-set-9-files-12,2,email
EFTA00434851.pdf,data-set-9-files-12,1,email
EFTA00434852.pdf,data-set-9-files-12,2,email
EFTA00434854.pdf,data-set-9-files-12,3,email
EFTA00434857.pdf,data-set-9-files-12,1,email
EFTA00434858.pdf,data-set-9-files-12,2,email
EFTA00434860.pdf,data-set-9-files-12,1,email
EFTA00434861.pdf,data-set-9-files-12,1,email
EFTA00434862.pdf,data-set-9-files-12,4,email
EFTA00434866.pdf,data-set-9-files-12,2,email
EFTA00434868.pdf,data-set-9-files-12,3,email
EFTA00434871.pdf,data-set-9-files-12,1,email
EFTA00434872.pdf,data-set-9-files-12,1,email
EFTA00434873.pdf,data-set-9-files-12,1,email
EFTA00434874.pdf,data-set-9-files-12,2,email
EFTA00434876.pdf,data-set-9-files-12,1,email
EFTA00434877.pdf,data-set-9-files-12,1,email
EFTA00434878.pdf,data-set-9-files-12,1,email
EFTA00434879.pdf,data-set-9-files-12,1,email
EFTA00434880.pdf,data-set-9-files-12,1,email
EFTA00434881.pdf,data-set-9-files-12,1,email
EFTA00434882.pdf,data-set-9-files-12,1,email
EFTA00434883.pdf,data-set-9-files-12,1,email
EFTA00434884.pdf,data-set-9-files-12,1,email
EFTA00434885.pdf,data-set-9-files-12,1,email
EFTA00434886.pdf,data-set-9-files-12,1,email
EFTA00434887.pdf,data-set-9-files-12,9,email
EFTA00434896.pdf,data-set-9-files-12,9,email
EFTA00434905.pdf,data-set-9-files-12,5,email
EFTA00434910.pdf,data-set-9-files-12,1,email
EFTA00434911.pdf,data-set-9-files-12,1,email
EFTA00434912.pdf,data-set-9-files-12,1,email
EFTA00434913.pdf,data-set-9-files-12,1,email
EFTA00434914.pdf,data-set-9-files-12,2,email
EFTA00434916.pdf,data-set-9-files-12,1,email
EFTA00434917.pdf,data-set-9-files-12,1,email
EFTA00434918.pdf,data-set-9-files-12,2,email
EFTA00434920.pdf,data-set-9-files-12,1,email
EFTA00434921.pdf,data-set-9-files-12,1,email
EFTA00434922.pdf,data-set-9-files-12,1,email
EFTA00434923.pdf,data-set-9-files-12,1,email
EFTA00434924.pdf,data-set-9-files-12,1,email
EFTA00434925.pdf,data-set-9-files-12,1,email
EFTA00434926.pdf,data-set-9-files-12,1,email
EFTA00434927.pdf,data-set-9-files-12,1,email
EFTA00434928.pdf,data-set-9-files-12,1,email
EFTA00434929.pdf,data-set-9-files-12,1,email
EFTA00434930.pdf,data-set-9-files-12,1,email
EFTA00434931.pdf,data-set-9-files-12,5,email
EFTA00434936.pdf,data-set-9-files-12,2,email
EFTA00434938.pdf,data-set-9-files-12,1,email
EFTA00434939.pdf,data-set-9-files-12,1,email
EFTA00434940.pdf,data-set-9-files-12,1,email
EFTA00434941.pdf,data-set-9-files-12,1,email
EFTA00434942.pdf,data-set-9-files-12,1,email
EFTA00434943.pdf,data-set-9-files-12,1,email
EFTA00434944.pdf,data-set-9-files-12,1,email
EFTA00434945.pdf,data-set-9-files-12,1,email
EFTA00434946.pdf,data-set-9-files-12,1,email
EFTA00434947.pdf,data-set-9-files-12,1,email
EFTA00434948.pdf,data-set-9-files-12,1,email
EFTA00434949.pdf,data-set-9-files-12,1,email
EFTA00434950.pdf,data-set-9-files-12,2,email
EFTA00434952.pdf,data-set-9-files-12,1,email
EFTA00434953.pdf,data-set-9-files-12,1,email
EFTA00434954.pdf,data-set-9-files-12,1,email
EFTA00434955.pdf,data-set-9-files-12,5,email
EFTA00434960.pdf,data-set-9-files-12,1,email
EFTA00434961.pdf,data-set-9-files-12,1,email
EFTA00434962.pdf,data-set-9-files-12,1,email
EFTA00434963.pdf,data-set-9-files-12,1,email
EFTA00434964.pdf,data-set-9-files-12,1,email
EFTA00434965.pdf,data-set-9-files-12,1,email
EFTA00434966.pdf,data-set-9-files-12,1,email
EFTA00434967.pdf,data-set-9-files-12,2,email
EFTA00434969.pdf,data-set-9-files-12,2,email
EFTA00434971.pdf,data-set-9-files-12,1,other
EFTA00434972.pdf,data-set-9-files-12,1,email
EFTA00434973.pdf,data-set-9-files-12,1,email
EFTA00434974.pdf,data-set-9-files-12,1,email
EFTA00434975.pdf,data-set-9-files-12,1,email
EFTA00434976.pdf,data-set-9-files-12,4,email
EFTA00434980.pdf,data-set-9-files-12,3,email
EFTA00434983.pdf,data-set-9-files-12,4,email
EFTA00434987.pdf,data-set-9-files-12,4,email
EFTA00434991.pdf,data-set-9-files-12,1,other
EFTA00434992.pdf,data-set-9-files-12,1,email
EFTA00434993.pdf,data-set-9-files-12,1,email
EFTA00434994.pdf,data-set-9-files-12,4,email
EFTA00434998.pdf,data-set-9-files-12,1,email
EFTA00434999.pdf,data-set-9-files-12,1,email
EFTA00435000.pdf,data-set-9-files-12,4,email
EFTA00435004.pdf,data-set-9-files-12,1,email
EFTA00435005.pdf,data-set-9-files-12,1,email
EFTA00435006.pdf,data-set-9-files-12,1,email
EFTA00435007.pdf,data-set-9-files-12,1,other
EFTA00435008.pdf,data-set-9-files-12,1,other
EFTA00435009.pdf,data-set-9-files-12,1,other
EFTA00435010.pdf,data-set-9-files-12,1,other
EFTA00435011.pdf,data-set-9-files-12,1,email
EFTA00435012.pdf,data-set-9-files-12,1,email
EFTA00435013.pdf,data-set-9-files-12,1,email
EFTA00435014.pdf,data-set-9-files-12,1,other
EFTA00435015.pdf,data-set-9-files-12,1,other
EFTA00435016.pdf,data-set-9-files-12,1,email
EFTA00435017.pdf,data-set-9-files-12,1,email
EFTA00435018.pdf,data-set-9-files-12,2,email
EFTA00435020.pdf,data-set-9-files-12,1,email
EFTA00435021.pdf,data-set-9-files-12,1,email
EFTA00435022.pdf,data-set-9-files-12,1,other
EFTA00435023.pdf,data-set-9-files-12,2,email
EFTA00435025.pdf,data-set-9-files-12,2,email
EFTA00435027.pdf,data-set-9-files-12,1,email
EFTA00435028.pdf,data-set-9-files-12,1,other
EFTA00435029.pdf,data-set-9-files-12,2,email
EFTA00435031.pdf,data-set-9-files-12,3,email
EFTA00435034.pdf,data-set-9-files-12,1,email
EFTA00435035.pdf,data-set-9-files-12,1,email
EFTA00435036.pdf,data-set-9-files-12,1,email
EFTA00435037.pdf,data-set-9-files-12,1,email
EFTA00435038.pdf,data-set-9-files-12,1,email
EFTA00435039.pdf,data-set-9-files-12,1,other
EFTA00435040.pdf,data-set-9-files-12,1,email
EFTA00435041.pdf,data-set-9-files-12,1,email
EFTA00435042.pdf,data-set-9-files-12,1,email
EFTA00435043.pdf,data-set-9-files-12,1,email
EFTA00435044.pdf,data-set-9-files-12,4,email
EFTA00435048.pdf,data-set-9-files-12,1,email
EFTA00435049.pdf,data-set-9-files-12,1,email
EFTA00435050.pdf,data-set-9-files-12,1,other
EFTA00435051.pdf,data-set-9-files-12,1,email
EFTA00435052.pdf,data-set-9-files-12,1,email
EFTA00435053.pdf,data-set-9-files-12,1,email
EFTA00435054.pdf,data-set-9-files-12,1,email
EFTA00435055.pdf,data-set-9-files-12,2,email
EFTA00435057.pdf,data-set-9-files-12,1,email
EFTA00435058.pdf,data-set-9-files-12,1,email
EFTA00435059.pdf,data-set-9-files-12,1,email
EFTA00435060.pdf,data-set-9-files-12,1,other
EFTA00435061.pdf,data-set-9-files-12,1,email
EFTA00435062.pdf,data-set-9-files-12,1,email
EFTA00435063.pdf,data-set-9-files-12,2,email
EFTA00435065.pdf,data-set-9-files-12,1,email
EFTA00435066.pdf,data-set-9-files-12,3,email
EFTA00435069.pdf,data-set-9-files-12,2,email
EFTA00435071.pdf,data-set-9-files-12,1,email
EFTA00435072.pdf,data-set-9-files-12,1,other
EFTA00435073.pdf,data-set-9-files-12,1,other
EFTA00435074.pdf,data-set-9-files-12,1,other
EFTA00435075.pdf,data-set-9-files-12,1,other
EFTA00435076.pdf,data-set-9-files-12,1,email
EFTA00435077.pdf,data-set-9-files-12,1,email
EFTA00435078.pdf,data-set-9-files-12,1,email
EFTA00435079.pdf,data-set-9-files-12,1,email
EFTA00435080.pdf,data-set-9-files-12,1,email
EFTA00435081.pdf,data-set-9-files-12,1,other
EFTA00435082.pdf,data-set-9-files-12,1,email
EFTA00435083.pdf,data-set-9-files-12,1,email
EFTA00435084.pdf,data-set-9-files-12,2,email
EFTA00435086.pdf,data-set-9-files-12,1,email
EFTA00435087.pdf,data-set-9-files-12,1,email
EFTA00435088.pdf,data-set-9-files-12,2,email
EFTA00435090.pdf,data-set-9-files-12,1,email
EFTA00435091.pdf,data-set-9-files-12,1,email
EFTA00435092.pdf,data-set-9-files-12,1,email
EFTA00435093.pdf,data-set-9-files-12,1,email
EFTA00435094.pdf,data-set-9-files-12,1,email
EFTA00435095.pdf,data-set-9-files-12,1,email
EFTA00435096.pdf,data-set-9-files-12,2,email
EFTA00435098.pdf,data-set-9-files-12,3,email
EFTA00435101.pdf,data-set-9-files-12,3,email
EFTA00435104.pdf,data-set-9-files-12,1,email
EFTA00435105.pdf,data-set-9-files-12,1,other
EFTA00435106.pdf,data-set-9-files-12,1,other
EFTA00435107.pdf,data-set-9-files-12,1,email
EFTA00435108.pdf,data-set-9-files-12,1,email
EFTA00435109.pdf,data-set-9-files-12,1,email
EFTA00435110.pdf,data-set-9-files-12,1,email
EFTA00435111.pdf,data-set-9-files-12,3,email
EFTA00435114.pdf,data-set-9-files-12,2,email
EFTA00435116.pdf,data-set-9-files-12,4,email
EFTA00435120.pdf,data-set-9-files-12,2,email
EFTA00435122.pdf,data-set-9-files-12,2,email
EFTA00435124.pdf,data-set-9-files-12,1,email
EFTA00435125.pdf,data-set-9-files-12,1,email
EFTA00435126.pdf,data-set-9-files-12,1,email
EFTA00435127.pdf,data-set-9-files-12,2,email
EFTA00435129.pdf,data-set-9-files-12,2,email
EFTA00435131.pdf,data-set-9-files-12,2,email
EFTA00435133.pdf,data-set-9-files-12,2,email
EFTA00435135.pdf,data-set-9-files-12,1,email
EFTA00435136.pdf,data-set-9-files-12,1,email
EFTA00435137.pdf,data-set-9-files-12,1,email
EFTA00435138.pdf,data-set-9-files-12,1,email
EFTA00435139.pdf,data-set-9-files-12,1,email
EFTA00435140.pdf,data-set-9-files-12,3,email
EFTA00435143.pdf,data-set-9-files-12,1,email
EFTA00435144.pdf,data-set-9-files-12,1,email
EFTA00435145.pdf,data-set-9-files-12,1,email
EFTA00435146.pdf,data-set-9-files-12,1,email
EFTA00435147.pdf,data-set-9-files-12,1,other
EFTA00435148.pdf,data-set-9-files-12,1,email
EFTA00435149.pdf,data-set-9-files-12,1,email
EFTA00435150.pdf,data-set-9-files-12,1,email
EFTA00435151.pdf,data-set-9-files-12,1,other
EFTA00435152.pdf,data-set-9-files-12,1,other
EFTA00435153.pdf,data-set-9-files-12,1,other
EFTA00435154.pdf,data-set-9-files-12,1,other
EFTA00435155.pdf,data-set-9-files-12,2,email
EFTA00435157.pdf,data-set-9-files-12,1,other
EFTA00435158.pdf,data-set-9-files-12,1,other
EFTA00435159.pdf,data-set-9-files-12,3,email
EFTA00435162.pdf,data-set-9-files-12,1,email
EFTA00435163.pdf,data-set-9-files-12,1,email
EFTA00435164.pdf,data-set-9-files-12,1,other
EFTA00435165.pdf,data-set-9-files-12,1,other
EFTA00435166.pdf,data-set-9-files-12,1,email
EFTA00435167.pdf,data-set-9-files-12,1,email
EFTA00435168.pdf,data-set-9-files-12,1,email
EFTA00435169.pdf,data-set-9-files-12,1,email
EFTA00435170.pdf,data-set-9-files-12,1,other
EFTA00435171.pdf,data-set-9-files-12,1,other
EFTA00435172.pdf,data-set-9-files-12,1,other
EFTA00435173.pdf,data-set-9-files-12,1,email
EFTA00435174.pdf,data-set-9-files-12,1,other
EFTA00435175.pdf,data-set-9-files-12,2,email
EFTA00435177.pdf,data-set-9-files-12,1,email
EFTA00435178.pdf,data-set-9-files-12,1,email
EFTA00435179.pdf,data-set-9-files-12,1,email
EFTA00435180.pdf,data-set-9-files-12,1,email
EFTA00435181.pdf,data-set-9-files-12,1,email
EFTA00435182.pdf,data-set-9-files-12,1,other
EFTA00435183.pdf,data-set-9-files-12,1,other
EFTA00435184.pdf,data-set-9-files-12,1,email
EFTA00435185.pdf,data-set-9-files-12,1,email
EFTA00435186.pdf,data-set-9-files-12,1,email
EFTA00435187.pdf,data-set-9-files-12,1,email
EFTA00435188.pdf,data-set-9-files-12,1,email
EFTA00435189.pdf,data-set-9-files-12,1,email
EFTA00435190.pdf,data-set-9-files-12,1,email
EFTA00435191.pdf,data-set-9-files-12,1,email
EFTA00435192.pdf,data-set-9-files-12,1,email
EFTA00435193.pdf,data-set-9-files-12,1,email
EFTA00435194.pdf,data-set-9-files-12,1,email
EFTA00435195.pdf,data-set-9-files-12,1,email
EFTA00435196.pdf,data-set-9-files-12,1,email
EFTA00435197.pdf,data-set-9-files-12,1,email
EFTA00435198.pdf,data-set-9-files-12,1,email
EFTA00435199.pdf,data-set-9-files-12,1,email
EFTA00435200.pdf,data-set-9-files-12,1,email
EFTA00435201.pdf,data-set-9-files-12,2,email
EFTA00435203.pdf,data-set-9-files-12,1,email
EFTA00435204.pdf,data-set-9-files-12,2,email
EFTA00435206.pdf,data-set-9-files-12,1,email
EFTA00435207.pdf,data-set-9-files-12,1,email
EFTA00435208.pdf,data-set-9-files-12,2,email
EFTA00435210.pdf,data-set-9-files-12,1,email
EFTA00435211.pdf,data-set-9-files-12,1,email
EFTA00435212.pdf,data-set-9-files-12,1,email
EFTA00435213.pdf,data-set-9-files-12,1,email
EFTA00435214.pdf,data-set-9-files-12,1,email
EFTA00435215.pdf,data-set-9-files-12,1,email
EFTA00435216.pdf,data-set-9-files-12,1,email
EFTA00435217.pdf,data-set-9-files-12,1,email
EFTA00435218.pdf,data-set-9-files-12,1,email
EFTA00435219.pdf,data-set-9-files-12,1,email
EFTA00435220.pdf,data-set-9-files-12,1,email
EFTA00435221.pdf,data-set-9-files-12,1,email
EFTA00435222.pdf,data-set-9-files-12,1,email
EFTA00435223.pdf,data-set-9-files-12,1,email
EFTA00435224.pdf,data-set-9-files-12,1,email
EFTA00435225.pdf,data-set-9-files-12,1,email
EFTA00435226.pdf,data-set-9-files-12,1,email
EFTA00435227.pdf,data-set-9-files-12,1,email
EFTA00435228.pdf,data-set-9-files-12,1,email
EFTA00435229.pdf,data-set-9-files-12,1,email
EFTA00435230.pdf,data-set-9-files-12,1,email
EFTA00435231.pdf,data-set-9-files-12,1,email
EFTA00435232.pdf,data-set-9-files-12,1,email
EFTA00435233.pdf,data-set-9-files-12,1,email
EFTA00435234.pdf,data-set-9-files-12,1,email
EFTA00435235.pdf,data-set-9-files-12,1,email
EFTA00435236.pdf,data-set-9-files-12,1,email
EFTA00435237.pdf,data-set-9-files-12,1,email
EFTA00435238.pdf,data-set-9-files-12,2,email
EFTA00435240.pdf,data-set-9-files-12,1,email
EFTA00435241.pdf,data-set-9-files-12,1,email
EFTA00435242.pdf,data-set-9-files-12,2,email
EFTA00435244.pdf,data-set-9-files-12,2,email
EFTA00435246.pdf,data-set-9-files-12,2,email
EFTA00435248.pdf,data-set-9-files-12,1,email
EFTA00435249.pdf,data-set-9-files-12,2,email
EFTA00435251.pdf,data-set-9-files-12,1,email
EFTA00435252.pdf,data-set-9-files-12,1,email
EFTA00435253.pdf,data-set-9-files-12,1,email
EFTA00435254.pdf,data-set-9-files-12,2,email
EFTA00435256.pdf,data-set-9-files-12,1,other
EFTA00435257.pdf,data-set-9-files-12,1,other
EFTA00435258.pdf,data-set-9-files-12,1,email
EFTA00435259.pdf,data-set-9-files-12,1,email
EFTA00435260.pdf,data-set-9-files-12,1,email
EFTA00435261.pdf,data-set-9-files-12,2,email
EFTA00435263.pdf,data-set-9-files-12,1,email
EFTA00435264.pdf,data-set-9-files-12,1,email
EFTA00435265.pdf,data-set-9-files-12,1,email
EFTA00435266.pdf,data-set-9-files-12,1,email
EFTA00435267.pdf,data-set-9-files-12,2,email
EFTA00435269.pdf,data-set-9-files-12,1,email
EFTA00435270.pdf,data-set-9-files-12,1,email
EFTA00435271.pdf,data-set-9-files-12,1,other
EFTA00435272.pdf,data-set-9-files-12,1,email
EFTA00435273.pdf,data-set-9-files-12,1,email
EFTA00435274.pdf,data-set-9-files-12,1,other
EFTA00435275.pdf,data-set-9-files-12,1,other
EFTA00435276.pdf,data-set-9-files-12,2,email
EFTA00435278.pdf,data-set-9-files-12,1,email
EFTA00435279.pdf,data-set-9-files-12,1,email
EFTA00435280.pdf,data-set-9-files-12,1,other
EFTA00435281.pdf,data-set-9-files-12,1,other
EFTA00435282.pdf,data-set-9-files-12,1,email
EFTA00435283.pdf,data-set-9-files-12,1,other
EFTA00435284.pdf,data-set-9-files-12,1,other
EFTA00435285.pdf,data-set-9-files-12,1,email
EFTA00435286.pdf,data-set-9-files-12,2,email
EFTA00435288.pdf,data-set-9-files-12,1,email
EFTA00435289.pdf,data-set-9-files-12,1,email
EFTA00435290.pdf,data-set-9-files-12,1,email
EFTA00435291.pdf,data-set-9-files-12,1,email
EFTA00435292.pdf,data-set-9-files-12,1,email
EFTA00435293.pdf,data-set-9-files-12,2,email
EFTA00435295.pdf,data-set-9-files-12,1,email
EFTA00435296.pdf,data-set-9-files-12,1,email
EFTA00435297.pdf,data-set-9-files-12,2,email
EFTA00435299.pdf,data-set-9-files-12,1,other
EFTA00435300.pdf,data-set-9-files-12,1,other
EFTA00435301.pdf,data-set-9-files-12,2,email
EFTA00435303.pdf,data-set-9-files-12,1,email
EFTA00435304.pdf,data-set-9-files-12,1,other
EFTA00435305.pdf,data-set-9-files-12,1,other
EFTA00435306.pdf,data-set-9-files-12,1,other
EFTA00435307.pdf,data-set-9-files-12,1,email
EFTA00435308.pdf,data-set-9-files-12,1,other
EFTA00435309.pdf,data-set-9-files-12,1,other
EFTA00435310.pdf,data-set-9-files-12,1,email
EFTA00435311.pdf,data-set-9-files-12,1,email
EFTA00435312.pdf,data-set-9-files-12,1,other
EFTA00435313.pdf,data-set-9-files-12,1,other
EFTA00435314.pdf,data-set-9-files-12,1,other
EFTA00435315.pdf,data-set-9-files-12,1,other
EFTA00435316.pdf,data-set-9-files-12,1,other
EFTA00435317.pdf,data-set-9-files-12,2,email
EFTA00435319.pdf,data-set-9-files-12,1,email
EFTA00435320.pdf,data-set-9-files-12,2,email
EFTA00435322.pdf,data-set-9-files-12,1,email
EFTA00435323.pdf,data-set-9-files-12,2,email
EFTA00435325.pdf,data-set-9-files-12,1,email
EFTA00435326.pdf,data-set-9-files-12,1,email
EFTA00435327.pdf,data-set-9-files-12,1,email
EFTA00435328.pdf,data-set-9-files-12,1,other
EFTA00435329.pdf,data-set-9-files-12,1,other
EFTA00435330.pdf,data-set-9-files-12,1,email
EFTA00435331.pdf,data-set-9-files-12,1,email
EFTA00435332.pdf,data-set-9-files-12,1,other
EFTA00435333.pdf,data-set-9-files-12,1,email
EFTA00435334.pdf,data-set-9-files-12,1,email
EFTA00435335.pdf,data-set-9-files-12,1,email
EFTA00435336.pdf,data-set-9-files-12,1,email
EFTA00435337.pdf,data-set-9-files-12,1,email
EFTA00435338.pdf,data-set-9-files-12,1,email
EFTA00435339.pdf,data-set-9-files-12,1,other
EFTA00435340.pdf,data-set-9-files-12,1,email
EFTA00435341.pdf,data-set-9-files-12,2,email
EFTA00435343.pdf,data-set-9-files-12,1,email
EFTA00435344.pdf,data-set-9-files-12,2,email
EFTA00435346.pdf,data-set-9-files-12,2,email
EFTA00435348.pdf,data-set-9-files-12,2,email
EFTA00435350.pdf,data-set-9-files-12,1,email
EFTA00435351.pdf,data-set-9-files-12,3,email
EFTA00435354.pdf,data-set-9-files-12,1,email
EFTA00435355.pdf,data-set-9-files-12,1,email
EFTA00435356.pdf,data-set-9-files-12,1,email
EFTA00435357.pdf,data-set-9-files-12,1,email
EFTA00435358.pdf,data-set-9-files-12,1,email
EFTA00435359.pdf,data-set-9-files-12,1,email
EFTA00435360.pdf,data-set-9-files-12,1,email
EFTA00435361.pdf,data-set-9-files-12,1,email
EFTA00435362.pdf,data-set-9-files-12,1,other
EFTA00435363.pdf,data-set-9-files-12,1,other
EFTA00435364.pdf,data-set-9-files-12,1,other
EFTA00435365.pdf,data-set-9-files-12,1,email
EFTA00435366.pdf,data-set-9-files-12,1,email
EFTA00435367.pdf,data-set-9-files-12,1,other
EFTA00435368.pdf,data-set-9-files-12,1,email
EFTA00435369.pdf,data-set-9-files-12,3,email
EFTA00435372.pdf,data-set-9-files-12,2,email
EFTA00435374.pdf,data-set-9-files-12,1,email
EFTA00435375.pdf,data-set-9-files-12,1,other
EFTA00435376.pdf,data-set-9-files-12,1,email
EFTA00435377.pdf,data-set-9-files-12,1,other
EFTA00435378.pdf,data-set-9-files-12,1,other
EFTA00435379.pdf,data-set-9-files-12,1,email
EFTA00435380.pdf,data-set-9-files-12,1,email
EFTA00435381.pdf,data-set-9-files-12,2,email
EFTA00435383.pdf,data-set-9-files-12,1,email
EFTA00435384.pdf,data-set-9-files-12,1,email
EFTA00435385.pdf,data-set-9-files-12,1,email
EFTA00435386.pdf,data-set-9-files-12,1,email
EFTA00435387.pdf,data-set-9-files-12,1,email
EFTA00435388.pdf,data-set-9-files-12,1,email
EFTA00435389.pdf,data-set-9-files-12,1,email
EFTA00435390.pdf,data-set-9-files-12,1,email
EFTA00435391.pdf,data-set-9-files-12,1,email
EFTA00435392.pdf,data-set-9-files-12,1,other
EFTA00435393.pdf,data-set-9-files-12,1,email
EFTA00435394.pdf,data-set-9-files-12,2,email
EFTA00435396.pdf,data-set-9-files-12,1,email
EFTA00435397.pdf,data-set-9-files-12,1,email
EFTA00435398.pdf,data-set-9-files-12,1,email
EFTA00435399.pdf,data-set-9-files-12,1,email
EFTA00435400.pdf,data-set-9-files-12,1,email
EFTA00435401.pdf,data-set-9-files-12,1,email
EFTA00435402.pdf,data-set-9-files-12,1,email
EFTA00435403.pdf,data-set-9-files-12,1,email
EFTA00435404.pdf,data-set-9-files-12,1,email
EFTA00435405.pdf,data-set-9-files-12,1,email
EFTA00435406.pdf,data-set-9-files-12,1,email
EFTA00435407.pdf,data-set-9-files-12,3,email
EFTA00435410.pdf,data-set-9-files-12,1,email
EFTA00435411.pdf,data-set-9-files-12,1,email
EFTA00435412.pdf,data-set-9-files-12,1,other
EFTA00435413.pdf,data-set-9-files-12,1,email
EFTA00435414.pdf,data-set-9-files-12,1,email
EFTA00435415.pdf,data-set-9-files-12,1,email
EFTA00435416.pdf,data-set-9-files-12,1,email
EFTA00435417.pdf,data-set-9-files-12,2,email
EFTA00435419.pdf,data-set-9-files-12,1,email
EFTA00435420.pdf,data-set-9-files-12,1,email
EFTA00435421.pdf,data-set-9-files-12,1,email
EFTA00435422.pdf,data-set-9-files-12,1,email
EFTA00435423.pdf,data-set-9-files-12,2,email
EFTA00435425.pdf,data-set-9-files-12,1,email
EFTA00435426.pdf,data-set-9-files-12,1,email
EFTA00435427.pdf,data-set-9-files-12,1,email
EFTA00435428.pdf,data-set-9-files-12,1,email
EFTA00435429.pdf,data-set-9-files-12,1,email
EFTA00435430.pdf,data-set-9-files-12,1,email
EFTA00435431.pdf,data-set-9-files-12,1,email
EFTA00435432.pdf,data-set-9-files-12,3,email
EFTA00435435.pdf,data-set-9-files-12,1,other
EFTA00435436.pdf,data-set-9-files-12,1,email
EFTA00435437.pdf,data-set-9-files-12,4,email
EFTA00435441.pdf,data-set-9-files-12,1,email
EFTA00435442.pdf,data-set-9-files-12,1,email
EFTA00435443.pdf,data-set-9-files-12,2,email
EFTA00435445.pdf,data-set-9-files-12,2,email
EFTA00435447.pdf,data-set-9-files-12,1,email
EFTA00435448.pdf,data-set-9-files-12,1,email
EFTA00435449.pdf,data-set-9-files-12,1,other
EFTA00435450.pdf,data-set-9-files-12,1,email
EFTA00435451.pdf,data-set-9-files-12,1,email
EFTA00435452.pdf,data-set-9-files-12,1,email
EFTA00435453.pdf,data-set-9-files-12,1,email
EFTA00435454.pdf,data-set-9-files-12,1,other
EFTA00435455.pdf,data-set-9-files-12,1,email
EFTA00435456.pdf,data-set-9-files-12,3,email
EFTA00435459.pdf,data-set-9-files-12,2,email
EFTA00435461.pdf,data-set-9-files-12,1,email
EFTA00435462.pdf,data-set-9-files-12,1,email
EFTA00435463.pdf,data-set-9-files-12,1,email
EFTA00435464.pdf,data-set-9-files-12,1,email
EFTA00435465.pdf,data-set-9-files-12,1,email
EFTA00435466.pdf,data-set-9-files-12,3,email
EFTA00435469.pdf,data-set-9-files-12,1,email
EFTA00435470.pdf,data-set-9-files-12,1,other
EFTA00435471.pdf,data-set-9-files-12,1,other
EFTA00435472.pdf,data-set-9-files-12,1,other
EFTA00435473.pdf,data-set-9-files-12,1,other
EFTA00435474.pdf,data-set-9-files-12,1,other
EFTA00435475.pdf,data-set-9-files-12,1,other
EFTA00435476.pdf,data-set-9-files-12,1,email
EFTA00435477.pdf,data-set-9-files-12,1,email
EFTA00435478.pdf,data-set-9-files-12,1,email
EFTA00435479.pdf,data-set-9-files-12,1,email
EFTA00435480.pdf,data-set-9-files-12,1,other
EFTA00435481.pdf,data-set-9-files-12,1,email
EFTA00435482.pdf,data-set-9-files-12,1,email
EFTA00435483.pdf,data-set-9-files-12,1,other
EFTA00435484.pdf,data-set-9-files-12,1,email
EFTA00435485.pdf,data-set-9-files-12,1,email
EFTA00435486.pdf,data-set-9-files-12,1,email
EFTA00435487.pdf,data-set-9-files-12,1,other
EFTA00435488.pdf,data-set-9-files-12,1,email
EFTA00435489.pdf,data-set-9-files-12,1,email
EFTA00435490.pdf,data-set-9-files-12,1,email
EFTA00435491.pdf,data-set-9-files-12,1,email
EFTA00435492.pdf,data-set-9-files-12,2,email
EFTA00435494.pdf,data-set-9-files-12,1,email
EFTA00435495.pdf,data-set-9-files-12,1,email
EFTA00435496.pdf,data-set-9-files-12,1,email
EFTA00435497.pdf,data-set-9-files-12,1,email
EFTA00435498.pdf,data-set-9-files-12,1,email
EFTA00435499.pdf,data-set-9-files-12,1,email
EFTA00435500.pdf,data-set-9-files-12,1,email
EFTA00435501.pdf,data-set-9-files-12,1,email
EFTA00435502.pdf,data-set-9-files-12,1,email
EFTA00435503.pdf,data-set-9-files-12,1,email
EFTA00435504.pdf,data-set-9-files-12,1,email
EFTA00435505.pdf,data-set-9-files-12,1,email
EFTA00435506.pdf,data-set-9-files-12,1,email
EFTA00435507.pdf,data-set-9-files-12,1,email
EFTA00435508.pdf,data-set-9-files-12,1,email
EFTA00435509.pdf,data-set-9-files-12,1,email
EFTA00435510.pdf,data-set-9-files-12,1,email
EFTA00435511.pdf,data-set-9-files-12,2,email
EFTA00435513.pdf,data-set-9-files-12,1,email
EFTA00435514.pdf,data-set-9-files-12,1,other
EFTA00435515.pdf,data-set-9-files-12,1,email
EFTA00435516.pdf,data-set-9-files-12,2,email
EFTA00435518.pdf,data-set-9-files-12,1,email
EFTA00435519.pdf,data-set-9-files-12,1,email
EFTA00435520.pdf,data-set-9-files-12,1,email
EFTA00435521.pdf,data-set-9-files-12,1,email
EFTA00435522.pdf,data-set-9-files-12,2,email
EFTA00435524.pdf,data-set-9-files-12,1,email
EFTA00435525.pdf,data-set-9-files-12,1,email
EFTA00435526.pdf,data-set-9-files-12,2,email
EFTA00435528.pdf,data-set-9-files-12,1,email
EFTA00435529.pdf,data-set-9-files-12,1,email
EFTA00435530.pdf,data-set-9-files-12,1,email
EFTA00435531.pdf,data-set-9-files-12,1,email
EFTA00435532.pdf,data-set-9-files-12,1,email
EFTA00435533.pdf,data-set-9-files-12,1,email
EFTA00435534.pdf,data-set-9-files-12,1,email
EFTA00435535.pdf,data-set-9-files-12,1,email
EFTA00435536.pdf,data-set-9-files-12,2,email
EFTA00435538.pdf,data-set-9-files-12,2,email
EFTA00435540.pdf,data-set-9-files-12,1,email
EFTA00435541.pdf,data-set-9-files-12,1,email
EFTA00435542.pdf,data-set-9-files-12,2,email
EFTA00435544.pdf,data-set-9-files-12,1,email
EFTA00435545.pdf,data-set-9-files-12,2,email
EFTA00435547.pdf,data-set-9-files-12,1,other
EFTA00435548.pdf,data-set-9-files-12,2,email
EFTA00435550.pdf,data-set-9-files-12,1,email
EFTA00435551.pdf,data-set-9-files-12,2,email
EFTA00435553.pdf,data-set-9-files-12,1,email
EFTA00435554.pdf,data-set-9-files-12,1,email
EFTA00435555.pdf,data-set-9-files-12,1,email
EFTA00435556.pdf,data-set-9-files-12,1,email
EFTA00435557.pdf,data-set-9-files-12,1,other
EFTA00435558.pdf,data-set-9-files-12,1,other
EFTA00435559.pdf,data-set-9-files-12,1,email
EFTA00435560.pdf,data-set-9-files-12,1,email
EFTA00435561.pdf,data-set-9-files-12,2,email
EFTA00435563.pdf,data-set-9-files-12,1,email
EFTA00435564.pdf,data-set-9-files-12,1,email
EFTA00435565.pdf,data-set-9-files-12,1,email
EFTA00435566.pdf,data-set-9-files-12,2,email
EFTA00435568.pdf,data-set-9-files-12,1,email
EFTA00435569.pdf,data-set-9-files-12,1,email
EFTA00435570.pdf,data-set-9-files-12,1,email
EFTA00435571.pdf,data-set-9-files-12,1,email
EFTA00435572.pdf,data-set-9-files-12,1,email
EFTA00435573.pdf,data-set-9-files-12,1,email
EFTA00435574.pdf,data-set-9-files-12,1,email
EFTA00435575.pdf,data-set-9-files-12,1,other
EFTA00435576.pdf,data-set-9-files-12,1,other
EFTA00435577.pdf,data-set-9-files-12,1,email
EFTA00435578.pdf,data-set-9-files-12,1,email
EFTA00435579.pdf,data-set-9-files-12,1,email
EFTA00435580.pdf,data-set-9-files-12,1,email
EFTA00435581.pdf,data-set-9-files-12,1,email
EFTA00435582.pdf,data-set-9-files-12,1,email
EFTA00435583.pdf,data-set-9-files-12,1,email
EFTA00435584.pdf,data-set-9-files-12,1,email
EFTA00435585.pdf,data-set-9-files-12,1,other
EFTA00435586.pdf,data-set-9-files-12,1,email
EFTA00435587.pdf,data-set-9-files-12,1,email
EFTA00435588.pdf,data-set-9-files-12,1,email
EFTA00435589.pdf,data-set-9-files-12,1,other
EFTA00435590.pdf,data-set-9-files-12,1,email
EFTA00435591.pdf,data-set-9-files-12,1,email
EFTA00435592.pdf,data-set-9-files-12,1,email
EFTA00435593.pdf,data-set-9-files-12,1,email
EFTA00435594.pdf,data-set-9-files-12,1,other
EFTA00435595.pdf,data-set-9-files-12,1,email
EFTA00435596.pdf,data-set-9-files-12,1,email
EFTA00435597.pdf,data-set-9-files-12,1,email
EFTA00435598.pdf,data-set-9-files-12,1,email
EFTA00435599.pdf,data-set-9-files-12,1,email
EFTA00435600.pdf,data-set-9-files-12,1,email
EFTA00435601.pdf,data-set-9-files-12,1,email
EFTA00435602.pdf,data-set-9-files-12,1,email
EFTA00435603.pdf,data-set-9-files-12,1,other
EFTA00435604.pdf,data-set-9-files-12,1,other
EFTA00435605.pdf,data-set-9-files-12,1,email
EFTA00435606.pdf,data-set-9-files-12,1,email
EFTA00435607.pdf,data-set-9-files-12,1,email
EFTA00435608.pdf,data-set-9-files-12,1,email
EFTA00435609.pdf,data-set-9-files-12,1,email
EFTA00435610.pdf,data-set-9-files-12,1,email
EFTA00435611.pdf,data-set-9-files-12,1,email
EFTA00435612.pdf,data-set-9-files-12,1,other
EFTA00435613.pdf,data-set-9-files-12,1,email
EFTA00435614.pdf,data-set-9-files-12,1,email
EFTA00435615.pdf,data-set-9-files-12,1,email
EFTA00435616.pdf,data-set-9-files-12,1,email
EFTA00435617.pdf,data-set-9-files-12,1,email
EFTA00435618.pdf,data-set-9-files-12,1,email
EFTA00435619.pdf,data-set-9-files-12,1,email
EFTA00435620.pdf,data-set-9-files-12,1,email
EFTA00435621.pdf,data-set-9-files-12,3,email
EFTA00435624.pdf,data-set-9-files-12,2,email
EFTA00435626.pdf,data-set-9-files-12,1,email
EFTA00435627.pdf,data-set-9-files-12,2,email
EFTA00435629.pdf,data-set-9-files-12,2,email
EFTA00435631.pdf,data-set-9-files-12,2,email
EFTA00435633.pdf,data-set-9-files-12,1,email
EFTA00435634.pdf,data-set-9-files-12,2,email
EFTA00435636.pdf,data-set-9-files-12,2,email
EFTA00435638.pdf,data-set-9-files-12,1,email
EFTA00435639.pdf,data-set-9-files-12,1,email
EFTA00435640.pdf,data-set-9-files-12,2,email
EFTA00435642.pdf,data-set-9-files-12,2,email
EFTA00435644.pdf,data-set-9-files-12,1,email
EFTA00435645.pdf,data-set-9-files-12,1,email
EFTA00435646.pdf,data-set-9-files-12,1,email
EFTA00435647.pdf,data-set-9-files-12,2,email
EFTA00435649.pdf,data-set-9-files-12,3,email
EFTA00435652.pdf,data-set-9-files-12,1,email
EFTA00435653.pdf,data-set-9-files-12,2,email
EFTA00435655.pdf,data-set-9-files-12,1,email
EFTA00435656.pdf,data-set-9-files-12,1,email
EFTA00435657.pdf,data-set-9-files-12,1,email
EFTA00435658.pdf,data-set-9-files-12,1,email
EFTA00435659.pdf,data-set-9-files-12,1,email
EFTA00435660.pdf,data-set-9-files-12,1,email
EFTA00435661.pdf,data-set-9-files-12,1,email
EFTA00435662.pdf,data-set-9-files-12,1,email
EFTA00435663.pdf,data-set-9-files-12,1,email
EFTA00435664.pdf,data-set-9-files-12,1,email
EFTA00435665.pdf,data-set-9-files-12,1,email
EFTA00435666.pdf,data-set-9-files-12,2,email
EFTA00435668.pdf,data-set-9-files-12,1,email
EFTA00435669.pdf,data-set-9-files-12,2,email
EFTA00435671.pdf,data-set-9-files-12,3,email
EFTA00435674.pdf,data-set-9-files-12,1,email
EFTA00435675.pdf,data-set-9-files-12,1,email
EFTA00435676.pdf,data-set-9-files-12,1,email
EFTA00435677.pdf,data-set-9-files-12,1,email
EFTA00435678.pdf,data-set-9-files-12,1,other
EFTA00435679.pdf,data-set-9-files-12,1,other
EFTA00435680.pdf,data-set-9-files-12,1,other
EFTA00435681.pdf,data-set-9-files-12,1,other
EFTA00435682.pdf,data-set-9-files-12,1,other
EFTA00435683.pdf,data-set-9-files-12,1,other
EFTA00435684.pdf,data-set-9-files-12,2,email
EFTA00435686.pdf,data-set-9-files-12,1,email
EFTA00435687.pdf,data-set-9-files-12,1,other
EFTA00435688.pdf,data-set-9-files-12,1,other
EFTA00435689.pdf,data-set-9-files-12,2,email
EFTA00435691.pdf,data-set-9-files-12,1,email
EFTA00435692.pdf,data-set-9-files-12,1,email
EFTA00435693.pdf,data-set-9-files-12,2,email
EFTA00435695.pdf,data-set-9-files-12,1,email
EFTA00435696.pdf,data-set-9-files-12,1,email
EFTA00435697.pdf,data-set-9-files-12,1,email
EFTA00435698.pdf,data-set-9-files-12,2,email
EFTA00435700.pdf,data-set-9-files-12,2,email
EFTA00435702.pdf,data-set-9-files-12,3,email
EFTA00435705.pdf,data-set-9-files-12,1,email
EFTA00435706.pdf,data-set-9-files-12,1,other
EFTA00435707.pdf,data-set-9-files-12,1,email
EFTA00435708.pdf,data-set-9-files-12,1,email
EFTA00435709.pdf,data-set-9-files-12,1,other
EFTA00435710.pdf,data-set-9-files-12,3,email
EFTA00435713.pdf,data-set-9-files-12,3,email
EFTA00435716.pdf,data-set-9-files-12,2,email
EFTA00435718.pdf,data-set-9-files-12,1,other
EFTA00435719.pdf,data-set-9-files-12,1,email
EFTA00435720.pdf,data-set-9-files-12,1,email
EFTA00435721.pdf,data-set-9-files-12,1,email
EFTA00435722.pdf,data-set-9-files-12,1,email
EFTA00435723.pdf,data-set-9-files-12,1,other
EFTA00435724.pdf,data-set-9-files-12,1,other
EFTA00435725.pdf,data-set-9-files-12,1,email
EFTA00435726.pdf,data-set-9-files-12,2,email
EFTA00435728.pdf,data-set-9-files-12,2,email
EFTA00435730.pdf,data-set-9-files-12,2,email
EFTA00435732.pdf,data-set-9-files-12,1,other
EFTA00435733.pdf,data-set-9-files-12,1,other
EFTA00435734.pdf,data-set-9-files-12,1,other
EFTA00435735.pdf,data-set-9-files-12,1,other
EFTA00435736.pdf,data-set-9-files-12,1,other
EFTA00435737.pdf,data-set-9-files-12,1,other
EFTA00435738.pdf,data-set-9-files-12,1,email
EFTA00435739.pdf,data-set-9-files-12,1,other
EFTA00435740.pdf,data-set-9-files-12,1,email
EFTA00435741.pdf,data-set-9-files-12,1,email
EFTA00435742.pdf,data-set-9-files-12,3,email
EFTA00435745.pdf,data-set-9-files-12,1,email
EFTA00435746.pdf,data-set-9-files-12,1,other
EFTA00435747.pdf,data-set-9-files-12,1,email
EFTA00435748.pdf,data-set-9-files-12,1,email
EFTA00435749.pdf,data-set-9-files-12,2,email
EFTA00435751.pdf,data-set-9-files-12,2,email
EFTA00435753.pdf,data-set-9-files-12,3,email
EFTA00435756.pdf,data-set-9-files-12,2,email
EFTA00435758.pdf,data-set-9-files-12,1,email
EFTA00435759.pdf,data-set-9-files-12,3,email
EFTA00435762.pdf,data-set-9-files-12,1,email
EFTA00435763.pdf,data-set-9-files-12,1,email
EFTA00435764.pdf,data-set-9-files-12,4,email
EFTA00435768.pdf,data-set-9-files-12,1,email
EFTA00435769.pdf,data-set-9-files-12,1,email
EFTA00435770.pdf,data-set-9-files-12,1,email
EFTA00435771.pdf,data-set-9-files-12,1,email
EFTA00435772.pdf,data-set-9-files-12,1,email
EFTA00435773.pdf,data-set-9-files-12,2,email
EFTA00435775.pdf,data-set-9-files-12,1,email
EFTA00435776.pdf,data-set-9-files-12,1,email
EFTA00435777.pdf,data-set-9-files-12,1,email
EFTA00435778.pdf,data-set-9-files-12,1,email
EFTA00435779.pdf,data-set-9-files-12,1,email
EFTA00435780.pdf,data-set-9-files-12,1,other
EFTA00435781.pdf,data-set-9-files-12,1,other
EFTA00435782.pdf,data-set-9-files-12,1,email
EFTA00435783.pdf,data-set-9-files-12,1,email
EFTA00435784.pdf,data-set-9-files-12,1,email
EFTA00435785.pdf,data-set-9-files-12,1,other
EFTA00435786.pdf,data-set-9-files-12,1,other
EFTA00435787.pdf,data-set-9-files-12,1,other
EFTA00435788.pdf,data-set-9-files-12,1,email
EFTA00435789.pdf,data-set-9-files-12,1,email
EFTA00435790.pdf,data-set-9-files-12,1,other
EFTA00435791.pdf,data-set-9-files-12,1,other
EFTA00435792.pdf,data-set-9-files-12,2,email
EFTA00435794.pdf,data-set-9-files-12,1,email
EFTA00435795.pdf,data-set-9-files-12,1,email
EFTA00435796.pdf,data-set-9-files-12,1,email
EFTA00435797.pdf,data-set-9-files-12,1,email
EFTA00435798.pdf,data-set-9-files-12,1,email
EFTA00435799.pdf,data-set-9-files-12,2,email
EFTA00435801.pdf,data-set-9-files-12,2,email
EFTA00435803.pdf,data-set-9-files-12,1,email
EFTA00435804.pdf,data-set-9-files-12,1,email
EFTA00435805.pdf,data-set-9-files-12,1,email
EFTA00435806.pdf,data-set-9-files-12,2,email
EFTA00435808.pdf,data-set-9-files-12,1,email
EFTA00435809.pdf,data-set-9-files-12,1,other
EFTA00435810.pdf,data-set-9-files-12,1,email
EFTA00435811.pdf,data-set-9-files-12,1,email
EFTA00435812.pdf,data-set-9-files-12,1,email
EFTA00435813.pdf,data-set-9-files-12,1,email
EFTA00435814.pdf,data-set-9-files-12,1,other
EFTA00435815.pdf,data-set-9-files-12,1,other
EFTA00435816.pdf,data-set-9-files-12,1,other
EFTA00435817.pdf,data-set-9-files-12,1,email
EFTA00435818.pdf,data-set-9-files-12,1,email
EFTA00435819.pdf,data-set-9-files-12,1,email
EFTA00435820.pdf,data-set-9-files-12,1,email
EFTA00435821.pdf,data-set-9-files-12,1,other
EFTA00435822.pdf,data-set-9-files-12,1,other
EFTA00435823.pdf,data-set-9-files-12,1,other
EFTA00435824.pdf,data-set-9-files-12,1,other
EFTA00435825.pdf,data-set-9-files-12,1,other
EFTA00435826.pdf,data-set-9-files-12,1,other
EFTA00435827.pdf,data-set-9-files-12,1,other
EFTA00435828.pdf,data-set-9-files-12,1,email
EFTA00435829.pdf,data-set-9-files-12,1,email
EFTA00435830.pdf,data-set-9-files-12,1,email
EFTA00435831.pdf,data-set-9-files-12,1,email
EFTA00435832.pdf,data-set-9-files-12,1,email
EFTA00435833.pdf,data-set-9-files-12,1,email
EFTA00435834.pdf,data-set-9-files-12,1,email
EFTA00435835.pdf,data-set-9-files-12,2,email
EFTA00435837.pdf,data-set-9-files-12,2,email
EFTA00435839.pdf,data-set-9-files-12,1,email
EFTA00435840.pdf,data-set-9-files-12,1,email
EFTA00435841.pdf,data-set-9-files-12,1,email
EFTA00435842.pdf,data-set-9-files-12,1,email
EFTA00435843.pdf,data-set-9-files-12,1,email
EFTA00435844.pdf,data-set-9-files-12,1,email
EFTA00435845.pdf,data-set-9-files-12,2,email
EFTA00435847.pdf,data-set-9-files-12,3,email
EFTA00435850.pdf,data-set-9-files-12,1,email
EFTA00435851.pdf,data-set-9-files-12,1,email
EFTA00435852.pdf,data-set-9-files-12,2,email
EFTA00435854.pdf,data-set-9-files-12,1,email
EFTA00435855.pdf,data-set-9-files-12,2,email
EFTA00435857.pdf,data-set-9-files-12,1,email
EFTA00435858.pdf,data-set-9-files-12,1,other
EFTA00435859.pdf,data-set-9-files-12,1,other
EFTA00435860.pdf,data-set-9-files-12,1,email
EFTA00435861.pdf,data-set-9-files-12,1,other
EFTA00435862.pdf,data-set-9-files-12,1,other
EFTA00435863.pdf,data-set-9-files-12,1,email
EFTA00435864.pdf,data-set-9-files-12,1,other
EFTA00435865.pdf,data-set-9-files-12,1,other
EFTA00435866.pdf,data-set-9-files-12,1,email
EFTA00435867.pdf,data-set-9-files-12,1,email
EFTA00435868.pdf,data-set-9-files-12,1,email
EFTA00435869.pdf,data-set-9-files-12,1,email
EFTA00435870.pdf,data-set-9-files-12,1,email
EFTA00435871.pdf,data-set-9-files-12,3,email
EFTA00435874.pdf,data-set-9-files-12,1,email
EFTA00435875.pdf,data-set-9-files-12,1,email
EFTA00435876.pdf,data-set-9-files-12,5,email
EFTA00435881.pdf,data-set-9-files-12,1,email
EFTA00435882.pdf,data-set-9-files-12,1,email
EFTA00435883.pdf,data-set-9-files-12,2,email
EFTA00435885.pdf,data-set-9-files-12,1,email
EFTA00435886.pdf,data-set-9-files-12,1,email
EFTA00435887.pdf,data-set-9-files-12,1,email
EFTA00435888.pdf,data-set-9-files-12,2,email
EFTA00435890.pdf,data-set-9-files-12,1,other
EFTA00435891.pdf,data-set-9-files-12,1,email
EFTA00435892.pdf,data-set-9-files-12,1,other
EFTA00435893.pdf,data-set-9-files-12,1,email
EFTA00435894.pdf,data-set-9-files-12,2,email
EFTA00435896.pdf,data-set-9-files-12,2,email
EFTA00435898.pdf,data-set-9-files-12,2,email
EFTA00435900.pdf,data-set-9-files-12,2,email
EFTA00435902.pdf,data-set-9-files-12,2,email
EFTA00435904.pdf,data-set-9-files-12,2,email
EFTA00435906.pdf,data-set-9-files-12,2,email
EFTA00435908.pdf,data-set-9-files-12,4,email
EFTA00435912.pdf,data-set-9-files-12,4,email
EFTA00435916.pdf,data-set-9-files-12,1,email
EFTA00435917.pdf,data-set-9-files-12,2,email
EFTA00435919.pdf,data-set-9-files-12,4,email
EFTA00435923.pdf,data-set-9-files-12,2,email
EFTA00435925.pdf,data-set-9-files-12,4,email
EFTA00435929.pdf,data-set-9-files-12,1,email
EFTA00435930.pdf,data-set-9-files-12,1,email
EFTA00435931.pdf,data-set-9-files-12,1,email
EFTA00435932.pdf,data-set-9-files-12,1,email
EFTA00435933.pdf,data-set-9-files-12,1,email
EFTA00435934.pdf,data-set-9-files-12,1,email
EFTA00435935.pdf,data-set-9-files-12,4,email
EFTA00435939.pdf,data-set-9-files-12,3,email
EFTA00435942.pdf,data-set-9-files-12,1,email
EFTA00435943.pdf,data-set-9-files-12,1,email
EFTA00435944.pdf,data-set-9-files-12,1,email
EFTA00435945.pdf,data-set-9-files-12,1,email
EFTA00435946.pdf,data-set-9-files-12,2,email
EFTA00435948.pdf,data-set-9-files-12,1,email
EFTA00435949.pdf,data-set-9-files-12,1,email
EFTA00435950.pdf,data-set-9-files-12,2,email
EFTA00435952.pdf,data-set-9-files-12,1,email
EFTA00435953.pdf,data-set-9-files-12,2,email
EFTA00435955.pdf,data-set-9-files-12,1,email
EFTA00435956.pdf,data-set-9-files-12,1,email
EFTA00435957.pdf,data-set-9-files-12,1,email
EFTA00435958.pdf,data-set-9-files-12,1,other
EFTA00435959.pdf,data-set-9-files-12,1,email
EFTA00435960.pdf,data-set-9-files-12,1,other
EFTA00435961.pdf,data-set-9-files-12,1,other
EFTA00435962.pdf,data-set-9-files-12,1,other
EFTA00435963.pdf,data-set-9-files-12,1,email
EFTA00435964.pdf,data-set-9-files-12,1,other
EFTA00435965.pdf,data-set-9-files-12,3,email
EFTA00435968.pdf,data-set-9-files-12,1,email
EFTA00435969.pdf,data-set-9-files-12,1,email
EFTA00435970.pdf,data-set-9-files-12,1,other
EFTA00435971.pdf,data-set-9-files-12,1,email
EFTA00435972.pdf,data-set-9-files-12,2,email
EFTA00435974.pdf,data-set-9-files-12,1,email
EFTA00435975.pdf,data-set-9-files-12,2,email
EFTA00435977.pdf,data-set-9-files-12,1,other
EFTA00435978.pdf,data-set-9-files-12,1,email
EFTA00435979.pdf,data-set-9-files-12,1,email
EFTA00435980.pdf,data-set-9-files-12,1,other
EFTA00435981.pdf,data-set-9-files-12,1,email
EFTA00435982.pdf,data-set-9-files-12,2,email
EFTA00435984.pdf,data-set-9-files-12,1,email
EFTA00435985.pdf,data-set-9-files-12,3,email
EFTA00435988.pdf,data-set-9-files-12,1,email
EFTA00435989.pdf,data-set-9-files-12,2,email
EFTA00435991.pdf,data-set-9-files-12,1,email
EFTA00435992.pdf,data-set-9-files-12,1,email
EFTA00435993.pdf,data-set-9-files-12,2,email
EFTA00435995.pdf,data-set-9-files-12,1,email
EFTA00435996.pdf,data-set-9-files-12,1,email
EFTA00435997.pdf,data-set-9-files-12,1,email
EFTA00435998.pdf,data-set-9-files-12,1,email
EFTA00435999.pdf,data-set-9-files-12,1,email
EFTA00436000.pdf,data-set-9-files-12,1,email
EFTA00436001.pdf,data-set-9-files-12,1,email
EFTA00436002.pdf,data-set-9-files-12,1,email
EFTA00436003.pdf,data-set-9-files-12,1,other
EFTA00436004.pdf,data-set-9-files-12,1,email
EFTA00436005.pdf,data-set-9-files-12,1,email
EFTA00436006.pdf,data-set-9-files-12,1,email
EFTA00436007.pdf,data-set-9-files-12,1,email
EFTA00436008.pdf,data-set-9-files-12,1,email
EFTA00436009.pdf,data-set-9-files-12,1,email
EFTA00436010.pdf,data-set-9-files-12,1,email
EFTA00436011.pdf,data-set-9-files-12,1,email
EFTA00436012.pdf,data-set-9-files-12,1,email
EFTA00436013.pdf,data-set-9-files-12,1,email
EFTA00436014.pdf,data-set-9-files-12,1,email
EFTA00436015.pdf,data-set-9-files-12,1,email
EFTA00436016.pdf,data-set-9-files-12,1,email
EFTA00436017.pdf,data-set-9-files-12,1,email
EFTA00436018.pdf,data-set-9-files-12,2,email
EFTA00436020.pdf,data-set-9-files-12,1,email
EFTA00436021.pdf,data-set-9-files-12,1,email
EFTA00436022.pdf,data-set-9-files-12,1,email
EFTA00436023.pdf,data-set-9-files-12,1,email
EFTA00436024.pdf,data-set-9-files-12,1,email
EFTA00436025.pdf,data-set-9-files-12,1,email
EFTA00436026.pdf,data-set-9-files-12,1,email
EFTA00436027.pdf,data-set-9-files-12,1,other
EFTA00436028.pdf,data-set-9-files-12,1,email
EFTA00436029.pdf,data-set-9-files-12,1,email
EFTA00436030.pdf,data-set-9-files-12,1,email
EFTA00436031.pdf,data-set-9-files-12,1,other
EFTA00436032.pdf,data-set-9-files-12,1,email
EFTA00436033.pdf,data-set-9-files-12,1,email
EFTA00436034.pdf,data-set-9-files-12,2,email
EFTA00436036.pdf,data-set-9-files-12,2,email
EFTA00436038.pdf,data-set-9-files-12,3,email
EFTA00436041.pdf,data-set-9-files-12,1,email
EFTA00436042.pdf,data-set-9-files-12,1,email
EFTA00436043.pdf,data-set-9-files-12,1,other
EFTA00436044.pdf,data-set-9-files-12,1,email
EFTA00436045.pdf,data-set-9-files-12,1,email
EFTA00436046.pdf,data-set-9-files-12,1,other
EFTA00436047.pdf,data-set-9-files-12,1,other
EFTA00436048.pdf,data-set-9-files-12,1,other
EFTA00436049.pdf,data-set-9-files-12,1,email
EFTA00436050.pdf,data-set-9-files-12,1,other
EFTA00436051.pdf,data-set-9-files-12,1,email
EFTA00436052.pdf,data-set-9-files-12,1,email
EFTA00436053.pdf,data-set-9-files-12,1,email
EFTA00436054.pdf,data-set-9-files-12,2,email
EFTA00436056.pdf,data-set-9-files-12,1,email
EFTA00436057.pdf,data-set-9-files-12,1,email
EFTA00436058.pdf,data-set-9-files-12,1,email
EFTA00436059.pdf,data-set-9-files-12,1,email
EFTA00436060.pdf,data-set-9-files-12,1,email
EFTA00436061.pdf,data-set-9-files-12,1,other
EFTA00436062.pdf,data-set-9-files-12,1,other
EFTA00436063.pdf,data-set-9-files-12,3,email
EFTA00436066.pdf,data-set-9-files-12,2,email
EFTA00436068.pdf,data-set-9-files-12,2,email
EFTA00436070.pdf,data-set-9-files-12,1,email
EFTA00436071.pdf,data-set-9-files-12,1,email
EFTA00436072.pdf,data-set-9-files-12,1,email
EFTA00436073.pdf,data-set-9-files-12,4,email
EFTA00436077.pdf,data-set-9-files-12,4,email
EFTA00436081.pdf,data-set-9-files-12,1,email
EFTA00436082.pdf,data-set-9-files-12,1,email
EFTA00436083.pdf,data-set-9-files-12,1,email
EFTA00436084.pdf,data-set-9-files-12,1,email
EFTA00436085.pdf,data-set-9-files-12,1,other
EFTA00436086.pdf,data-set-9-files-12,1,email
EFTA00436087.pdf,data-set-9-files-12,3,email
EFTA00436090.pdf,data-set-9-files-12,1,email
EFTA00436091.pdf,data-set-9-files-12,1,email
EFTA00436092.pdf,data-set-9-files-12,1,email
EFTA00436093.pdf,data-set-9-files-12,1,email
EFTA00436094.pdf,data-set-9-files-12,1,email
EFTA00436095.pdf,data-set-9-files-12,1,email
EFTA00436096.pdf,data-set-9-files-12,2,email
EFTA00436098.pdf,data-set-9-files-12,1,email
EFTA00436099.pdf,data-set-9-files-12,4,email
EFTA00436103.pdf,data-set-9-files-12,8,email
EFTA00436111.pdf,data-set-9-files-12,1,email
EFTA00436112.pdf,data-set-9-files-12,2,email
EFTA00436114.pdf,data-set-9-files-12,8,email
EFTA00436122.pdf,data-set-9-files-12,2,email
EFTA00436124.pdf,data-set-9-files-12,3,email
EFTA00436127.pdf,data-set-9-files-12,1,email
EFTA00436128.pdf,data-set-9-files-12,2,email
EFTA00436130.pdf,data-set-9-files-12,1,email
EFTA00436131.pdf,data-set-9-files-12,2,email
EFTA00436133.pdf,data-set-9-files-12,2,email
EFTA00436135.pdf,data-set-9-files-12,1,email
EFTA00436136.pdf,data-set-9-files-12,1,email
EFTA00436137.pdf,data-set-9-files-12,1,email
EFTA00436138.pdf,data-set-9-files-12,1,email
EFTA00436139.pdf,data-set-9-files-12,1,email
EFTA00436140.pdf,data-set-9-files-12,1,email
EFTA00436141.pdf,data-set-9-files-12,1,email
EFTA00436142.pdf,data-set-9-files-12,1,email
EFTA00436143.pdf,data-set-9-files-12,2,email
EFTA00436145.pdf,data-set-9-files-12,2,email
EFTA00436147.pdf,data-set-9-files-12,1,email
EFTA00436148.pdf,data-set-9-files-12,1,email
EFTA00436149.pdf,data-set-9-files-12,1,other
EFTA00436150.pdf,data-set-9-files-12,1,email
EFTA00436151.pdf,data-set-9-files-12,1,email
EFTA00436152.pdf,data-set-9-files-12,1,email
EFTA00436153.pdf,data-set-9-files-12,1,email
EFTA00436154.pdf,data-set-9-files-12,1,email
EFTA00436155.pdf,data-set-9-files-12,1,email
EFTA00436156.pdf,data-set-9-files-12,1,email
EFTA00436157.pdf,data-set-9-files-12,1,email
EFTA00436158.pdf,data-set-9-files-12,1,email
EFTA00436159.pdf,data-set-9-files-12,1,email
EFTA00436160.pdf,data-set-9-files-12,1,other
EFTA00436161.pdf,data-set-9-files-12,1,email
EFTA00436162.pdf,data-set-9-files-12,1,email
EFTA00436163.pdf,data-set-9-files-12,1,email
EFTA00436164.pdf,data-set-9-files-12,1,email
EFTA00436165.pdf,data-set-9-files-12,1,email
EFTA00436166.pdf,data-set-9-files-12,2,email
EFTA00436168.pdf,data-set-9-files-12,2,email
EFTA00436170.pdf,data-set-9-files-12,1,email
EFTA00436171.pdf,data-set-9-files-12,2,email
EFTA00436173.pdf,data-set-9-files-12,1,email
EFTA00436174.pdf,data-set-9-files-12,1,email
EFTA00436175.pdf,data-set-9-files-12,1,email
EFTA00436176.pdf,data-set-9-files-12,1,email
EFTA00436177.pdf,data-set-9-files-12,1,email
EFTA00436178.pdf,data-set-9-files-12,1,email
EFTA00436179.pdf,data-set-9-files-12,1,email
EFTA00436180.pdf,data-set-9-files-12,1,email
EFTA00436181.pdf,data-set-9-files-12,1,email
EFTA00436182.pdf,data-set-9-files-12,1,other
EFTA00436183.pdf,data-set-9-files-12,1,other
EFTA00436184.pdf,data-set-9-files-12,1,other
EFTA00436185.pdf,data-set-9-files-12,1,other
EFTA00436186.pdf,data-set-9-files-12,1,other
EFTA00436187.pdf,data-set-9-files-12,2,email
EFTA00436189.pdf,data-set-9-files-12,1,email
EFTA00436190.pdf,data-set-9-files-12,1,email
EFTA00436191.pdf,data-set-9-files-12,1,email
EFTA00436192.pdf,data-set-9-files-12,1,email
EFTA00436193.pdf,data-set-9-files-12,1,email
EFTA00436194.pdf,data-set-9-files-12,1,other
EFTA00436195.pdf,data-set-9-files-12,1,other
EFTA00436196.pdf,data-set-9-files-12,1,email
EFTA00436197.pdf,data-set-9-files-12,1,email
EFTA00436198.pdf,data-set-9-files-12,1,other
EFTA00436199.pdf,data-set-9-files-12,2,email
EFTA00436201.pdf,data-set-9-files-12,1,email
EFTA00436202.pdf,data-set-9-files-12,1,email
EFTA00436203.pdf,data-set-9-files-12,1,email
EFTA00436204.pdf,data-set-9-files-12,1,email
EFTA00436205.pdf,data-set-9-files-12,1,email
EFTA00436206.pdf,data-set-9-files-12,1,email
EFTA00436207.pdf,data-set-9-files-12,1,email
EFTA00436208.pdf,data-set-9-files-12,1,email
EFTA00436209.pdf,data-set-9-files-12,1,other
EFTA00436210.pdf,data-set-9-files-12,1,email
EFTA00436211.pdf,data-set-9-files-12,1,email
EFTA00436212.pdf,data-set-9-files-12,1,email
EFTA00436213.pdf,data-set-9-files-12,1,other
EFTA00436214.pdf,data-set-9-files-12,1,other
EFTA00436215.pdf,data-set-9-files-12,1,email
EFTA00436216.pdf,data-set-9-files-12,1,email
EFTA00436217.pdf,data-set-9-files-12,1,email
EFTA00436218.pdf,data-set-9-files-12,1,email
EFTA00436219.pdf,data-set-9-files-12,1,email
EFTA00436220.pdf,data-set-9-files-12,1,email
EFTA00436221.pdf,data-set-9-files-12,1,email
EFTA00436222.pdf,data-set-9-files-12,1,email
EFTA00436223.pdf,data-set-9-files-12,1,email
EFTA00436224.pdf,data-set-9-files-12,1,email
EFTA00436225.pdf,data-set-9-files-12,1,other
EFTA00436226.pdf,data-set-9-files-12,1,other
EFTA00436227.pdf,data-set-9-files-12,1,other
EFTA00436228.pdf,data-set-9-files-12,1,other
EFTA00436229.pdf,data-set-9-files-12,1,other
EFTA00436230.pdf,data-set-9-files-12,1,email
EFTA00436231.pdf,data-set-9-files-12,1,email
EFTA00436232.pdf,data-set-9-files-12,1,email
EFTA00436233.pdf,data-set-9-files-12,1,other
EFTA00436234.pdf,data-set-9-files-12,1,email
EFTA00436235.pdf,data-set-9-files-12,1,email
EFTA00436236.pdf,data-set-9-files-12,1,email
EFTA00436237.pdf,data-set-9-files-12,1,email
EFTA00436238.pdf,data-set-9-files-12,1,email
EFTA00436239.pdf,data-set-9-files-12,1,email
EFTA00436240.pdf,data-set-9-files-12,1,email
EFTA00436241.pdf,data-set-9-files-12,1,email
EFTA00436242.pdf,data-set-9-files-12,1,email
EFTA00436243.pdf,data-set-9-files-12,1,email
EFTA00436244.pdf,data-set-9-files-12,1,email
EFTA00436245.pdf,data-set-9-files-12,1,email
EFTA00436246.pdf,data-set-9-files-12,1,email
EFTA00436247.pdf,data-set-9-files-12,1,email
EFTA00436248.pdf,data-set-9-files-12,1,email
EFTA00436249.pdf,data-set-9-files-12,2,email
EFTA00436251.pdf,data-set-9-files-12,1,email
EFTA00436252.pdf,data-set-9-files-12,1,email
EFTA00436253.pdf,data-set-9-files-12,1,email
EFTA00436254.pdf,data-set-9-files-12,2,email
EFTA00436256.pdf,data-set-9-files-12,1,email
EFTA00436257.pdf,data-set-9-files-12,2,email
EFTA00436259.pdf,data-set-9-files-12,2,email
EFTA00436261.pdf,data-set-9-files-12,1,email
EFTA00436262.pdf,data-set-9-files-12,1,email
EFTA00436263.pdf,data-set-9-files-12,2,email
EFTA00436265.pdf,data-set-9-files-12,1,email
EFTA00436266.pdf,data-set-9-files-12,1,email
EFTA00436267.pdf,data-set-9-files-12,2,email
EFTA00436269.pdf,data-set-9-files-12,1,email
EFTA00436270.pdf,data-set-9-files-12,2,email
EFTA00436272.pdf,data-set-9-files-12,2,email
EFTA00436274.pdf,data-set-9-files-12,2,email
EFTA00436276.pdf,data-set-9-files-12,1,email
EFTA00436277.pdf,data-set-9-files-12,1,email
EFTA00436278.pdf,data-set-9-files-12,1,other
EFTA00436279.pdf,data-set-9-files-12,1,email
EFTA00436280.pdf,data-set-9-files-12,1,email
EFTA00436281.pdf,data-set-9-files-12,1,email
EFTA00436282.pdf,data-set-9-files-12,1,other
EFTA00436283.pdf,data-set-9-files-12,1,other
EFTA00436284.pdf,data-set-9-files-12,1,email
EFTA00436285.pdf,data-set-9-files-12,1,other
EFTA00436286.pdf,data-set-9-files-12,1,email
EFTA00436287.pdf,data-set-9-files-12,1,email
EFTA00436288.pdf,data-set-9-files-12,1,email
EFTA00436289.pdf,data-set-9-files-12,1,other
EFTA00436290.pdf,data-set-9-files-12,1,email
EFTA00436291.pdf,data-set-9-files-12,1,email
EFTA00436292.pdf,data-set-9-files-12,2,email
EFTA00436294.pdf,data-set-9-files-12,4,email
EFTA00436298.pdf,data-set-9-files-12,1,email
EFTA00436299.pdf,data-set-9-files-12,5,email
EFTA00436304.pdf,data-set-9-files-12,2,email
EFTA00436306.pdf,data-set-9-files-12,1,email
EFTA00436307.pdf,data-set-9-files-12,5,email
EFTA00436312.pdf,data-set-9-files-12,5,email
EFTA00436317.pdf,data-set-9-files-12,1,other
EFTA00436318.pdf,data-set-9-files-12,1,email
EFTA00436319.pdf,data-set-9-files-12,1,other
EFTA00436320.pdf,data-set-9-files-12,1,email
EFTA00436321.pdf,data-set-9-files-12,1,email
EFTA00436322.pdf,data-set-9-files-12,5,email
EFTA00436327.pdf,data-set-9-files-12,1,email
EFTA00436328.pdf,data-set-9-files-12,1,email
EFTA00436329.pdf,data-set-9-files-12,1,email
EFTA00436330.pdf,data-set-9-files-12,1,email
EFTA00436331.pdf,data-set-9-files-12,2,email
EFTA00436333.pdf,data-set-9-files-12,3,email
EFTA00436336.pdf,data-set-9-files-12,2,email
EFTA00436338.pdf,data-set-9-files-12,1,email
EFTA00436339.pdf,data-set-9-files-12,2,email
EFTA00436341.pdf,data-set-9-files-12,1,email
EFTA00436342.pdf,data-set-9-files-12,1,email
EFTA00436343.pdf,data-set-9-files-12,1,email
EFTA00436344.pdf,data-set-9-files-12,2,email
EFTA00436346.pdf,data-set-9-files-12,1,email
EFTA00436347.pdf,data-set-9-files-12,1,email
EFTA00436348.pdf,data-set-9-files-12,1,email
EFTA00436349.pdf,data-set-9-files-12,1,email
EFTA00436350.pdf,data-set-9-files-12,2,email
EFTA00436352.pdf,data-set-9-files-12,1,email
EFTA00436353.pdf,data-set-9-files-12,1,email
EFTA00436354.pdf,data-set-9-files-12,1,email
EFTA00436355.pdf,data-set-9-files-12,1,email
EFTA00436356.pdf,data-set-9-files-12,2,email
EFTA00436358.pdf,data-set-9-files-12,1,email
EFTA00436359.pdf,data-set-9-files-12,1,email
EFTA00436360.pdf,data-set-9-files-12,1,email
EFTA00436361.pdf,data-set-9-files-12,1,email
EFTA00436362.pdf,data-set-9-files-12,1,email
EFTA00436363.pdf,data-set-9-files-12,1,email
EFTA00436364.pdf,data-set-9-files-12,2,email
EFTA00436366.pdf,data-set-9-files-12,1,email
EFTA00436367.pdf,data-set-9-files-12,1,email
EFTA00436368.pdf,data-set-9-files-12,1,email
EFTA00436369.pdf,data-set-9-files-12,1,email
EFTA00436370.pdf,data-set-9-files-12,1,email
EFTA00436371.pdf,data-set-9-files-12,1,email
EFTA00436372.pdf,data-set-9-files-12,2,email
EFTA00436374.pdf,data-set-9-files-12,1,email
EFTA00436375.pdf,data-set-9-files-12,1,email
EFTA00436376.pdf,data-set-9-files-12,1,email
EFTA00436377.pdf,data-set-9-files-12,1,email
EFTA00436378.pdf,data-set-9-files-12,1,email
EFTA00436379.pdf,data-set-9-files-12,2,email
EFTA00436381.pdf,data-set-9-files-12,1,email
EFTA00436382.pdf,data-set-9-files-12,1,email
EFTA00436383.pdf,data-set-9-files-12,2,email
EFTA00436385.pdf,data-set-9-files-12,2,email
EFTA00436387.pdf,data-set-9-files-12,2,email
EFTA00436389.pdf,data-set-9-files-12,1,email
EFTA00436390.pdf,data-set-9-files-12,1,email
EFTA00436391.pdf,data-set-9-files-12,1,email
EFTA00436392.pdf,data-set-9-files-12,1,email
EFTA00436393.pdf,data-set-9-files-12,1,email
EFTA00436394.pdf,data-set-9-files-12,1,email
EFTA00436395.pdf,data-set-9-files-12,1,email
EFTA00436396.pdf,data-set-9-files-12,1,email
EFTA00436397.pdf,data-set-9-files-12,1,email
EFTA00436398.pdf,data-set-9-files-12,1,other
EFTA00436399.pdf,data-set-9-files-12,1,other
EFTA00436400.pdf,data-set-9-files-12,1,other
EFTA00436401.pdf,data-set-9-files-12,1,email
EFTA00436402.pdf,data-set-9-files-12,1,email
EFTA00436403.pdf,data-set-9-files-12,1,email
EFTA00436404.pdf,data-set-9-files-12,1,email
EFTA00436405.pdf,data-set-9-files-12,1,email
EFTA00436406.pdf,data-set-9-files-12,1,email
EFTA00436407.pdf,data-set-9-files-12,1,email
EFTA00436408.pdf,data-set-9-files-12,1,email
EFTA00436409.pdf,data-set-9-files-12,1,email
EFTA00436410.pdf,data-set-9-files-12,2,email
EFTA00436412.pdf,data-set-9-files-12,2,email
EFTA00436414.pdf,data-set-9-files-12,1,email
EFTA00436415.pdf,data-set-9-files-12,2,email
EFTA00436417.pdf,data-set-9-files-12,1,email
EFTA00436418.pdf,data-set-9-files-12,1,email
EFTA00436419.pdf,data-set-9-files-12,2,email
EFTA00436421.pdf,data-set-9-files-12,1,email
EFTA00436422.pdf,data-set-9-files-12,1,email
EFTA00436423.pdf,data-set-9-files-12,1,email
EFTA00436424.pdf,data-set-9-files-12,1,email
EFTA00436425.pdf,data-set-9-files-12,1,email
EFTA00436426.pdf,data-set-9-files-12,1,email
EFTA00436427.pdf,data-set-9-files-12,4,email
EFTA00436431.pdf,data-set-9-files-12,1,email
EFTA00436432.pdf,data-set-9-files-12,1,email
EFTA00436433.pdf,data-set-9-files-12,1,email
EFTA00436434.pdf,data-set-9-files-12,1,email
EFTA00436435.pdf,data-set-9-files-12,1,email
EFTA00436436.pdf,data-set-9-files-12,1,email
EFTA00436437.pdf,data-set-9-files-12,1,email
EFTA00436438.pdf,data-set-9-files-12,1,email
EFTA00436439.pdf,data-set-9-files-12,1,other
EFTA00436440.pdf,data-set-9-files-12,2,email
EFTA00436442.pdf,data-set-9-files-12,1,email
EFTA00436443.pdf,data-set-9-files-12,1,email
EFTA00436444.pdf,data-set-9-files-12,1,email
EFTA00436445.pdf,data-set-9-files-12,1,email
EFTA00436446.pdf,data-set-9-files-12,1,email
EFTA00436447.pdf,data-set-9-files-12,1,email
EFTA00436448.pdf,data-set-9-files-12,3,email
EFTA00436451.pdf,data-set-9-files-12,1,email
EFTA00436452.pdf,data-set-9-files-12,1,other
EFTA00436453.pdf,data-set-9-files-12,1,other
EFTA00436454.pdf,data-set-9-files-12,1,email
EFTA00436455.pdf,data-set-9-files-12,1,email
EFTA00436456.pdf,data-set-9-files-12,1,email
EFTA00436457.pdf,data-set-9-files-12,1,email
EFTA00436458.pdf,data-set-9-files-12,1,email
EFTA00436459.pdf,data-set-9-files-12,1,email
EFTA00436460.pdf,data-set-9-files-12,1,email
EFTA00436461.pdf,data-set-9-files-12,1,email
EFTA00436462.pdf,data-set-9-files-12,1,email
EFTA00436463.pdf,data-set-9-files-12,1,email
EFTA00436464.pdf,data-set-9-files-12,1,email
EFTA00436465.pdf,data-set-9-files-12,1,email
EFTA00436466.pdf,data-set-9-files-12,1,other
EFTA00436467.pdf,data-set-9-files-12,1,other
EFTA00436468.pdf,data-set-9-files-12,1,email
EFTA00436469.pdf,data-set-9-files-12,1,email
EFTA00436470.pdf,data-set-9-files-12,1,email
EFTA00436471.pdf,data-set-9-files-12,1,email
EFTA00436472.pdf,data-set-9-files-12,1,other
EFTA00436473.pdf,data-set-9-files-12,1,other
EFTA00436474.pdf,data-set-9-files-12,1,email
EFTA00436475.pdf,data-set-9-files-12,1,email
EFTA00436476.pdf,data-set-9-files-12,1,email
EFTA00436477.pdf,data-set-9-files-12,1,email
EFTA00436478.pdf,data-set-9-files-12,1,other
EFTA00436479.pdf,data-set-9-files-12,1,email
EFTA00436480.pdf,data-set-9-files-12,1,other
EFTA00436481.pdf,data-set-9-files-12,1,email
EFTA00436482.pdf,data-set-9-files-12,4,email
EFTA00436486.pdf,data-set-9-files-12,1,email
EFTA00436487.pdf,data-set-9-files-12,1,email
EFTA00436488.pdf,data-set-9-files-12,1,email
EFTA00436489.pdf,data-set-9-files-12,1,email
EFTA00436490.pdf,data-set-9-files-12,3,email
EFTA00436493.pdf,data-set-9-files-12,1,email
EFTA00436494.pdf,data-set-9-files-12,1,email
EFTA00436495.pdf,data-set-9-files-12,1,email
EFTA00436496.pdf,data-set-9-files-12,1,email
EFTA00436497.pdf,data-set-9-files-12,1,email
EFTA00436498.pdf,data-set-9-files-12,1,email
EFTA00436499.pdf,data-set-9-files-12,1,email
EFTA00436500.pdf,data-set-9-files-12,1,email
EFTA00436501.pdf,data-set-9-files-12,1,email
EFTA00436502.pdf,data-set-9-files-12,1,email
EFTA00436503.pdf,data-set-9-files-12,1,email
EFTA00436504.pdf,data-set-9-files-12,1,email
EFTA00436505.pdf,data-set-9-files-12,4,email
EFTA00436509.pdf,data-set-9-files-12,1,email
EFTA00436510.pdf,data-set-9-files-12,1,email
EFTA00436511.pdf,data-set-9-files-12,2,email
EFTA00436513.pdf,data-set-9-files-12,1,email
EFTA00436514.pdf,data-set-9-files-12,2,email
EFTA00436516.pdf,data-set-9-files-12,1,email
EFTA00436517.pdf,data-set-9-files-12,4,email
EFTA00436521.pdf,data-set-9-files-12,4,email
EFTA00436525.pdf,data-set-9-files-12,1,email
EFTA00436526.pdf,data-set-9-files-12,1,email
EFTA00436527.pdf,data-set-9-files-12,1,email
EFTA00436528.pdf,data-set-9-files-12,1,email
EFTA00436529.pdf,data-set-9-files-12,1,email
EFTA00436530.pdf,data-set-9-files-12,1,email
EFTA00436531.pdf,data-set-9-files-12,2,email
EFTA00436533.pdf,data-set-9-files-12,1,email
EFTA00436534.pdf,data-set-9-files-12,1,email
EFTA00436535.pdf,data-set-9-files-12,1,email
EFTA00436536.pdf,data-set-9-files-12,1,email
EFTA00436537.pdf,data-set-9-files-12,1,other
EFTA00436538.pdf,data-set-9-files-12,3,email
EFTA00436541.pdf,data-set-9-files-12,1,email
EFTA00436542.pdf,data-set-9-files-12,1,email
EFTA00436543.pdf,data-set-9-files-12,1,email
EFTA00436544.pdf,data-set-9-files-12,1,email
EFTA00436545.pdf,data-set-9-files-12,1,email
EFTA00436546.pdf,data-set-9-files-12,1,email
EFTA00436547.pdf,data-set-9-files-12,1,email
EFTA00436548.pdf,data-set-9-files-12,1,email
EFTA00436549.pdf,data-set-9-files-12,1,email
EFTA00436550.pdf,data-set-9-files-12,1,email
EFTA00436551.pdf,data-set-9-files-12,1,email
EFTA00436552.pdf,data-set-9-files-12,1,email
EFTA00436553.pdf,data-set-9-files-12,1,email
EFTA00436554.pdf,data-set-9-files-12,2,email
EFTA00436556.pdf,data-set-9-files-12,1,email
EFTA00436557.pdf,data-set-9-files-12,1,email
EFTA00436558.pdf,data-set-9-files-12,2,email
EFTA00436560.pdf,data-set-9-files-12,1,email
EFTA00436561.pdf,data-set-9-files-12,1,email
EFTA00436562.pdf,data-set-9-files-12,2,email
EFTA00436564.pdf,data-set-9-files-12,1,email
EFTA00436565.pdf,data-set-9-files-12,1,email
EFTA00436566.pdf,data-set-9-files-12,1,email
EFTA00436567.pdf,data-set-9-files-12,2,email
EFTA00436569.pdf,data-set-9-files-12,1,email
EFTA00436570.pdf,data-set-9-files-12,1,email
EFTA00436571.pdf,data-set-9-files-12,1,email
EFTA00436572.pdf,data-set-9-files-12,1,email
EFTA00436573.pdf,data-set-9-files-12,1,email
EFTA00436574.pdf,data-set-9-files-12,1,email
EFTA00436575.pdf,data-set-9-files-12,3,email
EFTA00436578.pdf,data-set-9-files-12,1,email
EFTA00436579.pdf,data-set-9-files-12,1,email
EFTA00436580.pdf,data-set-9-files-12,1,email
EFTA00436581.pdf,data-set-9-files-12,1,email
EFTA00436582.pdf,data-set-9-files-12,1,email
EFTA00436583.pdf,data-set-9-files-12,1,email
EFTA00436584.pdf,data-set-9-files-12,1,email
EFTA00436585.pdf,data-set-9-files-12,1,email
EFTA00436586.pdf,data-set-9-files-12,1,email
EFTA00436587.pdf,data-set-9-files-12,1,email
EFTA00436588.pdf,data-set-9-files-12,1,email
EFTA00436589.pdf,data-set-9-files-12,1,email
EFTA00436590.pdf,data-set-9-files-12,1,email
EFTA00436591.pdf,data-set-9-files-12,2,email
EFTA00436593.pdf,data-set-9-files-12,1,email
EFTA00436594.pdf,data-set-9-files-12,1,email
EFTA00436595.pdf,data-set-9-files-12,1,email
EFTA00436596.pdf,data-set-9-files-12,1,email
EFTA00436597.pdf,data-set-9-files-12,1,email
EFTA00436598.pdf,data-set-9-files-12,3,email
EFTA00436601.pdf,data-set-9-files-12,2,email
EFTA00436603.pdf,data-set-9-files-12,2,email
EFTA00436605.pdf,data-set-9-files-12,1,email
EFTA00436606.pdf,data-set-9-files-12,1,email
EFTA00436607.pdf,data-set-9-files-12,1,email
EFTA00436608.pdf,data-set-9-files-12,1,email
EFTA00436609.pdf,data-set-9-files-12,1,email
EFTA00436610.pdf,data-set-9-files-12,2,email
EFTA00436612.pdf,data-set-9-files-12,1,email
EFTA00436613.pdf,data-set-9-files-12,2,email
EFTA00436615.pdf,data-set-9-files-12,1,email
EFTA00436616.pdf,data-set-9-files-12,1,email
EFTA00436617.pdf,data-set-9-files-12,2,email
EFTA00436619.pdf,data-set-9-files-12,3,email
EFTA00436622.pdf,data-set-9-files-12,1,email
EFTA00436623.pdf,data-set-9-files-12,1,email
EFTA00436624.pdf,data-set-9-files-12,2,email
EFTA00436626.pdf,data-set-9-files-12,1,email
EFTA00436627.pdf,data-set-9-files-12,1,email
EFTA00436628.pdf,data-set-9-files-12,1,email
EFTA00436629.pdf,data-set-9-files-12,1,email
EFTA00436630.pdf,data-set-9-files-12,2,email
EFTA00436632.pdf,data-set-9-files-12,1,email
EFTA00436633.pdf,data-set-9-files-12,2,email
EFTA00436635.pdf,data-set-9-files-12,2,email
EFTA00436637.pdf,data-set-9-files-12,1,email
EFTA00436638.pdf,data-set-9-files-12,1,email
EFTA00436639.pdf,data-set-9-files-12,1,email
EFTA00436640.pdf,data-set-9-files-12,1,email
EFTA00436641.pdf,data-set-9-files-12,1,email
EFTA00436642.pdf,data-set-9-files-12,1,email
EFTA00436643.pdf,data-set-9-files-12,1,other
EFTA00436644.pdf,data-set-9-files-12,1,other
EFTA00436645.pdf,data-set-9-files-12,1,other
EFTA00436646.pdf,data-set-9-files-12,1,other
EFTA00436647.pdf,data-set-9-files-12,1,other
EFTA00436648.pdf,data-set-9-files-12,1,other
EFTA00436649.pdf,data-set-9-files-12,1,other
EFTA00436650.pdf,data-set-9-files-12,1,other
EFTA00436651.pdf,data-set-9-files-12,1,other
EFTA00436652.pdf,data-set-9-files-12,1,other
EFTA00436653.pdf,data-set-9-files-12,1,other
EFTA00436654.pdf,data-set-9-files-12,1,other
EFTA00436655.pdf,data-set-9-files-12,1,email
EFTA00436656.pdf,data-set-9-files-12,1,email
EFTA00436657.pdf,data-set-9-files-12,1,email
EFTA00436658.pdf,data-set-9-files-12,1,email
EFTA00436659.pdf,data-set-9-files-12,1,email
EFTA00436660.pdf,data-set-9-files-12,1,email
EFTA00436661.pdf,data-set-9-files-12,1,email
EFTA00436662.pdf,data-set-9-files-12,2,email
EFTA00436664.pdf,data-set-9-files-12,2,email
EFTA00436666.pdf,data-set-9-files-12,1,email
EFTA00436667.pdf,data-set-9-files-12,1,email
EFTA00436668.pdf,data-set-9-files-12,2,email
EFTA00436670.pdf,data-set-9-files-12,2,email
EFTA00436672.pdf,data-set-9-files-12,1,email
EFTA00436673.pdf,data-set-9-files-12,2,email
EFTA00436675.pdf,data-set-9-files-12,1,email
EFTA00436676.pdf,data-set-9-files-12,1,email
EFTA00436677.pdf,data-set-9-files-12,1,email
EFTA00436678.pdf,data-set-9-files-12,1,email
EFTA00436679.pdf,data-set-9-files-12,1,email
EFTA00436680.pdf,data-set-9-files-12,5,email
EFTA00436685.pdf,data-set-9-files-12,2,email
EFTA00436687.pdf,data-set-9-files-12,2,email
EFTA00436689.pdf,data-set-9-files-12,2,email
EFTA00436691.pdf,data-set-9-files-12,3,email
EFTA00436694.pdf,data-set-9-files-12,1,email
EFTA00436695.pdf,data-set-9-files-12,2,email
EFTA00436697.pdf,data-set-9-files-12,5,email
EFTA00436702.pdf,data-set-9-files-12,5,email
EFTA00436707.pdf,data-set-9-files-12,2,email
EFTA00436709.pdf,data-set-9-files-12,1,email
EFTA00436710.pdf,data-set-9-files-12,3,email
EFTA00436713.pdf,data-set-9-files-12,2,email
EFTA00436715.pdf,data-set-9-files-12,4,email
EFTA00436719.pdf,data-set-9-files-12,1,email
EFTA00436720.pdf,data-set-9-files-12,3,email
EFTA00436723.pdf,data-set-9-files-12,3,email
EFTA00436726.pdf,data-set-9-files-12,3,email
EFTA00436729.pdf,data-set-9-files-12,3,email
EFTA00436732.pdf,data-set-9-files-12,1,email
EFTA00436733.pdf,data-set-9-files-12,2,email
EFTA00436735.pdf,data-set-9-files-12,1,email
EFTA00436736.pdf,data-set-9-files-12,1,email
EFTA00436737.pdf,data-set-9-files-12,1,email
EFTA00436738.pdf,data-set-9-files-12,1,other
EFTA00436739.pdf,data-set-9-files-12,1,email
EFTA00436740.pdf,data-set-9-files-12,1,email
EFTA00436741.pdf,data-set-9-files-12,1,email
EFTA00436742.pdf,data-set-9-files-12,2,email
EFTA00436744.pdf,data-set-9-files-12,1,email
EFTA00436745.pdf,data-set-9-files-12,3,email
EFTA00436748.pdf,data-set-9-files-12,1,email
EFTA00436749.pdf,data-set-9-files-12,2,email
EFTA00436751.pdf,data-set-9-files-12,2,email
EFTA00436753.pdf,data-set-9-files-12,1,email
EFTA00436754.pdf,data-set-9-files-12,2,email
EFTA00436756.pdf,data-set-9-files-12,1,email
EFTA00436757.pdf,data-set-9-files-12,1,other
EFTA00436758.pdf,data-set-9-files-12,4,email
EFTA00436762.pdf,data-set-9-files-12,2,email
EFTA00436764.pdf,data-set-9-files-12,2,email
EFTA00436766.pdf,data-set-9-files-12,1,email
EFTA00436767.pdf,data-set-9-files-12,1,email
EFTA00436768.pdf,data-set-9-files-12,1,email
EFTA00436769.pdf,data-set-9-files-12,1,email
EFTA00436770.pdf,data-set-9-files-12,1,email
EFTA00436771.pdf,data-set-9-files-12,1,email
EFTA00436772.pdf,data-set-9-files-12,2,email
EFTA00436774.pdf,data-set-9-files-12,2,email
EFTA00436776.pdf,data-set-9-files-12,2,email
EFTA00436778.pdf,data-set-9-files-12,1,email
EFTA00436779.pdf,data-set-9-files-12,3,email
EFTA00436782.pdf,data-set-9-files-12,3,email
EFTA00436785.pdf,data-set-9-files-12,1,email
EFTA00436786.pdf,data-set-9-files-12,2,email
EFTA00436788.pdf,data-set-9-files-12,1,email
EFTA00436789.pdf,data-set-9-files-12,1,email
EFTA00436790.pdf,data-set-9-files-12,1,email
EFTA00436791.pdf,data-set-9-files-12,1,email
EFTA00436792.pdf,data-set-9-files-12,1,email
EFTA00436793.pdf,data-set-9-files-12,1,email
EFTA00436794.pdf,data-set-9-files-12,1,email
EFTA00436795.pdf,data-set-9-files-12,1,email
EFTA00436796.pdf,data-set-9-files-12,1,email
EFTA00436797.pdf,data-set-9-files-12,1,email
EFTA00436798.pdf,data-set-9-files-12,2,email
EFTA00436800.pdf,data-set-9-files-12,1,email
EFTA00436801.pdf,data-set-9-files-12,1,email
EFTA00436802.pdf,data-set-9-files-12,1,email
EFTA00436803.pdf,data-set-9-files-12,1,email
EFTA00436804.pdf,data-set-9-files-12,5,email
EFTA00436809.pdf,data-set-9-files-12,6,email
EFTA00436815.pdf,data-set-9-files-12,1,email
EFTA00436816.pdf,data-set-9-files-12,1,email
EFTA00436817.pdf,data-set-9-files-12,1,email
EFTA00436818.pdf,data-set-9-files-12,1,email
EFTA00436819.pdf,data-set-9-files-12,1,email
EFTA00436820.pdf,data-set-9-files-12,3,email
EFTA00436823.pdf,data-set-9-files-12,1,email
EFTA00436824.pdf,data-set-9-files-12,2,email
EFTA00436826.pdf,data-set-9-files-12,2,email
EFTA00436828.pdf,data-set-9-files-12,1,email
EFTA00436829.pdf,data-set-9-files-12,2,email
EFTA00436831.pdf,data-set-9-files-12,5,email
EFTA00436836.pdf,data-set-9-files-12,2,email
EFTA00436838.pdf,data-set-9-files-12,3,email
EFTA00436841.pdf,data-set-9-files-12,1,email
EFTA00436842.pdf,data-set-9-files-12,2,email
EFTA00436844.pdf,data-set-9-files-12,2,email
EFTA00436846.pdf,data-set-9-files-12,2,email
EFTA00436848.pdf,data-set-9-files-12,2,email
EFTA00436850.pdf,data-set-9-files-12,2,email
EFTA00436852.pdf,data-set-9-files-12,1,email
EFTA00436853.pdf,data-set-9-files-12,2,email
EFTA00436855.pdf,data-set-9-files-12,5,email
EFTA00436860.pdf,data-set-9-files-12,6,email
EFTA00436866.pdf,data-set-9-files-12,2,email
EFTA00436868.pdf,data-set-9-files-12,2,email
EFTA00436870.pdf,data-set-9-files-12,2,email
EFTA00436872.pdf,data-set-9-files-12,2,email
EFTA00436874.pdf,data-set-9-files-12,1,email
EFTA00436875.pdf,data-set-9-files-12,1,email
EFTA00436876.pdf,data-set-9-files-12,1,email
EFTA00436877.pdf,data-set-9-files-12,1,email
EFTA00436878.pdf,data-set-9-files-12,1,email
EFTA00436879.pdf,data-set-9-files-12,1,email
EFTA00436880.pdf,data-set-9-files-12,1,email
EFTA00436881.pdf,data-set-9-files-12,1,email
EFTA00436882.pdf,data-set-9-files-12,1,email
EFTA00436883.pdf,data-set-9-files-12,2,email
EFTA00436885.pdf,data-set-9-files-12,1,email
EFTA00436886.pdf,data-set-9-files-12,1,email
EFTA00436887.pdf,data-set-9-files-12,1,email
EFTA00436888.pdf,data-set-9-files-12,2,email
EFTA00436890.pdf,data-set-9-files-12,1,email
EFTA00436891.pdf,data-set-9-files-12,1,email
EFTA00436892.pdf,data-set-9-files-12,2,email
EFTA00436894.pdf,data-set-9-files-12,1,email
EFTA00436895.pdf,data-set-9-files-12,1,email
EFTA00436896.pdf,data-set-9-files-12,2,email
EFTA00436898.pdf,data-set-9-files-12,2,email
EFTA00436900.pdf,data-set-9-files-12,2,email
EFTA00436902.pdf,data-set-9-files-12,2,email
EFTA00436904.pdf,data-set-9-files-12,1,email
EFTA00436905.pdf,data-set-9-files-12,3,email
EFTA00436908.pdf,data-set-9-files-12,2,email
EFTA00436910.pdf,data-set-9-files-12,2,email
EFTA00436912.pdf,data-set-9-files-12,2,email
EFTA00436914.pdf,data-set-9-files-12,2,email
EFTA00436916.pdf,data-set-9-files-12,2,email
EFTA00436918.pdf,data-set-9-files-12,2,email
EFTA00436920.pdf,data-set-9-files-12,2,email
EFTA00436922.pdf,data-set-9-files-12,1,email
EFTA00436923.pdf,data-set-9-files-12,1,email
EFTA00436924.pdf,data-set-9-files-12,1,email
EFTA00436925.pdf,data-set-9-files-12,1,email
EFTA00436926.pdf,data-set-9-files-12,1,email
EFTA00436927.pdf,data-set-9-files-12,1,email
EFTA00436928.pdf,data-set-9-files-12,2,email
EFTA00436930.pdf,data-set-9-files-12,3,email
EFTA00436933.pdf,data-set-9-files-12,1,email
EFTA00436934.pdf,data-set-9-files-12,1,email
EFTA00436935.pdf,data-set-9-files-12,2,email
EFTA00436937.pdf,data-set-9-files-12,1,email
EFTA00436938.pdf,data-set-9-files-12,1,email
EFTA00436939.pdf,data-set-9-files-12,1,email
EFTA00436940.pdf,data-set-9-files-12,1,email
EFTA00436941.pdf,data-set-9-files-12,1,email
EFTA00436942.pdf,data-set-9-files-12,1,email
EFTA00436943.pdf,data-set-9-files-12,1,email
EFTA00436944.pdf,data-set-9-files-12,1,email
EFTA00436945.pdf,data-set-9-files-12,1,email
EFTA00436946.pdf,data-set-9-files-12,1,email
EFTA00436947.pdf,data-set-9-files-12,1,email
EFTA00436948.pdf,data-set-9-files-12,1,email
EFTA00436949.pdf,data-set-9-files-12,1,email
EFTA00436950.pdf,data-set-9-files-12,1,email
EFTA00436951.pdf,data-set-9-files-12,2,email
EFTA00436953.pdf,data-set-9-files-12,1,email
EFTA00436954.pdf,data-set-9-files-12,1,email
EFTA00436955.pdf,data-set-9-files-12,1,email
EFTA00436956.pdf,data-set-9-files-12,2,email
EFTA00436958.pdf,data-set-9-files-12,2,email
EFTA00436960.pdf,data-set-9-files-12,2,email
EFTA00436962.pdf,data-set-9-files-12,1,email
EFTA00436963.pdf,data-set-9-files-12,2,email
EFTA00436965.pdf,data-set-9-files-12,1,email
EFTA00436966.pdf,data-set-9-files-12,1,email
EFTA00436967.pdf,data-set-9-files-12,1,email
EFTA00436968.pdf,data-set-9-files-12,1,email
EFTA00436969.pdf,data-set-9-files-12,1,email
EFTA00436970.pdf,data-set-9-files-12,1,email
EFTA00436971.pdf,data-set-9-files-12,1,email
EFTA00436972.pdf,data-set-9-files-12,1,email
EFTA00436973.pdf,data-set-9-files-12,2,email
EFTA00436975.pdf,data-set-9-files-12,2,email
EFTA00436977.pdf,data-set-9-files-12,3,email
EFTA00436980.pdf,data-set-9-files-12,1,email
EFTA00436981.pdf,data-set-9-files-12,3,email
EFTA00436984.pdf,data-set-9-files-12,2,email
EFTA00436986.pdf,data-set-9-files-12,2,email
EFTA00436988.pdf,data-set-9-files-12,2,email
EFTA00436990.pdf,data-set-9-files-12,1,email
EFTA00436991.pdf,data-set-9-files-12,1,email
EFTA00436992.pdf,data-set-9-files-12,2,email
EFTA00436994.pdf,data-set-9-files-12,2,email
EFTA00436996.pdf,data-set-9-files-12,3,email
EFTA00436999.pdf,data-set-9-files-12,1,email
EFTA00437000.pdf,data-set-9-files-12,1,email
EFTA00437001.pdf,data-set-9-files-12,3,email
EFTA00437004.pdf,data-set-9-files-12,2,email
EFTA00437006.pdf,data-set-9-files-12,1,email
EFTA00437007.pdf,data-set-9-files-12,1,email
EFTA00437008.pdf,data-set-9-files-12,1,email
EFTA00437009.pdf,data-set-9-files-12,1,email
EFTA00437010.pdf,data-set-9-files-12,1,email
EFTA00437011.pdf,data-set-9-files-12,2,email
EFTA00437013.pdf,data-set-9-files-12,1,email
EFTA00437014.pdf,data-set-9-files-12,1,email
EFTA00437015.pdf,data-set-9-files-12,1,email
EFTA00437016.pdf,data-set-9-files-12,1,email
EFTA00437017.pdf,data-set-9-files-12,1,email
EFTA00437018.pdf,data-set-9-files-12,3,email
EFTA00437021.pdf,data-set-9-files-12,1,email
EFTA00437022.pdf,data-set-9-files-12,3,email
EFTA00437025.pdf,data-set-9-files-12,1,email
EFTA00437026.pdf,data-set-9-files-12,1,email
EFTA00437027.pdf,data-set-9-files-12,3,email
EFTA00437030.pdf,data-set-9-files-12,3,email
EFTA00437033.pdf,data-set-9-files-12,1,email
EFTA00437034.pdf,data-set-9-files-12,1,email
EFTA00437035.pdf,data-set-9-files-12,1,email
EFTA00437036.pdf,data-set-9-files-12,1,email
EFTA00437037.pdf,data-set-9-files-12,1,email
EFTA00437038.pdf,data-set-9-files-12,1,email
EFTA00437039.pdf,data-set-9-files-12,1,email
EFTA00437040.pdf,data-set-9-files-12,1,email
EFTA00437041.pdf,data-set-9-files-12,1,email
EFTA00437042.pdf,data-set-9-files-12,1,email
EFTA00437043.pdf,data-set-9-files-12,1,email
EFTA00437044.pdf,data-set-9-files-12,1,email
EFTA00437045.pdf,data-set-9-files-12,1,email
EFTA00437046.pdf,data-set-9-files-12,1,email
EFTA00437047.pdf,data-set-9-files-12,1,email
EFTA00437048.pdf,data-set-9-files-12,2,email
EFTA00437050.pdf,data-set-9-files-12,1,email
EFTA00437051.pdf,data-set-9-files-12,1,email
EFTA00437052.pdf,data-set-9-files-12,1,email
EFTA00437053.pdf,data-set-9-files-12,1,email
EFTA00437054.pdf,data-set-9-files-12,1,email
EFTA00437055.pdf,data-set-9-files-12,1,email
EFTA00437056.pdf,data-set-9-files-12,2,email
EFTA00437058.pdf,data-set-9-files-12,2,email
EFTA00437060.pdf,data-set-9-files-12,3,email
EFTA00437063.pdf,data-set-9-files-12,3,email
EFTA00437066.pdf,data-set-9-files-12,3,email
EFTA00437069.pdf,data-set-9-files-12,1,email
EFTA00437070.pdf,data-set-9-files-12,1,email
EFTA00437071.pdf,data-set-9-files-12,2,email
EFTA00437073.pdf,data-set-9-files-12,4,email
EFTA00437077.pdf,data-set-9-files-12,3,email
EFTA00437080.pdf,data-set-9-files-12,2,email
EFTA00437082.pdf,data-set-9-files-12,2,email
EFTA00437084.pdf,data-set-9-files-12,1,email
EFTA00437085.pdf,data-set-9-files-12,2,email
EFTA00437087.pdf,data-set-9-files-12,1,email
EFTA00437088.pdf,data-set-9-files-12,2,email
EFTA00437090.pdf,data-set-9-files-12,2,email
EFTA00437092.pdf,data-set-9-files-12,3,email
EFTA00437095.pdf,data-set-9-files-12,4,email
EFTA00437099.pdf,data-set-9-files-12,1,email
EFTA00437100.pdf,data-set-9-files-12,4,email
EFTA00437104.pdf,data-set-9-files-12,1,email
EFTA00437105.pdf,data-set-9-files-12,2,email
EFTA00437107.pdf,data-set-9-files-12,1,email
EFTA00437108.pdf,data-set-9-files-12,2,email
EFTA00437110.pdf,data-set-9-files-12,1,email
EFTA00437111.pdf,data-set-9-files-12,2,email
EFTA00437113.pdf,data-set-9-files-12,3,email
EFTA00437116.pdf,data-set-9-files-12,1,email
EFTA00437117.pdf,data-set-9-files-12,1,email
EFTA00437118.pdf,data-set-9-files-12,1,email
EFTA00437119.pdf,data-set-9-files-12,1,email
EFTA00437120.pdf,data-set-9-files-12,1,email
EFTA00437121.pdf,data-set-9-files-12,1,email
EFTA00437122.pdf,data-set-9-files-12,1,email
EFTA00437123.pdf,data-set-9-files-12,1,email
EFTA00437124.pdf,data-set-9-files-12,1,email
EFTA00437125.pdf,data-set-9-files-12,1,email
EFTA00437126.pdf,data-set-9-files-12,1,email
EFTA00437127.pdf,data-set-9-files-12,1,email
EFTA00437128.pdf,data-set-9-files-12,1,email
EFTA00437129.pdf,data-set-9-files-12,1,email
EFTA00437130.pdf,data-set-9-files-12,1,email
EFTA00437131.pdf,data-set-9-files-12,2,email
EFTA00437133.pdf,data-set-9-files-12,1,email
EFTA00437134.pdf,data-set-9-files-12,1,email
EFTA00437135.pdf,data-set-9-files-12,1,email
EFTA00437136.pdf,data-set-9-files-12,1,email
EFTA00437137.pdf,data-set-9-files-12,1,email
EFTA00437138.pdf,data-set-9-files-12,1,email
EFTA00437139.pdf,data-set-9-files-12,1,email
EFTA00437140.pdf,data-set-9-files-12,1,email
EFTA00437141.pdf,data-set-9-files-12,1,email
EFTA00437142.pdf,data-set-9-files-12,2,email
EFTA00437144.pdf,data-set-9-files-12,2,email
EFTA00437146.pdf,data-set-9-files-12,1,email
EFTA00437147.pdf,data-set-9-files-12,2,email
EFTA00437149.pdf,data-set-9-files-12,3,email
EFTA00437152.pdf,data-set-9-files-12,2,email
EFTA00437154.pdf,data-set-9-files-12,1,email
EFTA00437155.pdf,data-set-9-files-12,1,email
EFTA00437156.pdf,data-set-9-files-12,2,email
EFTA00437158.pdf,data-set-9-files-12,2,email
EFTA00437160.pdf,data-set-9-files-12,1,email
EFTA00437161.pdf,data-set-9-files-12,1,email
EFTA00437162.pdf,data-set-9-files-12,2,email
EFTA00437164.pdf,data-set-9-files-12,1,email
EFTA00437165.pdf,data-set-9-files-12,1,email
EFTA00437166.pdf,data-set-9-files-12,1,email
EFTA00437167.pdf,data-set-9-files-12,1,email
EFTA00437168.pdf,data-set-9-files-12,1,email
EFTA00437169.pdf,data-set-9-files-12,1,email
EFTA00437170.pdf,data-set-9-files-12,2,email
EFTA00437172.pdf,data-set-9-files-12,1,other
EFTA00437173.pdf,data-set-9-files-12,1,email
EFTA00437174.pdf,data-set-9-files-12,1,email
EFTA00437175.pdf,data-set-9-files-12,1,email
EFTA00437176.pdf,data-set-9-files-12,2,email
EFTA00437178.pdf,data-set-9-files-12,1,email
EFTA00437179.pdf,data-set-9-files-12,1,email
EFTA00437180.pdf,data-set-9-files-12,2,email
EFTA00437182.pdf,data-set-9-files-12,1,email
EFTA00437183.pdf,data-set-9-files-12,1,email
EFTA00437184.pdf,data-set-9-files-12,1,email
EFTA00437185.pdf,data-set-9-files-12,2,email
EFTA00437187.pdf,data-set-9-files-12,1,email
EFTA00437188.pdf,data-set-9-files-12,2,email
EFTA00437190.pdf,data-set-9-files-12,2,email
EFTA00437192.pdf,data-set-9-files-12,2,email
EFTA00437194.pdf,data-set-9-files-12,2,email
EFTA00437196.pdf,data-set-9-files-12,1,email
EFTA00437197.pdf,data-set-9-files-12,3,email
EFTA00437200.pdf,data-set-9-files-12,1,email
EFTA00437201.pdf,data-set-9-files-12,1,email
EFTA00437202.pdf,data-set-9-files-12,1,email
EFTA00437203.pdf,data-set-9-files-12,1,email
EFTA00437204.pdf,data-set-9-files-12,1,email
EFTA00437205.pdf,data-set-9-files-12,1,email
EFTA00437206.pdf,data-set-9-files-12,1,email
EFTA00437207.pdf,data-set-9-files-12,2,email
EFTA00437209.pdf,data-set-9-files-12,1,email
EFTA00437210.pdf,data-set-9-files-12,1,email
EFTA00437211.pdf,data-set-9-files-12,1,email
EFTA00437212.pdf,data-set-9-files-12,1,email
EFTA00437213.pdf,data-set-9-files-12,1,email
EFTA00437214.pdf,data-set-9-files-12,1,email
EFTA00437215.pdf,data-set-9-files-12,2,email
EFTA00437217.pdf,data-set-9-files-12,2,email
EFTA00437219.pdf,data-set-9-files-12,3,email
EFTA00437222.pdf,data-set-9-files-12,1,email
EFTA00437223.pdf,data-set-9-files-12,3,email
EFTA00437226.pdf,data-set-9-files-12,3,email
EFTA00437229.pdf,data-set-9-files-12,1,email
EFTA00437230.pdf,data-set-9-files-12,1,email
EFTA00437231.pdf,data-set-9-files-12,1,email
EFTA00437232.pdf,data-set-9-files-12,1,email
EFTA00437233.pdf,data-set-9-files-12,2,email
EFTA00437235.pdf,data-set-9-files-12,1,email
EFTA00437236.pdf,data-set-9-files-12,2,email
EFTA00437238.pdf,data-set-9-files-12,2,email
EFTA00437240.pdf,data-set-9-files-12,2,email
EFTA00437242.pdf,data-set-9-files-12,2,email
EFTA00437244.pdf,data-set-9-files-12,1,email
EFTA00437245.pdf,data-set-9-files-12,1,email
EFTA00437246.pdf,data-set-9-files-12,1,email
EFTA00437247.pdf,data-set-9-files-12,1,email
EFTA00437248.pdf,data-set-9-files-12,1,email
EFTA00437249.pdf,data-set-9-files-12,1,email
EFTA00437250.pdf,data-set-9-files-12,1,email
EFTA00437251.pdf,data-set-9-files-12,1,email
EFTA00437252.pdf,data-set-9-files-12,3,email
EFTA00437255.pdf,data-set-9-files-12,1,email
EFTA00437256.pdf,data-set-9-files-12,3,email
EFTA00437259.pdf,data-set-9-files-12,3,email
EFTA00437262.pdf,data-set-9-files-12,1,email
EFTA00437263.pdf,data-set-9-files-12,1,email
EFTA00437264.pdf,data-set-9-files-12,4,email
EFTA00437268.pdf,data-set-9-files-12,3,email
EFTA00437271.pdf,data-set-9-files-12,2,email
EFTA00437273.pdf,data-set-9-files-12,3,email
EFTA00437276.pdf,data-set-9-files-12,4,email
EFTA00437280.pdf,data-set-9-files-12,2,email
EFTA00437282.pdf,data-set-9-files-12,3,email
EFTA00437285.pdf,data-set-9-files-12,4,email
EFTA00437289.pdf,data-set-9-files-12,2,email
EFTA00437291.pdf,data-set-9-files-12,1,email
EFTA00437292.pdf,data-set-9-files-12,1,email
EFTA00437293.pdf,data-set-9-files-12,1,email
EFTA00437294.pdf,data-set-9-files-12,1,email
EFTA00437295.pdf,data-set-9-files-12,2,email
EFTA00437297.pdf,data-set-9-files-12,1,email
EFTA00437298.pdf,data-set-9-files-12,1,email
EFTA00437299.pdf,data-set-9-files-12,1,email
EFTA00437300.pdf,data-set-9-files-12,1,email
EFTA00437301.pdf,data-set-9-files-12,2,email
EFTA00437303.pdf,data-set-9-files-12,1,email
EFTA00437304.pdf,data-set-9-files-12,1,email
EFTA00437305.pdf,data-set-9-files-12,1,email
EFTA00437306.pdf,data-set-9-files-12,1,email
EFTA00437307.pdf,data-set-9-files-12,2,email
EFTA00437309.pdf,data-set-9-files-12,1,email
EFTA00437310.pdf,data-set-9-files-12,1,email
EFTA00437311.pdf,data-set-9-files-12,1,email
EFTA00437312.pdf,data-set-9-files-12,1,email
EFTA00437313.pdf,data-set-9-files-12,1,email
EFTA00437314.pdf,data-set-9-files-12,1,other
EFTA00437315.pdf,data-set-9-files-12,1,email
EFTA00437316.pdf,data-set-9-files-12,1,email
EFTA00437317.pdf,data-set-9-files-12,1,email
EFTA00437318.pdf,data-set-9-files-12,1,email
EFTA00437319.pdf,data-set-9-files-12,1,email
EFTA00437320.pdf,data-set-9-files-12,1,email
EFTA00437321.pdf,data-set-9-files-12,1,email
EFTA00437322.pdf,data-set-9-files-12,1,email
EFTA00437323.pdf,data-set-9-files-12,1,email
EFTA00437324.pdf,data-set-9-files-12,3,email
EFTA00437327.pdf,data-set-9-files-12,1,email
EFTA00437328.pdf,data-set-9-files-12,1,email
EFTA00437329.pdf,data-set-9-files-12,1,email
EFTA00437330.pdf,data-set-9-files-12,1,email
EFTA00437331.pdf,data-set-9-files-12,1,email
EFTA00437332.pdf,data-set-9-files-12,1,email
EFTA00437333.pdf,data-set-9-files-12,1,email
EFTA00437334.pdf,data-set-9-files-12,3,email
EFTA00437337.pdf,data-set-9-files-12,2,email
EFTA00437339.pdf,data-set-9-files-12,1,email
EFTA00437340.pdf,data-set-9-files-12,1,email
EFTA00437341.pdf,data-set-9-files-12,2,email
EFTA00437343.pdf,data-set-9-files-12,1,email
EFTA00437344.pdf,data-set-9-files-12,1,email
EFTA00437345.pdf,data-set-9-files-12,1,email
EFTA00437346.pdf,data-set-9-files-12,1,email
EFTA00437347.pdf,data-set-9-files-12,1,email
EFTA00437348.pdf,data-set-9-files-12,1,email
EFTA00437349.pdf,data-set-9-files-12,1,email
EFTA00437350.pdf,data-set-9-files-12,2,email
EFTA00437352.pdf,data-set-9-files-12,1,email
EFTA00437353.pdf,data-set-9-files-12,2,email
EFTA00437355.pdf,data-set-9-files-12,1,email
EFTA00437356.pdf,data-set-9-files-12,2,email
EFTA00437358.pdf,data-set-9-files-12,1,email
EFTA00437359.pdf,data-set-9-files-12,2,email
EFTA00437361.pdf,data-set-9-files-12,2,email
EFTA00437363.pdf,data-set-9-files-12,2,email
EFTA00437365.pdf,data-set-9-files-12,2,email
EFTA00437367.pdf,data-set-9-files-12,2,email
EFTA00437369.pdf,data-set-9-files-12,2,email
EFTA00437371.pdf,data-set-9-files-12,2,email
EFTA00437373.pdf,data-set-9-files-12,1,email
EFTA00437374.pdf,data-set-9-files-12,2,email
EFTA00437376.pdf,data-set-9-files-12,2,email
EFTA00437378.pdf,data-set-9-files-12,1,email
EFTA00437379.pdf,data-set-9-files-12,1,email
EFTA00437380.pdf,data-set-9-files-12,1,email
EFTA00437381.pdf,data-set-9-files-12,1,email
EFTA00437382.pdf,data-set-9-files-12,1,email
EFTA00437383.pdf,data-set-9-files-12,1,email
EFTA00437384.pdf,data-set-9-files-12,1,email
EFTA00437385.pdf,data-set-9-files-12,1,email
EFTA00437386.pdf,data-set-9-files-12,1,email
EFTA00437387.pdf,data-set-9-files-12,2,email
EFTA00437389.pdf,data-set-9-files-12,1,email
EFTA00437390.pdf,data-set-9-files-12,1,email
EFTA00437391.pdf,data-set-9-files-12,1,email
EFTA00437392.pdf,data-set-9-files-12,2,email
EFTA00437394.pdf,data-set-9-files-12,1,email
EFTA00437395.pdf,data-set-9-files-12,2,email
EFTA00437397.pdf,data-set-9-files-12,2,email
EFTA00437399.pdf,data-set-9-files-12,2,email
EFTA00437401.pdf,data-set-9-files-12,1,email
EFTA00437402.pdf,data-set-9-files-12,1,email
EFTA00437403.pdf,data-set-9-files-12,2,email
EFTA00437405.pdf,data-set-9-files-12,2,email
EFTA00437407.pdf,data-set-9-files-12,1,email
EFTA00437408.pdf,data-set-9-files-12,2,email
EFTA00437410.pdf,data-set-9-files-12,2,email
EFTA00437412.pdf,data-set-9-files-12,2,email
EFTA00437414.pdf,data-set-9-files-12,2,email
EFTA00437416.pdf,data-set-9-files-12,2,email
EFTA00437418.pdf,data-set-9-files-12,2,email
EFTA00437420.pdf,data-set-9-files-12,2,email
EFTA00437422.pdf,data-set-9-files-12,2,email
EFTA00437424.pdf,data-set-9-files-12,3,email
EFTA00437427.pdf,data-set-9-files-12,2,email
EFTA00437429.pdf,data-set-9-files-12,2,email
EFTA00437431.pdf,data-set-9-files-12,2,email
EFTA00437433.pdf,data-set-9-files-12,3,email
EFTA00437436.pdf,data-set-9-files-12,2,email
EFTA00437438.pdf,data-set-9-files-12,1,email
EFTA00437439.pdf,data-set-9-files-12,3,email
EFTA00437442.pdf,data-set-9-files-12,2,email
EFTA00437444.pdf,data-set-9-files-12,2,email
EFTA00437446.pdf,data-set-9-files-12,2,email
EFTA00437448.pdf,data-set-9-files-12,1,email
EFTA00437449.pdf,data-set-9-files-12,1,email
EFTA00437450.pdf,data-set-9-files-12,1,email
EFTA00437451.pdf,data-set-9-files-12,1,email
EFTA00437452.pdf,data-set-9-files-12,1,email
EFTA00437453.pdf,data-set-9-files-12,1,other
EFTA00437454.pdf,data-set-9-files-12,1,email
EFTA00437455.pdf,data-set-9-files-12,2,email
EFTA00437457.pdf,data-set-9-files-12,2,email
EFTA00437459.pdf,data-set-9-files-12,2,email
EFTA00437461.pdf,data-set-9-files-12,1,email
EFTA00437462.pdf,data-set-9-files-12,3,email
EFTA00437465.pdf,data-set-9-files-12,3,email
EFTA00437468.pdf,data-set-9-files-12,2,email
EFTA00437470.pdf,data-set-9-files-12,3,email
EFTA00437473.pdf,data-set-9-files-12,3,email
EFTA00437476.pdf,data-set-9-files-12,3,email
EFTA00437479.pdf,data-set-9-files-12,3,email
EFTA00437482.pdf,data-set-9-files-12,3,email
EFTA00437485.pdf,data-set-9-files-12,3,email
EFTA00437488.pdf,data-set-9-files-12,3,email
EFTA00437491.pdf,data-set-9-files-12,1,email
EFTA00437492.pdf,data-set-9-files-12,1,email
EFTA00437493.pdf,data-set-9-files-12,1,email
EFTA00437494.pdf,data-set-9-files-12,1,email
EFTA00437495.pdf,data-set-9-files-12,3,email
EFTA00437498.pdf,data-set-9-files-12,3,email
EFTA00437501.pdf,data-set-9-files-12,3,email
EFTA00437504.pdf,data-set-9-files-12,2,email
EFTA00437506.pdf,data-set-9-files-12,3,email
EFTA00437509.pdf,data-set-9-files-12,1,email
EFTA00437510.pdf,data-set-9-files-12,1,email
EFTA00437511.pdf,data-set-9-files-12,2,email
EFTA00437513.pdf,data-set-9-files-12,2,email
EFTA00437515.pdf,data-set-9-files-12,3,email
EFTA00437518.pdf,data-set-9-files-12,2,email
EFTA00437520.pdf,data-set-9-files-12,3,email
EFTA00437523.pdf,data-set-9-files-12,3,email
EFTA00437526.pdf,data-set-9-files-12,2,email
EFTA00437528.pdf,data-set-9-files-12,1,email
EFTA00437529.pdf,data-set-9-files-12,1,email
EFTA00437530.pdf,data-set-9-files-12,2,email
EFTA00437532.pdf,data-set-9-files-12,3,email
EFTA00437535.pdf,data-set-9-files-12,1,email
EFTA00437536.pdf,data-set-9-files-12,1,other
EFTA00437537.pdf,data-set-9-files-12,1,email
EFTA00437538.pdf,data-set-9-files-12,2,email
EFTA00437540.pdf,data-set-9-files-12,3,email
EFTA00437543.pdf,data-set-9-files-12,1,email
EFTA00437544.pdf,data-set-9-files-12,3,email
EFTA00437547.pdf,data-set-9-files-12,2,email
EFTA00437549.pdf,data-set-9-files-12,1,email
EFTA00437550.pdf,data-set-9-files-12,3,email
EFTA00437553.pdf,data-set-9-files-12,1,email
EFTA00437554.pdf,data-set-9-files-12,2,email
EFTA00437556.pdf,data-set-9-files-12,2,email
EFTA00437558.pdf,data-set-9-files-12,1,email
EFTA00437559.pdf,data-set-9-files-12,1,email
EFTA00437560.pdf,data-set-9-files-12,1,email
EFTA00437561.pdf,data-set-9-files-12,2,email
EFTA00437563.pdf,data-set-9-files-12,1,email
EFTA00437564.pdf,data-set-9-files-12,1,email
EFTA00437565.pdf,data-set-9-files-12,1,email
EFTA00437566.pdf,data-set-9-files-12,1,email
EFTA00437567.pdf,data-set-9-files-12,1,email
EFTA00437568.pdf,data-set-9-files-12,4,email
EFTA00437572.pdf,data-set-9-files-12,1,email
EFTA00437573.pdf,data-set-9-files-12,1,email
EFTA00437574.pdf,data-set-9-files-12,3,email
EFTA00437577.pdf,data-set-9-files-12,2,email
EFTA00437579.pdf,data-set-9-files-12,1,email
EFTA00437580.pdf,data-set-9-files-12,1,email
EFTA00437581.pdf,data-set-9-files-12,1,email
EFTA00437582.pdf,data-set-9-files-12,3,email
EFTA00437585.pdf,data-set-9-files-12,2,email
EFTA00437587.pdf,data-set-9-files-12,1,email
EFTA00437588.pdf,data-set-9-files-12,1,email
EFTA00437589.pdf,data-set-9-files-12,2,email
EFTA00437591.pdf,data-set-9-files-12,1,email
EFTA00437592.pdf,data-set-9-files-12,2,email
EFTA00437594.pdf,data-set-9-files-12,1,email
EFTA00437595.pdf,data-set-9-files-12,1,email
EFTA00437596.pdf,data-set-9-files-12,2,email
EFTA00437598.pdf,data-set-9-files-12,1,email
EFTA00437599.pdf,data-set-9-files-12,1,email
EFTA00437600.pdf,data-set-9-files-12,1,email
EFTA00437601.pdf,data-set-9-files-12,1,email
EFTA00437602.pdf,data-set-9-files-12,2,email
EFTA00437604.pdf,data-set-9-files-12,1,email
EFTA00437605.pdf,data-set-9-files-12,1,email
EFTA00437606.pdf,data-set-9-files-12,1,email
EFTA00437607.pdf,data-set-9-files-12,1,email
EFTA00437608.pdf,data-set-9-files-12,1,email
EFTA00437609.pdf,data-set-9-files-12,1,email
EFTA00437610.pdf,data-set-9-files-12,1,other
EFTA00437611.pdf,data-set-9-files-12,1,email
EFTA00437612.pdf,data-set-9-files-12,1,email
EFTA00437613.pdf,data-set-9-files-12,1,email
EFTA00437614.pdf,data-set-9-files-12,2,email
EFTA00437616.pdf,data-set-9-files-12,4,email
EFTA00437620.pdf,data-set-9-files-12,1,email
EFTA00437621.pdf,data-set-9-files-12,1,email
EFTA00437622.pdf,data-set-9-files-12,1,email
EFTA00437623.pdf,data-set-9-files-12,2,email
EFTA00437625.pdf,data-set-9-files-12,2,email
EFTA00437627.pdf,data-set-9-files-12,1,email
EFTA00437628.pdf,data-set-9-files-12,2,email
EFTA00437630.pdf,data-set-9-files-12,1,email
EFTA00437631.pdf,data-set-9-files-12,1,email
EFTA00437632.pdf,data-set-9-files-12,1,email
EFTA00437633.pdf,data-set-9-files-12,1,email
EFTA00437634.pdf,data-set-9-files-12,1,email
EFTA00437635.pdf,data-set-9-files-12,1,email
EFTA00437636.pdf,data-set-9-files-12,2,email
EFTA00437638.pdf,data-set-9-files-12,1,email
EFTA00437639.pdf,data-set-9-files-12,1,email
EFTA00437640.pdf,data-set-9-files-12,1,email
EFTA00437641.pdf,data-set-9-files-12,3,email
EFTA00437644.pdf,data-set-9-files-12,1,email
EFTA00437645.pdf,data-set-9-files-12,1,email
EFTA00437646.pdf,data-set-9-files-12,2,email
EFTA00437648.pdf,data-set-9-files-12,1,email
EFTA00437649.pdf,data-set-9-files-12,1,email
EFTA00437650.pdf,data-set-9-files-12,1,email
EFTA00437651.pdf,data-set-9-files-12,2,email
EFTA00437653.pdf,data-set-9-files-12,2,email
EFTA00437655.pdf,data-set-9-files-12,1,email
EFTA00437656.pdf,data-set-9-files-12,2,email
EFTA00437658.pdf,data-set-9-files-12,2,email
EFTA00437660.pdf,data-set-9-files-12,3,email
EFTA00437663.pdf,data-set-9-files-12,1,email
EFTA00437664.pdf,data-set-9-files-12,1,email
EFTA00437665.pdf,data-set-9-files-12,1,email
EFTA00437666.pdf,data-set-9-files-12,1,email
EFTA00437667.pdf,data-set-9-files-12,1,email
EFTA00437668.pdf,data-set-9-files-12,4,email
EFTA00437672.pdf,data-set-9-files-12,1,email
EFTA00437673.pdf,data-set-9-files-12,1,email
EFTA00437674.pdf,data-set-9-files-12,1,email
EFTA00437675.pdf,data-set-9-files-12,1,email
EFTA00437676.pdf,data-set-9-files-12,1,email
EFTA00437677.pdf,data-set-9-files-12,2,email
EFTA00437679.pdf,data-set-9-files-12,4,email
EFTA00437683.pdf,data-set-9-files-12,5,email
EFTA00437688.pdf,data-set-9-files-12,4,email
EFTA00437692.pdf,data-set-9-files-12,4,email
EFTA00437696.pdf,data-set-9-files-12,4,email
EFTA00437700.pdf,data-set-9-files-12,2,email
EFTA00437702.pdf,data-set-9-files-12,5,email
EFTA00437707.pdf,data-set-9-files-12,4,email
EFTA00437711.pdf,data-set-9-files-12,2,email
EFTA00437713.pdf,data-set-9-files-12,2,email
EFTA00437715.pdf,data-set-9-files-12,2,email
EFTA00437717.pdf,data-set-9-files-12,3,email
EFTA00437720.pdf,data-set-9-files-12,1,email
EFTA00437721.pdf,data-set-9-files-12,1,email
EFTA00437722.pdf,data-set-9-files-12,1,email
EFTA00437723.pdf,data-set-9-files-12,1,email
EFTA00437724.pdf,data-set-9-files-12,1,email
EFTA00437725.pdf,data-set-9-files-12,1,email
EFTA00437726.pdf,data-set-9-files-12,1,email
EFTA00437727.pdf,data-set-9-files-12,1,email
EFTA00437728.pdf,data-set-9-files-12,2,email
EFTA00437730.pdf,data-set-9-files-12,1,email
EFTA00437731.pdf,data-set-9-files-12,1,email
EFTA00437732.pdf,data-set-9-files-12,1,email
EFTA00437733.pdf,data-set-9-files-12,1,email
EFTA00437734.pdf,data-set-9-files-12,2,email
EFTA00437736.pdf,data-set-9-files-12,2,email
EFTA00437738.pdf,data-set-9-files-12,1,email
EFTA00437739.pdf,data-set-9-files-12,2,email
EFTA00437741.pdf,data-set-9-files-12,1,email
EFTA00437742.pdf,data-set-9-files-12,2,email
EFTA00437744.pdf,data-set-9-files-12,1,email
EFTA00437745.pdf,data-set-9-files-12,1,email
EFTA00437746.pdf,data-set-9-files-12,1,email
EFTA00437747.pdf,data-set-9-files-12,1,email
EFTA00437748.pdf,data-set-9-files-12,2,email
EFTA00437750.pdf,data-set-9-files-12,1,email
EFTA00437751.pdf,data-set-9-files-12,8,email
EFTA00437759.pdf,data-set-9-files-12,1,email
EFTA00437760.pdf,data-set-9-files-12,1,email
EFTA00437761.pdf,data-set-9-files-12,1,email
EFTA00437762.pdf,data-set-9-files-12,1,email
EFTA00437763.pdf,data-set-9-files-12,3,email
EFTA00437766.pdf,data-set-9-files-12,3,email
EFTA00437769.pdf,data-set-9-files-12,1,email
EFTA00437770.pdf,data-set-9-files-12,1,email
EFTA00437771.pdf,data-set-9-files-12,1,email
EFTA00437772.pdf,data-set-9-files-12,1,email
EFTA00437773.pdf,data-set-9-files-12,1,email
EFTA00437774.pdf,data-set-9-files-12,1,email
EFTA00437775.pdf,data-set-9-files-12,42,email
EFTA00437817.pdf,data-set-9-files-12,1,email
EFTA00437818.pdf,data-set-9-files-12,2,email
EFTA00437820.pdf,data-set-9-files-12,1,email
EFTA00437821.pdf,data-set-9-files-12,1,email
EFTA00437822.pdf,data-set-9-files-12,4,email
EFTA00437826.pdf,data-set-9-files-12,4,email
EFTA00437830.pdf,data-set-9-files-12,4,email
EFTA00437834.pdf,data-set-9-files-12,2,email
EFTA00437836.pdf,data-set-9-files-12,2,email
EFTA00437838.pdf,data-set-9-files-12,2,email
EFTA00437840.pdf,data-set-9-files-12,1,email
EFTA00437841.pdf,data-set-9-files-12,2,email
EFTA00437843.pdf,data-set-9-files-12,2,email
EFTA00437845.pdf,data-set-9-files-12,1,email
EFTA00437846.pdf,data-set-9-files-12,1,email
EFTA00437847.pdf,data-set-9-files-12,1,email
EFTA00437848.pdf,data-set-9-files-12,1,email
EFTA00437849.pdf,data-set-9-files-12,1,email
EFTA00437850.pdf,data-set-9-files-12,1,email
EFTA00437851.pdf,data-set-9-files-12,1,email
EFTA00437852.pdf,data-set-9-files-12,1,email
EFTA00437853.pdf,data-set-9-files-12,1,email
EFTA00437854.pdf,data-set-9-files-12,1,email
EFTA00437855.pdf,data-set-9-files-12,1,email
EFTA00437856.pdf,data-set-9-files-12,1,email
EFTA00437857.pdf,data-set-9-files-12,1,email
EFTA00437858.pdf,data-set-9-files-12,1,email
EFTA00437859.pdf,data-set-9-files-12,2,email
EFTA00437861.pdf,data-set-9-files-12,1,email
EFTA00437862.pdf,data-set-9-files-12,1,email
EFTA00437863.pdf,data-set-9-files-12,1,email
EFTA00437864.pdf,data-set-9-files-12,1,email
EFTA00437865.pdf,data-set-9-files-12,1,email
EFTA00437866.pdf,data-set-9-files-12,1,email
EFTA00437867.pdf,data-set-9-files-12,3,email
EFTA00437870.pdf,data-set-9-files-12,2,email
EFTA00437872.pdf,data-set-9-files-12,1,other
EFTA00437873.pdf,data-set-9-files-12,1,email
EFTA00437874.pdf,data-set-9-files-12,3,email
EFTA00437877.pdf,data-set-9-files-12,3,email
EFTA00437880.pdf,data-set-9-files-12,1,email
EFTA00437881.pdf,data-set-9-files-12,1,email
EFTA00437882.pdf,data-set-9-files-12,1,email
EFTA00437883.pdf,data-set-9-files-12,1,email
EFTA00437884.pdf,data-set-9-files-12,1,email
EFTA00437885.pdf,data-set-9-files-12,1,email
EFTA00437886.pdf,data-set-9-files-12,1,email
EFTA00437887.pdf,data-set-9-files-12,2,email
EFTA00437889.pdf,data-set-9-files-12,2,email
EFTA00437891.pdf,data-set-9-files-12,1,email
EFTA00437892.pdf,data-set-9-files-12,2,email
EFTA00437894.pdf,data-set-9-files-12,1,email
EFTA00437895.pdf,data-set-9-files-12,1,email
EFTA00437896.pdf,data-set-9-files-12,1,email
EFTA00437897.pdf,data-set-9-files-12,1,email
EFTA00437898.pdf,data-set-9-files-12,1,email
EFTA00437899.pdf,data-set-9-files-12,1,email
EFTA00437900.pdf,data-set-9-files-12,1,email
EFTA00437901.pdf,data-set-9-files-12,1,email
EFTA00437902.pdf,data-set-9-files-12,1,email
EFTA00437903.pdf,data-set-9-files-12,1,email
EFTA00437904.pdf,data-set-9-files-12,1,email
EFTA00437905.pdf,data-set-9-files-12,1,email
EFTA00437906.pdf,data-set-9-files-12,1,email
EFTA00437907.pdf,data-set-9-files-12,1,email
EFTA00437908.pdf,data-set-9-files-12,1,email
EFTA00437909.pdf,data-set-9-files-12,1,email
EFTA00437910.pdf,data-set-9-files-12,1,email
EFTA00437911.pdf,data-set-9-files-12,1,email
EFTA00437912.pdf,data-set-9-files-12,1,email
EFTA00437913.pdf,data-set-9-files-12,1,email
EFTA00437914.pdf,data-set-9-files-12,1,email
EFTA00437915.pdf,data-set-9-files-12,1,email
EFTA00437916.pdf,data-set-9-files-12,2,email
EFTA00437918.pdf,data-set-9-files-12,1,email
EFTA00437919.pdf,data-set-9-files-12,2,email
EFTA00437921.pdf,data-set-9-files-12,2,email
EFTA00437923.pdf,data-set-9-files-12,2,email
EFTA00437925.pdf,data-set-9-files-12,2,email
EFTA00437927.pdf,data-set-9-files-12,2,email
EFTA00437929.pdf,data-set-9-files-12,1,email
EFTA00437930.pdf,data-set-9-files-12,2,email
EFTA00437932.pdf,data-set-9-files-12,1,email
EFTA00437933.pdf,data-set-9-files-12,1,email
EFTA00437934.pdf,data-set-9-files-12,2,email
EFTA00437936.pdf,data-set-9-files-12,1,email
EFTA00437937.pdf,data-set-9-files-12,2,email
EFTA00437939.pdf,data-set-9-files-12,1,email
EFTA00437940.pdf,data-set-9-files-12,2,email
EFTA00437942.pdf,data-set-9-files-12,1,email
EFTA00437943.pdf,data-set-9-files-12,4,email
EFTA00437947.pdf,data-set-9-files-12,1,email
EFTA00437948.pdf,data-set-9-files-12,1,email
EFTA00437949.pdf,data-set-9-files-12,1,email
EFTA00437950.pdf,data-set-9-files-12,1,email
EFTA00437951.pdf,data-set-9-files-12,1,email
EFTA00437952.pdf,data-set-9-files-12,1,email
EFTA00437953.pdf,data-set-9-files-12,1,email
EFTA00437954.pdf,data-set-9-files-12,1,email
EFTA00437955.pdf,data-set-9-files-12,2,email
EFTA00437957.pdf,data-set-9-files-12,1,email
EFTA00437958.pdf,data-set-9-files-12,2,email
EFTA00437960.pdf,data-set-9-files-12,2,email
EFTA00437962.pdf,data-set-9-files-12,1,email
EFTA00437963.pdf,data-set-9-files-12,3,email
EFTA00437966.pdf,data-set-9-files-12,1,email
EFTA00437967.pdf,data-set-9-files-12,1,email
EFTA00437968.pdf,data-set-9-files-12,1,email
EFTA00437969.pdf,data-set-9-files-12,3,email
EFTA00437972.pdf,data-set-9-files-12,1,email
EFTA00437973.pdf,data-set-9-files-12,1,email
EFTA00437974.pdf,data-set-9-files-12,1,email
EFTA00437975.pdf,data-set-9-files-12,1,email
EFTA00437976.pdf,data-set-9-files-12,1,email
EFTA00437977.pdf,data-set-9-files-12,1,email
EFTA00437978.pdf,data-set-9-files-12,1,email
EFTA00437979.pdf,data-set-9-files-12,1,email
EFTA00437980.pdf,data-set-9-files-12,1,email
EFTA00437981.pdf,data-set-9-files-12,1,email
EFTA00437982.pdf,data-set-9-files-12,1,email
EFTA00437983.pdf,data-set-9-files-12,1,email
EFTA00437984.pdf,data-set-9-files-12,1,email
EFTA00437985.pdf,data-set-9-files-12,1,email
EFTA00437986.pdf,data-set-9-files-12,1,email
EFTA00437987.pdf,data-set-9-files-12,1,email
EFTA00437988.pdf,data-set-9-files-12,1,email
EFTA00437989.pdf,data-set-9-files-12,1,email
EFTA00437990.pdf,data-set-9-files-12,1,email
EFTA00437991.pdf,data-set-9-files-12,1,email
EFTA00437992.pdf,data-set-9-files-12,2,email
EFTA00437994.pdf,data-set-9-files-12,1,email
EFTA00437995.pdf,data-set-9-files-12,1,email
EFTA00437996.pdf,data-set-9-files-12,1,email
EFTA00437997.pdf,data-set-9-files-12,1,email
EFTA00437998.pdf,data-set-9-files-12,2,email
EFTA00438000.pdf,data-set-9-files-12,1,email
EFTA00438001.pdf,data-set-9-files-12,1,email
EFTA00438002.pdf,data-set-9-files-12,1,email
EFTA00438003.pdf,data-set-9-files-12,1,email
EFTA00438004.pdf,data-set-9-files-12,1,email
EFTA00438005.pdf,data-set-9-files-12,1,email
EFTA00438006.pdf,data-set-9-files-12,1,email
EFTA00438007.pdf,data-set-9-files-12,1,email
EFTA00438008.pdf,data-set-9-files-12,1,email
EFTA00438009.pdf,data-set-9-files-12,1,email
EFTA00438010.pdf,data-set-9-files-12,1,email
EFTA00438011.pdf,data-set-9-files-12,1,email
EFTA00438012.pdf,data-set-9-files-12,1,email
EFTA00438013.pdf,data-set-9-files-12,1,email
EFTA00438014.pdf,data-set-9-files-12,1,email
EFTA00438015.pdf,data-set-9-files-12,1,email
EFTA00438016.pdf,data-set-9-files-12,1,email
EFTA00438017.pdf,data-set-9-files-12,1,email
EFTA00438018.pdf,data-set-9-files-12,1,email
EFTA00438019.pdf,data-set-9-files-12,1,email
EFTA00438020.pdf,data-set-9-files-12,1,email
EFTA00438021.pdf,data-set-9-files-12,1,email
EFTA00438022.pdf,data-set-9-files-12,1,email
EFTA00438023.pdf,data-set-9-files-12,2,email
EFTA00438025.pdf,data-set-9-files-12,1,email
EFTA00438026.pdf,data-set-9-files-12,1,email
EFTA00438027.pdf,data-set-9-files-12,1,email
EFTA00438028.pdf,data-set-9-files-12,1,email
EFTA00438029.pdf,data-set-9-files-12,1,email
EFTA00438030.pdf,data-set-9-files-12,3,email
EFTA00438033.pdf,data-set-9-files-12,1,email
EFTA00438034.pdf,data-set-9-files-12,1,email
EFTA00438035.pdf,data-set-9-files-12,1,email
EFTA00438036.pdf,data-set-9-files-12,1,email
EFTA00438037.pdf,data-set-9-files-12,1,email
EFTA00438038.pdf,data-set-9-files-12,1,email
EFTA00438039.pdf,data-set-9-files-12,1,email
EFTA00438040.pdf,data-set-9-files-12,1,email
EFTA00438041.pdf,data-set-9-files-12,1,email
EFTA00438042.pdf,data-set-9-files-12,3,email
EFTA00438045.pdf,data-set-9-files-12,1,email
EFTA00438046.pdf,data-set-9-files-12,1,email
EFTA00438047.pdf,data-set-9-files-12,1,email
EFTA00438048.pdf,data-set-9-files-12,2,email
EFTA00438050.pdf,data-set-9-files-12,2,email
EFTA00438052.pdf,data-set-9-files-12,2,email
EFTA00438054.pdf,data-set-9-files-12,3,email
EFTA00438057.pdf,data-set-9-files-12,2,email
EFTA00438059.pdf,data-set-9-files-12,3,email
EFTA00438062.pdf,data-set-9-files-12,1,email
EFTA00438063.pdf,data-set-9-files-12,3,email
EFTA00438066.pdf,data-set-9-files-12,3,email
EFTA00438069.pdf,data-set-9-files-12,3,email
EFTA00438072.pdf,data-set-9-files-12,1,email
EFTA00438073.pdf,data-set-9-files-12,1,email
EFTA00438074.pdf,data-set-9-files-12,1,email
EFTA00438075.pdf,data-set-9-files-12,1,email
EFTA00438076.pdf,data-set-9-files-12,1,email
EFTA00438077.pdf,data-set-9-files-12,2,email
EFTA00438079.pdf,data-set-9-files-12,2,email
EFTA00438081.pdf,data-set-9-files-12,2,email
EFTA00438083.pdf,data-set-9-files-12,3,email
EFTA00438086.pdf,data-set-9-files-12,2,email
EFTA00438088.pdf,data-set-9-files-12,2,email
EFTA00438090.pdf,data-set-9-files-12,1,email
EFTA00438091.pdf,data-set-9-files-12,1,email
EFTA00438092.pdf,data-set-9-files-12,1,email
EFTA00438093.pdf,data-set-9-files-12,1,email
EFTA00438094.pdf,data-set-9-files-12,2,email
EFTA00438096.pdf,data-set-9-files-12,1,email
EFTA00438097.pdf,data-set-9-files-12,1,email
EFTA00438098.pdf,data-set-9-files-12,1,email
EFTA00438099.pdf,data-set-9-files-12,1,email
EFTA00438100.pdf,data-set-9-files-12,4,email
EFTA00438104.pdf,data-set-9-files-12,1,email
EFTA00438105.pdf,data-set-9-files-12,6,email
EFTA00438111.pdf,data-set-9-files-12,1,email
EFTA00438112.pdf,data-set-9-files-12,1,email
EFTA00438113.pdf,data-set-9-files-12,1,email
EFTA00438114.pdf,data-set-9-files-12,1,email
EFTA00438115.pdf,data-set-9-files-12,1,email
EFTA00438116.pdf,data-set-9-files-12,1,email
EFTA00438117.pdf,data-set-9-files-12,1,email
EFTA00438118.pdf,data-set-9-files-12,1,email
EFTA00438119.pdf,data-set-9-files-12,2,email
EFTA00438121.pdf,data-set-9-files-12,2,email
EFTA00438123.pdf,data-set-9-files-12,1,email
EFTA00438124.pdf,data-set-9-files-12,1,email
EFTA00438125.pdf,data-set-9-files-12,1,email
EFTA00438126.pdf,data-set-9-files-12,3,email
EFTA00438129.pdf,data-set-9-files-12,2,email
EFTA00438131.pdf,data-set-9-files-12,2,email
EFTA00438133.pdf,data-set-9-files-12,2,email
EFTA00438135.pdf,data-set-9-files-12,1,email
EFTA00438136.pdf,data-set-9-files-12,2,email
EFTA00438138.pdf,data-set-9-files-12,2,email
EFTA00438140.pdf,data-set-9-files-12,2,email
EFTA00438142.pdf,data-set-9-files-12,2,email
EFTA00438144.pdf,data-set-9-files-12,1,email
EFTA00438145.pdf,data-set-9-files-12,2,email
EFTA00438147.pdf,data-set-9-files-12,1,email
EFTA00438148.pdf,data-set-9-files-12,2,email
EFTA00438150.pdf,data-set-9-files-12,1,email
EFTA00438151.pdf,data-set-9-files-12,1,email
EFTA00438152.pdf,data-set-9-files-12,1,email
EFTA00438153.pdf,data-set-9-files-12,1,email
EFTA00438154.pdf,data-set-9-files-12,1,email
EFTA00438155.pdf,data-set-9-files-12,3,email
EFTA00438158.pdf,data-set-9-files-12,2,email
EFTA00438160.pdf,data-set-9-files-12,3,email
EFTA00438163.pdf,data-set-9-files-12,4,email
EFTA00438167.pdf,data-set-9-files-12,2,email
EFTA00438169.pdf,data-set-9-files-12,2,email
EFTA00438171.pdf,data-set-9-files-12,1,email
EFTA00438172.pdf,data-set-9-files-12,1,email
EFTA00438173.pdf,data-set-9-files-12,1,email
EFTA00438174.pdf,data-set-9-files-12,1,email
EFTA00438175.pdf,data-set-9-files-12,1,email
EFTA00438176.pdf,data-set-9-files-12,1,email
EFTA00438177.pdf,data-set-9-files-12,1,email
EFTA00438178.pdf,data-set-9-files-12,2,email
EFTA00438180.pdf,data-set-9-files-12,1,email
EFTA00438181.pdf,data-set-9-files-12,2,email
EFTA00438183.pdf,data-set-9-files-12,1,email
EFTA00438184.pdf,data-set-9-files-12,1,email
EFTA00438185.pdf,data-set-9-files-12,1,email
EFTA00438186.pdf,data-set-9-files-12,2,email
EFTA00438188.pdf,data-set-9-files-12,1,email
EFTA00438189.pdf,data-set-9-files-12,1,email
EFTA00438190.pdf,data-set-9-files-12,2,email
EFTA00438192.pdf,data-set-9-files-12,1,email
EFTA00438193.pdf,data-set-9-files-12,2,email
EFTA00438195.pdf,data-set-9-files-12,3,email
EFTA00438198.pdf,data-set-9-files-12,3,email
EFTA00438201.pdf,data-set-9-files-12,1,email
EFTA00438202.pdf,data-set-9-files-12,1,email
EFTA00438203.pdf,data-set-9-files-12,1,email
EFTA00438204.pdf,data-set-9-files-12,1,email
EFTA00438205.pdf,data-set-9-files-12,1,email
EFTA00438206.pdf,data-set-9-files-12,1,email
EFTA00438207.pdf,data-set-9-files-12,3,email
EFTA00438210.pdf,data-set-9-files-12,1,email
EFTA00438211.pdf,data-set-9-files-12,1,email
EFTA00438212.pdf,data-set-9-files-12,1,email
EFTA00438213.pdf,data-set-9-files-12,1,email
EFTA00438214.pdf,data-set-9-files-12,1,email
EFTA00438215.pdf,data-set-9-files-12,1,email
EFTA00438216.pdf,data-set-9-files-12,1,email
EFTA00438217.pdf,data-set-9-files-12,1,email
EFTA00438218.pdf,data-set-9-files-12,1,email
EFTA00438219.pdf,data-set-9-files-12,1,email
EFTA00438220.pdf,data-set-9-files-12,1,email
EFTA00438221.pdf,data-set-9-files-12,1,email
EFTA00438222.pdf,data-set-9-files-12,1,email
EFTA00438223.pdf,data-set-9-files-12,1,email
EFTA00438224.pdf,data-set-9-files-12,1,email
EFTA00438225.pdf,data-set-9-files-12,1,email
EFTA00438226.pdf,data-set-9-files-12,1,email
EFTA00438227.pdf,data-set-9-files-12,1,email
EFTA00438228.pdf,data-set-9-files-12,1,email
EFTA00438229.pdf,data-set-9-files-12,1,email
EFTA00438230.pdf,data-set-9-files-12,1,email
EFTA00438231.pdf,data-set-9-files-12,1,email
EFTA00438232.pdf,data-set-9-files-12,1,email
EFTA00438233.pdf,data-set-9-files-12,3,email
EFTA00438236.pdf,data-set-9-files-12,4,email
EFTA00438240.pdf,data-set-9-files-12,4,email
EFTA00438244.pdf,data-set-9-files-12,4,email
EFTA00438248.pdf,data-set-9-files-12,4,email
EFTA00438252.pdf,data-set-9-files-12,4,email
EFTA00438256.pdf,data-set-9-files-12,4,email
EFTA00438260.pdf,data-set-9-files-12,5,email
EFTA00438265.pdf,data-set-9-files-12,1,email
EFTA00438266.pdf,data-set-9-files-12,1,email
EFTA00438267.pdf,data-set-9-files-12,1,email
EFTA00438268.pdf,data-set-9-files-12,5,email
EFTA00438273.pdf,data-set-9-files-12,1,email
EFTA00438274.pdf,data-set-9-files-12,1,email
EFTA00438275.pdf,data-set-9-files-12,1,email
EFTA00438276.pdf,data-set-9-files-12,1,email
EFTA00438277.pdf,data-set-9-files-12,1,email
EFTA00438278.pdf,data-set-9-files-12,2,email
EFTA00438280.pdf,data-set-9-files-12,1,email
EFTA00438281.pdf,data-set-9-files-12,2,email
EFTA00438283.pdf,data-set-9-files-12,1,email
EFTA00438284.pdf,data-set-9-files-12,1,email
EFTA00438285.pdf,data-set-9-files-12,1,email
EFTA00438286.pdf,data-set-9-files-12,2,email
EFTA00438288.pdf,data-set-9-files-12,1,email
EFTA00438289.pdf,data-set-9-files-12,1,email
EFTA00438290.pdf,data-set-9-files-12,2,email
EFTA00438292.pdf,data-set-9-files-12,2,email
EFTA00438294.pdf,data-set-9-files-12,2,email
EFTA00438296.pdf,data-set-9-files-12,1,email
EFTA00438297.pdf,data-set-9-files-12,2,email
EFTA00438299.pdf,data-set-9-files-12,2,email
EFTA00438301.pdf,data-set-9-files-12,1,email
EFTA00438302.pdf,data-set-9-files-12,2,email
EFTA00438304.pdf,data-set-9-files-12,2,email
EFTA00438306.pdf,data-set-9-files-12,2,email
EFTA00438308.pdf,data-set-9-files-12,2,email
EFTA00438310.pdf,data-set-9-files-12,2,email
EFTA00438312.pdf,data-set-9-files-12,1,email
EFTA00438313.pdf,data-set-9-files-12,1,email
EFTA00438314.pdf,data-set-9-files-12,1,email
EFTA00438315.pdf,data-set-9-files-12,1,email
EFTA00438316.pdf,data-set-9-files-12,1,email
EFTA00438317.pdf,data-set-9-files-12,2,email
EFTA00438319.pdf,data-set-9-files-12,2,email
EFTA00438321.pdf,data-set-9-files-12,1,email
EFTA00438322.pdf,data-set-9-files-12,2,email
EFTA00438324.pdf,data-set-9-files-12,2,email
EFTA00438326.pdf,data-set-9-files-12,1,email
EFTA00438327.pdf,data-set-9-files-12,1,email
EFTA00438328.pdf,data-set-9-files-12,3,email
EFTA00438331.pdf,data-set-9-files-12,3,email
EFTA00438334.pdf,data-set-9-files-12,1,email
EFTA00438335.pdf,data-set-9-files-12,1,email
EFTA00438336.pdf,data-set-9-files-12,3,email
EFTA00438339.pdf,data-set-9-files-12,1,email
EFTA00438340.pdf,data-set-9-files-12,1,email
EFTA00438341.pdf,data-set-9-files-12,2,email
EFTA00438343.pdf,data-set-9-files-12,1,email
EFTA00438344.pdf,data-set-9-files-12,1,email
EFTA00438345.pdf,data-set-9-files-12,1,email
EFTA00438346.pdf,data-set-9-files-12,1,email
EFTA00438347.pdf,data-set-9-files-12,2,email
EFTA00438349.pdf,data-set-9-files-12,1,email
EFTA00438350.pdf,data-set-9-files-12,2,email
EFTA00438352.pdf,data-set-9-files-12,1,email
EFTA00438353.pdf,data-set-9-files-12,1,email
EFTA00438354.pdf,data-set-9-files-12,1,email
EFTA00438355.pdf,data-set-9-files-12,2,email
EFTA00438357.pdf,data-set-9-files-12,1,email
EFTA00438358.pdf,data-set-9-files-12,2,email
EFTA00438360.pdf,data-set-9-files-12,2,email
EFTA00438362.pdf,data-set-9-files-12,2,email
EFTA00438364.pdf,data-set-9-files-12,2,email
EFTA00438366.pdf,data-set-9-files-12,1,email
EFTA00438367.pdf,data-set-9-files-12,2,email
EFTA00438369.pdf,data-set-9-files-12,2,email
EFTA00438371.pdf,data-set-9-files-12,2,email
EFTA00438373.pdf,data-set-9-files-12,2,email
EFTA00438375.pdf,data-set-9-files-12,2,email
EFTA00438377.pdf,data-set-9-files-12,3,email
EFTA00438380.pdf,data-set-9-files-12,3,email
EFTA00438383.pdf,data-set-9-files-12,3,email
EFTA00438386.pdf,data-set-9-files-12,2,email
EFTA00438388.pdf,data-set-9-files-12,2,email
EFTA00438390.pdf,data-set-9-files-12,1,email
EFTA00438391.pdf,data-set-9-files-12,1,email
EFTA00438392.pdf,data-set-9-files-12,1,email
EFTA00438393.pdf,data-set-9-files-12,2,email
EFTA00438395.pdf,data-set-9-files-12,3,email
EFTA00438398.pdf,data-set-9-files-12,3,email
EFTA00438401.pdf,data-set-9-files-12,1,email
EFTA00438402.pdf,data-set-9-files-12,1,email
EFTA00438403.pdf,data-set-9-files-12,1,email
EFTA00438404.pdf,data-set-9-files-12,2,email
EFTA00438406.pdf,data-set-9-files-12,1,email
EFTA00438407.pdf,data-set-9-files-12,2,email
EFTA00438409.pdf,data-set-9-files-12,2,email
EFTA00438411.pdf,data-set-9-files-12,2,email
EFTA00438413.pdf,data-set-9-files-12,2,email
EFTA00438415.pdf,data-set-9-files-12,2,email
EFTA00438417.pdf,data-set-9-files-12,3,email
EFTA00438420.pdf,data-set-9-files-12,3,email
EFTA00438423.pdf,data-set-9-files-12,3,email
EFTA00438426.pdf,data-set-9-files-12,2,email
EFTA00438428.pdf,data-set-9-files-12,2,email
EFTA00438430.pdf,data-set-9-files-12,1,email
EFTA00438431.pdf,data-set-9-files-12,1,email
EFTA00438432.pdf,data-set-9-files-12,1,email
EFTA00438433.pdf,data-set-9-files-12,1,email
EFTA00438434.pdf,data-set-9-files-12,3,email
EFTA00438437.pdf,data-set-9-files-12,2,email
EFTA00438439.pdf,data-set-9-files-12,1,email
EFTA00438440.pdf,data-set-9-files-12,1,email
EFTA00438441.pdf,data-set-9-files-12,1,email
EFTA00438442.pdf,data-set-9-files-12,3,email
EFTA00438445.pdf,data-set-9-files-12,2,email
EFTA00438447.pdf,data-set-9-files-12,1,email
EFTA00438448.pdf,data-set-9-files-12,1,email
EFTA00438449.pdf,data-set-9-files-12,2,email
EFTA00438451.pdf,data-set-9-files-12,3,email
EFTA00438454.pdf,data-set-9-files-12,1,email
EFTA00438455.pdf,data-set-9-files-12,1,email
EFTA00438456.pdf,data-set-9-files-12,3,email
EFTA00438459.pdf,data-set-9-files-12,4,email
EFTA00438463.pdf,data-set-9-files-12,4,email
EFTA00438467.pdf,data-set-9-files-12,1,email
EFTA00438468.pdf,data-set-9-files-12,1,email
EFTA00438469.pdf,data-set-9-files-12,1,email
EFTA00438470.pdf,data-set-9-files-12,1,email
EFTA00438471.pdf,data-set-9-files-12,1,email
EFTA00438472.pdf,data-set-9-files-12,2,email
EFTA00438474.pdf,data-set-9-files-12,1,email
EFTA00438475.pdf,data-set-9-files-12,1,email
EFTA00438476.pdf,data-set-9-files-12,2,email
EFTA00438478.pdf,data-set-9-files-12,1,email
EFTA00438479.pdf,data-set-9-files-12,1,email
EFTA00438480.pdf,data-set-9-files-12,1,email
EFTA00438481.pdf,data-set-9-files-12,2,email
EFTA00438483.pdf,data-set-9-files-12,2,email
EFTA00438485.pdf,data-set-9-files-12,2,email
EFTA00438487.pdf,data-set-9-files-12,3,email
EFTA00438490.pdf,data-set-9-files-12,1,email
EFTA00438491.pdf,data-set-9-files-12,1,email
EFTA00438492.pdf,data-set-9-files-12,1,email
EFTA00438493.pdf,data-set-9-files-12,1,email
EFTA00438494.pdf,data-set-9-files-12,1,email
EFTA00438495.pdf,data-set-9-files-12,1,email
EFTA00438496.pdf,data-set-9-files-12,3,email
EFTA00438499.pdf,data-set-9-files-12,2,email
EFTA00438501.pdf,data-set-9-files-12,4,email
EFTA00438505.pdf,data-set-9-files-12,1,email
EFTA00438506.pdf,data-set-9-files-12,1,email
EFTA00438507.pdf,data-set-9-files-12,1,email
EFTA00438508.pdf,data-set-9-files-12,1,email
EFTA00438509.pdf,data-set-9-files-12,1,email
EFTA00438510.pdf,data-set-9-files-12,1,email
EFTA00438511.pdf,data-set-9-files-12,1,email
EFTA00438512.pdf,data-set-9-files-12,1,email
EFTA00438513.pdf,data-set-9-files-12,7,email
EFTA00438520.pdf,data-set-9-files-12,1,email
EFTA00438521.pdf,data-set-9-files-12,7,email
EFTA00438528.pdf,data-set-9-files-12,7,email
EFTA00438535.pdf,data-set-9-files-12,1,email
EFTA00438536.pdf,data-set-9-files-12,8,email
EFTA00438544.pdf,data-set-9-files-12,1,email
EFTA00438545.pdf,data-set-9-files-12,1,email
EFTA00438546.pdf,data-set-9-files-12,1,email
EFTA00438547.pdf,data-set-9-files-12,9,email
EFTA00438556.pdf,data-set-9-files-12,9,email
EFTA00438565.pdf,data-set-9-files-12,1,email
EFTA00438566.pdf,data-set-9-files-12,2,email
EFTA00438568.pdf,data-set-9-files-12,2,email
EFTA00438570.pdf,data-set-9-files-12,1,email
EFTA00438571.pdf,data-set-9-files-12,1,email
EFTA00438572.pdf,data-set-9-files-12,3,email
EFTA00438575.pdf,data-set-9-files-12,3,email
EFTA00438578.pdf,data-set-9-files-12,1,email
EFTA00438579.pdf,data-set-9-files-12,1,email
EFTA00438580.pdf,data-set-9-files-12,1,email
EFTA00438581.pdf,data-set-9-files-12,2,email
EFTA00438583.pdf,data-set-9-files-12,2,email
EFTA00438585.pdf,data-set-9-files-12,1,email
EFTA00438586.pdf,data-set-9-files-12,1,email
EFTA00438587.pdf,data-set-9-files-12,18,email
EFTA00438605.pdf,data-set-9-files-12,2,email
EFTA00438607.pdf,data-set-9-files-12,4,email
EFTA00438611.pdf,data-set-9-files-12,1,email
EFTA00438612.pdf,data-set-9-files-12,4,email
EFTA00438616.pdf,data-set-9-files-12,4,email
EFTA00438620.pdf,data-set-9-files-12,1,email
EFTA00438621.pdf,data-set-9-files-12,2,email
EFTA00438623.pdf,data-set-9-files-12,2,email
EFTA00438625.pdf,data-set-9-files-12,1,email
EFTA00438626.pdf,data-set-9-files-12,1,email
EFTA00438627.pdf,data-set-9-files-12,2,email
EFTA00438629.pdf,data-set-9-files-12,1,email
EFTA00438630.pdf,data-set-9-files-12,1,email
EFTA00438631.pdf,data-set-9-files-12,3,email
EFTA00438634.pdf,data-set-9-files-12,1,email
EFTA00438635.pdf,data-set-9-files-12,2,email
EFTA00438637.pdf,data-set-9-files-12,1,email
EFTA00438638.pdf,data-set-9-files-12,3,email
EFTA00438641.pdf,data-set-9-files-12,3,email
EFTA00438644.pdf,data-set-9-files-12,4,email
EFTA00438648.pdf,data-set-9-files-12,4,email
EFTA00438652.pdf,data-set-9-files-12,1,email
EFTA00438653.pdf,data-set-9-files-12,1,email
EFTA00438654.pdf,data-set-9-files-12,1,email
EFTA00438655.pdf,data-set-9-files-12,1,email
EFTA00438656.pdf,data-set-9-files-12,1,email
EFTA00438657.pdf,data-set-9-files-12,2,email
EFTA00438659.pdf,data-set-9-files-12,1,email
EFTA00438660.pdf,data-set-9-files-12,1,email
EFTA00438661.pdf,data-set-9-files-12,2,email
EFTA00438663.pdf,data-set-9-files-12,2,email
EFTA00438665.pdf,data-set-9-files-12,1,email
EFTA00438666.pdf,data-set-9-files-12,2,email
EFTA00438668.pdf,data-set-9-files-12,1,email
EFTA00438669.pdf,data-set-9-files-12,1,email
EFTA00438670.pdf,data-set-9-files-12,4,email
EFTA00438674.pdf,data-set-9-files-12,1,email
EFTA00438675.pdf,data-set-9-files-12,1,email
EFTA00438676.pdf,data-set-9-files-12,2,email
EFTA00438678.pdf,data-set-9-files-12,4,email
EFTA00438682.pdf,data-set-9-files-12,1,email
EFTA00438683.pdf,data-set-9-files-12,1,email
EFTA00438684.pdf,data-set-9-files-12,1,email
EFTA00438685.pdf,data-set-9-files-12,1,email
EFTA00438686.pdf,data-set-9-files-12,1,email
EFTA00438687.pdf,data-set-9-files-12,1,email
EFTA00438688.pdf,data-set-9-files-12,1,email
EFTA00438689.pdf,data-set-9-files-12,1,email
EFTA00438690.pdf,data-set-9-files-12,1,email
EFTA00438691.pdf,data-set-9-files-12,1,email
EFTA00438692.pdf,data-set-9-files-12,2,email
EFTA00438694.pdf,data-set-9-files-12,1,email
EFTA00438695.pdf,data-set-9-files-12,1,email
EFTA00438696.pdf,data-set-9-files-12,2,email
EFTA00438698.pdf,data-set-9-files-12,3,email
EFTA00438701.pdf,data-set-9-files-12,2,email
EFTA00438703.pdf,data-set-9-files-12,4,email
EFTA00438707.pdf,data-set-9-files-12,7,email
EFTA00438714.pdf,data-set-9-files-12,1,email
EFTA00438715.pdf,data-set-9-files-12,3,email
EFTA00438718.pdf,data-set-9-files-12,1,email
EFTA00438719.pdf,data-set-9-files-12,1,email
EFTA00438720.pdf,data-set-9-files-12,2,email
EFTA00438722.pdf,data-set-9-files-12,1,email
EFTA00438723.pdf,data-set-9-files-12,3,email
EFTA00438726.pdf,data-set-9-files-12,1,email
EFTA00438727.pdf,data-set-9-files-12,1,email
EFTA00438728.pdf,data-set-9-files-12,3,email
EFTA00438731.pdf,data-set-9-files-12,4,email
EFTA00438735.pdf,data-set-9-files-12,2,email
EFTA00438737.pdf,data-set-9-files-12,4,email
EFTA00438741.pdf,data-set-9-files-12,1,email
EFTA00438742.pdf,data-set-9-files-12,2,email
EFTA00438744.pdf,data-set-9-files-12,1,email
EFTA00438745.pdf,data-set-9-files-12,1,email
EFTA00438746.pdf,data-set-9-files-12,4,email
EFTA00438750.pdf,data-set-9-files-12,4,email
EFTA00438754.pdf,data-set-9-files-12,2,email
EFTA00438756.pdf,data-set-9-files-12,3,email
EFTA00438759.pdf,data-set-9-files-12,3,email
EFTA00438762.pdf,data-set-9-files-12,1,email
EFTA00438763.pdf,data-set-9-files-12,2,email
EFTA00438765.pdf,data-set-9-files-12,2,email
EFTA00438767.pdf,data-set-9-files-12,3,email
EFTA00438770.pdf,data-set-9-files-12,3,email
EFTA00438773.pdf,data-set-9-files-12,1,email
EFTA00438774.pdf,data-set-9-files-12,3,email
EFTA00438777.pdf,data-set-9-files-12,2,email
EFTA00438779.pdf,data-set-9-files-12,1,email
EFTA00438780.pdf,data-set-9-files-12,1,email
EFTA00438781.pdf,data-set-9-files-12,3,email
EFTA00438784.pdf,data-set-9-files-12,4,email
EFTA00438788.pdf,data-set-9-files-12,1,email
EFTA00438789.pdf,data-set-9-files-12,2,email
EFTA00438791.pdf,data-set-9-files-12,2,email
EFTA00438793.pdf,data-set-9-files-12,4,email
EFTA00438797.pdf,data-set-9-files-12,1,email
EFTA00438798.pdf,data-set-9-files-12,1,email
EFTA00438799.pdf,data-set-9-files-12,1,email
EFTA00438800.pdf,data-set-9-files-12,1,email
EFTA00438801.pdf,data-set-9-files-12,2,email
EFTA00438803.pdf,data-set-9-files-12,2,email
EFTA00438805.pdf,data-set-9-files-12,3,email
EFTA00438808.pdf,data-set-9-files-12,1,email
EFTA00438809.pdf,data-set-9-files-12,1,email
EFTA00438810.pdf,data-set-9-files-12,1,email
EFTA00438811.pdf,data-set-9-files-12,1,email
EFTA00438812.pdf,data-set-9-files-12,1,email
EFTA00438813.pdf,data-set-9-files-12,1,email
EFTA00438814.pdf,data-set-9-files-12,1,email
EFTA00438815.pdf,data-set-9-files-12,1,email
EFTA00438816.pdf,data-set-9-files-12,1,email
EFTA00438817.pdf,data-set-9-files-12,1,email
EFTA00438818.pdf,data-set-9-files-12,1,email
EFTA00438819.pdf,data-set-9-files-12,1,email
EFTA00438820.pdf,data-set-9-files-12,1,email
EFTA00438821.pdf,data-set-9-files-12,1,email
EFTA00438822.pdf,data-set-9-files-12,3,email
EFTA00438825.pdf,data-set-9-files-12,2,email
EFTA00438827.pdf,data-set-9-files-12,2,email
EFTA00438829.pdf,data-set-9-files-12,3,email
EFTA00438832.pdf,data-set-9-files-12,1,email
EFTA00438833.pdf,data-set-9-files-12,2,email
EFTA00438835.pdf,data-set-9-files-12,1,email
EFTA00438836.pdf,data-set-9-files-12,1,email
EFTA00438837.pdf,data-set-9-files-12,2,email
EFTA00438839.pdf,data-set-9-files-12,1,email
EFTA00438840.pdf,data-set-9-files-12,1,email
EFTA00438841.pdf,data-set-9-files-12,1,email
EFTA00438842.pdf,data-set-9-files-12,1,email
EFTA00438843.pdf,data-set-9-files-12,1,email
EFTA00438844.pdf,data-set-9-files-12,1,email
EFTA00438845.pdf,data-set-9-files-12,1,other
EFTA00438846.pdf,data-set-9-files-12,1,email
EFTA00438847.pdf,data-set-9-files-12,1,email
EFTA00438848.pdf,data-set-9-files-12,1,email
EFTA00438849.pdf,data-set-9-files-12,1,email
EFTA00438850.pdf,data-set-9-files-12,1,email
EFTA00438851.pdf,data-set-9-files-12,1,email
EFTA00438852.pdf,data-set-9-files-12,1,email
EFTA00438853.pdf,data-set-9-files-12,2,email
EFTA00438855.pdf,data-set-9-files-12,1,email
EFTA00438856.pdf,data-set-9-files-12,2,email
EFTA00438858.pdf,data-set-9-files-12,1,email
EFTA00438859.pdf,data-set-9-files-12,1,email
EFTA00438860.pdf,data-set-9-files-12,2,email
EFTA00438862.pdf,data-set-9-files-12,3,email
EFTA00438865.pdf,data-set-9-files-12,2,email
EFTA00438867.pdf,data-set-9-files-12,1,email
EFTA00438868.pdf,data-set-9-files-12,1,email
EFTA00438869.pdf,data-set-9-files-12,1,email
EFTA00438870.pdf,data-set-9-files-12,1,email
EFTA00438871.pdf,data-set-9-files-12,2,email
EFTA00438873.pdf,data-set-9-files-12,1,email
EFTA00438874.pdf,data-set-9-files-12,1,email
EFTA00438875.pdf,data-set-9-files-12,2,email
EFTA00438877.pdf,data-set-9-files-12,2,email
EFTA00438879.pdf,data-set-9-files-12,4,email
EFTA00438883.pdf,data-set-9-files-12,4,email
EFTA00438887.pdf,data-set-9-files-12,3,email
EFTA00438890.pdf,data-set-9-files-12,3,email
EFTA00438893.pdf,data-set-9-files-12,3,email
EFTA00438896.pdf,data-set-9-files-12,3,email
EFTA00438899.pdf,data-set-9-files-12,3,email
EFTA00438902.pdf,data-set-9-files-12,4,email
EFTA00438906.pdf,data-set-9-files-12,4,email
EFTA00438910.pdf,data-set-9-files-12,1,email
EFTA00438911.pdf,data-set-9-files-12,2,email
EFTA00438913.pdf,data-set-9-files-12,1,email
EFTA00438914.pdf,data-set-9-files-12,1,email
EFTA00438915.pdf,data-set-9-files-12,1,email
EFTA00438916.pdf,data-set-9-files-12,1,email
EFTA00438917.pdf,data-set-9-files-12,1,email
EFTA00438918.pdf,data-set-9-files-12,3,email
EFTA00438921.pdf,data-set-9-files-12,3,email
EFTA00438924.pdf,data-set-9-files-12,1,email
EFTA00438925.pdf,data-set-9-files-12,1,email
EFTA00438926.pdf,data-set-9-files-12,3,email
EFTA00438929.pdf,data-set-9-files-12,1,email
EFTA00438930.pdf,data-set-9-files-12,5,email
EFTA00438935.pdf,data-set-9-files-12,5,email
EFTA00438940.pdf,data-set-9-files-12,1,email
EFTA00438941.pdf,data-set-9-files-12,1,email
EFTA00438942.pdf,data-set-9-files-12,5,email
EFTA00438947.pdf,data-set-9-files-12,1,email
EFTA00438948.pdf,data-set-9-files-12,2,email
EFTA00438950.pdf,data-set-9-files-12,1,email
EFTA00438951.pdf,data-set-9-files-12,1,email
EFTA00438952.pdf,data-set-9-files-12,2,email
EFTA00438954.pdf,data-set-9-files-12,2,email
EFTA00438956.pdf,data-set-9-files-12,1,email
EFTA00438957.pdf,data-set-9-files-12,1,email
EFTA00438958.pdf,data-set-9-files-12,3,email
EFTA00438961.pdf,data-set-9-files-12,1,email
EFTA00438962.pdf,data-set-9-files-12,1,email
EFTA00438963.pdf,data-set-9-files-12,1,email
EFTA00438964.pdf,data-set-9-files-12,3,email
EFTA00438967.pdf,data-set-9-files-12,1,email
EFTA00438968.pdf,data-set-9-files-12,3,email
EFTA00438971.pdf,data-set-9-files-12,3,email
EFTA00438974.pdf,data-set-9-files-12,3,email
EFTA00438977.pdf,data-set-9-files-12,1,email
EFTA00438978.pdf,data-set-9-files-12,1,email
EFTA00438979.pdf,data-set-9-files-12,1,email
EFTA00438980.pdf,data-set-9-files-12,1,email
EFTA00438981.pdf,data-set-9-files-12,1,email
EFTA00438982.pdf,data-set-9-files-12,1,email
EFTA00438983.pdf,data-set-9-files-12,1,email
EFTA00438984.pdf,data-set-9-files-12,1,email
EFTA00438985.pdf,data-set-9-files-12,1,email
EFTA00438986.pdf,data-set-9-files-12,3,email
EFTA00438989.pdf,data-set-9-files-12,1,email
EFTA00438990.pdf,data-set-9-files-12,2,email
EFTA00438992.pdf,data-set-9-files-12,1,email
EFTA00438993.pdf,data-set-9-files-12,1,email
EFTA00438994.pdf,data-set-9-files-12,1,email
EFTA00438995.pdf,data-set-9-files-12,1,email
EFTA00438996.pdf,data-set-9-files-12,1,email
EFTA00438997.pdf,data-set-9-files-12,1,email
EFTA00438998.pdf,data-set-9-files-12,1,email
EFTA00438999.pdf,data-set-9-files-12,1,email
EFTA00439000.pdf,data-set-9-files-12,2,email
EFTA00439002.pdf,data-set-9-files-12,1,email
EFTA00439003.pdf,data-set-9-files-12,1,email
EFTA00439004.pdf,data-set-9-files-12,1,email
EFTA00439005.pdf,data-set-9-files-12,3,email
EFTA00439008.pdf,data-set-9-files-12,4,email
EFTA00439012.pdf,data-set-9-files-12,3,email
EFTA00439015.pdf,data-set-9-files-12,3,email
EFTA00439018.pdf,data-set-9-files-12,3,email
EFTA00439021.pdf,data-set-9-files-12,4,email
EFTA00439025.pdf,data-set-9-files-12,2,email
EFTA00439027.pdf,data-set-9-files-12,2,email
EFTA00439029.pdf,data-set-9-files-12,4,email
EFTA00439033.pdf,data-set-9-files-12,3,email
EFTA00439036.pdf,data-set-9-files-12,3,email
EFTA00439039.pdf,data-set-9-files-12,2,email
EFTA00439041.pdf,data-set-9-files-12,2,email
EFTA00439043.pdf,data-set-9-files-12,4,email
EFTA00439047.pdf,data-set-9-files-12,1,email
EFTA00439048.pdf,data-set-9-files-12,1,email
EFTA00439049.pdf,data-set-9-files-12,1,email
EFTA00439050.pdf,data-set-9-files-12,2,email
EFTA00439052.pdf,data-set-9-files-12,1,email
EFTA00439053.pdf,data-set-9-files-12,1,email
EFTA00439054.pdf,data-set-9-files-12,3,email
EFTA00439057.pdf,data-set-9-files-12,3,email
EFTA00439060.pdf,data-set-9-files-12,3,email
EFTA00439063.pdf,data-set-9-files-12,3,email
EFTA00439066.pdf,data-set-9-files-12,3,email
EFTA00439069.pdf,data-set-9-files-12,1,email
EFTA00439070.pdf,data-set-9-files-12,1,email
EFTA00439071.pdf,data-set-9-files-12,4,email
EFTA00439075.pdf,data-set-9-files-12,1,email
EFTA00439076.pdf,data-set-9-files-12,3,email
EFTA00439079.pdf,data-set-9-files-12,1,email
EFTA00439080.pdf,data-set-9-files-12,1,email
EFTA00439081.pdf,data-set-9-files-12,3,email
EFTA00439084.pdf,data-set-9-files-12,1,email
EFTA00439085.pdf,data-set-9-files-12,1,email
EFTA00439086.pdf,data-set-9-files-12,2,email
EFTA00439088.pdf,data-set-9-files-12,1,email
EFTA00439089.pdf,data-set-9-files-12,1,email
EFTA00439090.pdf,data-set-9-files-12,1,email
EFTA00439091.pdf,data-set-9-files-12,1,email
EFTA00439092.pdf,data-set-9-files-12,1,email
EFTA00439093.pdf,data-set-9-files-12,1,email
EFTA00439094.pdf,data-set-9-files-12,1,email
EFTA00439095.pdf,data-set-9-files-12,1,email
EFTA00439096.pdf,data-set-9-files-12,1,email
EFTA00439097.pdf,data-set-9-files-12,1,email
EFTA00439098.pdf,data-set-9-files-12,1,email
EFTA00439099.pdf,data-set-9-files-12,4,email
EFTA00439103.pdf,data-set-9-files-12,4,email
EFTA00439107.pdf,data-set-9-files-12,1,email
EFTA00439108.pdf,data-set-9-files-12,1,email
EFTA00439109.pdf,data-set-9-files-12,3,email
EFTA00439112.pdf,data-set-9-files-12,4,email
EFTA00439116.pdf,data-set-9-files-12,4,email
EFTA00439120.pdf,data-set-9-files-12,1,email
EFTA00439121.pdf,data-set-9-files-12,1,email
EFTA00439122.pdf,data-set-9-files-12,2,email
EFTA00439124.pdf,data-set-9-files-12,1,email
EFTA00439125.pdf,data-set-9-files-12,1,email
EFTA00439126.pdf,data-set-9-files-12,1,email
EFTA00439127.pdf,data-set-9-files-12,1,email
EFTA00439128.pdf,data-set-9-files-12,1,email
EFTA00439129.pdf,data-set-9-files-12,1,email
EFTA00439130.pdf,data-set-9-files-12,1,email
EFTA00439131.pdf,data-set-9-files-12,1,email
EFTA00439132.pdf,data-set-9-files-12,4,email
EFTA00439136.pdf,data-set-9-files-12,4,email
EFTA00439140.pdf,data-set-9-files-12,4,email
EFTA00439144.pdf,data-set-9-files-12,4,email
EFTA00439148.pdf,data-set-9-files-12,3,email
EFTA00439151.pdf,data-set-9-files-12,1,email
EFTA00439152.pdf,data-set-9-files-12,4,email
EFTA00439156.pdf,data-set-9-files-12,1,email
EFTA00439157.pdf,data-set-9-files-12,4,email
EFTA00439161.pdf,data-set-9-files-12,1,email
EFTA00439162.pdf,data-set-9-files-12,1,email
EFTA00439163.pdf,data-set-9-files-12,1,email
EFTA00439164.pdf,data-set-9-files-12,1,email
EFTA00439165.pdf,data-set-9-files-12,1,email
EFTA00439166.pdf,data-set-9-files-12,1,email
EFTA00439167.pdf,data-set-9-files-12,2,email
EFTA00439169.pdf,data-set-9-files-12,1,email
EFTA00439170.pdf,data-set-9-files-12,1,email
EFTA00439171.pdf,data-set-9-files-12,1,email
EFTA00439172.pdf,data-set-9-files-12,1,email
EFTA00439173.pdf,data-set-9-files-12,1,email
EFTA00439174.pdf,data-set-9-files-12,1,email
EFTA00439175.pdf,data-set-9-files-12,1,email
EFTA00439176.pdf,data-set-9-files-12,2,email
EFTA00439178.pdf,data-set-9-files-12,1,email
EFTA00439179.pdf,data-set-9-files-12,1,email
EFTA00439180.pdf,data-set-9-files-12,1,email
EFTA00439181.pdf,data-set-9-files-12,1,email
EFTA00439182.pdf,data-set-9-files-12,1,email
EFTA00439183.pdf,data-set-9-files-12,1,email
EFTA00439184.pdf,data-set-9-files-12,1,email
EFTA00439185.pdf,data-set-9-files-12,1,email
EFTA00439186.pdf,data-set-9-files-12,1,email
EFTA00439187.pdf,data-set-9-files-12,1,email
EFTA00439188.pdf,data-set-9-files-12,1,email
EFTA00439189.pdf,data-set-9-files-12,1,email
EFTA00439190.pdf,data-set-9-files-12,1,email
EFTA00439191.pdf,data-set-9-files-12,1,email
EFTA00439192.pdf,data-set-9-files-12,1,email
EFTA00439193.pdf,data-set-9-files-12,1,email
EFTA00439194.pdf,data-set-9-files-12,2,email
EFTA00439196.pdf,data-set-9-files-12,1,email
EFTA00439197.pdf,data-set-9-files-12,1,email
EFTA00439198.pdf,data-set-9-files-12,1,email
EFTA00439199.pdf,data-set-9-files-12,1,email
EFTA00439200.pdf,data-set-9-files-12,1,email
EFTA00439201.pdf,data-set-9-files-12,1,email
EFTA00439202.pdf,data-set-9-files-12,2,email
EFTA00439204.pdf,data-set-9-files-12,1,email
EFTA00439205.pdf,data-set-9-files-12,1,email
EFTA00439206.pdf,data-set-9-files-12,1,email
EFTA00439207.pdf,data-set-9-files-12,1,email
EFTA00439208.pdf,data-set-9-files-12,1,email
EFTA00439209.pdf,data-set-9-files-12,1,email
EFTA00439210.pdf,data-set-9-files-12,2,email
EFTA00439212.pdf,data-set-9-files-12,2,email
EFTA00439214.pdf,data-set-9-files-12,1,email
EFTA00439215.pdf,data-set-9-files-12,2,email
EFTA00439217.pdf,data-set-9-files-12,1,email
EFTA00439218.pdf,data-set-9-files-12,2,email
EFTA00439220.pdf,data-set-9-files-12,4,email
EFTA00439224.pdf,data-set-9-files-12,1,email
EFTA00439225.pdf,data-set-9-files-12,1,email
EFTA00439226.pdf,data-set-9-files-12,2,email
EFTA00439228.pdf,data-set-9-files-12,2,email
EFTA00439230.pdf,data-set-9-files-12,1,email
EFTA00439231.pdf,data-set-9-files-12,2,email
EFTA00439233.pdf,data-set-9-files-12,2,email
EFTA00439235.pdf,data-set-9-files-12,1,email
EFTA00439236.pdf,data-set-9-files-12,1,email
EFTA00439237.pdf,data-set-9-files-12,1,email
EFTA00439238.pdf,data-set-9-files-12,1,email
EFTA00439239.pdf,data-set-9-files-12,1,email
EFTA00439240.pdf,data-set-9-files-12,2,email
EFTA00439242.pdf,data-set-9-files-12,2,email
EFTA00439244.pdf,data-set-9-files-12,1,email
EFTA00439245.pdf,data-set-9-files-12,1,email
EFTA00439246.pdf,data-set-9-files-12,2,email
EFTA00439248.pdf,data-set-9-files-12,2,email
EFTA00439250.pdf,data-set-9-files-12,6,email
EFTA00439256.pdf,data-set-9-files-12,1,email
EFTA00439257.pdf,data-set-9-files-12,6,email
EFTA00439263.pdf,data-set-9-files-12,1,email
EFTA00439264.pdf,data-set-9-files-12,1,email
EFTA00439265.pdf,data-set-9-files-12,1,email
EFTA00439266.pdf,data-set-9-files-12,1,email
EFTA00439267.pdf,data-set-9-files-12,1,email
EFTA00439268.pdf,data-set-9-files-12,1,email
EFTA00439269.pdf,data-set-9-files-12,1,email
EFTA00439270.pdf,data-set-9-files-12,1,email
EFTA00439271.pdf,data-set-9-files-12,1,email
EFTA00439272.pdf,data-set-9-files-12,2,email
EFTA00439274.pdf,data-set-9-files-12,1,email
EFTA00439275.pdf,data-set-9-files-12,1,email
EFTA00439276.pdf,data-set-9-files-12,1,email
EFTA00439277.pdf,data-set-9-files-12,1,email
EFTA00439278.pdf,data-set-9-files-12,2,email
EFTA00439280.pdf,data-set-9-files-12,2,email
EFTA00439282.pdf,data-set-9-files-12,2,email
EFTA00439284.pdf,data-set-9-files-12,1,email
EFTA00439285.pdf,data-set-9-files-12,1,email
EFTA00439286.pdf,data-set-9-files-12,1,email
EFTA00439287.pdf,data-set-9-files-12,1,email
EFTA00439288.pdf,data-set-9-files-12,1,email
EFTA00439289.pdf,data-set-9-files-12,2,email
EFTA00439291.pdf,data-set-9-files-12,1,email
EFTA00439292.pdf,data-set-9-files-12,2,email
EFTA00439294.pdf,data-set-9-files-12,1,email
EFTA00439295.pdf,data-set-9-files-12,4,email
EFTA00439299.pdf,data-set-9-files-12,1,email
EFTA00439300.pdf,data-set-9-files-12,4,email
EFTA00439304.pdf,data-set-9-files-12,3,email
EFTA00439307.pdf,data-set-9-files-12,3,email
EFTA00439310.pdf,data-set-9-files-12,2,email
EFTA00439312.pdf,data-set-9-files-12,3,email
EFTA00439315.pdf,data-set-9-files-12,4,email
EFTA00439319.pdf,data-set-9-files-12,4,email
EFTA00439323.pdf,data-set-9-files-12,1,email
EFTA00439324.pdf,data-set-9-files-12,1,email
EFTA00439325.pdf,data-set-9-files-12,2,email
EFTA00439327.pdf,data-set-9-files-12,2,email
EFTA00439329.pdf,data-set-9-files-12,1,email
EFTA00439330.pdf,data-set-9-files-12,1,email
EFTA00439331.pdf,data-set-9-files-12,1,email
EFTA00439332.pdf,data-set-9-files-12,2,email
EFTA00439334.pdf,data-set-9-files-12,1,email
EFTA00439335.pdf,data-set-9-files-12,1,email
EFTA00439336.pdf,data-set-9-files-12,1,email
EFTA00439337.pdf,data-set-9-files-12,2,email
EFTA00439339.pdf,data-set-9-files-12,2,email
EFTA00439341.pdf,data-set-9-files-12,2,email
EFTA00439343.pdf,data-set-9-files-12,1,email
EFTA00439344.pdf,data-set-9-files-12,2,email
EFTA00439346.pdf,data-set-9-files-12,4,email
EFTA00439350.pdf,data-set-9-files-12,3,email
EFTA00439353.pdf,data-set-9-files-12,1,email
EFTA00439354.pdf,data-set-9-files-12,3,email
EFTA00439357.pdf,data-set-9-files-12,3,email
EFTA00439360.pdf,data-set-9-files-12,2,email
EFTA00439362.pdf,data-set-9-files-12,3,email
EFTA00439365.pdf,data-set-9-files-12,1,email
EFTA00439366.pdf,data-set-9-files-12,1,email
EFTA00439367.pdf,data-set-9-files-12,1,email
EFTA00439368.pdf,data-set-9-files-12,1,email
EFTA00439369.pdf,data-set-9-files-12,1,email
EFTA00439370.pdf,data-set-9-files-12,1,email
EFTA00439371.pdf,data-set-9-files-12,1,email
EFTA00439372.pdf,data-set-9-files-12,4,email
EFTA00439376.pdf,data-set-9-files-12,1,email
EFTA00439377.pdf,data-set-9-files-12,2,email
EFTA00439379.pdf,data-set-9-files-12,4,email
EFTA00439383.pdf,data-set-9-files-12,2,email
EFTA00439385.pdf,data-set-9-files-12,1,email
EFTA00439386.pdf,data-set-9-files-12,2,email
EFTA00439388.pdf,data-set-9-files-12,2,email
EFTA00439390.pdf,data-set-9-files-12,2,email
EFTA00439392.pdf,data-set-9-files-12,2,email
EFTA00439394.pdf,data-set-9-files-12,1,email
EFTA00439395.pdf,data-set-9-files-12,3,email
EFTA00439398.pdf,data-set-9-files-12,1,email
EFTA00439399.pdf,data-set-9-files-12,1,email
EFTA00439400.pdf,data-set-9-files-12,1,email
EFTA00439401.pdf,data-set-9-files-12,2,email
EFTA00439403.pdf,data-set-9-files-12,2,email
EFTA00439405.pdf,data-set-9-files-12,2,email
EFTA00439407.pdf,data-set-9-files-12,2,email
EFTA00439409.pdf,data-set-9-files-12,1,email
EFTA00439410.pdf,data-set-9-files-12,1,email
EFTA00439411.pdf,data-set-9-files-12,1,email
EFTA00439412.pdf,data-set-9-files-12,1,email
EFTA00439413.pdf,data-set-9-files-12,1,email
EFTA00439414.pdf,data-set-9-files-12,1,email
EFTA00439415.pdf,data-set-9-files-12,1,email
EFTA00439416.pdf,data-set-9-files-12,1,email
EFTA00439417.pdf,data-set-9-files-12,2,email
EFTA00439419.pdf,data-set-9-files-12,5,email
EFTA00439424.pdf,data-set-9-files-12,5,email
EFTA00439429.pdf,data-set-9-files-12,1,email
EFTA00439430.pdf,data-set-9-files-12,3,email
EFTA00439433.pdf,data-set-9-files-12,2,email
EFTA00439435.pdf,data-set-9-files-12,1,email
EFTA00439436.pdf,data-set-9-files-12,1,email
EFTA00439437.pdf,data-set-9-files-12,1,email
EFTA00439438.pdf,data-set-9-files-12,1,email
EFTA00439439.pdf,data-set-9-files-12,1,email
EFTA00439440.pdf,data-set-9-files-12,2,email
EFTA00439442.pdf,data-set-9-files-12,2,email
EFTA00439444.pdf,data-set-9-files-12,2,email
EFTA00439446.pdf,data-set-9-files-12,3,email
EFTA00439449.pdf,data-set-9-files-12,2,email
EFTA00439451.pdf,data-set-9-files-12,3,email
EFTA00439454.pdf,data-set-9-files-12,1,email
EFTA00439455.pdf,data-set-9-files-12,4,email
EFTA00439459.pdf,data-set-9-files-12,3,email
EFTA00439462.pdf,data-set-9-files-12,1,email
EFTA00439463.pdf,data-set-9-files-12,3,email
EFTA00439466.pdf,data-set-9-files-12,4,email
EFTA00439470.pdf,data-set-9-files-12,5,email
EFTA00439475.pdf,data-set-9-files-12,1,email
EFTA00439476.pdf,data-set-9-files-12,2,email
EFTA00439478.pdf,data-set-9-files-12,3,email
EFTA00439481.pdf,data-set-9-files-12,1,email
EFTA00439482.pdf,data-set-9-files-12,4,email
EFTA00439486.pdf,data-set-9-files-12,7,email
EFTA00439493.pdf,data-set-9-files-12,1,email
EFTA00439494.pdf,data-set-9-files-12,1,email
EFTA00439495.pdf,data-set-9-files-12,1,email
EFTA00439496.pdf,data-set-9-files-12,1,email
EFTA00439497.pdf,data-set-9-files-12,3,email
EFTA00439500.pdf,data-set-9-files-12,3,email
EFTA00439503.pdf,data-set-9-files-12,3,email
EFTA00439506.pdf,data-set-9-files-12,3,email
EFTA00439509.pdf,data-set-9-files-12,3,email
EFTA00439512.pdf,data-set-9-files-12,4,email
EFTA00439516.pdf,data-set-9-files-12,3,email
EFTA00439519.pdf,data-set-9-files-12,1,email
EFTA00439520.pdf,data-set-9-files-12,2,email
EFTA00439522.pdf,data-set-9-files-12,2,email
EFTA00439524.pdf,data-set-9-files-12,1,email
EFTA00439525.pdf,data-set-9-files-12,1,email
EFTA00439526.pdf,data-set-9-files-12,2,email
EFTA00439528.pdf,data-set-9-files-12,1,email
EFTA00439529.pdf,data-set-9-files-12,1,email
EFTA00439530.pdf,data-set-9-files-12,2,email
EFTA00439532.pdf,data-set-9-files-12,4,email
EFTA00439536.pdf,data-set-9-files-12,1,email
EFTA00439537.pdf,data-set-9-files-12,1,email
EFTA00439538.pdf,data-set-9-files-12,1,email
EFTA00439539.pdf,data-set-9-files-12,1,email
EFTA00439540.pdf,data-set-9-files-12,1,email
EFTA00439541.pdf,data-set-9-files-12,2,email
EFTA00439543.pdf,data-set-9-files-12,2,email
EFTA00439545.pdf,data-set-9-files-12,2,email
EFTA00439547.pdf,data-set-9-files-12,1,email
EFTA00439548.pdf,data-set-9-files-12,1,email
EFTA00439549.pdf,data-set-9-files-12,1,email
EFTA00439550.pdf,data-set-9-files-12,4,email
EFTA00439554.pdf,data-set-9-files-12,4,email
EFTA00439558.pdf,data-set-9-files-12,2,email
EFTA00439560.pdf,data-set-9-files-12,2,email
EFTA00439562.pdf,data-set-9-files-12,5,email
EFTA00439567.pdf,data-set-9-files-12,1,email
EFTA00439568.pdf,data-set-9-files-12,6,email
EFTA00439574.pdf,data-set-9-files-12,1,email
EFTA00439575.pdf,data-set-9-files-12,1,email
EFTA00439576.pdf,data-set-9-files-12,1,email
EFTA00439577.pdf,data-set-9-files-12,3,email
EFTA00439580.pdf,data-set-9-files-12,1,email
EFTA00439581.pdf,data-set-9-files-12,1,email
EFTA00439582.pdf,data-set-9-files-12,1,email
EFTA00439583.pdf,data-set-9-files-12,1,email
EFTA00439584.pdf,data-set-9-files-12,1,email
EFTA00439585.pdf,data-set-9-files-12,1,email
EFTA00439586.pdf,data-set-9-files-12,1,email
EFTA00439587.pdf,data-set-9-files-12,1,email
EFTA00439588.pdf,data-set-9-files-12,2,email
EFTA00439590.pdf,data-set-9-files-12,2,email
EFTA00439592.pdf,data-set-9-files-12,1,email
EFTA00439593.pdf,data-set-9-files-12,1,email
EFTA00439594.pdf,data-set-9-files-12,1,email
EFTA00439595.pdf,data-set-9-files-12,2,email
EFTA00439597.pdf,data-set-9-files-12,2,email
EFTA00439599.pdf,data-set-9-files-12,1,email
EFTA00439600.pdf,data-set-9-files-12,2,email
EFTA00439602.pdf,data-set-9-files-12,1,email
EFTA00439603.pdf,data-set-9-files-12,1,email
EFTA00439604.pdf,data-set-9-files-12,1,email
EFTA00439605.pdf,data-set-9-files-12,1,email
EFTA00439606.pdf,data-set-9-files-12,1,email
EFTA00439607.pdf,data-set-9-files-12,2,email
EFTA00439609.pdf,data-set-9-files-12,2,email
EFTA00439611.pdf,data-set-9-files-12,1,email
EFTA00439612.pdf,data-set-9-files-12,2,email
EFTA00439614.pdf,data-set-9-files-12,1,email
EFTA00439615.pdf,data-set-9-files-12,1,email
EFTA00439616.pdf,data-set-9-files-12,2,email
EFTA00439618.pdf,data-set-9-files-12,2,email
EFTA00439620.pdf,data-set-9-files-12,3,email
EFTA00439623.pdf,data-set-9-files-12,3,email
EFTA00439626.pdf,data-set-9-files-12,4,email
EFTA00439630.pdf,data-set-9-files-12,3,email
EFTA00439633.pdf,data-set-9-files-12,1,email
EFTA00439634.pdf,data-set-9-files-12,1,email
EFTA00439635.pdf,data-set-9-files-12,1,email
EFTA00439636.pdf,data-set-9-files-12,1,email
EFTA00439637.pdf,data-set-9-files-12,2,email
EFTA00439639.pdf,data-set-9-files-12,1,email
EFTA00439640.pdf,data-set-9-files-12,3,email
EFTA00439643.pdf,data-set-9-files-12,3,email
EFTA00439646.pdf,data-set-9-files-12,1,email
EFTA00439647.pdf,data-set-9-files-12,2,email
EFTA00439649.pdf,data-set-9-files-12,1,email
EFTA00439650.pdf,data-set-9-files-12,3,email
EFTA00439653.pdf,data-set-9-files-12,3,email
EFTA00439656.pdf,data-set-9-files-12,5,email
EFTA00439661.pdf,data-set-9-files-12,5,email
EFTA00439666.pdf,data-set-9-files-12,1,email
EFTA00439667.pdf,data-set-9-files-12,2,email
EFTA00439669.pdf,data-set-9-files-12,1,email
EFTA00439670.pdf,data-set-9-files-12,1,email
EFTA00439671.pdf,data-set-9-files-12,1,email
EFTA00439672.pdf,data-set-9-files-12,1,email
EFTA00439673.pdf,data-set-9-files-12,2,email
EFTA00439675.pdf,data-set-9-files-12,1,email
EFTA00439676.pdf,data-set-9-files-12,1,email
EFTA00439677.pdf,data-set-9-files-12,1,email
EFTA00439678.pdf,data-set-9-files-12,1,email
EFTA00439679.pdf,data-set-9-files-12,2,email
EFTA00439681.pdf,data-set-9-files-12,2,email
EFTA00439683.pdf,data-set-9-files-12,2,email
EFTA00439685.pdf,data-set-9-files-12,3,email
EFTA00439688.pdf,data-set-9-files-12,1,email
EFTA00439689.pdf,data-set-9-files-12,1,email
EFTA00439690.pdf,data-set-9-files-12,1,email
EFTA00439691.pdf,data-set-9-files-12,1,email
EFTA00439692.pdf,data-set-9-files-12,1,email
EFTA00439693.pdf,data-set-9-files-12,1,email
EFTA00439694.pdf,data-set-9-files-12,1,email
EFTA00439695.pdf,data-set-9-files-12,1,email
EFTA00439696.pdf,data-set-9-files-12,1,email
EFTA00439697.pdf,data-set-9-files-12,1,email
EFTA00439698.pdf,data-set-9-files-12,2,email
EFTA00439700.pdf,data-set-9-files-12,1,email
EFTA00439701.pdf,data-set-9-files-12,1,email
EFTA00439702.pdf,data-set-9-files-12,2,email
EFTA00439704.pdf,data-set-9-files-12,2,email
EFTA00439706.pdf,data-set-9-files-12,3,email
EFTA00439709.pdf,data-set-9-files-12,2,email
EFTA00439711.pdf,data-set-9-files-12,1,email
EFTA00439712.pdf,data-set-9-files-12,2,email
EFTA00439714.pdf,data-set-9-files-12,2,email
EFTA00439716.pdf,data-set-9-files-12,2,email
EFTA00439718.pdf,data-set-9-files-12,1,email
EFTA00439719.pdf,data-set-9-files-12,2,email
EFTA00439721.pdf,data-set-9-files-12,1,email
EFTA00439722.pdf,data-set-9-files-12,1,email
EFTA00439723.pdf,data-set-9-files-12,2,email
EFTA00439725.pdf,data-set-9-files-12,1,email
EFTA00439726.pdf,data-set-9-files-12,1,email
EFTA00439727.pdf,data-set-9-files-12,1,email
EFTA00439728.pdf,data-set-9-files-12,1,email
EFTA00439729.pdf,data-set-9-files-12,1,email
EFTA00439730.pdf,data-set-9-files-12,1,email
EFTA00439731.pdf,data-set-9-files-12,1,email
EFTA00439732.pdf,data-set-9-files-12,1,email
EFTA00439733.pdf,data-set-9-files-12,1,email
EFTA00439734.pdf,data-set-9-files-12,1,email
EFTA00439735.pdf,data-set-9-files-12,1,email
EFTA00439736.pdf,data-set-9-files-12,5,email
EFTA00439741.pdf,data-set-9-files-12,1,email
EFTA00439742.pdf,data-set-9-files-12,1,email
EFTA00439743.pdf,data-set-9-files-12,1,email
EFTA00439744.pdf,data-set-9-files-12,1,email
EFTA00439745.pdf,data-set-9-files-12,1,email
EFTA00439746.pdf,data-set-9-files-12,4,email
EFTA00439750.pdf,data-set-9-files-12,1,email
EFTA00439751.pdf,data-set-9-files-12,1,email
EFTA00439752.pdf,data-set-9-files-12,1,email
EFTA00439753.pdf,data-set-9-files-12,2,email
EFTA00439755.pdf,data-set-9-files-12,1,email
EFTA00439756.pdf,data-set-9-files-12,1,email
EFTA00439757.pdf,data-set-9-files-12,5,email
EFTA00439762.pdf,data-set-9-files-12,2,email
EFTA00439764.pdf,data-set-9-files-12,1,email
EFTA00439765.pdf,data-set-9-files-12,1,email
EFTA00439766.pdf,data-set-9-files-12,2,email
EFTA00439768.pdf,data-set-9-files-12,1,email
EFTA00439769.pdf,data-set-9-files-12,1,email
EFTA00439770.pdf,data-set-9-files-12,1,email
EFTA00439771.pdf,data-set-9-files-12,1,email
EFTA00439772.pdf,data-set-9-files-12,2,email
EFTA00439774.pdf,data-set-9-files-12,1,email
EFTA00439775.pdf,data-set-9-files-12,3,email
EFTA00439778.pdf,data-set-9-files-12,1,email
EFTA00439779.pdf,data-set-9-files-12,1,email
EFTA00439780.pdf,data-set-9-files-12,2,email
EFTA00439782.pdf,data-set-9-files-12,2,email
EFTA00439784.pdf,data-set-9-files-12,1,email
EFTA00439785.pdf,data-set-9-files-12,2,email
EFTA00439787.pdf,data-set-9-files-12,1,email
EFTA00439788.pdf,data-set-9-files-12,2,email
EFTA00439790.pdf,data-set-9-files-12,2,email
EFTA00439792.pdf,data-set-9-files-12,1,email
EFTA00439793.pdf,data-set-9-files-12,1,email
EFTA00439794.pdf,data-set-9-files-12,2,email
EFTA00439796.pdf,data-set-9-files-12,1,email
EFTA00439797.pdf,data-set-9-files-12,2,email
EFTA00439799.pdf,data-set-9-files-12,2,email
EFTA00439801.pdf,data-set-9-files-12,1,email
EFTA00439802.pdf,data-set-9-files-12,1,email
EFTA00439803.pdf,data-set-9-files-12,1,email
EFTA00439804.pdf,data-set-9-files-12,1,email
EFTA00439805.pdf,data-set-9-files-12,1,email
EFTA00439806.pdf,data-set-9-files-12,1,email
EFTA00439807.pdf,data-set-9-files-12,3,email
EFTA00439810.pdf,data-set-9-files-12,1,email
EFTA00439811.pdf,data-set-9-files-12,1,email
EFTA00439812.pdf,data-set-9-files-12,2,email
EFTA00439814.pdf,data-set-9-files-12,1,email
EFTA00439815.pdf,data-set-9-files-12,9,email
EFTA00439824.pdf,data-set-9-files-12,1,email
EFTA00439825.pdf,data-set-9-files-12,1,email
EFTA00439826.pdf,data-set-9-files-12,1,email
EFTA00439827.pdf,data-set-9-files-12,2,email
EFTA00439829.pdf,data-set-9-files-12,3,email
EFTA00439832.pdf,data-set-9-files-12,4,email
EFTA00439836.pdf,data-set-9-files-12,1,email
EFTA00439837.pdf,data-set-9-files-12,2,email
EFTA00439839.pdf,data-set-9-files-12,4,email
EFTA00439843.pdf,data-set-9-files-12,4,email
EFTA00439847.pdf,data-set-9-files-12,4,email
EFTA00439851.pdf,data-set-9-files-12,1,email
EFTA00439852.pdf,data-set-9-files-12,1,email
EFTA00439853.pdf,data-set-9-files-12,1,email
EFTA00439854.pdf,data-set-9-files-12,2,email
EFTA00439856.pdf,data-set-9-files-12,1,email
EFTA00439857.pdf,data-set-9-files-12,1,email
EFTA00439858.pdf,data-set-9-files-12,1,email
EFTA00439859.pdf,data-set-9-files-12,1,email
EFTA00439860.pdf,data-set-9-files-12,2,email
EFTA00439862.pdf,data-set-9-files-12,1,email
EFTA00439863.pdf,data-set-9-files-12,2,email
EFTA00439865.pdf,data-set-9-files-12,2,email
EFTA00439867.pdf,data-set-9-files-12,1,email
EFTA00439868.pdf,data-set-9-files-12,3,email
EFTA00439871.pdf,data-set-9-files-12,2,email
EFTA00439873.pdf,data-set-9-files-12,2,email
EFTA00439875.pdf,data-set-9-files-12,2,email
EFTA00439877.pdf,data-set-9-files-12,1,email
EFTA00439878.pdf,data-set-9-files-12,1,email
EFTA00439879.pdf,data-set-9-files-12,2,email
EFTA00439881.pdf,data-set-9-files-12,1,email
EFTA00439882.pdf,data-set-9-files-12,1,email
EFTA00439883.pdf,data-set-9-files-12,3,email
EFTA00439886.pdf,data-set-9-files-12,1,email
EFTA00439887.pdf,data-set-9-files-12,1,email
EFTA00439888.pdf,data-set-9-files-12,1,email
EFTA00439889.pdf,data-set-9-files-12,1,email
EFTA00439890.pdf,data-set-9-files-12,1,email
EFTA00439891.pdf,data-set-9-files-12,2,email
EFTA00439893.pdf,data-set-9-files-12,2,email
EFTA00439895.pdf,data-set-9-files-12,2,email
EFTA00439897.pdf,data-set-9-files-12,2,email
EFTA00439899.pdf,data-set-9-files-12,2,email
EFTA00439901.pdf,data-set-9-files-12,1,email
EFTA00439902.pdf,data-set-9-files-12,2,email
EFTA00439904.pdf,data-set-9-files-12,2,email
EFTA00439906.pdf,data-set-9-files-12,2,email
EFTA00439908.pdf,data-set-9-files-12,3,email
EFTA00439911.pdf,data-set-9-files-12,1,email
EFTA00439912.pdf,data-set-9-files-12,1,email
EFTA00439913.pdf,data-set-9-files-12,1,email
EFTA00439914.pdf,data-set-9-files-12,1,email
EFTA00439915.pdf,data-set-9-files-12,1,email
EFTA00439916.pdf,data-set-9-files-12,1,email
EFTA00439917.pdf,data-set-9-files-12,1,email
EFTA00439918.pdf,data-set-9-files-12,2,email
EFTA00439920.pdf,data-set-9-files-12,2,email
EFTA00439922.pdf,data-set-9-files-12,1,other
EFTA00439923.pdf,data-set-9-files-12,1,email
EFTA00439924.pdf,data-set-9-files-12,1,email
EFTA00439925.pdf,data-set-9-files-12,1,email
EFTA00439926.pdf,data-set-9-files-12,1,email
EFTA00439927.pdf,data-set-9-files-12,1,email
EFTA00439928.pdf,data-set-9-files-12,1,email
EFTA00439929.pdf,data-set-9-files-12,1,email
EFTA00439930.pdf,data-set-9-files-12,1,email
EFTA00439931.pdf,data-set-9-files-12,1,email
EFTA00439932.pdf,data-set-9-files-12,1,email
EFTA00439933.pdf,data-set-9-files-12,1,email
EFTA00439934.pdf,data-set-9-files-12,2,email
EFTA00439936.pdf,data-set-9-files-12,1,email
EFTA00439937.pdf,data-set-9-files-12,1,email
EFTA00439938.pdf,data-set-9-files-12,1,email
EFTA00439939.pdf,data-set-9-files-12,1,email
EFTA00439940.pdf,data-set-9-files-12,3,email
EFTA00439943.pdf,data-set-9-files-12,1,email
EFTA00439944.pdf,data-set-9-files-12,1,email
EFTA00439945.pdf,data-set-9-files-12,1,email
EFTA00439946.pdf,data-set-9-files-12,1,email
EFTA00439947.pdf,data-set-9-files-12,1,email
EFTA00439948.pdf,data-set-9-files-12,2,email
EFTA00439950.pdf,data-set-9-files-12,1,email
EFTA00439951.pdf,data-set-9-files-12,1,email
EFTA00439952.pdf,data-set-9-files-12,1,email
EFTA00439953.pdf,data-set-9-files-12,1,email
EFTA00439954.pdf,data-set-9-files-12,1,email
EFTA00439955.pdf,data-set-9-files-12,2,email
EFTA00439957.pdf,data-set-9-files-12,2,email
EFTA00439959.pdf,data-set-9-files-12,1,email
EFTA00439960.pdf,data-set-9-files-12,1,email
EFTA00439961.pdf,data-set-9-files-12,1,email
EFTA00439962.pdf,data-set-9-files-12,1,email
EFTA00439963.pdf,data-set-9-files-12,2,email
EFTA00439965.pdf,data-set-9-files-12,1,email
EFTA00439966.pdf,data-set-9-files-12,1,email
EFTA00439967.pdf,data-set-9-files-12,1,email
EFTA00439968.pdf,data-set-9-files-12,1,email
EFTA00439969.pdf,data-set-9-files-12,1,email
EFTA00439970.pdf,data-set-9-files-12,1,email
EFTA00439971.pdf,data-set-9-files-12,3,email
EFTA00439974.pdf,data-set-9-files-12,3,email
EFTA00439977.pdf,data-set-9-files-12,1,email
EFTA00439978.pdf,data-set-9-files-12,2,email
EFTA00439980.pdf,data-set-9-files-12,1,email
EFTA00439981.pdf,data-set-9-files-12,2,email
EFTA00439983.pdf,data-set-9-files-12,1,email
EFTA00439984.pdf,data-set-9-files-12,1,email
EFTA00439985.pdf,data-set-9-files-12,1,email
EFTA00439986.pdf,data-set-9-files-12,1,email
EFTA00439987.pdf,data-set-9-files-12,1,email
EFTA00439988.pdf,data-set-9-files-12,1,email
EFTA00439989.pdf,data-set-9-files-12,1,email
EFTA00439990.pdf,data-set-9-files-12,2,email
EFTA00439992.pdf,data-set-9-files-12,2,email
EFTA00439994.pdf,data-set-9-files-12,3,email
EFTA00439997.pdf,data-set-9-files-12,1,email
EFTA00439998.pdf,data-set-9-files-12,1,email
EFTA00439999.pdf,data-set-9-files-12,1,email
EFTA00440000.pdf,data-set-9-files-12,1,email
EFTA00440001.pdf,data-set-9-files-12,1,email
EFTA00440002.pdf,data-set-9-files-12,1,email
EFTA00440003.pdf,data-set-9-files-12,1,email
EFTA00440004.pdf,data-set-9-files-12,1,email
EFTA00440005.pdf,data-set-9-files-12,1,email
EFTA00440006.pdf,data-set-9-files-12,2,email
EFTA00440008.pdf,data-set-9-files-12,1,email
EFTA00440009.pdf,data-set-9-files-12,2,email
EFTA00440011.pdf,data-set-9-files-12,2,email
EFTA00440013.pdf,data-set-9-files-12,1,email
EFTA00440014.pdf,data-set-9-files-12,1,email
EFTA00440015.pdf,data-set-9-files-12,1,email
EFTA00440016.pdf,data-set-9-files-12,1,email
EFTA00440017.pdf,data-set-9-files-12,1,email
EFTA00440018.pdf,data-set-9-files-12,1,email
EFTA00440019.pdf,data-set-9-files-12,1,email
EFTA00440020.pdf,data-set-9-files-12,1,email
EFTA00440021.pdf,data-set-9-files-12,1,email
EFTA00440022.pdf,data-set-9-files-12,1,email
EFTA00440023.pdf,data-set-9-files-12,1,email
EFTA00440024.pdf,data-set-9-files-12,1,email
EFTA00440025.pdf,data-set-9-files-12,1,email
EFTA00440026.pdf,data-set-9-files-12,2,email
EFTA00440028.pdf,data-set-9-files-12,2,email
EFTA00440030.pdf,data-set-9-files-12,1,email
EFTA00440031.pdf,data-set-9-files-12,1,email
EFTA00440032.pdf,data-set-9-files-12,1,email
EFTA00440033.pdf,data-set-9-files-12,1,email
EFTA00440034.pdf,data-set-9-files-12,1,email
EFTA00440035.pdf,data-set-9-files-12,1,email
EFTA00440036.pdf,data-set-9-files-12,5,email
EFTA00440041.pdf,data-set-9-files-12,1,email
EFTA00440042.pdf,data-set-9-files-12,1,email
EFTA00440043.pdf,data-set-9-files-12,5,email
EFTA00440048.pdf,data-set-9-files-12,1,email
EFTA00440049.pdf,data-set-9-files-12,5,email
EFTA00440054.pdf,data-set-9-files-12,5,email
EFTA00440059.pdf,data-set-9-files-12,2,email
EFTA00440061.pdf,data-set-9-files-12,1,email
EFTA00440062.pdf,data-set-9-files-12,5,email
EFTA00440067.pdf,data-set-9-files-12,1,email
EFTA00440068.pdf,data-set-9-files-12,1,email
EFTA00440069.pdf,data-set-9-files-12,1,email
EFTA00440070.pdf,data-set-9-files-12,2,email
EFTA00440072.pdf,data-set-9-files-12,1,email
EFTA00440073.pdf,data-set-9-files-12,1,email
EFTA00440074.pdf,data-set-9-files-12,1,email
EFTA00440075.pdf,data-set-9-files-12,1,email
EFTA00440076.pdf,data-set-9-files-12,1,email
EFTA00440077.pdf,data-set-9-files-12,2,email
EFTA00440079.pdf,data-set-9-files-12,1,email
EFTA00440080.pdf,data-set-9-files-12,1,email
EFTA00440081.pdf,data-set-9-files-12,1,email
EFTA00440082.pdf,data-set-9-files-12,1,email
EFTA00440083.pdf,data-set-9-files-12,1,email
EFTA00440084.pdf,data-set-9-files-12,1,email
EFTA00440085.pdf,data-set-9-files-12,2,email
EFTA00440087.pdf,data-set-9-files-12,1,email
EFTA00440088.pdf,data-set-9-files-12,1,email
EFTA00440089.pdf,data-set-9-files-12,1,email
EFTA00440090.pdf,data-set-9-files-12,3,email
EFTA00440093.pdf,data-set-9-files-12,1,email
EFTA00440094.pdf,data-set-9-files-12,1,email
EFTA00440095.pdf,data-set-9-files-12,1,email
EFTA00440096.pdf,data-set-9-files-12,1,email
EFTA00440097.pdf,data-set-9-files-12,1,email
EFTA00440098.pdf,data-set-9-files-12,1,email
EFTA00440099.pdf,data-set-9-files-12,1,email
EFTA00440100.pdf,data-set-9-files-12,1,email
EFTA00440101.pdf,data-set-9-files-12,1,email
EFTA00440102.pdf,data-set-9-files-12,1,email
EFTA00440103.pdf,data-set-9-files-12,3,email
EFTA00440106.pdf,data-set-9-files-12,4,email
EFTA00440110.pdf,data-set-9-files-12,4,email
EFTA00440114.pdf,data-set-9-files-12,2,email
EFTA00440116.pdf,data-set-9-files-12,2,email
EFTA00440118.pdf,data-set-9-files-12,2,email
EFTA00440120.pdf,data-set-9-files-12,6,email
EFTA00440126.pdf,data-set-9-files-12,1,email
EFTA00440127.pdf,data-set-9-files-12,4,email
EFTA00440131.pdf,data-set-9-files-12,4,email
EFTA00440135.pdf,data-set-9-files-12,4,email
EFTA00440139.pdf,data-set-9-files-12,4,email
EFTA00440143.pdf,data-set-9-files-12,1,email
EFTA00440144.pdf,data-set-9-files-12,1,email
EFTA00440145.pdf,data-set-9-files-12,1,email
EFTA00440146.pdf,data-set-9-files-12,1,email
EFTA00440147.pdf,data-set-9-files-12,2,email
EFTA00440149.pdf,data-set-9-files-12,1,email
EFTA00440150.pdf,data-set-9-files-12,2,email
EFTA00440152.pdf,data-set-9-files-12,1,email
EFTA00440153.pdf,data-set-9-files-12,3,email
EFTA00440156.pdf,data-set-9-files-12,3,email
EFTA00440159.pdf,data-set-9-files-12,2,email
EFTA00440161.pdf,data-set-9-files-12,2,email
EFTA00440163.pdf,data-set-9-files-12,4,email
EFTA00440167.pdf,data-set-9-files-12,2,email
EFTA00440169.pdf,data-set-9-files-12,1,email
EFTA00440170.pdf,data-set-9-files-12,2,email
EFTA00440172.pdf,data-set-9-files-12,1,email
EFTA00440173.pdf,data-set-9-files-12,1,email
EFTA00440174.pdf,data-set-9-files-12,4,email
EFTA00440178.pdf,data-set-9-files-12,4,email
EFTA00440182.pdf,data-set-9-files-12,1,email
EFTA00440183.pdf,data-set-9-files-12,2,email
EFTA00440185.pdf,data-set-9-files-12,1,email
EFTA00440186.pdf,data-set-9-files-12,1,email
EFTA00440187.pdf,data-set-9-files-12,1,email
EFTA00440188.pdf,data-set-9-files-12,1,email
EFTA00440189.pdf,data-set-9-files-12,1,email
EFTA00440190.pdf,data-set-9-files-12,1,email
EFTA00440191.pdf,data-set-9-files-12,1,email
EFTA00440192.pdf,data-set-9-files-12,2,email
EFTA00440194.pdf,data-set-9-files-12,2,email
EFTA00440196.pdf,data-set-9-files-12,1,email
EFTA00440197.pdf,data-set-9-files-12,1,email
EFTA00440198.pdf,data-set-9-files-12,3,email
EFTA00440201.pdf,data-set-9-files-12,1,email
EFTA00440202.pdf,data-set-9-files-12,1,email
EFTA00440203.pdf,data-set-9-files-12,1,email
EFTA00440204.pdf,data-set-9-files-12,1,email
EFTA00440205.pdf,data-set-9-files-12,1,email
EFTA00440206.pdf,data-set-9-files-12,1,email
EFTA00440207.pdf,data-set-9-files-12,1,email
EFTA00440208.pdf,data-set-9-files-12,1,email
EFTA00440209.pdf,data-set-9-files-12,1,email
EFTA00440210.pdf,data-set-9-files-12,1,email
EFTA00440211.pdf,data-set-9-files-12,1,email
EFTA00440212.pdf,data-set-9-files-12,1,email
EFTA00440213.pdf,data-set-9-files-12,1,email
EFTA00440214.pdf,data-set-9-files-12,1,email
EFTA00440215.pdf,data-set-9-files-12,1,email
EFTA00440216.pdf,data-set-9-files-12,1,email
EFTA00440217.pdf,data-set-9-files-12,2,email
EFTA00440219.pdf,data-set-9-files-12,1,email
EFTA00440220.pdf,data-set-9-files-12,1,email
EFTA00440221.pdf,data-set-9-files-12,1,email
EFTA00440222.pdf,data-set-9-files-12,1,email
EFTA00440223.pdf,data-set-9-files-12,1,email
EFTA00440224.pdf,data-set-9-files-12,1,email
EFTA00440225.pdf,data-set-9-files-12,1,email
EFTA00440226.pdf,data-set-9-files-12,3,email
EFTA00440229.pdf,data-set-9-files-12,2,email
EFTA00440231.pdf,data-set-9-files-12,1,email
EFTA00440232.pdf,data-set-9-files-12,2,email
EFTA00440234.pdf,data-set-9-files-12,1,email
EFTA00440235.pdf,data-set-9-files-12,2,email
EFTA00440237.pdf,data-set-9-files-12,1,email
EFTA00440238.pdf,data-set-9-files-12,1,email
EFTA00440239.pdf,data-set-9-files-12,4,email
EFTA00440243.pdf,data-set-9-files-12,1,email
EFTA00440244.pdf,data-set-9-files-12,1,email
EFTA00440245.pdf,data-set-9-files-12,2,email
EFTA00440247.pdf,data-set-9-files-12,1,email
EFTA00440248.pdf,data-set-9-files-12,1,email
EFTA00440249.pdf,data-set-9-files-12,1,email
EFTA00440250.pdf,data-set-9-files-12,1,email
EFTA00440251.pdf,data-set-9-files-12,2,email
EFTA00440253.pdf,data-set-9-files-12,2,email
EFTA00440255.pdf,data-set-9-files-12,1,email
EFTA00440256.pdf,data-set-9-files-12,1,email
EFTA00440257.pdf,data-set-9-files-12,1,email
EFTA00440258.pdf,data-set-9-files-12,1,email
EFTA00440259.pdf,data-set-9-files-12,1,email
EFTA00440260.pdf,data-set-9-files-12,1,email
EFTA00440261.pdf,data-set-9-files-12,1,email
EFTA00440262.pdf,data-set-9-files-12,3,email
EFTA00440265.pdf,data-set-9-files-12,1,email
EFTA00440266.pdf,data-set-9-files-12,1,email
EFTA00440267.pdf,data-set-9-files-12,1,email
EFTA00440268.pdf,data-set-9-files-12,1,email
EFTA00440269.pdf,data-set-9-files-12,1,email
EFTA00440270.pdf,data-set-9-files-12,1,email
EFTA00440271.pdf,data-set-9-files-12,1,email
EFTA00440272.pdf,data-set-9-files-12,1,email
EFTA00440273.pdf,data-set-9-files-12,1,email
EFTA00440274.pdf,data-set-9-files-12,2,email
EFTA00440276.pdf,data-set-9-files-12,1,email
EFTA00440277.pdf,data-set-9-files-12,1,email
EFTA00440278.pdf,data-set-9-files-12,2,email
EFTA00440280.pdf,data-set-9-files-12,2,email
EFTA00440282.pdf,data-set-9-files-12,4,email
EFTA00440286.pdf,data-set-9-files-12,4,email
EFTA00440290.pdf,data-set-9-files-12,2,email
EFTA00440292.pdf,data-set-9-files-12,1,email
EFTA00440293.pdf,data-set-9-files-12,1,email
EFTA00440294.pdf,data-set-9-files-12,1,email
EFTA00440295.pdf,data-set-9-files-12,2,email
EFTA00440297.pdf,data-set-9-files-12,1,email
EFTA00440298.pdf,data-set-9-files-12,1,email
EFTA00440299.pdf,data-set-9-files-12,2,email
