file_name,file_origin,text
EFTA00003159.pdf,data-set-2-files-1,
EFTA00003160.pdf,data-set-2-files-1,".




    EF
"
EFTA00003161.pdf,data-set-2-files-1,
EFTA00003162.pdf,data-set-2-files-1,
EFTA00003163.pdf,data-set-2-files-1,"EF
"
EFTA00003164.pdf,data-set-2-files-1,
EFTA00003165.pdf,data-set-2-files-1,"EF
"
EFTA00003166.pdf,data-set-2-files-1,"EF
"
EFTA00003167.pdf,data-set-2-files-1,"EF
"
EFTA00003168.pdf,data-set-2-files-1,"EF
"
EFTA00003169.pdf,data-set-2-files-1,"EF
"
EFTA00003170.pdf,data-set-2-files-1,"4.....




EF
"
EFTA00003171.pdf,data-set-2-files-1,"EF
"
EFTA00003172.pdf,data-set-2-files-1,
EFTA00003173.pdf,data-set-2-files-1,
EFTA00003174.pdf,data-set-2-files-1,
EFTA00003175.pdf,data-set-2-files-1,"•
                             4‘,
                        f‘   •
    411;460   .25,44
                   .%
                             ti
"
EFTA00003176.pdf,data-set-2-files-1,
EFTA00003177.pdf,data-set-2-files-1,
EFTA00003178.pdf,data-set-2-files-1,"EF
"
EFTA00003179.pdf,data-set-2-files-1,
EFTA00003180.pdf,data-set-2-files-1,"EF
"
EFTA00003181.pdf,data-set-2-files-1,
EFTA00003182.pdf,data-set-2-files-1,"i
"
EFTA00003183.pdf,data-set-2-files-1,
EFTA00003184.pdf,data-set-2-files-1,
EFTA00003185.pdf,data-set-2-files-1,
EFTA00003186.pdf,data-set-2-files-1,
EFTA00003187.pdf,data-set-2-files-1,"EF
"
EFTA00003188.pdf,data-set-2-files-1,"            ,lan
                -VIa
               Seen.
liglahla
AlbellaSS
  allaSIPOIS
                       _   ••••-a-easSiliallih




                                                 EF
"
EFTA00003189.pdf,data-set-2-files-1,"VI AIR




         EF
"
EFTA00003190.pdf,data-set-2-files-1,"EF
"
EFTA00003191.pdf,data-set-2-files-1,"l




    EF
"
EFTA00003192.pdf,data-set-2-files-1,
EFTA00003193.pdf,data-set-2-files-1,
EFTA00003194.pdf,data-set-2-files-1,
EFTA00003195.pdf,data-set-2-files-1,
EFTA00003196.pdf,data-set-2-files-1,
EFTA00003197.pdf,data-set-2-files-1,
EFTA00003198.pdf,data-set-2-files-1,
EFTA00003199.pdf,data-set-2-files-1,
EFTA00003200.pdf,data-set-2-files-1,"in
 % c•tert•rt-afra.-1   s•Yette   _7




                                      E
"
EFTA00003201.pdf,data-set-2-files-1,"E
"
EFTA00003202.pdf,data-set-2-files-1,
EFTA00003203.pdf,data-set-2-files-1,"EF
"
EFTA00003204.pdf,data-set-2-files-1,
EFTA00003205.pdf,data-set-2-files-1,
EFTA00003206.pdf,data-set-2-files-1,"EF
"
EFTA00003207.pdf,data-set-2-files-1,"EF
"
EFTA00003208.pdf,data-set-2-files-1,"EF
"
EFTA00003209.pdf,data-set-2-files-1,"EF
"
EFTA00003210.pdf,data-set-2-files-1,"EF
"
EFTA00003211.pdf,data-set-2-files-1,"EF
"
EFTA00003212.avi,data-set-2-files-1,NA
EFTA00003212.pdf,data-set-2-files-1,"No Images Produced




                     EFTA00003212
"
EFTA00003213.pdf,data-set-2-files-1,
EFTA00003214.pdf,data-set-2-files-1,
EFTA00003215.pdf,data-set-2-files-1,"EFTA0
"
EFTA00003216.pdf,data-set-2-files-1,"EFTA00003216
 EFTA00003217
 EFTA00003218
 IIIISIMPOIMMINIa   -   att.        ,. .../irauctivr.....rirrvirrn-israpft.„
                              ntanerrv                ..4
                                                          EFTA00003219
          *40.   '-***%,,evne,star*Ma
                                     .*,
                                            Ca*Pale**Sinde*/**
                                                                       ***1•42•481S...




-   • • •""""`        4.1* *.""-   4.• • •••••effilhoir Asir   ••• N• •         ....me.. 4 d   o.




                                                                                                 EFTA00003220
 EFTA00003221
 EFTA00003222
 /MEANS
         EFTA00003223
 L
    EFTA00003224
 EFTA00003225
 I




    EFTA00003226
 L
‘'.‘   irirlt.2121tffitit : 14 04   a   at   nit   AIM   a   •   di   ma-



                                                                            EFTA00003227
          .c.-4 in 0 ezo tvl CS ft   Ce   (.5#   CI a a CD CI 0 LI
e^ tom                                                              c) :LI .11 C..: CT C, .12   C.:,   .
                                                                                                           EFTA00003228
 EFTA00003229
 I



I




    EFTA00003230
 legenCrnEtcrACCrerreeccegifierretecXercceqceecccecceccecas
  •                                                       eetcuOutmauuuetruueuerucuuriurrunimuutortut=ercturt7:7-7::7.----
                                                                                                                  EFTA00003231
 maymemammcam   man   seseaalm   aaaoteemmmaimaszsmoi   mammwei   rscasimaaisoLseimusi;smM
                                                                            EFTA00003232
 ten 7er# i .   X10 mer (1.7   er. 4.! . 01/ T   millt ""'or   -e   :en n   er,   pri   rain   Pro



                                                                                              EFTA00003233
         seam   n   pep as PS PO 0""""‘   Poi   S   a   al   el CPS c•S r'S   erS   r•-•, cS t=i=   r•-• •••• mai it   i""""""
Snows                                                                                                                      Pm re' fee sat C- rie rt   •

                                                                                                                                                          EFTA00003234
 EFTA00003235
"
EFTA00003236.pdf,data-set-2-files-1,"   -




EFTA00003236
 1' trade




           EFTA00003237
 -




    EFTA00003238
 EFTA00003239
 EFTA00003240
            S

EFTA00003241
 EFTA00003242
 EFTA00003243
                I
               i
               i
               1




EFTA00003244
 EFTA00003245
 EFTA00003246
 /




    EFTA00003247
 EFTA00003248
 cr,   ch cri   r"".   er) ci ea en e:3   ets CS c3 c3   eni   co cm
                                                                     EFTA00003249
 EFTA00003250
      -

     r-.


op




           EFTA00003251
 EFTA00003252
 4




    EFTA00003253
 EFTA00003254
 EFTA00003255
"
EFTA00003256.pdf,data-set-2-files-1,"                                              -74.•/
                                                   1
                                                   4




•




                                                                                                         a re„                                                                                   •        _. „ b
                                                                                  '                 7.4. • ..- j 4.                                        . • • c6e• aL a ..7...                                 :         *.
                                                                                        •                                                         ai       ...        • 64••
                                                                                                                                                                        •,_ .            :i r....4:1:
                                                                                                                                                                                                   47. *                    v
                                                                     a

                                                                                                                 ..•                 .       .6..4.                                              6         e-
                                                                                       , . -- • • -                                                        'a 4^ 11.                                                        ‘'.       „ ..•
                                                                                                                                         -                                               _ li         •      1
                                                                                                                         •                                                                                              •        a.
                                                                     .                                                                                 .
            -     -- .                                                                                      -        -                       .
    a              a ...""-• • • ./.... a lb.             •                                                                                    •
                            •                                                                                                                 •
                                            . • .. .
                                                v   w ry '                                                       •                                                              '4           ..
                                  , Clep NC • ir•••
        •   .. '47% Cr; 1•4%

      ,4-117-- • -;--- 1- . • • .4 4, -  . ..                                                                                  st•
    -a      -- 'J._ ... . -,,,,. „,,• I.                                                                •                                    C • • .                  .          •                   • ° .
    a                 •                                                                                                                      .., • ,:s .                  .      a t it..                                                      ..
                              I                                      to.                            •                                             •                                                                               a
                                                                                                .               •                                                                                     •  ,I•
                          *   '                       . I.                                                                                                                                                            1 ,, . .,       •
                                                                 .            •             4                    I.%                         •    .         ,                    ,                   es.
                          .. ,            ..,,,                                                                                                                                                                           ... s • 41.
                                                                                                                                                                 4i           It ffe
                                                                              ...       .g4                                                                w.
                                  41. ,               •                                                                                                     10 C                 a           „ -4 %        .                           .
                                                                                                                     4         ""..            •
                                                                                                                                                              ...                                 ....   „
                                                                                                                                     4            . •                                    •...    • ...lb                                       .
                                                                                                                                                                                                                                                    •
                                                                                                                             lel       ..5                   • .... . .,,                                 • ...       %CP
                                                                                                                                                                                                                       '
                                          0• 4                   a                                                   .
                                             ...                                  •         qv                  a.                   1.4 %                     •
                                          -                                                                                  IL_ ... *     .                    6 • q                            •
                                                  •                                                                                                        '     •                           •
                                                                                                                                                  h.          •
                                  •‘••
                                                                                                            •
                  •                .          •              •
                                                                                       1 t,                 4 0.              ....
                          •       ‘ ‘'•       •                                                                                                                                      •
                  0                                                      i.           O ft                       .10                 ••           •                                      •                                   .1            •
                                                                                                                                     it- ,         q                                 •       ,




                                                                                                                                                                                                                                                        EFTA00003256
 •:-

      EFTA00003257
                       rfl




I.._.,re.   EFTA00003258
 EFTA00003259
                             •P I




                   __
               •
         • pp..-




G•LAWS
                        AMI•00.0




         EFTA00003260
 e

    EFTA00003261
            NM
EFTA00003262
 EFTA00003263
                                                                                ti•1-.`""""




                                                                                                      •
a   a   a   a is a   is ab aft   ft   aSMft   0 1 Mil al Mb °nail""   0   MS   minim es re igm rt es en na   S en.   nit
                                                                                                                          EFTA00003264
                                                                            r   _
                       line•-••••=e0CdcrineaVollraca   r rroar.lor --_,r
•...aliscaa'aciliaho
                                                                                       amiSINIE
                                                                                   EFTA00003265
                       :


_.......
           EFTA00003266
 EFTA00003267
                ,



               i




EFTA00003268
 ■
    EFTA00003269
                            S   I. •




          - - t+




.1




I

I



1.




tl




                                                                • cit,It

                                              ase



                                                          or.




                                                     •




                                                    Aro




     •


L        4.1                          I




                   •   •
                                          •
                                                                           410



                                                                                 EFTA00003270
 H9tYb7RaMi6~T~ii...   h '~iiY   r




                                    EFTA00003271
 EFTA00003272
 EFTA00003273
 EFTA00003274
 EFTA00003275
"
EFTA00003276.pdf,data-set-2-files-1,"I




    EFTA00003276
 I




    EFTA00003277
 alk
      EFTA00003278
 .0er   -7.77. sertn   ;""--




                             EFTA00003279
                                                                                                                                                                                                                                                                                                    EFTA00003280
                                                                                                                                                                                                                                                 .1   #
                                                                                                                                                                                                                                                  IL '
                                                                                                                                                                   I
                                                                            Ot t                     I I
                                                                                                                                                                                                                                 i a ft
                                               /0                             •                                                                                                                                             IP   •       •
                                                                         • •                     Si            . •                                                                                                     • I 1
                                                                       • .                                                                                                                                           • • •                                         •
                                                    e             t,                         •f'..                                                                                                                    i • e                               •          e
                                                             •                  •           0 0 II                                                                                                                 a. • •                                         s t                          a
                                                        e                   d           .                                   SW                                                                                     •   1 •                                • •                 II •
                                                                        •               ♦ PO                                                                                                                                                                  •           •     •
                                I fs
                                  I               .              •••
                                                               • fa
                                                                                                                       Ole                                                                                                                                        •           •        •
                                                                                                                                                                                                                                                          •
                             , •
                                                             • •
                                                                            tl•                                •
                                                                                                                   0                   0                   1g• S lie el
                                                                                                                                                                1 14 ait IL
                                                                                                                                                         , .7 111
                                                                                                                                                                               si
                                                                                                                                                                                          • • l•    a
                                                                                                                                                                                                                                                                      •           ft
                                                                                                                                                                          a 811116:11 I • •
                              a                          •                                                                                                                                      ii
                                                     .                  •                                                                                a b e t s.;
                         •                   • • ' -                                                                                       •         a i s pose                                    •
                 •
                     •
                                              I g.,,                                                       •
                                                                                                                                           i   t         .
                                                                                                                                                                                        • • •      pm
               •
             • . '
                               •
                                                                 IP                                                                                          t 4       9.10                   0••                                       in • •                                                 •
                                       ' •
                                   •                                                                                               i .t            ''        .
                                                                                                                                                                   f••••••
                                                                                                                                                                    .
                                                                                                                                                                                                               V   IP
                                                                                                                                                                                                                            :        . • ill• • eill
                                                                                                                                                                                                                                                 * •
                                                                                                                           .                                                                                                                              •
          .., .                                                                                                                                                  li A •••••••
                             •• •
                                                                                                                                                     •                  • 41 •1•
         • . -                                                                                                                         4           • •
                                                                                                                                                       en                                                     114                            •        as
        Pee - Pa.
  . t i c : pr. ......                    • P'•
                                         4....4"".
                                                                 • .
                                                                  • ,
                                                                                                                               0
                                                                                                                                           a
                                                                                                                                                         -
                                                                                                                                                             •     •
                                                                                                                                                                                  ••••                             le                •            •
                                                                                                                                                                                                                                                                                           r
                                                                                                                       I           f       li'is 1                      •     •    se                     a                                                                   •
    -•........
j .•••
    /mot
                                                                                                                           * • Ire IP •                           • fl• .•••••••
                                                                                                                                                                                                                                 •••••
                                                                            • •              •           •ffro
                                                                                                             e: • •ego. 1 •10: 61••• •••••••1
                                                                                                                                            4..
                                                                                                                                             ........
                                                                                                                                                   6.0: ••• ••
                                                                            •
                                                                                                                                                            •11••
                                                                                                                                                                • •••
                                                                                                                                                                   8 olwso
                                                                                                                                                                         e f :a f oe : : 1l_
                                                                                                                                                                                           f ee
                                                                                                                                                                                              . ..
                                                                                                                                                                                                 ***;
                                                                                                                                                                        a die•••
               .1/ ""re;0 *•                              •                          •            •             Sr
                                                                                                                                                         ••••••••••••
                                                                  - a ••            a • .1 • •                             •           9 . 9             •
                                                                                                                   •                                               •    ••••••                                •••......
                                                                                                     •
                                                                                                                                                   ▪44::::::: :go::                     ..
                                                                                                                                                                                        •Ib
                                                                                                                                                   •   .•     •                     a         NI    110
                                                                                                                                                                                  -...•• e ra •••
                                                                                                                                                                                              me          •             e
                                                                                                                                                                                  ^ it if tf;er
 EFTA00003281
 EFTA00003282
 EFTA00003283
 EFTA00003284
 IL




     EFTA00003285
      EFTA00003286
                    ' ""biet..
••
                                'el
 EFTA00003287
                                                         am. _,                                       . . ease. 4.: at, . 1,.                                                                                                                                                                                                                                                                                                                                                                                                                                                                                        tz.._•:. ••::: a . L                                                          . .....
                                        ^ r             %                                                                 ..7..0. Nl
                                                                                                                                   .,
                                                                                                                                    icsi..crt.                                                                                                    Wea
                                                                                                                                                                                                                           .           ..
                                                                                                                                                                                                                                        a..„.
                                                                                                                                                                                                                                           . . . 4.
                                                                                                                                                                                                                                        Miami       _Aar""                          •               ....t eSa                        r           e                                                                                       -                  It?:                                .'' 1 '._a.C ,. . • - , -.kir                                                                                                                                                                                                                                                                                          da                      . •                                     a       - . & ' '''''             I S.          ee.,..a4a r              ' elk        s                 a   -                '       •• • a
                                                                                                                                                                                                                                                                                                                                                                                                                                                                                                                                                                                                                                                                                                                                                                                                                                                                                                                                                                                                                                            -   a
 e                                                                                                                                                                                                                                                                                                                                                             - .""..::....leam::                                             ..... ....a.                           aii.                             ,. .di:      .....am.... ,,,. .•.•- Q.... .. yr""'                                                                            .....                 .., .                                     . "". ... .....;:;;:d::ee i: ...""....1       Sir                                                                                                                                                                               ..,__      .....                ..                  '         • aar           .
                                                                                                                                                                                                                                                                                                                                                                                                                                                                                                                                                                                                                                                                                                                                                                                                                                                                                                                                                                                                                                         ......
                                                                                                                                                                                                                                                                                     ,... """"•••••• ::,. .                                            -                                                                                                                                                           •       •1     41:• -.11 t    "".4*‘                                                                           nb                            4.1 1iiie                                . a"".                                                                                                                             yr-

                                                                                                                                                                                                                                        do.......  Are.                        • ...                    •                                                                                e                                    -4                                                            'le                      e                                                                                                   Ilia • la                                                                              ..... ....-2..... ‘ ' ""Iiii • L.   17: -45.                                                                                                                                                                                                          am         .                                              4...

                                                   -At.                                                                                                                                                                                                                                      ye ••
                                                                                                                                                                                                                                                                                                                                                                                                                                                                                                                                                                                                                                                        •
                                                                                                                                                                                                                                                                                                                                                                                                                                                                                                                                                                                                                                                                  e
                                                                                                                                                                                                                                                                                                                                                                                                                                                                                                                                                                                                                                                                                                a                                                   •                                                                                                                                         .                                  i•
                                                                                                                                                                                                                                                                                                                                                                                                                                                                                                                                                                                                                                                                                                                                                                                                                                                                                                                                                              _                                a
                                • ..                                                                   mast                                  a                 eur •                     •-illimi. - Ism $                                  gitH
                                                                                                                                                                                                                                              ...le.                                                                                                                      •           e a..          lb.-                                an               illeirasare•
                                                                                                                                                                                                                                                                                                                                                                                                                                                                                                                                                                                             a      ,         • •   •
                                                                                                                                                                                                                                                                                                                                                                                                                                                                                                                                                                                                                                                              .
                                                                                                                                                                                                                                                                                                                                                                                                                                                                                                                                                                                                                                                                  . IN\
                                                                                                                                                                                                                                                                                                                                                                                                                                                                                                                                                                                                                                                                                   ..
                                                                                                                                                                                                                                                                                                                                                                                                                                                                                                                                                                                                                                                                                                                                                                       •••         ...
                                                                                                                                                                                                                                                                                                                                                                                                                                                                                                                                                                                                                                                                                                                                                                                                                          SINIP•o   ,         aa            .
                                                                                                                                                                                                                                                                                                                                                                                                                                                                                                                                                                                                                                                                                                                                                                                                                                                                                      .•-.
                                                                                                                                                                                                                                                                                                                                                                                                                                                                                                                                                                                                                                                                                                                                                                                                                                                                                                    0      a
                                                                                                                                                                                                                                                                                                                                                                                                                                                                                                                                                                                                                                                                                                                                                                                                                                                                                                                                                        a           .„ ....•     •
                                                                                                                                                                                                                                                                                                                                                                                                                                                                                                                                                                                                                                                                                                                                                                                                                                                                                                                                                                                     .   e•        .a   .              a

                                                                                                                                                                                                                                                                                                                                        •
                                                            dans              .
                                S            ..                                                                                                                                                                                                                                                            ...Oliva                                                                                                                                                                                                                                                                                                                                                                                                                                                     . . 2 •••
                                                                                                                                                                                                                                                                                                                                                                                                                                                                                                                                                                                                                                                                                                                                                                              • %.
                                                                                                                                                                                                                               •                                               a
                                                                                                                                                                                                                                                                                                                                                                                                                                                                                                                                                                                                                                                                                                                         '    ad.""
                                                                                                                                                                                                                                                                                                                                                                                                                                                                                                                                                                                                                                                                                                                                         •   -
                                                                                                                                                                                                                                                                                                                                                                                                                                                                                                                                                                                                                                                                                                                                                         1
                                                                                                                                                                                                                                                                                                                                                                                                                                                                                                                                                                                                                                                                                                                                                                                         ....                                                                                                                                                                                        am....
SS
                                                                   .         ea.,                                a
                                                                                                                                                                                                                                                                   S
                                                                                                                                                                                                                                                                                       1       -
                                                                                                                                                                                                                                                                                                                                                                                                                                                                                                                                                                                                                                                                                                              rena. -   am`
                                                                                                                                                                                                                                                                                                                                                                                                                                                                                                                                                                                                                                                                                                                                                                                          _. •90.0%.                                                                                                                                                                                                           1.01•

                                                                                                                                                                                                                                                                                                                                                                                                                                                                                                                                                                                                                                                                                                          .                                                                                                                                                 .....:1         "".. ...       • ,,L1:       -....
                                                        +Or        a                   - a a         -       -       •
                                                                                                                                                         laa•               e ace :; 01...a.i.:    1;r•
                                                                                                                                                                                                                   a               -
                                                                                                                                                                                                                                                                                                                                                                                                                             1                        ' ....                                                                                                                                                                                                                                                                                                 II.
                                                                                                                                                                                                                                                                                                                                                                                                                                                                                                                                                                                                                                                                                                                                                                                                 ""ii,             ""
                                                                                                                                                                                                                                                                                                                                                                                                                                                                                                                                                                                                                                                                                                                                                                                                                  • 1"".        1.                  _.....
                                                                                                                                                                                                                                                         •                                                                                                                                                                . *SF                   - '..                                                                                                                                                                               ...   I           . e               .    .
                                                                                                                                                                                                                                                                                                                                                                                                                      .   ,        •            • •                  ,      _
                                                                   •                                                                               .........                                                                                                                                                                                                                                                                                                                                                                                                                                                                                                                                                                                                                 ea(            an
                                                                                                                                    e
                                                   -                                                                                                                                                                                                                       •
                                                                                                                                                                                                                                                                                                                                                                                  eq.                                                                                                                                                                                                                                                                                                                                           .1: el
                                                                                                                                                                                                                                                                                                                                                                                                                                                                                                                                                                                                                                                                                                                                                                                                                                                                      ii•                                                                                                                                                                  V

                                                                                                                                                                                                                                                                                                                                                                                                                                                                                                                                                                                                                                                                                                                                                                                                                                                                                                                                                                                                                                               •       e
                                                                                                                                                                                                                                                                                                                                                                                                                                                                                                                          new.,                                                                                                                                                                                                                                                                                                                                                                                                                                                                                                                    •
                                                                                                                                                                                                                                                                                                                                                                                                                                                                                                        - 0
                                                                                                                                  .4.
       am.
                                                                                                                                                                                                                                                                                                                                                                                                                                                                                                                                                                                                                                                                                                                                                                                                                                                                                                                                                     •_
                                                                                                                                  I. air         Ns;            r               ille '                                                                                                                                                                                                                                                                                                                                                                                                                                                                                                                                                                                                                                                                                                                                  .-            ...                                                                                              40 4.••••
                                                                                                                                                                                           a lla     n• ti                                                                                                                                                                               •           el .&
                                                                                                                                    N. as                                                                                                                                                                                                                                                                                                                                       ' VW        a aaaa•._
                                                                                                                                                                                                                                                                                                                                                                                                                                                                     ..                                                                                                                                                                     . 1..           .....                                                                                                                                                                                                                                                                                                                                                      .. .O.
                                                                                                         a        Pa.                                                                                                                                                                                                        11 0
     ••••                                              •1      0       #L                  11 .-
                                                                                            l        e                                  •                           S                                                                                                                      a       i                                                                                                                                                                                                                                                                                                                                                                                                                                                                         ""mk t                                                                                                                                                                                                                                                    • ir ....
            ,                                                                                                                                                                                                  •
                                                                                                                                                                                                                                                                                                                                                                                         na.

                                                                                                                                                                                                             k.,       .                       •                                                                                                                                                                                                                                                                                                                                                                                                                                                                                                                                                                                                                                                                                                                                                   -.le-
                                                                                                                          .                                                                                                                                                                                                                                                                                                                                                                     •••••.:                                                                                                                                         ilic:-                                  -v..-       ...
                                         •
                                                                                                                                                                                     --        r tern Tc,..... _                                                                                                                                                                                                                                                                                                                                                                                                    -      : •                                                                                                                                                                                                                                                -
 ....                                                                                                                                                                                            ...4     ois ,                                     'or            .                                            % '..-
                                                                                                                                                                                                                                                                                                   ' • w """"•••••••                                                                                                                                                                                                                          ...                                                                                                                                                                                  .
                                                                                                                                                                                          •P'ilik.     $
                                                                                                                                                                                                                                                                                                                                                                                                                               1.          4•II.           •                                                                                                                                                                                                                                                                                                                                                                                                                                                             ............

                                                                                                                                                                                            ' + 40                                                                                                         .                                                                                   !..     '         •
                                                                                                                                                                                                                                                                                                                                                                                                                                                                                                                                                                                                                                                                                                                                                  .........                                                                                                                                                                                                                 a
                                                                                                                                                                                                                                                                                                                                                                                                                                                                                                                                                                                                                                                                                                                  ..iir,..._40.„..,.:
                                                                                                                                                                                                                                                                                                                                                                                                                          4   It.                                                                                                                                      ...
                                                                                                                 ../. -                                                                                                                                                                                                                 me      b.             _.N. •                                                                                                                                                                                                                                                                                                                                                                                                                                                                                                                                                                                         • •
    -err%                                              - ti,                                                                  ,             ..                                                                                                                         .
                                                                                                                                                                                                                                                                                               • ..
                                                                                                                                                                                                                                                                                                                                                                                                                                        . •Ite.                a.         ••••         •   ..       r„                                                             ..,            .41/                              ..
                                                                                                                                                                                                                                                                                                                                                                                                                                                                                                                                                                                                                                                    •             •           1114. $ '
                                                                                                                                                                                                                                                                                                                                                                                                                                                                                                                                                                                                                                                                                                                                                                                                                                                                                                                         .       •
                                                                                                                                                                                                                                                                                                                                                                                                                                                                                                                                                                                                                                                                                                                                                                                                                                                                                                                                            .
                                                                                                                                                                                                                                                                                                                                                                                                                                                                                                                                                                                                                                                                                                                                                                                                                                                                                                                                            ,,....., .
 ..
                                                                                    ... , i t•               .                .
                                    ••••••••••              -,         t4 ,                                                                                             .                                                               $                                                                                                                                                                                                                                                                                                                               4.
Me          - ..'""Ial
                                                                                                                                                                                                                                                                                                                                                         .0•     •                                                                                                                                                           ...It   .' iind""
                                                                                                                                                                                                                                                                                                                                                                                                                                                                                                                                                                                                                                                                      .
        ' , NY              •                           V     it
                                                                                                                                                                                                                                                                                                                                                                                                            .                                                                                       ell       • .,I       l itc:            T a t
                                                                              • •
                                                                                                       f:: ...                                                                                                                                                .. ....,.—                                                                                                                         a                                                                                           - la s
                                                                                                                                                                                                                                                                                                                                                                                                                                                                                                                                                               •
                                                                                                                                                                                                                                                                                                                                                                                                                                                                                                                                                                                                                                                                                         .r....._             ,,„ _ ...,
                                                                                                                                                                                                               •           •                                                                                                                                                                                                                                                                           • .„.                                                                         1k.,,...!•--, •• ;as..                      •
                                                                                                                                                                                                                                                                                                                                                                                                                                                                                   . sork: - ' ....its
                                                                                                                                                                                                                                                                                                                                                                                                                                                                                                                                                                   .
                                                                                                                                                                                                                                                                                                                       L.
                                                                                                                                                                                                                                        ....       i•

                                                                                                                                                                                                                                                                                                                       r te                                      -                                                                                                          at                                                                                                               •,,,
                  ..                1    ""    ""i                       it""
                                                                               -                                                                                                                                                                                                                                                                                                                                                                                                                                                                                                                                                                                                                                                                                                                                                                                                                                                                                                              I%        ''''
                                                                                                 ,-.                                                                                                                                                                                                                                                                                                                                                                                                                                                                                                • C•                                                          ..
                                                                                                                                                                                                                                                                                                                                                                                                                                                                                                                                                                                                                                                                                                                                                                                                                                                                                        • •                                                     .. ..- ''''         . ...       1.


                                                                                                                                                                                                                                                                                                       .       likr1i'?"".•••                                                                                .6                                                 ...                                                                                ••••
                                                                                                                                                                                                                                                                                                                                                                                                                                                                                                                                                                                                                                                                                                                                                                                                                                                                                                           •    '`..!

                                                                                                                                                                                                                                                                                                                                                                                                                                                                                                   I•
                                                                                                                                                                                                                                                                                                                                                                                                                                                                                                                                                         • .
                                                                                                                                                                                                                                                                                                                                                                                                                                                                                                     r                                  •
                                                                                                                                                                                                                                                                                                                                                                                                                                                                                                                                                                                                                                                                                                                                                                                                              `
                                                                                                                                                                                                                                                                                                                                                                                                                                                                                                                                                                                                                                                                                                                                                                                                                                                        •
                                                                                                                                                                                                                                                                                                                                                                                                                                                                                                                                                                                                                                                                                                                                                                                                                                                                •
                                                                                                                                                                            a    4: ,.
                                                                                                                                                                                                                                                                                                                                                                              ,a'        el•
                        a                                                                        i
                                                       -21~        -
                                                                                                                                                                                                                                                                                                                                                                                                                                                                                                                                                                                                                                                                                                                                                                                                                                                                                                                             4


                                                                                            i ... .
     Via        al                                                                                                                                                                                                                                                                                                                                                                                                                                                                                               .                                             •             „.          .                                                                                                      •   ...
                                                                                                                                                                                                                                                                               OOPS                            . ...                                                                                                                                                                                                                                                                                                                                                                                                                               •
                                             ""al       aa                                                                                                                                                                                                                                                                                                            ..       w     er                 - am          •••••• lb.                                            lama




                                                                                                                                                                                                                                                                                                                                                                                                                                                                                           ....„.:,,A- .„., „_
                        a diVe                                                                                                                                                                                                                                                                                                      -       _                                                                                                                                              ar             .    os!,..._
                                                                                                                                                                                                                                                                                                                                                                                                                                                      .                                                                                                                                                 ...
                                                                                                                                                                                                                                                                                                                                                                                                                                       ... ib
                                                                                                                                                                                                                                               AO                                                                                                                                                                                                                                                                                                                                                                                                                                                                                                                                                                                                                                                                                                                                                                                                  •

                                                                                                                                                                                                                                                              4'                                               ..,                                                                •                                                                                                                                                                                                                                                                                                                                                          il
                                                                                                                                                                                                                                                                                                                                                                                                                                                                                                                                                                                                                                                                                                                                                       ""--         .         •                    a     l b   lea
                                                                                                                                                                                           Aar                                                          'T.                                                            --""No..                       •




                                                                                                                                                                                                                                                                                                                                                                                                                                                                                                                                                                                                                                                                                                                                                                                                                                                                                                                                                                                         EFTA00003288
                                             f.   •




    4.0




                   a




a




          /   Ss




                                                           i•t•isir%
                                                     a a
                                                                  I
                              •


                       at

                                                                       AV&

                                  4 6   a
                            .40



                                                              S   .

                                                                             EFTA00003289
 •••••••••e•grr




                 EFTA00003290
        r•-•




                                                                                                                                                                                                                                                                                                                                                                                                             I
                                                                                                                                                                                                                                                    t               l        i           fyl            e„t(kiikAe                                           t       rAt      irize
                                                                                                                                                                                                                                      f
                                                                                                                                                                                              I           I               I


                                                                                                                                                                                              7,017,7(1                                                     t       g e l ( l f, :i                                                .1: (y                ir y J AN.:7                           77777417::
                                                                                                                                                                                 :7,
                                                                                                                                                                                                      -                                                             (       (                                 e1 X 1                                                       •.-7.1   .7   3 Ir




                                                                                                                                                                   ,
                                                                                                                                                    ir ji t g i (i( e
                                                                                                                                                       leer""
                                                                                                                                                 .r.( I ( I 1 1 V e
                                                                                                                                                                      (
                                                                                                                                                        •(( i I ( c1,(r<fie1e'e ec f , ,;yfr
                                                                                                                                                                i          e e y r ,e
                                                                                                                                                              i e./r e e e c e r                      l'              I           I            7r               (        (
                                                                                                                                                                                                  r           ( I                                       !         e r                     r
                                                                                                                                                                             I       I
                                                                                                                                                                                                                                                                ((e                             e        l          ,          I      I
                                                                                                                                                                                 I
                                                                                                                                                                                     I
                                                                                                                                                                                          I           (               I           IL
                                                                                                                                                                                                                                                        e'                                          /                     r                   r *Ir              •              1 .f ,
                                                                                                                                                                             I

                                                                                                                                                                                          I                                                                                                                                                                                     V
                                                                                                                                                                                                  r           I

                                                                                                                                                                                          •           I               I

                                                                                                                                                                                                  I           r                            •

                                                                                                                                                                                 •        r                           I
                                                                                                                                                                                                                                                                 (1      r
                                                                                                                                                                                                                                                                f  lIe     r r iC
                                                                                                                                                                                                                                                                 r' e r r r e t, ( X.(*
                                                                                                                                                                                                                                                                r r i r                                                                                                                                                •   •
                                                                                                                                                                                                                                                                 r     f       •
                                                                                                                                                                                                                                                                                                                                                                                                                           •
                                                                                                                                                                                              4*                                                                                     I                   I.         V
                                                                                                                                                                                                                                                                                                                     ;er
                                                                                                                                                                                                                                                                                                         t"" \ "".2             7 A ND.




                                                                                                                                                                                                                                                                                                                                                                                                                       4_1

                                                                                                                                                                                                              .                                     • ,
ear
                                                                                                    .4                                                                                   ' 1(1:Teat                               - Cr i e
                                                                                                                                                         , res.
                                                                                        . ..4 ,                       • 411,14.
                                                                                                                     ..    .       ...4; • •, „et: el\ oak- -""La,-4.
                                                                                                                                -ire;
                                                                                                                                                                                                                                                                                                                                          .
                                                                                              .""'tea             •   `Los```',Itit
                                                                                                                        •   p   ,     •   ...
                                                                                                                                                               ::.'s,:r...:.- f:.                                             %           at '
                                                                                                                                                                                                                                                 k a Z t -t
                                                                                                                                                                                                                                                        4 1k
                                                                                                                                                                                                                                                                                            Sel.
                                                                                                                                                                                                                                                                                         ‘retic a
                                                                                                                                                                                                                                                                                               ..
                                                                                                                                                                                                                                                                                                                .                             't



                                                                                                                                           e          • e ‘•      C       ..J.   ,... .               •       p                       e etre                            •••              'it        ai              it•   S -.       4.        ...       '
                                          .              ..           Pr     t.41,4^1         4 ,        • •          ..1 St    itt


           te '   r   :1;••   •   t               ,...        ••• 1        p ie   . ,l iElk                                 ..,1t15             144   .4   ‘ Pt   •- 4.    le                                                     I t,         '•               '1 \
                                                                                                                                                                                                                                                                        Isar""    A             N.:Z.           t'                         S. --t     ;


                                                                                      .                          -          .                                                                                                 •                                                                                 in t           f i

       e                              '   ree •
                                                                                                         felip
                                                                                                                                          Mr .N°                                                                  .                                                              *L's,                                                        .,tart..

      Mirit•                              bareseade_




                                                                                                                                                                                                                                                                                                                                                                                                                 EFTA00003291
                 iii
                r..i  iii-i
                    . ...
                                                        MIMS            _
                                                                                    Inn
                                                                                                                    ..-•••••••




               ""--                                                   writ
            tn:                                                             WM 111111
        IIII ....._                                            c.—

IIIIIIIIT-4-- -111Er


                                                                                   auldL,
                                                                                gill
                                                                           2„ I!!
                                                                      :LH-f..7:    ! gill -:.:3-77at
                                                                                Ill. NMI
                                                                           _
                                                                         r_-  tww  ww
                                                                                      :far!
                                                  alml 0 Ili                    iiii Il liet3 ,r


     l     os luir
           in no
                         L •




    / I.   I,    Nis i    I    I   I   I   I




                                                                                                                                   4LI BRwmpUII
                                                                                                                                             wagIIIII
                                                                                                                                 • .-mia         romIIite ssung
                                                                                                                                                      askapsom ismrn
                                                                                                          7 ;lilt
  MSOMMIN                                      OUPin ialligirld                     Air ' 111
  fano aimaSsismana                               aeasea ssaimmi estansiv /sal.""            ill   I ..2
                                                                                                    11




                                                                                                                                                           EFTA00003292
 EFTA00003293
                                                                                                                                                               ••••.„




                                                                                                                                                                                                                                                \c‘,\
                                                                                                                                                          •                                                                                                              Nft_
                                                                                                                                                                                                                                                                                          •




                                                                                                                                                                                                                                                                                                                                                                                •




                           • ..
             ""P-
                           •••
                       • INS
        a
                   ..e....                              ...,             _                 • --, ±...
                                     ..                                   ...1 --qt. et--             ....•-.4. .44:4
                                                                                                                    . - ,..,..""• t v...t>tv.
                                                                             ............-'Pi_                           .....
                                                •
r                                  talailla•
                                                                _...      ..*_,    .       -4••••401Cfriet                          - It o                             l t... ...   ..
        il1
          4/ -Sa lkall.•      6"".
    -                                                 ••••        -•           C
                     --      7040/1a
                                          „     -4""abstIll‘                                                       .                                           . _• • -iihr :: . teta
                                               ti .
                                                                       ... .           .             '•••••amt. i ,                                                                            its ia .t
                                                                                                                                                                                                      la*
                                                                                                                                                                                                       A.     tt          ir es' .                                               .1t
                                                                                                           ...e gro"" .                                                                                                                                                                                   24 4r1
                                                                                                                                                                                                                                                                                                              .! t
                                                                                                                                    at                -         t•-                                 Able
                                                                                                                                             •                                                              se.                                   •••
                                                                                                                                                                                                                                                                                                        4.1• 4ti•%.
                                                                                                                                                                                                                                                                                                                4111,, 1•••••
                                                                                                                                                                                                                                                                          •••!    **"":"". 1
                                                                                                                                                                                                                                                                                         2/.rte.%
                                              sees                                         -4-
                                                                                            eb
                                                                                                                                                                                         %           .: 100...                       - t    a la € 61t
                                                                                                                                                          .112.•                                                                       •                         )44--                   ..""   Ceetur
                                                                                                             elP         ••••
                                                                                                                                                                                •        Ube.*                                                                                                                414.   e.         •••-
                                                                                                                                -                                                                                                                                                                                                           -   •
                                                              ./.4.24.061•6;               ;isms.
                                                                                             - •••
                             Ant                                                                                                                                                                                                                                                                               a ss._                      -•        - .."". ••••••   ••-•                  :ea
                                                                                                                                                                                                                 • -•Z, •161?•••

                                                                               ..earabis.'cts                                                                                                                                                                                                                                                            Z‘06Z.-C.     e• fir
                                                                                                                                                 teinomes-                                                                                                                                                       •••
                                                                                                                                                                                                                                                                                                                            •          -        -•                   AltitC ••••.                 .0
                                                                                                                                                                                                                                                                                                                                                                                                   44:       .••••

                                                                                                                                                                                         ""0 . 0 1.
                                                                                                                                                                                                                                                             :Jae                                                                               •                       •P
                                                                                                                                                                                                                                                                                                                                                                                                         •
                                                                                                                                                                                         aaillIS                  ""Thar                                              wait ...ZIPS- •                         ""-mss                                                                  tlii
                                                                                                 '
                                                                                                                                                                                                                                                                                                                                            ear
                                                                                                                                                                                                                                                                                                                                                                                           • v.
                                                                                                                                                                                                                                                                                                                                                           Mir
                                                                                                                                                                                                                                           ""I•sts.-,s•-•••-•-•


                                                                                                                                                                                                                                                                                                                                                                                                                     EFTA00003294
                                                                    ...tai resso   illaSOOPINISSPOrilieelaillaGPOWSPiPPOWbalaNISSOIMiaselealliag

                                                                                                                                                   illi"".""""Mile
                                                                                                                                                                  alelhabeil

                                                                                                                                                                               IMEMINSINIMSIMONOISIPaalasna




                                                                                                                                                                                                                                ••=4.1.••••••




                                                                                                                                                                                                                                                               ••••••=1

                                                                                                                                                                                                                                 ••••••••       *So.. io•o••
                                                                                                                                                                                                                                                          -    - —

                                                                                                                                                                                                                            3-...soarsomav000.g



                                                                                                                                                                                                     ••••.••
                                                                                                                                                                                                               •=II•Iimm.




so
                                                          # 8 #
      A

                     69 - EL     Idee




     li alliallirr
         , .                   alm      w
                                            som PI ,
                                                so our r.-.
                                              "". . ma, PIII.0) 4...,.....
                                                                                                                                                      L1
                                                                                                                                                  ..: I.,

                                                                                                                                                                                                                             EFTA00003295
"
EFTA00003296.pdf,data-set-2-files-1,"                  .--...„&wwwiiiimitita• I .
                                                     .• '                                                                                                                                                                                                                          4



                                                                                                                                                                                                                                                                             •r




AO




                                                                                                                                                        t                         .

                                                                                                                                                                     (-0                .
                                                                                                                                                                                                               •
                                                                                                                                               '
                                                                                                                                             ICI                                       ,
                                                                                                                                                                     3.                                                       . 4 *
                                                                                                                                                                                                                   '
                                                                                                    y6ikt.i+),*,„ s:.                                                                                                                                                            ,•,
                                                                                                                                                                                                                                                       .
                                                                                                        •                 .0             •                                         j                       4+                 •                            v
                                          .1 2       t It   •
                                                                                    ;           el*             L.   or                         •                             I10 ,4 ‘1;
                                                                                                                                                                                                                                                                                   .
      4-4     *e t I                                   •                                                                                                                        •     ‘..
                                           •                    ',a # 1.•                               (*c .         •
                                                                                                                                    1""
                                                                                                                                               4N
                                                                                                                                             t11,
                                                                                                                                                        •            i•e r    •• •
                                                                                                                                                                              ,                                           \Az.         ""
                                                                                                                                                                                                                                           /j 11
                                                                                                                                                                                                                                                   -                                             -
     ""*-- •                    :. • • 0          •                                          -               •   •     •                  •                    j .      •                •:j .
                                                                                                                                                                                                           )4
                                                                                                                                                                                                            .;                                                 '                           , .               ' •
        ..„       fikt ,g                             17+              -           • • c44'                                                         •`""A-'4                                       ‘.
                                                            M   .'         ..;‘,.‘""••• •                                                                                     ••••       •
                                                                                                                                                                                                                                                           'tb*       la* ii""V‘      'pc                                           .
                                 •
                                                                                        •••,„                                                         ""•-•,""                                               •
                                                                                                                                                       -•                    r#,) '                                                                     AC. ' I ` Ar'w$C      Clir34
                                                                                                                                                                                                                                                                                   /

                         ..,,,, d)
                                 • 40.\....•!-:.., %Nr
                                                    ..)."".-±,c'e, -....i.:-."":.:::4.:3   -. 1 ,:,`,.31Eh.,
                                                                                                         it •1  ' :N1   4
                                                                                                                        / .41-Pir- ..;liv‘
                                                                                                                                         :..-Sisi
                                                                                                                                              a. o;;;:l   .  r't:. 311-1.4%
                                                                                                                                                                   -.,   •       l 1%; ‘ 11.;1.11
                                                                                                                                                                                            v.
                                                                                                                                                                                                4/ .1.
                                         r..1 i                                                                                                v%      N    V '        ""fe A ; . -4 4- :"".Sta-'
                       Er • '''                          %fi‘.. il      '''   ‘. 41 4       . ': as    Nr -4 ' .111`1.         r 4,4 •
                                                                                                                                    '':‘
                                                                                                                                             ! et' .tkosc
                                  • ‘ 11
                                                                 e.i):\, AZ,. t almg: -1,tot:
                                                    .' v f               •   ' •ir
                                                                                      r,
                                                                                             ”      ..
                                                                                                       ,          4,_ g, 1
                                                                                                             • f ' SY I
                                                                                                          •)
                                                       I       '   i l l -1: ""1
                                              ....•                                                t- siin vet'
                                                           it ?AN...A
                                                                                                                                                                                       ,•er


                                                                                                                                                                                  sw ?ik                                  w
                                                                                                                                                                                         •                     .0
                                                                                                                                                                                     11.                                                               :1
                                                                                                                                                                                                                                                        4/           •       •                       •        • ••                4 -
                                                                                                                                                                                                       •                          11                           •
                                                                                                                                                                                                                                                                         ♦                   ,



                                                                                        •
                                                                                                                                                                                            ••!        j                               %VAS                        IL'S.
                                                                                                                                                                                                                                                                                       t                     Ir .*.                       t
                                                                               •                        •                                                                                                                                                                                                •     s al       t   t         -se
                                                                                                                          \        s ic,

                                                                                                                                                                              •         .                                                                                                                      1      •       '


                                                                                                                                                                                       4 • *lls.
                                               av
                                                                • is       '                    a                                        1 ‘h
                                                                                                                                                                              'it;
                                                                                                                                                                             N.. -'•                            11/
                                                                                                                                                                                                                      4
                                                                                                ani,1
                                                                                                    4
                                                                                                    / ')ro
                                                                                                    1                          '                    •       1., 04                ..
                                                                                                                                                                                       f i‘
                                                                                                                                                                                              •
                                                                                                                                                                                                           '
                                                                                                                                                                                                       Ital.%                      ,,,,
                                                                                                                                                                                                                                    ....
                                                                                                                                                                                                                          4110••-•t t




                                                                                    i                                                                               'sfr      • 4
                                                                                                                                                                        44. •




                                                                                                                                                                                                                                           EFTA00003296
 EFTA00003297
 EFTA00003298
 EFTA00003299
 EFTA00003300
 EFTA00003301
 EFTA00003302
 EFTA00003303
     I
•




I

    I
•$




        res ew ma   as Mel itII E   ISM PO no Pe • • As rif esS whits .   r   va'S CI oN!   c`41 ialb 'Sorra   adY,   1/9 0 0 'MS ors it   %el :SI   05 Pe ne n't""5 t   ""'Mt. <M•   °   ..•••...,.   s   u   Sib •



                                                                                                                                                                                                     EFTA00003304
 EFTA00003305
 EFTA00003306
 EFTA00003307
 EFTA00003308
 ;-44.•`""""ir   "" Cit.147 44 . 747.   111 nr
               _




                                             EFTA00003309
 EFTA00003310
   _




EFTA00003311
 EFTA00003312
 -
    EFTA00003313
 EFTA00003314
 EFTA00003315
"
EFTA00003316.pdf,data-set-2-files-1,"•             •
 • • •
* • • •
 It     •
• • • S.
 •
• • •
 •      S.
• • • •
 • ,,11
                  IF   •
     d .* • •
 • • • • ••• • • •
            . .
          • • ••
.0      0
• • • • •
   • •       0 . '
               . 41
             • ••• •
 • 4, • •    r • •
• •                r• • •
r ••                • •
 • ••
•                    • •
 • •                  •
   •               6• •
 P•       •            4, •
  • •              •
• •••                ••••
                   ,••
                   ""      •
t     •




                              EF
"
EFTA00003317.pdf,data-set-2-files-1,"EF
"
EFTA00003318.pdf,data-set-2-files-1,
EFTA00003319.pdf,data-set-2-files-1,"21,16,* •
 "
EFTA00003321.pdf,data-set-2-files-1,"LB




     E
 El   •




         E
"
EFTA00003323.pdf,data-set-2-files-1,
EFTA00003324.pdf,data-set-2-files-1,
EFTA00003325.pdf,data-set-2-files-1,"EF
"
EFTA00003326.pdf,data-set-2-files-1,"EF
"
EFTA00003327.pdf,data-set-2-files-1,
EFTA00003328.pdf,data-set-2-files-1,"EF
"
EFTA00003329.pdf,data-set-2-files-1,"EF
"
EFTA00003330.pdf,data-set-2-files-1,"EF
"
EFTA00003331.pdf,data-set-2-files-1,"EF
"
EFTA00003332.pdf,data-set-2-files-1,
EFTA00003333.pdf,data-set-2-files-1,"1




EF
"
EFTA00003334.pdf,data-set-2-files-1,"4-




     EF
"
EFTA00003335.pdf,data-set-2-files-1,"EF
"
EFTA00003336.pdf,data-set-2-files-1,
EFTA00003337.pdf,data-set-2-files-1,
EFTA00003338.pdf,data-set-2-files-1,
EFTA00003339.pdf,data-set-2-files-1,
EFTA00003340.pdf,data-set-2-files-1,"EF
"
EFTA00003341.pdf,data-set-2-files-1,"EF
"
EFTA00003342.pdf,data-set-2-files-1,"EF
"
EFTA00003343.pdf,data-set-2-files-1,
EFTA00003344.pdf,data-set-2-files-1,"r , F I li
             I
                 ""   t
                         \At
"
EFTA00003345.pdf,data-set-2-files-1,"1




EF
"
EFTA00003346.pdf,data-set-2-files-1,"4-




     EF
"
EFTA00003347.pdf,data-set-2-files-1,"EF
"
EFTA00003348.pdf,data-set-2-files-1,
EFTA00003349.pdf,data-set-2-files-1,
EFTA00003350.pdf,data-set-2-files-1,"-




    EF
"
EFTA00003351.pdf,data-set-2-files-1,"EF
"
EFTA00003352.pdf,data-set-2-files-1,"EFTA00003352
"
EFTA00003353.pdf,data-set-2-files-1,"EFTA0000
"
EFTA00003354.pdf,data-set-2-files-1,"EFTA00003354
"
EFTA00003355.pdf,data-set-2-files-1,"h




    EFTA00003355
"
EFTA00003356.pdf,data-set-2-files-1,"MbeallOba                                asi,               alb   we armee

                                                                             • IP
          •              a
                     S




      •




                 •                   -        • ES%...iv
  #                   r el.,. •
                                           ...C.•••4000,1
          •
              • i.:-          - •
                  .0:-#.).„-fabika      -; t,
                                                   ?tot.,
.:""              rr-• 4,     C
                             r:4#...14•Ic
              ..1,62.a. • :Or...        i llitA   1494



                                                                                    EFTA00003356
"
EFTA00003357.pdf,data-set-2-files-1,"EFTA00003357
"
EFTA00003358.pdf,data-set-2-files-1,"111T,t itt


             EFTA00003358
"
EFTA00003359.pdf,data-set-2-files-1,"EFTA0000
"
EFTA00003360.pdf,data-set-2-files-1,"e4
"
EFTA00003361.pdf,data-set-2-files-1,"a




EFTA00003361
"
EFTA00003362.pdf,data-set-2-files-1,"EFTA00003362
"
EFTA00003363.pdf,data-set-2-files-1,
EFTA00003364.pdf,data-set-2-files-1,"EF
"
EFTA00003365.pdf,data-set-2-files-1,"          s'On

I   NA,




          EF
"
EFTA00003366.pdf,data-set-2-files-1,"EF
"
EFTA00003367.pdf,data-set-2-files-1,"                      ,C-Fig
Kt!• sya„,
           Areitity
 dieir      - •




                        EF
"
EFTA00003368.pdf,data-set-2-files-1,"EFTA00
"
EFTA00003369.pdf,data-set-2-files-1,"I




    EF
"
EFTA00003370.pdf,data-set-2-files-1,"E
 E
"
EFTA00003372.pdf,data-set-2-files-1,"                                     • ••                 •                       •
                           •            •    •       •S •   .
                                 ...            .0
              •     •   •                  •
        •                 • •          •     • •        •
          •     a•• •      •   • •• •          • • • •
            •         •      a            •        •    •    •
                  •                  •                        •                                                                     a
                 a                                                            •                                                                                 a            a                       •
•                                         •                       a                                            •                            •
                     •                                                                    •
                                                  a                                                                     •                                            1               •                          •
    •                                                                 •                                                                                 •
                         •
                                                          •                                        •                            •                                        •                   •
         •                                                                •                                                                                     as
                              •                                                                            •                                                                 •
                                                              •                                                                         •                                                                ill.                           •
             •                                                                    •                                                                                  •
                                      1                                                                             a                                                                a
                                                                  •                                                                                 •                                                               •
                 IP                                                                                                                                                      •                                                                      •
                                              a                                                                             a                                                                a
                                                                                              •a                                                            a            •                   •                                  •
                                                                      •                                                                                                                                                                                  •
                     •                                                                                 •                                                                     •
                                                      •                                                                                                                                                   16.
    a                    ••                                               a
                                                                                                               •a                                                    a                   ♦
                                                                                                                                                                                         a
                                                                                                                                                                                                                                            •                    a
                                                              a                                                                                 I                                                                       a
        •                                                                             a                                                                                  a                                                                          •a
                                  •                                                                                     a                                                                        a
                                                                  a                                                                                         •                                                                       a
             0                                                                                                                                                                   a                                                                           a
                                                                                                   a                                                                                                                                                                      a
                                          a                                                                                         •                                                                      a
                                                                                                                                                                                                                                                a
                 •
                                                                      a
                                                                      ♦                                    a        s                                                                    a                                                      •                    •a
                                                      a                                                                                         a                                                                           a                            •




                                                                                                                                                                                                                                                                              EF
"
EFTA00003373.pdf,data-set-2-files-1,"   ad




EFTA0
"
EFTA00003374.pdf,data-set-2-files-1,"faEXILtif




            EFTA0
"
EFTA00003375.pdf,data-set-2-files-1,"        yillittlyratiawktf




                                 •   .
                             •




EFTA0
"
EFTA00003376.pdf,data-set-2-files-1,"EF
"
EFTA00003377.pdf,data-set-2-files-1,"EFTA0
"
EFTA00003378.pdf,data-set-2-files-1,"EF
"
EFTA00003379.pdf,data-set-2-files-1,"W\




     4




     EF
"
EFTA00003381.pdf,data-set-2-files-1,"EF
"
EFTA00003382.pdf,data-set-2-files-1,
EFTA00003383.pdf,data-set-2-files-1,"EFTA00003383
"
EFTA00003384.pdf,data-set-2-files-1,
EFTA00003385.pdf,data-set-2-files-1,
EFTA00003386.pdf,data-set-2-files-1,
EFTA00003387.pdf,data-set-2-files-1,"EFTA00003387
"
EFTA00003388.pdf,data-set-2-files-1,"EFTA00003388
"
EFTA00003389.pdf,data-set-2-files-1,"EFTA00003389
"
EFTA00003390.pdf,data-set-2-files-1,"                                                                                                                                                                      -                      41,24,444




                                                       3.               0.. '   - tchrt7,...        irdes                          ms=6.1 e
                                                                                                                                                         76,.--Algtallaaliarr                                  `-acr•--t-                 a--   --' „zairvililIF-
                                                                                                                                                                                                                                                                                            _
                                         -
                                                                                                                                  . -- -
                                                                                                                       - 76ell,•o,%.
                                                                                                         _ --- -- ----C-c                                                                                       ----- -

          .1
""Cirre,..40                                                                                                                                                                                 •••••••
                                                                                                                                                                                       -ndr -
                                                                                  •   -                                             tt-                     'Sr                                                                                                                                         ..•••••••
                                                                                                                                                                                                                                                                                    a

                                                                                                                                      „ lI s •••e- ear- eanpriri
                                                                                                                                                                                                                                                                                             .41 r M IPIC
                                                                                                                                                                                                                                                                          agar   46,,,...;;,. n acer -
                                                                                                                                    ..-
                                                                                                                                          arestaCt:=9,se-
                                                                                                    assie ""•••••rataxam. .""""`""*e7 --lefteSIC
                                                                                                                                              •

               -
                                                                    -   araft.:e                                                                                                                      _
                                                                                                                                                                                                                                                                                                        'Cr

                                                                                                                                                  . •
                                                                                                                                                                                                                                                                                                                    10.
                                                                                      A- ""--sioncr

                                                                                                _
                                                                                           -                                                        -
                                                                                                                                                                      bier-

                                                                                                               ""



                                                                                                                                                                                          --- ..--                . ..... :-..--.......
                                                                                ---.7                . .                   ver                     .--ArtiCoo r t- -• -

                                                       -.,.• -.--
                                                                                                                   ._     .:.• e                a -
                                                                                                                                          ..--so.""-             - —                  ....""7.*:

                       --tc;:-                                                                                                                                                                        ,...-, :.    _


.7-- -                                       .-.A,••
                                                                                          . ,
                                                                                                     ,    r                                             -..,r
                                                                                                                                                                          ..eror-.                sw      .dp ...a......•••••••• •
                                                                                                                                                                                                                                     m.

'Apr                             . „---,
                                                                                                                    --'   P C-.:...-




aerr
                   —                 _




                                                                                                                                                                                                                                                                    „.-



                                                                                                                                                                                                                                                                                                EFTA00003390
"
EFTA00003391.pdf,data-set-2-files-1,"EFTA00003391
"
EFTA00003392.pdf,data-set-2-files-1,"EFTA00003392
"
EFTA00003393.pdf,data-set-2-files-1,"EFTA00003393
"
EFTA00003394.pdf,data-set-2-files-1,"EFTA00003394
"
EFTA00003395.pdf,data-set-2-files-1,"EFTA00003395
"
EFTA00003396.pdf,data-set-2-files-1,
EFTA00003397.pdf,data-set-2-files-1,
EFTA00003398.pdf,data-set-2-files-1,"EFTA00003398
"
EFTA00003399.pdf,data-set-2-files-1,"EFTA00003399
                                                                                                                                                                                                                                          r•
                                                                                                                                                                                                                                      wee 1404,4refler4 4
                                                                                                                                      f, , L °    ,t                                                                                  .
                                                                •°'
                                                                         t.                                                                 • . 4                                                                         •                        •
                                                                                                                                                                       •                   •     •               .1
                                                           •
                                                                                             te ,. 14/
                                                                                                                                      •                  b..                                    s r.•,,s 14/
                                                                                                                                                                                                                                                                                                   .,-
                                                                                                                  „•••,.....\% 0;:o
                                                                                                                                   .,::°‘.:-
                                                                                                                                                                                                                                                                                                          /
                                                                                                                                                                                                                                                                                                . L., •. 14                  . .,                    . .
                                                                     •. •        •                                                                                                                                 r -•                    i                        ..    ,.',,•
                                                                                                      •                               s•            .•            O        S.          it1/4                                                                                                              ..                             .                     r        •
                                                                            ••                                       • 14
                                                                                                                        /                                                                                         •
                                                                                                                                                                                                                  s                                                                i       '1'                       4,• '
                                                                                                                                                                                                                      • ••• ""                          4 4                                                                                            .
                                                                                                                                                                      '•        ..    4 . 4.                 .                                                                                                           „ ;. ••
                                                                                                            6:••••••&                     O.6696                                                                                                                                                4, .
                                                                                                                      .O•+`'..••••,...,'                                                                                  ,. ..•• ...lb .,                                                                '.••           .•                      '             g •
                                                                                                           *--                                                                                                                                 . . 4'                                      6 '•              ,..•:...i..,...
                                                                        .64                      .                                                         ••••                                                                       ..•   O.4........:.
                                                               .“.                                                                               t .6C                                                                                  ..3
                                                                                                                              ..6         . t
                                                                                                                                       Or 1‘O44O31....O.',
                                                                             14
                                                                              / . -                            1'.
                                                                    ••,04....e.0...t                                            ...C.:
                                                                                                                                                                                                             ..........14%.,                                                                                             &.....:                               •
                                                                                                                O         44: 4 36                o.
                                                                                                                                                  t  , O                        I.
                                                                      t......•                             O                                                          . O. ..4 ‘..
                                                                                                                                                                                                                                                                                                                                  • ` .. .                    •
                                                                                                                                                                                                                                      ,..t•            I                 ,     •            '                            ‘
                                                                                                                                                                                                         4.4• •'              %
                                                                                                                                                                                                                                                                                                                     .                       • 1 ;                  •
                                                                                                                                                                                                                                  %                • ' I..                s•           "".
                                                                                                                                  .4b •                                         - O. . 1.                         •4 .:-
                                                                                                     O s O b          el'    .
                                                                              t.                                                                                                                                           N. 6'                           6• '.                   •
                                                                                                                          ••.1.✓'    4.••• *                                                   • .e .‘
                                                                                                      ‘ '. 1! ♦s li k
                                                                                                                                                                                                                                                   •
                                                                                         •
                                                                                                                                                                                                                                                                                                • 1 :1               4.'          • '
                                                                                                                                              ..••••41.._••••‘‘•....°                                                         •....6'
                                                                                     • }.                 3 . 46              Sr
                                                                                                                                                                                                                                                                                                                      6                      3
                                                                                                                                                                                                                                                                                                                                        •
                                                                                                                                                                                                                                                                                                                      ,•                      t           ,
                                                                                                                                                                                                                                                                                                      •
                                                                                                     14.1...466                       O           4' . „•"".
                                                                                             6
                                                                                                                                                                                                                                                           :C 3L ,O                             P .        r;        L                  4'                     • 6
                                                                                                                                                                                                         •                    st
                                                                                                                                      '.,•'                        •                   it• 5                                                                                       ••-•                                       „s.2 •
                                                                                                                               •          ••••                              il l                                                      „aa                                      ,•' ,1                                        •••
                                                                                                                • i ,•• ' I r .  •                                                                                     4'          3 1.                     „            I .           .4""                   s o; .s•
                                                                                                               O14/ ,s' ,•••`,.•%•••                                                                                                                                ss.                                       •
                                                                                                                                                                                                                                                                                                                •v. sr.• 1O'
                                                                                                                                                                                                                                                                                                                           „
                                                                                                                                                                                                                                                                                                                             1
                                                                                                                                                                                                                                            0 3,44. O                                       4'                                       3 .       4
                                                                                     •                          •3O .6
                                                                                                                                                                                                 •                                    .6•14      .• t                                                                3 *                     r t
                                                                                                 • 4        3 1    3 3.                                   •
                                                                                                             ‘ j                          •                                .3
                                                                                                                                                                            ▪ .                                                           o g• •                                                           3 /.               s                       .
                                                                                                                                                         „a' ap t'.                                                               ,•`.,•.“
                                                                                                          ,.)...•
                                                                                                                                                                                                                                                                                                 ▪                                      Cea.* .
                                                                                                                                                                                                                   r. • ,4
                                                                                                                                                                                •      ▪        r e                   r                            „I
                                                                                                                                      •                                               ...go'                                                   4                               ,       ,r        14             . 6
                                                                                                                                                                                                                 .3•,         ..43.                        O         a
                                                                                                                                                                                                                                                                                                                      s e               1 %431 '
                                                                                                                                                                                                                                                                                            •              3• 2
                                                                                                          ‘ 4‘‘               41.                             •
                                                                                                                                                              .‘                    .0 •
                                                                                                                                                                                                                                                       •••
                                                                                                                                                                                                                                             L               4. 16                                                     •••'
                                                                                                                                                                                                                      11 • 1              3 ,O              O .31                          4O          „            . .... 3)..1,
                                                                                                                                                                                                                                                                                                  e             t     o r..          4.%                           r
                                                                                                                                                                                                                644:,•                     •46 ,...                       “
                                                                                                                                                                            O        ...                     3 O. 1 .O                      .e                                11.•
                                                                                                                     „I            .O
                                                                                                                                                                                      •                                •                                                                        c•▪ *"" ••`.
                                                                                                                                   re‘,.O * s t•                                                                              ,                        b           •••• K
                                                                                                                     •
                                                                                                                                                                                                                                                                                                          . 46               ••     •                     it 6
                                                                                                                                                   .1 4.1 .                 6•.‘&                • •• •                       -.4 446 '.•
                                                                                                                                              •
                                                                                                                                                                                                                       •••  •                                   •             4.4.                    6 °6                          .•••                      „
                                                                                                                     •    ‘& 1 4'46                                        .•        ••6
                                                                                                                                                                                                                  3 O , O.3                                                                              t ai                           3 4.•
                                                                                                                                          .•                                •                    •                ,, b•                                                                                                                 %O r.
                                        .. OO     .   h.                                                                  „                                                                                                                                                                  • ..•         4 •L
                                                                                                                              -•f••                                   ,p                                                                  ` • •            ..•••4:
                                                           IA . '      OO                                                                                                                                    )4
                                                                                                                                                   5‘                                                                                                                                                      O.O                               •                1
                                                                                                                                                                                                                                                                                                                                                              4
                                                                                                                                                                                                                                                                                                                                                              / •
                                                                                                                                                                                                                                                                                       •
                                                                                     I l
                      .•
                                                                                                                                          ••.                         1
                                                                                                                                                                      4
                                                                                                                                                                      /              O. • •                                                    '
               ' 61'4 • :5 1'  &:.°   61.1. 4
                     6&0 . O ..0 .              6:0                                                                                bob bo .O 1 )
                                                                                                                                                                                                     •            •
                        •    ,..“
"
EFTA00003400.pdf,data-set-2-files-1,
EFTA00003401.pdf,data-set-2-files-1,"$ermaraisisgamogiSsag""Siaitc•riomasnotwaomosamwaisatiass
"
EFTA00003402.pdf,data-set-2-files-1,"                        14176N :Oint




                  I DHS1711


          03111 ft




                 •      •I •• •
               30141110J if ii Hi, 11
€      AVAIVIN »Low >inuo
I        i""Ao

                            WIPP,
    tIllate9    VD""   TIM     4/ 41430




    ...Inn.   - ` 4 W -- levn
                             II&IVI
                            .n i
    411(40)10 1Witw- l
"
EFTA00003403.pdf,data-set-2-files-1,
EFTA00003404.pdf,data-set-2-files-1,"EFTA00003404
"
EFTA00003405.pdf,data-set-2-files-1,"EFTA00003405
"
EFTA00003406.pdf,data-set-2-files-1,"EFTA00003406
"
EFTA00003407.pdf,data-set-2-files-1,"EFTA00003407
"
EFTA00003408.pdf,data-set-2-files-1,"EFTA00003408
"
EFTA00003409.pdf,data-set-2-files-1,"                                                                                                                             ""in
                                                       •       ,



                                                                                                  rL
                                                                            •1        1
I.   In
          Fr
               IL . *
                        41.
                          V 4'.    ,4           '6 .
                                                       —
                                                           a       4t   V       :                      *       •



          *                       *,                                        •         "".                   •
                         1- S.         4.       ‘..        9. IV        .6 tr       .C.V 4                         :tt   •

     c;   i:             1[ r °             ..ve.a4                                 ,.1 .1.e.le
                                                                                            •                            a




                                                                                                                                   EFTA00003409
"
EFTA00003410.pdf,data-set-2-files-1,"%    1. 41""             lit,ilos .ti 4                                            i tilligit •         :N..               •    t
               4.,                                                                     It"" ,
                                                                                           .. .                                                ti
, 0..          it""          ,""'""                  la                  Igh    t 4.-             ir   0, .            gar
V.
     0
         at - 11k          i 4 lie
                               .
                                   Mt                                       *t•          44,..OVINSP
                                         i• •••

     0         4
     .                          .                 it                 „ 4              • ' C
               i                                              1014
                                                                 /          '4'0 —
                                                                                                                                      v. 1 .4„,
             Y NW           0       It                 Oh   e• -I isk 'fib., 46 qb. 19. ' rte it     . -4:                        0

                                                             411( .      . ' #1- • *       iidir....
                                                                                                  - • d...:
                    i        ...‘  O.        - 0,                                      „          i;
                            a, !'_P •""4 14It, 10 * f                               k       .‘,."" -- iss.      .4.         -rn it.          4:3
                                                                                                                                            4/

                                                  Iti      *-          41      t
                                    4e,              Pir 10 *        se, ir tir 4                                             ,         ...4
                                                   I, •-   Al         .0 -,, • 1.                       •




                                                                                                                                                    EFTA00003410
"
EFTA00003411.pdf,data-set-2-files-1,"ksi"" ItSg::




              EFTA00003411
"
EFTA00003412.pdf,data-set-2-files-1,"EFTA00003412
"
EFTA00003413.pdf,data-set-2-files-1,
EFTA00003414.pdf,data-set-2-files-1,"               `1.




EFTA00003414
"
EFTA00003415.pdf,data-set-2-files-1,"EFTA00003415
"
EFTA00003416.pdf,data-set-2-files-1,
EFTA00003417.pdf,data-set-2-files-1,"EFTA00003417
"
EFTA00003418.pdf,data-set-2-files-1,"EFTA00003418
"
EFTA00003419.pdf,data-set-2-files-1,"EFTA00003419
"
EFTA00003420.pdf,data-set-2-files-1,
EFTA00003421.pdf,data-set-2-files-1,"EFTA00003421
"
EFTA00003422.pdf,data-set-2-files-1,"/ 1
b
A l.' •




          EFTA00003422
"
EFTA00003423.pdf,data-set-2-files-1,"EFTA00003423
"
EFTA00003424.pdf,data-set-2-files-1,"EFTA00003424
"
EFTA00003425.pdf,data-set-2-files-1,
EFTA00003426.pdf,data-set-2-files-1,
EFTA00003427.pdf,data-set-2-files-1,"EFTA00003427
"
EFTA00003428.pdf,data-set-2-files-1,"EFTA00003428
"
EFTA00003429.pdf,data-set-2-files-1,"a
"
EFTA00003430.pdf,data-set-2-files-1,"EFTA00003430
                                                                                                                                                                                                                                                      . * a- w                               •
                                                                                                                                                                                                                                                                          w •                   /b .-   W
                                                                                                                                                                                                                                                                                           •        e
                                                                                                                                                                                                                                                                                                           4 • s'
                                                                                                                                                                                                                                                                                                         O
                                                                                                                                                                                                                                                                                                         da       a ' Ca 1
                                                                                                                                                                                                                                                                                                                     *
                                                                                                                                                                                                                                                                  *                0
                                                                                                                                                                                                                                                                           a
                                                                                                                                                                                                                                                                                              0 t
                                                                                                                                                                                                                                                                                                     ll       • I      a a
                                                                                                                                                                                                                                              C                                             a                                       4. 4
                                                                                                                                                                    -.                                                                        , .                                                      •           •*                                       a
                                                                                                                                                                                                                                                                                                                                            C       4           *   •
                                                                                                                                                                                                                                                                                                                           es                           2   4
                                                                                                                                                       $
                                                                                                                                                                     0                                                            S                       *           4        •                                                                                .
                                                                                                                                                                                     •           0                                                                                     s
                                                                                                                                                                                                                                          •           c                        -       •                                    -
                                                                                                                                                            •                            •                                                                    c                                •           •
                                                                                                                                                                                                     •       •                                                             ;       s                                   2        y
                                                                                                                                                                                                                         *                                                                                                          0   *
                                                                                                                                                                             •                                                                                                                                                                  .
                                                                                                                                                                                                                                                                                   •
                                                                                                                                                   *            •            •                                                                                                         •• ••                       •       1'
                                                                                                                                                                                                                 ill         it
                                                                                                                                                                                                                                   :1°
                                                                                                                                                                                             .                                                            •           •
                                                                                                                                               •



                                                                                                                                                   •            •
                                                                                                                                                                                 •
                                                                                                                                                                                             •

                                                                                                                                                                                                         •
                                                                                                                                                                                                         •
                                                                                                                                                                                                                     ...
                                                                                                                                                                                                                     aqv
                                                                                                                                                                                                                      ai,
                                                                                                                                                                                                                                          •
                                                                                                                                                                                                                                                      .♦ •
                                                                                                                                                                                                                                                      ..


                                                                                                                                                                                                                                                                               •
                                                                                                                                                                                                                                                                          * i•p •
                                                                                                                                                                                                                                                                          •        •
                                                                                                                                                                                                                                                                                                   •
                                                                                                                                                                                                                                                                                                               a

                                                                                                                                                                                                                                                                                                                                                                        /7
                                                                                                                                                       •                                                                          # •                                                      •       •
                                                                                                                                                                         •
                                                                                                                                           a           ..                                •       •                     a.                 a           •       S.
                                                                                                                                                                                                                                                              •
                                                                                                                                                                         or                                                                                                        •
                                                                                                                                                                                     •                           •                                                                                 •
                                                                                                                                                                                                                            a         •
                                                                                                                                                                                                             •                                    •                                        ... •
                                                                                                                                                                                                                         a                                    w
                                                                                                                                                                                                                       .....
                                                                                                                           •
                                                                                                                                   ea. •
                                                                          .           N.               .
                                              ‘
                                  s.*
                                   i                                                                       A   •       •       *
                                        .
                             •ti0
                                          —1- ••••••.
                                   f.  sr
                                           •••••••
                                          11•••
                                 •                   is
                                      •••••••
                                  ••••••••,,
                                •  •••••••.,             ••
                              •
                                          ••••   •flis        •                                                                4
                                                                                      •        •
                         •                                                                             •
                                     •               •            •           •           •        6       • ISO
                                                                                                              •
                 •           0           •                                                                             *a••
                                                         •            •           •
             •       •           •               •            •           •           • •          •       •       •    • *
            •• • •                                                                f I 0 s
                     • II •                                                               Et •
         I • •                                                                • • • • • 0 • •
          *        ********                                                                                    • • • a
        000      00    o
                **********                                                                                       • * •
    •                                                                 •           •           • •
"
EFTA00003431.pdf,data-set-2-files-1,"Slim In Om
is on qi-ki fis fat
                      .ft;
"
EFTA00003432.pdf,data-set-2-files-1,"                                                                                                                     e.
           •              %%%%%%% %%%%%                                                                           *pee.
                                                                     %%%%%%%
                                                                llllll
                                                             %%%%%%%
                                                         llllll
                                                      %%%%%%%
                                                  llllll                     %%%%%%%
                                                                               lV    %%%%%%% %%%%%%% %%%%%%%%%%%%%%%
                                              %%%%%%%
                                     llllllllllll
       llllllllllllllllllllllllllllll%%%%%%
 llllll%%%%%
%%%%%%                                                                  llllll   .o%%%%%%%%%%%%%%%%%%%%%%% •.V.1.1""
                        %%%%%%%%%%%%        %%%%%%%%%1     %%%%%%%%%%%%%%%%
            WIPVII, 1%••••••• • • • • 11•••••                               111111l11%l11.WIllItts
%• % •
     %%%%%%%%%%%%%%%%%%%%%%%%%%%%%%%           •11111111%111%1111111.114111V11111 tITAW111411.1%).:.
                                           %%%%%%%%%%%%%%%%%%%%%%%111%1111111AI        •••••1.•
                                             %%%%%%%%%%%%%%%%%%%%%%
  %%%%%%%%%%%%%%%%%%%%%%%%%%%%%%%%%%%%




                                                                                                                          EFTA00003432
"
EFTA00003433.pdf,data-set-2-files-1,"~.
"
EFTA00003442.pdf,data-set-2-files-1,"EFTA00003442
"
EFTA00003443.pdf,data-set-2-files-1,"EFTA00003443
"
EFTA00003444.pdf,data-set-2-files-1,
EFTA00003445.pdf,data-set-2-files-1,"EFTA00003445
"
EFTA00003446.pdf,data-set-2-files-1,"NINNIIKV
"
EFTA00003447.pdf,data-set-2-files-1,"IIP




EFTA00003447
"
EFTA00003448.pdf,data-set-2-files-1,"EFTA00003448
"
EFTA00003449.pdf,data-set-2-files-1,"EFTA00003449
"
EFTA00003450.pdf,data-set-2-files-1,"EFTA00003450
"
EFTA00003451.pdf,data-set-2-files-1,"EFTA00003451
"
EFTA00003452.pdf,data-set-2-files-1,
EFTA00003453.pdf,data-set-2-files-1,
EFTA00003454.pdf,data-set-2-files-1,"EFTA00003454
"
EFTA00003455.pdf,data-set-2-files-1,"EFTA00003455
"
EFTA00003456.pdf,data-set-2-files-1,"       k




EFTA00003456
"
EFTA00003457.pdf,data-set-2-files-1,
EFTA00003458.pdf,data-set-2-files-1,
EFTA00003459.pdf,data-set-2-files-1,
EFTA00003460.pdf,data-set-2-files-1,"EFTA00003460
"
EFTA00003461.pdf,data-set-2-files-1,"EFTA00003461
"
EFTA00003462.pdf,data-set-2-files-1,
EFTA00003463.pdf,data-set-2-files-1,"EFTA00003463
"
EFTA00003464.pdf,data-set-2-files-1,"EFTA00003464
"
EFTA00003465.pdf,data-set-2-files-1,"             ran


;••••   in   t si r   A   klir




                      EFTA00003465
"
EFTA00003466.pdf,data-set-2-files-1,"                    ♦1

                    -,s' •
                         e'e




• 4..


Sc
'I!
 -A, 4'4
        5.1-
            •
         .-^,•a •




                               EFTA00003466
"
EFTA00003467.pdf,data-set-2-files-1,"EFTA00003467
"
EFTA00003468.pdf,data-set-2-files-1,"EFTA00003468
"
EFTA00003469.pdf,data-set-2-files-1,"EFTA00003469
"
EFTA00003470.pdf,data-set-2-files-1,"  a




EFTA00003470
"
EFTA00003471.pdf,data-set-2-files-1,"EFTA00003471
"
EFTA00003472.pdf,data-set-2-files-1,"                              was                ts
14.•••••411~•• ••~Sfin•••••S
          •




                                                                                                                                                                                                            SW       - —.- —
                                                                                                                                                                           «emir                      _      _ _.
                                                                                                                                         MIMI=                                            Irian
                                                             WM=
                                                                                                    «MUM                                                        !in   solo aaaaa froa a*~
                      Kr,""
                                                                                                                                aaa anisionn        e      aaaaaa zna.                    IMIIIIIIMI 00
                                                                                                                                                                                                              0000
                                                                                                                                                                                                             0000
                                                            II      t«        II MIMS
                                                                                                            a sa insu   a n  aa                     n  a g a  a  ra   ra                      IM M  O SI M   M  I
                  I diti•   Ill • all    AI  II ** ** *         Sa                                    aaaa          ** ** **  se  00 000000a      n
                                                                                                                                                           ss  m    a 00 00 0 eb.,,MIN     IS
                                                                                                                                                                                                                                                 s~8~~
                                                                                                               m                                       na
                                                                                      *********** a
                                                          ltillIO   M                                                                           AIM
                 dai nientilleltalINIMMInaina                                                                                   IIIINIIIIIM                      UM ION II""                             •III4nn
                                m   a n is sa   in  n   antesnersteganam, anon wma WWII IMIS                                         oo 11111MI SO • IIall    m
                                                                                                                                                                                         ,
                                                                                                                                                                   inim 000000 .: yentar all              enee is
                                                                                                                                                                                                                11se
                                                                                                                                                                                                                   ai
                                                                                                                                                                                                                   11 gr
                                                                                                                                                                                                                      ra
                                                                                                                                                                                                                       4Iai
                                                                                                                                                                                                                         na
                                                                                                                                                                                                                          nal eassas
                                                                                                                                                                                                                            m
                                                                                                                                                                                                                                                        n. garnalli _ ____
                 MIlean ram               ma        ar  ai rs  te a  sa                                                                     a sa s   00 00  0                                                                                       Fsessu
                    learesaa                                                                                         astirenarsam                                                                 • Si
                        IIININIIMIlli11.
                                            81141.
                                                                    sr a • 0000   0a is   a  nsea 00000000                                                                                                 .                ________
                                                                                                                                                                                                                             tannanz=paro,
                                                                                                                                                                                                                                                         -
                                    s era am   m    a    n  o                                       r  LO W
                                                                                                                          00000m MOOS*e  s  s                           IN IM M Ill al ae .                               ra
                 111, fl aw                                                   I a 1MI        1if Ea                                                       «ijilifil lIM
                                                                        ea l                                                                                                                                      eg   oe            e%its   .
                                                                                                                                                                                                               % - _ - s -, _nam
                                                                 illi at                                s                                                                                              im  ei tir
                 ?Miss. ""IIM
                                   ItelnliglitiNtit  *If
                                                                       ilmassonagta         imasa                         WIMIIIIII                                      Sibs               an     es
                                                   io  n g  sm      a                                    00 0 MOWIlt et                 Mallifil1111$                         ass fl
                                                                                                                                                                                            0 so  n  _
                                                                                                                                                                      00000us000000
                                 esisin     ts  n                                     * Ill  rn       00                     M M  .               Mtn        in   o
                 ZOO b                                           arildIMMOIN a 111                                                    ailiSle
                                                                                                                                           w                  ar
                                                                  • II an ens
                                                                                                                            • sienit seion
                                                                                                                                 Ill
                               g•IIMIMOINIF                                                                      Mel»
                 4/10 «at ..              »   amean11n11lit11i 10       o                               oo 0 OW
                                                                                                              n im a m s et
                       Y 3! +,   'M ar as
                                                     art ur    M  a                                     in *o
                 inn
                eat maw,*.""    . ,IIMINIrelle • slim
                 se  win W: i \          leumneat
                         ,‹
                , r "" ,
                 , ,,




                                                                                                                                                                                                                                             EFTA00003472
"
EFTA00003473.pdf,data-set-2-files-1,"                                                                                                                                                                   XIIITI-Ek
                                                                                                                              KIMIAIR                                                  mersaar
                                                                                                                                                           a m  m   in a minaasim
                                                                                       arrtallt                                          us no ta     a  s              earise
                                                                                                                   e sate saw                    se raa       nimmw
                                                  MSTYLS                                             a  n      w                         e n  s                m    in
                                                                  I emus« irR        « azda    a m                       sr se in
                                                                                                         it Oa a u anannotaan
                                                                                                                                   s                ans                                                                                         eamilmia
                                                                                                                                                                                                                                                            lS.
   icirTTLJER                          n     ta   w   s«                               UM* III»                   n  «                                                                                                                 us
                        a* i   a n   a                                   ii  'i ii                    i  II n u             II 9414~    7 1  M  M  II
                                                                                                                                                                                    lalga   ll S in                              si ss
le el lamas                      I a II at       liallailliti It ill i II NS814111.11/ lailM/18                                               IBMII                      leilleffil       r mmies
      O       l il l Mat                            I ill a  t all
                                                                               n    a s  a m     1 il                      W   M fill IIIM aan aalallil sagyiga                  a mn
                                                                                                                                                                                  le   ara
                                                                                                                                                                                      eia
IM       I il
                          • II s i n if Il ll i
                                                               is a * a  n  o
                                                  tsewn am is setanasiga aita matins             n  a   n   N M I il l«
                                                                                                                                se a  it a a n a              a1m1 1
                                                                                                                                                                   ig.1e/Me                                                                                     astienr
MU* WU*»
                     II
                          ti   Ili ~as                L   it N                             ra s  •                      a  m    e n     w  e 11111111s11s11a1H
                                                                                                                                                             s                                                                          tr
  -man aitn            a s a1t a slt   ass                          a In as um
                                                                                      s, a              ma antsnastassuazII                   nia                                                                .. ..t,..3.„ais
                                                                                                                                                                                                                                     is              ~ I' M
       om                            a   li  n  alla a Oa e
                                                                aa   a  a a »   s  a s s an Etaa     a  a  a o  v  a        ll liW   IG    II IIIIIa         a                                      Ni...rai.....ti
                                                                                                                                                                                                                    tt    r 17 1/11 al I
                                                                                                                                                                                                                                           ilnilin i
                        norm
 4‘.. lit».ta in »MI im INININ IIMI a a a a
                                                      ISIM                      sea am    ini       saaaimail
                                                                                                                        ia              analana
                                                                                                                                                           I
                                                                                                                                                               es                                   stra.""'nu
            'e                              iS   IN                  Il im  in   a it tanateaanamsanana memen namIN                                                I«   WM . I tr awl a ti
                                         a
                                                                                    ~amanRaN IMO Me I m
     ' ,                              ll
                                   sa veliMINIIIM                                                                            an                                 II           i
                i *5 win az         ia                             s ma saw                                              1~11110111
                                                                                                                                         11101~11
                                                                                                                                                       0 Is
a                  , a n  «                     s s a N    ii n e                                           11 11 11  01
                                         aa                                                        11 1. 11
 i k,                 ,s io man «I I nialeinierniniiia * II WM* *III
an                      II II111,18                 inanm
me.     1,,   -           . a wets tive
NS awl&




                                                                                                                                                                                                                       EFTA00003473
"
EFTA00003474.pdf,data-set-2-files-1,"EFTA00003474
"
EFTA00003475.pdf,data-set-2-files-1,"EFTA00003475
"
EFTA00003476.pdf,data-set-2-files-1,"EFTA00003476
"
EFTA00003477.pdf,data-set-2-files-1,"EFTA00003477
"
EFTA00003478.pdf,data-set-2-files-1,"EFTA00003478
"
EFTA00003479.pdf,data-set-2-files-1,"EFTA00003479
"
EFTA00003480.pdf,data-set-2-files-1,"EFTA00003480
"
EFTA00003481.pdf,data-set-2-files-1,"  難




EFTA00003481
"
EFTA00003482.pdf,data-set-2-files-1,"               一 坠飞＂毛赛




EFTA00003482
"
EFTA00003483.pdf,data-set-2-files-1,"all
      la.
        EFTA00003483
"
EFTA00003484.pdf,data-set-2-files-1,"111111=11




            EFTA00003484
"
EFTA00003485.pdf,data-set-2-files-1,"virigralt ,.""1
           ______:
   --tooleta ----
,..0




                     EFTA00003485
"
EFTA00003486.pdf,data-set-2-files-1,"EFTA00003486
"
EFTA00003487.pdf,data-set-2-files-1,"                                          EFTA00003487




         • •     ""et   7 •-•-i tsizii
                                  2xst:
 h /V fisje,
 %est "" t$,    PD5r
          sf
         Ogirc
   10,/i
4 440
"
EFTA00003488.pdf,data-set-2-files-1,"EFTA00003488
"
EFTA00003489.pdf,data-set-2-files-1,"EFTA00003489
"
EFTA00003490.pdf,data-set-2-files-1,"                                                                         4..• ae,•....,-.._,.                 .
                                                                                     •,,.:,...w..,,. , ...,• ,,,••                                     •       •••




                                                                                               14r
                                                                                                ;  41 • Kilb""1:
                                                                                              10141 ."",mow I I
                                                                                                                                       1 1
                                                                                                                                        t                  A
                       a                f                .• .: .• •                                           ' I
                                                                                              • Wi ll   '•      A
                                                         • ,.4 A
              • a 6a• I                         8 ii.•         A         • 81      IAl
          _      •
          ir . ...                              • ..       4"" re
                   IN.                                         9,0'4               it •                  .. ii #1V
                    • 0                                      it •••       *#
              ••ii, . ..,           •
                                                           A        t, • . II        ...            it
                                                                                                ..I.e.,. v . -4!"" -0 .
                                            .
                                               • .1. • 118 •••                                    .               ..
              .11"" '   •        I           •
                                            •••• fk - •• .
                                                           •
                                                               1      ...is
                                                                   I'l* •                           . ( f . •;
                                                                                                             1'.• -
          A.            ' •••               ...,    •        a
                                                                 •                                             fli
                 go    • .• es= . -4I It' • C ar ,* - •
                                                      ,    4
                                                                       ..; .
                                                                                             *
                                                                                               ' siv*: ._. we        •i
                                                                                                                                 ito          • 8,
               ,...         !               ""       • -7&;•.& et              g .;S :..•      .          .t           •
                            • • •                 ,. ,      Ni?  -•               I.. . it
                                                         •    •                              se I.       •    •w    •
                                                                                                                   • ..      ...,. • It 1.71


                                                                                                            • 4. :it'
                                                                                                     a- 44for • 4•z ; •riIce'   eb ..
                                                                                                     .91 .

                                                                                                                          ',• its.IP-
                                                                                                                                   .06.
                                                                                                                                    * . ••
                                                                                                     4 7, SP              - .•           Or          • 7.w.




•




    4%.


                                                                                                                                                     EFTA00003490
"
EFTA00003491.pdf,data-set-2-files-1,"          r-




EFTA00003491
"
EFTA00003492.pdf,data-set-2-files-1,"EFTA00003492
"
EFTA00003493.pdf,data-set-2-files-1,"EFTA00003493
"
EFTA00003494.pdf,data-set-2-files-1,"EFTA00003494
"
EFTA00003495.pdf,data-set-2-files-1,"        17""iratr;""        4   • -
                     't 6
                     4•
            V.'




• - -

                                    EFTA00003495
"
EFTA00003496.pdf,data-set-2-files-1,"                                                                                                     47.
                                                                                                 •




                                                                                                               (
                                                                                                           trilrftt- •


                                                                                      -

                                                           .
                                                                       • -                •• .
                                                                        ;-•••••
          2,44s limareN C       -Tram..-
                                               - -                                •


                            •                  s 020
                                                       .
                                                                        -
                                                               ••••.



           -
•••••--
                     -      -    -•-
                                           _




 4'




                                                                                                           EFTA00003496
"
EFTA00003497.pdf,data-set-2-files-1,"  at: a




   •




Illilledia"".1;eg   Jimiassw-




                               EFTA00003497
"
EFTA00003498.pdf,data-set-2-files-1,"•




    EFTA00003498
"
EFTA00003499.pdf,data-set-2-files-1,"                                                                                                                                              4




                                                                                                                                                                                                                     1.




                                                                                                                                                                                                                              r
                                                                                                                                                                                                                          _       1:(


                                        •
                                                               •
                   ; e                      ito           ei ••••

               '
V •. .                         •
                                                                           •




                                                                                 'I




              ...°: •. .1'.` *.- ,.4 - .re,
        . i      7 • at           i         °    I N    • ••1 .1.. .
              0 -Y1              %... 'W:\                        . ..s

                                                       • ;. a .
    i   i... i           t   '. • • ;   t iro




                    ii..1
                        .. ,...57...rii: ? ,              ,
I        ..        ' .            4         4
                                         F                                                    '
 ..      .       _       -    - ,'h :.'
et' A.     1 7 try • .:'..i€, .          4.                                           -
            v      , l , it • g.4 '.!.' .-
    qf or . AO r     j.'    - .. 4.r•                                                 .• ‘
t s't                                                                                                       ;••
                                                                                                                        'fit          r         • •., .
                                                         a"", •
                                                                    %Ts. f                                                           .t
                                                                                                  f   emi           eriNe, :h*.                               •."".• .
                                                                                                                                                          ;4. 7 ' a wl!.    ,44: 4       -2%1
                                                                                                        a             eatt e ek . ,       •     -                       •            4
                                                                          Stit                        • •   ;     ..16,44
                                                                                                                                                          •
                                                  16
                                                                                                                                          , •        - •'                                            r •   ..-   r
0             :1                                                                                                                                                                                -•    •
                                                ns taz.""‘..e.                             '           rt..`ekiSsc
                                                                                                                a4             1.;
                                                                                                                                                                                                                                        EFTA00003499
"
EFTA00003500.pdf,data-set-2-files-1,"EFTA00003500
"
EFTA00003501.pdf,data-set-2-files-1,"_
    EFTA00003501
"
EFTA00003502.pdf,data-set-2-files-1,"EFTA00003502
"
EFTA00003503.pdf,data-set-2-files-1,"EFTA00003503
"
EFTA00003504.pdf,data-set-2-files-1,"EFTA00003504
"
EFTA00003505.pdf,data-set-2-files-1,
EFTA00003506.pdf,data-set-2-files-1,"EFTA00003506
"
EFTA00003507.pdf,data-set-2-files-1,"EFTA00003507
"
EFTA00003508.pdf,data-set-2-files-1,
EFTA00003509.pdf,data-set-2-files-1,"EFTA00003509
"
EFTA00003510.pdf,data-set-2-files-1,"EFTA00003510
"
EFTA00003511.pdf,data-set-2-files-1,"EFTA00003511
"
EFTA00003512.pdf,data-set-2-files-1,"EFTA00003512
"
EFTA00003513.pdf,data-set-2-files-1,"    Behind      i
   Cold Stone




EFTA00003513
"
EFTA00003514.pdf,data-set-2-files-1,"     +rum.


                            _

                                e ar


••••ay....saa       ropy'



      -         a
                                           •




                                       EFTA00003514
"
EFTA00003515.pdf,data-set-2-files-1,"EFTA00003515
"
EFTA00003516.pdf,data-set-2-files-1,"EFTA00003516
"
EFTA00003517.pdf,data-set-2-files-1,"EFTA00003517
"
EFTA00003518.pdf,data-set-2-files-1,"    -•                4
                      ;4 44       . ...
, ""jet    *       •           *

              •




  •   .:•*: ra;




                                          EFTA00003518
"
EFTA00003519.pdf,data-set-2-files-1,"''\IIR




    EFTA00003519
"
EFTA00003520.pdf,data-set-2-files-1,
EFTA00003521.pdf,data-set-2-files-1,"                  „      c""•••             mc   r ric..~~•%ex                                    •
         --'• git."").•      •      Cr r                                          . il
                                                                                    k:
          .4616.14:                                       wtIS,
                                                              )-41•:"".4
                                 ' i erf
1 :Wi   e
        be‘ f
                                                           Ifrot, a , • -,16!     •ISO
                                                                                     •
                  4.'        -^     '-:


 ' '' -1,$t* - -""' •'or' 5                                      fe 7 ,..•       •••      't • Pir.4
           Iv
               1c•Peti..
                  4
                         - :44
                             .4r•;                          - - 44                          Ai
                144. •                          : . Ilk




                                                                                                      EFTA00003521
"
EFTA00003522.pdf,data-set-2-files-1,"             _   .,             _                   •             O. ire- 1
                                       ,..
                                                               Elf C. :M .-       .•••

                           •""li.t             ,           1""
                                                         .1 -- Sfw*q
                                                           7.•




                         14 -
                 "":1,..417          •7 • '                    •• •
                                                                              .          .
    n`                     1,•1 1            eta r i            I:     •          • . 1.         '

                                      P                                ....                  '
t'l r    •   -    •   '•        ki           '..
                                              a .       el.     ....
                                                                                                     '.




                                                                                                          EFTA00003522
"
EFTA00003523.pdf,data-set-2-files-1,"., --                ... or, •                                                                                   4 • r
                                                                                                                                .1 r_.1-
                                                                                                                                    .
                                                                                                                                                                                       ..,,,:.
                                                                                                                                                                                        .A....                             -4-- ; MA - • '
                                                                                                                                                                                                                           :t               ... • ...-..
                                                                                                                                                                                                                                                             .
                                                                                                                                                                                            IL        --                            .            ....t ...
                                                                                                                 v s                                                               •    '        4.
                                                                                                                           . •
                                                                                                                        ..- ie.

 4
              .   0         41 *

                                                                                                                 . .4 -.                                             . ..
                                                                                                                                                                     •
                                                                                                                                                                                                              ,
                                                                                                                                                                                                           - it ...4 t.   -:
                                                                                                                                                                                                                                                                        IA                       :‘


                                           ... ..e                                                                                                                                                                                  mpr.                          ..
                                                                                                                              ......„... ...                                                                                                                      •
                                                                                                                                                                                                                                                                                                                               -'   7•




 Allir .
                               •       4-4-       - •
                                                              J. 4     •
                                                             4, ...ft. •
                                                                                                                      _. „"",,.....-.rt.,. -...,•,..._*
                                                                                                                          -t;     0_
                                                                                                                                                 ,..,--
                                                                                                                                              PC -
                                                                                                                                           :4 - 41;"".
                                                                                                                                                          : _...- -
                                                                                                                                                          '..- -
                                                                                                                                                                            ..12:- •.,„..
                                                                                                                                                                               - ,
                                                                                                                                                                                       0 .:,
                                                                                                                                                                                          -
                                                                                                                                                                                                  4 -_      .,,a . ', .         '       a    .
                                                                                                                                                                                                                                                                 ...
                                                                                                                                                                                                                                                                         '•       **,    _,O t        '   II. 41
                                                                                                                                                                                                                                                                                                                   .t• .... .. -2 .. :....•
                                                                                                                                                                                                                                                                                                                    '   ...    I         "".   -.
                                                                                                                                                                                                                                                                                                                                                             I.1 .
                                         ......                                 a                                                                                                                                                                   •                                   ""U. a...4                                   .          -   •     •   • '. .
                                                               ""
                                                                                                        19........ <id(                A;        _ at ,   ;   ...4                                                                                                a c         .           -Ape - EC -.4.; ::       .- -.N.-,
     •                                                                                                                                                                                                                                                                                                                              .                  • •   ••• ••••
OW
                                         ... -          40'.„                                                     -- .4. - a ....  - 2.,.•20...._ - •
                                                        i      1                                                                                      .
                                                              ..                                ••       ---  •"".• c 4•:-
                                                                                            •   ...---. - iii         ,_ . ...At,. "".... • ••
                                                  ,      •    ir        r                   4. , -                . .....
                                                                                                                     fo, .....,!,„,.: ,
                       -      -'112
                                  / •07.
                                     00.„.. - at""
                                                      - --.0-
                                                         - :
                                                                                    :
                                                                                            .._ t• -••• •7• 4.-.•
                                                                                                               •. P                 e
                      ..-
                                                                                                    4 • -       t -    - ,--
                              - Iiit d1%.• -             ,-         -                   -                                       •,
                                 4/ .. ,                                                                                   .......         :.""


         - 4*.                 -.   '---;: e.''                I:           I                          1
                -n
           v.t.       -                                       ..
          gic




                                                                                                                                                                                                                                                                                                                                                                        EFTA00003523
"
EFTA00003524.pdf,data-set-2-files-1,",




    EFTA00003524
"
EFTA00003525.pdf,data-set-2-files-1,"tore_ -, r-tt,e14....,
• '
 - •                 .--




   '      7.""47.):




                           EFTA00003525
"
EFTA00003526.pdf,data-set-2-files-1,"EFTA00003526
"
EFTA00003527.pdf,data-set-2-files-1,"eta
              .13




            EXIT




      EFTA00003527
"
EFTA00003528.pdf,data-set-2-files-1,"EFTA00003528
"
EFTA00003529.pdf,data-set-2-files-1,"EFTA00003529
"
EFTA00003530.pdf,data-set-2-files-1,"EFTA00003530
"
EFTA00003531.pdf,data-set-2-files-1,"EFTA00003531
"
EFTA00003532.pdf,data-set-2-files-1," •     :•   ""541,1,1""
;::--;::
TEPArip

„re-*
                   1.0”
                   •



                          DOOR JETTISON
                           PROCEDURE
                           Lie I DOOR tote
                          I-    putt COvtl.
                          0- LIP I •110 HANDLE
                          I - PUSH 0004 HERE




14
r



4




                                                 EFTA00003532
"
EFTA00003533.pdf,data-set-2-files-1,"EFTA00003533
"
EFTA00003534.pdf,data-set-2-files-1,"EFTA00003534
"
EFTA00003535.pdf,data-set-2-files-1,"EFTA00003535
"
EFTA00003536.pdf,data-set-2-files-1,"EFTA00003536
"
EFTA00003537.pdf,data-set-2-files-1,",




    EFTA00003537
"
EFTA00003538.pdf,data-set-2-files-1,"EFTA00003538
"
EFTA00003539.pdf,data-set-2-files-1,"EFTA00003539
"
EFTA00003540.pdf,data-set-2-files-1,"          ""it




EFTA00003540
"
EFTA00003541.pdf,data-set-2-files-1,"EFTA00003541
"
EFTA00003542.pdf,data-set-2-files-1,"EFTA00003542
"
EFTA00003543.pdf,data-set-2-files-1,"is




     EFTA00003543
"
EFTA00003544.pdf,data-set-2-files-1,"EFTA00003544
"
EFTA00003545.pdf,data-set-2-files-1,"EFTA00003545
"
EFTA00003546.pdf,data-set-2-files-1,"EFTA00003546
"
EFTA00003547.pdf,data-set-2-files-1,"EFTA00003547
"
EFTA00003548.pdf,data-set-2-files-1,"                                                        ; .17 ; ;IN.4     141ii
                                          0 hi
                                           -..•1•••••         r emir a As„;
                                                                        I
             "".        4      t •               •••• e r.4         yr • •       a.            t ail
                       'at :-     •       I AL •••
                  ••        -                                               -        4 ti .    •011
                                                  ac••• 'Ps


                                                              -             •
••••                            ;sittAf-elit"".;;;                 et ads'




       •••




                                                              EFTA00003548
"
EFTA00003549.pdf,data-set-2-files-1,"EFTA00003549
"
EFTA00003550.pdf,data-set-2-files-1,"EFTA00003550
"
EFTA00003551.pdf,data-set-2-files-1,"EFTA00003551
"
EFTA00003552.pdf,data-set-2-files-1,"EFTA00003552
"
EFTA00003553.pdf,data-set-2-files-1,"EFTA00003553
"
EFTA00003554.pdf,data-set-2-files-1,"EFTA00003554
"
EFTA00003555.pdf,data-set-2-files-1,"EFTA00003555
"
EFTA00003556.pdf,data-set-2-files-1,"                                                     1




Sul 1 ,.                                      „:""
                                              01 .11.
                                                            . -..-
                                                                ""A   v-
                                                            ., 2. ya• .02 .. 2, •                          .I6    .p: ,O li .
                                                                                                                            150;1
        1,1
          .7,  I.
               :* .• .                            ,
    ./..:„:„./    ,- •  .0 .•. , S    .tr..-; ""'et."" n 49 •:t •r - ' - '. ,- -; g - 4.17 •'Ye .71 •
     • •      a • , t I    t•     :,r,    r•,- -,, 1, .. s'1,07---.''                    ..•         / °if a         '
•     Kest fe                                                                     •• Cr
                   . ,t l '• 5 gr • •,* • ,-1,* : _ :cc,r. -.re-- .. i sr 4-...••••• .4.
                                                                                        •-, ..4""I' $t'ill.. i,•:4 1"" -
                                                                                                     a. ;fO`1 •         , ..   —t   •
      ,       . ,40    a   '       le:    0 - sr;        -(4.,irl   •       c
                                                                                /r
                                                                                     .   ""
                                                                                             is• ,
                                               •••       er             •• •••‘r..""."" , e""... . .:1* • •... `el re -;4.-, .- ;ft 1 •.s
                                                                                                                                         EFTA00003556
"
EFTA00003557.pdf,data-set-2-files-1,"     f}~.e f.w i a< i.   a~i..d.~A~hA..~,3J.s.4..?.SW,
""f ~




                                                         EFTA00003557
"
EFTA00003558.pdf,data-set-2-files-1,"         -r~`::4




EFTA00003558
"
EFTA00003559.pdf,data-set-2-files-1,"EFTA00003559
"
EFTA00003560.pdf,data-set-2-files-1,"        SRI




EFTA00003560
"
EFTA00003561.pdf,data-set-2-files-1,"      wail
        . ._..,
       7014i,""›* ""SI




EFTA00003561
"
EFTA00003562.pdf,data-set-2-files-1,"     4111IIIMMIll




EFTA00003562
"
EFTA00003563.pdf,data-set-2-files-1, 
EFTA00003565.pdf,data-set-2-files-1,"r




    E
 E
"
EFTA00003567.pdf,data-set-2-files-1,"E
 E
"
EFTA00003569.pdf,data-set-2-files-1,"E
 E
"
EFTA00003571.pdf,data-set-2-files-1,"E
 E
"
EFTA00003573.pdf,data-set-2-files-1,"E
 E
"
EFTA00003575.pdf,data-set-2-files-1,"E
 E
"
EFTA00003577.pdf,data-set-2-files-1,"•     •
    I_          4
          • •
    I                         •
                          •
    'la     •
                •••   I


          thr




                                  E
 E
"
EFTA00003579.pdf,data-set-2-files-1,"'




    E
 E
"
EFTA00003581.pdf,data-set-2-files-1,"E
 I




E
"
EFTA00003583.pdf,data-set-2-files-1,"E
 E
"
EFTA00003585.pdf,data-set-2-files-1,"E
 E
"
EFTA00003587.pdf,data-set-2-files-1,",N

I




     E
 E
"
EFTA00003589.pdf,data-set-2-files-1, 
EFTA00003591.pdf,data-set-2-files-1, 
EFTA00003593.pdf,data-set-2-files-1,"   tl•"":""Xii2Watitg
                            %
   •4 WC""
•% fik Os%




P-1.4%,:reek,:t""7 :1-f.kt




                                E
 E
"
EFTA00003595.pdf,data-set-2-files-1,"E
 E
"
EFTA00003597.pdf,data-set-2-files-1,"E
 E
"
EFTA00003599.pdf,data-set-2-files-1,"A-71
?-44p.




         E
 E
"
EFTA00003601.pdf,data-set-2-files-1,"E
 E
"
EFTA00003603.pdf,data-set-2-files-1,"EFTA00003603
"
EFTA00003604.pdf,data-set-2-files-1,"                                                      •               . . .. .... •• ..
                                                   .. ........ . • • • •
                .,• -               . .... .         ..         ........... .. ..
                                                                                 . ••
      0."" 'I. • • Po.  ........... •                            . •. .                   • ......
         .... . . • .... . ......                                                                      ... i
                                    • i•iit.•• i • '. 4...-'• ...                '.      . ........
                           .... .. • • .• •
                                            ......      ' ...                          '    • • • l 7 1
                                                                  ......   • - •            . .'. : • v1•••
                                                                                                        .




riA




                                                                                                               EFTA00003604
"
EFTA00003605.pdf,data-set-2-files-1,"EFTA00003605
"
EFTA00003606.pdf,data-set-2-files-1,"            Om-




•




    EFTA00003606
"
EFTA00003607.pdf,data-set-2-files-1,"                                                                                    4.4iiptt -1,4601inak-



                                                                                                              a .   •   Zg6i,   frt.                      it:    6
                                                                                                                                                                     •


                                                                                                                                       d *Pl         it    •ff   Lir




                                                                      ale




                                                                                                                                               %a-




                                                                            s   •




                                                                                                        aka




               IMP




        ""SW.



          444                 4.
                               ;
                     -




                         •




                                                _
•




    -




                AM/          1.1.   • -
                                          ^ ""
                                                    ""orb.e?•,   fir
                                                                                                                                                                         EFTA00003607
"
EFTA00003608.pdf,data-set-2-files-1,"                                -41




      •       itk
      ed_ateafr   "",""                         t
                  ti,..
r r
           k
                                      at,




               -   -_




                                                      •




                                                                •••• ••••••




                          Mk.




                                        asp




                                                          4°.




                                                  EFTA00003608
"
EFTA00003609.pdf,data-set-2-files-1,"—)fNat.




          EFTA00003609
"
EFTA00003610.pdf,data-set-2-files-1,"EFTA00003610
"
EFTA00003611.pdf,data-set-2-files-1,"EFTA00003611
"
EFTA00003612.pdf,data-set-2-files-1,"                                                                                                       ,
                                             - .c)rx• -
                            ••
                                                                                                           11
                                                                     - ••                         ;
                                                          A~'•ow, pL
                    y   e        9.1
                                       es,
               ""4                                           de
                                                                 4.
                                                                            S   Orli
                                                                                       kJ -

                                                                                           •
                                                                                                 sae
                                                                                                           rw-
                                                                 •                     cf•-•""-




                                                                                                                 e




                                                                                                                     •••




    sw

         -at




a



                                                                                                                     EFTA00003612
"
EFTA00003613.pdf,data-set-2-files-1,"                                                                                              w.
                                                                 t 'ea-             *S . P.
                                                   '77•••,                         a ""err

amaiy itr-   -•
                                   • al-       •                          c ralw
                           •
                                                                  •   a
                   •   •       •
                  A                        •




                                                             •




     pm.




                                                                                                       •••
                                                                                                             -a


                                                                                                   EFTA00003613
"
EFTA00003614.pdf,data-set-2-files-1,"-




           Mik




       -
    EFTA00003614
"
EFTA00003615.pdf,data-set-2-files-1,"EFTA00003615
"
EFTA00003616.pdf,data-set-2-files-1,"Alb




      EFTA00003616
"
EFTA00003617.pdf,data-set-2-files-1,"                                                                                                                •               4.
                                                                                                                                                                                  Sita   rri   W    ei°
                                                                                                                                                                          I
                                                                                                                                                       4101.0 “.•,.




                                                                                                                                               S
                                                                                                                               • •




                                                                                                                                      s .
                                                                                               • S.                                                                             k    .10‘ ek    ""OP       '
                                                                           ....                             • ' •                                                             • ,
                                                                        1110      0      . ""          ..•   a       - '    , ..- I- Th'ir                              05., -1b_ji s
                                                                  '''        **       ••• '            . I - illi -            cy.      •    -s:-• '                  -..,st. '
                                                                                                                                       •    ........
                   jsit it                .   • e                                                                         r.                                                  -     gr
                                                                                                                                                                                    i t ti:    -""    ti i
Asit---
     •    samiCA             Vratiltiet             fraiiitita   ltromkinnia..
                                                                                                        -1640
                                                                                                           • „.
                       - .
                                                                                                           %.‘




                                                                                                      411




                                               e                                                                           ,•••••••




                                                                                                                                                                                                              EFTA00003617
"
EFTA00003618.pdf,data-set-2-files-1,"                                                 ••••,..-ro• _ -           AA.

                                                                                 'NE                                                                                                                                                                                                ?Ai




               •2*.i.
                             --wrt
                                  tit
                                   H IE
                                                                                                                                                                               lett:                     4""...""‘'
                                                                                                                                                                                                                                     •
                                                                                                                                                                                                                                                                                          4.0•4 0411,   ,I
 .             -                                                                                                                                                                                           .1     'fah •        ik




OA *                                                                                                                                                                                             •




                                                                                                                       -si                                                                                   S
01:        s       ift s e*         ••.1.1eir
                                     ..
                                             .                                   }Pt             is                    air
                                                                                                                                          IP•


                                                                                                                                                                                                     • "".••
      ,♦           egg        t 7-3.      AL:
                                          ow .
                                                                                                           •
                                                                                                                                                                  ..-
                                                                                                                                                                                           bac ;                         -fol.                   a   •
                                                                                                                                                                                       V.     4•••      tr     n               ‘'        e
                                                                                                                                                                                        Si a-                                                            se, de
                         ,       -Mr                                                                                                                              •     4 •s• • 1*                           1: A•
                                                                                                                                                                                                                               it
                                                                   • 1_,                                                                                                r.                                                                   •
                                                                                                                                                                                                                         al.             4
                                  -401 finai a
                                             t b•--                                                                                                                        .At•-•
                                                                                 0.4amisIC,40                                                                      a, •  SI • - -                                    r
                                                                                                               •   •         4...v.taaisoss
                                                                                                                                                                                                                          ; , nun
                                                                                                                                                •.' StletalCe.11itannhiler-                  •
                                                                                         AI. a   JAL   .                                                                                                           '           aalglOrit*                                    t•-r
                                                                                                                                                                         --*                         • -4,4*-'4,t-istiki.cyiat.• uirkr:•                              • d.
                                                                                                                                                           t




                                                                                                                                                                                                              a
                                                                                       .4(                                                      lit                                                                                                          -10

                                                                                                                                                                                                                                                                  •




                                                                                                                                                                                                                                                                                                        EFTA00003618
"
EFTA00003619.pdf,data-set-2-files-1,"                                 aitrits. t. • .4
                                                  di. Vie



           ez.                            a.
                 •*             -1**!‘;••-•

                  •*
             arek4004.


    *es<                  obt        Yr   ai r   -**1
                                                  ;



                      r
                          _        .•                   '             '

                                                                          •.2C




•
                                                                son


                                                            a




                                                                                 EFTA00003619
"
EFTA00003620.pdf,data-set-2-files-1,"EFTA00003620
"
EFTA00003621.pdf,data-set-2-files-1,"is




     44.




           'CB

                 EFTA00003621
"
EFTA00003622.pdf,data-set-2-files-1,"                                                                                , „liy-miLik
                                                                         lort.- Aratokirao  ,        _
-kb(:Or   t ts-tlitr        Mbc .           :•••   12it s
                                                                                                                  •
                                                                                        - • 'enema,,,,mann•Sesellinip„        ‘ra
                                                                                                                         enter      ""•-mor'elfax.: elp       agi
                                                                a                              MO • •      a       •         afik
                       Iv




                                                            a                                   sa   •


                                    •
                                        4




                                                                                                                                                       Or.
                                                                                                                                                 Oar          •••••


                                                                    Oa          SIP                            4
                                                                                                                                           SEW                        4




                                                                                                                                                 EFTA00003622
"
EFTA00003623.pdf,data-set-2-files-1,"      Arnmea ,ank,    ...Th.is       —_-)..as
                                           . worr-- ftraltarrikaire
                                                               -       -deb,rnme   darhiattes‘all.,•
           •'•:4; 7                        ft.
                                                               00 ""l    i kc •Oft.   :41lb    ,                              ‘.402•                  •-•.- 4,01PIN
                                                   •


                                                                                                                                    r                      a
                                                                                                                                                                     •
                                                                                                       ait 4., ::cs- •                  _   4.

                                                                                                                               k.

                                                       4.                                              4
•




    se •



                                                                                                                         -
                                 •




                                                                                                               •




                                                                                                           e                                     a




                                                                                                                                                                         EFTA00003623
"
EFTA00003624.pdf,data-set-2-files-1,"                                         faint    Ala..
     air   Sae°   l ir                                      !OS               ,••-
                  •...""11 06             a             -
                                     ^           sot   “M    t       a ti.
                                                                 .? fe   lt




0-




                               .0(




                                                                                     EFTA00003624
"
EFTA00003625.pdf,data-set-2-files-1,"     MP
ft
          •
              Sf




                   EFTA00003625
"
EFTA00003626.pdf,data-set-2-files-1,"•   ikp




                     ' ‘‘.1441.,   - •
          6

              EFTA00003626
"
EFTA00003627.pdf,data-set-2-files-1,"EFTA00003627
"
EFTA00003628.pdf,data-set-2-files-1,"EFTA00003628
"
EFTA00003629.pdf,data-set-2-files-1,"                                                                                                         -

                                                                •e(9"",r4i'f:.


                                                                                                                                                                                                                    10
                                                                                                                                  *eye
                                           e                                                                                 -f
                                                                                                                         4.01.




                                                                                      •



                                                                                sew




                                                                                          ••                 '
                                                                                                                                    -t:t•
                                                                                                                            •



                                                                                                                   . : :rfter.ZT-le..); 77:::11•C
                                                                                                                11 4
                                                                                                        ""4-4* -11.                              •     itleit
                                                                                                                                                        t:6
                                                                                                                                                          *     4 .
                                                                                                                                                                                                                            Zit Itre
                                               •••• Aye
                                                     •
                                                                                                                                                                                      --; ;;-4int   i                4•0:
                                                                                                                                                          :ee:Q4C4.14ti
                                                                                                        lelf,„0. • '
                   rot!                                                                                                                                                4,0!                             ?""4:-..e.
                    ft , .                 •     •
                                                                                                                                                    • -
                                                                                                                                                                    •-•427y-s-
                                                                                               414•-•

                      44- •••"" •   • ,""•00-:•    tt       • -                                                                                  :
                                                                                                                                                            •




                                                                                                                 •
                                                                                                                                                                                       ,
                                                                                                                                            lkgr4               )          • ""In
                                                                                                                                                                                   ""603:12IlkWrii&air,a




                                                                                                                                                                •     re


                        vs
                                                                                                                     S




1'   a       •
 'et     • 7.•er

                                                                                                                                                                                                                    EFTA00003629
"
EFTA00003630.pdf,data-set-2-files-1,"                                                                                              ow' -.,:::- :e2!•,..,,
                                                                                                              •
                                                                                                                 ,....4,7*.- b '
                                                                .443110       ea'                          •
                      '•

                                                       a         ••




                                                                                                    mat
                                                                          •         •   ,                                                                                                                -      - ..,:e--9:[:•-, -         - .-      -•:- \ --;- ;Criebtaisil:
                                                                                                                                                                  • ,..≥..e2.„-•‘-‘• .
                           '                      —•                                                                                                                                  7Zzb,-:„:•_ca                 l            ci........ rw.•-•-•••-• :-..., n . .7- '"" •""-* ''' ' ' -•-•
                               a




                                    --




                                         •




                                             •




         ••••                                                                                                                                                       ?: ! itti;:••-::a                                                                                                         r Js_.......4:7e
                0"".                      -C .1,                                                                                                                                                     acialiiikket7nc-,..1.'                ;1.CA-
                                                                                                                                                                                                                                              -,-le
                                                                                                                                                                                                                                                  ..y. --•I'.1,:,t;!a
                                                                                                                                                                                                                                                              t±e 7-7 7' '• -‘ ' -• ""•- - '
                                                           a:                                                                                                                                                        ....
                                                                                                                                                                   afail""'.en:::                                           ,.....,   ....‘•-‘                                                   ''':•241;.
                                                                                                                                                                                                                                                                                                    ,• • '
                                                                                                                                        . ..           . rt. • • It.;;:il• ....4 . :t.'""-
                                                                                                                                                                                        .. ' • - -••-'n tiacaa air.     - .` '4- • 1 --                                  •-:‘-._:-
cm‘—`""-.-c• s ""f ' "" •./ ! -..,-,;<*';r. _-...?:                                                                                   % ._,_                       troz a - .,..;.•-
                                                                                                                                                                          • .t.- ,.:                                                                          - •••-:•••• ....Vyr,erC a.7:;‘,- ja t:Fai
                ...,,, ... • ••g-                . _ a     .- 4- rv.:%""-: . .y.,•• ••-pr‘og-cep:r. -./' .
                                                                                                  -r---
                                                                                                                                             ,       ,                             a. ...•42,z
                                                                                                                                                                                            6-, -0.- • •.v A.k. 4.- '..Plo'
                                                                                                                                                                                                          dr,k. •            1, . - - - '

                                                                                                                                                                                                             a...-. .4,
                                                    --, , ,d, 24, tifr '74% 1.:- : .- . '-%:t 1:-: •:."":- ;7:tt-Cit : -                                                                                                      ,-.. -,
                                                                                                                                                                                                                                  -.-, _•-...- 4-4.,.:-...a.ear
                                                                                                                                                                                                                                                  , %.••:_,--                                     •••4 --.4.-""-a
                                                                                                                                                                                                                                                                                                         •--r•-,- ttiV%
                                                                                                                                                                                                                                                                                                                   ', 4,•:-_-_ -
                                                                                                                                                                                                                                                                                                                    ..   .,

                                   '
                                                                                                                                                 •Ztiatr       ;14/ C1' •).)•••
                                                                                                                                                           •          •       r •
                                                                                                                                                                    •
                                                                                                                                             •   —I'm?

                                                                                                                                                                                                      ••••• • ••••' -t -,.. ' . . • , . .           - .4;
                                                                                                                                                                                                         . • 4 • • -Iiii• .f .„,••`••• ,,;-.. , • - -)
                                                                                                                                                                                                      ' 4, ''' .7:: '•'i :_,_':;;;;3•.•• ••ta v•
                                                                                                                                                                                                       ic.j - , 4 , .• 11:7 ''''`.1L4., 1st
                                                                                                                                                                                                     %ar.- 'z' -% .4 1,           ‘ '''.•1 .t7s,*!•.:‘:4:-..e.: :124




                               A.

                                                                                                                                                                                                                                                                                                                              EFTA00003630
"
EFTA00003631.pdf,data-set-2-files-1,
EFTA00003632.pdf,data-set-2-files-1,"                                                                                        0,




          1.4i.)STATF                       INHEWb .44)
                                      lot     NE        1.14   waiNES
               1% luanthemol     tursuisiga FIR AM,: elSTATTONERV
          1                                                             •.
                                                                             ,4   •••           ,
                                                                                                        •


                                                                             •                          1 144%,.:
                                                                                        •   •               *



                                                                                                    $
• a   *   Si




                             •




                        Jr




                                                                                                                    EFTA00003632
"
EFTA00003633.pdf,data-set-2-files-1,"     1 •        - 1        g : g g     i ,
  z g                 f          ;      ; o
   /    I       F         I i . p    i .
 1 a                           i      , : I
                                 , ,
I I                                I        :      e I
                                                     ;
                           '               ;
I                     I            .
                               I           f I I

                                       I

            :                                            •




       I        r I 1 ;
                   ' t                         I

                                                   r I
                                           I




EFTA00003633
"
EFTA00003634.pdf,data-set-2-files-1,
EFTA00003635.pdf,data-set-2-files-1,
EFTA00003636.pdf,data-set-2-files-1,
EFTA00003637.pdf,data-set-2-files-1,
EFTA00003638.pdf,data-set-2-files-1,"EFTA00003638
"
EFTA00003639.pdf,data-set-2-files-1,"                         •
                         •




    ."")),   Ni•
                  dra
a           a       Ci
                         EFTA00003639
"
EFTA00003640.pdf,data-set-2-files-1,".its




11/4




       EFTA00003640
"
EFTA00003641.pdf,data-set-2-files-1,"EFTA00003641
"
EFTA00003642.pdf,data-set-2-files-1,"EFTA00003642
"
EFTA00003643.pdf,data-set-2-files-1,"•




    EFTA00003643
"
EFTA00003644.pdf,data-set-2-files-1,"•




    EFTA00003644
"
EFTA00003645.pdf,data-set-2-files-1,"  )
  sa




EFTA00003645
"
EFTA00003646.pdf,data-set-2-files-1,"EFTA00003646
"
EFTA00003647.pdf,data-set-2-files-1,"EFTA00003647
"
EFTA00003648.pdf,data-set-2-files-1,"''''




       EFTA00003648
"
EFTA00003649.pdf,data-set-2-files-1,"(≥‘'14...<;„




               EFTA00003649
"
EFTA00003650.pdf,data-set-2-files-1,"EFTA00003650
"
EFTA00003651.pdf,data-set-2-files-1,
EFTA00003652.pdf,data-set-2-files-1,"    EFTA00003652
                                                            ．               辛   ／
                                        夕
 一＂弓烂挖 笈．．广                                                                     i
                                                                                                                                                                                           瓜泰甑
                                                                                                                                                                                             靨   驪   囌   崦   连
                                濰           …           竺
                                    …
                                    ．                           ""
                                                                :           .
                                                                    番
                                                                                               .    ． 一   ． . .        .
                    布   …   …       …   …       …   …           …       …
                    扦 荚：
                       扰 ＂竺 訌 L 扰扰一 … ＂."".；…                                                                               ： l       ;
                                                                                                                                                       抚       ．
            ．
薄韃…     ;
 : ．』门 ：訌 ．     4
                                                                                                                                         ;   : ：           I       :   :
                                                                                                                                                                   點       ｛   蕊   雞   斟
        .       :
籐鱔麟麟封                                                                                                                                          奪   ．
                                                                                                                             对
                                                                                                                                 一
                                                                                                                              一
                                                                                                                             一
                                                                                                     .
                                                                                              · ．    .    .   .．   …
                                                                                    ..   ..
"
EFTA00003653.pdf,data-set-2-files-1,"                                                                                                                      •
                              .                                                          •_       I           • ...
                                                                                                                                                    r        e            • .
                                              slice,            -,0,40,Z_ --11..   ---                                                   I'
     -,1-     -5•400- rri
                                                                                                                                                                                              404                   r• P .       14 ' s.     i l os '     -ilet
                                                                                                                                                                                                                                                              i r- I II : „ a.„                               ;   4.4
                                      t-e-%-•             •     •-' - - • ' 3Sr- ' ja             ihr                     it ' • ''' .""...                            .. -         '''   7 s:' ' 4          .1-           ' '4""-.41; -..... .ellir
                                                                                                                                                                                                                                   ..                     'N.:I 1.!                 '....11,1•Ibroy;                     -
                                  •      .       -                                                                                   .   -.- ....                                                     a         .                                I.   •            al,      ,                 ..

                                                      ,                                                                                                                                                                            I ‘

 -                                                                                                                                                                                                                                                                                             ad,
                                                      ...4.^
                                                                                                      i                                                                                                                                      4   41        .              .."".""4-       ...
                                                                                                                                                                                                                                                          .a   .     _. *ii                    .,         I
                                                                                                                                         . ..fi -                         .    .4.••            .
                     r.
                                                                                                                                                                      .1                                                                 .   .
                                                                                                                                                                                                                                                                                        •     ' i    4.
            - A•ra        a
                                              r i.
                                                                                                          .
                                                                                                                                                                                         -           -
                              •   ag.,
                                               Afra        ir      .      :.;*te          :


                                                                                                                                                                                                                                                                                ...r.
                                                                                   .4,                                                                                                                                                                                                         M`
                                                                             C                S                                       1112V                                                                                                                                                      .                  .-
                                                                                                                              0.11,                     -4            . -""MOISirikippens.710--,
                                         4rM                                                                                                                                                                                                                             t_                   -a-
                                                   -     .: 4. -•    Alat
                                                     tie..      :ii.    a-                                .R                 - - '0. ,/.. fre                            Th r                             -I.            ' er                                        .             fl p% ..""
                                             ra.:::!prijN    icio W    tar•r -                                                     APO ).


                                                                                   *Akre                              . •     ..‘
                                                                                                                                      .4.
                                                                                                                                       '''
                                                                                                                                               '             •
                                                                                                                                                                  ,..eb . . ...
                                                                                                                                                                 ••

                                                                                                                                                                 -,. •
                                                                                                                                                                              gAr"",_.
                                                                                                                                                                                                     ::""


                                                                                     ....                                                                                 V t'-`..40.'""               '             --
fi




                                                                                                                                                                                                                                                                                                                             EFTA00003653
"
EFTA00003654.pdf,data-set-2-files-1,"-     •                            •-•                           •
                                  11-11/




r




                    / T. r-                 •/...-•!c




                           -                            .
                    :4-.;r2D-;-,. ;ivy!'                                 -•   -



st-ligilia""...c,-     - ••••'fr•'' ••'' •         •         "".                7; 4141.4••••...
                                                                     •        •-•-•




                                                                                                                                                                                                 •-•       •
                                                                                                                     —•   •             •    ••••          -
                                                                                                                                                                                                  ; A:""
                                                                                                                              hiVI•C'ec.4:             • 1' -t            :    •         -
                                                                                                                                                                                      ••••..,••.• •••••:
                                                                                                                                                    ••••.-.-.‘• •—•                 _ • ,
                                                                                                                                                                      :4er%,                ••


                                                                                                                                      per




                                                                                                                                                                               F^          titcti
                                                                                                                                                                                                       •




                                                                                                 • .-4 1.11_*-4, •
                                                                                                                                                                      EFTA00003654
"
EFTA00003655.pdf,data-set-2-files-1,"EFTA00003655
                    t.y —Res'. -0
               tc                             ,. .
                      ..-•.: T.   S=-.               •
                                         .,   r
                     att,, c
                     .z.
                                                                          ..      ..... "" , ..
                                                                    ,.
                                                         •—•11.,11..,. 1:51i *.
                                                            41
"
EFTA00003656.pdf,data-set-2-files-1,"EFTA00003656
"
EFTA00003657.pdf,data-set-2-files-1,"EFTA00003657
"
EFTA00003658.pdf,data-set-2-files-1,"EFTA00003658
"
EFTA00003659.pdf,data-set-2-files-1,
EFTA00003660.pdf,data-set-2-files-1,
EFTA00003661.pdf,data-set-2-files-1,"                                                                             •,     .
         • it--
             t •d                                                          •-.‘t
                    •.ft                                                       ,,
      _ • 1.       •.                           -r.        &   it--•• ••   •




                                      •
                                                               ••_   •
                                                                                                  S.




                                                      ••
                                                 .•        •
                                                           7
                                            •
• •                     • a•A                                   *
               •

                    •           11,   •••




                                                                                        EFTA00003661
"
EFTA00003662.pdf,data-set-2-files-1,"EFTA00003662
"
EFTA00003663.pdf,data-set-2-files-1,"EFTA00003663
"
EFTA00003664.pdf,data-set-2-files-1,"            ./
       ------




EFTA00003664
"
EFTA00003665.pdf,data-set-2-files-1,
EFTA00003666.pdf,data-set-2-files-1,"       :ja=>\
      r‘c-




                                                                         •
                                                   •         .,••••                                            -
                                                              •
                                                                  ,0••




                                                                                     mor




                                                                                              •




                                                                                                  P




                                                                                                      •




                                                                                                          •




                                               se csa.  •  . e                                .   _   -1...e. 4
. tor""'     • -...    """"'""           AP       Or
                                                     • e • '""' ar                          ...""-,..   w
                                                  a

'    ., ,.....t...•



  p .-.0- ...,..a..c_c_
                        4r           'at *.        .   _..    -' e             ;*.   ""..                  ' e 's .
                16           '   .            ' -                        ' '   a




ti

                                                                                                                     EFTA00003666
"
EFTA00003667.pdf,data-set-2-files-1,"EFTA00003667
"
EFTA00003668.pdf,data-set-2-files-1,"EFTA00003668
"
EFTA00003669.pdf,data-set-2-files-1,"EFTA00003669
"
EFTA00003670.pdf,data-set-2-files-1,":it   •   •           •   •   at&
 •            a   •   -

•




                                    EFTA00003670
"
EFTA00003671.pdf,data-set-2-files-1,
EFTA00003672.pdf,data-set-2-files-1,"                                                                                                                        am,
                                                                                                                              LAP- .ilrigftIG
               t., -..-Is                                                                                                         ••••-

                                                                              ilk
                             ....., !--,,,...•--%
                                                                                   -rt, •
                                                                              0.,.,4...
                                                                                                      •
                                                                                                          J“ra.3,41.%



                C       .., ""'""' S- •                                 ' .3k
                \                     *.n.      •• ...TV
                    ‘        .                                   Z.
                                 OS:, ,                               k
                                              rat--           •                         #. .,
                                                                      - ..,-.• ‘ •-•••:•.•••04
               •\ tit; Nt.,             •-                 -••••••1•A- ,,           -,...,,,,,. - ;
               Alit
                                                                                ,,      •.
                                                      A '                           '




EFTA00003672
"
EFTA00003673.pdf,data-set-2-files-1,"EFTA00003673
"
EFTA00003674.pdf,data-set-2-files-1,"EFTA00003674
"
EFTA00003675.pdf,data-set-2-files-1,"EFTA00003675
"
EFTA00003676.pdf,data-set-2-files-1,"O 4   4   4
4 4   4   4
4 4 .4




      EFTA00003676
"
EFTA00003677.pdf,data-set-2-files-1,"          010•44041•40.#44
            '44 lbt.""
                   ar   '4-
          '40404040444

                    44
          OK*.WY•041.

          tt4K41414•444 7440
                 44 1.-01
        IAN'it.041
        X 1t tte-.., I 7-
     .04t404*K' i'=41k 4

   ot.k.4>4.-444 /4,4
 '4 I t-
       r I         I




114.4.1.`K'&44.;'!.0 '&14440
                        , u:4.1. ,
                      *:-7
  N.A4r          o41.f,44 .;.#4.74
     1.,X*44 41: '44
  44 K•04'444t14
 0.              0#9

tr4.1•444*4,4)Y-14 1'4.1P
  Acitt4 I tIci I....,
s~cNs

.7$404147.-R7P
      tc1L
           •4c
           7.2 •         ..t.




            EFTA00003677
"
EFTA00003678.pdf,data-set-2-files-1,"EFTA00003678
"
EFTA00003679.pdf,data-set-2-files-1,"EFTA00003679
"
EFTA00003680.pdf,data-set-2-files-1,"EFTA00003680
"
EFTA00003681.pdf,data-set-2-files-1,"EFTA00003681
"
EFTA00003682.pdf,data-set-2-files-1,"     .44111/44/**404




EFTA00003682
"
EFTA00003683.pdf,data-set-2-files-1,"EFTA00003683
"
EFTA00003684.pdf,data-set-2-files-1,
EFTA00003685.pdf,data-set-2-files-1,
EFTA00003686.pdf,data-set-2-files-1,"ant   0 101011g: nat.]




                         EFTA00003686
"
EFTA00003687.pdf,data-set-2-files-1,"EFTA00003687
"
EFTA00003688.pdf,data-set-2-files-1,"EFTA00003688
"
EFTA00003689.pdf,data-set-2-files-1,
EFTA00003690.pdf,data-set-2-files-1,
EFTA00003691.pdf,data-set-2-files-1,
EFTA00003692.pdf,data-set-2-files-1,"EFTA00003692
"
EFTA00003693.pdf,data-set-2-files-1,"EFTA00003693
"
EFTA00003694.pdf,data-set-2-files-1,
EFTA00003695.pdf,data-set-2-files-1," *




EFTA00003695
"
EFTA00003696.pdf,data-set-2-files-1,"EFTA00003696
"
EFTA00003697.pdf,data-set-2-files-1,
EFTA00003698.pdf,data-set-2-files-1,"EFTA00003698
"
EFTA00003699.pdf,data-set-2-files-1,"EFTA00003699
"
EFTA00003700.pdf,data-set-2-files-1,
EFTA00003701.pdf,data-set-2-files-1,
EFTA00003702.pdf,data-set-2-files-1,
EFTA00003703.pdf,data-set-2-files-1,
EFTA00003704.pdf,data-set-2-files-1,"EFTA00003704
"
EFTA00003705.pdf,data-set-2-files-1,"               C




EFTA00003705
"
EFTA00003706.pdf,data-set-2-files-1,"EFTA00003706
"
EFTA00003707.pdf,data-set-2-files-1,"211 2:58PM

             EFTA00003707
"
EFTA00003708.pdf,data-set-2-files-1,"EFTA00003708
"
EFTA00003709.pdf,data-set-2-files-1,"    r



■




        EFTA00003709
"
EFTA00003710.pdf,data-set-2-files-1,"    ''Ac,?44""‘.0""&`   e"",.1




EFTA00003710
"
EFTA00003711.pdf,data-set-2-files-1,"EFTA00003711
"
EFTA00003712.pdf,data-set-2-files-1,"1




    0




        EFTA00003712
"
EFTA00003713.pdf,data-set-2-files-1,"EFTA00003713
"
EFTA00003714.pdf,data-set-2-files-1,"EFTA00003714
"
EFTA00003715.pdf,data-set-2-files-1,"EFTA00003715
"
EFTA00003716.pdf,data-set-2-files-1,"Pild2 L:6 t2

               EFTA00003716
"
EFTA00003717.pdf,data-set-2-files-1,"44   'WV    FS
a                  '    ."":44
     its%
            dra,
                       Ira%




                                EFTA00003717
"
EFTA00003718.pdf,data-set-2-files-1,"     Y




St
         EFTA00003718
"
EFTA00003719.pdf,data-set-2-files-1,"  ♦     4
 • 41
•,•   4p
      •4
               4
            graN


                   EFTA00003719
"
EFTA00003720.pdf,data-set-2-files-1,"EFTA00003720
"
EFTA00003721.pdf,data-set-2-files-1,"EFTA00003721
"
EFTA00003722.pdf,data-set-2-files-1,"EFTA00003722
"
EFTA00003723.pdf,data-set-2-files-1,"EFTA00003723
"
EFTA00003724.pdf,data-set-2-files-1,"EFTA00003724
"
EFTA00003725.pdf,data-set-2-files-1,
EFTA00003726.pdf,data-set-2-files-1,"EFTA00003726
"
EFTA00003727.pdf,data-set-2-files-1,"EFTA00003727
"
EFTA00003728.pdf,data-set-2-files-1,"stilifichettiowes*t   cscAvesolyaslitaiitiftstkweaciaiTaimiteitairasathak.01.   •
"
EFTA00003729.pdf,data-set-2-files-1,"25
"
EFTA00003730.pdf,data-set-2-files-1,"                  EFTA00003730
蠹汰髑蕙鸣酗亡多
’广搽龄…懿喀露＂”搦．甜．I
}－薄鬻淼嚣亡审．爹
"
EFTA00003731.pdf,data-set-2-files-1,
EFTA00003732.pdf,data-set-2-files-1,"EFTA00003732
"
EFTA00003733.pdf,data-set-2-files-1,"    illor




1




            EFTA00003733
"
EFTA00003734.pdf,data-set-2-files-1,"sawainaariampifigar
"
EFTA00003735.pdf,data-set-2-files-1,"25
"
EFTA00003736.pdf,data-set-2-files-1,"eS 7:51PM

            EFTA00003736
"
EFTA00003737.pdf,data-set-2-files-1,"25 3:5 1PM

             EFTA00003737
"
EFTA00003738.pdf,data-set-2-files-1,"25 7:51PM

            EFTA00003738
"
EFTA00003739.pdf,data-set-2-files-1,"EFTA00003739
"
EFTA00003740.pdf,data-set-2-files-1,"EFTA00003740
"
EFTA00003741.pdf,data-set-2-files-1,"2114PH

         EFTA00003741
"
EFTA00003742.pdf,data-set-2-files-1,"26 215Pm

           EFTA00003742
"
EFTA00003743.pdf,data-set-2-files-1,"EFTA00003743
"
EFTA00003744.pdf,data-set-2-files-1,"          2-2a
---Ine2




                 EFTA00003744
"
EFTA00003745.pdf,data-set-2-files-1,"010erfateaatO
             il
"
EFTA00003746.pdf,data-set-2-files-1,
EFTA00003747.pdf,data-set-2-files-1,
EFTA00003748.pdf,data-set-2-files-1,
EFTA00003749.pdf,data-set-2-files-1,"26 2:58PM

            EFTA00003749
"
EFTA00003750.pdf,data-set-2-files-1,"EFTA00003750
"
EFTA00003751.pdf,data-set-2-files-1,
EFTA00003752.pdf,data-set-2-files-1,
EFTA00003753.pdf,data-set-2-files-1,"26
"
EFTA00003754.pdf,data-set-2-files-1,"EFTA00003754
"
EFTA00003755.pdf,data-set-2-files-1,"'mass                       r-ii-Acki   g-""




        ""_•••••••••


                                    -
weH__
    -   —             -   -.MCC
                            —.Nam




                                              EFTA00003755
"
EFTA00003756.pdf,data-set-2-files-1,"                           w




                                .,




                                                                                   -••.•
                   a-                                        ...
                                       ..-

                               ‘ Z.""       --N., ....;•ehe :-       _   ------ .......a.--••••colOPpe""
                                                                                                                       ""--
                                                                                ...-
                                                                                                                  a
                                                                -
                                                 - -P•_.r ..mispr       -ume.e..
                                                                              -. .r, •0 17:-••-'
' 7 ..'""..""'..3""4.1                                                             .       .---ralMnaT
                                                                                                  ineirlie
                                                -   .               ...0-.-
                                                                         ""Apa               isiimmp          A    --
                                                                                                                 por
                                                                    .-
 .      ••
               , ..... •               •

                                     ---.               .-
     7 .- --



         -     •~




                                                                                                                             EFTA00003756
"
EFTA00003757.pdf,data-set-2-files-1,"EFTA00003757
"
EFTA00003758.pdf,data-set-2-files-1,"V     Iv




Wm.




           EFTA00003758
"
EFTA00003759.pdf,data-set-2-files-1,"EFTA00003759
"
EFTA00003760.pdf,data-set-2-files-1,"               -                                                                                   ""MI   .,....
`     -                                                        _%•
                                                                 -•••••an   - AMC   tea-
                       -to                          rip aiod

                             okarill0   -4-01••-•
                                         •      -

                                                                                      40*




      s Son
°I.— m--
Ei       sir




                   •




                                                                                            EFTA00003760
"
EFTA00003761.pdf,data-set-2-files-1,"EFTA00003761
"
EFTA00003762.pdf,data-set-2-files-1,
EFTA00003763.pdf,data-set-2-files-1,"EFTA00003763
"
EFTA00003764.pdf,data-set-2-files-1,
EFTA00003765.pdf,data-set-2-files-1,"26   3: 15P

              EFTA00003765
"
EFTA00003766.pdf,data-set-2-files-1,"EFTA00003766
"
EFTA00003767.pdf,data-set-2-files-1,"EFTA00003767
"
EFTA00003768.pdf,data-set-2-files-1,"                          .       C a.:gan.       Y• •



a. •

       •             •



               •• -                      •

                         •            t.;
               •                  •
                              •         •••


           •             4 .0                 '

           ▪              3 . '!""11 ', • •
                          .•             •         it
                            't i t: .  •

                   1.:'• • •
                         it,c,01).„',..
                  • f i;
           cr,:••           yt  4t‘k a                          1
                  4.4y`4 s
                                                                            -
                                                                • •t      ,
                                                                           • •••• sa.•••77
                                                                                     :A,
                                                         • it       •   i     t Aat •




                                                                                                     I I I I I I I I
                                                                                                                       I




                                                                                             •




                                                                                                 t


                                                                                                                           EFTA00003768
"
EFTA00003769.pdf,data-set-2-files-1,
EFTA00003770.pdf,data-set-2-files-1,
EFTA00003771.pdf,data-set-2-files-1,"-A
4




            1




     EFTA00003771
"
EFTA00003772.pdf,data-set-2-files-1,"               a
EFTA00003772
"
EFTA00003773.pdf,data-set-2-files-1,"EFTA00003773
"
EFTA00003774.pdf,data-set-2-files-1,"     *44""   *.d •




EFTA00003774
"
EFTA00003775.pdf,data-set-2-files-1,"               .~




EFTA00003775
"
EFTA00003776.pdf,data-set-2-files-1,"                                     .       •   •


                   ....                                     ' -...-
                                                      ""..,:x""....
 ....                 . -..i.-                                           .
                      .
                                                                                                                                               ,..,.   ...„        ::.,
                                                                                                                                      ....
                                                             AN\                                    ...-                          vo•                                     •
                                                     .."" :   %                            ,                                        il•IIIIIL.C.                •••
',Nen   tea`                             ,
                                                                                                % %....        %   ...




                                                                                                                             ..-- %N.:
                                                             .N    ...
               1                                                                              %......      ....%                      'l   it     .:111;;;     N
 ""..
 ***                                                                     ... '                                           —   —.
                                                        •
                          .... ,,,

  .                                                               •X     \       '   ..       '‘.




                                                                         ...
                                                                                                                                                             VOIII:_,Ne




                                                                                                                                                                              EFTA00003776
"
EFTA00003777.pdf,data-set-2-files-1,"EFTA00003777
"
EFTA00003778.pdf,data-set-2-files-1,"EFTA00003778
"
EFTA00003779.pdf,data-set-2-files-1,"EFTA00003779
"
EFTA00003780.pdf,data-set-2-files-1,"E
 E
"
EFTA00003782.pdf,data-set-2-files-1,"E
 E
"
EFTA00003784.pdf,data-set-2-files-1,"E
          4..I.;„•:..„
    risriNAZA:7(#4
 E
"
EFTA00003786.pdf,data-set-2-files-1,"atiOrr




         E
                   rr




     •
         •             .
                                     —

                                             Ku
                                                           -

                                                         • •
                                                                n           u
                                                                                ®
     • li,,                         n, •                        j
                                                                                       -NI
                                                                                       .1    1,
                                                     IS' .,,                    •       n .,
                                                                                                         ti
                               at            a        n.       Ir                  0%        n on
             M Il •        •                     s                          •     wi           .
     MUM
                       •
                                     n
                                                      M

                                                                IM• 5
                                                                     ■.
                                                                                1- •
                                                                                         m
                                                                                             •
                                                                                                 •
                                                                                                     •
                                                                                                              ......
                                                                                                              •
                                                                                                                       ,
r•       I ••••••                                na                                      •                In •
                                                                                                           • •
              C
                                         •
                                                                        !L    e
                                                                •I • I•.• - - ,
                                             M        M        n I      •

                                                     .
                                                                            a




                                                                                                                           E
"
EFTA00003788.pdf,data-set-2-files-1,
EFTA00003789.pdf,data-set-2-files-1,"EFTA00003789
"
EFTA00003790.pdf,data-set-2-files-1,"31
"
EFTA00003791.pdf,data-set-2-files-1,
EFTA00003792.pdf,data-set-2-files-1,"EFTA00003792
"
EFTA00003793.pdf,data-set-2-files-1,
EFTA00003794.pdf,data-set-2-files-1,"                                                                                                                                 nekw•minalsow
                                                                                                                                                       ,”                          '

                                                                                                                               limufialNallinilatt,m/               ,     ......
                                                                                                                                   ismilliaaritotim,                      %11/..;
                                                                                                                                    nt•WOMMINOtinnemen                  ..4111.1;#
                                                                                                                                        ASMVISN'tiemieen,               1414/1"";4-
                                                                                                                                   MWAVaaNAVIonnI/1///
/Pitt/   , / I/I/                                                                                                           add/AWAVasigaWni.wa/M. 4414:
                                                                                                                                                                                       e
                                                                                                               masvm:L:ammitsishriatataga:::::::::
                                                                                                                 MielmegoW/MoW/AWSWOOMeott.wimns '44 10''
                           ,s4),

                                 e
                                      O
                       i       em 7,O                                                                      MSYSNOIWIMM/MONSamminkw:///,//                               .1.iir
         .WittiMa
                                                                                                 /AWNWASSIVH.cv.wis
                                                                                                 AW11101////ainawnwisainshafiaiwamen6.wmami,re,
                           r
         //Wit Illge               //a//m   /                                                                       numwaitraMtwm,
                    li anows                                                               /94901//)/,///11/nriannemmondilimennvin,
         all""""""""bwfr                                                                   /        /N/////nimminanimenaltialmativii            et,        w hy /ern/it
                                                                        0 0,       1.1/
                                                                                           ///91/11////Nimememmomms4w.viSfirmh,
                                                000:7    0                                     //////anionmeiimin
                                                              104   ,                                             viaminalMISSImiuw.                        ivy ""       as
                                                                                 1/1/1////////////4•Wilhinstiminimminamwarliam.,
                                                                               /////1////1/14////int//symminaii4VmeimMitalllaut
                                                                                ////111////4910
                                                        /11                                        /////////i/mmtnahWINAVNIMINIfibm.....
                                                                               /1//////1/111/11//i/i/Minammini/l•WW1M          INAWKiivu.         „
                                                                                 1/1/111//11411/1/M/Innawinam'AVIMISMardwr.
                                                                                                                                                  „w e      ,
                                                                                     /1•VD/1/1/ImffilinNImilimmnaliglasa—
                                                                                     /112V/11/W/I/MMIlmin,,mumaallinallinic
                                                                                   / 11/ 1 / 1
                                                                                               /1/11/1111//1•WinimilmamafiaglaiiiiiM.
                                                                                     ,1111////141/11/11//linnhminewilialiailliaw
                                                                                       Mrilli a/N 111/ 1
                                                                                                         ///inewmaif/iMellallea            R$
"
EFTA00003795.pdf,data-set-2-files-1,"EFTA00003795
"
EFTA00003796.pdf,data-set-2-files-1,"-




    EFTA00003796
"
EFTA00003797.pdf,data-set-2-files-1,"EFTA00003797
"
EFTA00003798.pdf,data-set-2-files-1,"EFTA00003798
"
EFTA00003799.pdf,data-set-2-files-1,
EFTA00003800.pdf,data-set-2-files-1,
EFTA00003801.pdf,data-set-2-files-1,"EFTA00003801
"
EFTA00003802.pdf,data-set-2-files-1,"EFTA00003802
"
EFTA00003803.pdf,data-set-2-files-1,
EFTA00003804.pdf,data-set-2-files-1,"EFTA00003804
"
EFTA00003805.pdf,data-set-2-files-1,"                                                                                                       ,         ...z.....4:-
                                                                                                        ZS.. t ao               4
                                                                                                        ••••
                                                     .                                                      _;-- ...F.r•                a.
                                                            • `• N..   V 14
                                                                          /        N'.S: 14
                                                                                          /.       N o.. --                         t
                                                           "":"" gla 4"":1
                                                                      /§, '•
                                                                      4              -
                       „   -                                             N s..-r •
                               -•,esesek.                       '                                                                            aa>
                                          ""..ir 4-• 4.•                        •
                                 • t      ar    •
                                          At.       a .,      • -         4.1r
                   •
f   -N. • .
    0
                   4""-
                                       s•                                      we • •
                                       ar t airiatc o r                         wo
                                                                                                            4.
                                                                                                                                                        .1""
                                                                                                                                                   •,
                                                                                                                       .•   4
                                                                                                                                                   mb,
              e-
              ti ff
                                                            --- •
                                                                                                                                                              t
                                                                                           I   t
               •
                                                                                                                                                                  A   •
"
EFTA00003806.pdf,data-set-2-files-1,"R/   r
         '
"
EFTA00003807.pdf,data-set-2-files-1,
EFTA00003808.pdf,data-set-2-files-1,"                                                          to-




                            -•   _


           •                         -   et   Pr
                     star
. _            --r



                                         _ se,
:004""--a

                      _




                                                                27   1:20PM
                                                   AI <
                                                                              EFTA00003808
"
EFTA00003809.pdf,data-set-2-files-1,
EFTA00003810.pdf,data-set-2-files-1,
EFTA00003811.pdf,data-set-2-files-1,
EFTA00003812.pdf,data-set-2-files-1,
EFTA00003813.pdf,data-set-2-files-1,
EFTA00003814.pdf,data-set-2-files-1,
EFTA00003815.pdf,data-set-2-files-1,
EFTA00003816.pdf,data-set-2-files-1,
EFTA00003817.pdf,data-set-2-files-1,
EFTA00003818.pdf,data-set-2-files-1,
EFTA00003819.pdf,data-set-2-files-1,
EFTA00003820.pdf,data-set-2-files-1,
EFTA00003821.pdf,data-set-2-files-1,
EFTA00003822.pdf,data-set-2-files-1,
EFTA00003823.pdf,data-set-2-files-1,"         ••••
• .•••          ..•-• •
"
EFTA00003824.pdf,data-set-2-files-1,
EFTA00003825.pdf,data-set-2-files-1,"EFTA00003825
"
EFTA00003826.pdf,data-set-2-files-1,"EFTA00003826
"
EFTA00003827.pdf,data-set-2-files-1,"E
 E
"
EFTA00003829.pdf,data-set-2-files-1,"E
          4..I.;„•:..„
    risriNAZA:7(#4
 E
"
EFTA00003831.pdf,data-set-2-files-1,"atiOrr




         E
                   rr




     •
         •             .
                                     —

                                             Ku
                                                           -

                                                         • •
                                                                n           u
                                                                                ®
     • li,,                         n, •                        j
                                                                                       -NI
                                                                                       .1    1,
                                                     IS' .,,                    •       n .,
                                                                                                         ti
                               at            a        n.       Ir                  0%        n on
             M Il •        •                     s                          •     wi           .
     MUM
                       •
                                     n
                                                      M

                                                                IM• 5
                                                                     ■.
                                                                                1- •
                                                                                         m
                                                                                             •
                                                                                                 •
                                                                                                     •
                                                                                                              ......
                                                                                                              •
                                                                                                                       ,
r•       I ••••••                                na                                      •                In •
                                                                                                           • •
              C
                                         •
                                                                        !L    e
                                                                •I • I•.• - - ,
                                             M        M        n I      •

                                                     .
                                                                            a




                                                                                                                           E
"
EFTA00003833.pdf,data-set-2-files-1,"EF
"
EFTA00003834.pdf,data-set-2-files-1,"EFTA00003834
"
EFTA00003835.pdf,data-set-2-files-1,"EFTA00003835
"
EFTA00003836.pdf,data-set-2-files-1,"EFTA00003836
"
EFTA00003837.pdf,data-set-2-files-1,"EFTA00003837
"
EFTA00003838.pdf,data-set-2-files-1,"EF
"
EFTA00003839.pdf,data-set-2-files-1,"~:




     EFTA0
"
EFTA00003840.pdf,data-set-2-files-1,"EF
"
EFTA00003841.pdf,data-set-2-files-1,
EFTA00003842.pdf,data-set-2-files-1,
EFTA00003843.pdf,data-set-2-files-1,"      ^or
       -




ar




     4•••••=inta
"
EFTA00003844.pdf,data-set-2-files-1,
EFTA00003845.pdf,data-set-2-files-1,
EFTA00003846.pdf,data-set-2-files-1,"0.4
"
EFTA00003847.pdf,data-set-2-files-1,
EFTA00003848.pdf,data-set-2-files-1,
EFTA00003849.pdf,data-set-2-files-1,"I
"
EFTA00003850.pdf,data-set-2-files-1,
EFTA00003851.pdf,data-set-2-files-1,
EFTA00003852.pdf,data-set-2-files-1,
EFTA00003853.pdf,data-set-2-files-1,
EFTA00003854.pdf,data-set-2-files-1,
EFTA00003855.pdf,data-set-2-files-1,
EFTA00003856.pdf,data-set-2-files-1,
EFTA00003857.pdf,data-set-2-files-1,
