file_name,file_origin,text
EFTA00892252.pdf,data-set-9-files-54,NA
EFTA00899084.jpg,data-set-9-files-54,NA
EFTA00899085.jpg,data-set-9-files-54,NA
EFTA00899086.jpg,data-set-9-files-54,NA
EFTA00899087.jpg,data-set-9-files-54,NA
EFTA00899088.jpg,data-set-9-files-54,NA
EFTA00899089.jpg,data-set-9-files-54,NA
EFTA00899090.jpg,data-set-9-files-54,NA
EFTA00899091.jpg,data-set-9-files-54,NA
EFTA00899092.jpg,data-set-9-files-54,NA
EFTA00899093.jpg,data-set-9-files-54,NA
EFTA00899094.jpg,data-set-9-files-54,NA
EFTA00899095.jpg,data-set-9-files-54,NA
EFTA00899096.jpg,data-set-9-files-54,NA
EFTA00899097.jpg,data-set-9-files-54,NA
EFTA00899098.jpg,data-set-9-files-54,NA
EFTA00901740.pdf,data-set-9-files-54,NA
EFTA01232172.pdf,data-set-9-files-54,
EFTA01232173.pdf,data-set-9-files-54,
EFTA01232174.pdf,data-set-9-files-54,
EFTA01232175.pdf,data-set-9-files-54,
EFTA01232176.pdf,data-set-9-files-54,
EFTA01232177.pdf,data-set-9-files-54,"I
"
EFTA01232178.pdf,data-set-9-files-54,"I
"
EFTA01232179.pdf,data-set-9-files-54,"I
"
EFTA01232180.pdf,data-set-9-files-54,
EFTA01232181.pdf,data-set-9-files-54,
EFTA01232182.pdf,data-set-9-files-54,"'r
"
EFTA01232183.pdf,data-set-9-files-54,"I
"
EFTA01232184.pdf,data-set-9-files-54,
EFTA01232185.pdf,data-set-9-files-54,
EFTA01232186.pdf,data-set-9-files-54,
EFTA01232187.pdf,data-set-9-files-54,
EFTA01232188.pdf,data-set-9-files-54,
EFTA01232189.pdf,data-set-9-files-54,
EFTA01232190.pdf,data-set-9-files-54,
EFTA01232191.pdf,data-set-9-files-54,".
"
EFTA01232192.pdf,data-set-9-files-54,
EFTA01232193.pdf,data-set-9-files-54,".1
"
EFTA01232194.pdf,data-set-9-files-54,"'1f""~""""i~l ;
         r.•
"
EFTA01232195.pdf,data-set-9-files-54,
EFTA01232196.pdf,data-set-9-files-54,
EFTA01232197.pdf,data-set-9-files-54,
EFTA01232198.pdf,data-set-9-files-54,"TtS
"
EFTA01232199.pdf,data-set-9-files-54,
EFTA01232200.pdf,data-set-9-files-54,"r*:
"
EFTA01232201.pdf,data-set-9-files-54,
EFTA01232202.pdf,data-set-9-files-54,
EFTA01232203.pdf,data-set-9-files-54,
EFTA01232204.pdf,data-set-9-files-54,
EFTA01232205.pdf,data-set-9-files-54,
EFTA01232206.pdf,data-set-9-files-54,
EFTA01232207.pdf,data-set-9-files-54,";
"
EFTA01232208.pdf,data-set-9-files-54,"~.
L:'
"
EFTA01232209.pdf,data-set-9-files-54,"-
"
EFTA01232210.pdf,data-set-9-files-54,
EFTA01232211.pdf,data-set-9-files-54,"I
"
EFTA01232212.pdf,data-set-9-files-54,
EFTA01232213.pdf,data-set-9-files-54,
EFTA01232214.pdf,data-set-9-files-54,
EFTA01232215.pdf,data-set-9-files-54,
EFTA01232216.pdf,data-set-9-files-54,
EFTA01232217.pdf,data-set-9-files-54,"t1
"
EFTA01232218.pdf,data-set-9-files-54,
EFTA01232219.pdf,data-set-9-files-54,
EFTA01232220.pdf,data-set-9-files-54,
EFTA01232221.pdf,data-set-9-files-54,
EFTA01232222.pdf,data-set-9-files-54,
EFTA01232223.pdf,data-set-9-files-54,
EFTA01232224.pdf,data-set-9-files-54,
EFTA01232225.pdf,data-set-9-files-54,
EFTA01232226.pdf,data-set-9-files-54,"SIPA
 ••••
"
EFTA01232227.pdf,data-set-9-files-54,
EFTA01232228.pdf,data-set-9-files-54,
EFTA01232229.pdf,data-set-9-files-54,
EFTA01232230.pdf,data-set-9-files-54,
EFTA01232231.pdf,data-set-9-files-54,"ci
"
EFTA01232232.pdf,data-set-9-files-54,
EFTA01232233.pdf,data-set-9-files-54,"0
"
EFTA01232234.pdf,data-set-9-files-54,"IL
"
EFTA01232235.pdf,data-set-9-files-54,"4••••
"
EFTA01232236.pdf,data-set-9-files-54,"1
"
EFTA01232237.pdf,data-set-9-files-54,
EFTA01232238.pdf,data-set-9-files-54,"1.1
"
EFTA01232239.pdf,data-set-9-files-54,
EFTA01232240.pdf,data-set-9-files-54,"I
"
EFTA01232241.pdf,data-set-9-files-54,"II
"
EFTA01232242.pdf,data-set-9-files-54,"W
"
EFTA01232243.pdf,data-set-9-files-54,
EFTA01232244.pdf,data-set-9-files-54,"I
"
EFTA01232245.pdf,data-set-9-files-54,
EFTA01232246.pdf,data-set-9-files-54,"i
"
EFTA01232247.pdf,data-set-9-files-54,
EFTA01232248.pdf,data-set-9-files-54,
EFTA01232249.pdf,data-set-9-files-54,"III
"
EFTA01232250.pdf,data-set-9-files-54,"I
"
EFTA01232251.pdf,data-set-9-files-54,
EFTA01232252.pdf,data-set-9-files-54,
EFTA01232253.pdf,data-set-9-files-54,
EFTA01232254.pdf,data-set-9-files-54,
EFTA01232255.pdf,data-set-9-files-54,
EFTA01232256.pdf,data-set-9-files-54,"z
"
EFTA01232257.pdf,data-set-9-files-54,
EFTA01232258.pdf,data-set-9-files-54,
EFTA01232259.pdf,data-set-9-files-54,
EFTA01232260.pdf,data-set-9-files-54,".4.,W,.

...a...              •ly




       ••• raoa             •••••
as • la Oa a a          a    •.< I



.11.0.6110,



LW,ing ^MVO
a Pal • WV
• laaloabiala

rue..     a   v. a   dale
saw.      a
 Ma-alaa**
as lays   •••


               ••••••       ••••••

•a•       — Ma
"
EFTA01232261.pdf,data-set-9-files-54,"  OJOS
Los wawa soar. •P •p•• mak
anal ""Mat as. nen . 4•••
•••••••a•ow pas a a/ a•
lin   a' • . ay... • • swam
▪    LIS/4W WM
0.10.1!. ti
11••••••••
Yon..    •••• 4.•    FY re
            IOL••••••1••••••
ran ca••••
ads% +war      e.. •

naval., am.
••••••••
Pamela. ea..        •••••• aal•
salaa.      ina **seal* •••
eater ••••••••••••aalvam
aaa u • .•      • or ..—
•••• Aram ase.



                                  Row I'LL
••••I



a     --::tea:
 wan. an sap..
ma vain
 •   •• r
             an am.
            • r• •
           nV
                    adiama

                                   E RIGHT
                                   E ARMS,
•on Wan,
                                          3
Ila•••••aol•
•• rays...ay.%
1.1‘••••••••••••
alma 430
••••••••••ft.
   •••••••• ea.
lean aa""..)
                  says
                Saa ea Va.
                                   SPRING 3
                                   TER ALL.
                                          I
• wan.*
"
EFTA01232262.pdf,data-set-9-files-54,
EFTA01232263.pdf,data-set-9-files-54,
EFTA01232264.pdf,data-set-9-files-54,"~.,
"
EFTA01232265.pdf,data-set-9-files-54,
EFTA01232266.pdf,data-set-9-files-54,"th.
"
EFTA01232267.pdf,data-set-9-files-54,
EFTA01232268.pdf,data-set-9-files-54,"rl
"
EFTA01232269.pdf,data-set-9-files-54,"iii
"
EFTA01232270.pdf,data-set-9-files-54,"ri
"
EFTA01232271.pdf,data-set-9-files-54,
EFTA01232272.pdf,data-set-9-files-54,"MOM
"
EFTA01232273.pdf,data-set-9-files-54,
EFTA01232274.pdf,data-set-9-files-54,"ri
"
EFTA01232275.pdf,data-set-9-files-54,
EFTA01232276.pdf,data-set-9-files-54,
EFTA01232277.pdf,data-set-9-files-54,"S
"
EFTA01232278.pdf,data-set-9-files-54,
EFTA01232279.pdf,data-set-9-files-54,"I
"
EFTA01232280.pdf,data-set-9-files-54,
EFTA01232281.pdf,data-set-9-files-54,
EFTA01232282.pdf,data-set-9-files-54,
EFTA01232283.pdf,data-set-9-files-54,
EFTA01232284.pdf,data-set-9-files-54,
EFTA01232285.pdf,data-set-9-files-54,
EFTA01232286.pdf,data-set-9-files-54,"kr
"
EFTA01232287.pdf,data-set-9-files-54,
EFTA01232288.pdf,data-set-9-files-54,"In
"
EFTA01232289.pdf,data-set-9-files-54,
EFTA01232290.pdf,data-set-9-files-54,
EFTA01232291.pdf,data-set-9-files-54,"Ad
"
EFTA01232292.pdf,data-set-9-files-54,
EFTA01232293.pdf,data-set-9-files-54,"_
"
EFTA01232294.pdf,data-set-9-files-54,
EFTA01232295.pdf,data-set-9-files-54,
EFTA01232296.pdf,data-set-9-files-54,
EFTA01232297.pdf,data-set-9-files-54,
EFTA01232298.pdf,data-set-9-files-54,"P
"
EFTA01232299.pdf,data-set-9-files-54,"--
"
EFTA01232300.pdf,data-set-9-files-54,
EFTA01232301.pdf,data-set-9-files-54,
EFTA01232302.pdf,data-set-9-files-54,"F;t!‘:
    ,t
"
EFTA01232303.pdf,data-set-9-files-54,
EFTA01232304.pdf,data-set-9-files-54,
EFTA01232305.pdf,data-set-9-files-54,
EFTA01232306.pdf,data-set-9-files-54,
EFTA01232307.pdf,data-set-9-files-54,
EFTA01232308.pdf,data-set-9-files-54,
EFTA01232309.pdf,data-set-9-files-54,
EFTA01232310.pdf,data-set-9-files-54,"a4i
"
EFTA01232311.pdf,data-set-9-files-54,
EFTA01232312.pdf,data-set-9-files-54,
EFTA01232313.pdf,data-set-9-files-54,"Si
"
EFTA01232314.pdf,data-set-9-files-54,
EFTA01232315.pdf,data-set-9-files-54,
EFTA01232316.pdf,data-set-9-files-54,"•1
"
EFTA01232317.pdf,data-set-9-files-54,
EFTA01232318.pdf,data-set-9-files-54,
EFTA01232319.pdf,data-set-9-files-54,"I
"
EFTA01232320.pdf,data-set-9-files-54,
EFTA01232321.pdf,data-set-9-files-54,"RI
"
EFTA01232322.pdf,data-set-9-files-54,
EFTA01232323.pdf,data-set-9-files-54,
EFTA01232324.pdf,data-set-9-files-54,
EFTA01232325.pdf,data-set-9-files-54,
EFTA01232326.pdf,data-set-9-files-54,
EFTA01232327.pdf,data-set-9-files-54,
EFTA01232328.pdf,data-set-9-files-54,
EFTA01232329.pdf,data-set-9-files-54,
EFTA01232330.pdf,data-set-9-files-54,
EFTA01232331.pdf,data-set-9-files-54,
EFTA01232332.pdf,data-set-9-files-54,"1I a   4
"
EFTA01232333.pdf,data-set-9-files-54,
EFTA01232334.pdf,data-set-9-files-54,
EFTA01232335.pdf,data-set-9-files-54,
EFTA01232336.pdf,data-set-9-files-54,
EFTA01232337.pdf,data-set-9-files-54,
EFTA01232338.pdf,data-set-9-files-54,"li
"
EFTA01232339.pdf,data-set-9-files-54,"6
"
EFTA01232340.pdf,data-set-9-files-54,"e-'
  ....I
"
EFTA01232341.pdf,data-set-9-files-54,
EFTA01232342.pdf,data-set-9-files-54,
EFTA01232343.pdf,data-set-9-files-54,
EFTA01232344.pdf,data-set-9-files-54,";j
"
EFTA01232345.pdf,data-set-9-files-54,"ill
"
EFTA01232346.pdf,data-set-9-files-54,
EFTA01232347.pdf,data-set-9-files-54,
EFTA01232348.pdf,data-set-9-files-54,
EFTA01232349.pdf,data-set-9-files-54,
EFTA01232350.pdf,data-set-9-files-54,
EFTA01232351.pdf,data-set-9-files-54,
EFTA01232352.pdf,data-set-9-files-54,
EFTA01232353.pdf,data-set-9-files-54,"C
"
EFTA01232354.pdf,data-set-9-files-54,
EFTA01232355.pdf,data-set-9-files-54,
EFTA01232356.pdf,data-set-9-files-54,",Rai
"
EFTA01232357.pdf,data-set-9-files-54,
EFTA01232358.pdf,data-set-9-files-54,"7
"
EFTA01232359.pdf,data-set-9-files-54,
EFTA01232360.pdf,data-set-9-files-54,"EFTA01232360
"
EFTA01232361.pdf,data-set-9-files-54,"EFTA01232361
"
EFTA01232362.pdf,data-set-9-files-54,
EFTA01232363.pdf,data-set-9-files-54,
EFTA01232364.pdf,data-set-9-files-54,
EFTA01232365.pdf,data-set-9-files-54,"I
"
EFTA01232366.pdf,data-set-9-files-54,
EFTA01232367.pdf,data-set-9-files-54,
EFTA01232368.pdf,data-set-9-files-54,
EFTA01232369.pdf,data-set-9-files-54,
EFTA01232370.pdf,data-set-9-files-54,
EFTA01232371.pdf,data-set-9-files-54,
EFTA01232372.pdf,data-set-9-files-54,"EFTA01232372
"
EFTA01232373.pdf,data-set-9-files-54," 4.“       't+7, 'y

       :




EFTA01232373
"
EFTA01232374.pdf,data-set-9-files-54,
EFTA01232375.pdf,data-set-9-files-54,"Pr •
"
EFTA01232376.pdf,data-set-9-files-54,
EFTA01232377.pdf,data-set-9-files-54,
EFTA01232378.pdf,data-set-9-files-54,
EFTA01232379.pdf,data-set-9-files-54,
EFTA01232380.pdf,data-set-9-files-54,
EFTA01232381.pdf,data-set-9-files-54,
EFTA01232382.pdf,data-set-9-files-54,"rr




     -




         -
             EFTA01232382
"
EFTA01232383.pdf,data-set-9-files-54,"EFTA01232383
"
EFTA01232384.pdf,data-set-9-files-54,"EFTA01232384
"
EFTA01232385.pdf,data-set-9-files-54,"EFTA01232385
"
EFTA01232386.pdf,data-set-9-files-54,"EFTA01232386
"
EFTA01232387.pdf,data-set-9-files-54,
EFTA01232388.pdf,data-set-9-files-54,
EFTA01232389.pdf,data-set-9-files-54,
EFTA01232390.pdf,data-set-9-files-54,"Is
"
EFTA01232391.pdf,data-set-9-files-54,
EFTA01232392.pdf,data-set-9-files-54,"EFTA01232392
"
EFTA01232393.pdf,data-set-9-files-54,"EFTA01232393
"
EFTA01232394.pdf,data-set-9-files-54,"FPI
"
EFTA01232395.pdf,data-set-9-files-54,
EFTA01232396.pdf,data-set-9-files-54,
EFTA01232397.pdf,data-set-9-files-54,
EFTA01232398.pdf,data-set-9-files-54,
EFTA01232399.pdf,data-set-9-files-54,
EFTA01232400.pdf,data-set-9-files-54,
EFTA01232401.pdf,data-set-9-files-54,
EFTA01232402.pdf,data-set-9-files-54,
EFTA01232403.pdf,data-set-9-files-54,"EFTA01232
"
EFTA01232404.pdf,data-set-9-files-54,"S
ma
"
EFTA01232405.pdf,data-set-9-files-54,
EFTA01232406.pdf,data-set-9-files-54,
EFTA01232407.pdf,data-set-9-files-54,
EFTA01232408.pdf,data-set-9-files-54,
EFTA01232409.pdf,data-set-9-files-54,
EFTA01232410.pdf,data-set-9-files-54,"0
"
EFTA01232411.pdf,data-set-9-files-54,
EFTA01232412.pdf,data-set-9-files-54,"d..   t




          EFTA012
"
EFTA01232413.pdf,data-set-9-files-54,
EFTA01232414.pdf,data-set-9-files-54,
EFTA01232415.pdf,data-set-9-files-54,"-
"
EFTA01232416.pdf,data-set-9-files-54,
EFTA01232417.pdf,data-set-9-files-54,
EFTA01232418.pdf,data-set-9-files-54,"Il
"
EFTA01232419.pdf,data-set-9-files-54,"A
"
EFTA01232420.pdf,data-set-9-files-54,"00'




         ,••
                         •




         .. 4110,    •



               air




      EFTA01232420
"
EFTA01232421.pdf,data-set-9-files-54,"EFTA01232421
"
EFTA01232422.pdf,data-set-9-files-54,"I




    EFTA01232422
"
EFTA01232423.pdf,data-set-9-files-54,
EFTA01232424.pdf,data-set-9-files-54,"ti~
"
EFTA01232425.pdf,data-set-9-files-54,
EFTA01232426.pdf,data-set-9-files-54,
EFTA01232427.pdf,data-set-9-files-54,"I
"
EFTA01232428.pdf,data-set-9-files-54,
EFTA01232429.pdf,data-set-9-files-54,
EFTA01232430.pdf,data-set-9-files-54,"                       is   •••.,

                      •,
                 L.
             ""s4

all   I   tint
"
EFTA01232431.pdf,data-set-9-files-54,
EFTA01232432.pdf,data-set-9-files-54,
EFTA01232433.pdf,data-set-9-files-54,"•
"
EFTA01232434.pdf,data-set-9-files-54,"A
"
EFTA01232435.pdf,data-set-9-files-54,"V
"
EFTA01232436.pdf,data-set-9-files-54,"II
"
EFTA01232437.pdf,data-set-9-files-54,"'~
_~.
"
EFTA01232438.pdf,data-set-9-files-54,"M   ra
"
EFTA01232439.pdf,data-set-9-files-54,
EFTA01232440.pdf,data-set-9-files-54,
EFTA01232441.pdf,data-set-9-files-54,"!I
"
EFTA01232442.pdf,data-set-9-files-54,
EFTA01232443.pdf,data-set-9-files-54,
EFTA01232444.pdf,data-set-9-files-54,
EFTA01232445.pdf,data-set-9-files-54,
EFTA01232446.pdf,data-set-9-files-54,"1
"
EFTA01232447.pdf,data-set-9-files-54,
EFTA01232448.pdf,data-set-9-files-54,"et1
"
EFTA01232449.pdf,data-set-9-files-54,"4*
"
EFTA01232450.pdf,data-set-9-files-54,"Ii
"
EFTA01232451.pdf,data-set-9-files-54,"I
"
EFTA01232452.pdf,data-set-9-files-54,"1
"
EFTA01232453.pdf,data-set-9-files-54,
EFTA01232454.pdf,data-set-9-files-54,"6,
"
EFTA01232455.pdf,data-set-9-files-54,"11
"
EFTA01232456.pdf,data-set-9-files-54,"11
"
EFTA01232457.pdf,data-set-9-files-54,"/1Nt
"
EFTA01232458.pdf,data-set-9-files-54,"a
"
EFTA01232459.pdf,data-set-9-files-54,"•
"
EFTA01232460.pdf,data-set-9-files-54,"4
"
EFTA01232461.pdf,data-set-9-files-54,"EFTA01232461
"
EFTA01232462.pdf,data-set-9-files-54,"'   i`




         EFTA01232462
"
EFTA01232463.pdf,data-set-9-files-54,"EFTA01232463
"
EFTA01232464.pdf,data-set-9-files-54,
EFTA01232465.pdf,data-set-9-files-54,"3
"
EFTA01232466.pdf,data-set-9-files-54,
EFTA01232467.pdf,data-set-9-files-54,"11
"
EFTA01232468.pdf,data-set-9-files-54,"PI
"
EFTA01232469.pdf,data-set-9-files-54,
EFTA01232470.pdf,data-set-9-files-54,
EFTA01232471.pdf,data-set-9-files-54,
EFTA01232472.pdf,data-set-9-files-54,
EFTA01232473.pdf,data-set-9-files-54,
EFTA01232474.pdf,data-set-9-files-54,
EFTA01232475.pdf,data-set-9-files-54,"I
"
EFTA01232476.pdf,data-set-9-files-54,
EFTA01232477.pdf,data-set-9-files-54,
EFTA01232478.pdf,data-set-9-files-54,
EFTA01232479.pdf,data-set-9-files-54,
EFTA01232480.pdf,data-set-9-files-54,
EFTA01232481.pdf,data-set-9-files-54,
EFTA01232482.pdf,data-set-9-files-54,"IP
"
EFTA01232483.pdf,data-set-9-files-54,
EFTA01232484.pdf,data-set-9-files-54,
EFTA01232485.pdf,data-set-9-files-54,
EFTA01232486.pdf,data-set-9-files-54,
EFTA01232487.pdf,data-set-9-files-54,
EFTA01232488.pdf,data-set-9-files-54,
EFTA01232489.pdf,data-set-9-files-54,
EFTA01232490.pdf,data-set-9-files-54,
EFTA01232491.pdf,data-set-9-files-54,
EFTA01232492.pdf,data-set-9-files-54,
EFTA01232493.pdf,data-set-9-files-54,"I C.
"
EFTA01232494.pdf,data-set-9-files-54,
EFTA01232495.pdf,data-set-9-files-54,"I
"
EFTA01232496.pdf,data-set-9-files-54,"IN
"
EFTA01232497.pdf,data-set-9-files-54,
EFTA01232498.pdf,data-set-9-files-54,"U
"
EFTA01232499.pdf,data-set-9-files-54,
EFTA01232500.pdf,data-set-9-files-54,
EFTA01232501.pdf,data-set-9-files-54,
EFTA01232502.pdf,data-set-9-files-54,
EFTA01232503.pdf,data-set-9-files-54,"U
"
EFTA01232504.pdf,data-set-9-files-54,
EFTA01232505.pdf,data-set-9-files-54,"    I
_
"
EFTA01232506.pdf,data-set-9-files-54,
EFTA01232507.pdf,data-set-9-files-54,
EFTA01232508.pdf,data-set-9-files-54,"L
"
EFTA01232509.pdf,data-set-9-files-54,
EFTA01232510.pdf,data-set-9-files-54,
EFTA01232511.pdf,data-set-9-files-54,"B
"
EFTA01232512.pdf,data-set-9-files-54,"LILI
       4
"
EFTA01232513.pdf,data-set-9-files-54,
EFTA01232514.pdf,data-set-9-files-54,"II
"
EFTA01232515.pdf,data-set-9-files-54,"I
"
EFTA01232516.pdf,data-set-9-files-54,"I
"
EFTA01232517.pdf,data-set-9-files-54,"~=
"
EFTA01232518.pdf,data-set-9-files-54,
EFTA01232519.pdf,data-set-9-files-54,
EFTA01232520.pdf,data-set-9-files-54,"t,""'
"
EFTA01232521.pdf,data-set-9-files-54,"I
"
EFTA01232522.pdf,data-set-9-files-54,
EFTA01232523.pdf,data-set-9-files-54,
EFTA01232524.pdf,data-set-9-files-54,"El
"
EFTA01232525.pdf,data-set-9-files-54,"P
"
EFTA01232526.pdf,data-set-9-files-54,
EFTA01232527.pdf,data-set-9-files-54,
EFTA01232528.pdf,data-set-9-files-54,
EFTA01232529.pdf,data-set-9-files-54,"11
"
EFTA01232530.pdf,data-set-9-files-54,
EFTA01232531.pdf,data-set-9-files-54,
EFTA01232532.pdf,data-set-9-files-54,
EFTA01232533.pdf,data-set-9-files-54,
EFTA01232534.pdf,data-set-9-files-54,
EFTA01232535.pdf,data-set-9-files-54,"4""%-
"
EFTA01232536.pdf,data-set-9-files-54,
EFTA01232537.pdf,data-set-9-files-54,"a
"
EFTA01232538.pdf,data-set-9-files-54,
EFTA01232539.pdf,data-set-9-files-54,
EFTA01232540.pdf,data-set-9-files-54,"I
"
EFTA01232541.pdf,data-set-9-files-54,"P
"
EFTA01232542.pdf,data-set-9-files-54,
EFTA01232543.pdf,data-set-9-files-54,
EFTA01232544.pdf,data-set-9-files-54,
EFTA01232545.pdf,data-set-9-files-54,
EFTA01232546.pdf,data-set-9-files-54,
EFTA01232547.pdf,data-set-9-files-54,
EFTA01232548.pdf,data-set-9-files-54,
EFTA01232549.pdf,data-set-9-files-54,
EFTA01232550.pdf,data-set-9-files-54,
EFTA01232551.pdf,data-set-9-files-54,
EFTA01232552.pdf,data-set-9-files-54,
EFTA01232553.pdf,data-set-9-files-54,
EFTA01232554.pdf,data-set-9-files-54,
EFTA01232555.pdf,data-set-9-files-54,
EFTA01232556.pdf,data-set-9-files-54,
EFTA01232557.pdf,data-set-9-files-54,
EFTA01232558.pdf,data-set-9-files-54,"\
 I
"
EFTA01232559.pdf,data-set-9-files-54,
EFTA01232560.pdf,data-set-9-files-54,
EFTA01232561.pdf,data-set-9-files-54,
EFTA01232562.pdf,data-set-9-files-54,
EFTA01232563.pdf,data-set-9-files-54,"e
"
EFTA01232564.pdf,data-set-9-files-54,"I
"
EFTA01232565.pdf,data-set-9-files-54,
EFTA01232566.pdf,data-set-9-files-54,"P
"
EFTA01232567.pdf,data-set-9-files-54,"P
"
EFTA01232568.pdf,data-set-9-files-54,
EFTA01232569.pdf,data-set-9-files-54,"--- pt.),
"
EFTA01232570.pdf,data-set-9-files-54,
EFTA01232571.pdf,data-set-9-files-54,"I
"
EFTA01232572.pdf,data-set-9-files-54,"A
"
EFTA01232573.pdf,data-set-9-files-54,
EFTA01232574.pdf,data-set-9-files-54,
EFTA01232575.pdf,data-set-9-files-54,
EFTA01232576.pdf,data-set-9-files-54,
EFTA01232577.pdf,data-set-9-files-54,"I
"
EFTA01232578.pdf,data-set-9-files-54,
EFTA01232579.pdf,data-set-9-files-54,
EFTA01232580.pdf,data-set-9-files-54,
EFTA01232581.pdf,data-set-9-files-54,
EFTA01232582.pdf,data-set-9-files-54,
EFTA01232583.pdf,data-set-9-files-54,"    no




I
"
EFTA01232584.pdf,data-set-9-files-54,"IlL
"
EFTA01232585.pdf,data-set-9-files-54,"II
"
EFTA01232586.pdf,data-set-9-files-54,"1
"
EFTA01232587.pdf,data-set-9-files-54,
EFTA01232588.pdf,data-set-9-files-54,"IP
"
EFTA01232589.pdf,data-set-9-files-54,"d
"
EFTA01232590.pdf,data-set-9-files-54,
EFTA01232591.pdf,data-set-9-files-54,"II
"
EFTA01232592.pdf,data-set-9-files-54,
EFTA01232593.pdf,data-set-9-files-54,"II
"
EFTA01232594.pdf,data-set-9-files-54,
EFTA01232595.pdf,data-set-9-files-54,
EFTA01232596.pdf,data-set-9-files-54,
EFTA01232597.pdf,data-set-9-files-54,
EFTA01232598.pdf,data-set-9-files-54,"a
"
EFTA01232599.pdf,data-set-9-files-54,
EFTA01232600.pdf,data-set-9-files-54,"0
"
EFTA01232601.pdf,data-set-9-files-54,
EFTA01232602.pdf,data-set-9-files-54,
EFTA01232603.pdf,data-set-9-files-54,"I
"
EFTA01232604.pdf,data-set-9-files-54,
EFTA01232605.pdf,data-set-9-files-54,
EFTA01232606.pdf,data-set-9-files-54,"r
"
EFTA01232607.pdf,data-set-9-files-54,
EFTA01232608.pdf,data-set-9-files-54,
EFTA01232609.pdf,data-set-9-files-54,
EFTA01232610.pdf,data-set-9-files-54,
EFTA01232611.pdf,data-set-9-files-54,"1
"
EFTA01232612.pdf,data-set-9-files-54,
EFTA01232613.pdf,data-set-9-files-54,
EFTA01232614.pdf,data-set-9-files-54,
EFTA01232615.pdf,data-set-9-files-54,"6'
"
EFTA01232616.pdf,data-set-9-files-54,
EFTA01232617.pdf,data-set-9-files-54,
EFTA01232618.pdf,data-set-9-files-54,
EFTA01232619.pdf,data-set-9-files-54,
EFTA01232620.pdf,data-set-9-files-54,
EFTA01232621.pdf,data-set-9-files-54,"6.:
"
EFTA01232622.pdf,data-set-9-files-54,
EFTA01232623.pdf,data-set-9-files-54,
EFTA01232624.pdf,data-set-9-files-54,
EFTA01232625.pdf,data-set-9-files-54,"Pt r
"
EFTA01232626.pdf,data-set-9-files-54,"it
"
EFTA01232627.pdf,data-set-9-files-54,"■
"
EFTA01232628.pdf,data-set-9-files-54,"W
"
EFTA01232629.pdf,data-set-9-files-54,
EFTA01232630.pdf,data-set-9-files-54,
EFTA01232631.pdf,data-set-9-files-54,
EFTA01232632.pdf,data-set-9-files-54,"r
"
EFTA01232633.pdf,data-set-9-files-54,
EFTA01232634.pdf,data-set-9-files-54,
EFTA01232635.pdf,data-set-9-files-54,
EFTA01232636.pdf,data-set-9-files-54,"rI
"
EFTA01232637.pdf,data-set-9-files-54,"■
"
EFTA01232638.pdf,data-set-9-files-54,
EFTA01232639.pdf,data-set-9-files-54,
EFTA01232640.pdf,data-set-9-files-54,"Fia
"
EFTA01232641.pdf,data-set-9-files-54,
EFTA01232642.pdf,data-set-9-files-54,
EFTA01232643.pdf,data-set-9-files-54,
EFTA01232644.pdf,data-set-9-files-54,"&I
"
EFTA01232645.pdf,data-set-9-files-54,"A
"
EFTA01232646.pdf,data-set-9-files-54,
EFTA01232647.pdf,data-set-9-files-54,
EFTA01232648.pdf,data-set-9-files-54,"r'~t\
"
EFTA01232649.pdf,data-set-9-files-54,
EFTA01232650.pdf,data-set-9-files-54,
EFTA01232651.pdf,data-set-9-files-54,
EFTA01232652.pdf,data-set-9-files-54,
EFTA01232653.pdf,data-set-9-files-54,"N
"
EFTA01232654.pdf,data-set-9-files-54,
EFTA01232655.pdf,data-set-9-files-54,
EFTA01232656.pdf,data-set-9-files-54,"~~~
"
EFTA01232657.pdf,data-set-9-files-54,
EFTA01232658.pdf,data-set-9-files-54,
EFTA01232659.pdf,data-set-9-files-54,
EFTA01232660.pdf,data-set-9-files-54,"Fbi
"
EFTA01232661.pdf,data-set-9-files-54,
EFTA01232662.pdf,data-set-9-files-54,
EFTA01232663.pdf,data-set-9-files-54,"t_   1
"
EFTA01232664.pdf,data-set-9-files-54,"I
"
EFTA01232665.pdf,data-set-9-files-54,"4
"
EFTA01232666.pdf,data-set-9-files-54,
EFTA01232667.pdf,data-set-9-files-54,
EFTA01232668.pdf,data-set-9-files-54,
EFTA01232669.pdf,data-set-9-files-54,
EFTA01232670.pdf,data-set-9-files-54,
EFTA01232671.pdf,data-set-9-files-54,"r
Lr
"
EFTA01232672.pdf,data-set-9-files-54,
EFTA01232673.pdf,data-set-9-files-54,"I
"
EFTA01232674.pdf,data-set-9-files-54,"Il
"
EFTA01232675.pdf,data-set-9-files-54," 47%
a.%    AL
       '    Al;
"
EFTA01232676.pdf,data-set-9-files-54,
EFTA01232677.pdf,data-set-9-files-54,"'1
"
EFTA01232678.pdf,data-set-9-files-54,
EFTA01232679.pdf,data-set-9-files-54,"s
"
EFTA01232680.pdf,data-set-9-files-54,
EFTA01232681.pdf,data-set-9-files-54,"T
"
EFTA01232682.pdf,data-set-9-files-54,
EFTA01232683.pdf,data-set-9-files-54,"il
"
EFTA01232684.pdf,data-set-9-files-54,
EFTA01232685.pdf,data-set-9-files-54,
EFTA01232686.pdf,data-set-9-files-54,
EFTA01232687.pdf,data-set-9-files-54,
EFTA01232688.pdf,data-set-9-files-54,
EFTA01232689.pdf,data-set-9-files-54,
EFTA01232690.pdf,data-set-9-files-54,
EFTA01232691.pdf,data-set-9-files-54,
EFTA01232692.pdf,data-set-9-files-54,"111
"
EFTA01232693.pdf,data-set-9-files-54,
EFTA01232694.pdf,data-set-9-files-54,
EFTA01232695.pdf,data-set-9-files-54,
EFTA01232696.pdf,data-set-9-files-54,
EFTA01232697.pdf,data-set-9-files-54,"P
"
EFTA01232698.pdf,data-set-9-files-54,
EFTA01232699.pdf,data-set-9-files-54,
EFTA01232700.pdf,data-set-9-files-54,"I
"
EFTA01232701.pdf,data-set-9-files-54,
EFTA01232702.pdf,data-set-9-files-54,"II
"
EFTA01232703.pdf,data-set-9-files-54,
EFTA01232704.pdf,data-set-9-files-54,
EFTA01232705.pdf,data-set-9-files-54,"J
"
EFTA01232706.pdf,data-set-9-files-54,
EFTA01232707.pdf,data-set-9-files-54,"II
"
EFTA01232708.pdf,data-set-9-files-54,"MARIAM   •
"
EFTA01232709.pdf,data-set-9-files-54,"•
"
EFTA01232710.pdf,data-set-9-files-54,
EFTA01232711.pdf,data-set-9-files-54,
EFTA01232712.pdf,data-set-9-files-54,"P'
"
EFTA01232713.pdf,data-set-9-files-54,"_
"
EFTA01232714.pdf,data-set-9-files-54,
EFTA01232715.pdf,data-set-9-files-54,
EFTA01232716.pdf,data-set-9-files-54,
EFTA01232717.pdf,data-set-9-files-54,
EFTA01232718.pdf,data-set-9-files-54,
EFTA01232719.pdf,data-set-9-files-54,
EFTA01232720.pdf,data-set-9-files-54,
EFTA01232721.pdf,data-set-9-files-54,"Rw,
"
EFTA01232722.pdf,data-set-9-files-54,"I
"
EFTA01232723.pdf,data-set-9-files-54,
EFTA01232724.pdf,data-set-9-files-54,"r~
"
EFTA01232725.pdf,data-set-9-files-54,
EFTA01232726.pdf,data-set-9-files-54,"ti




     qY
"
EFTA01232727.pdf,data-set-9-files-54,
EFTA01232728.pdf,data-set-9-files-54,
EFTA01232729.pdf,data-set-9-files-54,
EFTA01232730.pdf,data-set-9-files-54,"I
"
EFTA01232731.pdf,data-set-9-files-54,
EFTA01232732.pdf,data-set-9-files-54,
EFTA01232733.pdf,data-set-9-files-54,"PI
"
EFTA01232734.pdf,data-set-9-files-54,
EFTA01232735.pdf,data-set-9-files-54,
EFTA01232736.pdf,data-set-9-files-54,"ES
"
EFTA01232737.pdf,data-set-9-files-54,
EFTA01232738.pdf,data-set-9-files-54,
EFTA01232739.pdf,data-set-9-files-54,
EFTA01232740.pdf,data-set-9-files-54,
EFTA01232741.pdf,data-set-9-files-54,
EFTA01232742.pdf,data-set-9-files-54,"\
"
EFTA01232743.pdf,data-set-9-files-54,":1
"
EFTA01232744.pdf,data-set-9-files-54,"V
"
EFTA01232745.pdf,data-set-9-files-54,
EFTA01232746.pdf,data-set-9-files-54,
EFTA01232747.pdf,data-set-9-files-54,
EFTA01232748.pdf,data-set-9-files-54,"I
"
EFTA01232749.pdf,data-set-9-files-54,
EFTA01232750.pdf,data-set-9-files-54,
EFTA01232751.pdf,data-set-9-files-54,
EFTA01232752.pdf,data-set-9-files-54,
EFTA01232753.pdf,data-set-9-files-54,
EFTA01232754.pdf,data-set-9-files-54,
EFTA01232755.pdf,data-set-9-files-54,
EFTA01232756.pdf,data-set-9-files-54,
EFTA01232757.pdf,data-set-9-files-54,"L
"
EFTA01232758.pdf,data-set-9-files-54,"ar:itmuctiik
"
EFTA01232759.pdf,data-set-9-files-54,
EFTA01232760.pdf,data-set-9-files-54,"'I
"
EFTA01232761.pdf,data-set-9-files-54,
EFTA01232762.pdf,data-set-9-files-54,
EFTA01232763.pdf,data-set-9-files-54,"                    ■




  Tan te- _--
ni*t."".1-44.;••••
"
EFTA01232764.pdf,data-set-9-files-54,
EFTA01232765.pdf,data-set-9-files-54,
EFTA01232766.pdf,data-set-9-files-54,
EFTA01232767.pdf,data-set-9-files-54,
EFTA01232768.pdf,data-set-9-files-54,
EFTA01232769.pdf,data-set-9-files-54,
EFTA01232770.pdf,data-set-9-files-54,
EFTA01232771.pdf,data-set-9-files-54,
EFTA01232772.pdf,data-set-9-files-54,
EFTA01232773.pdf,data-set-9-files-54,".44.r.174+n-
"
EFTA01232774.pdf,data-set-9-files-54,
EFTA01232775.pdf,data-set-9-files-54,"oil
t',Y:
"
EFTA01232776.pdf,data-set-9-files-54,
EFTA01232777.pdf,data-set-9-files-54,"W     N
- --c-Par-   ihl
"
EFTA01232778.pdf,data-set-9-files-54,
EFTA01232779.pdf,data-set-9-files-54,
EFTA01232780.pdf,data-set-9-files-54,"SexTrac et   !PPP
             PLAY

             VIEW
"
EFTA01232781.pdf,data-set-9-files-54,"f
"
EFTA01232782.pdf,data-set-9-files-54,",
"
EFTA01232783.pdf,data-set-9-files-54,
EFTA01232784.pdf,data-set-9-files-54,
EFTA01232785.pdf,data-set-9-files-54,
EFTA01232786.pdf,data-set-9-files-54,"11
"
EFTA01232787.pdf,data-set-9-files-54,
EFTA01232788.pdf,data-set-9-files-54,
EFTA01232789.pdf,data-set-9-files-54,"   -
rrc.tiaamag
i
"
EFTA01232790.pdf,data-set-9-files-54,
EFTA01232791.pdf,data-set-9-files-54,
EFTA01232792.pdf,data-set-9-files-54,
EFTA01232793.pdf,data-set-9-files-54,
EFTA01232794.pdf,data-set-9-files-54,
EFTA01232795.pdf,data-set-9-files-54,
EFTA01232796.pdf,data-set-9-files-54,
EFTA01232797.pdf,data-set-9-files-54,
EFTA01232798.pdf,data-set-9-files-54,"IL
"
EFTA01232799.pdf,data-set-9-files-54,
EFTA01232800.pdf,data-set-9-files-54,
EFTA01232801.pdf,data-set-9-files-54,"/ /
"
EFTA01232802.pdf,data-set-9-files-54,"_   AA
"
EFTA01232803.pdf,data-set-9-files-54,
EFTA01232804.pdf,data-set-9-files-54,"I
"
EFTA01232805.pdf,data-set-9-files-54,
EFTA01232806.pdf,data-set-9-files-54,
EFTA01232807.pdf,data-set-9-files-54,
EFTA01232808.pdf,data-set-9-files-54,"'I
"
EFTA01232809.pdf,data-set-9-files-54,
EFTA01232810.pdf,data-set-9-files-54,
EFTA01232811.pdf,data-set-9-files-54,
EFTA01232812.pdf,data-set-9-files-54,
EFTA01232813.pdf,data-set-9-files-54,
EFTA01232814.pdf,data-set-9-files-54,
EFTA01232815.pdf,data-set-9-files-54,
EFTA01232816.pdf,data-set-9-files-54,
EFTA01232817.pdf,data-set-9-files-54,"1
"
EFTA01232818.pdf,data-set-9-files-54,
EFTA01232819.pdf,data-set-9-files-54,"1 !
 :.t&
"
EFTA01232820.pdf,data-set-9-files-54,
EFTA01232821.pdf,data-set-9-files-54,"n
"
EFTA01232822.pdf,data-set-9-files-54,
EFTA01232823.pdf,data-set-9-files-54,"-
"
EFTA01232824.pdf,data-set-9-files-54,
EFTA01232825.pdf,data-set-9-files-54,
EFTA01232826.pdf,data-set-9-files-54,
EFTA01232827.pdf,data-set-9-files-54,
EFTA01232828.pdf,data-set-9-files-54,
EFTA01232829.pdf,data-set-9-files-54,
EFTA01232830.pdf,data-set-9-files-54,"i
"
EFTA01232831.pdf,data-set-9-files-54,
EFTA01232832.pdf,data-set-9-files-54,
EFTA01232833.pdf,data-set-9-files-54,"ft,   tag
"
EFTA01232834.pdf,data-set-9-files-54,
EFTA01232835.pdf,data-set-9-files-54,
EFTA01232836.pdf,data-set-9-files-54,
EFTA01232837.pdf,data-set-9-files-54,"0
.




1




IP
"
EFTA01232838.pdf,data-set-9-files-54,
EFTA01232839.pdf,data-set-9-files-54,
EFTA01232840.pdf,data-set-9-files-54,
EFTA01232841.pdf,data-set-9-files-54,
EFTA01232842.pdf,data-set-9-files-54,
EFTA01232843.pdf,data-set-9-files-54,
EFTA01232844.pdf,data-set-9-files-54,
EFTA01232845.pdf,data-set-9-files-54,"iilimsytom
"
EFTA01232846.pdf,data-set-9-files-54,
EFTA01232847.pdf,data-set-9-files-54,"'
"
EFTA01232848.pdf,data-set-9-files-54,
EFTA01232849.pdf,data-set-9-files-54,
EFTA01232850.pdf,data-set-9-files-54,
EFTA01232851.pdf,data-set-9-files-54,
EFTA01232852.pdf,data-set-9-files-54,"II
"
EFTA01232853.pdf,data-set-9-files-54,
EFTA01232854.pdf,data-set-9-files-54,
EFTA01232855.pdf,data-set-9-files-54,
EFTA01232856.pdf,data-set-9-files-54,
EFTA01232857.pdf,data-set-9-files-54,
EFTA01232858.pdf,data-set-9-files-54,
EFTA01232859.pdf,data-set-9-files-54,
EFTA01232860.pdf,data-set-9-files-54,
EFTA01232861.pdf,data-set-9-files-54,
EFTA01232862.pdf,data-set-9-files-54,"Niim   minii....
"
EFTA01232863.pdf,data-set-9-files-54,
EFTA01232864.pdf,data-set-9-files-54,
EFTA01232865.pdf,data-set-9-files-54,
EFTA01232866.pdf,data-set-9-files-54,
EFTA01232867.pdf,data-set-9-files-54,
EFTA01232868.pdf,data-set-9-files-54,
EFTA01232869.pdf,data-set-9-files-54,
EFTA01232870.pdf,data-set-9-files-54,
EFTA01232871.pdf,data-set-9-files-54,
EFTA01232872.pdf,data-set-9-files-54,"t-b
Fer
"
EFTA01232873.pdf,data-set-9-files-54,
EFTA01232874.pdf,data-set-9-files-54,
EFTA01232875.pdf,data-set-9-files-54,"L
"
EFTA01232876.pdf,data-set-9-files-54,
EFTA01232877.pdf,data-set-9-files-54,
EFTA01232878.pdf,data-set-9-files-54,
EFTA01232879.pdf,data-set-9-files-54,
EFTA01232880.pdf,data-set-9-files-54,
EFTA01232881.pdf,data-set-9-files-54,
EFTA01232882.pdf,data-set-9-files-54,
EFTA01232883.pdf,data-set-9-files-54,"fl
"
EFTA01232884.pdf,data-set-9-files-54,"      aim




ob.
"
EFTA01232885.pdf,data-set-9-files-54,
EFTA01232886.pdf,data-set-9-files-54,
EFTA01232887.pdf,data-set-9-files-54,
EFTA01232888.pdf,data-set-9-files-54,
EFTA01232889.pdf,data-set-9-files-54,
EFTA01232890.pdf,data-set-9-files-54,
EFTA01232891.pdf,data-set-9-files-54,
EFTA01232892.pdf,data-set-9-files-54,
EFTA01232893.pdf,data-set-9-files-54,
EFTA01232894.pdf,data-set-9-files-54,
EFTA01232895.pdf,data-set-9-files-54,
EFTA01232896.pdf,data-set-9-files-54,
EFTA01232897.pdf,data-set-9-files-54,
EFTA01232898.pdf,data-set-9-files-54,
EFTA01232899.pdf,data-set-9-files-54,
EFTA01232900.pdf,data-set-9-files-54,
EFTA01232901.pdf,data-set-9-files-54,
EFTA01232902.pdf,data-set-9-files-54,"t




    1
"
EFTA01232903.pdf,data-set-9-files-54,
EFTA01232904.pdf,data-set-9-files-54,
EFTA01232905.pdf,data-set-9-files-54,
EFTA01232906.pdf,data-set-9-files-54,
EFTA01232907.pdf,data-set-9-files-54,
EFTA01232908.pdf,data-set-9-files-54,
EFTA01232909.pdf,data-set-9-files-54,
EFTA01232910.pdf,data-set-9-files-54,",b
"
EFTA01232911.pdf,data-set-9-files-54,"rti
"
EFTA01232912.pdf,data-set-9-files-54,
EFTA01232913.pdf,data-set-9-files-54,
EFTA01232914.pdf,data-set-9-files-54,
EFTA01232915.pdf,data-set-9-files-54,
EFTA01232916.pdf,data-set-9-files-54,"Li
"
EFTA01232917.pdf,data-set-9-files-54,
EFTA01232918.pdf,data-set-9-files-54,
EFTA01232919.pdf,data-set-9-files-54,
EFTA01232920.pdf,data-set-9-files-54,
EFTA01232921.pdf,data-set-9-files-54,
EFTA01232922.pdf,data-set-9-files-54,
EFTA01232923.pdf,data-set-9-files-54,"II
"
EFTA01232924.pdf,data-set-9-files-54,
EFTA01232925.pdf,data-set-9-files-54,"r
I
"
EFTA01232926.pdf,data-set-9-files-54,
EFTA01232927.pdf,data-set-9-files-54,
EFTA01232928.pdf,data-set-9-files-54,
EFTA01232929.pdf,data-set-9-files-54,"I
"
EFTA01232930.pdf,data-set-9-files-54,
EFTA01232931.pdf,data-set-9-files-54,"41
"
EFTA01232932.pdf,data-set-9-files-54,
EFTA01232933.pdf,data-set-9-files-54,
EFTA01232934.pdf,data-set-9-files-54,"...
"
EFTA01232935.pdf,data-set-9-files-54,
EFTA01232936.pdf,data-set-9-files-54,
EFTA01232937.pdf,data-set-9-files-54,
EFTA01232938.pdf,data-set-9-files-54,"II
"
EFTA01232939.pdf,data-set-9-files-54,"_
"
EFTA01232940.pdf,data-set-9-files-54,
EFTA01232941.pdf,data-set-9-files-54,
EFTA01232942.pdf,data-set-9-files-54,"el
"
EFTA01232943.pdf,data-set-9-files-54,
EFTA01232944.pdf,data-set-9-files-54,"I
"
EFTA01232945.pdf,data-set-9-files-54,
EFTA01232946.pdf,data-set-9-files-54,"I
"
EFTA01232947.pdf,data-set-9-files-54,"A
"
EFTA01232948.pdf,data-set-9-files-54,"V
"
EFTA01232949.pdf,data-set-9-files-54,"U,
"
EFTA01232950.pdf,data-set-9-files-54,"H i
"
EFTA01232951.pdf,data-set-9-files-54,
EFTA01232952.pdf,data-set-9-files-54,
EFTA01232953.pdf,data-set-9-files-54,
EFTA01232954.pdf,data-set-9-files-54,
EFTA01232955.pdf,data-set-9-files-54,
EFTA01232956.pdf,data-set-9-files-54,
EFTA01232957.pdf,data-set-9-files-54,"Mr
"
EFTA01232958.pdf,data-set-9-files-54,
EFTA01232959.pdf,data-set-9-files-54,"I
"
EFTA01232960.pdf,data-set-9-files-54,
EFTA01232961.pdf,data-set-9-files-54,
EFTA01232962.pdf,data-set-9-files-54,
EFTA01232963.pdf,data-set-9-files-54,
EFTA01232964.pdf,data-set-9-files-54,
EFTA01232965.pdf,data-set-9-files-54,"r




ILl
"
EFTA01232966.pdf,data-set-9-files-54,"            't
X19--
tt st   4
"
EFTA01232967.pdf,data-set-9-files-54,"F4
"
EFTA01232968.pdf,data-set-9-files-54,
EFTA01232969.pdf,data-set-9-files-54,
EFTA01232970.pdf,data-set-9-files-54,
EFTA01232971.pdf,data-set-9-files-54,
EFTA01232972.pdf,data-set-9-files-54,"el
"
EFTA01232973.pdf,data-set-9-files-54,
EFTA01232974.pdf,data-set-9-files-54,
EFTA01232975.pdf,data-set-9-files-54,
EFTA01232976.pdf,data-set-9-files-54,
EFTA01232977.pdf,data-set-9-files-54,"r-




.
"
EFTA01232978.pdf,data-set-9-files-54,
EFTA01232979.pdf,data-set-9-files-54,
EFTA01232980.pdf,data-set-9-files-54,
EFTA01232981.pdf,data-set-9-files-54,"r
"
EFTA01232982.pdf,data-set-9-files-54,
EFTA01232983.pdf,data-set-9-files-54,
EFTA01232984.pdf,data-set-9-files-54,
EFTA01232985.pdf,data-set-9-files-54,
EFTA01232986.pdf,data-set-9-files-54,
EFTA01232987.pdf,data-set-9-files-54,
EFTA01232988.pdf,data-set-9-files-54,"11
"
EFTA01232989.pdf,data-set-9-files-54,
EFTA01232990.pdf,data-set-9-files-54,
EFTA01232991.pdf,data-set-9-files-54,
EFTA01232992.pdf,data-set-9-files-54,
EFTA01232993.pdf,data-set-9-files-54,
EFTA01232994.pdf,data-set-9-files-54,"I
"
EFTA01232995.pdf,data-set-9-files-54,
EFTA01232996.pdf,data-set-9-files-54,
EFTA01232997.pdf,data-set-9-files-54,
EFTA01232998.pdf,data-set-9-files-54,
EFTA01232999.pdf,data-set-9-files-54,"""I-
"
EFTA01233000.pdf,data-set-9-files-54,
EFTA01233001.pdf,data-set-9-files-54,
EFTA01233002.pdf,data-set-9-files-54,
EFTA01233003.pdf,data-set-9-files-54,
EFTA01233004.pdf,data-set-9-files-54,
EFTA01233005.pdf,data-set-9-files-54,"i

I
"
EFTA01233006.pdf,data-set-9-files-54,
EFTA01233007.pdf,data-set-9-files-54,
EFTA01233008.pdf,data-set-9-files-54,
EFTA01233009.pdf,data-set-9-files-54,"II
"
EFTA01233010.pdf,data-set-9-files-54,"k   .
"
EFTA01233011.pdf,data-set-9-files-54,
EFTA01233012.pdf,data-set-9-files-54,";;.`ac
"
EFTA01233013.pdf,data-set-9-files-54,"S




t
"
EFTA01233014.pdf,data-set-9-files-54,
EFTA01233015.pdf,data-set-9-files-54,
EFTA01233016.pdf,data-set-9-files-54,
EFTA01233017.pdf,data-set-9-files-54,
EFTA01233018.pdf,data-set-9-files-54,
EFTA01233019.pdf,data-set-9-files-54,
EFTA01233020.pdf,data-set-9-files-54,
EFTA01233021.pdf,data-set-9-files-54,"   11'

4/1e-1
"
EFTA01233022.pdf,data-set-9-files-54,"0
"
EFTA01233023.pdf,data-set-9-files-54,
EFTA01233024.pdf,data-set-9-files-54,
EFTA01233025.pdf,data-set-9-files-54,"(


i
O.
"
EFTA01233026.pdf,data-set-9-files-54,
EFTA01233027.pdf,data-set-9-files-54,
EFTA01233028.pdf,data-set-9-files-54,
EFTA01233029.pdf,data-set-9-files-54,
EFTA01233030.pdf,data-set-9-files-54,
EFTA01233031.pdf,data-set-9-files-54,
EFTA01233032.pdf,data-set-9-files-54,
EFTA01233033.pdf,data-set-9-files-54,
EFTA01233034.pdf,data-set-9-files-54,". .
"
EFTA01233035.pdf,data-set-9-files-54,
EFTA01233036.pdf,data-set-9-files-54,
EFTA01233037.pdf,data-set-9-files-54,"ULM

lz
"
EFTA01233038.pdf,data-set-9-files-54,
EFTA01233039.pdf,data-set-9-files-54,
EFTA01233040.pdf,data-set-9-files-54,"1
"
EFTA01233041.pdf,data-set-9-files-54,
EFTA01233042.pdf,data-set-9-files-54,
EFTA01233043.pdf,data-set-9-files-54,
EFTA01233044.pdf,data-set-9-files-54,"r
"
EFTA01233045.pdf,data-set-9-files-54,
EFTA01233046.pdf,data-set-9-files-54,"i
"
EFTA01233047.pdf,data-set-9-files-54,
EFTA01233048.pdf,data-set-9-files-54,
EFTA01233049.pdf,data-set-9-files-54,
EFTA01233050.pdf,data-set-9-files-54,
EFTA01233051.pdf,data-set-9-files-54,
EFTA01233052.pdf,data-set-9-files-54,
EFTA01233053.pdf,data-set-9-files-54,"-
"
EFTA01233054.pdf,data-set-9-files-54,
EFTA01233055.pdf,data-set-9-files-54,
EFTA01233056.pdf,data-set-9-files-54,
EFTA01233057.pdf,data-set-9-files-54,
EFTA01233058.pdf,data-set-9-files-54,
EFTA01233059.pdf,data-set-9-files-54,
EFTA01233060.pdf,data-set-9-files-54,
EFTA01233061.pdf,data-set-9-files-54,
EFTA01233062.pdf,data-set-9-files-54,"I
"
EFTA01233063.pdf,data-set-9-files-54,
EFTA01233064.pdf,data-set-9-files-54,"I
"
EFTA01233065.pdf,data-set-9-files-54,
EFTA01233066.pdf,data-set-9-files-54,
EFTA01233067.pdf,data-set-9-files-54,"    V
I   l
"
EFTA01233068.pdf,data-set-9-files-54,
EFTA01233069.pdf,data-set-9-files-54,
EFTA01233070.pdf,data-set-9-files-54,"4r""\V
"
EFTA01233071.pdf,data-set-9-files-54,
EFTA01233072.pdf,data-set-9-files-54,"II
"
EFTA01233073.pdf,data-set-9-files-54,"PI
"
EFTA01233074.pdf,data-set-9-files-54,
EFTA01233075.pdf,data-set-9-files-54,
EFTA01233076.pdf,data-set-9-files-54,
EFTA01233077.pdf,data-set-9-files-54,
EFTA01233078.pdf,data-set-9-files-54,
EFTA01233079.pdf,data-set-9-files-54,
EFTA01233080.pdf,data-set-9-files-54,
EFTA01233081.pdf,data-set-9-files-54,
EFTA01233082.pdf,data-set-9-files-54,"s%
"
EFTA01233083.pdf,data-set-9-files-54,"all
4
"
EFTA01233084.pdf,data-set-9-files-54,
EFTA01233085.pdf,data-set-9-files-54,
EFTA01233086.pdf,data-set-9-files-54,"h.
"
EFTA01233087.pdf,data-set-9-files-54,
EFTA01233088.pdf,data-set-9-files-54,"LL
"
EFTA01233089.pdf,data-set-9-files-54,
EFTA01233090.pdf,data-set-9-files-54," S
        I
i       1
r- -   us
"
EFTA01233091.pdf,data-set-9-files-54,
EFTA01233092.pdf,data-set-9-files-54,"r1
"
EFTA01233093.pdf,data-set-9-files-54,
EFTA01233094.pdf,data-set-9-files-54,
EFTA01233095.pdf,data-set-9-files-54,
EFTA01233096.pdf,data-set-9-files-54,
EFTA01233097.pdf,data-set-9-files-54,
EFTA01233098.pdf,data-set-9-files-54,"myba
 cca
"
EFTA01233099.pdf,data-set-9-files-54,
EFTA01233100.pdf,data-set-9-files-54,"_ _ .
"
EFTA01233101.pdf,data-set-9-files-54,
EFTA01233102.pdf,data-set-9-files-54,
EFTA01233103.pdf,data-set-9-files-54,"i
"
EFTA01233104.pdf,data-set-9-files-54,
EFTA01233105.pdf,data-set-9-files-54,
EFTA01233106.pdf,data-set-9-files-54,"i




I
"
EFTA01233107.pdf,data-set-9-files-54,
EFTA01233108.pdf,data-set-9-files-54,"4
"
EFTA01233109.pdf,data-set-9-files-54,
EFTA01233110.pdf,data-set-9-files-54,"III
"
EFTA01233111.pdf,data-set-9-files-54,
EFTA01233112.pdf,data-set-9-files-54,
EFTA01233113.pdf,data-set-9-files-54,
EFTA01233114.pdf,data-set-9-files-54,"P
"
EFTA01233115.pdf,data-set-9-files-54,
EFTA01233116.pdf,data-set-9-files-54,
EFTA01233117.pdf,data-set-9-files-54,"I,;
4.- Si
"
EFTA01233118.pdf,data-set-9-files-54,
EFTA01233119.pdf,data-set-9-files-54,
EFTA01233120.pdf,data-set-9-files-54,
EFTA01233121.pdf,data-set-9-files-54,
EFTA01233122.pdf,data-set-9-files-54,
EFTA01233123.pdf,data-set-9-files-54,
EFTA01233124.pdf,data-set-9-files-54,
EFTA01233125.pdf,data-set-9-files-54,
EFTA01233126.pdf,data-set-9-files-54,
EFTA01233127.pdf,data-set-9-files-54,
EFTA01233128.pdf,data-set-9-files-54,
EFTA01233129.pdf,data-set-9-files-54,
EFTA01233130.pdf,data-set-9-files-54,
EFTA01233131.pdf,data-set-9-files-54,"ft
"
EFTA01233132.pdf,data-set-9-files-54,
EFTA01233133.pdf,data-set-9-files-54,
EFTA01233134.pdf,data-set-9-files-54,
EFTA01233135.pdf,data-set-9-files-54,"\
"
EFTA01233136.pdf,data-set-9-files-54,
EFTA01233137.pdf,data-set-9-files-54,
EFTA01233138.pdf,data-set-9-files-54,
EFTA01233139.pdf,data-set-9-files-54,
EFTA01233140.pdf,data-set-9-files-54,
EFTA01233141.pdf,data-set-9-files-54,
EFTA01233142.pdf,data-set-9-files-54,
EFTA01233143.pdf,data-set-9-files-54,
EFTA01233144.pdf,data-set-9-files-54,
EFTA01233145.pdf,data-set-9-files-54,"I
"
EFTA01233146.pdf,data-set-9-files-54,"I
"
EFTA01233147.pdf,data-set-9-files-54,
EFTA01233148.pdf,data-set-9-files-54,
EFTA01233149.pdf,data-set-9-files-54,"Lilian of N
"
EFTA01233150.pdf,data-set-9-files-54,"II
"
EFTA01233151.pdf,data-set-9-files-54,
EFTA01233152.pdf,data-set-9-files-54,
EFTA01233153.pdf,data-set-9-files-54,"_
"
EFTA01233154.pdf,data-set-9-files-54,
EFTA01233155.pdf,data-set-9-files-54,
EFTA01233156.pdf,data-set-9-files-54,
EFTA01233157.pdf,data-set-9-files-54,
EFTA01233158.pdf,data-set-9-files-54,"iA
"
EFTA01233159.pdf,data-set-9-files-54,
EFTA01233160.pdf,data-set-9-files-54,
EFTA01233161.pdf,data-set-9-files-54,
EFTA01233162.pdf,data-set-9-files-54,
EFTA01233163.pdf,data-set-9-files-54,
EFTA01233164.pdf,data-set-9-files-54,
EFTA01233165.pdf,data-set-9-files-54,
EFTA01233166.pdf,data-set-9-files-54,
EFTA01233167.pdf,data-set-9-files-54,
EFTA01233168.pdf,data-set-9-files-54,
EFTA01233169.pdf,data-set-9-files-54,
EFTA01233170.pdf,data-set-9-files-54,
EFTA01233171.pdf,data-set-9-files-54,
EFTA01233172.pdf,data-set-9-files-54,"II
"
EFTA01233173.pdf,data-set-9-files-54,
EFTA01233174.pdf,data-set-9-files-54,"ri
"
EFTA01233175.pdf,data-set-9-files-54,"11
"
EFTA01233176.pdf,data-set-9-files-54,
EFTA01233177.pdf,data-set-9-files-54,
EFTA01233178.pdf,data-set-9-files-54,
EFTA01233179.pdf,data-set-9-files-54,"PA
"
EFTA01233180.pdf,data-set-9-files-54,"I
"
EFTA01233181.pdf,data-set-9-files-54,"111
"
EFTA01233182.pdf,data-set-9-files-54,
EFTA01233183.pdf,data-set-9-files-54,
EFTA01233184.pdf,data-set-9-files-54,
EFTA01233185.pdf,data-set-9-files-54,"M
"
EFTA01233186.pdf,data-set-9-files-54,"I
"
EFTA01233187.pdf,data-set-9-files-54,
EFTA01233188.pdf,data-set-9-files-54,
EFTA01233189.pdf,data-set-9-files-54,"A
I
"
EFTA01233190.pdf,data-set-9-files-54,
EFTA01233191.pdf,data-set-9-files-54,"%
"
EFTA01233192.pdf,data-set-9-files-54,
EFTA01233193.pdf,data-set-9-files-54,
EFTA01233194.pdf,data-set-9-files-54,
EFTA01233195.pdf,data-set-9-files-54,"~+
"
EFTA01233196.pdf,data-set-9-files-54,
EFTA01233197.pdf,data-set-9-files-54,"i
"
EFTA01233198.pdf,data-set-9-files-54,
EFTA01233199.pdf,data-set-9-files-54,
EFTA01233200.pdf,data-set-9-files-54,
EFTA01233201.pdf,data-set-9-files-54,"I
"
EFTA01233202.pdf,data-set-9-files-54,"■
"
EFTA01233203.pdf,data-set-9-files-54,
EFTA01233204.pdf,data-set-9-files-54,
EFTA01233205.pdf,data-set-9-files-54,
EFTA01233206.pdf,data-set-9-files-54,
EFTA01233207.pdf,data-set-9-files-54,
EFTA01233208.pdf,data-set-9-files-54,"/
"
EFTA01233209.pdf,data-set-9-files-54,
EFTA01233210.pdf,data-set-9-files-54,
EFTA01233211.pdf,data-set-9-files-54,
EFTA01233212.pdf,data-set-9-files-54,"I
"
EFTA01233213.pdf,data-set-9-files-54,
EFTA01233214.pdf,data-set-9-files-54,"I
"
EFTA01233215.pdf,data-set-9-files-54,
EFTA01233216.pdf,data-set-9-files-54,
EFTA01233217.pdf,data-set-9-files-54,
EFTA01233218.pdf,data-set-9-files-54,
EFTA01233219.pdf,data-set-9-files-54,"PP
"
EFTA01233220.pdf,data-set-9-files-54,
EFTA01233221.pdf,data-set-9-files-54,"IL
"
EFTA01233222.pdf,data-set-9-files-54,
EFTA01233223.pdf,data-set-9-files-54,
EFTA01233224.pdf,data-set-9-files-54,"!!
"
EFTA01233225.pdf,data-set-9-files-54,
EFTA01233226.pdf,data-set-9-files-54,"Cu
"
EFTA01233227.pdf,data-set-9-files-54,
EFTA01233228.pdf,data-set-9-files-54,
EFTA01233229.pdf,data-set-9-files-54,
EFTA01233230.pdf,data-set-9-files-54,
EFTA01233231.pdf,data-set-9-files-54,"N
"
EFTA01233232.pdf,data-set-9-files-54,"A'   ilk   3/41
"
EFTA01233233.pdf,data-set-9-files-54,
EFTA01233234.pdf,data-set-9-files-54,
EFTA01233235.pdf,data-set-9-files-54,"II,
"
EFTA01233236.pdf,data-set-9-files-54,
EFTA01233237.pdf,data-set-9-files-54,
EFTA01233238.pdf,data-set-9-files-54,"N
"
EFTA01233239.pdf,data-set-9-files-54,"PI
"
EFTA01233240.pdf,data-set-9-files-54,
EFTA01233241.pdf,data-set-9-files-54,
EFTA01233242.pdf,data-set-9-files-54,"UII
"
EFTA01233243.pdf,data-set-9-files-54,
EFTA01233244.pdf,data-set-9-files-54,
EFTA01233245.pdf,data-set-9-files-54,"A
"
EFTA01233246.pdf,data-set-9-files-54,
EFTA01233247.pdf,data-set-9-files-54,"""IF
"
EFTA01233248.pdf,data-set-9-files-54,
EFTA01233249.pdf,data-set-9-files-54,"Sk
"
EFTA01233250.pdf,data-set-9-files-54,"FM
"
EFTA01233251.pdf,data-set-9-files-54,"■
"
EFTA01233252.pdf,data-set-9-files-54,
EFTA01233253.pdf,data-set-9-files-54,"6
"
EFTA01233254.pdf,data-set-9-files-54,
EFTA01233255.pdf,data-set-9-files-54,
EFTA01233256.pdf,data-set-9-files-54,"71
"
EFTA01233257.pdf,data-set-9-files-54,"II
"
EFTA01233258.pdf,data-set-9-files-54,
EFTA01233259.pdf,data-set-9-files-54,"~~
"
EFTA01233260.pdf,data-set-9-files-54,
EFTA01233261.pdf,data-set-9-files-54,"E
t
"
EFTA01233262.pdf,data-set-9-files-54,
EFTA01233263.pdf,data-set-9-files-54,"5
"
EFTA01233264.pdf,data-set-9-files-54,"i~
"
EFTA01233265.pdf,data-set-9-files-54,"I
"
EFTA01233266.pdf,data-set-9-files-54,"S
"
EFTA01233267.pdf,data-set-9-files-54,
EFTA01233268.pdf,data-set-9-files-54,
EFTA01233269.pdf,data-set-9-files-54,
EFTA01233270.pdf,data-set-9-files-54,
EFTA01233271.pdf,data-set-9-files-54,
EFTA01233272.pdf,data-set-9-files-54,"fik
"
EFTA01233273.pdf,data-set-9-files-54,
EFTA01233274.pdf,data-set-9-files-54,
EFTA01233275.pdf,data-set-9-files-54,
EFTA01233276.pdf,data-set-9-files-54,
EFTA01233277.pdf,data-set-9-files-54,
EFTA01233278.pdf,data-set-9-files-54,
EFTA01233279.pdf,data-set-9-files-54,"FIN
"
EFTA01233280.pdf,data-set-9-files-54,
EFTA01233281.pdf,data-set-9-files-54,
EFTA01233282.pdf,data-set-9-files-54,
EFTA01233283.pdf,data-set-9-files-54,
EFTA01233284.pdf,data-set-9-files-54,
EFTA01233285.pdf,data-set-9-files-54,"HI
"
EFTA01233286.pdf,data-set-9-files-54,
EFTA01233287.pdf,data-set-9-files-54,
EFTA01233288.pdf,data-set-9-files-54,
EFTA01233289.pdf,data-set-9-files-54,
EFTA01233290.pdf,data-set-9-files-54,
EFTA01233291.pdf,data-set-9-files-54,
EFTA01233292.pdf,data-set-9-files-54,
EFTA01233293.pdf,data-set-9-files-54,
EFTA01233294.pdf,data-set-9-files-54,
EFTA01233295.pdf,data-set-9-files-54,"~`
"
EFTA01233296.pdf,data-set-9-files-54,
EFTA01233297.pdf,data-set-9-files-54,"I
"
EFTA01233298.pdf,data-set-9-files-54,
EFTA01233299.pdf,data-set-9-files-54,"a
"
EFTA01233300.pdf,data-set-9-files-54,"19
"
EFTA01233301.pdf,data-set-9-files-54,"-.~

■
"
EFTA01233302.pdf,data-set-9-files-54,
EFTA01233303.pdf,data-set-9-files-54,
EFTA01233304.pdf,data-set-9-files-54,"le
"
EFTA01233305.pdf,data-set-9-files-54,
EFTA01233306.pdf,data-set-9-files-54,
EFTA01233307.pdf,data-set-9-files-54,"l
s,
"
EFTA01233308.pdf,data-set-9-files-54,
EFTA01233309.pdf,data-set-9-files-54,
EFTA01233310.pdf,data-set-9-files-54,
EFTA01233311.pdf,data-set-9-files-54,
EFTA01233312.pdf,data-set-9-files-54,
EFTA01233313.pdf,data-set-9-files-54,"se   if
"
EFTA01233314.pdf,data-set-9-files-54,
EFTA01233315.pdf,data-set-9-files-54,
EFTA01233316.pdf,data-set-9-files-54,
EFTA01233317.pdf,data-set-9-files-54,"rl
"
EFTA01233318.pdf,data-set-9-files-54,
EFTA01233319.pdf,data-set-9-files-54,"    I
/
"
EFTA01233320.pdf,data-set-9-files-54,
EFTA01233321.pdf,data-set-9-files-54,
EFTA01233322.pdf,data-set-9-files-54,
EFTA01233323.pdf,data-set-9-files-54,
EFTA01233324.pdf,data-set-9-files-54,"II
"
EFTA01233325.pdf,data-set-9-files-54,
EFTA01233326.pdf,data-set-9-files-54,
EFTA01233327.pdf,data-set-9-files-54,"fl
S
"
EFTA01233328.pdf,data-set-9-files-54,"ii
"
EFTA01233329.pdf,data-set-9-files-54,
EFTA01233330.pdf,data-set-9-files-54,"l
ir;.fey:   -i -41
"
EFTA01233331.pdf,data-set-9-files-54,
EFTA01233332.pdf,data-set-9-files-54,
EFTA01233333.pdf,data-set-9-files-54,"4   a.
"
EFTA01233334.pdf,data-set-9-files-54,"II
"
EFTA01233335.pdf,data-set-9-files-54,
EFTA01233336.pdf,data-set-9-files-54,
EFTA01233337.pdf,data-set-9-files-54,
EFTA01233338.pdf,data-set-9-files-54,
EFTA01233339.pdf,data-set-9-files-54,
EFTA01233340.pdf,data-set-9-files-54,
EFTA01233341.pdf,data-set-9-files-54,
EFTA01233342.pdf,data-set-9-files-54,"I.
"
EFTA01233343.pdf,data-set-9-files-54,
EFTA01233344.pdf,data-set-9-files-54,"arsvp
   -;
Att
"
EFTA01233345.pdf,data-set-9-files-54,
EFTA01233346.pdf,data-set-9-files-54,
EFTA01233347.pdf,data-set-9-files-54,
EFTA01233348.pdf,data-set-9-files-54,"it
"
EFTA01233349.pdf,data-set-9-files-54,
EFTA01233350.pdf,data-set-9-files-54,
EFTA01233351.pdf,data-set-9-files-54,
EFTA01233352.pdf,data-set-9-files-54,"■
"
EFTA01233353.pdf,data-set-9-files-54,
EFTA01233354.pdf,data-set-9-files-54,
EFTA01233355.pdf,data-set-9-files-54,
EFTA01233356.pdf,data-set-9-files-54,
EFTA01233357.pdf,data-set-9-files-54,"41!
"
EFTA01233358.pdf,data-set-9-files-54,
EFTA01233359.pdf,data-set-9-files-54,"S
"
EFTA01233360.pdf,data-set-9-files-54,"PEA
"
EFTA01233361.pdf,data-set-9-files-54,",
"
EFTA01233362.pdf,data-set-9-files-54,"P
"
EFTA01233363.pdf,data-set-9-files-54,
EFTA01233364.pdf,data-set-9-files-54,
EFTA01233365.pdf,data-set-9-files-54,
EFTA01233366.pdf,data-set-9-files-54,
EFTA01233367.pdf,data-set-9-files-54,
EFTA01233368.pdf,data-set-9-files-54,"    Ii
u
    I
"
EFTA01233369.pdf,data-set-9-files-54,"t
"
EFTA01233370.pdf,data-set-9-files-54,
EFTA01233371.pdf,data-set-9-files-54,
EFTA01233372.pdf,data-set-9-files-54,
EFTA01233373.pdf,data-set-9-files-54,"U
"
EFTA01233374.pdf,data-set-9-files-54,
EFTA01233375.pdf,data-set-9-files-54,"k
"
EFTA01233376.pdf,data-set-9-files-54,
EFTA01233377.pdf,data-set-9-files-54,
EFTA01233378.pdf,data-set-9-files-54,"Fi
"
EFTA01233379.pdf,data-set-9-files-54,
EFTA01233380.pdf,data-set-9-files-54,
EFTA01233381.pdf,data-set-9-files-54,
EFTA01233382.pdf,data-set-9-files-54,
EFTA01233383.pdf,data-set-9-files-54,"II
"
EFTA01233384.pdf,data-set-9-files-54,
EFTA01233385.pdf,data-set-9-files-54,
EFTA01233386.pdf,data-set-9-files-54,
EFTA01233387.pdf,data-set-9-files-54,
EFTA01233388.pdf,data-set-9-files-54,
EFTA01233389.pdf,data-set-9-files-54,
EFTA01233390.pdf,data-set-9-files-54,
EFTA01233391.pdf,data-set-9-files-54,
EFTA01233392.pdf,data-set-9-files-54," She IS
out there.
"
EFTA01233393.pdf,data-set-9-files-54,
EFTA01233394.pdf,data-set-9-files-54,
EFTA01233395.pdf,data-set-9-files-54,
EFTA01233396.pdf,data-set-9-files-54,
EFTA01233397.pdf,data-set-9-files-54,"J
"
EFTA01233398.pdf,data-set-9-files-54,"Brett and Chnstino
"
EFTA01233399.pdf,data-set-9-files-54,
EFTA01233400.pdf,data-set-9-files-54,
EFTA01233401.pdf,data-set-9-files-54,
EFTA01233402.pdf,data-set-9-files-54,"•
"
EFTA01233403.pdf,data-set-9-files-54,
EFTA01233404.pdf,data-set-9-files-54,
EFTA01233405.pdf,data-set-9-files-54,
EFTA01233406.pdf,data-set-9-files-54,
EFTA01233407.pdf,data-set-9-files-54,
EFTA01233408.pdf,data-set-9-files-54,"I
"
EFTA01233409.pdf,data-set-9-files-54,"••




     I
"
EFTA01233410.pdf,data-set-9-files-54,"WE   ';.t?..:1EW1
"
EFTA01233411.pdf,data-set-9-files-54,"kl
"
EFTA01233412.pdf,data-set-9-files-54,
EFTA01233413.pdf,data-set-9-files-54,
EFTA01233414.pdf,data-set-9-files-54,
EFTA01233415.pdf,data-set-9-files-54,"11
"
EFTA01233416.pdf,data-set-9-files-54,"l
"
EFTA01233417.pdf,data-set-9-files-54,"I
"
EFTA01233418.pdf,data-set-9-files-54,"r
"
EFTA01233419.pdf,data-set-9-files-54,
EFTA01233420.pdf,data-set-9-files-54,
EFTA01233421.pdf,data-set-9-files-54,
EFTA01233422.pdf,data-set-9-files-54,
EFTA01233423.pdf,data-set-9-files-54,"!
"
EFTA01233424.pdf,data-set-9-files-54,"r-
"
EFTA01233425.pdf,data-set-9-files-54,
EFTA01233426.pdf,data-set-9-files-54,"1 W   -


          A   A   I
"
EFTA01233427.pdf,data-set-9-files-54,
EFTA01233428.pdf,data-set-9-files-54,
EFTA01233429.pdf,data-set-9-files-54,
EFTA01233430.pdf,data-set-9-files-54,
EFTA01233431.pdf,data-set-9-files-54,"II
"
EFTA01233432.pdf,data-set-9-files-54,"NV
"
EFTA01233433.pdf,data-set-9-files-54,"i
"
EFTA01233434.pdf,data-set-9-files-54,
EFTA01233435.pdf,data-set-9-files-54,
EFTA01233436.pdf,data-set-9-files-54,
EFTA01233437.pdf,data-set-9-files-54,
EFTA01233438.pdf,data-set-9-files-54,
EFTA01233439.pdf,data-set-9-files-54,
EFTA01233440.pdf,data-set-9-files-54,
EFTA01233441.pdf,data-set-9-files-54,
EFTA01233442.pdf,data-set-9-files-54,
EFTA01233443.pdf,data-set-9-files-54,
EFTA01233444.pdf,data-set-9-files-54,
EFTA01233445.pdf,data-set-9-files-54,
EFTA01233446.pdf,data-set-9-files-54,
EFTA01233447.pdf,data-set-9-files-54,
EFTA01233448.pdf,data-set-9-files-54,
EFTA01233449.pdf,data-set-9-files-54,
EFTA01233450.pdf,data-set-9-files-54,"I
"
EFTA01233451.pdf,data-set-9-files-54,
EFTA01233452.pdf,data-set-9-files-54,
EFTA01233453.pdf,data-set-9-files-54,
EFTA01233454.pdf,data-set-9-files-54,
EFTA01233455.pdf,data-set-9-files-54,
EFTA01233456.pdf,data-set-9-files-54,
EFTA01233457.pdf,data-set-9-files-54,"I
"
EFTA01233458.pdf,data-set-9-files-54,"II
"
EFTA01233459.pdf,data-set-9-files-54,
EFTA01233460.pdf,data-set-9-files-54,
EFTA01233461.pdf,data-set-9-files-54,
EFTA01233462.pdf,data-set-9-files-54,
EFTA01233463.pdf,data-set-9-files-54,"Pit




  i
      S
""7'
"
EFTA01233464.pdf,data-set-9-files-54,
EFTA01233465.pdf,data-set-9-files-54,
EFTA01233466.pdf,data-set-9-files-54,
EFTA01233467.pdf,data-set-9-files-54,"II
"
EFTA01233468.pdf,data-set-9-files-54,"I
"
EFTA01233469.pdf,data-set-9-files-54,"I
"
EFTA01233470.pdf,data-set-9-files-54,"El
"
EFTA01233471.pdf,data-set-9-files-54,
EFTA01233472.pdf,data-set-9-files-54,
EFTA01233473.pdf,data-set-9-files-54,
EFTA01233474.pdf,data-set-9-files-54,
EFTA01233475.pdf,data-set-9-files-54,
EFTA01233476.pdf,data-set-9-files-54,
EFTA01233477.pdf,data-set-9-files-54,"F
"
EFTA01233478.pdf,data-set-9-files-54,"""PT
711
"
EFTA01233479.pdf,data-set-9-files-54,"III
"
EFTA01233480.pdf,data-set-9-files-54,
EFTA01233481.pdf,data-set-9-files-54,
EFTA01233482.pdf,data-set-9-files-54,
EFTA01233483.pdf,data-set-9-files-54,
EFTA01233484.pdf,data-set-9-files-54,
EFTA01233485.pdf,data-set-9-files-54,
EFTA01233486.pdf,data-set-9-files-54,
EFTA01233487.pdf,data-set-9-files-54,
EFTA01233488.pdf,data-set-9-files-54,"IN
"
EFTA01233489.pdf,data-set-9-files-54,
EFTA01233490.pdf,data-set-9-files-54,
EFTA01233491.pdf,data-set-9-files-54,
EFTA01233492.pdf,data-set-9-files-54,"S -I
"
EFTA01233493.pdf,data-set-9-files-54,
EFTA01233494.pdf,data-set-9-files-54,"I.
"
EFTA01233495.pdf,data-set-9-files-54,
EFTA01233496.pdf,data-set-9-files-54,
EFTA01233497.pdf,data-set-9-files-54,"A
"
EFTA01233498.pdf,data-set-9-files-54,"■
"
EFTA01233499.pdf,data-set-9-files-54,
EFTA01233500.pdf,data-set-9-files-54,"it
"
EFTA01233501.pdf,data-set-9-files-54,"II
"
EFTA01233502.pdf,data-set-9-files-54,
EFTA01233503.pdf,data-set-9-files-54,"_
"
EFTA01233504.pdf,data-set-9-files-54,
EFTA01233505.pdf,data-set-9-files-54,
EFTA01233506.pdf,data-set-9-files-54,
EFTA01233507.pdf,data-set-9-files-54,
EFTA01233508.pdf,data-set-9-files-54,"hii
"
EFTA01233509.pdf,data-set-9-files-54,
EFTA01233510.pdf,data-set-9-files-54,
EFTA01233511.pdf,data-set-9-files-54,"/
"
EFTA01233512.pdf,data-set-9-files-54,
EFTA01233513.pdf,data-set-9-files-54,
EFTA01233514.pdf,data-set-9-files-54,
EFTA01233515.pdf,data-set-9-files-54,
EFTA01233516.pdf,data-set-9-files-54,
EFTA01233517.pdf,data-set-9-files-54,
EFTA01233518.pdf,data-set-9-files-54,"a
"
EFTA01233519.pdf,data-set-9-files-54,
EFTA01233520.pdf,data-set-9-files-54,
EFTA01233521.pdf,data-set-9-files-54,"~~
"
EFTA01233522.pdf,data-set-9-files-54,
EFTA01233523.pdf,data-set-9-files-54,
EFTA01233524.pdf,data-set-9-files-54,
EFTA01233525.pdf,data-set-9-files-54,
EFTA01233526.pdf,data-set-9-files-54,"L. I
"
EFTA01233527.pdf,data-set-9-files-54,"R
"
EFTA01233528.pdf,data-set-9-files-54,"Li
"
EFTA01233529.pdf,data-set-9-files-54,
EFTA01233530.pdf,data-set-9-files-54,
EFTA01233531.pdf,data-set-9-files-54,
EFTA01233532.pdf,data-set-9-files-54,"L
"
EFTA01233533.pdf,data-set-9-files-54,
EFTA01233534.pdf,data-set-9-files-54,
EFTA01233535.pdf,data-set-9-files-54,
EFTA01233536.pdf,data-set-9-files-54,"11
"
EFTA01233537.pdf,data-set-9-files-54,
EFTA01233538.pdf,data-set-9-files-54,
EFTA01233539.pdf,data-set-9-files-54,
EFTA01233540.pdf,data-set-9-files-54,"Li
"
EFTA01233541.pdf,data-set-9-files-54,
EFTA01233542.pdf,data-set-9-files-54,
EFTA01233543.pdf,data-set-9-files-54,
EFTA01233544.pdf,data-set-9-files-54,",
"
EFTA01233545.pdf,data-set-9-files-54,
EFTA01233546.pdf,data-set-9-files-54,
EFTA01233547.pdf,data-set-9-files-54,"All
"
EFTA01233548.pdf,data-set-9-files-54,"       !et
II I         II   I   t .
"
EFTA01233549.pdf,data-set-9-files-54,"og„....
    14.
,.,..
ic
"
EFTA01233550.pdf,data-set-9-files-54,
EFTA01233551.pdf,data-set-9-files-54,"SI
"
EFTA01233552.pdf,data-set-9-files-54,
EFTA01233553.pdf,data-set-9-files-54,"r
"
EFTA01233554.pdf,data-set-9-files-54,
EFTA01233555.pdf,data-set-9-files-54,
EFTA01233556.pdf,data-set-9-files-54,
EFTA01233557.pdf,data-set-9-files-54,".
"
EFTA01233558.pdf,data-set-9-files-54,
EFTA01233559.pdf,data-set-9-files-54,
EFTA01233560.pdf,data-set-9-files-54,"4
"
EFTA01233561.pdf,data-set-9-files-54,
EFTA01233562.pdf,data-set-9-files-54,
EFTA01233563.pdf,data-set-9-files-54,
EFTA01233564.pdf,data-set-9-files-54,
EFTA01233565.pdf,data-set-9-files-54,
EFTA01233566.pdf,data-set-9-files-54,
EFTA01233567.pdf,data-set-9-files-54,"Dia
"
EFTA01233568.pdf,data-set-9-files-54,
EFTA01233569.pdf,data-set-9-files-54,
EFTA01233570.pdf,data-set-9-files-54,
EFTA01233571.pdf,data-set-9-files-54,
EFTA01233572.pdf,data-set-9-files-54,"v
"
EFTA01233573.pdf,data-set-9-files-54,
EFTA01233574.pdf,data-set-9-files-54,
EFTA01233575.pdf,data-set-9-files-54,
EFTA01233576.pdf,data-set-9-files-54,
EFTA01233577.pdf,data-set-9-files-54,
EFTA01233578.pdf,data-set-9-files-54,
EFTA01233579.pdf,data-set-9-files-54,"II
"
EFTA01233580.pdf,data-set-9-files-54,"MIL
"
EFTA01233581.pdf,data-set-9-files-54,
EFTA01233582.pdf,data-set-9-files-54,"Ik
"
EFTA01233583.pdf,data-set-9-files-54,"I
"
EFTA01233584.pdf,data-set-9-files-54,
EFTA01233585.pdf,data-set-9-files-54,"IP
"
EFTA01233586.pdf,data-set-9-files-54,
EFTA01233587.pdf,data-set-9-files-54,
EFTA01233588.pdf,data-set-9-files-54,"U
"
EFTA01233589.pdf,data-set-9-files-54,"     , ,y.
: . ,e
A ...1
"
EFTA01233590.pdf,data-set-9-files-54,
EFTA01233591.pdf,data-set-9-files-54,
EFTA01233592.pdf,data-set-9-files-54,
EFTA01233593.pdf,data-set-9-files-54,
EFTA01233594.pdf,data-set-9-files-54,"Y~
"
EFTA01233595.pdf,data-set-9-files-54,
EFTA01233596.pdf,data-set-9-files-54,"P
"
EFTA01233597.pdf,data-set-9-files-54,"    I




L
"
EFTA01233598.pdf,data-set-9-files-54,
EFTA01233599.pdf,data-set-9-files-54,
EFTA01233600.pdf,data-set-9-files-54,
EFTA01233601.pdf,data-set-9-files-54,
EFTA01233602.pdf,data-set-9-files-54,
EFTA01233603.pdf,data-set-9-files-54,
EFTA01233604.pdf,data-set-9-files-54,
EFTA01233605.pdf,data-set-9-files-54,
EFTA01233606.pdf,data-set-9-files-54,
EFTA01233607.pdf,data-set-9-files-54,
EFTA01233608.pdf,data-set-9-files-54,"4
"
EFTA01233609.pdf,data-set-9-files-54,"III
"
EFTA01233610.pdf,data-set-9-files-54,
EFTA01233611.pdf,data-set-9-files-54,
EFTA01233612.pdf,data-set-9-files-54,
EFTA01233613.pdf,data-set-9-files-54,
EFTA01233614.pdf,data-set-9-files-54,"lir
Isr
"
EFTA01233615.pdf,data-set-9-files-54,
EFTA01233616.pdf,data-set-9-files-54,"ft

     i
"
EFTA01233617.pdf,data-set-9-files-54,
EFTA01233618.pdf,data-set-9-files-54,
EFTA01233619.pdf,data-set-9-files-54,
EFTA01233620.pdf,data-set-9-files-54,
EFTA01233621.pdf,data-set-9-files-54,"Aniem,in Wel


   1.
  e
83b.,Names
"
EFTA01233622.pdf,data-set-9-files-54,
EFTA01233623.pdf,data-set-9-files-54,
EFTA01233624.pdf,data-set-9-files-54,
EFTA01233625.pdf,data-set-9-files-54,
EFTA01233626.pdf,data-set-9-files-54,
EFTA01233627.pdf,data-set-9-files-54,
EFTA01233628.pdf,data-set-9-files-54,
EFTA01233629.pdf,data-set-9-files-54,
EFTA01233630.pdf,data-set-9-files-54,
EFTA01233631.pdf,data-set-9-files-54,"         as




rik(A,
"
EFTA01233632.pdf,data-set-9-files-54,
EFTA01233633.pdf,data-set-9-files-54,
EFTA01233634.pdf,data-set-9-files-54,
EFTA01233635.pdf,data-set-9-files-54,"ri
"
EFTA01233636.pdf,data-set-9-files-54,"II
"
EFTA01233637.pdf,data-set-9-files-54,
EFTA01233638.pdf,data-set-9-files-54,
EFTA01233639.pdf,data-set-9-files-54,
EFTA01233640.pdf,data-set-9-files-54,"art
"
EFTA01233641.pdf,data-set-9-files-54,
EFTA01233642.pdf,data-set-9-files-54,
EFTA01233643.pdf,data-set-9-files-54,
EFTA01233644.pdf,data-set-9-files-54,".M•   t
"
EFTA01233645.pdf,data-set-9-files-54,
EFTA01233646.pdf,data-set-9-files-54,"U
"
EFTA01233647.pdf,data-set-9-files-54,
EFTA01233648.pdf,data-set-9-files-54,
EFTA01233649.pdf,data-set-9-files-54,
EFTA01233650.pdf,data-set-9-files-54,
EFTA01233651.pdf,data-set-9-files-54,
EFTA01233652.pdf,data-set-9-files-54,
EFTA01233653.pdf,data-set-9-files-54,"I
L   S
"
EFTA01233654.pdf,data-set-9-files-54,"- OW
"
EFTA01233655.pdf,data-set-9-files-54,
EFTA01233656.pdf,data-set-9-files-54,"       s /I
■OW/          a   NO& 1\


                           EF
"
EFTA01233657.pdf,data-set-9-files-54,
EFTA01233658.pdf,data-set-9-files-54,
EFTA01233659.pdf,data-set-9-files-54,"..i
"
EFTA01233660.pdf,data-set-9-files-54,"&
"
EFTA01233661.pdf,data-set-9-files-54,"x
"
EFTA01233662.pdf,data-set-9-files-54,
EFTA01233663.pdf,data-set-9-files-54,
EFTA01233664.pdf,data-set-9-files-54,
EFTA01233665.pdf,data-set-9-files-54,
EFTA01233666.pdf,data-set-9-files-54,"9
"
EFTA01233667.pdf,data-set-9-files-54,
EFTA01233668.pdf,data-set-9-files-54,
EFTA01233669.pdf,data-set-9-files-54,
EFTA01233670.pdf,data-set-9-files-54,"    a
i
"
EFTA01233671.pdf,data-set-9-files-54,
EFTA01233672.pdf,data-set-9-files-54,
EFTA01233673.pdf,data-set-9-files-54,
EFTA01233674.pdf,data-set-9-files-54,
EFTA01233675.pdf,data-set-9-files-54,"5
"
EFTA01233676.pdf,data-set-9-files-54,"U
"
EFTA01233677.pdf,data-set-9-files-54,
EFTA01233678.pdf,data-set-9-files-54,"COUNTDOWN Au
TO THE    /I
BRITS 2002(_11
"
EFTA01233679.pdf,data-set-9-files-54,") mr*-
WIN
1011/S,
Cold
        Allw
     /W et
               11-1
          Series 3
             on VIdeo
"
EFTA01233680.pdf,data-set-9-files-54,
EFTA01233681.pdf,data-set-9-files-54,"CELEBRATE TH
rr
                UP TO 30% OFF
                SELECTED DVDs & CDs!




               MOD



                                       EFTA0123
"
EFTA01233682.pdf,data-set-9-files-54,
EFTA01233683.pdf,data-set-9-files-54,
EFTA01233684.pdf,data-set-9-files-54,
EFTA01233685.pdf,data-set-9-files-54,"I




    i
"
EFTA01233686.pdf,data-set-9-files-54,"III
"
EFTA01233687.pdf,data-set-9-files-54,"Fr
"
EFTA01233688.pdf,data-set-9-files-54,
EFTA01233689.pdf,data-set-9-files-54,"S
"
EFTA01233690.pdf,data-set-9-files-54,
EFTA01233691.pdf,data-set-9-files-54,
EFTA01233692.pdf,data-set-9-files-54,
EFTA01233693.pdf,data-set-9-files-54,
EFTA01233694.pdf,data-set-9-files-54,
EFTA01233695.pdf,data-set-9-files-54,
EFTA01233696.pdf,data-set-9-files-54,
EFTA01233697.pdf,data-set-9-files-54,
EFTA01233698.pdf,data-set-9-files-54,
EFTA01233699.pdf,data-set-9-files-54,
EFTA01233700.pdf,data-set-9-files-54,"fro
"
EFTA01233701.pdf,data-set-9-files-54,
EFTA01233702.pdf,data-set-9-files-54,
EFTA01233703.pdf,data-set-9-files-54,
EFTA01233704.pdf,data-set-9-files-54,
EFTA01233705.pdf,data-set-9-files-54,"ffNEHJY011O110STIV5
        idgeovt,:sm:

pier'
"
EFTA01233706.pdf,data-set-9-files-54,
EFTA01233707.pdf,data-set-9-files-54,
EFTA01233708.pdf,data-set-9-files-54,
EFTA01233709.pdf,data-set-9-files-54,
EFTA01233710.pdf,data-set-9-files-54,
EFTA01233711.pdf,data-set-9-files-54,
EFTA01233712.pdf,data-set-9-files-54,
EFTA01233713.pdf,data-set-9-files-54,
EFTA01233714.pdf,data-set-9-files-54,
EFTA01233715.pdf,data-set-9-files-54,
EFTA01233716.pdf,data-set-9-files-54,"Pi
"
EFTA01233717.pdf,data-set-9-files-54,
EFTA01233718.pdf,data-set-9-files-54,
EFTA01233719.pdf,data-set-9-files-54,"I   A
"
EFTA01233720.pdf,data-set-9-files-54,
EFTA01233721.pdf,data-set-9-files-54,
EFTA01233722.pdf,data-set-9-files-54,
EFTA01233723.pdf,data-set-9-files-54,"IC   A
"
EFTA01233724.pdf,data-set-9-files-54,
EFTA01233725.pdf,data-set-9-files-54,
EFTA01233726.pdf,data-set-9-files-54,
EFTA01233727.pdf,data-set-9-files-54,
EFTA01233728.pdf,data-set-9-files-54,
EFTA01233729.pdf,data-set-9-files-54,
EFTA01233730.pdf,data-set-9-files-54,"b
"
EFTA01233731.pdf,data-set-9-files-54,
EFTA01233732.pdf,data-set-9-files-54,
EFTA01233733.pdf,data-set-9-files-54,
EFTA01233734.pdf,data-set-9-files-54,
EFTA01233735.pdf,data-set-9-files-54,
EFTA01233736.pdf,data-set-9-files-54,"V
"
EFTA01233737.pdf,data-set-9-files-54,
EFTA01233738.pdf,data-set-9-files-54,
EFTA01233739.pdf,data-set-9-files-54,"    e




        ,
i
"
EFTA01233740.pdf,data-set-9-files-54,
EFTA01233741.pdf,data-set-9-files-54,
EFTA01233742.pdf,data-set-9-files-54,
EFTA01233743.pdf,data-set-9-files-54,
EFTA01233744.pdf,data-set-9-files-54,
EFTA01233745.pdf,data-set-9-files-54,"          1
Photo 1   Photo 4
Photo 2   Photo 5
Photo 3   Photo 6
"
EFTA01233746.pdf,data-set-9-files-54,
EFTA01233747.pdf,data-set-9-files-54,
EFTA01233748.pdf,data-set-9-files-54,
EFTA01233749.pdf,data-set-9-files-54,
EFTA01233750.pdf,data-set-9-files-54,"!1
"
EFTA01233751.pdf,data-set-9-files-54," I
AI!   `?f:1
"
EFTA01233752.pdf,data-set-9-files-54,"I
"
EFTA01233753.pdf,data-set-9-files-54,"P
"
EFTA01233754.pdf,data-set-9-files-54,
EFTA01233755.pdf,data-set-9-files-54,
EFTA01233756.pdf,data-set-9-files-54,
EFTA01233757.pdf,data-set-9-files-54,"        f~
, t.r : ~:
"
EFTA01233758.pdf,data-set-9-files-54,
EFTA01233759.pdf,data-set-9-files-54,"•
    1V
"
EFTA01233760.pdf,data-set-9-files-54,
EFTA01233761.pdf,data-set-9-files-54,"6--




      Swimsuit by Susan Holmes I Photo by Stewart Shining
"
EFTA01233762.pdf,data-set-9-files-54,
EFTA01233763.pdf,data-set-9-files-54,
EFTA01233764.pdf,data-set-9-files-54,
EFTA01233765.pdf,data-set-9-files-54,
EFTA01233766.pdf,data-set-9-files-54,
EFTA01233767.pdf,data-set-9-files-54,
EFTA01233768.pdf,data-set-9-files-54,"Ilms
"
EFTA01233769.pdf,data-set-9-files-54,
EFTA01233770.pdf,data-set-9-files-54,"'F
"
EFTA01233771.pdf,data-set-9-files-54,
EFTA01233772.pdf,data-set-9-files-54,
EFTA01233773.pdf,data-set-9-files-54,
EFTA01233774.pdf,data-set-9-files-54,
EFTA01233775.pdf,data-set-9-files-54,
EFTA01233776.pdf,data-set-9-files-54,
EFTA01233777.pdf,data-set-9-files-54,"         , I.
WO




     -
"
EFTA01233778.pdf,data-set-9-files-54,
EFTA01233779.pdf,data-set-9-files-54,
EFTA01233780.pdf,data-set-9-files-54,
EFTA01233781.pdf,data-set-9-files-54,
EFTA01233782.pdf,data-set-9-files-54,"gi
"
EFTA01233783.pdf,data-set-9-files-54,"I
"
EFTA01233784.pdf,data-set-9-files-54,
EFTA01233785.pdf,data-set-9-files-54,"Pal
"
EFTA01233786.pdf,data-set-9-files-54,
EFTA01233787.pdf,data-set-9-files-54,
EFTA01233788.pdf,data-set-9-files-54,
EFTA01233789.pdf,data-set-9-files-54,
EFTA01233790.pdf,data-set-9-files-54,
EFTA01233791.pdf,data-set-9-files-54,"M
"
EFTA01233792.pdf,data-set-9-files-54,
EFTA01233793.pdf,data-set-9-files-54,":4p
"
EFTA01233794.pdf,data-set-9-files-54,"r,
"
EFTA01233795.pdf,data-set-9-files-54,"I
"
EFTA01233796.pdf,data-set-9-files-54,"EF
"
EFTA01233797.pdf,data-set-9-files-54,
EFTA01233798.pdf,data-set-9-files-54,"I
"
EFTA01233799.pdf,data-set-9-files-54,
EFTA01233800.pdf,data-set-9-files-54,"                                            \anus Uontiatirrptmlltaaa.•




41% ell I




                r     4 in fiagnintr 6r %twill
            •       rei()1(61() AIINI



                                                                    EF
"
EFTA01233801.pdf,data-set-9-files-54,
EFTA01233802.pdf,data-set-9-files-54,
EFTA01233803.pdf,data-set-9-files-54,
EFTA01233804.pdf,data-set-9-files-54,
EFTA01233805.pdf,data-set-9-files-54,
EFTA01233806.pdf,data-set-9-files-54,"r~
"
EFTA01233807.pdf,data-set-9-files-54,"ere-           ~V
tee
apimr••••      ems_
w
ee
            epaint
 r
"
EFTA01233808.pdf,data-set-9-files-54,
EFTA01233809.pdf,data-set-9-files-54,
EFTA01233810.pdf,data-set-9-files-54,
EFTA01233811.pdf,data-set-9-files-54,"U
"
EFTA01233812.pdf,data-set-9-files-54,
EFTA01233813.pdf,data-set-9-files-54,"R
"
EFTA01233814.pdf,data-set-9-files-54,",
"
EFTA01233815.pdf,data-set-9-files-54,"Id
"
EFTA01233816.pdf,data-set-9-files-54,
EFTA01233817.pdf,data-set-9-files-54,
EFTA01233818.pdf,data-set-9-files-54,
EFTA01233819.pdf,data-set-9-files-54,"EF
"
EFTA01233820.pdf,data-set-9-files-54,
EFTA01233821.pdf,data-set-9-files-54,"EFTA01
"
EFTA01233822.pdf,data-set-9-files-54,
EFTA01233823.pdf,data-set-9-files-54,"-
"
EFTA01233824.pdf,data-set-9-files-54,
EFTA01233825.pdf,data-set-9-files-54,"•
"
EFTA01233826.pdf,data-set-9-files-54,"di
"
EFTA01233827.pdf,data-set-9-files-54,
EFTA01233828.pdf,data-set-9-files-54,
EFTA01233829.pdf,data-set-9-files-54,
EFTA01233830.pdf,data-set-9-files-54,
EFTA01233831.pdf,data-set-9-files-54,
EFTA01233832.pdf,data-set-9-files-54,
EFTA01233833.pdf,data-set-9-files-54,
EFTA01233834.pdf,data-set-9-files-54,
EFTA01233835.pdf,data-set-9-files-54,
EFTA01233836.pdf,data-set-9-files-54,"               T sai t`'.




iced


Lucy Sykes
Photo by MAI
"
EFTA01233837.pdf,data-set-9-files-54,
EFTA01233838.pdf,data-set-9-files-54,
EFTA01233839.pdf,data-set-9-files-54,"EFTA0
"
EFTA01233840.pdf,data-set-9-files-54,
EFTA01233841.pdf,data-set-9-files-54,
EFTA01233842.pdf,data-set-9-files-54,
EFTA01233843.pdf,data-set-9-files-54,"it
"
EFTA01233844.pdf,data-set-9-files-54,"P7M
"
EFTA01233845.pdf,data-set-9-files-54,
EFTA01233846.pdf,data-set-9-files-54,
EFTA01233847.pdf,data-set-9-files-54,"I
"
EFTA01233848.pdf,data-set-9-files-54,
EFTA01233849.pdf,data-set-9-files-54,
EFTA01233850.pdf,data-set-9-files-54,"     ars
I

It
"
EFTA01233851.pdf,data-set-9-files-54,"II
"
EFTA01233852.pdf,data-set-9-files-54,
EFTA01233853.pdf,data-set-9-files-54,"I
"
EFTA01233854.pdf,data-set-9-files-54,
EFTA01233855.pdf,data-set-9-files-54,"I
"
EFTA01233856.pdf,data-set-9-files-54,"EFTA0123
"
EFTA01233857.pdf,data-set-9-files-54,
EFTA01233858.pdf,data-set-9-files-54,
EFTA01233859.pdf,data-set-9-files-54,
EFTA01233860.pdf,data-set-9-files-54,"ciNr
"
EFTA01233861.pdf,data-set-9-files-54,"Vtii
"
EFTA01233862.pdf,data-set-9-files-54,"EFTA0123
"
EFTA01233863.pdf,data-set-9-files-54,
EFTA01233864.pdf,data-set-9-files-54,
EFTA01233865.pdf,data-set-9-files-54,"zir
 ag4-
"
EFTA01233866.pdf,data-set-9-files-54,
EFTA01233867.pdf,data-set-9-files-54,
EFTA01233868.pdf,data-set-9-files-54,"N
"
EFTA01233869.pdf,data-set-9-files-54,"J
"
EFTA01233870.pdf,data-set-9-files-54,"I
"
EFTA01233871.pdf,data-set-9-files-54,
EFTA01233872.pdf,data-set-9-files-54,
EFTA01233873.pdf,data-set-9-files-54,"a
"
EFTA01233874.pdf,data-set-9-files-54,
EFTA01233875.pdf,data-set-9-files-54,
EFTA01233876.pdf,data-set-9-files-54,"I
"
EFTA01233877.pdf,data-set-9-files-54,
EFTA01233878.pdf,data-set-9-files-54,"Ili
"
EFTA01233879.pdf,data-set-9-files-54,"■
"
EFTA01233880.pdf,data-set-9-files-54,
EFTA01233881.pdf,data-set-9-files-54,
EFTA01233882.pdf,data-set-9-files-54,"Li
"
EFTA01233883.pdf,data-set-9-files-54,"I
"
EFTA01233884.pdf,data-set-9-files-54,
EFTA01233885.pdf,data-set-9-files-54,
EFTA01233886.pdf,data-set-9-files-54,
EFTA01233887.pdf,data-set-9-files-54,
EFTA01233888.pdf,data-set-9-files-54,"EF
"
EFTA01233889.pdf,data-set-9-files-54,
EFTA01233890.pdf,data-set-9-files-54,"      4
Sin
"
EFTA01233891.pdf,data-set-9-files-54,
EFTA01233892.pdf,data-set-9-files-54,
EFTA01233893.pdf,data-set-9-files-54,"11
"
EFTA01233894.pdf,data-set-9-files-54,
EFTA01233895.pdf,data-set-9-files-54,
EFTA01233896.pdf,data-set-9-files-54,"I,_ ~1`
"
EFTA01233897.pdf,data-set-9-files-54,"n
"
EFTA01233898.pdf,data-set-9-files-54,
EFTA01233899.pdf,data-set-9-files-54,"~; ' ~i
"
EFTA01233900.pdf,data-set-9-files-54,"3
"
EFTA01233901.pdf,data-set-9-files-54,
EFTA01233902.pdf,data-set-9-files-54,
EFTA01233903.pdf,data-set-9-files-54,"II
"
EFTA01233904.pdf,data-set-9-files-54,
EFTA01233905.pdf,data-set-9-files-54,
EFTA01233906.pdf,data-set-9-files-54,
EFTA01233907.pdf,data-set-9-files-54,"z
I,
"
EFTA01233908.pdf,data-set-9-files-54,"RI
"
EFTA01233909.pdf,data-set-9-files-54,
EFTA01233910.pdf,data-set-9-files-54,
EFTA01233911.pdf,data-set-9-files-54,
EFTA01233912.pdf,data-set-9-files-54,"mi
"
EFTA01233913.pdf,data-set-9-files-54,"41
"
EFTA01233914.pdf,data-set-9-files-54,
EFTA01233915.pdf,data-set-9-files-54,
EFTA01233916.pdf,data-set-9-files-54,
EFTA01233917.pdf,data-set-9-files-54,
EFTA01233918.pdf,data-set-9-files-54,
EFTA01233919.pdf,data-set-9-files-54,
EFTA01233920.pdf,data-set-9-files-54,
EFTA01233921.pdf,data-set-9-files-54,
EFTA01233922.pdf,data-set-9-files-54,
EFTA01233923.pdf,data-set-9-files-54,
EFTA01233924.pdf,data-set-9-files-54,
EFTA01233925.pdf,data-set-9-files-54,
EFTA01233926.pdf,data-set-9-files-54,
EFTA01233927.pdf,data-set-9-files-54,
EFTA01233928.pdf,data-set-9-files-54,
EFTA01233929.pdf,data-set-9-files-54,"/




r
"
EFTA01233930.pdf,data-set-9-files-54,
EFTA01233931.pdf,data-set-9-files-54,"4
1
"
EFTA01233932.pdf,data-set-9-files-54,
EFTA01233933.pdf,data-set-9-files-54,
EFTA01233934.pdf,data-set-9-files-54,
EFTA01233935.pdf,data-set-9-files-54,
EFTA01233936.pdf,data-set-9-files-54,
EFTA01233937.pdf,data-set-9-files-54,
EFTA01233938.pdf,data-set-9-files-54,"r
"
EFTA01233939.pdf,data-set-9-files-54,
EFTA01233940.pdf,data-set-9-files-54,
EFTA01233941.pdf,data-set-9-files-54,
EFTA01233942.pdf,data-set-9-files-54,
EFTA01233943.pdf,data-set-9-files-54,
EFTA01233944.pdf,data-set-9-files-54,
EFTA01233945.pdf,data-set-9-files-54,
EFTA01233946.pdf,data-set-9-files-54,"-
"
EFTA01233947.pdf,data-set-9-files-54,
EFTA01233948.pdf,data-set-9-files-54,
EFTA01233949.pdf,data-set-9-files-54,
EFTA01233950.pdf,data-set-9-files-54,"eti.   2:
"
EFTA01233951.pdf,data-set-9-files-54,
EFTA01233952.pdf,data-set-9-files-54,
EFTA01233953.pdf,data-set-9-files-54,
EFTA01233954.pdf,data-set-9-files-54,
EFTA01233955.pdf,data-set-9-files-54,
EFTA01233956.pdf,data-set-9-files-54,
EFTA01233957.pdf,data-set-9-files-54,"a
"
EFTA01233958.pdf,data-set-9-files-54,
EFTA01233959.pdf,data-set-9-files-54,
EFTA01233960.pdf,data-set-9-files-54,
EFTA01233961.pdf,data-set-9-files-54,
EFTA01233962.pdf,data-set-9-files-54,
EFTA01233963.pdf,data-set-9-files-54,"I
"
EFTA01233964.pdf,data-set-9-files-54,"11
"
EFTA01233965.pdf,data-set-9-files-54,
EFTA01233966.pdf,data-set-9-files-54,
EFTA01233967.pdf,data-set-9-files-54,
EFTA01233968.pdf,data-set-9-files-54,
EFTA01233969.pdf,data-set-9-files-54,
EFTA01233970.pdf,data-set-9-files-54,
EFTA01233971.pdf,data-set-9-files-54,
EFTA01233972.pdf,data-set-9-files-54,"                                          #9545C




Dark Indigo Denim W/Studs, Low Waisted $ I I 7.00
Rio Style Bottom, with a Padded Triangle Top
sz.'s S(4-6) Med.(8-10) and lg. (10-121
"
EFTA01233973.pdf,data-set-9-files-54,"1cipa di Gib. Eiar tanr Pnn, Lori ni ‘• oil
"
EFTA01233974.pdf,data-set-9-files-54,"t
iter'   IF

             •
                 R   gil
"
EFTA01233975.pdf,data-set-9-files-54,"II
"
EFTA01233976.pdf,data-set-9-files-54,"AMAZON
                                    N #9OI5Z




Zebra Print WiStretch luxurious velvet      $ I I 7.00
& Silver Beads
                    sz s s,16) Mod (8-10) and lg. (10.12)
"
EFTA01233977.pdf,data-set-9-files-54,
EFTA01233978.pdf,data-set-9-files-54,"alma/




                         /



  Animal Print w/ Shelf Bra One Piece. $ 1 17.00
  & Open Back.
                    sz .s S(4-6) Med.(8-10) and lg. (10-12)
"
EFTA01233979.pdf,data-set-9-files-54,
EFTA01233980.pdf,data-set-9-files-54,
EFTA01233981.pdf,data-set-9-files-54,
EFTA01233982.pdf,data-set-9-files-54,
EFTA01233983.pdf,data-set-9-files-54,"4
"
EFTA01233984.pdf,data-set-9-files-54,
EFTA01233985.pdf,data-set-9-files-54,
EFTA01233986.pdf,data-set-9-files-54,"           ,ANT WAIT 1O
TEST THE CORM'S AU. ROUND
       SAFETY CAGE.




                            EF
"
EFTA01233987.pdf,data-set-9-files-54,"New to ueldi
• REGISTER
• Sell on uBid
• New User Tutorials
"
EFTA01233988.pdf,data-set-9-files-54,".1
"
EFTA01233989.pdf,data-set-9-files-54,
EFTA01233990.pdf,data-set-9-files-54,
EFTA01233991.pdf,data-set-9-files-54,"d
"
EFTA01233992.pdf,data-set-9-files-54,"      KATE FINDS A
TINY RAW IN THE CORSNS
   AN D-ITIEFT SYSTEM.




                         EF
"
EFTA01233993.pdf,data-set-9-files-54,"It
"
EFTA01233994.pdf,data-set-9-files-54,"SUPERFLY                                               #1955




Turquoise mesh leopard bikini, low waisted bottom.
P,i7p, Pim • Small 4- 6   Medium 8 -10 large 10 - I.     $93.00
"
EFTA01233995.pdf,data-set-9-files-54,
EFTA01233996.pdf,data-set-9-files-54,"`‘'ki
"
EFTA01233997.pdf,data-set-9-files-54,"U
"
EFTA01233998.pdf,data-set-9-files-54,
EFTA01233999.pdf,data-set-9-files-54,"S
"
EFTA01234000.pdf,data-set-9-files-54,
EFTA01234001.pdf,data-set-9-files-54,"S
"
EFTA01234002.pdf,data-set-9-files-54,
EFTA01234003.pdf,data-set-9-files-54,
EFTA01234004.pdf,data-set-9-files-54,
EFTA01234005.pdf,data-set-9-files-54,
EFTA01234006.pdf,data-set-9-files-54,
EFTA01234007.pdf,data-set-9-files-54,
EFTA01234008.pdf,data-set-9-files-54,"EF
"
EFTA01234009.pdf,data-set-9-files-54," SPANISH LACE                                                                                 #5432




            -
     •••        se         •
 •         All       7.;       /1;7




                               --     jAr
                                                w
       1.1                                  -           -
-•                              N.*                         -
                     e                                      )

                                                    '           -   • . I •
 Solid Red Under Black Lace One Piece W/ Keyhole Neck Cutout                                    $ I I 7.00
                                                                      sz 's S(4-6) Med (8-10) and 1g. (10-12)
"
EFTA01234010.pdf,data-set-9-files-54,
EFTA01234011.pdf,data-set-9-files-54,
EFTA01234012.pdf,data-set-9-files-54,
EFTA01234013.pdf,data-set-9-files-54,
EFTA01234014.pdf,data-set-9-files-54,"V
"
EFTA01234015.pdf,data-set-9-files-54,"Li
"
EFTA01234016.pdf,data-set-9-files-54,
EFTA01234017.pdf,data-set-9-files-54,
EFTA01234018.pdf,data-set-9-files-54,"BAM BAM                                #1999




Bandeau style top w/ asymmetrical strap
on one shoulder, low waisted pant, leopard print.
                                       $100.00
"
EFTA01234019.pdf,data-set-9-files-54,
EFTA01234020.pdf,data-set-9-files-54,
EFTA01234021.pdf,data-set-9-files-54,"VINTAGE                                #5432




Lavender vintage halter style, light weight
stretch velour.
                                       $ 100.00
"
EFTA01234022.pdf,data-set-9-files-54,
EFTA01234023.pdf,data-set-9-files-54,
EFTA01234024.pdf,data-set-9-files-54,
EFTA01234025.pdf,data-set-9-files-54,"      LVER                                       nom

SI




     Silver lycra tri-top, low waisted pant.
     Sizes Run. Small 4 - 6 Medium 8 -10 large   $88.00
"
EFTA01234026.pdf,data-set-9-files-54,"        A   4_
                 A
We\-.
                     _
"
EFTA01234027.pdf,data-set-9-files-54,"..-




•••
"
EFTA01234028.pdf,data-set-9-files-54,"•
"
EFTA01234029.pdf,data-set-9-files-54,
EFTA01234030.pdf,data-set-9-files-54,
EFTA01234031.pdf,data-set-9-files-54,"RUBY SLIPPERS #2999




 Glitter red tri-top, low waisted, black ties on pant.

 '3izes Run. Small 4 - 6 hikdiurn 8 -10 lam,.   '   $88.00
"
EFTA01234032.pdf,data-set-9-files-54,
EFTA01234033.pdf,data-set-9-files-54,
EFTA01234034.pdf,data-set-9-files-54,"TV
"
EFTA01234035.pdf,data-set-9-files-54,"-
"
EFTA01234036.pdf,data-set-9-files-54,
EFTA01234037.pdf,data-set-9-files-54,"     •    ""‘.
    -.p&p
r               f- •
"
EFTA01234038.pdf,data-set-9-files-54,
EFTA01234039.pdf,data-set-9-files-54,"T
"
EFTA01234040.pdf,data-set-9-files-54,
EFTA01234041.pdf,data-set-9-files-54,
EFTA01234042.pdf,data-set-9-files-54,"•
"
EFTA01234043.pdf,data-set-9-files-54,
EFTA01234044.pdf,data-set-9-files-54,"                            • are Int




SP(
lit truth
tar Ur win


Btr IrthIste
how ftr Wra

hs irrstf               WS WON
'Arum ftr WC!



                       Mord
Plus                   4:
   Stitt' CO ten
IS Slit            V
Itudncitt Lai Il
"
EFTA01234045.pdf,data-set-9-files-54,"4
"
EFTA01234046.pdf,data-set-9-files-54,
EFTA01234047.pdf,data-set-9-files-54,
EFTA01234048.pdf,data-set-9-files-54,"mall                          1
    o11.                          •
            EMMA.
H... • CIA THN
IIAPTH MAE.;                              •
BPEITE TON !CAL..
KPATHETE Torii It

   EX'
 16 ZEAMEI,
 1COAESION

rYNAJICEDICAI
      011A0E1A:
         YWHAOY
        OY




                  IX: TAY, EIE THE NEAE
"
EFTA01234049.pdf,data-set-9-files-54,
EFTA01234050.pdf,data-set-9-files-54,
EFTA01234051.pdf,data-set-9-files-54,"I
"
EFTA01234052.pdf,data-set-9-files-54,
EFTA01234053.pdf,data-set-9-files-54,
EFTA01234054.pdf,data-set-9-files-54,
EFTA01234055.pdf,data-set-9-files-54,
EFTA01234056.pdf,data-set-9-files-54,
EFTA01234057.pdf,data-set-9-files-54,"BEACH   0, ,•OT
CHIC



            L.
"
EFTA01234058.pdf,data-set-9-files-54,"A
"
EFTA01234059.pdf,data-set-9-files-54,"YES TO EC135
"
EFTA01234060.pdf,data-set-9-files-54,
EFTA01234061.pdf,data-set-9-files-54,"IP
"
EFTA01234062.pdf,data-set-9-files-54,
EFTA01234063.pdf,data-set-9-files-54,
EFTA01234064.pdf,data-set-9-files-54,"L
"
EFTA01234065.pdf,data-set-9-files-54,
EFTA01234066.pdf,data-set-9-files-54,
EFTA01234067.pdf,data-set-9-files-54,"I
"
EFTA01234068.pdf,data-set-9-files-54,
EFTA01234069.pdf,data-set-9-files-54,
EFTA01234070.pdf,data-set-9-files-54,"Primegra'   The Rest new Erectile anti Sex Enhancement liquid an the Market""


     Start your New Year off Right!
             Experience a Stronger Erections and
                More Vigorous Orgasms for
                  MEN and WOMEN!
                           CDEo                                       All Natural!
                                                                  88.6% Effective!
                                                                  Completely Sale!
"
EFTA01234071.pdf,data-set-9-files-54,
EFTA01234072.pdf,data-set-9-files-54,
EFTA01234073.pdf,data-set-9-files-54,
EFTA01234074.pdf,data-set-9-files-54,"resources   Rock n
            Model                                     uesigner returns to her roots
                                                                                    Roses
               Sea         Hann       ••••                                                                           ••••• LA I• • aura
                                                                                                                       llama. ""'pad
            14 am, •••• sal        lam • ••••
            .al                                •                                                                     »ex ••••••••••I •••• • es •
                     ••••• •••••• la
                                                                                                                     •••L.Iw. sta.&              I
                      44. sale. Ilr.       ••1
                                                                                                                     • •••••        •• ••• •• al
            al'.             .• • al in Se
                                         eta                                                                         • av..... I. Ion ...a
                  ••••••••••••••1 «al
                                                                                                                     I a   •• I             1•14
            .4 • dl• • .•
                                                                                                                     •     • ••••••••• •••• sea
                IS Ism •••••••• Sear
                                                                                                                     ~ha          Ilan.      ••••4
            ma • as& 11a ...ink I.
                                                                                                                     • IN Ia             es, 11, 40111
            J. lama taw • INN /San
                                                                                                                     ••••• ••• •••••• • 1,...•••••
            Sass..          IS b.. 1. .a.
                                                                                                                      %la IS          &Su sals I
            ma I.. Sac 44a
                                                                                                                         4 a aa1..              IM
            •••• 1••••       •••••••••• Y.
                                                                                                                     ••••-• •••• •••       ••••• •
            14•4 wan l•••••••••
                                                                                                                      • •••     ha     •• a».
                  I•a. • eta inIda • a •
            • ••••..•      •••••• •••••••••                                                                          •     Ala ol•
                                                                                                                     •••• • ••• • toe 1.••••
            ki.• ••       anal      • ••40-
                                                                                                                         11. • • a. a
            11.1a .      ~0—           4••••                                                                                         1•.•J
                      4.          . 1•• a.
                                ••••• . L.         ~GSM      eit• ""Se                                                ••••••••• • sr • -•• •
            ••••••• • nos.
                                                                                                                     • asw .        •• •
               •••• •••••
       •                                                        %I.                •••• al, •
                                                                are••.1 bp. • Ili..            ••••     •1 %I   11 UN, • 1 Ns •1 1          Ill,
                                                                    • le •••••••        444.1. 4        • MIS    p         St ,. • •• • •••   4.1
                                                                   ••• ••••• •         ki• haw          • aII  ••• .nJ       as••••    !Par
                                                          ••••• • Iasi      al ••••.%•••••••                 awn. I. • ld•       ...J. ••
                                                            IS la ass              ••••••••.   • •      la 1•••• • • als %late.= •••• 4141
                                                          ea I • 4.4~ V L, a•....                       sea ea
                                                           1        ••••     14 •••• • ••• •••             la        We... 4. as t.• ad.
                                                                 IS be, •••           JI••• •••,        *la el. ••••    •• • me elm 1.1 •4 Is •
                                                           ',t aw ••• 1w •• bee I.y                .    sal 'VII. ••• • 1• ••••••• saw
                                                            a, IS • Iliad        • a. i••               'eras        /  4. a ea.          —
                                                           a St 1...11 ••• ••1 1a is 'Sm.               44.11 II•.     1 ••• ••••• ••• • a a. •
                                                           .la    • 11.1•• • •• •••• •• ••••••          4110
                                                            •I    1.44a • 'Ida Mesa •••                     II—       as..        ••••••
                                                            *sae 1 ••••• • e.111.1. /1a.                ea IL •••••••••• v ...as ••• ter
                                                                   •• • .4••••••• • .44 `ea             re Saw IS. al •••• is a i• • Så
                                                            ••••••a ak el 11.a-              •          ••• no • ~re       taw 4a. 14 ma
                                                            ••••J •• ...It V11.•••• r•• • •             ••• • Main •• al Ida ...a        ••••
                                                            I..a•tf                                     a a ••••••1a            ans. ' • a
                                                                                                                   ••• Ti.   al      aa    •••
                                                                  QA111‘11         111•••1•N            *Lisa   .44.444 11.14..
                                                              eta Has, la • 41. •Iii•                     ••••4 laa In Ws •14 •
                                                             t•• •        ~weld      1- •••••              11•14. • •••••1          ,. •• • ••
                                                             Is...       al ••••al     •• ••••           ash..    4.4 ••               kffial
                                                              ø , 1.4.       I.'    ma& la•••           lass.      alai     • al ....en
                                                                   • • lane    US* • la -a                 Miles • %••••••• • • •• •11•••••••••
                                                              -.4.••• St •••• •••=a4 • p.•
                                                                 •••• 11,* J. a.       •I•                         •• lb • • «4 a      14.6. ••
                                                                                Se, • ad                C   .    4~••••
                                                                    ash la s 1I.,.     ea



            14/,; ,r,       Ii              (Ire ,    vlry         yin I                               I II' I        I                    eir
"
EFTA01234075.pdf,data-set-9-files-54,
EFTA01234076.pdf,data-set-9-files-54,
EFTA01234077.pdf,data-set-9-files-54,
EFTA01234078.pdf,data-set-9-files-54,
EFTA01234079.pdf,data-set-9-files-54,
EFTA01234080.pdf,data-set-9-files-54,
EFTA01234081.pdf,data-set-9-files-54,":LET,.ITASNOW
"
EFTA01234082.pdf,data-set-9-files-54,
EFTA01234083.pdf,data-set-9-files-54,"f
"
EFTA01234084.pdf,data-set-9-files-54,
EFTA01234085.pdf,data-set-9-files-54,"A
"
EFTA01234086.pdf,data-set-9-files-54,
EFTA01234087.pdf,data-set-9-files-54,"P
"
EFTA01234088.pdf,data-set-9-files-54,"rsi!b
"
EFTA01234089.pdf,data-set-9-files-54,"Os A
"
EFTA01234090.pdf,data-set-9-files-54,
EFTA01234091.pdf,data-set-9-files-54,
EFTA01234092.pdf,data-set-9-files-54,
EFTA01234093.pdf,data-set-9-files-54,"                                       VIEW


      Tuleh Tells:
  Designer Confidential




                                                      FAA Schricnbaum to- Thc New Tort Times
THE TEAM Bryan Bradley, left, and Josh Patner are still chasing the dream.



       Continued From Page 1                   away from you, then the big picture,
                                               and then suddenly the whole game.
                                               You will beg, plead, humiliate your-
(aspiring designers be warned:                self to collect payment from stores
learn to deal with a spread sheet)             while you try desperately to pay your
and talked with at least a dozen              bills. Your mother's calls never get
potential investors. One guy owned a          returned. I have tried to chain half-
bowling alley and thought that a              dead seamstresses to their sewing
fashion investment would increase             machines late at night before a show.
his luck with the ladies. Al times it         So we come to the second secret:
seems as if half of our debt is in            keep focused on making beautiful
glossy press kits, dispatched to any-         clothes.
one who might have an interest in a               I think that a lot of people become
fledgling brand. We have turned               designers to get invited to A-list par-
down about half the deals, and been           ties. Yeah, we dress all the right
turned down in equal number.                  girls. But in four years we have been
   It is brutal out there for independ-       invited to only one A-list party. It was
ent designers. This is the era of the         in our honor. Aerin Lauder Zinter-
mega group: LVMH Moet Hennessy                heifer gave a dinner for us at her
Louis Vuitton, Prada and Gucci dom-           home after our fall 2001 show at
inate the game. The business pages            Harry Winston last March. It was
are filled with the financial woes of         going to be our breakthrough night.
department stores, where customers            Everyone was at the dinner, or rath-
                                              er everyone but us. The show had
                                              been a mess: the pants were all
                                              hemmed six inches too long. An
                                              extravagant fur came down the run-
                                              way with a huge workroom tag hang-
                                              ing from the armpit. A model wear-
                                              ing a $6 million necklace came out
                                              with her pants unzipped. Bryan and I
                                              showed up at Aerin's door two hours
                                              late, feeling puny and mortified.
                                              Third secret: keep your ego in check.
                                              A dressmaker should never be rude.
                                                  So why do we even try to survive?
                                              Does somebody have a gun to our
                                              heads? Are we addicts? What exact-
                                              ly are we addicted to? Sometimes I
                                              think we are addicted to the idea of
                                              surviving, of proving the doubters
                                              wrong. But there are far more subtle,
                                              and ultimately more compelling, ad-
                                              dictions that drive us on.
                                                  The fourth secret is succumbing to
           tonna Emu for IM Me. Yolk Tune%
                                              your addictions. I am absolutely ad-
                                              dicted to Jacki Deena Tutelman, a
A SETTING In 2001, Tuleh staged a             saleswoman at the New York office
show at Harry Winston.                        of Ratti fabrics, the Italian mill that
                                              makes our prints. Jacki has perfect
have come to expect they can buy              nails. She pronounces ""georgette"" as
everything on sale. Even well-heeled          if it were ""zior-zette."" So glamorous.
shoppers are wary of overspending             Amanda Cutter Brooks. our in-house
or seeming conspicuous.                       muse and best friend, looks so pretty
    I will share some financial facts         in our clothes that it shocks my
with you. I am not shy about it. When         senses — I can't believe I had any-
you are a designer trying to build a           thing to do with it. How can we
house, you get used to opening your            consider closing when our Neiman
books on demand. It becomes like               Marcus buyer. Hila Ekelman, says
dropping your pants at a checkup.              she has a customer who depends on
    Our first season we had 575,000 in         Tuleh? I worship Raymond Chou,
orders, a figure that has nearly dou-          our main contractor, who knows
bled with each season. But as of               more about clothes than Christian
today, we have about 512,000 in the            Dior did. Sometimes it is just an idea
bank. There has never been any cash            in my head that keeps me going. And
to support our growth. We don't even           no addict could ever get the pleasure
have a line of credit. How has Tuleh           Bryan and I take in seeing a woman
survived? Bryan and I will it to sur-          turn on in Tuleh. It is a major rush
vive. Every day. We are owed about             and a very powerful feeling.
$200,000. which, God willing, will be              Secret No. 5: learn from criticism
collected over the next six weeks:             and compliments alike. Getting re-
our current debt is more than that.            viewed is a grisly experience. I
Manufacturing the runway samples               wouldn't wish it on anyone. Ironical-
for a collection (excluding payroll,           ly. while nothing feels better than a
insurance, rent. etc.) costs about             good review in the heat of the mo-
$175,000. To produce a fashion show            ment, it can leave you stuck the next
in the group tents in Bryant Park              time. Good reviews can make a de-
requires a minimum of 540,000. Our              signer try to do the same thing again,
 shows, which have never been in the            and then what would there be to buy
 tents (we are snobs), have cost con-          or to photograph? It is almost better
 siderably more. Keeping up with the            to get a bad review if it makes you
cash flow could give a guy dementia.            work harder. But it sure feels lousy.
     But I have learned that money is              The last secret for survival: our
not the answer. Money has doomed                most valued critics are the women
 more designers than it has made.               who wear the clothes and the people
 Yes, a designer must have respect              who sell the clothes to them. Good
 for money. But managing money is a             designers must never stop listening.
 talent of its own. I don't believe It Is a     (After all, I'm a guy. I have never
 talent that true designers — people            given anything I design a test drive.)
 actually cutting clothes — have. In            We have learned that salespeople
 my opinion, a designer has no busi-            are the single greatest source of
 ness working as a business person.             market research in our industry, yet
     Distracted by a constant lack of           theirs are the least-heard voices.
 funds, we spend far more time chas-            They can tell you how best to finish a
 ing cash than great design. Believe            seam to make a dress alterable, how
 me, we have trotted some clunkers              much a blouse should really cost,
 down that expensive runway of ours.            why velvet never sells.
 Fashion does, however, have a built-              How has Tuleh survived? There is
 in blessing: there is always next              only one reason: the clothes. The
 season. I think the first secret of            only thing a designer can even hope
 survival is knowing when to turn the            to control is the clothes. Everything
 Page.                                          else is madness. It is true that we
     Designers give up any claim to a           have been supported by the press,
 normal life. We never eat out with             but far less than other designers
 friends, and don't have a summer               have been. Our bun sometimes buzz-
 house, a 401(k) plan, even a pay-               es out. But Princess Firyal of Jordan
 check. When you own a business, you             called to say that the coat she or-
  say goodbye to your sex life and to a          dered fits like real couture. And Kim
  fit body.                                      Hersov, an editor at Harper's &
     Expect instead to say hello to cold,        Queen. called from London to ask if
  greasy Chinese food, candy, old fried          we could make up a few things we
  chicken, cigarettes when you don't             thought she couldn't live without this
  even smoke, anything to keep your              season. And Helen Ytuarte. a globe-
 nerves under control. Because you               trotting fashion editor, keeps coming
  are indebted to anyone who lent you            back for more. Fortunately, some
  money, did you a favor, returned               women love their Tuleh.
  your call, your nails will be bloody              So thank you, pretty ladies. Keep
  stubs. The small details will get              shopping.


                                                                                       EF
"
EFTA01234094.pdf,data-set-9-files-54,"•   I




-
"
EFTA01234095.pdf,data-set-9-files-54,"I
"
EFTA01234096.pdf,data-set-9-files-54,
EFTA01234097.pdf,data-set-9-files-54,"   s
70,s
"
EFTA01234098.pdf,data-set-9-files-54,
EFTA01234099.pdf,data-set-9-files-54,
EFTA01234100.pdf,data-set-9-files-54,"lid
"
EFTA01234101.pdf,data-set-9-files-54,"PIP' ; I   %ii I   -
"
EFTA01234102.pdf,data-set-9-files-54,
EFTA01234103.pdf,data-set-9-files-54,"•   4

        EFTA01234103
"
EFTA01234104.pdf,data-set-9-files-54,
EFTA01234105.pdf,data-set-9-files-54,"MI
"
EFTA01234106.pdf,data-set-9-files-54,
EFTA01234107.pdf,data-set-9-files-54,"            4




'   •   ;
"
EFTA01234108.pdf,data-set-9-files-54,
EFTA01234109.pdf,data-set-9-files-54,
EFTA01234110.pdf,data-set-9-files-54,
EFTA01234111.pdf,data-set-9-files-54,"RE
"
EFTA01234112.pdf,data-set-9-files-54,
EFTA01234113.pdf,data-set-9-files-54,"al
"
EFTA01234114.pdf,data-set-9-files-54,
EFTA01234115.pdf,data-set-9-files-54,"ill
"
EFTA01234116.pdf,data-set-9-files-54,"PI
"
EFTA01234117.pdf,data-set-9-files-54,"  Born in Itabira, Brazil. Barros
  was discovered by a scout on
a beach in Rio. Soon thereafter
      she was being featured In
          campaigns for Chanel.
Christian Dior, Swatch. Guess?
           and Pantene. She has
     appeared in French Vogue,
      H:e, Cosmopolitan, Made
        re and Glamour and is in
   '1.911 demand on the runway
          circuit. This is her first
       appearance in the Sports
     ,Ilustrated Swimsuit Issue.
"
EFTA01234118.pdf,data-set-9-files-54,"FA
"
EFTA01234119.pdf,data-set-9-files-54,
EFTA01234120.pdf,data-set-9-files-54,
EFTA01234121.pdf,data-set-9-files-54,
EFTA01234122.pdf,data-set-9-files-54,
EFTA01234123.pdf,data-set-9-files-54,
EFTA01234124.pdf,data-set-9-files-54,
EFTA01234125.pdf,data-set-9-files-54,
EFTA01234126.pdf,data-set-9-files-54,
EFTA01234127.pdf,data-set-9-files-54,"_.

     1
"
EFTA01234128.pdf,data-set-9-files-54,"ti
"
EFTA01234129.pdf,data-set-9-files-54,
EFTA01234130.pdf,data-set-9-files-54,"as.
"
EFTA01234131.pdf,data-set-9-files-54,
EFTA01234132.pdf,data-set-9-files-54,"I
"
EFTA01234133.pdf,data-set-9-files-54,
EFTA01234134.pdf,data-set-9-files-54,"r GHISL...IS I
    STORE
"
EFTA01234135.pdf,data-set-9-files-54,
EFTA01234136.pdf,data-set-9-files-54,
EFTA01234137.pdf,data-set-9-files-54,"\
"
EFTA01234138.pdf,data-set-9-files-54,
EFTA01234139.pdf,data-set-9-files-54,"P
"
EFTA01234140.pdf,data-set-9-files-54,
EFTA01234141.pdf,data-set-9-files-54,
EFTA01234142.pdf,data-set-9-files-54,
EFTA01234143.pdf,data-set-9-files-54,
EFTA01234144.pdf,data-set-9-files-54,
EFTA01234145.pdf,data-set-9-files-54,
EFTA01234146.pdf,data-set-9-files-54,
EFTA01234147.pdf,data-set-9-files-54,
EFTA01234148.pdf,data-set-9-files-54,
EFTA01234149.pdf,data-set-9-files-54,
EFTA01234150.pdf,data-set-9-files-54,
EFTA01234151.pdf,data-set-9-files-54,"I
"
EFTA01234152.pdf,data-set-9-files-54,
EFTA01234153.pdf,data-set-9-files-54,
EFTA01234154.pdf,data-set-9-files-54,"z
"
EFTA01234155.pdf,data-set-9-files-54,".a.OLICK TO MARGE
"
EFTA01234156.pdf,data-set-9-files-54,
EFTA01234157.pdf,data-set-9-files-54,"      As a 14 year old, this Dallas.
     Texas native appeared on the
  cover of Italian Vogue and was
 soon featured in campaigns for
     Versace, French Connection,
  Guess? and Istante. She made
   headlines when she signed an
 exclusive fashion and fragrance
  ntract with Ralph Lauren at the
age of 16. She has since worked
   for Bill Blass, Gucci, Christian
    r, Valentino, Marc Jacobs and
      e Klein and has appeared on
    the covers of Vogue, Harper's
     Bazaar, Elle. Allure. Glamour,
    arie Claire and Cosmopolitan.
   . is her first appearance in the
ports Illustrated Swimsuit Issue.
"
EFTA01234158.pdf,data-set-9-files-54,
EFTA01234159.pdf,data-set-9-files-54,
EFTA01234160.pdf,data-set-9-files-54,
EFTA01234161.pdf,data-set-9-files-54,"a   s   4
"
EFTA01234162.pdf,data-set-9-files-54,"AIM
"
EFTA01234163.pdf,data-set-9-files-54,
EFTA01234164.pdf,data-set-9-files-54,
EFTA01234165.pdf,data-set-9-files-54,"a
"
EFTA01234166.pdf,data-set-9-files-54,"•'7
"
EFTA01234167.pdf,data-set-9-files-54,
EFTA01234168.pdf,data-set-9-files-54,
EFTA01234169.pdf,data-set-9-files-54,"9
"
EFTA01234170.pdf,data-set-9-files-54,
EFTA01234171.pdf,data-set-9-files-54,
EFTA01234172.pdf,data-set-9-files-54,"m   et
         LICK TO ENLARGE
"
EFTA01234173.pdf,data-set-9-files-54,
EFTA01234174.pdf,data-set-9-files-54,
EFTA01234175.pdf,data-set-9-files-54,
EFTA01234176.pdf,data-set-9-files-54,
EFTA01234177.pdf,data-set-9-files-54,
EFTA01234178.pdf,data-set-9-files-54,
EFTA01234179.pdf,data-set-9-files-54,
EFTA01234180.pdf,data-set-9-files-54,
EFTA01234181.pdf,data-set-9-files-54,"A
"
EFTA01234182.pdf,data-set-9-files-54,
EFTA01234183.pdf,data-set-9-files-54,
EFTA01234184.pdf,data-set-9-files-54,"L
"
EFTA01234185.pdf,data-set-9-files-54,
EFTA01234186.pdf,data-set-9-files-54,"~::




      EFTA01234186
"
EFTA01234187.pdf,data-set-9-files-54,
EFTA01234188.pdf,data-set-9-files-54,"        . Photo by Sven Cares
    a
I   I III
                    4 .




    4
             ....""‘.
              1               ii




                          \••••1-
"
EFTA01234189.pdf,data-set-9-files-54,
EFTA01234190.pdf,data-set-9-files-54,"       404rzs..::




Photo by Steven Caras
"
EFTA01234191.pdf,data-set-9-files-54,
EFTA01234192.pdf,data-set-9-files-54,
EFTA01234193.pdf,data-set-9-files-54,
EFTA01234194.pdf,data-set-9-files-54,"-
"
EFTA01234195.pdf,data-set-9-files-54,
EFTA01234196.pdf,data-set-9-files-54,"Ea
"
EFTA01234197.pdf,data-set-9-files-54,
EFTA01234198.pdf,data-set-9-files-54,"K   h   .1~~
"
EFTA01234199.pdf,data-set-9-files-54," a ral
rsSS
"
EFTA01234200.pdf,data-set-9-files-54,
EFTA01234201.pdf,data-set-9-files-54,
EFTA01234202.pdf,data-set-9-files-54,"1/10
  •




 P'hotg by Stgven Caras
"
EFTA01234203.pdf,data-set-9-files-54,"9
.i
"
EFTA01234204.pdf,data-set-9-files-54,
EFTA01234205.pdf,data-set-9-files-54,
EFTA01234206.pdf,data-set-9-files-54,
EFTA01234207.pdf,data-set-9-files-54,
EFTA01234208.pdf,data-set-9-files-54,"M
"
EFTA01234209.pdf,data-set-9-files-54,"— Photo by Steven Caras
"
EFTA01234210.pdf,data-set-9-files-54,
EFTA01234211.pdf,data-set-9-files-54,"              so'
Photo by Steven Caras
"
EFTA01234212.pdf,data-set-9-files-54,
EFTA01234213.pdf,data-set-9-files-54,
EFTA01234214.pdf,data-set-9-files-54,
EFTA01234215.pdf,data-set-9-files-54,"P
"
EFTA01234216.pdf,data-set-9-files-54,
EFTA01234217.pdf,data-set-9-files-54,
EFTA01234218.pdf,data-set-9-files-54,
EFTA01234219.pdf,data-set-9-files-54,
EFTA01234220.pdf,data-set-9-files-54,
EFTA01234221.pdf,data-set-9-files-54,
EFTA01234222.pdf,data-set-9-files-54,
EFTA01234223.pdf,data-set-9-files-54,
EFTA01234224.pdf,data-set-9-files-54,
EFTA01234225.pdf,data-set-9-files-54,
EFTA01234226.pdf,data-set-9-files-54,
EFTA01234227.pdf,data-set-9-files-54,
EFTA01234228.pdf,data-set-9-files-54,
EFTA01234229.pdf,data-set-9-files-54,"p.
"
EFTA01234230.pdf,data-set-9-files-54,
EFTA01234231.pdf,data-set-9-files-54,"erincriat,m 'pm
"
EFTA01234232.pdf,data-set-9-files-54,"4
"
EFTA01234233.pdf,data-set-9-files-54,"tar
"
EFTA01234234.pdf,data-set-9-files-54,
EFTA01234235.pdf,data-set-9-files-54,
EFTA01234236.pdf,data-set-9-files-54,
EFTA01234237.pdf,data-set-9-files-54,
EFTA01234238.pdf,data-set-9-files-54,
EFTA01234239.pdf,data-set-9-files-54,
EFTA01234240.pdf,data-set-9-files-54,
EFTA01234241.pdf,data-set-9-files-54,
EFTA01234242.pdf,data-set-9-files-54,
EFTA01234243.pdf,data-set-9-files-54,"            SW   •
                     4-




                      e s tiolp
                                  al

                          -•



    -   •

•
"
EFTA01234244.pdf,data-set-9-files-54,
EFTA01234245.pdf,data-set-9-files-54,
EFTA01234246.pdf,data-set-9-files-54,
EFTA01234247.pdf,data-set-9-files-54,
EFTA01234248.pdf,data-set-9-files-54,"i
I
........
"
EFTA01234249.pdf,data-set-9-files-54,
EFTA01234250.pdf,data-set-9-files-54,"•   '            -

        .. a .        So•S' •-5 11.4••14;.; •
                     • -1.17 ••••••.:
"
EFTA01234251.pdf,data-set-9-files-54,
EFTA01234252.pdf,data-set-9-files-54,
EFTA01234253.pdf,data-set-9-files-54,
EFTA01234254.pdf,data-set-9-files-54,
EFTA01234255.pdf,data-set-9-files-54,"~~
"
EFTA01234256.pdf,data-set-9-files-54,
EFTA01234257.pdf,data-set-9-files-54,
EFTA01234258.pdf,data-set-9-files-54,
EFTA01234259.pdf,data-set-9-files-54,"a
"
EFTA01234260.pdf,data-set-9-files-54,"%
"
EFTA01234261.pdf,data-set-9-files-54,"sat   •
"
EFTA01234262.pdf,data-set-9-files-54,
EFTA01234263.pdf,data-set-9-files-54,
EFTA01234264.pdf,data-set-9-files-54,"                                Iw,
III   IIIIIIIIIII   „„   llll
"
EFTA01234265.pdf,data-set-9-files-54,
EFTA01234266.pdf,data-set-9-files-54,
EFTA01234267.pdf,data-set-9-files-54,
EFTA01234268.pdf,data-set-9-files-54,"Des.
"
EFTA01234269.pdf,data-set-9-files-54,"II
"
EFTA01234270.pdf,data-set-9-files-54,
EFTA01234271.pdf,data-set-9-files-54,"r;~~~~:
"
EFTA01234272.pdf,data-set-9-files-54,
EFTA01234273.pdf,data-set-9-files-54,"F
"
EFTA01234274.pdf,data-set-9-files-54,
EFTA01234275.pdf,data-set-9-files-54,
EFTA01234276.pdf,data-set-9-files-54,"A
"
EFTA01234277.pdf,data-set-9-files-54,"A• CLICK TO ENLARGE
"
EFTA01234278.pdf,data-set-9-files-54,
EFTA01234279.pdf,data-set-9-files-54,
EFTA01234280.pdf,data-set-9-files-54,"K
"
EFTA01234281.pdf,data-set-9-files-54,"1
"
EFTA01234282.pdf,data-set-9-files-54,"NIVOCOMI MK° MYSEIS8
"
EFTA01234283.pdf,data-set-9-files-54,
EFTA01234284.pdf,data-set-9-files-54,"RI
"
EFTA01234285.pdf,data-set-9-files-54,
EFTA01234286.pdf,data-set-9-files-54,
EFTA01234287.pdf,data-set-9-files-54,
EFTA01234288.pdf,data-set-9-files-54,
EFTA01234289.pdf,data-set-9-files-54,
EFTA01234290.pdf,data-set-9-files-54,
EFTA01234291.pdf,data-set-9-files-54,
EFTA01234292.pdf,data-set-9-files-54,"III
"
EFTA01234293.pdf,data-set-9-files-54,
EFTA01234294.pdf,data-set-9-files-54,
EFTA01234295.pdf,data-set-9-files-54,
EFTA01234296.pdf,data-set-9-files-54,".A.I.
"
EFTA01234297.pdf,data-set-9-files-54,
EFTA01234298.pdf,data-set-9-files-54,
EFTA01234299.pdf,data-set-9-files-54,
EFTA01234300.pdf,data-set-9-files-54,"1    11



P   4711 /1- rT.,1,-
       24 :=4;•;
"
EFTA01234301.pdf,data-set-9-files-54,
EFTA01234302.pdf,data-set-9-files-54,
EFTA01234303.pdf,data-set-9-files-54,
EFTA01234304.pdf,data-set-9-files-54,
EFTA01234305.pdf,data-set-9-files-54,
EFTA01234306.pdf,data-set-9-files-54,
EFTA01234307.pdf,data-set-9-files-54,
EFTA01234308.pdf,data-set-9-files-54,
EFTA01234309.pdf,data-set-9-files-54,
EFTA01234310.pdf,data-set-9-files-54,
EFTA01234311.pdf,data-set-9-files-54,
EFTA01234312.pdf,data-set-9-files-54,
EFTA01234313.pdf,data-set-9-files-54,
EFTA01234314.pdf,data-set-9-files-54,
EFTA01234315.pdf,data-set-9-files-54,
EFTA01234316.pdf,data-set-9-files-54,
EFTA01234317.pdf,data-set-9-files-54,"                my)   Internet Access




                Internet access
                that fits your
                lifestyle
choose your
plan now!
          >>>    Broadband
"
EFTA01234318.pdf,data-set-9-files-54,
EFTA01234319.pdf,data-set-9-files-54,
EFTA01234320.pdf,data-set-9-files-54,
EFTA01234321.pdf,data-set-9-files-54,"anon
NIWUNW
NUMMI
NIIIIII
"
EFTA01234322.pdf,data-set-9-files-54,
EFTA01234323.pdf,data-set-9-files-54,
EFTA01234324.pdf,data-set-9-files-54,"             w ul moonewhot        as     11   M III :AI   WM. NM
IOf            ll

           III   ttX•Mx... 38f   :::
                                               133Mv;
      ii



                 MN MI       WIT X( Ifl    amr•
       i7A       Ohs M                                       If II
"
EFTA01234325.pdf,data-set-9-files-54,
EFTA01234326.pdf,data-set-9-files-54,
EFTA01234327.pdf,data-set-9-files-54,"In
"
EFTA01234328.pdf,data-set-9-files-54,
EFTA01234329.pdf,data-set-9-files-54,"his native of Barcelona. Spain
  an modeling at the age of 12,
ging onto the fashion scene at
  She has graced the covers of
smopolitan. Glamour, Self and
ucky and has also appeared in
 , Vogue and Marie Claire. She
 as worked for Giorgio Armani,
   Escada. Christian Dior, Yves
≥aint Laurent, Victoria's Secret
 Ralph Lauren. This is her first
       appearance In the Sports
     Illustrated Swimsuit Issue.
"
EFTA01234330.pdf,data-set-9-files-54,
EFTA01234331.pdf,data-set-9-files-54,
EFTA01234332.pdf,data-set-9-files-54,"WA
"
EFTA01234333.pdf,data-set-9-files-54,
EFTA01234334.pdf,data-set-9-files-54,
EFTA01234335.pdf,data-set-9-files-54,"A
"
EFTA01234336.pdf,data-set-9-files-54,"I
"
EFTA01234337.pdf,data-set-9-files-54,"it'`
"
EFTA01234338.pdf,data-set-9-files-54,
EFTA01234339.pdf,data-set-9-files-54,
EFTA01234340.pdf,data-set-9-files-54,",
"
EFTA01234341.pdf,data-set-9-files-54,
EFTA01234342.pdf,data-set-9-files-54,"EF
"
EFTA01234343.pdf,data-set-9-files-54,
EFTA01234344.pdf,data-set-9-files-54,
EFTA01234345.pdf,data-set-9-files-54,"                       -.-,••
     'a.. , , --""` --..,
‘
-4_.  ,-.,...
      ..      ...- ,   • ,
    ----....)-...e....
"
EFTA01234346.pdf,data-set-9-files-54,
EFTA01234347.pdf,data-set-9-files-54,"Pc-            --.-.7:---
                     ----:
      -•-   ------. or
"
EFTA01234348.pdf,data-set-9-files-54,
EFTA01234349.pdf,data-set-9-files-54,
EFTA01234350.pdf,data-set-9-files-54,
EFTA01234351.pdf,data-set-9-files-54,"4.
 colits
••••
"
EFTA01234352.pdf,data-set-9-files-54,"              Where singles click:""
laval ife -



                       Direct
                      your own
                       happy
                       ending.


         www.la vaI ife.com
"
EFTA01234353.pdf,data-set-9-files-54,"IF
"
EFTA01234354.pdf,data-set-9-files-54,"                               iihrth-ged   son




-cy
• 1975   1 p 1976   1 r 1977
"
EFTA01234355.pdf,data-set-9-files-54,",.-
"
EFTA01234356.pdf,data-set-9-files-54,
EFTA01234357.pdf,data-set-9-files-54,
EFTA01234358.pdf,data-set-9-files-54,
EFTA01234359.pdf,data-set-9-files-54,
EFTA01234360.pdf,data-set-9-files-54,
EFTA01234361.pdf,data-set-9-files-54,
EFTA01234362.pdf,data-set-9-files-54,"Sports Illustratql! 1
"
EFTA01234363.pdf,data-set-9-files-54,
EFTA01234364.pdf,data-set-9-files-54,"VIKINGS AND CHIEFS HEAD FOR SUPER BOWL

Sports Illustrated
"
EFTA01234365.pdf,data-set-9-files-54,
EFTA01234366.pdf,data-set-9-files-54,
EFTA01234367.pdf,data-set-9-files-54,
EFTA01234368.pdf,data-set-9-files-54,"~.
"
EFTA01234369.pdf,data-set-9-files-54,
EFTA01234370.pdf,data-set-9-files-54,
EFTA01234371.pdf,data-set-9-files-54,
EFTA01234372.pdf,data-set-9-files-54,
EFTA01234373.pdf,data-set-9-files-54,
EFTA01234374.pdf,data-set-9-files-54,
EFTA01234375.pdf,data-set-9-files-54,"-.111(W * ---•,,, t>
"
EFTA01234376.pdf,data-set-9-files-54,
EFTA01234377.pdf,data-set-9-files-54,".‘-Sriorts IlluEtfated440
              HE BEAUTIES
                OF BRAZIL
"
EFTA01234378.pdf,data-set-9-files-54,
EFTA01234379.pdf,data-set-9-files-54,
EFTA01234380.pdf,data-set-9-files-54,
EFTA01234381.pdf,data-set-9-files-54,"1
"
EFTA01234382.pdf,data-set-9-files-54,
EFTA01234383.pdf,data-set-9-files-54,
EFTA01234384.pdf,data-set-9-files-54,
EFTA01234385.pdf,data-set-9-files-54,
EFTA01234386.pdf,data-set-9-files-54,
EFTA01234387.pdf,data-set-9-files-54,
EFTA01234388.pdf,data-set-9-files-54,
EFTA01234389.pdf,data-set-9-files-54,"A
"
EFTA01234390.pdf,data-set-9-files-54,"I

    LI
"
EFTA01234391.pdf,data-set-9-files-54,
EFTA01234392.pdf,data-set-9-files-54,
EFTA01234393.pdf,data-set-9-files-54,
EFTA01234394.pdf,data-set-9-files-54,
EFTA01234395.pdf,data-set-9-files-54,
EFTA01234396.pdf,data-set-9-files-54,
EFTA01234397.pdf,data-set-9-files-54,"in
"
EFTA01234398.pdf,data-set-9-files-54,
EFTA01234399.pdf,data-set-9-files-54,
EFTA01234400.pdf,data-set-9-files-54,
EFTA01234401.pdf,data-set-9-files-54,
EFTA01234402.pdf,data-set-9-files-54,"a
"
EFTA01234403.pdf,data-set-9-files-54,
EFTA01234404.pdf,data-set-9-files-54,
EFTA01234405.pdf,data-set-9-files-54,
EFTA01234406.pdf,data-set-9-files-54,"isr
"
EFTA01234407.pdf,data-set-9-files-54,"1
"
EFTA01234408.pdf,data-set-9-files-54,".
"
EFTA01234409.pdf,data-set-9-files-54,"I
"
EFTA01234410.pdf,data-set-9-files-54,
EFTA01234411.pdf,data-set-9-files-54,
EFTA01234412.pdf,data-set-9-files-54,"at
"
EFTA01234413.pdf,data-set-9-files-54,"I
"
EFTA01234414.pdf,data-set-9-files-54,"0
1
"
EFTA01234415.pdf,data-set-9-files-54,"4
"
EFTA01234416.pdf,data-set-9-files-54,"esi


 J
"
EFTA01234417.pdf,data-set-9-files-54,
EFTA01234418.pdf,data-set-9-files-54,"a
"
EFTA01234419.pdf,data-set-9-files-54,
EFTA01234420.pdf,data-set-9-files-54,
EFTA01234421.pdf,data-set-9-files-54,"ii
"
EFTA01234422.pdf,data-set-9-files-54,
EFTA01234423.pdf,data-set-9-files-54,
EFTA01234424.pdf,data-set-9-files-54,
EFTA01234425.pdf,data-set-9-files-54,
EFTA01234426.pdf,data-set-9-files-54,
EFTA01234427.pdf,data-set-9-files-54,
EFTA01234428.pdf,data-set-9-files-54,
EFTA01234429.pdf,data-set-9-files-54,
EFTA01234430.pdf,data-set-9-files-54,
EFTA01234431.pdf,data-set-9-files-54,
EFTA01234432.pdf,data-set-9-files-54,
EFTA01234433.pdf,data-set-9-files-54,
EFTA01234434.pdf,data-set-9-files-54,
EFTA01234435.pdf,data-set-9-files-54,
EFTA01234436.pdf,data-set-9-files-54,"~~
"
EFTA01234437.pdf,data-set-9-files-54,
EFTA01234438.pdf,data-set-9-files-54,
EFTA01234439.pdf,data-set-9-files-54,
EFTA01234440.pdf,data-set-9-files-54,"-
"
EFTA01234441.pdf,data-set-9-files-54,
EFTA01234442.pdf,data-set-9-files-54,
EFTA01234443.pdf,data-set-9-files-54,
EFTA01234444.pdf,data-set-9-files-54,
EFTA01234445.pdf,data-set-9-files-54,
EFTA01234446.pdf,data-set-9-files-54,
EFTA01234447.pdf,data-set-9-files-54,
EFTA01234448.pdf,data-set-9-files-54,
EFTA01234449.pdf,data-set-9-files-54,
EFTA01234450.pdf,data-set-9-files-54,
EFTA01234451.pdf,data-set-9-files-54,
EFTA01234452.pdf,data-set-9-files-54,
EFTA01234453.pdf,data-set-9-files-54,"If
"
EFTA01234454.pdf,data-set-9-files-54,
EFTA01234455.pdf,data-set-9-files-54,
EFTA01234456.pdf,data-set-9-files-54,
EFTA01234457.pdf,data-set-9-files-54,
EFTA01234458.pdf,data-set-9-files-54,"A DANCER'S CAMERA
BY ROSALIE O'CONNOR **NEW**
"
EFTA01234459.pdf,data-set-9-files-54,
EFTA01234460.pdf,data-set-9-files-54,
EFTA01234461.pdf,data-set-9-files-54,
EFTA01234462.pdf,data-set-9-files-54,"U
"
EFTA01234463.pdf,data-set-9-files-54,"tit
"
EFTA01234464.pdf,data-set-9-files-54,
EFTA01234465.pdf,data-set-9-files-54,
EFTA01234466.pdf,data-set-9-files-54,
EFTA01234467.pdf,data-set-9-files-54,
EFTA01234468.pdf,data-set-9-files-54,
EFTA01234469.pdf,data-set-9-files-54,
EFTA01234470.pdf,data-set-9-files-54,"I:
"
EFTA01234471.pdf,data-set-9-files-54,
EFTA01234472.pdf,data-set-9-files-54,
EFTA01234473.pdf,data-set-9-files-54,"PII
"
EFTA01234474.pdf,data-set-9-files-54,"!.~




      -~~
"
EFTA01234475.pdf,data-set-9-files-54,
EFTA01234476.pdf,data-set-9-files-54,"Salut les gars!
Mon nom est
je suis en train de tester la
nouvelle méthode de rencontres.
C'est pas mal du tout!
J'ai fait ma propre Galerie Perso!




 I
"
EFTA01234477.pdf,data-set-9-files-54,
EFTA01234478.pdf,data-set-9-files-54,
EFTA01234479.pdf,data-set-9-files-54,"I
"
EFTA01234480.pdf,data-set-9-files-54,
EFTA01234481.pdf,data-set-9-files-54,"li;rasal""
        .
"
EFTA01234482.pdf,data-set-9-files-54,"Primegra - `The Rest new Erectile and Sex Enhancement liquid on the Market""

 Have Yourself a Merry Little Christmas!
                       Experience a Stronger Erections and
                          More Vigorous Orgasms for
                           MEN and WOMEN!
                             C61    Leo
                                                                         All Natural!
                                'U=
                                                                     88.6% Effective!
                                                                     Completely Safe!
"
EFTA01234483.pdf,data-set-9-files-54,
EFTA01234484.pdf,data-set-9-files-54,
EFTA01234485.pdf,data-set-9-files-54,
EFTA01234486.pdf,data-set-9-files-54,
EFTA01234487.pdf,data-set-9-files-54,
EFTA01234488.pdf,data-set-9-files-54,
EFTA01234489.pdf,data-set-9-files-54,
EFTA01234490.pdf,data-set-9-files-54,"    CHI

a
"
EFTA01234491.pdf,data-set-9-files-54,
EFTA01234492.pdf,data-set-9-files-54,
EFTA01234493.pdf,data-set-9-files-54,
EFTA01234494.pdf,data-set-9-files-54,",I
"
EFTA01234495.pdf,data-set-9-files-54,
EFTA01234496.pdf,data-set-9-files-54,
EFTA01234497.pdf,data-set-9-files-54,",
1
"
EFTA01234498.pdf,data-set-9-files-54,
EFTA01234499.pdf,data-set-9-files-54,
EFTA01234500.pdf,data-set-9-files-54,
EFTA01234501.pdf,data-set-9-files-54,",~
"
EFTA01234502.pdf,data-set-9-files-54,
EFTA01234503.pdf,data-set-9-files-54,
EFTA01234504.pdf,data-set-9-files-54,"'
"
EFTA01234505.pdf,data-set-9-files-54,",_.
"
EFTA01234506.pdf,data-set-9-files-54,"I
"
EFTA01234507.pdf,data-set-9-files-54,"sai
"
EFTA01234508.pdf,data-set-9-files-54,"ii
     ii
"
EFTA01234509.pdf,data-set-9-files-54,"•
"
EFTA01234510.pdf,data-set-9-files-54,
EFTA01234511.pdf,data-set-9-files-54,
EFTA01234512.pdf,data-set-9-files-54,
EFTA01234513.pdf,data-set-9-files-54,
EFTA01234514.pdf,data-set-9-files-54,"A ''s
    I
"
EFTA01234515.pdf,data-set-9-files-54,
EFTA01234516.pdf,data-set-9-files-54,
EFTA01234517.pdf,data-set-9-files-54,
EFTA01234518.pdf,data-set-9-files-54,
EFTA01234519.pdf,data-set-9-files-54,
EFTA01234520.pdf,data-set-9-files-54,
EFTA01234521.pdf,data-set-9-files-54,"/
"
EFTA01234522.pdf,data-set-9-files-54,"k
"
EFTA01234523.pdf,data-set-9-files-54,"I.
"
EFTA01234524.pdf,data-set-9-files-54,"r
"
EFTA01234525.pdf,data-set-9-files-54,
EFTA01234526.pdf,data-set-9-files-54,
EFTA01234527.pdf,data-set-9-files-54,
EFTA01234528.pdf,data-set-9-files-54,
EFTA01234529.pdf,data-set-9-files-54,"■
"
EFTA01234530.pdf,data-set-9-files-54,"M
"
EFTA01234531.pdf,data-set-9-files-54,
EFTA01234532.pdf,data-set-9-files-54,
EFTA01234533.pdf,data-set-9-files-54,
EFTA01234534.pdf,data-set-9-files-54,
EFTA01234535.pdf,data-set-9-files-54,
EFTA01234536.pdf,data-set-9-files-54,
EFTA01234537.pdf,data-set-9-files-54,"t
"
EFTA01234538.pdf,data-set-9-files-54,"  At.




• .4).r.
"
EFTA01234539.pdf,data-set-9-files-54,
EFTA01234540.pdf,data-set-9-files-54,"n
"
EFTA01234541.pdf,data-set-9-files-54,
EFTA01234542.pdf,data-set-9-files-54,
EFTA01234543.pdf,data-set-9-files-54,
EFTA01234544.pdf,data-set-9-files-54,"a
"
EFTA01234545.pdf,data-set-9-files-54,
EFTA01234546.pdf,data-set-9-files-54,
EFTA01234547.pdf,data-set-9-files-54,"I
"
EFTA01234548.pdf,data-set-9-files-54,
EFTA01234549.pdf,data-set-9-files-54,"-   •
"
EFTA01234550.pdf,data-set-9-files-54,
EFTA01234551.pdf,data-set-9-files-54,
EFTA01234552.pdf,data-set-9-files-54,"II
,
"
EFTA01234553.pdf,data-set-9-files-54,
EFTA01234554.pdf,data-set-9-files-54,"~;
"
EFTA01234555.pdf,data-set-9-files-54,
EFTA01234556.pdf,data-set-9-files-54,
EFTA01234557.pdf,data-set-9-files-54,
EFTA01234558.pdf,data-set-9-files-54,
EFTA01234559.pdf,data-set-9-files-54,
EFTA01234560.pdf,data-set-9-files-54,
EFTA01234561.pdf,data-set-9-files-54,
EFTA01234562.pdf,data-set-9-files-54,
EFTA01234563.pdf,data-set-9-files-54,
EFTA01234564.pdf,data-set-9-files-54,
EFTA01234565.pdf,data-set-9-files-54,
EFTA01234566.pdf,data-set-9-files-54,"Nat
"
EFTA01234567.pdf,data-set-9-files-54,
EFTA01234568.pdf,data-set-9-files-54,"U
"
EFTA01234569.pdf,data-set-9-files-54,
EFTA01234570.pdf,data-set-9-files-54,
EFTA01234571.pdf,data-set-9-files-54,"A
"
EFTA01234572.pdf,data-set-9-files-54,"I
"
EFTA01234573.pdf,data-set-9-files-54,"WE KNOW WHAT YOU WANT.

HANG,
with thousands of singles
at lavalife.com.

Try it with
FREE credits.
*No credit card
required



       IQ,
     Iavalife'
    When singles dick-
"
EFTA01234574.pdf,data-set-9-files-54,
EFTA01234575.pdf,data-set-9-files-54,
EFTA01234576.pdf,data-set-9-files-54,
EFTA01234577.pdf,data-set-9-files-54,
EFTA01234578.pdf,data-set-9-files-54,
EFTA01234579.pdf,data-set-9-files-54,
EFTA01234580.pdf,data-set-9-files-54,
EFTA01234581.pdf,data-set-9-files-54,
EFTA01234582.pdf,data-set-9-files-54,
EFTA01234583.pdf,data-set-9-files-54,
EFTA01234584.pdf,data-set-9-files-54,
EFTA01234585.pdf,data-set-9-files-54,
EFTA01234586.pdf,data-set-9-files-54,"rti
"
EFTA01234587.pdf,data-set-9-files-54,
EFTA01234588.pdf,data-set-9-files-54,
EFTA01234589.pdf,data-set-9-files-54,
EFTA01234590.pdf,data-set-9-files-54,
EFTA01234591.pdf,data-set-9-files-54,
EFTA01234592.pdf,data-set-9-files-54,
EFTA01234593.pdf,data-set-9-files-54,
EFTA01234594.pdf,data-set-9-files-54,
EFTA01234595.pdf,data-set-9-files-54,
EFTA01234596.pdf,data-set-9-files-54,
EFTA01234597.pdf,data-set-9-files-54,"1
"
EFTA01234598.pdf,data-set-9-files-54,
EFTA01234599.pdf,data-set-9-files-54,"• fir
"
EFTA01234600.pdf,data-set-9-files-54,
EFTA01234601.pdf,data-set-9-files-54,
EFTA01234602.pdf,data-set-9-files-54,"ab.
"
EFTA01234603.pdf,data-set-9-files-54,
EFTA01234604.pdf,data-set-9-files-54,
EFTA01234605.pdf,data-set-9-files-54,
EFTA01234606.pdf,data-set-9-files-54,
EFTA01234607.pdf,data-set-9-files-54,
EFTA01234608.pdf,data-set-9-files-54,
EFTA01234609.pdf,data-set-9-files-54,
EFTA01234610.pdf,data-set-9-files-54,
EFTA01234611.pdf,data-set-9-files-54,
EFTA01234612.pdf,data-set-9-files-54,
EFTA01234613.pdf,data-set-9-files-54,
EFTA01234614.pdf,data-set-9-files-54,"21
"
EFTA01234615.pdf,data-set-9-files-54,
EFTA01234616.pdf,data-set-9-files-54,
EFTA01234617.pdf,data-set-9-files-54,
EFTA01234618.pdf,data-set-9-files-54,"     ,.....
:----~
"
EFTA01234619.pdf,data-set-9-files-54,
EFTA01234620.pdf,data-set-9-files-54,
EFTA01234621.pdf,data-set-9-files-54,";has
"
EFTA01234622.pdf,data-set-9-files-54,
EFTA01234623.pdf,data-set-9-files-54,
EFTA01234624.pdf,data-set-9-files-54,
EFTA01234625.pdf,data-set-9-files-54,"11)
"
EFTA01234626.pdf,data-set-9-files-54,
EFTA01234627.pdf,data-set-9-files-54,"1
"
EFTA01234628.pdf,data-set-9-files-54,
EFTA01234629.pdf,data-set-9-files-54,"                 ...Ni



V



tk  va Mendes
Ltniti
         Stunning 'Out of
              Time' Star
"
EFTA01234630.pdf,data-set-9-files-54,"i...-.c,
"
EFTA01234631.pdf,data-set-9-files-54,
EFTA01234632.pdf,data-set-9-files-54,"A
"
EFTA01234633.pdf,data-set-9-files-54,
EFTA01234634.pdf,data-set-9-files-54,"       LYC `‘S


Rencontres selon
 vos affinites...


  C'est par ici !
"
EFTA01234635.pdf,data-set-9-files-54,
EFTA01234636.pdf,data-set-9-files-54,
EFTA01234637.pdf,data-set-9-files-54,
EFTA01234638.pdf,data-set-9-files-54,
EFTA01234639.pdf,data-set-9-files-54,"k144e
"
EFTA01234640.pdf,data-set-9-files-54,
EFTA01234641.pdf,data-set-9-files-54,"INISr-
"
EFTA01234642.pdf,data-set-9-files-54,
EFTA01234643.pdf,data-set-9-files-54,
EFTA01234644.pdf,data-set-9-files-54,
EFTA01234645.pdf,data-set-9-files-54,
EFTA01234646.pdf,data-set-9-files-54,"1


41
"
EFTA01234647.pdf,data-set-9-files-54,
EFTA01234648.pdf,data-set-9-files-54,
EFTA01234649.pdf,data-set-9-files-54,
EFTA01234650.pdf,data-set-9-files-54,"      SWIFT IMPORT-EXPORT LIMITED
                         1"" FLOOR - 48 CONDUIT STREET
                                LONDON W1R 9 FB




Mr. Jeffrey Epstein                                       Date : 7th Dec. 2001
Little St. Jeff
St. Thomas
British Virgin Islands



                            INVOICE N° SW-155


DESCRIPTION                                                           AMOUNT

Mural decoration of fresco, 1930                                  EUR 114'500.—

TOTAL in our favour                                               EUR 114'500.-




Payment :

T.T. in favour of our A/C Nr          (EUR)
with Barclays Bank PLC   - Bowater House
68 Knightsbridge - London SW1X 7NT
Sort Code 20-47-35.

Please quote our ref. : ■ Inv.N° SW-155.

VAT not applicable



                                                    SWIFT IMPORT-EXPORT LIMITED




                              Member of Ltnawift Group
                               Registration Nr. 3700147
                               VAT N° GB 001 8554 08
                                                                           EFTA01234650
"
EFTA01234651.pdf,data-set-9-files-54,"-
"
EFTA01234652.pdf,data-set-9-files-54,"r'
"
EFTA01234653.pdf,data-set-9-files-54,
EFTA01234654.pdf,data-set-9-files-54,
EFTA01234655.pdf,data-set-9-files-54,
EFTA01234656.pdf,data-set-9-files-54,
EFTA01234657.pdf,data-set-9-files-54,
EFTA01234658.pdf,data-set-9-files-54,
EFTA01234659.pdf,data-set-9-files-54,
EFTA01234660.pdf,data-set-9-files-54,
EFTA01234661.pdf,data-set-9-files-54,"r
"
EFTA01234662.pdf,data-set-9-files-54,"ctW
"
EFTA01234663.pdf,data-set-9-files-54,
EFTA01234664.pdf,data-set-9-files-54,
EFTA01234665.pdf,data-set-9-files-54,
EFTA01234666.pdf,data-set-9-files-54,"    1- 3 million profiles
                         one-to-   chat
                                      picture personal
                                    Matchmaking Onlina_sA
I
"
EFTA01234667.pdf,data-set-9-files-54,
EFTA01234668.pdf,data-set-9-files-54,"                 4




           /   9 6   ikt   •!
'gam
       ,
"
EFTA01234669.pdf,data-set-9-files-54,
EFTA01234670.pdf,data-set-9-files-54,
EFTA01234671.pdf,data-set-9-files-54,
EFTA01234672.pdf,data-set-9-files-54,
EFTA01234673.pdf,data-set-9-files-54,"U
"
EFTA01234674.pdf,data-set-9-files-54,
EFTA01234675.pdf,data-set-9-files-54,
EFTA01234676.pdf,data-set-9-files-54,"I
"
EFTA01234677.pdf,data-set-9-files-54,
EFTA01234678.pdf,data-set-9-files-54,
EFTA01234679.pdf,data-set-9-files-54,
EFTA01234680.pdf,data-set-9-files-54,"d
"
EFTA01234681.pdf,data-set-9-files-54,
EFTA01234682.pdf,data-set-9-files-54,
EFTA01234683.pdf,data-set-9-files-54,
EFTA01234684.pdf,data-set-9-files-54,
EFTA01234685.pdf,data-set-9-files-54,
EFTA01234686.pdf,data-set-9-files-54,
EFTA01234687.pdf,data-set-9-files-54,
EFTA01234688.pdf,data-set-9-files-54,
EFTA01234689.pdf,data-set-9-files-54,
EFTA01234690.pdf,data-set-9-files-54,
EFTA01234691.pdf,data-set-9-files-54,"11
"
EFTA01234692.pdf,data-set-9-files-54,"It
"
EFTA01234693.pdf,data-set-9-files-54,
EFTA01234694.pdf,data-set-9-files-54,"_
"
EFTA01234695.pdf,data-set-9-files-54,
EFTA01234696.pdf,data-set-9-files-54,"5
"
EFTA01234697.pdf,data-set-9-files-54,
EFTA01234698.pdf,data-set-9-files-54,
EFTA01234699.pdf,data-set-9-files-54,
EFTA01234700.pdf,data-set-9-files-54,
EFTA01234701.pdf,data-set-9-files-54,
EFTA01234702.pdf,data-set-9-files-54,";.
"
EFTA01234703.pdf,data-set-9-files-54,
EFTA01234704.pdf,data-set-9-files-54,"N
"
EFTA01234705.pdf,data-set-9-files-54,
EFTA01234706.pdf,data-set-9-files-54,
EFTA01234707.pdf,data-set-9-files-54,
EFTA01234708.pdf,data-set-9-files-54,
EFTA01234709.pdf,data-set-9-files-54,
EFTA01234710.pdf,data-set-9-files-54,"I
"
EFTA01234711.pdf,data-set-9-files-54,".W"",nr‘
"
EFTA01234712.pdf,data-set-9-files-54,"a
"
EFTA01234713.pdf,data-set-9-files-54,
EFTA01234714.pdf,data-set-9-files-54,
EFTA01234715.pdf,data-set-9-files-54,
EFTA01234716.pdf,data-set-9-files-54,"t
"
EFTA01234717.pdf,data-set-9-files-54,
EFTA01234718.pdf,data-set-9-files-54,
EFTA01234719.pdf,data-set-9-files-54,"ad:
"
EFTA01234720.pdf,data-set-9-files-54,
EFTA01234721.pdf,data-set-9-files-54,
EFTA01234722.pdf,data-set-9-files-54,
EFTA01234723.pdf,data-set-9-files-54,
EFTA01234724.pdf,data-set-9-files-54,"p
"
EFTA01234725.pdf,data-set-9-files-54,
EFTA01234726.pdf,data-set-9-files-54,
EFTA01234727.pdf,data-set-9-files-54,".2
"
EFTA01234728.pdf,data-set-9-files-54,
EFTA01234729.pdf,data-set-9-files-54," a
H1.
"
EFTA01234730.pdf,data-set-9-files-54,
EFTA01234731.pdf,data-set-9-files-54,
EFTA01234732.pdf,data-set-9-files-54,"I
"
EFTA01234733.pdf,data-set-9-files-54,
EFTA01234734.pdf,data-set-9-files-54,
EFTA01234735.pdf,data-set-9-files-54,
EFTA01234736.pdf,data-set-9-files-54,
EFTA01234737.pdf,data-set-9-files-54,
EFTA01234738.pdf,data-set-9-files-54,
EFTA01234739.pdf,data-set-9-files-54,
EFTA01234740.pdf,data-set-9-files-54,
EFTA01234741.pdf,data-set-9-files-54,"OSCARS 2003
The Academy Has Spoken,
And the Show Will Go On.




           ALL DAY
      p LIVE COVERAGE
    a    THIS SUNDAY
"
EFTA01234742.pdf,data-set-9-files-54,
EFTA01234743.pdf,data-set-9-files-54,
EFTA01234744.pdf,data-set-9-files-54,
EFTA01234745.pdf,data-set-9-files-54,"GET THE PRESTIGE OF A
    GOLD CARD!
    By applying for an Unsecured Gold Card




With...
• Cash advances at over
 465,000 locations!
• Re-Establish your credit!
• Get the Credit you Dosorvol



 APPLY ONLINE NOW!




                                     HIT     ME:3   X•fri

 yxreiterii    ii
"
EFTA01234746.pdf,data-set-9-files-54,"a
"
EFTA01234747.pdf,data-set-9-files-54," Choose an
Internet plan
   that fits
your lifestyle



Broadband
  Dial-up
   Hourly

®Join now!




      MS/14
 Internet Access
"
EFTA01234748.pdf,data-set-9-files-54,
EFTA01234749.pdf,data-set-9-files-54,
EFTA01234750.pdf,data-set-9-files-54,
EFTA01234751.pdf,data-set-9-files-54,"Cis,4,
     .fr
"
EFTA01234752.pdf,data-set-9-files-54,"PI
"
EFTA01234753.pdf,data-set-9-files-54,
EFTA01234754.pdf,data-set-9-files-54,"moil
"
EFTA01234755.pdf,data-set-9-files-54,"Ir
"
EFTA01234756.pdf,data-set-9-files-54,"Alligator                   Colombo




   •n..it II,   Ill   i n.uniN   IXX irdll tor
"
EFTA01234757.pdf,data-set-9-files-54,"MI
"
EFTA01234758.pdf,data-set-9-files-54,"SENTIMENTA_ NY
"
EFTA01234759.pdf,data-set-9-files-54,
EFTA01234760.pdf,data-set-9-files-54,
EFTA01234761.pdf,data-set-9-files-54,"•


    Ad
"
EFTA01234762.pdf,data-set-9-files-54,"ICI
"
EFTA01234763.pdf,data-set-9-files-54,
EFTA01234764.pdf,data-set-9-files-54,
EFTA01234765.pdf,data-set-9-files-54,
EFTA01234766.pdf,data-set-9-files-54,"le
"
EFTA01234767.pdf,data-set-9-files-54,
EFTA01234768.pdf,data-set-9-files-54,
EFTA01234769.pdf,data-set-9-files-54,"a
"
EFTA01234770.pdf,data-set-9-files-54,"1
"
EFTA01234771.pdf,data-set-9-files-54,
EFTA01234772.pdf,data-set-9-files-54,
EFTA01234773.pdf,data-set-9-files-54,"I Like Weight WatchersY

             Vanessa F.
            ""Before""
           * MET:IA:0ki IS DDT In nu WAY
           AFFILIATED WITH OR EDD0RSED BY
                  WEIGHT WATCHERS



              I want to lose

 eDiets        10lbs       vl GO
              GET R FREE DIET PROFILE
"
EFTA01234774.pdf,data-set-9-files-54,
EFTA01234775.pdf,data-set-9-files-54,
EFTA01234776.pdf,data-set-9-files-54,"rise
ALAMNS:;a:-
"
EFTA01234777.pdf,data-set-9-files-54,
EFTA01234778.pdf,data-set-9-files-54,"•   •   •
"
EFTA01234779.pdf,data-set-9-files-54,"    *   •   •   0   *
a
"
EFTA01234780.pdf,data-set-9-files-54,
EFTA01234781.pdf,data-set-9-files-54,
EFTA01234782.pdf,data-set-9-files-54,"    ... ..   .
.                .

ANINIMINIS;;LI.te
                     A
"
EFTA01234783.pdf,data-set-9-files-54,
EFTA01234784.pdf,data-set-9-files-54,"a   aall.li   ._4111i
"
EFTA01234785.pdf,data-set-9-files-54,
EFTA01234786.pdf,data-set-9-files-54,"• ........
             •       \
                 •       •
                             •
                                 •
                                     ••
"
EFTA01234787.pdf,data-set-9-files-54,"Nur-
"
EFTA01234788.pdf,data-set-9-files-54,
EFTA01234789.pdf,data-set-9-files-54,"    •   •
                     •
            .....•




•
"
EFTA01234790.pdf,data-set-9-files-54,"a   s°
"
EFTA01234791.pdf,data-set-9-files-54,
EFTA01234792.pdf,data-set-9-files-54,
EFTA01234793.pdf,data-set-9-files-54,"'\\\c •
"
EFTA01234794.pdf,data-set-9-files-54,
EFTA01234795.pdf,data-set-9-files-54,
EFTA01234796.pdf,data-set-9-files-54,"•
"
EFTA01234797.pdf,data-set-9-files-54,"•       • I-       ,
I   6                  at
•

               L
"
EFTA01234798.pdf,data-set-9-files-54,
EFTA01234799.pdf,data-set-9-files-54,"Pr-




           ••
      GCCy r1113OC1
"
EFTA01234800.pdf,data-set-9-files-54,
EFTA01234801.pdf,data-set-9-files-54,
EFTA01234802.pdf,data-set-9-files-54,
EFTA01234803.pdf,data-set-9-files-54,"/1   Fat
"
EFTA01234804.pdf,data-set-9-files-54,"hill
"
EFTA01234805.pdf,data-set-9-files-54,"L""
"
EFTA01234806.pdf,data-set-9-files-54,
EFTA01234807.pdf,data-set-9-files-54,"I
"
EFTA01234808.pdf,data-set-9-files-54,
EFTA01234809.pdf,data-set-9-files-54,
EFTA01234810.pdf,data-set-9-files-54,
EFTA01234811.pdf,data-set-9-files-54,
EFTA01234812.pdf,data-set-9-files-54,"                                                                  It
               M   """",ryll   ""(,‘Miltilliall   16..11
                                                        EEWant Siis




-w-_ ..iti.x
"
EFTA01234813.pdf,data-set-9-files-54,
EFTA01234814.pdf,data-set-9-files-54,
EFTA01234815.pdf,data-set-9-files-54,"U
"
EFTA01234816.pdf,data-set-9-files-54,
EFTA01234817.pdf,data-set-9-files-54,
EFTA01234818.pdf,data-set-9-files-54,
EFTA01234819.pdf,data-set-9-files-54,"It's a Boy
For Sarah
-, Jessica Parker!
"
EFTA01234820.pdf,data-set-9-files-54,"a —H
"
EFTA01234821.pdf,data-set-9-files-54,"'IA
"
EFTA01234822.pdf,data-set-9-files-54,
EFTA01234823.pdf,data-set-9-files-54,"At
"
EFTA01234824.pdf,data-set-9-files-54,
EFTA01234825.pdf,data-set-9-files-54,
EFTA01234826.pdf,data-set-9-files-54,"r
"
EFTA01234827.pdf,data-set-9-files-54,
EFTA01234828.pdf,data-set-9-files-54,
EFTA01234829.pdf,data-set-9-files-54,
EFTA01234830.pdf,data-set-9-files-54,
EFTA01234831.pdf,data-set-9-files-54,"?T
"
EFTA01234832.pdf,data-set-9-files-54,
EFTA01234833.pdf,data-set-9-files-54,"a._
"
EFTA01234834.pdf,data-set-9-files-54,
EFTA01234835.pdf,data-set-9-files-54,
EFTA01234836.pdf,data-set-9-files-54,
EFTA01234837.pdf,data-set-9-files-54,
EFTA01234838.pdf,data-set-9-files-54,
EFTA01234839.pdf,data-set-9-files-54,
EFTA01234840.pdf,data-set-9-files-54,
EFTA01234841.pdf,data-set-9-files-54,
EFTA01234842.pdf,data-set-9-files-54,
EFTA01234843.pdf,data-set-9-files-54,
EFTA01234844.pdf,data-set-9-files-54,
EFTA01234845.pdf,data-set-9-files-54," y f it)
ktikanal
"
EFTA01234846.pdf,data-set-9-files-54,
EFTA01234847.pdf,data-set-9-files-54,
EFTA01234848.pdf,data-set-9-files-54,
EFTA01234849.pdf,data-set-9-files-54,"    ..-.-..J




L         al
"
EFTA01234850.pdf,data-set-9-files-54,"(~
"
EFTA01234851.pdf,data-set-9-files-54,
EFTA01234852.pdf,data-set-9-files-54,"LI
"
EFTA01234853.pdf,data-set-9-files-54,"log
"
EFTA01234854.pdf,data-set-9-files-54,
EFTA01234855.pdf,data-set-9-files-54,
EFTA01234856.pdf,data-set-9-files-54,
EFTA01234857.pdf,data-set-9-files-54,
EFTA01234858.pdf,data-set-9-files-54,
EFTA01234859.pdf,data-set-9-files-54,"I
I
I
I SHOW1
I SNAP
"
EFTA01234860.pdf,data-set-9-files-54,
EFTA01234861.pdf,data-set-9-files-54,
EFTA01234862.pdf,data-set-9-files-54,
EFTA01234863.pdf,data-set-9-files-54,"r!•5 I c
"
EFTA01234864.pdf,data-set-9-files-54,
EFTA01234865.pdf,data-set-9-files-54,
EFTA01234866.pdf,data-set-9-files-54,
EFTA01234867.pdf,data-set-9-files-54,"vil
"
EFTA01234868.pdf,data-set-9-files-54,
EFTA01234869.pdf,data-set-9-files-54,"mil
"
EFTA01234870.pdf,data-set-9-files-54,
EFTA01234871.pdf,data-set-9-files-54,"r




    A
"
EFTA01234872.pdf,data-set-9-files-54,
EFTA01234873.pdf,data-set-9-files-54,"i
"
EFTA01234874.pdf,data-set-9-files-54,"B%1
"
EFTA01234875.pdf,data-set-9-files-54,"II
"
EFTA01234876.pdf,data-set-9-files-54,
EFTA01234877.pdf,data-set-9-files-54,
EFTA01234878.pdf,data-set-9-files-54,
EFTA01234879.pdf,data-set-9-files-54,"WI
"
EFTA01234880.pdf,data-set-9-files-54,
EFTA01234881.pdf,data-set-9-files-54,"EF
"
EFTA01234882.pdf,data-set-9-files-54,"EF
"
EFTA01234883.pdf,data-set-9-files-54,"A
"
EFTA01234884.pdf,data-set-9-files-54,
EFTA01234885.pdf,data-set-9-files-54,
EFTA01234886.pdf,data-set-9-files-54,
EFTA01234887.pdf,data-set-9-files-54,
EFTA01234888.pdf,data-set-9-files-54,"EF
"
EFTA01234889.pdf,data-set-9-files-54,"EF
"
EFTA01234890.pdf,data-set-9-files-54,"4
"
EFTA01234891.pdf,data-set-9-files-54,
EFTA01234892.pdf,data-set-9-files-54,
EFTA01234893.pdf,data-set-9-files-54,
EFTA01234894.pdf,data-set-9-files-54,
EFTA01234895.pdf,data-set-9-files-54,"IWI
"
EFTA01234896.pdf,data-set-9-files-54,
EFTA01234897.pdf,data-set-9-files-54,
EFTA01234898.pdf,data-set-9-files-54,
EFTA01234899.pdf,data-set-9-files-54,
EFTA01234900.pdf,data-set-9-files-54,"shareBunDer
"
EFTA01234901.pdf,data-set-9-files-54,
EFTA01234902.pdf,data-set-9-files-54,
EFTA01234903.pdf,data-set-9-files-54,
EFTA01234904.pdf,data-set-9-files-54,
EFTA01234905.pdf,data-set-9-files-54,
EFTA01234906.pdf,data-set-9-files-54,
EFTA01234907.pdf,data-set-9-files-54,
EFTA01234908.pdf,data-set-9-files-54,
EFTA01234909.pdf,data-set-9-files-54,
EFTA01234910.pdf,data-set-9-files-54,
EFTA01234911.pdf,data-set-9-files-54,"111
"
EFTA01234912.pdf,data-set-9-files-54,
EFTA01234913.pdf,data-set-9-files-54,"Al
"
EFTA01234914.pdf,data-set-9-files-54,
EFTA01234915.pdf,data-set-9-files-54,"n
"
EFTA01234916.pdf,data-set-9-files-54,"■
"
EFTA01234917.pdf,data-set-9-files-54,
EFTA01234918.pdf,data-set-9-files-54,"I,
"
EFTA01234919.pdf,data-set-9-files-54,
EFTA01234920.pdf,data-set-9-files-54,
EFTA01234921.pdf,data-set-9-files-54,"  Turn                         Spectnian Lending
                               Of T. COV.IMVIDE fAlIKY




CALL 1-800-579-8443
         TO REFINANCE TODAY!




                                                 EFTA0123
"
EFTA01234922.pdf,data-set-9-files-54,
EFTA01234923.pdf,data-set-9-files-54,
EFTA01234924.pdf,data-set-9-files-54,"I
"
EFTA01234925.pdf,data-set-9-files-54,"-
"
EFTA01234926.pdf,data-set-9-files-54,
EFTA01234927.pdf,data-set-9-files-54,
EFTA01234928.pdf,data-set-9-files-54,
EFTA01234929.pdf,data-set-9-files-54,
EFTA01234930.pdf,data-set-9-files-54,
EFTA01234931.pdf,data-set-9-files-54,
EFTA01234932.pdf,data-set-9-files-54,"F.     CENTER
       FOR THE
     PERFnRM
"
EFTA01234933.pdf,data-set-9-files-54,"Pt
"
EFTA01234934.pdf,data-set-9-files-54,
EFTA01234935.pdf,data-set-9-files-54,
EFTA01234936.pdf,data-set-9-files-54,
EFTA01234937.pdf,data-set-9-files-54,
EFTA01234938.pdf,data-set-9-files-54,
EFTA01234939.pdf,data-set-9-files-54,
EFTA01234940.pdf,data-set-9-files-54,
EFTA01234941.pdf,data-set-9-files-54,
EFTA01234942.pdf,data-set-9-files-54,
EFTA01234943.pdf,data-set-9-files-54,"A
"
EFTA01234944.pdf,data-set-9-files-54,
EFTA01234945.pdf,data-set-9-files-54,
EFTA01234946.pdf,data-set-9-files-54,"   * #
*** 7, 7'
"
EFTA01234947.pdf,data-set-9-files-54,
EFTA01234948.pdf,data-set-9-files-54,"VI
"
EFTA01234949.pdf,data-set-9-files-54,
EFTA01234950.pdf,data-set-9-files-54,
EFTA01234951.pdf,data-set-9-files-54,"I
"
EFTA01234952.pdf,data-set-9-files-54,
EFTA01234953.pdf,data-set-9-files-54,"I
"
EFTA01234954.pdf,data-set-9-files-54,
EFTA01234955.pdf,data-set-9-files-54,"It
"
EFTA01234956.pdf,data-set-9-files-54,
EFTA01234957.pdf,data-set-9-files-54,"I
"
EFTA01234958.pdf,data-set-9-files-54,"A
"
EFTA01234959.pdf,data-set-9-files-54,
EFTA01234960.pdf,data-set-9-files-54,"1
"
EFTA01234961.pdf,data-set-9-files-54,
EFTA01234962.pdf,data-set-9-files-54,
EFTA01234963.pdf,data-set-9-files-54,
EFTA01234964.pdf,data-set-9-files-54,"NI
"
EFTA01234965.pdf,data-set-9-files-54,
EFTA01234966.pdf,data-set-9-files-54,
EFTA01234967.pdf,data-set-9-files-54,
EFTA01234968.pdf,data-set-9-files-54,"                                                                   5THGEAR
Quentin, Tiff, Vicki, Adriareand the Top Gear team have moved to   MONDAYS 8PM
"
EFTA01234969.pdf,data-set-9-files-54,
EFTA01234970.pdf,data-set-9-files-54,
EFTA01234971.pdf,data-set-9-files-54,"NEW                                 WORLD-RENOWNED PSYCHIC
                                   GIVES READINGS FROM BEYOND        CREDITS
ASTROL(                                  HIS O         E!
DIETIIIII I I
                                                                   SOAP DISH
AMAZING
                                        114LINTKP lititsixe4PirP
DIET! LO:=                                                            GET
30 LBS.                                                             UPDATES
                                      Dead wife haunt               ON YOUR
MONTH.
                                       husband to keep
                                                                    FAVORITE
LEr THE S                            him from remarryin
BE YOUR'                                               MI
                                                                    SOAPS""'
GUIDE!                                      HOROSCOPES
                                           LUCKY NUMBERS
                                           ADALAID'S ADVICE
                                                                    INEMINI
EXCLUSIVE ""CELEBRITY WATCH"" BY ETHEL SWAN-ALLIGATOR MAN STRIKES NEXT-FILES SET




                                                                               EF
"
EFTA01234972.pdf,data-set-9-files-54,
EFTA01234973.pdf,data-set-9-files-54,
EFTA01234974.pdf,data-set-9-files-54,"'a
"
EFTA01234975.pdf,data-set-9-files-54,
EFTA01234976.pdf,data-set-9-files-54,
EFTA01234977.pdf,data-set-9-files-54,"1/1
"
EFTA01234978.pdf,data-set-9-files-54,
EFTA01234979.pdf,data-set-9-files-54,
EFTA01234980.pdf,data-set-9-files-54,
EFTA01234981.pdf,data-set-9-files-54,"A
"
EFTA01234982.pdf,data-set-9-files-54,
EFTA01234983.pdf,data-set-9-files-54,"A
"
EFTA01234984.pdf,data-set-9-files-54,"i
"
EFTA01234985.pdf,data-set-9-files-54,"A
"
EFTA01234986.pdf,data-set-9-files-54,
EFTA01234987.pdf,data-set-9-files-54,
EFTA01234988.pdf,data-set-9-files-54,"a
"
EFTA01234989.pdf,data-set-9-files-54,
EFTA01234990.pdf,data-set-9-files-54,
EFTA01234991.pdf,data-set-9-files-54,"                yosm LE SITE




                A4.0
                •   NC!
tiONTIE EN SALLESLE 25 DECEMBRE
"
EFTA01234992.pdf,data-set-9-files-54,
EFTA01234993.pdf,data-set-9-files-54,
EFTA01234994.pdf,data-set-9-files-54,"                  1




            (-C


... „ • .
?tai'




                      EF
"
EFTA01234995.pdf,data-set-9-files-54,"I
"
EFTA01234996.pdf,data-set-9-files-54,
EFTA01234997.pdf,data-set-9-files-54,
EFTA01234998.pdf,data-set-9-files-54,"If
"
EFTA01234999.pdf,data-set-9-files-54,"Free Search
"
EFTA01235000.pdf,data-set-9-files-54,"    . J

      -
•
"
EFTA01235001.pdf,data-set-9-files-54,"s
"
EFTA01235002.pdf,data-set-9-files-54,"411
"
EFTA01235003.pdf,data-set-9-files-54,
EFTA01235004.pdf,data-set-9-files-54,
EFTA01235005.pdf,data-set-9-files-54,
EFTA01235006.pdf,data-set-9-files-54,
EFTA01235007.pdf,data-set-9-files-54,"I
"
EFTA01235008.pdf,data-set-9-files-54,
EFTA01235009.pdf,data-set-9-files-54,"~~w
"
EFTA01235010.pdf,data-set-9-files-54,"Ii
"
EFTA01235011.pdf,data-set-9-files-54,"PI
"
EFTA01235012.pdf,data-set-9-files-54,"rrir
       EFTA01235012
"
EFTA01235013.pdf,data-set-9-files-54,
EFTA01235014.pdf,data-set-9-files-54,
EFTA01235015.pdf,data-set-9-files-54,
EFTA01235016.pdf,data-set-9-files-54,"0-
"
EFTA01235017.pdf,data-set-9-files-54,"II
"
EFTA01235018.pdf,data-set-9-files-54,
EFTA01235019.pdf,data-set-9-files-54,
EFTA01235020.pdf,data-set-9-files-54,
EFTA01235021.pdf,data-set-9-files-54,
EFTA01235022.pdf,data-set-9-files-54,"     -   d




Cr
"
EFTA01235023.pdf,data-set-9-files-54,"_
"
EFTA01235024.pdf,data-set-9-files-54,
EFTA01235025.pdf,data-set-9-files-54,
EFTA01235026.pdf,data-set-9-files-54,"U
"
EFTA01235027.pdf,data-set-9-files-54,"I
"
EFTA01235028.pdf,data-set-9-files-54,"A
"
EFTA01235029.pdf,data-set-9-files-54,
EFTA01235030.pdf,data-set-9-files-54,
EFTA01235031.pdf,data-set-9-files-54,
EFTA01235032.pdf,data-set-9-files-54,
EFTA01235033.pdf,data-set-9-files-54,
EFTA01235034.pdf,data-set-9-files-54,
EFTA01235035.pdf,data-set-9-files-54,
EFTA01235036.pdf,data-set-9-files-54,
EFTA01235037.pdf,data-set-9-files-54,
EFTA01235038.pdf,data-set-9-files-54,"al
"
EFTA01235039.pdf,data-set-9-files-54,"ir
"
EFTA01235040.pdf,data-set-9-files-54,"y
"
EFTA01235041.pdf,data-set-9-files-54,"N
"
EFTA01235042.pdf,data-set-9-files-54,"W off%
"
EFTA01235043.pdf,data-set-9-files-54,
EFTA01235044.pdf,data-set-9-files-54,
EFTA01235045.pdf,data-set-9-files-54,"~!
"
EFTA01235046.pdf,data-set-9-files-54,"I
"
EFTA01235047.pdf,data-set-9-files-54,
EFTA01235048.pdf,data-set-9-files-54,"I
"
EFTA01235049.pdf,data-set-9-files-54,
EFTA01235050.pdf,data-set-9-files-54,"_
    ci
"
EFTA01235051.pdf,data-set-9-files-54,
EFTA01235052.pdf,data-set-9-files-54,
EFTA01235053.pdf,data-set-9-files-54,
EFTA01235054.pdf,data-set-9-files-54,
EFTA01235055.pdf,data-set-9-files-54," Ii
ff
"
EFTA01235056.pdf,data-set-9-files-54,
EFTA01235057.pdf,data-set-9-files-54,
EFTA01235058.pdf,data-set-9-files-54,
EFTA01235059.pdf,data-set-9-files-54,
EFTA01235060.pdf,data-set-9-files-54,
EFTA01235061.pdf,data-set-9-files-54,
EFTA01235062.pdf,data-set-9-files-54,
EFTA01235063.pdf,data-set-9-files-54,
EFTA01235064.pdf,data-set-9-files-54,
EFTA01235065.pdf,data-set-9-files-54,
EFTA01235066.pdf,data-set-9-files-54,
EFTA01235067.pdf,data-set-9-files-54,
EFTA01235068.pdf,data-set-9-files-54,
EFTA01235069.pdf,data-set-9-files-54,
EFTA01235070.pdf,data-set-9-files-54,"ii
"
EFTA01235071.pdf,data-set-9-files-54,"    r




a
"
EFTA01235072.pdf,data-set-9-files-54,
EFTA01235073.pdf,data-set-9-files-54,
EFTA01235074.pdf,data-set-9-files-54,
EFTA01235075.pdf,data-set-9-files-54,"A
"
EFTA01235076.pdf,data-set-9-files-54,
EFTA01235077.pdf,data-set-9-files-54,
EFTA01235078.pdf,data-set-9-files-54,
EFTA01235079.pdf,data-set-9-files-54,
EFTA01235080.pdf,data-set-9-files-54,
EFTA01235081.pdf,data-set-9-files-54,
EFTA01235082.pdf,data-set-9-files-54,
EFTA01235083.pdf,data-set-9-files-54,
EFTA01235084.pdf,data-set-9-files-54,
EFTA01235085.pdf,data-set-9-files-54,
EFTA01235086.pdf,data-set-9-files-54,
EFTA01235087.pdf,data-set-9-files-54,
EFTA01235088.pdf,data-set-9-files-54,"!
"
EFTA01235089.pdf,data-set-9-files-54,
EFTA01235090.pdf,data-set-9-files-54,"G""1
"
EFTA01235091.pdf,data-set-9-files-54,
EFTA01235092.pdf,data-set-9-files-54,
EFTA01235093.pdf,data-set-9-files-54,".
"
EFTA01235094.pdf,data-set-9-files-54,
EFTA01235095.pdf,data-set-9-files-54,
EFTA01235096.pdf,data-set-9-files-54,
EFTA01235097.pdf,data-set-9-files-54,"            •
. 10, . .
   Il       'UMW    MOLE
STREEP      MOORE   KOMAR


        HOURS
"
EFTA01235098.pdf,data-set-9-files-54,
EFTA01235099.pdf,data-set-9-files-54,
EFTA01235100.pdf,data-set-9-files-54,
EFTA01235101.pdf,data-set-9-files-54,
EFTA01235102.pdf,data-set-9-files-54,
EFTA01235103.pdf,data-set-9-files-54,
EFTA01235104.pdf,data-set-9-files-54,"rs
"
EFTA01235105.pdf,data-set-9-files-54,
EFTA01235106.pdf,data-set-9-files-54,
EFTA01235107.pdf,data-set-9-files-54,"EF
"
EFTA01235108.pdf,data-set-9-files-54,"ESFI
"
EFTA01235109.pdf,data-set-9-files-54,
EFTA01235110.pdf,data-set-9-files-54,
EFTA01235111.pdf,data-set-9-files-54,
EFTA01235112.pdf,data-set-9-files-54,
EFTA01235113.pdf,data-set-9-files-54,
EFTA01235114.pdf,data-set-9-files-54,
EFTA01235115.pdf,data-set-9-files-54,"'
 :




     EFTA01235115
"
EFTA01235116.pdf,data-set-9-files-54,
EFTA01235117.pdf,data-set-9-files-54,
EFTA01235118.pdf,data-set-9-files-54,"rr
"
EFTA01235119.pdf,data-set-9-files-54,"a .
"
EFTA01235120.pdf,data-set-9-files-54,
EFTA01235121.pdf,data-set-9-files-54,
EFTA01235122.pdf,data-set-9-files-54,
EFTA01235123.pdf,data-set-9-files-54,"II
"
EFTA01235124.pdf,data-set-9-files-54,
EFTA01235125.pdf,data-set-9-files-54,"S
"
EFTA01235126.pdf,data-set-9-files-54,
EFTA01235127.pdf,data-set-9-files-54,
EFTA01235128.pdf,data-set-9-files-54,"0
 t A
"
EFTA01235129.pdf,data-set-9-files-54,"  Delta
For You   0
"
EFTA01235130.pdf,data-set-9-files-54,"E
"
EFTA01235131.pdf,data-set-9-files-54,
EFTA01235132.pdf,data-set-9-files-54,
EFTA01235133.pdf,data-set-9-files-54,
EFTA01235134.pdf,data-set-9-files-54,
EFTA01235135.pdf,data-set-9-files-54,"2
"
EFTA01235136.pdf,data-set-9-files-54,
EFTA01235137.pdf,data-set-9-files-54,"..,

r et
"
EFTA01235138.pdf,data-set-9-files-54,
EFTA01235139.pdf,data-set-9-files-54,"i
"
EFTA01235140.pdf,data-set-9-files-54,"71:
 4
 4,,1t 1.
       1,
"
EFTA01235141.pdf,data-set-9-files-54,
EFTA01235142.pdf,data-set-9-files-54,
EFTA01235143.pdf,data-set-9-files-54,
EFTA01235144.pdf,data-set-9-files-54,
EFTA01235145.pdf,data-set-9-files-54,
EFTA01235146.pdf,data-set-9-files-54,
EFTA01235147.pdf,data-set-9-files-54,"X
"
EFTA01235148.pdf,data-set-9-files-54,"itr
a     t i a.M 4Catit'
"
EFTA01235149.pdf,data-set-9-files-54,
EFTA01235150.pdf,data-set-9-files-54,
EFTA01235151.pdf,data-set-9-files-54,"j)I
"
EFTA01235152.pdf,data-set-9-files-54,
EFTA01235153.pdf,data-set-9-files-54,
EFTA01235154.pdf,data-set-9-files-54,"3
"
EFTA01235155.pdf,data-set-9-files-54,
EFTA01235156.pdf,data-set-9-files-54,"I
"
EFTA01235157.pdf,data-set-9-files-54,"When you're uninsured,
 life turns out differently
"
EFTA01235158.pdf,data-set-9-files-54,
EFTA01235159.pdf,data-set-9-files-54,
EFTA01235160.pdf,data-set-9-files-54,
EFTA01235161.pdf,data-set-9-files-54,
EFTA01235162.pdf,data-set-9-files-54,"f1
"
EFTA01235163.pdf,data-set-9-files-54,
EFTA01235164.pdf,data-set-9-files-54,"ANN.-




  *Si




SW""
"
EFTA01235165.pdf,data-set-9-files-54,
EFTA01235166.pdf,data-set-9-files-54,
EFTA01235167.pdf,data-set-9-files-54,"'Iv -
"
EFTA01235168.pdf,data-set-9-files-54,
EFTA01235169.pdf,data-set-9-files-54,
EFTA01235170.pdf,data-set-9-files-54,
EFTA01235171.pdf,data-set-9-files-54,
EFTA01235172.pdf,data-set-9-files-54,"I
"
EFTA01235173.pdf,data-set-9-files-54,"11
"
EFTA01235174.pdf,data-set-9-files-54,
EFTA01235175.pdf,data-set-9-files-54,"EFTA01235175
"
EFTA01235176.pdf,data-set-9-files-54,"EFTA01235176
"
EFTA01235177.pdf,data-set-9-files-54,"EFTA01235177
"
EFTA01235178.pdf,data-set-9-files-54,
EFTA01235179.pdf,data-set-9-files-54,
EFTA01235180.pdf,data-set-9-files-54,
EFTA01235181.pdf,data-set-9-files-54,
EFTA01235182.pdf,data-set-9-files-54,
EFTA01235183.pdf,data-set-9-files-54,"II
"
EFTA01235184.pdf,data-set-9-files-54,"I
"
EFTA01235185.pdf,data-set-9-files-54,
EFTA01235186.pdf,data-set-9-files-54,"b,
"
EFTA01235187.pdf,data-set-9-files-54,"      ite
Ken
"
EFTA01235188.pdf,data-set-9-files-54,
EFTA01235189.pdf,data-set-9-files-54,
EFTA01235190.pdf,data-set-9-files-54,"ow   -ell
            1111114171
"
EFTA01235191.pdf,data-set-9-files-54,"tiL
"
EFTA01235192.pdf,data-set-9-files-54,
EFTA01235193.pdf,data-set-9-files-54,"tAK




  co,



           I


relfAR f
"
EFTA01235194.pdf,data-set-9-files-54,"Where the
lobs Are
"
EFTA01235195.pdf,data-set-9-files-54,"rntAKa   MI
"
EFTA01235196.pdf,data-set-9-files-54,
EFTA01235197.pdf,data-set-9-files-54,"\
"
EFTA01235198.pdf,data-set-9-files-54,"EFTA
"
EFTA01235199.pdf,data-set-9-files-54,
EFTA01235200.pdf,data-set-9-files-54,
EFTA01235201.pdf,data-set-9-files-54,"1
"
EFTA01235202.pdf,data-set-9-files-54,
EFTA01235203.pdf,data-set-9-files-54,
EFTA01235204.pdf,data-set-9-files-54,
EFTA01235205.pdf,data-set-9-files-54,
EFTA01235206.pdf,data-set-9-files-54,
EFTA01235207.pdf,data-set-9-files-54,
EFTA01235208.pdf,data-set-9-files-54,
EFTA01235209.pdf,data-set-9-files-54,"r
"
EFTA01235210.pdf,data-set-9-files-54,"    /

I
"
EFTA01235211.pdf,data-set-9-files-54,
EFTA01235212.pdf,data-set-9-files-54,
EFTA01235213.pdf,data-set-9-files-54,"                Jur-c,
NoTF.Boo

A hip to the movie
premiere and
a Samsung
digital
camcorder.
  details -
"
EFTA01235214.pdf,data-set-9-files-54,".it
"
EFTA01235215.pdf,data-set-9-files-54,
EFTA01235216.pdf,data-set-9-files-54,"LAUNChcast radio
R&B - Country- Today's Hits - Alt Rock
Soft Pop - Hip-Hop - My Station - more
"
EFTA01235217.pdf,data-set-9-files-54,
EFTA01235218.pdf,data-set-9-files-54,"A
"
EFTA01235219.pdf,data-set-9-files-54,"I
"
EFTA01235220.pdf,data-set-9-files-54,
EFTA01235221.pdf,data-set-9-files-54,
EFTA01235222.pdf,data-set-9-files-54,
EFTA01235223.pdf,data-set-9-files-54,
EFTA01235224.pdf,data-set-9-files-54,
EFTA01235225.pdf,data-set-9-files-54,"r
"
EFTA01235226.pdf,data-set-9-files-54,
EFTA01235227.pdf,data-set-9-files-54,
EFTA01235228.pdf,data-set-9-files-54,
EFTA01235229.pdf,data-set-9-files-54,
EFTA01235230.pdf,data-set-9-files-54,
EFTA01235231.pdf,data-set-9-files-54,
EFTA01235232.pdf,data-set-9-files-54,
EFTA01235233.pdf,data-set-9-files-54,
EFTA01235234.pdf,data-set-9-files-54,
EFTA01235235.pdf,data-set-9-files-54,
EFTA01235236.pdf,data-set-9-files-54,"rci
"
EFTA01235237.pdf,data-set-9-files-54,
EFTA01235238.pdf,data-set-9-files-54,"EFTA01235238
"
EFTA01235239.pdf,data-set-9-files-54,"EFTA01235239
"
EFTA01235240.pdf,data-set-9-files-54,"El
"
EFTA01235241.pdf,data-set-9-files-54,
EFTA01235242.pdf,data-set-9-files-54,
EFTA01235243.pdf,data-set-9-files-54,"CI
"
EFTA01235244.pdf,data-set-9-files-54,
EFTA01235245.pdf,data-set-9-files-54,
EFTA01235246.pdf,data-set-9-files-54,
EFTA01235247.pdf,data-set-9-files-54,"The flowers are blooming.




                            EFTA01235
"
EFTA01235248.pdf,data-set-9-files-54,
EFTA01235249.pdf,data-set-9-files-54,
EFTA01235250.pdf,data-set-9-files-54,
EFTA01235251.pdf,data-set-9-files-54,
EFTA01235252.pdf,data-set-9-files-54,"Pi
"
EFTA01235253.pdf,data-set-9-files-54,
EFTA01235254.pdf,data-set-9-files-54,
EFTA01235255.pdf,data-set-9-files-54,
EFTA01235256.pdf,data-set-9-files-54,"F
"
EFTA01235257.pdf,data-set-9-files-54,
EFTA01235258.pdf,data-set-9-files-54,"4
"
EFTA01235259.pdf,data-set-9-files-54,"_ea
"
EFTA01235260.pdf,data-set-9-files-54,
EFTA01235261.pdf,data-set-9-files-54,
EFTA01235262.pdf,data-set-9-files-54,
EFTA01235263.pdf,data-set-9-files-54,
EFTA01235264.pdf,data-set-9-files-54,
EFTA01235265.pdf,data-set-9-files-54,"I
"
EFTA01235266.pdf,data-set-9-files-54,
EFTA01235267.pdf,data-set-9-files-54,"fl
"
EFTA01235268.pdf,data-set-9-files-54,
EFTA01235269.pdf,data-set-9-files-54,
EFTA01235270.pdf,data-set-9-files-54,
EFTA01235271.pdf,data-set-9-files-54,"!?!M
"
EFTA01235272.pdf,data-set-9-files-54,
EFTA01235273.pdf,data-set-9-files-54,
EFTA01235274.pdf,data-set-9-files-54,"I
"
EFTA01235275.pdf,data-set-9-files-54,"/ire
       I
"
EFTA01235276.pdf,data-set-9-files-54,
EFTA01235277.pdf,data-set-9-files-54,"N
"
EFTA01235278.pdf,data-set-9-files-54,
EFTA01235279.pdf,data-set-9-files-54,
EFTA01235280.pdf,data-set-9-files-54,
EFTA01235281.pdf,data-set-9-files-54,
EFTA01235282.pdf,data-set-9-files-54,
EFTA01235283.pdf,data-set-9-files-54,
EFTA01235284.pdf,data-set-9-files-54,
EFTA01235285.pdf,data-set-9-files-54,
EFTA01235286.pdf,data-set-9-files-54,
EFTA01235287.pdf,data-set-9-files-54,
EFTA01235288.pdf,data-set-9-files-54,
EFTA01235289.pdf,data-set-9-files-54,
EFTA01235290.pdf,data-set-9-files-54,
EFTA01235291.pdf,data-set-9-files-54,
EFTA01235292.pdf,data-set-9-files-54,
EFTA01235293.pdf,data-set-9-files-54,
EFTA01235294.pdf,data-set-9-files-54,
EFTA01235295.pdf,data-set-9-files-54,
EFTA01235296.pdf,data-set-9-files-54," -




EF
"
EFTA01235297.pdf,data-set-9-files-54,
EFTA01235298.pdf,data-set-9-files-54,"1
"
EFTA01235299.pdf,data-set-9-files-54,"L
"
EFTA01235300.pdf,data-set-9-files-54,
EFTA01235301.pdf,data-set-9-files-54,
EFTA01235302.pdf,data-set-9-files-54,"V
"
EFTA01235303.pdf,data-set-9-files-54,
EFTA01235304.pdf,data-set-9-files-54,
EFTA01235305.pdf,data-set-9-files-54,"•
"
EFTA01235306.pdf,data-set-9-files-54,
EFTA01235307.pdf,data-set-9-files-54,
EFTA01235308.pdf,data-set-9-files-54,
EFTA01235309.pdf,data-set-9-files-54,
EFTA01235310.pdf,data-set-9-files-54,"roc'
"
EFTA01235311.pdf,data-set-9-files-54,
EFTA01235312.pdf,data-set-9-files-54,
EFTA01235313.pdf,data-set-9-files-54,"$
"
EFTA01235314.pdf,data-set-9-files-54,"‘1
 4
 ;e2   IV   I
"
EFTA01235315.pdf,data-set-9-files-54,"7NATALIE      NOW ON
              LYCOS MUSIC
iiIMBRUGLIA
"
EFTA01235316.pdf,data-set-9-files-54,
EFTA01235317.pdf,data-set-9-files-54,
EFTA01235318.pdf,data-set-9-files-54,
EFTA01235319.pdf,data-set-9-files-54," li,. cri
. . . l'l
"
EFTA01235320.pdf,data-set-9-files-54,
EFTA01235321.pdf,data-set-9-files-54,
EFTA01235322.pdf,data-set-9-files-54,
EFTA01235323.pdf,data-set-9-files-54,
EFTA01235324.pdf,data-set-9-files-54,"1
"
EFTA01235325.pdf,data-set-9-files-54,
EFTA01235326.pdf,data-set-9-files-54,"5
"
EFTA01235327.pdf,data-set-9-files-54,"        it
 II ONOIMa




cfl




             EFTA01235327
"
EFTA01235328.pdf,data-set-9-files-54,"FA
"
EFTA01235329.pdf,data-set-9-files-54,
EFTA01235330.pdf,data-set-9-files-54,
EFTA01235331.pdf,data-set-9-files-54,
EFTA01235332.pdf,data-set-9-files-54,"I




EF
"
EFTA01235333.pdf,data-set-9-files-54,
EFTA01235334.pdf,data-set-9-files-54,"                 ADVERTISING S UP P LEMENT

Need ideas for
"
EFTA01235335.pdf,data-set-9-files-54,
EFTA01235336.pdf,data-set-9-files-54,
EFTA01235337.pdf,data-set-9-files-54,"n
"
EFTA01235338.pdf,data-set-9-files-54,"wr
"
EFTA01235339.pdf,data-set-9-files-54,
EFTA01235340.pdf,data-set-9-files-54,
EFTA01235341.pdf,data-set-9-files-54,
EFTA01235342.pdf,data-set-9-files-54,"III
"
EFTA01235343.pdf,data-set-9-files-54,"m




•



    11
"
EFTA01235344.pdf,data-set-9-files-54,"et
"
EFTA01235345.pdf,data-set-9-files-54,
EFTA01235346.pdf,data-set-9-files-54,
EFTA01235347.pdf,data-set-9-files-54,
EFTA01235348.pdf,data-set-9-files-54,
EFTA01235349.pdf,data-set-9-files-54,
EFTA01235350.pdf,data-set-9-files-54,"FIB

 j
"
EFTA01235351.pdf,data-set-9-files-54,
EFTA01235352.pdf,data-set-9-files-54,
EFTA01235353.pdf,data-set-9-files-54,
EFTA01235354.pdf,data-set-9-files-54,
EFTA01235355.pdf,data-set-9-files-54,"•z4
"
EFTA01235356.pdf,data-set-9-files-54,
EFTA01235357.pdf,data-set-9-files-54,
EFTA01235358.pdf,data-set-9-files-54,
EFTA01235359.pdf,data-set-9-files-54,
EFTA01235360.pdf,data-set-9-files-54,
EFTA01235361.pdf,data-set-9-files-54,"a




    kik
"
EFTA01235362.pdf,data-set-9-files-54,
EFTA01235363.pdf,data-set-9-files-54,"Traditional Thai Massage
    The Rhythmic Flow of
   An Ancient Healing An




   kultsruonssi      palronn.lh
            Frew WWI Mei
                  /mkt. J Vann
                     I m 11.I I
"
EFTA01235364.pdf,data-set-9-files-54,
EFTA01235365.pdf,data-set-9-files-54,"••••••••••••••••••


  WS             •

 I • tAatte=

       d• •




 11•43=tr
"
EFTA01235366.pdf,data-set-9-files-54,"tt,
"
EFTA01235367.pdf,data-set-9-files-54,
EFTA01235368.pdf,data-set-9-files-54,
EFTA01235369.pdf,data-set-9-files-54,"I




    I
"
EFTA01235370.pdf,data-set-9-files-54,
EFTA01235371.pdf,data-set-9-files-54,
EFTA01235372.pdf,data-set-9-files-54,
EFTA01235373.pdf,data-set-9-files-54,
EFTA01235374.pdf,data-set-9-files-54,"EFTA01235374
"
EFTA01235375.pdf,data-set-9-files-54,
EFTA01235376.pdf,data-set-9-files-54,"Fel!
"
EFTA01235377.pdf,data-set-9-files-54,
EFTA01235378.pdf,data-set-9-files-54,"•-•
"
EFTA01235379.pdf,data-set-9-files-54,
EFTA01235380.pdf,data-set-9-files-54,
EFTA01235381.pdf,data-set-9-files-54,
EFTA01235382.pdf,data-set-9-files-54,"•
"
EFTA01235383.pdf,data-set-9-files-54,
EFTA01235384.pdf,data-set-9-files-54,"E
"
EFTA01235385.pdf,data-set-9-files-54,"          •       •       *
      •       t       •


      •
          • • • •
              e       •
                              •   •
          •
      • . ,
        • • •   •             •
      .     .




              I
        S •  IF •             •




                                                                      •



fij                                       s

                                          .
                                            •
                                               • ••U
                                               a
                                                 •
                                                     •




                                                  • .0
                                                     •
                                                       •
                                                          •
                                                          •
                                                          ,4
                                                             ••

                                                             •

                                         646 .• 6 • •
                                                           •
                                             •     •    •     I
                                             . .' • l
                                                           .
                                                         •        •

                                                         •        •           I
                                                         •        •
                                                 •                •
                                                 •       •        •
                                                     •       •            •
                                                         •        •
                                                     .        •           •
                                                         •        •
                                             •       •        •           •
                                                 •       •        •
                                             •       •        •           •
                                                 •       •        •           I
                                             •       •        •           •
                                         *
                                             •       **pea l
                                                         *gee




                                      EFTA01235385
"
EFTA01235386.pdf,data-set-9-files-54,"EFTA01235386
"
EFTA01235387.pdf,data-set-9-files-54,
EFTA01235388.pdf,data-set-9-files-54,"emir   f
"
EFTA01235389.pdf,data-set-9-files-54,"I
"
EFTA01235390.pdf,data-set-9-files-54,
EFTA01235391.pdf,data-set-9-files-54,
EFTA01235392.pdf,data-set-9-files-54,
EFTA01235393.pdf,data-set-9-files-54,"B
"
EFTA01235394.pdf,data-set-9-files-54,"111
"
EFTA01235395.pdf,data-set-9-files-54,
EFTA01235396.pdf,data-set-9-files-54,"A
"
EFTA01235397.pdf,data-set-9-files-54,
EFTA01235398.pdf,data-set-9-files-54,
EFTA01235399.pdf,data-set-9-files-54,
EFTA01235400.pdf,data-set-9-files-54,"EF
"
EFTA01235401.pdf,data-set-9-files-54,"8.7
"
EFTA01235402.pdf,data-set-9-files-54,
EFTA01235403.pdf,data-set-9-files-54,
EFTA01235404.pdf,data-set-9-files-54,
EFTA01235405.pdf,data-set-9-files-54,"RRTIST   SPOTLIGHT:             THE VOICE OF SOUNDGFIRDEN,
                                                               „Or
                                       THE POWER OF RAGE

AUDIIISLAVE                            AGAINST THE
                                       MACHINE
                                                                     .c4
DO WNLOAD   THEIR   FIRST   SINGLE   WRTCH    THE   NEW      VIDEO. BUY   THEIR   CD.
"
EFTA01235406.pdf,data-set-9-files-54,
EFTA01235407.pdf,data-set-9-files-54,
EFTA01235408.pdf,data-set-9-files-54,"■
"
EFTA01235409.pdf,data-set-9-files-54,
EFTA01235410.pdf,data-set-9-files-54,
EFTA01235411.pdf,data-set-9-files-54,"li
"
EFTA01235412.pdf,data-set-9-files-54,
EFTA01235413.pdf,data-set-9-files-54,
EFTA01235414.pdf,data-set-9-files-54,
EFTA01235415.pdf,data-set-9-files-54,"7=1
      II
"
EFTA01235416.pdf,data-set-9-files-54,
EFTA01235417.pdf,data-set-9-files-54,
EFTA01235418.pdf,data-set-9-files-54,"S




    -N
"
EFTA01235419.pdf,data-set-9-files-54,
EFTA01235420.pdf,data-set-9-files-54,"IS
"
EFTA01235421.pdf,data-set-9-files-54,"EFTA01235421
"
EFTA01235422.pdf,data-set-9-files-54,
EFTA01235423.pdf,data-set-9-files-54,"!..
"
EFTA01235424.pdf,data-set-9-files-54,
EFTA01235425.pdf,data-set-9-files-54,
EFTA01235426.pdf,data-set-9-files-54,
EFTA01235427.pdf,data-set-9-files-54,
EFTA01235428.pdf,data-set-9-files-54,
EFTA01235429.pdf,data-set-9-files-54,
EFTA01235430.pdf,data-set-9-files-54,
EFTA01235431.pdf,data-set-9-files-54,
EFTA01235432.pdf,data-set-9-files-54,
EFTA01235433.pdf,data-set-9-files-54,
EFTA01235434.pdf,data-set-9-files-54,
EFTA01235435.pdf,data-set-9-files-54,
EFTA01235436.pdf,data-set-9-files-54,
EFTA01235437.pdf,data-set-9-files-54,"A
"
EFTA01235438.pdf,data-set-9-files-54,
EFTA01235439.pdf,data-set-9-files-54,
EFTA01235440.pdf,data-set-9-files-54,
EFTA01235441.pdf,data-set-9-files-54,
EFTA01235442.pdf,data-set-9-files-54,
EFTA01235443.pdf,data-set-9-files-54,"I
"
EFTA01235444.pdf,data-set-9-files-54,
EFTA01235445.pdf,data-set-9-files-54,
EFTA01235446.pdf,data-set-9-files-54,
EFTA01235447.pdf,data-set-9-files-54,
EFTA01235448.pdf,data-set-9-files-54,
EFTA01235449.pdf,data-set-9-files-54,"to.
"
EFTA01235450.pdf,data-set-9-files-54,
EFTA01235451.pdf,data-set-9-files-54,"i
"
EFTA01235452.pdf,data-set-9-files-54,
EFTA01235453.pdf,data-set-9-files-54,"#
"
EFTA01235454.pdf,data-set-9-files-54,"  ,_   Why wait?
iLd  Move to EarthLink.
"
EFTA01235455.pdf,data-set-9-files-54,
EFTA01235456.pdf,data-set-9-files-54,
EFTA01235457.pdf,data-set-9-files-54,"an   _
"
EFTA01235458.pdf,data-set-9-files-54,"Pr
"
EFTA01235459.pdf,data-set-9-files-54,"-1   1
"
EFTA01235460.pdf,data-set-9-files-54,"1
"
EFTA01235461.pdf,data-set-9-files-54,
EFTA01235462.pdf,data-set-9-files-54,
EFTA01235463.pdf,data-set-9-files-54,
EFTA01235464.pdf,data-set-9-files-54,
EFTA01235465.pdf,data-set-9-files-54,
EFTA01235466.pdf,data-set-9-files-54,"T•
"
EFTA01235467.pdf,data-set-9-files-54,
EFTA01235468.pdf,data-set-9-files-54,
EFTA01235469.pdf,data-set-9-files-54,
EFTA01235470.pdf,data-set-9-files-54,
EFTA01235471.pdf,data-set-9-files-54,
EFTA01235472.pdf,data-set-9-files-54,
EFTA01235473.pdf,data-set-9-files-54,
EFTA01235474.pdf,data-set-9-files-54,"I   ,, iti   iiiii..
"
EFTA01235475.pdf,data-set-9-files-54,
EFTA01235476.pdf,data-set-9-files-54,"IMX I AG
"
EFTA01235477.pdf,data-set-9-files-54,
EFTA01235478.pdf,data-set-9-files-54,
EFTA01235479.pdf,data-set-9-files-54,"I
"
EFTA01235480.pdf,data-set-9-files-54,
EFTA01235481.pdf,data-set-9-files-54,"A
"
EFTA01235482.pdf,data-set-9-files-54,"I
"
EFTA01235483.pdf,data-set-9-files-54,"=
"
EFTA01235484.pdf,data-set-9-files-54,"  *
ist>7)
l
"
EFTA01235485.pdf,data-set-9-files-54,
EFTA01235486.pdf,data-set-9-files-54,
EFTA01235487.pdf,data-set-9-files-54,
EFTA01235488.pdf,data-set-9-files-54,"ild
"
EFTA01235489.pdf,data-set-9-files-54,"MI
"
EFTA01235490.pdf,data-set-9-files-54,
EFTA01235491.pdf,data-set-9-files-54,
EFTA01235492.pdf,data-set-9-files-54,
EFTA01235493.pdf,data-set-9-files-54,
EFTA01235494.pdf,data-set-9-files-54,
EFTA01235495.pdf,data-set-9-files-54,"I
"
EFTA01235496.pdf,data-set-9-files-54,"Is
"
EFTA01235497.pdf,data-set-9-files-54,
EFTA01235498.pdf,data-set-9-files-54,"PI
"
EFTA01235499.pdf,data-set-9-files-54,
EFTA01235500.pdf,data-set-9-files-54,
EFTA01235501.pdf,data-set-9-files-54,"W
"
EFTA01235502.pdf,data-set-9-files-54,"S
"
EFTA01235503.pdf,data-set-9-files-54,"                                            •..
Live Better.                EarthLinkHealthChannel
     Feel Better.
          Enjoy Yourself.          a
"
EFTA01235504.pdf,data-set-9-files-54,
EFTA01235505.pdf,data-set-9-files-54,"!1\
"
EFTA01235506.pdf,data-set-9-files-54,
EFTA01235507.pdf,data-set-9-files-54,"                rn_evrAl.c_
                                   Stan-                  a --ten Let
                      ensi://-5                        Set-eit
    frern..
               oc--                 tae
                                                                       tazwite_

                                                              4 17f-gt
                 al e 2-4          4* 71-e ""frelnle)
( 46'
                                                 t        A
                                                                              /Mir:pa
yfizicia-thc:H/4 Zee( y-tc acra.- —
                            ite., ita.o         t,,C
a .„6-6 ,00-f-z.„ a --a- nc                                                     2c,„
                                                  on i, a• -: 1
                                                              7 -WeieeCi:a--CX1-
                                        coc-ce ev
                      nts-*/ (--
4 tneLet       'fr
                                             - yzenr-fres
a_             -e-fe-7 / C12-7-a-aDZ.
                         e /e
         .4.c,4_2eete2yfiretev a _ ra
                                      'etc
                                      ,, z )2 t5 -07 -g fi c Q _
     .0e.e
     ne-                                                                     rige-e
                                              etett4n 4
                                                              crno-reel, op
                                                                     ac,toz gd
                       re tr        e 1ezd
     laea-teed a4;1€ P
                                                                  ,/
                                            fte-,      J /WA
                ee,""a_       .9-)erine,;(1U
          (0
                                       0 /k r pa'                      ncar
                           /14 -0 4 -0
An-nota4e, ea-eez 00 -4 -14
                                       1<:•47        4c10 942fr `gr
        dr_ c iefueitCa-r


                                                                              •



                              (21O ciao 15""ce"").




                                                                            EFTA01235507
"
EFTA01235508.pdf,data-set-9-files-54,
EFTA01235509.pdf,data-set-9-files-54,
EFTA01235510.pdf,data-set-9-files-54,
EFTA01235511.pdf,data-set-9-files-54,"School Night at
the Apple Store

          vVatch the
          QuickTime
"
EFTA01235512.pdf,data-set-9-files-54,
EFTA01235513.pdf,data-set-9-files-54,"t
"
EFTA01235514.pdf,data-set-9-files-54,
EFTA01235515.pdf,data-set-9-files-54,"I
"
EFTA01235516.pdf,data-set-9-files-54,
EFTA01235517.pdf,data-set-9-files-54,
EFTA01235518.pdf,data-set-9-files-54,
EFTA01235519.pdf,data-set-9-files-54,
EFTA01235520.pdf,data-set-9-files-54,
EFTA01235521.pdf,data-set-9-files-54,
